openEpochMillis,closeEpochMillis,open,high,low,close,volume,sourceBars
1422828000000,1422828479000,1.50898,1.50969,1.50791,1.50801,427490000,8
1422828480000,1422828959000,1.50801,1.5082,1.50773,1.5082,275760000,8
1422828960000,1422829439000,1.50821,1.5091,1.50814,1.50888,751520000,8
1422829440000,1422829919000,1.50886,1.50889,1.50806,1.50818,984890000,8
1422829920000,1422830399000,1.50817,1.50884,1.50803,1.50853,1047200000,8
1422830400000,1422830879000,1.50856,1.50867,1.50763,1.50824,908280000,8
1422830880000,1422831359000,1.50825,1.50912,1.50761,1.50847,1232360000,8
1422831360000,1422831839000,1.50846,1.50908,1.50798,1.50837,565080000,8
1422831840000,1422832319000,1.50837,1.50842,1.50765,1.508,540610000,8
1422832320000,1422832799000,1.508,1.50802,1.5077,1.5078,201940000,8
1422832800000,1422833279000,1.5078,1.50815,1.5078,1.50798,277600000,8
1422833280000,1422833759000,1.50801,1.5082,1.50754,1.50775,345180000,8
1422833760000,1422834239000,1.50775,1.50812,1.50767,1.50812,253050000,8
1422834240000,1422834719000,1.50812,1.50856,1.50802,1.50811,236490000,8
1422834720000,1422835199000,1.50811,1.5086,1.50808,1.50836,217250000,8
1422835200000,1422835679000,1.50836,1.50836,1.50765,1.50766,289060000,8
1422835680000,1422836159000,1.50766,1.50802,1.50756,1.50774,243210000,8
1422836160000,1422836639000,1.50774,1.50797,1.50755,1.50769,224040000,8
1422836640000,1422837119000,1.50768,1.50785,1.50752,1.50755,277220000,8
1422837120000,1422837599000,1.50755,1.50783,1.50755,1.50771,204580000,8
1422837600000,1422838079000,1.5077,1.50781,1.5076,1.50781,116600000,8
1422838080000,1422838559000,1.50781,1.50796,1.50713,1.50751,300480000,8
1422838560000,1422839039000,1.50751,1.50858,1.50742,1.50828,375860000,8
1422839040000,1422839519000,1.50827,1.50829,1.50799,1.508,246540000,8
1422839520000,1422839999000,1.508,1.50808,1.50787,1.50787,216050000,8
1422840000000,1422840479000,1.50789,1.50803,1.5077,1.5077,165030000,8
1422840480000,1422840959000,1.50774,1.50782,1.50764,1.50775,227750000,8
1422840960000,1422841439000,1.50775,1.50804,1.50763,1.50792,234800000,8
1422841440000,1422841919000,1.50792,1.50827,1.50734,1.50736,346310000,8
1422841920000,1422842399000,1.50739,1.50776,1.50723,1.50774,241020000,8
1422842400000,1422842879000,1.50774,1.50786,1.50767,1.50779,231390000,8
1422842880000,1422843359000,1.50778,1.50833,1.50771,1.50831,269190000,8
1422843360000,1422843839000,1.50831,1.50866,1.50815,1.50815,191340000,8
1422843840000,1422844319000,1.50815,1.50815,1.50755,1.50785,289250000,8
1422844320000,1422844799000,1.50786,1.50818,1.50779,1.50808,138680000,8
1422844800000,1422845279000,1.50807,1.50839,1.50777,1.50803,298050000,8
1422845280000,1422845759000,1.50805,1.50821,1.50784,1.508,191390000,8
1422845760000,1422846239000,1.508,1.50835,1.5076,1.50783,422110000,8
1422846240000,1422846719000,1.50783,1.50784,1.50732,1.50762,373290000,8
1422846720000,1422847199000,1.50762,1.50791,1.50755,1.50775,342820000,8
1422847200000,1422847679000,1.50776,1.50787,1.50747,1.50782,360190000,8
1422847680000,1422848159000,1.50783,1.50783,1.50753,1.50753,248110000,8
1422848160000,1422848639000,1.5075,1.50784,1.50736,1.50776,253440000,8
1422848640000,1422849119000,1.50776,1.50805,1.50775,1.50803,139950000,8
1422849120000,1422849599000,1.50803,1.50824,1.50802,1.50802,98410000,8
1422849600000,1422850079000,1.50801,1.50809,1.50771,1.50806,168350000,8
1422850080000,1422850559000,1.50806,1.50825,1.50801,1.5082,149900000,8
1422850560000,1422851039000,1.50819,1.50839,1.50802,1.50816,176200000,8
1422851040000,1422851519000,1.50816,1.50828,1.50805,1.50805,85370000,8
1422851520000,1422851999000,1.50806,1.50825,1.50792,1.50792,132440000,8
1422852000000,1422852479000,1.50792,1.5083,1.50792,1.50826,207790000,8
1422852480000,1422852959000,1.50826,1.50832,1.50784,1.50787,173750000,8
1422852960000,1422853439000,1.5079,1.50791,1.50771,1.50772,127940000,8
1422853440000,1422853919000,1.50777,1.50792,1.50768,1.50789,151900000,8
1422853920000,1422854399000,1.50791,1.50797,1.50788,1.50793,200730000,8
1422854400000,1422854879000,1.50793,1.50805,1.5078,1.50782,147090000,8
1422854880000,1422855359000,1.50782,1.50784,1.50772,1.50775,179530000,8
1422855360000,1422855839000,1.50775,1.50779,1.50768,1.50769,87380000,8
1422855840000,1422856319000,1.50769,1.50778,1.50764,1.50774,92520000,8
1422856320000,1422856799000,1.50773,1.50785,1.5074,1.50768,239150000,8
1422856800000,1422857279000,1.50768,1.50768,1.50719,1.50741,276360000,8
1422857280000,1422857759000,1.50743,1.50816,1.50741,1.50816,146150000,8
1422857760000,1422858239000,1.50815,1.50815,1.50733,1.50742,282610000,8
1422858240000,1422858719000,1.50742,1.50761,1.5074,1.50749,233220000,8
1422858720000,1422859199000,1.50749,1.50779,1.50722,1.50758,893190000,8
1422859200000,1422859679000,1.50758,1.50758,1.50698,1.5071,593820000,8
1422859680000,1422860159000,1.5071,1.50746,1.50708,1.50739,1203740000,8
1422860160000,1422860639000,1.50739,1.5076,1.50631,1.50656,1751650000,8
1422860640000,1422861119000,1.50656,1.50697,1.50628,1.5067,1630100000,8
1422861120000,1422861599000,1.5067,1.50687,1.50574,1.50581,1973620000,8
1422861600000,1422862079000,1.50581,1.50624,1.50546,1.50553,2936830000,8
1422862080000,1422862559000,1.50553,1.50567,1.50456,1.50498,2667210000,8
1422862560000,1422863039000,1.50497,1.50574,1.50491,1.50541,1851650000,8
1422863040000,1422863519000,1.50541,1.50617,1.50534,1.50559,2468160000,8
1422863520000,1422863999000,1.50558,1.5058,1.50384,1.50438,2844540000,8
1422864000000,1422864479000,1.50437,1.50502,1.50422,1.50454,1979940000,8
1422864480000,1422864959000,1.50452,1.50651,1.50442,1.50602,2969620000,8
1422864960000,1422865439000,1.50603,1.50608,1.50479,1.50528,2697240000,8
1422865440000,1422865919000,1.50529,1.50592,1.50454,1.50549,2599530000,8
1422865920000,1422866399000,1.50547,1.50547,1.50381,1.50455,3362130000,8
1422866400000,1422866879000,1.50455,1.50458,1.50355,1.50429,2291170000,8
1422866880000,1422867359000,1.50431,1.5047,1.50393,1.50461,2149130000,8
1422867360000,1422867839000,1.50463,1.50501,1.50393,1.50416,2510970000,8
1422867840000,1422868319000,1.50416,1.50425,1.50368,1.50376,2549310000,8
1422868320000,1422868799000,1.50376,1.50409,1.50302,1.50398,2318560000,8
1422868800000,1422869279000,1.504,1.50489,1.50351,1.50485,1768450000,8
1422869280000,1422869759000,1.50482,1.50763,1.50405,1.50751,2995630000,8
1422869760000,1422870239000,1.5075,1.50878,1.50721,1.50746,2274150000,8
1422870240000,1422870719000,1.50749,1.50759,1.50613,1.50615,2542970000,8
1422870720000,1422871199000,1.50615,1.50633,1.50093,1.50094,3373150000,8
1422871200000,1422871679000,1.50093,1.50267,1.50054,1.50166,4812520000,8
1422871680000,1422872159000,1.50167,1.50199,1.50075,1.50165,2644610000,8
1422872160000,1422872639000,1.50165,1.50233,1.5014,1.50222,1978960000,8
1422872640000,1422873119000,1.50224,1.5028,1.50208,1.50252,2257420000,8
1422873120000,1422873599000,1.50253,1.50326,1.50195,1.50318,1420480000,8
1422873600000,1422874079000,1.50318,1.50321,1.50264,1.50287,1677270000,8
1422874080000,1422874559000,1.50289,1.50302,1.50225,1.50241,1690530000,8
1422874560000,1422875039000,1.50241,1.50246,1.50127,1.50211,2139750000,8
1422875040000,1422875519000,1.50212,1.5029,1.50205,1.50268,1701520000,8
1422875520000,1422875999000,1.50268,1.50366,1.50245,1.50292,2029530000,8
1422876000000,1422876479000,1.50292,1.50314,1.50176,1.50176,2236550000,8
1422876480000,1422876959000,1.50176,1.50241,1.50094,1.50166,1465590000,8
1422876960000,1422877439000,1.50167,1.50169,1.50075,1.50097,1498220000,8
1422877440000,1422877919000,1.50097,1.50153,1.50065,1.50153,1473230000,8
1422877920000,1422878399000,1.50153,1.50247,1.5015,1.50246,1883120000,8
1422878400000,1422878879000,1.50245,1.5029,1.50167,1.5029,2877240000,8
1422878880000,1422879359000,1.5029,1.50318,1.50168,1.50172,1784010000,8
1422879360000,1422879839000,1.50172,1.50196,1.50138,1.50158,1785720000,8
1422879840000,1422880319000,1.50157,1.50192,1.50076,1.50079,1207040000,8
1422880320000,1422880799000,1.5008,1.50168,1.50072,1.50076,1898230000,8
1422880800000,1422881279000,1.50077,1.50154,1.50056,1.50149,1193790000,8
1422881280000,1422881759000,1.50149,1.50191,1.50079,1.50176,1505010000,8
1422881760000,1422882239000,1.50176,1.50208,1.50142,1.50176,1521330000,8
1422882240000,1422882719000,1.50176,1.50216,1.50156,1.50198,1487490000,8
1422882720000,1422883199000,1.50199,1.50259,1.50182,1.50214,2025980000,8
1422883200000,1422883679000,1.50214,1.50295,1.50177,1.50267,2039630000,8
1422883680000,1422884159000,1.50267,1.5032,1.50206,1.50301,2635340000,8
1422884160000,1422884639000,1.503,1.5032,1.5027,1.50311,1674730000,8
1422884640000,1422885119000,1.50311,1.50317,1.50239,1.50291,1972940000,8
1422885120000,1422885599000,1.50291,1.50378,1.50267,1.50354,2357160000,8
1422885600000,1422886079000,1.50354,1.50433,1.50324,1.50433,2788500000,8
1422886080000,1422886559000,1.50432,1.50465,1.50375,1.50382,2096050000,8
1422886560000,1422887039000,1.50382,1.50463,1.50371,1.50433,2043920000,8
1422887040000,1422887519000,1.50433,1.50453,1.50394,1.50413,1934420000,8
1422887520000,1422887999000,1.50411,1.50421,1.50331,1.50342,3293440000,8
1422888000000,1422888479000,1.50345,1.50439,1.50325,1.50435,2081170000,8
1422888480000,1422888959000,1.50436,1.50681,1.50427,1.50666,3355930000,8
1422888960000,1422889439000,1.50666,1.50782,1.50583,1.50738,4626780000,8
1422889440000,1422889919000,1.50747,1.50834,1.50669,1.50728,4356770000,8
1422889920000,1422890399000,1.50728,1.50736,1.50555,1.50569,3408360000,8
1422890400000,1422890879000,1.50565,1.50602,1.50491,1.50493,2814660000,8
1422890880000,1422891359000,1.50493,1.50578,1.50471,1.50563,2825720000,8
1422891360000,1422891839000,1.50568,1.50655,1.50553,1.50622,2367600000,8
1422891840000,1422892319000,1.50618,1.50705,1.50592,1.50598,2246740000,8
1422892320000,1422892799000,1.50598,1.50641,1.50315,1.50343,3304540000,8
1422892800000,1422893279000,1.50344,1.5042,1.5031,1.50352,3046590000,8
1422893280000,1422893759000,1.50352,1.50372,1.50134,1.50143,3007840000,8
1422893760000,1422894239000,1.50143,1.5021,1.50102,1.50108,1673080000,8
1422894240000,1422894719000,1.50107,1.50222,1.50096,1.50218,2243140000,8
1422894720000,1422895199000,1.5022,1.50245,1.50136,1.50142,1937100000,8
1422895200000,1422895679000,1.50144,1.50187,1.50125,1.50155,1687070000,8
1422895680000,1422896159000,1.50154,1.503,1.50154,1.50278,1428380000,8
1422896160000,1422896639000,1.50277,1.50322,1.50228,1.50318,1251650000,8
1422896640000,1422897119000,1.50318,1.50404,1.50259,1.50386,954590000,8
1422897120000,1422897599000,1.50387,1.50387,1.50229,1.50247,818780000,8
1422897600000,1422898079000,1.50247,1.50301,1.50196,1.50196,846130000,8
1422898080000,1422898559000,1.50196,1.50223,1.50145,1.50197,793930000,8
1422898560000,1422899039000,1.50197,1.50256,1.50176,1.50254,742490000,8
1422899040000,1422899519000,1.50254,1.50314,1.50226,1.50288,761620000,8
1422899520000,1422899999000,1.50288,1.50288,1.50208,1.50268,568980000,8
1422900000000,1422900479000,1.50268,1.50289,1.50205,1.50225,526250000,8
1422900480000,1422900959000,1.50229,1.50251,1.50212,1.50235,321970000,8
1422900960000,1422901439000,1.50235,1.50247,1.50206,1.50206,600560000,8
1422901440000,1422901919000,1.50206,1.50293,1.50197,1.50283,575670000,8
1422901920000,1422902399000,1.50283,1.50359,1.50269,1.50351,333960000,8
1422902400000,1422902879000,1.5035,1.50473,1.50344,1.50473,595950000,8
1422902880000,1422903359000,1.50473,1.50496,1.50424,1.50431,752280000,8
1422903360000,1422903839000,1.5043,1.5044,1.50333,1.50365,939510000,8
1422903840000,1422904319000,1.50366,1.50459,1.50358,1.50449,551980000,8
1422904320000,1422904799000,1.50449,1.50454,1.50382,1.50393,617280000,8
1422904800000,1422905279000,1.50393,1.50409,1.50361,1.50363,393030000,8
1422905280000,1422905759000,1.50363,1.50394,1.50355,1.50374,436100000,8
1422905760000,1422906239000,1.50375,1.50441,1.50363,1.50435,718610000,8
1422906240000,1422906719000,1.50436,1.50476,1.50405,1.50414,426500000,8
1422906720000,1422907199000,1.50415,1.50425,1.5036,1.50364,561350000,8
1422907200000,1422907679000,1.50363,1.50373,1.50301,1.50334,599030000,8
1422907680000,1422908159000,1.50334,1.50354,1.50315,1.50343,723780000,8
1422908160000,1422908639000,1.50343,1.50343,1.50278,1.5034,484590000,8
1422908640000,1422909119000,1.50342,1.50363,1.50318,1.50338,380590000,8
1422909120000,1422909599000,1.50338,1.50353,1.50283,1.50312,633290000,8
1422909600000,1422910079000,1.50309,1.5034,1.50295,1.50296,489870000,8
1422910080000,1422910559000,1.50296,1.50305,1.50208,1.50219,497420000,8
1422910560000,1422911039000,1.50218,1.50242,1.5019,1.50194,344760000,8
1422911040000,1422911519000,1.50194,1.50283,1.50194,1.50283,393490000,8
1422911520000,1422911999000,1.50283,1.50302,1.50279,1.50281,309390000,8
1422912000000,1422912479000,1.50281,1.5029,1.50261,1.50266,343550000,8
1422912480000,1422912959000,1.5027,1.50333,1.50266,1.50333,425230000,8
1422912960000,1422913439000,1.50338,1.50382,1.50329,1.50375,624910000,8
1422913440000,1422913919000,1.50375,1.50377,1.50326,1.50345,1144390000,8
1422913920000,1422914399000,1.50345,1.50383,1.50337,1.50383,630250000,8
1422914400000,1422914879000,1.50381,1.50434,1.50283,1.50324,1396490000,8
1422914880000,1422915359000,1.50323,1.50433,1.50248,1.50373,1039880000,8
1422915360000,1422915839000,1.50368,1.50411,1.50368,1.50384,291080000,8
1422915840000,1422916319000,1.50384,1.50398,1.50374,1.50382,62300000,8
1422916320000,1422916799000,1.50382,1.50397,1.50285,1.50285,591340000,8
1422916800000,1422917279000,1.50275,1.50342,1.50258,1.50302,345190000,8
1422917280000,1422917759000,1.50299,1.50308,1.5022,1.50296,435170000,8
1422917760000,1422918239000,1.50304,1.50336,1.50227,1.50298,1002860000,8
1422918240000,1422918719000,1.50298,1.5035,1.50293,1.50344,650030000,8
1422918720000,1422919199000,1.50344,1.50362,1.50337,1.50356,587450000,8
1422919200000,1422919679000,1.50357,1.50358,1.50321,1.50322,237840000,8
1422919680000,1422920159000,1.50321,1.50332,1.50297,1.50323,222180000,8
1422920160000,1422920639000,1.50322,1.50322,1.50284,1.50284,254300000,8
1422920640000,1422921119000,1.50284,1.50301,1.50254,1.5026,192090000,8
1422921120000,1422921599000,1.5026,1.50265,1.5025,1.5026,97100000,8
1422921600000,1422922079000,1.5026,1.50262,1.50247,1.50251,230620000,8
1422922080000,1422922559000,1.50249,1.50292,1.50249,1.50289,259610000,8
1422922560000,1422923039000,1.50289,1.50306,1.50282,1.50306,143490000,8
1422923040000,1422923519000,1.50306,1.5031,1.50301,1.50304,128820000,8
1422923520000,1422923999000,1.50302,1.50334,1.50297,1.50328,230510000,8
1422924000000,1422924479000,1.50328,1.50333,1.50274,1.50328,413990000,8
1422924480000,1422924959000,1.50328,1.50413,1.50328,1.50408,427220000,8
1422924960000,1422925439000,1.50407,1.50408,1.50324,1.50398,749310000,8
1422925440000,1422925919000,1.50399,1.50402,1.50359,1.50372,263850000,8
1422925920000,1422926399000,1.50372,1.50398,1.50344,1.50377,501830000,8
1422926400000,1422926879000,1.50378,1.50407,1.50374,1.50404,322820000,8
1422926880000,1422927359000,1.50404,1.50409,1.5034,1.50364,361420000,8
1422927360000,1422927839000,1.50364,1.5041,1.50364,1.50386,441370000,8
1422927840000,1422928319000,1.50385,1.50413,1.50382,1.50404,291080000,8
1422928320000,1422928799000,1.50404,1.50418,1.50382,1.50382,201830000,8
1422928800000,1422929279000,1.50381,1.50392,1.50379,1.50386,139040000,8
1422929280000,1422929759000,1.50386,1.50417,1.50382,1.50414,327840000,8
1422929760000,1422930239000,1.50414,1.50421,1.50392,1.50416,302580000,8
1422930240000,1422930719000,1.50411,1.50422,1.50396,1.50408,549620000,8
1422930720000,1422931199000,1.50408,1.50411,1.50379,1.50387,359980000,8
1422931200000,1422931679000,1.50387,1.50404,1.50382,1.50397,297010000,8
1422931680000,1422932159000,1.50397,1.50402,1.50368,1.50372,313230000,8
1422932160000,1422932639000,1.5037,1.50388,1.50369,1.50382,471250000,8
1422932640000,1422933119000,1.50382,1.50394,1.50378,1.50384,333120000,8
1422933120000,1422933599000,1.50384,1.50404,1.50378,1.50378,378700000,8
1422933600000,1422934079000,1.50378,1.50401,1.50373,1.50387,371630000,8
1422934080000,1422934559000,1.50387,1.50402,1.50292,1.50301,1234550000,8
1422934560000,1422935039000,1.50301,1.50335,1.50271,1.50311,1048340000,8
1422935040000,1422935519000,1.50311,1.50349,1.50277,1.50282,940010000,8
1422935520000,1422935999000,1.50287,1.5029,1.50231,1.50235,883060000,8
1422936000000,1422936479000,1.50235,1.50271,1.50185,1.50269,1018900000,8
1422936480000,1422936959000,1.50268,1.50274,1.50204,1.50225,762910000,8
1422936960000,1422937439000,1.50223,1.50273,1.50214,1.50251,827290000,8
1422937440000,1422937919000,1.50251,1.50253,1.50222,1.50223,462760000,8
1422937920000,1422938399000,1.50221,1.50254,1.50201,1.50207,692350000,8
1422938400000,1422938879000,1.50207,1.50207,1.5014,1.50185,643500000,8
1422938880000,1422939359000,1.50185,1.50214,1.50182,1.50205,535110000,8
1422939360000,1422939839000,1.50207,1.50231,1.50156,1.50165,311530000,8
1422939840000,1422940319000,1.50165,1.50185,1.50142,1.50173,352290000,8
1422940320000,1422940799000,1.50173,1.50194,1.50156,1.50168,355200000,8
1422940800000,1422941279000,1.50168,1.50189,1.50151,1.5017,347950000,8
1422941280000,1422941759000,1.5017,1.50177,1.50149,1.50174,269800000,8
1422941760000,1422942239000,1.50174,1.50191,1.50152,1.50164,413050000,8
1422942240000,1422942719000,1.50163,1.50193,1.50162,1.50189,339120000,8
1422942720000,1422943199000,1.50189,1.50208,1.50189,1.50208,119690000,8
1422943200000,1422943679000,1.50209,1.50211,1.50191,1.50198,332790000,8
1422943680000,1422944159000,1.50197,1.50197,1.50141,1.50161,350940000,8
1422944160000,1422944639000,1.50159,1.50194,1.50138,1.50156,310190000,8
1422944640000,1422945119000,1.50156,1.50169,1.50137,1.50163,286980000,8
1422945120000,1422945599000,1.50163,1.50184,1.50154,1.50173,1110000000,8
1422945600000,1422946079000,1.50174,1.50216,1.50165,1.50213,1054880000,8
1422946080000,1422946559000,1.50215,1.50267,1.50209,1.50267,866790000,8
1422946560000,1422947039000,1.5027,1.50285,1.50242,1.50245,715020000,8
1422947040000,1422947519000,1.50247,1.50287,1.50223,1.50234,1392240000,8
1422947520000,1422947999000,1.50233,1.50287,1.50178,1.50212,2087580000,8
1422948000000,1422948479000,1.50212,1.50261,1.50197,1.50247,1768390000,8
1422948480000,1422948959000,1.50247,1.50258,1.50154,1.50184,1407090000,8
1422948960000,1422949439000,1.50185,1.50212,1.50092,1.50162,1385030000,8
1422949440000,1422949919000,1.50165,1.50183,1.49883,1.49936,2597440000,8
1422949920000,1422950399000,1.49934,1.50026,1.49915,1.49994,1680730000,8
1422950400000,1422950879000,1.49995,1.50102,1.49961,1.50084,1824870000,8
1422950880000,1422951359000,1.50084,1.50194,1.50073,1.50169,2785910000,8
1422951360000,1422951839000,1.5017,1.50294,1.50133,1.50209,3070500000,8
1422951840000,1422952319000,1.50207,1.50219,1.50122,1.50164,2439880000,8
1422952320000,1422952799000,1.50163,1.5031,1.50147,1.50266,1844050000,8
1422952800000,1422953279000,1.50266,1.50393,1.50247,1.50253,2388460000,8
1422953280000,1422953759000,1.50253,1.5028,1.50003,1.50072,3402380000,8
1422953760000,1422954239000,1.50073,1.50163,1.50061,1.50114,3425280000,8
1422954240000,1422954719000,1.5011,1.50214,1.50108,1.50161,2761040000,8
1422954720000,1422955199000,1.50162,1.5019,1.5013,1.50144,1743000000,8
1422955200000,1422955679000,1.50144,1.50152,1.49992,1.49992,1961020000,8
1422955680000,1422956159000,1.49991,1.50227,1.49946,1.50186,3101450000,8
1422956160000,1422956639000,1.50184,1.50189,1.50105,1.50135,2444450000,8
1422956640000,1422957119000,1.50137,1.5016,1.50078,1.50155,2478790000,8
1422957120000,1422957599000,1.50155,1.5021,1.501,1.50178,1923510000,8
1422957600000,1422958079000,1.50177,1.50398,1.50174,1.50354,2073290000,8
1422958080000,1422958559000,1.50352,1.5039,1.50325,1.50388,2160440000,8
1422958560000,1422959039000,1.50388,1.50463,1.50334,1.50334,1488280000,8
1422959040000,1422959519000,1.50336,1.50383,1.50302,1.50353,2007490000,8
1422959520000,1422959999000,1.50353,1.50484,1.50342,1.50464,2016340000,8
1422960000000,1422960479000,1.50466,1.50624,1.50448,1.50549,2262220000,8
1422960480000,1422960959000,1.5055,1.50603,1.5053,1.50538,1424650000,8
1422960960000,1422961439000,1.50539,1.50588,1.50534,1.50583,1701610000,8
1422961440000,1422961919000,1.50587,1.50681,1.5058,1.50612,1506650000,8
1422961920000,1422962399000,1.50611,1.50664,1.50582,1.50637,1046370000,8
1422962400000,1422962879000,1.50638,1.50669,1.50604,1.50631,1266990000,8
1422962880000,1422963359000,1.50629,1.50658,1.50604,1.50604,1094520000,8
1422963360000,1422963839000,1.50607,1.50611,1.50513,1.50513,1347880000,8
1422963840000,1422964319000,1.50513,1.50648,1.50513,1.50592,987270000,8
1422964320000,1422964799000,1.50589,1.50622,1.50534,1.50591,1385590000,8
1422964800000,1422965279000,1.50594,1.50766,1.50594,1.50742,2392030000,8
1422965280000,1422965759000,1.50742,1.5078,1.50719,1.50753,1222710000,8
1422965760000,1422966239000,1.50753,1.50809,1.50745,1.50745,1818810000,8
1422966240000,1422966719000,1.50745,1.5076,1.50705,1.50713,2241550000,8
1422966720000,1422967199000,1.50713,1.50779,1.50684,1.50775,1407410000,8
1422967200000,1422967679000,1.50775,1.50796,1.5073,1.50741,1419940000,8
1422967680000,1422968159000,1.5074,1.50745,1.50689,1.50691,982850000,8
1422968160000,1422968639000,1.50694,1.50762,1.50691,1.50703,1722950000,8
1422968640000,1422969119000,1.50703,1.5088,1.50693,1.50864,2351390000,8
1422969120000,1422969599000,1.50865,1.51053,1.50849,1.51044,4045290000,8
1422969600000,1422970079000,1.5104,1.51072,1.50929,1.50958,3951830000,8
1422970080000,1422970559000,1.50957,1.51026,1.50902,1.51022,2185270000,8
1422970560000,1422971039000,1.51022,1.51104,1.50974,1.51083,3860410000,8
1422971040000,1422971519000,1.51081,1.51193,1.51042,1.51108,4865710000,8
1422971520000,1422971999000,1.51108,1.51141,1.50966,1.51009,4026380000,8
1422972000000,1422972479000,1.51009,1.51053,1.50991,1.51013,3976370000,8
1422972480000,1422972959000,1.51011,1.51056,1.5097,1.51043,3063670000,8
1422972960000,1422973439000,1.5104,1.5104,1.50953,1.50997,2353840000,8
1422973440000,1422973919000,1.50996,1.51002,1.50951,1.50963,1458440000,8
1422973920000,1422974399000,1.50963,1.50964,1.50864,1.50937,2461340000,8
1422974400000,1422974879000,1.50937,1.51024,1.50879,1.50922,3664040000,8
1422974880000,1422975359000,1.50922,1.51024,1.50922,1.50945,2585540000,8
1422975360000,1422975839000,1.50944,1.51108,1.50908,1.51012,2627190000,8
1422975840000,1422976319000,1.51012,1.51022,1.50894,1.50904,3029520000,8
1422976320000,1422976799000,1.50904,1.50984,1.50904,1.50974,2348620000,8
1422976800000,1422977279000,1.50975,1.5101,1.50889,1.50895,2871630000,8
1422977280000,1422977759000,1.50895,1.50973,1.50884,1.50905,1996100000,8
1422977760000,1422978239000,1.50905,1.50918,1.50816,1.50864,1887210000,8
1422978240000,1422978719000,1.50864,1.50958,1.5085,1.50954,1583870000,8
1422978720000,1422979199000,1.50953,1.51137,1.50923,1.51129,2993890000,8
1422979200000,1422979679000,1.51127,1.51292,1.51117,1.51279,4033720000,8
1422979680000,1422980159000,1.51279,1.51426,1.51251,1.51359,4004870000,8
1422980160000,1422980639000,1.51359,1.51496,1.51359,1.51401,3474990000,8
1422980640000,1422981119000,1.51401,1.515,1.5137,1.51441,3849450000,8
1422981120000,1422981599000,1.51441,1.51468,1.51332,1.51372,2954720000,8
1422981600000,1422982079000,1.51372,1.51382,1.51248,1.51262,2209950000,8
1422982080000,1422982559000,1.51264,1.51304,1.51214,1.51251,2340470000,8
1422982560000,1422983039000,1.5125,1.51288,1.51216,1.51265,1522590000,8
1422983040000,1422983519000,1.51265,1.51291,1.51227,1.5128,814840000,8
1422983520000,1422983999000,1.5128,1.51353,1.51237,1.51349,794700000,8
1422984000000,1422984479000,1.51347,1.51413,1.51292,1.51412,723850000,8
1422984480000,1422984959000,1.5141,1.5145,1.5141,1.51439,637760000,8
1422984960000,1422985439000,1.5144,1.5144,1.5135,1.51363,765910000,8
1422985440000,1422985919000,1.51364,1.51485,1.5136,1.51457,906010000,8
1422985920000,1422986399000,1.51457,1.51656,1.51401,1.51589,1138030000,8
1422986400000,1422986879000,1.51588,1.51795,1.51583,1.51795,1236680000,8
1422986880000,1422987359000,1.51792,1.51873,1.51741,1.51805,1573130000,8
1422987360000,1422987839000,1.51804,1.51861,1.51767,1.51792,1720190000,8
1422987840000,1422988319000,1.51791,1.51975,1.5178,1.5197,1458120000,8
1422988320000,1422988799000,1.51968,1.51972,1.51717,1.51772,1848760000,8
1422988800000,1422989279000,1.51772,1.51793,1.51672,1.51768,1186150000,8
1422989280000,1422989759000,1.51768,1.51788,1.5162,1.5162,956990000,8
1422989760000,1422990239000,1.51617,1.51617,1.51484,1.5152,1540870000,8
1422990240000,1422990719000,1.5152,1.51613,1.51509,1.51542,1463840000,8
1422990720000,1422991199000,1.51541,1.51647,1.51538,1.51592,1241050000,8
1422991200000,1422991679000,1.51585,1.51679,1.51578,1.51628,1087420000,8
1422991680000,1422992159000,1.51624,1.51641,1.51561,1.51612,939600000,8
1422992160000,1422992639000,1.51612,1.51702,1.51608,1.51688,1259250000,8
1422992640000,1422993119000,1.51686,1.51723,1.51641,1.51656,659440000,8
1422993120000,1422993599000,1.51655,1.51699,1.51636,1.5166,841290000,8
1422993600000,1422994079000,1.51661,1.51677,1.51636,1.51649,834740000,8
1422994080000,1422994559000,1.51649,1.51713,1.51641,1.51671,785420000,8
1422994560000,1422995039000,1.51674,1.51674,1.51615,1.5162,838680000,8
1422995040000,1422995519000,1.5162,1.51661,1.51616,1.51644,614810000,8
1422995520000,1422995999000,1.51642,1.51678,1.5164,1.51661,518230000,8
1422996000000,1422996479000,1.51659,1.51712,1.51652,1.5171,431340000,8
1422996480000,1422996959000,1.51711,1.5172,1.51688,1.51697,379280000,8
1422996960000,1422997439000,1.51697,1.51714,1.51611,1.51638,269500000,8
1422997440000,1422997919000,1.51637,1.51642,1.51609,1.51633,393550000,8
1422997920000,1422998399000,1.51633,1.51658,1.51633,1.51657,310230000,8
1422998400000,1422998879000,1.51657,1.51721,1.5164,1.51646,594740000,8
1422998880000,1422999359000,1.51647,1.51647,1.51589,1.51598,477060000,8
1422999360000,1422999839000,1.51598,1.51655,1.51578,1.51609,971710000,8
1422999840000,1423000319000,1.5161,1.51672,1.51594,1.51653,1022780000,8
1423000320000,1423000799000,1.51651,1.51686,1.51644,1.51649,796680000,8
1423000800000,1423001279000,1.51649,1.51657,1.5159,1.51597,114500000,8
1423001280000,1423001759000,1.51596,1.51596,1.51502,1.51553,333510000,8
1423001760000,1423002239000,1.51553,1.51558,1.51493,1.51528,178240000,8
1423002240000,1423002719000,1.5153,1.51562,1.5153,1.51555,391990000,8
1423002720000,1423003199000,1.51555,1.51555,1.51538,1.5154,198150000,8
1423003200000,1423003679000,1.51539,1.51552,1.51477,1.51504,463260000,8
1423003680000,1423004159000,1.51504,1.51533,1.51488,1.5149,372140000,8
1423004160000,1423004639000,1.5149,1.51622,1.51421,1.51574,747380000,8
1423004640000,1423005119000,1.51574,1.51591,1.51554,1.51579,543640000,8
1423005120000,1423005599000,1.51579,1.51594,1.51572,1.51592,567350000,8
1423005600000,1423006079000,1.51591,1.51593,1.51511,1.51513,607730000,8
1423006080000,1423006559000,1.51513,1.51575,1.51504,1.51575,485060000,8
1423006560000,1423007039000,1.51575,1.51582,1.51562,1.51577,196660000,8
1423007040000,1423007519000,1.51577,1.51578,1.5155,1.51556,123230000,8
1423007520000,1423007999000,1.51557,1.51557,1.5139,1.51406,497010000,8
1423008000000,1423008479000,1.51406,1.51533,1.51406,1.51531,569970000,8
1423008480000,1423008959000,1.51531,1.51577,1.5153,1.51562,351400000,8
1423008960000,1423009439000,1.51562,1.51576,1.51512,1.51512,215580000,8
1423009440000,1423009919000,1.51512,1.51514,1.51463,1.51464,406540000,8
1423009920000,1423010399000,1.51464,1.51469,1.51451,1.51466,298730000,8
1423010400000,1423010879000,1.51466,1.5152,1.51466,1.51484,361580000,8
1423010880000,1423011359000,1.51489,1.51542,1.51462,1.51541,479720000,8
1423011360000,1423011839000,1.51539,1.51556,1.51501,1.51516,266840000,8
1423011840000,1423012319000,1.51516,1.51588,1.51512,1.51588,481370000,8
1423012320000,1423012799000,1.51588,1.51617,1.51568,1.51593,796770000,8
1423012800000,1423013279000,1.51594,1.51597,1.51544,1.51552,718750000,8
1423013280000,1423013759000,1.51554,1.5158,1.51536,1.51573,439770000,8
1423013760000,1423014239000,1.51573,1.51595,1.51556,1.51594,474890000,8
1423014240000,1423014719000,1.51594,1.51606,1.51553,1.51557,542580000,8
1423014720000,1423015199000,1.51557,1.5156,1.51524,1.51538,342380000,8
1423015200000,1423015679000,1.51538,1.51551,1.51516,1.51517,452800000,8
1423015680000,1423016159000,1.51517,1.51527,1.51499,1.51506,584780000,8
1423016160000,1423016639000,1.51506,1.51534,1.51493,1.51533,717470000,8
1423016640000,1423017119000,1.51533,1.51557,1.51527,1.5154,770940000,8
1423017120000,1423017599000,1.5154,1.51582,1.5154,1.51569,529110000,8
1423017600000,1423018079000,1.51568,1.51568,1.51532,1.51539,413450000,8
1423018080000,1423018559000,1.51539,1.51564,1.51528,1.51558,566310000,8
1423018560000,1423019039000,1.51558,1.51558,1.51523,1.51537,532870000,8
1423019040000,1423019519000,1.51536,1.51536,1.51519,1.51523,359870000,8
1423019520000,1423019999000,1.51523,1.51561,1.51516,1.51561,461890000,8
1423020000000,1423020479000,1.51561,1.51567,1.5151,1.51515,379810000,8
1423020480000,1423020959000,1.51513,1.51545,1.51508,1.51545,554070000,8
1423020960000,1423021439000,1.51543,1.51586,1.51524,1.51544,664320000,8
1423021440000,1423021919000,1.51545,1.51557,1.51487,1.51532,577140000,8
1423021920000,1423022399000,1.51535,1.51551,1.5153,1.51541,452950000,8
1423022400000,1423022879000,1.51541,1.51577,1.51529,1.51577,405300000,8
1423022880000,1423023359000,1.51578,1.51589,1.51568,1.51583,311850000,8
1423023360000,1423023839000,1.51583,1.51605,1.51572,1.51597,416430000,8
1423023840000,1423024319000,1.51597,1.51633,1.51596,1.51611,386810000,8
1423024320000,1423024799000,1.51612,1.51633,1.51607,1.51632,280060000,8
1423024800000,1423025279000,1.51632,1.51653,1.51627,1.51646,238110000,8
1423025280000,1423025759000,1.51644,1.51653,1.51643,1.51651,343030000,8
1423025760000,1423026239000,1.51651,1.51676,1.5164,1.51645,317540000,8
1423026240000,1423026719000,1.51645,1.51646,1.51618,1.51636,355840000,8
1423026720000,1423027199000,1.51635,1.51689,1.51625,1.51689,482620000,8
1423027200000,1423027679000,1.51689,1.51689,1.51649,1.51672,531900000,8
1423027680000,1423028159000,1.51673,1.5172,1.5167,1.51676,656040000,8
1423028160000,1423028639000,1.51676,1.51736,1.51638,1.51701,572040000,8
1423028640000,1423029119000,1.51701,1.51761,1.51693,1.51693,619000000,8
1423029120000,1423029599000,1.51693,1.51721,1.5167,1.51697,489150000,8
1423029600000,1423030079000,1.51698,1.51726,1.51697,1.51711,304530000,8
1423030080000,1423030559000,1.51712,1.51738,1.51692,1.51733,366120000,8
1423030560000,1423031039000,1.51733,1.51739,1.51639,1.5164,493590000,8
1423031040000,1423031519000,1.51645,1.51695,1.51609,1.51674,741310000,8
1423031520000,1423031999000,1.51674,1.51674,1.51601,1.51601,921960000,8
1423032000000,1423032479000,1.51604,1.51618,1.51522,1.51596,1827060000,8
1423032480000,1423032959000,1.51596,1.51628,1.51593,1.51608,912880000,8
1423032960000,1423033439000,1.51607,1.51612,1.51512,1.51512,1024340000,8
1423033440000,1423033919000,1.51512,1.51522,1.51436,1.51443,1211780000,8
1423033920000,1423034399000,1.51443,1.51561,1.51438,1.51549,1529960000,8
1423034400000,1423034879000,1.51549,1.51585,1.51536,1.51552,1657920000,8
1423034880000,1423035359000,1.51552,1.51563,1.51502,1.51514,1725550000,8
1423035360000,1423035839000,1.51514,1.51664,1.51511,1.51627,1771920000,8
1423035840000,1423036319000,1.51627,1.51684,1.5158,1.51684,2216700000,8
1423036320000,1423036799000,1.51683,1.51704,1.51591,1.51601,2089820000,8
1423036800000,1423037279000,1.51601,1.51699,1.51591,1.51692,2457670000,8
1423037280000,1423037759000,1.51691,1.51736,1.51607,1.51637,2103770000,8
1423037760000,1423038239000,1.51637,1.51677,1.51497,1.51506,2581290000,8
1423038240000,1423038719000,1.51506,1.51542,1.51484,1.51516,1824690000,8
1423038720000,1423039199000,1.51516,1.51567,1.51497,1.51543,2151420000,8
1423039200000,1423039679000,1.51541,1.51541,1.51456,1.5149,2680570000,8
1423039680000,1423040159000,1.51491,1.51584,1.51391,1.51573,2788310000,8
1423040160000,1423040639000,1.51577,1.51798,1.51529,1.51769,3359490000,8
1423040640000,1423041119000,1.51768,1.51919,1.51688,1.51703,3025440000,8
1423041120000,1423041599000,1.51703,1.51722,1.51524,1.51568,3201430000,8
1423041600000,1423042079000,1.51568,1.5168,1.51568,1.51614,3050180000,8
1423042080000,1423042559000,1.51613,1.51856,1.51593,1.5178,2892580000,8
1423042560000,1423043039000,1.5178,1.51799,1.51598,1.51674,2070160000,8
1423043040000,1423043519000,1.51672,1.51797,1.51632,1.51789,2152590000,8
1423043520000,1423043999000,1.51787,1.51822,1.51726,1.51822,2298810000,8
1423044000000,1423044479000,1.51821,1.51855,1.51786,1.5185,2308610000,8
1423044480000,1423044959000,1.51849,1.5194,1.51794,1.5185,2639950000,8
1423044960000,1423045439000,1.5185,1.52024,1.5185,1.5192,2923260000,8
1423045440000,1423045919000,1.5192,1.52113,1.51872,1.51999,3489490000,8
1423045920000,1423046399000,1.52,1.52052,1.51913,1.51953,3319030000,8
1423046400000,1423046879000,1.51952,1.52044,1.51826,1.51861,2919170000,8
1423046880000,1423047359000,1.51863,1.51965,1.51857,1.51942,1783630000,8
1423047360000,1423047839000,1.5194,1.51974,1.51882,1.51902,1908480000,8
1423047840000,1423048319000,1.51901,1.51957,1.51813,1.51835,2189010000,8
1423048320000,1423048799000,1.51835,1.51875,1.51745,1.51867,1960300000,8
1423048800000,1423049279000,1.51868,1.51882,1.51833,1.51877,1374470000,8
1423049280000,1423049759000,1.51877,1.51935,1.51826,1.51916,1203420000,8
1423049760000,1423050239000,1.51917,1.51956,1.51894,1.51912,1269220000,8
1423050240000,1423050719000,1.51912,1.51997,1.51884,1.51992,2036440000,8
1423050720000,1423051199000,1.51992,1.5208,1.51964,1.5205,1733090000,8
1423051200000,1423051679000,1.52051,1.52211,1.52033,1.52162,2086940000,8
1423051680000,1423052159000,1.52162,1.52186,1.52117,1.5213,1805320000,8
1423052160000,1423052639000,1.5213,1.52151,1.52088,1.52149,2085140000,8
1423052640000,1423053119000,1.52148,1.52412,1.52148,1.52304,3630690000,8
1423053120000,1423053599000,1.52304,1.52367,1.52274,1.5235,2298460000,8
1423053600000,1423054079000,1.52352,1.52457,1.52319,1.52447,2761220000,8
1423054080000,1423054559000,1.52445,1.52455,1.5232,1.52326,2318590000,8
1423054560000,1423055039000,1.52325,1.52462,1.52322,1.52394,2616770000,8
1423055040000,1423055519000,1.52396,1.5241,1.52291,1.52329,2414540000,8
1423055520000,1423055999000,1.52331,1.52414,1.5227,1.52361,4367050000,8
1423056000000,1423056479000,1.5236,1.52476,1.52353,1.52461,2298940000,8
1423056480000,1423056959000,1.52462,1.52501,1.52365,1.52392,2857480000,8
1423056960000,1423057439000,1.52391,1.52397,1.52263,1.52263,2146850000,8
1423057440000,1423057919000,1.52261,1.52347,1.52141,1.52183,3070780000,8
1423057920000,1423058399000,1.52183,1.52283,1.52182,1.52239,1807600000,8
1423058400000,1423058879000,1.52239,1.52279,1.52215,1.52238,2148360000,8
1423058880000,1423059359000,1.5224,1.52284,1.5222,1.52229,1901080000,8
1423059360000,1423059839000,1.52228,1.52242,1.5213,1.52182,2615060000,8
1423059840000,1423060319000,1.52182,1.52249,1.52149,1.52206,1698410000,8
1423060320000,1423060799000,1.52208,1.52225,1.52096,1.52163,2800310000,8
1423060800000,1423061279000,1.52163,1.52211,1.52108,1.52192,3338590000,8
1423061280000,1423061759000,1.52192,1.52259,1.52137,1.5225,2763850000,8
1423061760000,1423062239000,1.5225,1.52284,1.52121,1.52223,4138920000,8
1423062240000,1423062719000,1.52222,1.52402,1.5217,1.52402,3124990000,8
1423062720000,1423063199000,1.52402,1.52506,1.52353,1.52474,2901490000,8
1423063200000,1423063679000,1.52473,1.52493,1.52422,1.52469,2567400000,8
1423063680000,1423064159000,1.52469,1.52479,1.52314,1.52328,2874430000,8
1423064160000,1423064639000,1.52329,1.5233,1.52153,1.52154,3159800000,8
1423064640000,1423065119000,1.52154,1.52156,1.52093,1.52108,2765210000,8
1423065120000,1423065599000,1.52108,1.52187,1.52028,1.52143,3052580000,8
1423065600000,1423066079000,1.52143,1.52223,1.52118,1.52203,3419000000,8
1423066080000,1423066559000,1.52204,1.52283,1.52164,1.52279,1562830000,8
1423066560000,1423067039000,1.52282,1.52282,1.52143,1.52159,1766450000,8
1423067040000,1423067519000,1.52159,1.52196,1.52119,1.52195,1407960000,8
1423067520000,1423067999000,1.52193,1.52194,1.52152,1.52171,1086570000,8
1423068000000,1423068479000,1.52172,1.52172,1.52103,1.52164,1145450000,8
1423068480000,1423068959000,1.52164,1.52166,1.5209,1.5209,851390000,8
1423068960000,1423069439000,1.52092,1.52117,1.5206,1.52061,793290000,8
1423069440000,1423069919000,1.52061,1.52086,1.52051,1.52067,421190000,8
1423069920000,1423070399000,1.5207,1.52153,1.52068,1.52076,745750000,8
1423070400000,1423070879000,1.52076,1.52125,1.52055,1.52057,381820000,8
1423070880000,1423071359000,1.52058,1.52103,1.52041,1.52064,614030000,8
1423071360000,1423071839000,1.52064,1.52127,1.52041,1.52072,614800000,8
1423071840000,1423072319000,1.52072,1.52104,1.51934,1.51992,732080000,8
1423072320000,1423072799000,1.51992,1.52059,1.51992,1.52012,654880000,8
1423072800000,1423073279000,1.52012,1.52083,1.52002,1.52082,343270000,8
1423073280000,1423073759000,1.52086,1.52143,1.52075,1.521,369930000,8
1423073760000,1423074239000,1.521,1.52122,1.52072,1.52099,465840000,8
1423074240000,1423074719000,1.52099,1.52108,1.5205,1.52078,512850000,8
1423074720000,1423075199000,1.52078,1.52121,1.52073,1.52112,305430000,8
1423075200000,1423075679000,1.52112,1.52112,1.52066,1.5208,432710000,8
1423075680000,1423076159000,1.52086,1.5211,1.52063,1.52063,492310000,8
1423076160000,1423076639000,1.52063,1.52179,1.52063,1.52171,743000000,8
1423076640000,1423077119000,1.52171,1.52188,1.52126,1.52148,534460000,8
1423077120000,1423077599000,1.52146,1.52201,1.5214,1.5216,658990000,8
1423077600000,1423078079000,1.5216,1.52237,1.5216,1.52237,466800000,8
1423078080000,1423078559000,1.52237,1.52237,1.52203,1.52215,422500000,8
1423078560000,1423079039000,1.52213,1.52239,1.52202,1.52227,454390000,8
1423079040000,1423079519000,1.52227,1.52244,1.52215,1.52215,330160000,8
1423079520000,1423079999000,1.52215,1.52261,1.52202,1.5222,398280000,8
1423080000000,1423080479000,1.5222,1.5223,1.5216,1.52174,533780000,8
1423080480000,1423080959000,1.52174,1.52184,1.52154,1.52184,314680000,8
1423080960000,1423081439000,1.52184,1.52185,1.52162,1.52174,269500000,8
1423081440000,1423081919000,1.52174,1.52211,1.52171,1.5221,419310000,8
1423081920000,1423082399000,1.5221,1.52334,1.5221,1.52219,911660000,8
1423082400000,1423082879000,1.52221,1.52299,1.52073,1.52106,1794430000,8
1423082880000,1423083359000,1.52107,1.52145,1.51987,1.52043,1493920000,8
1423083360000,1423083839000,1.5204,1.52131,1.52008,1.52113,819160000,8
1423083840000,1423084319000,1.52113,1.52119,1.51985,1.52025,812520000,8
1423084320000,1423084799000,1.52025,1.52083,1.52016,1.52027,745120000,8
1423084800000,1423085279000,1.5203,1.52138,1.51875,1.51879,839950000,8
1423085280000,1423085759000,1.51881,1.51898,1.51651,1.51657,1165160000,8
1423085760000,1423086239000,1.5166,1.51838,1.51658,1.51831,1111940000,8
1423086240000,1423086719000,1.51831,1.51844,1.51789,1.51835,964260000,8
1423086720000,1423087199000,1.51835,1.51863,1.51786,1.51791,609450000,8
1423087200000,1423087679000,1.51796,1.51841,1.51745,1.51803,272910000,8
1423087680000,1423088159000,1.51806,1.51821,1.51763,1.51821,254160000,8
1423088160000,1423088639000,1.51821,1.5185,1.5176,1.51824,477640000,8
1423088640000,1423089119000,1.51825,1.51878,1.51761,1.51791,479070000,8
1423089120000,1423089599000,1.51791,1.51833,1.5178,1.51794,705760000,8
1423089600000,1423090079000,1.51794,1.51799,1.5176,1.51793,426510000,8
1423090080000,1423090559000,1.51797,1.51811,1.51649,1.51798,849150000,8
1423090560000,1423091039000,1.51798,1.51853,1.51776,1.51841,639930000,8
1423091040000,1423091519000,1.51841,1.51895,1.51829,1.51831,1213720000,8
1423091520000,1423091999000,1.51831,1.51853,1.51789,1.51827,1102760000,8
1423092000000,1423092479000,1.51827,1.5185,1.51789,1.51822,800040000,8
1423092480000,1423092959000,1.51822,1.51822,1.51728,1.51781,1004220000,8
1423092960000,1423093439000,1.51781,1.51786,1.51727,1.51731,544840000,8
1423093440000,1423093919000,1.51733,1.51771,1.51733,1.51738,682250000,8
1423093920000,1423094399000,1.51739,1.5178,1.51735,1.5178,334490000,8
1423094400000,1423094879000,1.5178,1.51878,1.51692,1.51827,1081670000,8
1423094880000,1423095359000,1.51824,1.51856,1.51795,1.51828,778770000,8
1423095360000,1423095839000,1.51828,1.51832,1.51793,1.51822,559940000,8
1423095840000,1423096319000,1.51822,1.51828,1.5173,1.5176,866860000,8
1423096320000,1423096799000,1.5176,1.51827,1.51759,1.51797,742820000,8
1423096800000,1423097279000,1.51797,1.51801,1.51678,1.51701,981130000,8
1423097280000,1423097759000,1.51701,1.51723,1.51696,1.51715,774850000,8
1423097760000,1423098239000,1.51715,1.51787,1.51707,1.51779,904470000,8
1423098240000,1423098719000,1.51779,1.51802,1.5175,1.51794,749370000,8
1423098720000,1423099199000,1.51796,1.51798,1.51776,1.5179,414160000,8
1423099200000,1423099679000,1.5179,1.51824,1.51785,1.51817,225660000,8
1423099680000,1423100159000,1.51817,1.51889,1.51814,1.51858,771130000,8
1423100160000,1423100639000,1.51858,1.5186,1.51809,1.51813,646540000,8
1423100640000,1423101119000,1.51816,1.51836,1.51804,1.51819,816110000,8
1423101120000,1423101599000,1.51819,1.51823,1.51778,1.51792,732430000,8
1423101600000,1423102079000,1.51792,1.51836,1.51787,1.51833,452950000,8
1423102080000,1423102559000,1.51834,1.51919,1.51834,1.5187,868990000,8
1423102560000,1423103039000,1.51873,1.51885,1.51866,1.51869,424560000,8
1423103040000,1423103519000,1.51869,1.5191,1.51848,1.51853,868990000,8
1423103520000,1423103999000,1.51854,1.51964,1.51853,1.51939,780990000,8
1423104000000,1423104479000,1.51938,1.5194,1.51878,1.51921,763470000,8
1423104480000,1423104959000,1.51921,1.51921,1.51879,1.51906,548680000,8
1423104960000,1423105439000,1.51906,1.51917,1.51875,1.51898,481640000,8
1423105440000,1423105919000,1.51898,1.5196,1.51895,1.51954,809320000,8
1423105920000,1423106399000,1.51954,1.51996,1.5194,1.51972,633850000,8
1423106400000,1423106879000,1.51974,1.51995,1.51959,1.51994,438240000,8
1423106880000,1423107359000,1.51994,1.52005,1.51979,1.52005,314670000,8
1423107360000,1423107839000,1.52005,1.52039,1.52002,1.52032,532450000,8
1423107840000,1423108319000,1.52033,1.52051,1.51981,1.51983,1096920000,8
1423108320000,1423108799000,1.51984,1.52051,1.51976,1.5205,496800000,8
1423108800000,1423109279000,1.5205,1.52096,1.52036,1.52094,666660000,8
1423109280000,1423109759000,1.52094,1.52118,1.52093,1.52116,282580000,8
1423109760000,1423110239000,1.52114,1.52135,1.52077,1.52082,352130000,8
1423110240000,1423110719000,1.52082,1.5209,1.52068,1.52076,316220000,8
1423110720000,1423111199000,1.52077,1.52089,1.52062,1.52089,340230000,8
1423111200000,1423111679000,1.52089,1.52114,1.52075,1.52077,464210000,8
1423111680000,1423112159000,1.52077,1.52079,1.52066,1.52066,190520000,8
1423112160000,1423112639000,1.52067,1.52067,1.52026,1.52057,280570000,8
1423112640000,1423113119000,1.52057,1.52095,1.52055,1.52088,356340000,8
1423113120000,1423113599000,1.52088,1.52129,1.52087,1.52129,262220000,8
1423113600000,1423114079000,1.52128,1.5213,1.521,1.52105,213190000,8
1423114080000,1423114559000,1.52105,1.5211,1.5206,1.52068,588250000,8
1423114560000,1423115039000,1.52067,1.5207,1.52035,1.52043,510760000,8
1423115040000,1423115519000,1.52042,1.52091,1.52042,1.52078,645220000,8
1423115520000,1423115999000,1.52078,1.52078,1.52048,1.52068,432800000,8
1423116000000,1423116479000,1.52068,1.52082,1.52028,1.52036,404770000,8
1423116480000,1423116959000,1.52036,1.52043,1.52005,1.52035,341650000,8
1423116960000,1423117439000,1.52035,1.52046,1.52011,1.52046,344390000,8
1423117440000,1423117919000,1.52046,1.52046,1.51954,1.51987,816310000,8
1423117920000,1423118399000,1.51988,1.52021,1.51955,1.51987,3106030000,8
1423118400000,1423118879000,1.51988,1.5203,1.51966,1.51972,1540120000,8
1423118880000,1423119359000,1.51972,1.51997,1.51902,1.51929,2233700000,8
1423119360000,1423119839000,1.51926,1.52004,1.51898,1.52004,2303420000,8
1423119840000,1423120319000,1.52005,1.52025,1.51903,1.51917,1820800000,8
1423120320000,1423120799000,1.51918,1.52013,1.51891,1.51987,1562460000,8
1423120800000,1423121279000,1.51988,1.52033,1.51966,1.5199,1554550000,8
1423121280000,1423121759000,1.51989,1.52069,1.51948,1.51997,1943960000,8
1423121760000,1423122239000,1.51997,1.51997,1.51939,1.5197,1476660000,8
1423122240000,1423122719000,1.5197,1.51998,1.5195,1.51958,1526320000,8
1423122720000,1423123199000,1.51961,1.52141,1.51955,1.52067,3538320000,8
1423123200000,1423123679000,1.52065,1.52074,1.51964,1.5199,2097400000,8
1423123680000,1423124159000,1.5199,1.52069,1.51945,1.51952,2215480000,8
1423124160000,1423124639000,1.51955,1.5202,1.51953,1.51998,1843470000,8
1423124640000,1423125119000,1.51998,1.52042,1.5196,1.52039,1801190000,8
1423125120000,1423125599000,1.52038,1.52083,1.52019,1.52056,1833000000,8
1423125600000,1423126079000,1.52055,1.52081,1.5197,1.52011,1762830000,8
1423126080000,1423126559000,1.52009,1.52252,1.51977,1.52247,2165140000,8
1423126560000,1423127039000,1.52246,1.52322,1.52215,1.52281,2432050000,8
1423127040000,1423127519000,1.5228,1.52316,1.52232,1.52278,1685390000,8
1423127520000,1423127999000,1.52282,1.52363,1.52265,1.52354,2099440000,8
1423128000000,1423128479000,1.52352,1.52428,1.52341,1.52387,2082140000,8
1423128480000,1423128959000,1.52387,1.524,1.52296,1.52361,1903180000,8
1423128960000,1423129439000,1.52357,1.52389,1.52291,1.52307,1908820000,8
1423129440000,1423129919000,1.52307,1.52332,1.52242,1.52283,2198530000,8
1423129920000,1423130399000,1.52283,1.52427,1.52267,1.52399,2525080000,8
1423130400000,1423130879000,1.52399,1.52415,1.52338,1.52353,2389290000,8
1423130880000,1423131359000,1.52353,1.52421,1.52337,1.52387,2032500000,8
1423131360000,1423131839000,1.52386,1.52431,1.52353,1.52357,2325220000,8
1423131840000,1423132319000,1.52357,1.52509,1.52352,1.52472,3494250000,8
1423132320000,1423132799000,1.52471,1.52544,1.52282,1.52353,3175420000,8
1423132800000,1423133279000,1.52353,1.52533,1.5232,1.52488,3148540000,8
1423133280000,1423133759000,1.52491,1.52538,1.52365,1.52432,3112400000,8
1423133760000,1423134239000,1.52433,1.52496,1.52423,1.52423,2610590000,8
1423134240000,1423134719000,1.52423,1.52444,1.52386,1.52411,1751430000,8
1423134720000,1423135199000,1.52411,1.52419,1.52292,1.52312,1954820000,8
1423135200000,1423135679000,1.52314,1.52412,1.5227,1.52394,1909200000,8
1423135680000,1423136159000,1.52394,1.52476,1.52384,1.52399,1749760000,8
1423136160000,1423136639000,1.52399,1.5241,1.52361,1.52398,1668260000,8
1423136640000,1423137119000,1.52399,1.524,1.52323,1.52371,1316590000,8
1423137120000,1423137599000,1.52371,1.5246,1.52354,1.5246,1857830000,8
1423137600000,1423138079000,1.52458,1.52502,1.52381,1.52419,2265260000,8
1423138080000,1423138559000,1.52419,1.52463,1.52338,1.52463,1813850000,8
1423138560000,1423139039000,1.52462,1.52509,1.52439,1.5248,1983280000,8
1423139040000,1423139519000,1.5248,1.52591,1.52461,1.5256,1945660000,8
1423139520000,1423139999000,1.5256,1.5256,1.52467,1.52477,2190000000,8
1423140000000,1423140479000,1.52475,1.5252,1.52432,1.52451,1572790000,8
1423140480000,1423140959000,1.52451,1.52488,1.52436,1.52442,1418840000,8
1423140960000,1423141439000,1.52439,1.52445,1.5241,1.52431,1527840000,8
1423141440000,1423141919000,1.52431,1.52484,1.5238,1.52471,2340090000,8
1423141920000,1423142399000,1.52471,1.52818,1.52464,1.5277,3694710000,8
1423142400000,1423142879000,1.5277,1.52828,1.52652,1.52669,3585130000,8
1423142880000,1423143359000,1.52666,1.53053,1.52642,1.53036,4239830000,8
1423143360000,1423143839000,1.53038,1.5314,1.52938,1.53036,4412710000,8
1423143840000,1423144319000,1.53037,1.53059,1.52931,1.5299,2788610000,8
1423144320000,1423144799000,1.52999,1.53078,1.52956,1.53009,2157770000,8
1423144800000,1423145279000,1.53006,1.53068,1.52968,1.52994,2741080000,8
1423145280000,1423145759000,1.52997,1.53024,1.52904,1.5296,1940490000,8
1423145760000,1423146239000,1.52958,1.52964,1.52903,1.52916,2117530000,8
1423146240000,1423146719000,1.52915,1.53037,1.52908,1.5295,1766570000,8
1423146720000,1423147199000,1.5295,1.52975,1.52874,1.52924,1678680000,8
1423147200000,1423147679000,1.52924,1.52993,1.52906,1.52993,1375800000,8
1423147680000,1423148159000,1.52992,1.5305,1.52938,1.52939,1844160000,8
1423148160000,1423148639000,1.52941,1.53004,1.52923,1.52989,2330030000,8
1423148640000,1423149119000,1.52991,1.53012,1.52964,1.5298,2821480000,8
1423149120000,1423149599000,1.52979,1.5301,1.52955,1.52996,1882740000,8
1423149600000,1423150079000,1.52996,1.53011,1.52941,1.52971,1706080000,8
1423150080000,1423150559000,1.52969,1.53034,1.5295,1.53001,1814740000,8
1423150560000,1423151039000,1.53001,1.53012,1.52958,1.52991,2246920000,8
1423151040000,1423151519000,1.52991,1.53016,1.52971,1.53002,1846860000,8
1423151520000,1423151999000,1.53002,1.53022,1.52854,1.52854,2966620000,8
1423152000000,1423152479000,1.52849,1.52951,1.52829,1.52942,3311350000,8
1423152480000,1423152959000,1.52942,1.52988,1.5293,1.52977,1888010000,8
1423152960000,1423153439000,1.52976,1.53009,1.52951,1.52976,1985170000,8
1423153440000,1423153919000,1.52978,1.52989,1.52866,1.5287,1322200000,8
1423153920000,1423154399000,1.5287,1.52888,1.52832,1.52873,1794910000,8
1423154400000,1423154879000,1.52873,1.5294,1.52839,1.5288,2152260000,8
1423154880000,1423155359000,1.52881,1.52925,1.52879,1.5292,1322160000,8
1423155360000,1423155839000,1.5292,1.52929,1.52865,1.52923,888130000,8
1423155840000,1423156319000,1.52923,1.52975,1.52918,1.52936,640450000,8
1423156320000,1423156799000,1.52937,1.52968,1.52917,1.52959,679500000,8
1423156800000,1423157279000,1.52959,1.5298,1.52935,1.52937,405320000,8
1423157280000,1423157759000,1.52936,1.52936,1.52895,1.52919,717110000,8
1423157760000,1423158239000,1.52919,1.52972,1.5291,1.5296,652330000,8
1423158240000,1423158719000,1.5296,1.52995,1.52948,1.52995,381470000,8
1423158720000,1423159199000,1.52995,1.52998,1.52949,1.52989,550610000,8
1423159200000,1423159679000,1.52987,1.53089,1.52984,1.53031,1368190000,8
1423159680000,1423160159000,1.53031,1.53288,1.53015,1.53277,1337900000,8
1423160160000,1423160639000,1.53279,1.53318,1.53199,1.53201,1324130000,8
1423160640000,1423161119000,1.53201,1.53267,1.53201,1.5324,964070000,8
1423161120000,1423161599000,1.53237,1.53293,1.53207,1.5328,713250000,8
1423161600000,1423162079000,1.53283,1.53389,1.53282,1.53359,1054330000,8
1423162080000,1423162559000,1.53358,1.53428,1.53335,1.53382,994040000,8
1423162560000,1423163039000,1.53383,1.53386,1.53281,1.53296,791940000,8
1423163040000,1423163519000,1.53295,1.53301,1.53257,1.53285,668900000,8
1423163520000,1423163999000,1.53289,1.53346,1.53285,1.53329,592980000,8
1423164000000,1423164479000,1.53328,1.53328,1.53279,1.53304,700670000,8
1423164480000,1423164959000,1.53304,1.53344,1.53278,1.53323,625590000,8
1423164960000,1423165439000,1.53323,1.53371,1.53316,1.5332,522020000,8
1423165440000,1423165919000,1.53317,1.53318,1.53263,1.53263,508710000,8
1423165920000,1423166399000,1.53263,1.53328,1.5326,1.53313,690730000,8
1423166400000,1423166879000,1.53313,1.5332,1.53271,1.53289,488980000,8
1423166880000,1423167359000,1.53289,1.53379,1.53286,1.53379,541840000,8
1423167360000,1423167839000,1.53379,1.53431,1.53374,1.53427,652690000,8
1423167840000,1423168319000,1.53428,1.53428,1.53319,1.5333,521740000,8
1423168320000,1423168799000,1.5333,1.53369,1.53319,1.53324,490230000,8
1423168800000,1423169279000,1.53324,1.53414,1.5332,1.53373,522520000,8
1423169280000,1423169759000,1.53373,1.53384,1.5335,1.53379,400620000,8
1423169760000,1423170239000,1.53379,1.5339,1.53312,1.5334,260990000,8
1423170240000,1423170719000,1.53339,1.53342,1.53288,1.53298,327430000,8
1423170720000,1423171199000,1.53298,1.53314,1.53289,1.53298,205420000,8
1423171200000,1423171679000,1.53298,1.53362,1.53298,1.53362,290580000,8
1423171680000,1423172159000,1.53362,1.53363,1.53304,1.53321,398630000,8
1423172160000,1423172639000,1.53321,1.53321,1.53272,1.53272,475190000,8
1423172640000,1423173119000,1.5327,1.53301,1.53264,1.53283,426980000,8
1423173120000,1423173599000,1.53283,1.53294,1.53265,1.53273,620350000,8
1423173600000,1423174079000,1.53273,1.53302,1.53252,1.53298,205230000,8
1423174080000,1423174559000,1.53301,1.53375,1.533,1.533,219440000,8
1423174560000,1423175039000,1.533,1.533,1.53275,1.53275,211600000,8
1423175040000,1423175519000,1.53275,1.53282,1.5321,1.53227,277590000,8
1423175520000,1423175999000,1.53227,1.53298,1.53217,1.53279,613290000,8
1423176000000,1423176479000,1.5328,1.5328,1.53194,1.53215,1080250000,8
1423176480000,1423176959000,1.53215,1.53332,1.53211,1.53294,829000000,8
1423176960000,1423177439000,1.53295,1.53355,1.53281,1.53347,1046710000,8
1423177440000,1423177919000,1.53347,1.53349,1.53304,1.53304,701740000,8
1423177920000,1423178399000,1.53306,1.53312,1.53258,1.53258,889360000,8
1423178400000,1423178879000,1.53259,1.53269,1.53231,1.53242,646220000,8
1423178880000,1423179359000,1.53242,1.53248,1.53218,1.53248,473280000,8
1423179360000,1423179839000,1.53245,1.53268,1.53237,1.53263,386630000,8
1423179840000,1423180319000,1.53265,1.53272,1.53254,1.53258,225330000,8
1423180320000,1423180799000,1.53258,1.5326,1.53181,1.53186,317450000,8
1423180800000,1423181279000,1.53187,1.53216,1.53181,1.53192,323860000,8
1423181280000,1423181759000,1.53194,1.53222,1.53193,1.532,397870000,8
1423181760000,1423182239000,1.53198,1.53227,1.53193,1.532,334520000,8
1423182240000,1423182719000,1.532,1.53269,1.53193,1.53258,443510000,8
1423182720000,1423183199000,1.53256,1.53334,1.5324,1.53311,643820000,8
1423183200000,1423183679000,1.53317,1.53345,1.53304,1.53315,317410000,8
1423183680000,1423184159000,1.53315,1.53327,1.53306,1.53312,413370000,8
1423184160000,1423184639000,1.53311,1.53329,1.5328,1.5328,357310000,8
1423184640000,1423185119000,1.5328,1.5328,1.53236,1.53255,236930000,8
1423185120000,1423185599000,1.53255,1.5327,1.53252,1.53256,391280000,8
1423185600000,1423186079000,1.53257,1.53258,1.53233,1.53233,688300000,8
1423186080000,1423186559000,1.53233,1.53244,1.53228,1.53233,751900000,8
1423186560000,1423187039000,1.53232,1.53243,1.53228,1.53233,481900000,8
1423187040000,1423187519000,1.53231,1.53292,1.5322,1.53277,415510000,8
1423187520000,1423187999000,1.53279,1.53291,1.53251,1.53258,328150000,8
1423188000000,1423188479000,1.5326,1.53273,1.53253,1.53258,326020000,8
1423188480000,1423188959000,1.53258,1.5331,1.53256,1.53308,414010000,8
1423188960000,1423189439000,1.53308,1.53354,1.53308,1.53337,273750000,8
1423189440000,1423189919000,1.53337,1.53342,1.53312,1.53317,288980000,8
1423189920000,1423190399000,1.53316,1.53323,1.53296,1.533,318650000,8
1423190400000,1423190879000,1.53303,1.53314,1.53299,1.53308,241090000,8
1423190880000,1423191359000,1.53308,1.53312,1.53296,1.53309,218750000,8
1423191360000,1423191839000,1.53309,1.5332,1.53298,1.53318,229970000,8
1423191840000,1423192319000,1.53315,1.53318,1.533,1.53304,210510000,8
1423192320000,1423192799000,1.53305,1.53315,1.53282,1.53284,217170000,8
1423192800000,1423193279000,1.53287,1.53287,1.5325,1.53252,274980000,8
1423193280000,1423193759000,1.53252,1.53262,1.53243,1.53262,225880000,8
1423193760000,1423194239000,1.53262,1.53278,1.53262,1.53271,271920000,8
1423194240000,1423194719000,1.53272,1.53276,1.53261,1.53272,234400000,8
1423194720000,1423195199000,1.53277,1.53293,1.53265,1.53286,227900000,8
1423195200000,1423195679000,1.53286,1.53291,1.53276,1.5328,368250000,8
1423195680000,1423196159000,1.5328,1.53361,1.53277,1.53335,432350000,8
1423196160000,1423196639000,1.53335,1.53395,1.53329,1.53384,364050000,8
1423196640000,1423197119000,1.53385,1.53387,1.53346,1.53347,233960000,8
1423197120000,1423197599000,1.53346,1.53358,1.53325,1.53335,200900000,8
1423197600000,1423198079000,1.53335,1.53335,1.53298,1.53302,174990000,8
1423198080000,1423198559000,1.53302,1.53317,1.53297,1.53309,244860000,8
1423198560000,1423199039000,1.53309,1.53315,1.53301,1.53305,192350000,8
1423199040000,1423199519000,1.53306,1.53327,1.53304,1.53308,237570000,8
1423199520000,1423199999000,1.53309,1.53337,1.53306,1.53334,162150000,8
1423200000000,1423200479000,1.53333,1.53388,1.53332,1.5338,342250000,8
1423200480000,1423200959000,1.53381,1.53409,1.53363,1.53396,501030000,8
1423200960000,1423201439000,1.53395,1.53396,1.53365,1.53387,316790000,8
1423201440000,1423201919000,1.53387,1.53388,1.53365,1.5337,337210000,8
1423201920000,1423202399000,1.5337,1.53382,1.53341,1.53353,286030000,8
1423202400000,1423202879000,1.53353,1.53401,1.53352,1.53382,306870000,8
1423202880000,1423203359000,1.53382,1.53385,1.53344,1.53344,269060000,8
1423203360000,1423203839000,1.53344,1.53344,1.53312,1.53316,332380000,8
1423203840000,1423204319000,1.53316,1.53337,1.5331,1.53311,551330000,8
1423204320000,1423204799000,1.53314,1.53318,1.53306,1.53306,359320000,8
1423204800000,1423205279000,1.53306,1.53306,1.53267,1.53271,794360000,8
1423205280000,1423205759000,1.53273,1.53284,1.53263,1.53279,532910000,8
1423205760000,1423206239000,1.53279,1.53287,1.53257,1.53275,1107040000,8
1423206240000,1423206719000,1.53275,1.5328,1.53251,1.53251,577400000,8
1423206720000,1423207199000,1.53252,1.53269,1.53173,1.53208,1128420000,8
1423207200000,1423207679000,1.53208,1.53231,1.53164,1.53171,1505520000,8
1423207680000,1423208159000,1.53171,1.53191,1.53145,1.53191,1131720000,8
1423208160000,1423208639000,1.53198,1.53212,1.53125,1.53176,1197030000,8
1423208640000,1423209119000,1.53173,1.53217,1.53159,1.53213,1232100000,8
1423209120000,1423209599000,1.53213,1.53269,1.53124,1.53167,1615390000,8
1423209600000,1423210079000,1.53168,1.53234,1.53138,1.53191,2320100000,8
1423210080000,1423210559000,1.53191,1.53236,1.53161,1.53187,1699150000,8
1423210560000,1423211039000,1.53187,1.53261,1.53167,1.53241,1719890000,8
1423211040000,1423211519000,1.53242,1.53257,1.53208,1.5324,1534770000,8
1423211520000,1423211999000,1.53238,1.53259,1.53154,1.5317,1540500000,8
1423212000000,1423212479000,1.53174,1.53207,1.53138,1.53201,1502930000,8
1423212480000,1423212959000,1.53201,1.53212,1.53157,1.53158,1576600000,8
1423212960000,1423213439000,1.53155,1.53184,1.53114,1.5313,1734680000,8
1423213440000,1423213919000,1.5313,1.53152,1.53089,1.53112,1677990000,8
1423213920000,1423214399000,1.53111,1.53232,1.5311,1.53227,1741050000,8
1423214400000,1423214879000,1.53232,1.53256,1.53207,1.53219,1596450000,8
1423214880000,1423215359000,1.53219,1.53228,1.53125,1.53177,2193770000,8
1423215360000,1423215839000,1.53177,1.53178,1.53087,1.5313,1919220000,8
1423215840000,1423216319000,1.5313,1.53222,1.53121,1.5318,1516360000,8
1423216320000,1423216799000,1.5318,1.5323,1.53171,1.53186,2304480000,8
1423216800000,1423217279000,1.53186,1.53245,1.53177,1.53245,1009600000,8
1423217280000,1423217759000,1.53248,1.53249,1.5317,1.5318,1645290000,8
1423217760000,1423218239000,1.53181,1.53201,1.53158,1.53193,1491090000,8
1423218240000,1423218719000,1.53195,1.53282,1.53195,1.53275,1881420000,8
1423218720000,1423219199000,1.53276,1.53342,1.53252,1.53294,2199620000,8
1423219200000,1423219679000,1.53296,1.5335,1.53248,1.5326,2417310000,8
1423219680000,1423220159000,1.53262,1.53299,1.53249,1.53293,2265590000,8
1423220160000,1423220639000,1.53297,1.53325,1.53249,1.5332,1896390000,8
1423220640000,1423221119000,1.5332,1.53365,1.53283,1.53316,1737550000,8
1423221120000,1423221599000,1.53312,1.53362,1.53304,1.53332,1392310000,8
1423221600000,1423222079000,1.53332,1.53456,1.53285,1.53409,1665780000,8
1423222080000,1423222559000,1.53406,1.53431,1.53359,1.53377,1655010000,8
1423222560000,1423223039000,1.53377,1.53421,1.53329,1.53349,953990000,8
1423223040000,1423223519000,1.5335,1.53373,1.5328,1.5334,2260050000,8
1423223520000,1423223999000,1.53342,1.53365,1.53303,1.53322,1482950000,8
1423224000000,1423224479000,1.53322,1.53404,1.533,1.53384,1734800000,8
1423224480000,1423224959000,1.53384,1.53519,1.53382,1.53497,1270130000,8
1423224960000,1423225439000,1.53497,1.53521,1.53451,1.53467,1529690000,8
1423225440000,1423225919000,1.53467,1.53491,1.53429,1.53448,2266340000,8
1423225920000,1423226399000,1.53448,1.53451,1.53291,1.5336,3221720000,8
1423226400000,1423226879000,1.53357,1.53357,1.53241,1.53248,2652850000,8
1423226880000,1423227359000,1.53248,1.53303,1.53211,1.53242,2115480000,8
1423227360000,1423227839000,1.53242,1.53264,1.53198,1.53222,2817710000,8
1423227840000,1423228319000,1.53224,1.53281,1.53185,1.53187,2241460000,8
1423228320000,1423228799000,1.53187,1.5332,1.53154,1.53276,3233880000,8
1423228800000,1423229279000,1.53267,1.53421,1.53251,1.5337,3060650000,8
1423229280000,1423229759000,1.5337,1.53434,1.52587,1.52735,7433120000,8
1423229760000,1423230239000,1.52741,1.52765,1.52579,1.52698,5024190000,8
1423230240000,1423230719000,1.52695,1.5293,1.52673,1.529,5858330000,8
1423230720000,1423231199000,1.529,1.52957,1.52704,1.52948,4286160000,8
1423231200000,1423231679000,1.52948,1.52951,1.52644,1.52727,4601100000,8
1423231680000,1423232159000,1.5273,1.52779,1.5267,1.52685,3784750000,8
1423232160000,1423232639000,1.52685,1.5272,1.52479,1.52479,4039960000,8
1423232640000,1423233119000,1.52479,1.52512,1.52418,1.5248,4120860000,8
1423233120000,1423233599000,1.5248,1.52599,1.52478,1.52515,3897320000,8
1423233600000,1423234079000,1.52511,1.52548,1.52386,1.52406,2917980000,8
1423234080000,1423234559000,1.52404,1.52642,1.52403,1.52634,3101550000,8
1423234560000,1423235039000,1.52634,1.52651,1.52548,1.52615,3768330000,8
1423235040000,1423235519000,1.52617,1.52643,1.52574,1.526,3064010000,8
1423235520000,1423235999000,1.52597,1.52597,1.52434,1.52453,4140740000,8
1423236000000,1423236479000,1.5245,1.52509,1.52396,1.52477,3528360000,8
1423236480000,1423236959000,1.5248,1.52522,1.52448,1.5251,2973070000,8
1423236960000,1423237439000,1.5251,1.52707,1.5249,1.52691,2522360000,8
1423237440000,1423237919000,1.52689,1.527,1.52609,1.52667,2634530000,8
1423237920000,1423238399000,1.5267,1.52723,1.52568,1.52691,4321230000,8
1423238400000,1423238879000,1.52684,1.52713,1.52446,1.52488,3975490000,8
1423238880000,1423239359000,1.52489,1.52581,1.52474,1.52525,2815820000,8
1423239360000,1423239839000,1.52527,1.52592,1.52507,1.52568,1970500000,8
1423239840000,1423240319000,1.5257,1.5264,1.52553,1.52578,2038960000,8
1423240320000,1423240799000,1.52578,1.52603,1.52557,1.52566,1296030000,8
1423240800000,1423241279000,1.52567,1.52567,1.52455,1.52529,2251810000,8
1423241280000,1423241759000,1.52527,1.52564,1.52463,1.52463,1561830000,8
1423241760000,1423242239000,1.52464,1.52508,1.52426,1.52472,1592640000,8
1423242240000,1423242719000,1.52476,1.52542,1.5247,1.52527,721060000,8
1423242720000,1423243199000,1.52527,1.5253,1.52425,1.5245,639890000,8
1423243200000,1423243679000,1.5245,1.52479,1.52429,1.52472,507830000,8
1423243680000,1423244159000,1.52472,1.52533,1.52472,1.52499,572090000,8
1423244160000,1423244639000,1.52498,1.5252,1.52467,1.52506,637470000,8
1423244640000,1423245119000,1.52505,1.52509,1.52426,1.52446,689060000,8
1423245120000,1423245599000,1.52447,1.52447,1.52384,1.52386,476850000,8
1423245600000,1423246079000,1.52387,1.52443,1.52291,1.52291,722610000,8
1423246080000,1423246559000,1.52288,1.523,1.52216,1.52239,938230000,8
1423246560000,1423247039000,1.52238,1.52249,1.5217,1.52185,630430000,8
1423247040000,1423247519000,1.52185,1.52238,1.52169,1.52233,519590000,8
1423247520000,1423247999000,1.5223,1.52322,1.52226,1.52297,463800000,8
1423248000000,1423248479000,1.52297,1.52314,1.52243,1.52269,449600000,8
1423248480000,1423248959000,1.52269,1.52276,1.52237,1.52239,485320000,8
1423248960000,1423249439000,1.52239,1.52247,1.52179,1.52179,524850000,8
1423249440000,1423249919000,1.52179,1.52183,1.52113,1.52135,548520000,8
1423249920000,1423250399000,1.52135,1.52207,1.52135,1.52199,474110000,8
1423250400000,1423250879000,1.522,1.52229,1.52199,1.52208,489160000,8
1423250880000,1423251359000,1.52209,1.52209,1.52187,1.52198,235940000,8
1423251360000,1423251839000,1.52198,1.52285,1.52191,1.52285,401630000,8
1423251840000,1423252319000,1.52284,1.52341,1.52279,1.52328,313880000,8
1423252320000,1423252799000,1.52328,1.5233,1.52228,1.52319,812040000,8
1423252800000,1423253279000,1.5233,1.52366,1.52313,1.52366,539700000,8
1423253280000,1423253759000,1.52366,1.52447,1.52366,1.52412,450870000,8
1423253760000,1423254239000,1.52412,1.52417,1.5234,1.52369,418840000,8
1423254240000,1423254719000,1.52371,1.52407,1.52358,1.52399,315220000,8
1423254720000,1423255199000,1.52399,1.52405,1.52345,1.52348,424670000,8
1423255200000,1423255679000,1.52348,1.52353,1.52329,1.52344,344210000,8
1423255680000,1423256159000,1.52344,1.52356,1.52331,1.52349,517550000,8
1423256160000,1423256639000,1.52349,1.52432,1.52316,1.52316,402840000,8
1423256640000,1423257119000,1.52316,1.52375,1.52311,1.52373,397090000,8
1423257120000,1423257599000,1.52372,1.52397,1.52354,1.52396,258740000,8
1423257600000,1423258079000,1.52396,1.52451,1.52388,1.52423,311870000,8
1423258080000,1423258559000,1.52422,1.52425,1.52402,1.52402,409170000,8
1423258560000,1423259039000,1.52402,1.52427,1.52386,1.52425,687960000,8
1423259040000,1423259519000,1.52419,1.52528,1.52386,1.52477,1424640000,8
1423259520000,1423259999000,1.52473,1.52516,1.52352,1.52363,812710000,8
1423260000000,1423260479000,1.52363,1.52363,1.52363,1.52363,0,8
1423260480000,1423260959000,1.52363,1.52363,1.52363,1.52363,0,8
1423260960000,1423261439000,1.52363,1.52363,1.52363,1.52363,0,8
1423261440000,1423261919000,1.52363,1.52363,1.52363,1.52363,0,8
1423261920000,1423262399000,1.52363,1.52363,1.52363,1.52363,0,8
1423262400000,1423262879000,1.52363,1.52363,1.52363,1.52363,0,8
1423262880000,1423263359000,1.52363,1.52363,1.52363,1.52363,0,8
1423263360000,1423263839000,1.52363,1.52363,1.52363,1.52363,0,8
1423263840000,1423264319000,1.52363,1.52363,1.52363,1.52363,0,8
1423264320000,1423264799000,1.52363,1.52363,1.52363,1.52363,0,8
1423264800000,1423265279000,1.52363,1.52363,1.52363,1.52363,0,8
1423265280000,1423265759000,1.52363,1.52363,1.52363,1.52363,0,8
1423265760000,1423266239000,1.52363,1.52363,1.52363,1.52363,0,8
1423266240000,1423266719000,1.52363,1.52363,1.52363,1.52363,0,8
1423266720000,1423267199000,1.52363,1.52363,1.52363,1.52363,0,8
1423432800000,1423433279000,1.52252,1.52278,1.52194,1.52252,181880000,8
1423433280000,1423433759000,1.52252,1.52368,1.52252,1.52339,511400000,8
1423433760000,1423434239000,1.52339,1.52363,1.52333,1.5236,481790000,8
1423434240000,1423434719000,1.52357,1.52364,1.52293,1.52296,1041940000,8
1423434720000,1423435199000,1.52296,1.52342,1.52272,1.52305,2150370000,8
1423435200000,1423435679000,1.52302,1.52337,1.52286,1.52316,4336380000,8
1423435680000,1423436159000,1.52316,1.52341,1.52305,1.52341,1401440000,8
1423436160000,1423436639000,1.5234,1.52361,1.52318,1.52339,1255620000,8
1423436640000,1423437119000,1.52339,1.52343,1.5233,1.52342,428030000,8
1423437120000,1423437599000,1.52342,1.52447,1.52334,1.52439,619300000,8
1423437600000,1423438079000,1.5244,1.525,1.5244,1.52462,893690000,8
1423438080000,1423438559000,1.52461,1.52475,1.52376,1.52408,745600000,8
1423438560000,1423439039000,1.52408,1.52422,1.52383,1.52383,501610000,8
1423439040000,1423439519000,1.52383,1.52412,1.52335,1.52337,414530000,8
1423439520000,1423439999000,1.52339,1.52389,1.52336,1.52389,209320000,8
1423440000000,1423440479000,1.52389,1.52422,1.52359,1.52413,661100000,8
1423440480000,1423440959000,1.52412,1.52474,1.52408,1.52434,392440000,8
1423440960000,1423441439000,1.52435,1.52453,1.52405,1.52406,479680000,8
1423441440000,1423441919000,1.52406,1.52477,1.52406,1.52475,481450000,8
1423441920000,1423442399000,1.52475,1.52476,1.52426,1.52444,576840000,8
1423442400000,1423442879000,1.52444,1.52444,1.52401,1.52412,313860000,8
1423442880000,1423443359000,1.52413,1.52438,1.52366,1.52369,563390000,8
1423443360000,1423443839000,1.5237,1.52405,1.52352,1.52382,457430000,8
1423443840000,1423444319000,1.52383,1.52459,1.52381,1.52428,411760000,8
1423444320000,1423444799000,1.52428,1.5247,1.52418,1.52445,412900000,8
1423444800000,1423445279000,1.52446,1.52496,1.52431,1.52474,286670000,8
1423445280000,1423445759000,1.52475,1.52512,1.52468,1.5248,375250000,8
1423445760000,1423446239000,1.52482,1.52489,1.52457,1.52457,207210000,8
1423446240000,1423446719000,1.52456,1.52473,1.52441,1.52448,252630000,8
1423446720000,1423447199000,1.52451,1.52542,1.52447,1.52528,408970000,8
1423447200000,1423447679000,1.52528,1.5257,1.52506,1.52568,459940000,8
1423447680000,1423448159000,1.52568,1.52578,1.52545,1.52573,348470000,8
1423448160000,1423448639000,1.5257,1.52602,1.52563,1.52588,403910000,8
1423448640000,1423449119000,1.52588,1.52601,1.52565,1.52574,340130000,8
1423449120000,1423449599000,1.52574,1.5259,1.52566,1.52582,240530000,8
1423449600000,1423450079000,1.52582,1.52604,1.5257,1.52599,393750000,8
1423450080000,1423450559000,1.526,1.5262,1.52587,1.5261,394040000,8
1423450560000,1423451039000,1.52609,1.52611,1.52597,1.52601,234880000,8
1423451040000,1423451519000,1.52602,1.52602,1.52546,1.52546,218100000,8
1423451520000,1423451999000,1.52548,1.52562,1.52541,1.52555,207390000,8
1423452000000,1423452479000,1.52556,1.52587,1.52552,1.52556,250990000,8
1423452480000,1423452959000,1.52556,1.52558,1.52542,1.52543,232000000,8
1423452960000,1423453439000,1.52543,1.52546,1.52527,1.52527,182990000,8
1423453440000,1423453919000,1.52527,1.52529,1.52497,1.52507,242020000,8
1423453920000,1423454399000,1.52508,1.52567,1.52508,1.5255,269010000,8
1423454400000,1423454879000,1.52549,1.5258,1.52548,1.52561,203580000,8
1423454880000,1423455359000,1.52561,1.52587,1.52561,1.52586,156740000,8
1423455360000,1423455839000,1.52586,1.52586,1.52551,1.5256,292840000,8
1423455840000,1423456319000,1.5256,1.52585,1.52559,1.52584,185510000,8
1423456320000,1423456799000,1.52583,1.52598,1.5258,1.52591,145640000,8
1423456800000,1423457279000,1.52591,1.52591,1.52551,1.52557,323930000,8
1423457280000,1423457759000,1.52555,1.5257,1.52545,1.52546,152770000,8
1423457760000,1423458239000,1.52548,1.52558,1.52545,1.52558,139900000,8
1423458240000,1423458719000,1.52558,1.52583,1.52543,1.52553,275000000,8
1423458720000,1423459199000,1.52553,1.52564,1.52545,1.52549,178790000,8
1423459200000,1423459679000,1.52548,1.52556,1.52543,1.52556,192730000,8
1423459680000,1423460159000,1.52556,1.5259,1.52555,1.52585,219740000,8
1423460160000,1423460639000,1.52585,1.52589,1.52555,1.52578,305520000,8
1423460640000,1423461119000,1.52578,1.52611,1.52575,1.5261,316400000,8
1423461120000,1423461599000,1.52609,1.52635,1.52604,1.52615,406880000,8
1423461600000,1423462079000,1.52615,1.52621,1.52578,1.52607,412120000,8
1423462080000,1423462559000,1.52607,1.52651,1.52606,1.52636,437980000,8
1423462560000,1423463039000,1.52636,1.52648,1.52564,1.52566,648660000,8
1423463040000,1423463519000,1.52566,1.52587,1.5255,1.5255,563880000,8
1423463520000,1423463999000,1.52548,1.52569,1.52542,1.52569,597280000,8
1423464000000,1423464479000,1.52569,1.52583,1.5254,1.52541,737600000,8
1423464480000,1423464959000,1.52541,1.52561,1.52493,1.52546,1315490000,8
1423464960000,1423465439000,1.52546,1.52582,1.52459,1.52573,2047120000,8
1423465440000,1423465919000,1.52573,1.52588,1.52546,1.52577,1126070000,8
1423465920000,1423466399000,1.52577,1.52578,1.52495,1.52545,1518990000,8
1423466400000,1423466879000,1.52545,1.52564,1.5248,1.52539,2323700000,8
1423466880000,1423467359000,1.52538,1.52589,1.52482,1.52579,1641040000,8
1423467360000,1423467839000,1.52579,1.52597,1.5253,1.52536,1700810000,8
1423467840000,1423468319000,1.52538,1.52568,1.52515,1.52568,1779960000,8
1423468320000,1423468799000,1.52568,1.52671,1.52559,1.52622,2469630000,8
1423468800000,1423469279000,1.52623,1.52648,1.52576,1.52614,2723700000,8
1423469280000,1423469759000,1.52614,1.52661,1.52518,1.52525,3309090000,8
1423469760000,1423470239000,1.52525,1.52544,1.52454,1.52473,2612460000,8
1423470240000,1423470719000,1.52477,1.52496,1.52435,1.52486,2310410000,8
1423470720000,1423471199000,1.52486,1.52574,1.52437,1.52541,2942660000,8
1423471200000,1423471679000,1.52541,1.52541,1.52435,1.52479,2745070000,8
1423471680000,1423472159000,1.52479,1.52481,1.52364,1.52395,2434960000,8
1423472160000,1423472639000,1.52395,1.52414,1.5236,1.52383,2192110000,8
1423472640000,1423473119000,1.52383,1.5241,1.52293,1.52302,2435620000,8
1423473120000,1423473599000,1.52304,1.52394,1.52275,1.5236,1847280000,8
1423473600000,1423474079000,1.5236,1.52378,1.52289,1.52364,1872500000,8
1423474080000,1423474559000,1.52364,1.52377,1.52216,1.52298,2351220000,8
1423474560000,1423475039000,1.52297,1.52352,1.52288,1.52303,2767430000,8
1423475040000,1423475519000,1.52303,1.52332,1.52246,1.52248,2318910000,8
1423475520000,1423475999000,1.52247,1.52355,1.52236,1.52342,3203690000,8
1423476000000,1423476479000,1.52342,1.52342,1.52256,1.5227,2137370000,8
1423476480000,1423476959000,1.5227,1.52277,1.52053,1.52132,3642380000,8
1423476960000,1423477439000,1.52132,1.52137,1.52068,1.52097,3373180000,8
1423477440000,1423477919000,1.52097,1.52173,1.5209,1.52158,2307810000,8
1423477920000,1423478399000,1.52159,1.52267,1.52156,1.52249,2367730000,8
1423478400000,1423478879000,1.52251,1.52282,1.52217,1.52229,2112630000,8
1423478880000,1423479359000,1.52229,1.52241,1.52183,1.52208,2553660000,8
1423479360000,1423479839000,1.5221,1.52225,1.52138,1.52145,2602690000,8
1423479840000,1423480319000,1.52146,1.52279,1.52146,1.52205,2119490000,8
1423480320000,1423480799000,1.52204,1.52219,1.52138,1.52148,2122110000,8
1423480800000,1423481279000,1.52149,1.52167,1.52129,1.52129,2058970000,8
1423481280000,1423481759000,1.52131,1.52171,1.52077,1.52097,2472350000,8
1423481760000,1423482239000,1.52095,1.52166,1.52062,1.52153,2431850000,8
1423482240000,1423482719000,1.52153,1.52267,1.52149,1.52199,2581290000,8
1423482720000,1423483199000,1.52198,1.52257,1.52176,1.522,1887190000,8
1423483200000,1423483679000,1.52199,1.5224,1.52179,1.5224,2083750000,8
1423483680000,1423484159000,1.5224,1.5227,1.52211,1.52229,2183290000,8
1423484160000,1423484639000,1.52229,1.52244,1.52166,1.52219,2429900000,8
1423484640000,1423485119000,1.52219,1.52242,1.52146,1.52172,3281890000,8
1423485120000,1423485599000,1.52171,1.5218,1.52042,1.52087,2737460000,8
1423485600000,1423486079000,1.52087,1.52119,1.52047,1.52059,3939980000,8
1423486080000,1423486559000,1.5206,1.52097,1.52004,1.52071,3282940000,8
1423486560000,1423487039000,1.52071,1.52099,1.5202,1.52085,3536880000,8
1423487040000,1423487519000,1.52087,1.52089,1.52012,1.52046,2883050000,8
1423487520000,1423487999000,1.52047,1.52166,1.52017,1.52117,3192300000,8
1423488000000,1423488479000,1.52119,1.52157,1.52044,1.52044,3189670000,8
1423488480000,1423488959000,1.52044,1.521,1.52027,1.52089,2452640000,8
1423488960000,1423489439000,1.5209,1.52126,1.52057,1.52119,3027310000,8
1423489440000,1423489919000,1.52119,1.52149,1.52089,1.52139,2698770000,8
1423489920000,1423490399000,1.52142,1.52195,1.5214,1.52161,2676030000,8
1423490400000,1423490879000,1.52159,1.52269,1.52149,1.522,3790610000,8
1423490880000,1423491359000,1.522,1.52226,1.52136,1.52194,3147880000,8
1423491360000,1423491839000,1.52194,1.52265,1.52184,1.52218,2694380000,8
1423491840000,1423492319000,1.52218,1.52229,1.52168,1.522,3521410000,8
1423492320000,1423492799000,1.52201,1.523,1.52184,1.52288,3882540000,8
1423492800000,1423493279000,1.52293,1.52371,1.52275,1.52277,4634290000,8
1423493280000,1423493759000,1.52277,1.52394,1.52277,1.52309,3710410000,8
1423493760000,1423494239000,1.5231,1.5233,1.52254,1.52296,4035550000,8
1423494240000,1423494719000,1.52299,1.52386,1.52235,1.52265,3379320000,8
1423494720000,1423495199000,1.52264,1.5227,1.52123,1.52134,3380640000,8
1423495200000,1423495679000,1.52134,1.52257,1.52134,1.52255,3676090000,8
1423495680000,1423496159000,1.52255,1.52322,1.52226,1.52286,3124740000,8
1423496160000,1423496639000,1.52286,1.5235,1.52279,1.52322,2690720000,8
1423496640000,1423497119000,1.52322,1.52371,1.52291,1.52313,3245040000,8
1423497120000,1423497599000,1.52313,1.52441,1.52299,1.52403,3977030000,8
1423497600000,1423498079000,1.524,1.52437,1.52278,1.52288,3803320000,8
1423498080000,1423498559000,1.52286,1.52311,1.52251,1.52288,3107100000,8
1423498560000,1423499039000,1.52288,1.52348,1.52288,1.52319,2748330000,8
1423499040000,1423499519000,1.5232,1.52334,1.52228,1.52238,3109150000,8
1423499520000,1423499999000,1.52238,1.52272,1.52205,1.52227,3183580000,8
1423500000000,1423500479000,1.52225,1.52229,1.52174,1.52174,3021210000,8
1423500480000,1423500959000,1.52175,1.52227,1.52166,1.52166,2350500000,8
1423500960000,1423501439000,1.52166,1.52186,1.52139,1.52183,1531320000,8
1423501440000,1423501919000,1.52183,1.52217,1.5216,1.52162,995050000,8
1423501920000,1423502399000,1.52164,1.52166,1.52099,1.52122,799500000,8
1423502400000,1423502879000,1.52122,1.52162,1.52106,1.52138,799530000,8
1423502880000,1423503359000,1.52138,1.52206,1.52125,1.52125,858190000,8
1423503360000,1423503839000,1.52128,1.52216,1.52117,1.52152,840890000,8
1423503840000,1423504319000,1.52152,1.52156,1.5209,1.5213,559950000,8
1423504320000,1423504799000,1.52129,1.52157,1.52101,1.52152,568070000,8
1423504800000,1423505279000,1.52157,1.52216,1.52149,1.52215,631250000,8
1423505280000,1423505759000,1.52213,1.52246,1.52197,1.52203,732650000,8
1423505760000,1423506239000,1.52204,1.52302,1.522,1.52263,744440000,8
1423506240000,1423506719000,1.5226,1.5232,1.52244,1.52278,709120000,8
1423506720000,1423507199000,1.52278,1.52325,1.52277,1.52318,786440000,8
1423507200000,1423507679000,1.52318,1.52333,1.52315,1.5232,472310000,8
1423507680000,1423508159000,1.5232,1.52327,1.523,1.52308,416060000,8
1423508160000,1423508639000,1.52306,1.52318,1.52285,1.52312,670110000,8
1423508640000,1423509119000,1.52312,1.52313,1.52286,1.52297,487080000,8
1423509120000,1423509599000,1.52297,1.52327,1.52297,1.52303,375930000,8
1423509600000,1423510079000,1.52303,1.5234,1.52301,1.52316,640490000,8
1423510080000,1423510559000,1.52316,1.52346,1.52314,1.52338,425330000,8
1423510560000,1423511039000,1.52341,1.52375,1.52329,1.52368,435410000,8
1423511040000,1423511519000,1.52368,1.52415,1.52346,1.52373,934900000,8
1423511520000,1423511999000,1.52369,1.52369,1.52308,1.52309,667010000,8
1423512000000,1423512479000,1.52308,1.52342,1.52273,1.52286,683190000,8
1423512480000,1423512959000,1.52284,1.52291,1.52224,1.52241,575780000,8
1423512960000,1423513439000,1.52241,1.52246,1.52163,1.52209,814010000,8
1423513440000,1423513919000,1.52209,1.52217,1.52194,1.52196,550210000,8
1423513920000,1423514399000,1.52197,1.52217,1.52135,1.52136,629310000,8
1423514400000,1423514879000,1.52136,1.52182,1.52136,1.52181,417010000,8
1423514880000,1423515359000,1.52181,1.52186,1.52137,1.5217,507200000,8
1423515360000,1423515839000,1.52172,1.52192,1.52142,1.52183,280250000,8
1423515840000,1423516319000,1.52184,1.52184,1.52163,1.52163,289690000,8
1423516320000,1423516799000,1.52163,1.52178,1.52162,1.52169,280490000,8
1423516800000,1423517279000,1.52175,1.52176,1.52156,1.52163,467380000,8
1423517280000,1423517759000,1.52163,1.52168,1.52135,1.52143,387240000,8
1423517760000,1423518239000,1.52142,1.52185,1.52138,1.52174,433040000,8
1423518240000,1423518719000,1.52171,1.52179,1.52138,1.52141,539220000,8
1423518720000,1423519199000,1.5214,1.52152,1.52121,1.52148,836470000,8
1423519200000,1423519679000,1.5215,1.52174,1.52126,1.52163,116190000,8
1423519680000,1423520159000,1.52157,1.5218,1.52147,1.52148,179480000,8
1423520160000,1423520639000,1.52146,1.52156,1.52136,1.52136,183180000,8
1423520640000,1423521119000,1.52135,1.52159,1.52133,1.52141,179970000,8
1423521120000,1423521599000,1.52141,1.52156,1.52135,1.52145,522990000,8
1423521600000,1423522079000,1.52144,1.52153,1.52124,1.52124,458340000,8
1423522080000,1423522559000,1.52124,1.52143,1.5212,1.52122,858070000,8
1423522560000,1423523039000,1.52122,1.52153,1.52114,1.52145,1029140000,8
1423523040000,1423523519000,1.52146,1.52178,1.52143,1.52175,536720000,8
1423523520000,1423523999000,1.52175,1.5222,1.5216,1.52219,576510000,8
1423524000000,1423524479000,1.52219,1.52258,1.52211,1.52258,474750000,8
1423524480000,1423524959000,1.52258,1.52274,1.52257,1.52262,423090000,8
1423524960000,1423525439000,1.52262,1.52262,1.52167,1.52167,663050000,8
1423525440000,1423525919000,1.52166,1.5218,1.52134,1.5215,497370000,8
1423525920000,1423526399000,1.52149,1.52155,1.52131,1.52139,491230000,8
1423526400000,1423526879000,1.52139,1.5216,1.52121,1.52159,584550000,8
1423526880000,1423527359000,1.52161,1.52186,1.52149,1.52181,436110000,8
1423527360000,1423527839000,1.5218,1.52221,1.5218,1.52221,469410000,8
1423527840000,1423528319000,1.5222,1.52236,1.52211,1.52234,292170000,8
1423528320000,1423528799000,1.52234,1.52259,1.52233,1.52246,254610000,8
1423528800000,1423529279000,1.52246,1.52267,1.5224,1.52262,434950000,8
1423529280000,1423529759000,1.52263,1.52291,1.52257,1.52284,657790000,8
1423529760000,1423530239000,1.52282,1.52291,1.52233,1.52241,622400000,8
1423530240000,1423530719000,1.52241,1.52241,1.52206,1.52207,693730000,8
1423530720000,1423531199000,1.52207,1.52236,1.52197,1.52227,410460000,8
1423531200000,1423531679000,1.52227,1.52233,1.52215,1.52227,306880000,8
1423531680000,1423532159000,1.52228,1.52234,1.52207,1.52222,435320000,8
1423532160000,1423532639000,1.52222,1.52273,1.52207,1.52264,579060000,8
1423532640000,1423533119000,1.52264,1.52291,1.52259,1.52277,333010000,8
1423533120000,1423533599000,1.52278,1.52287,1.52222,1.52225,473050000,8
1423533600000,1423534079000,1.52223,1.52236,1.52206,1.52232,303070000,8
1423534080000,1423534559000,1.52234,1.52296,1.52221,1.52283,537470000,8
1423534560000,1423535039000,1.52282,1.52302,1.52266,1.52288,693270000,8
1423535040000,1423535519000,1.52288,1.52302,1.52268,1.52293,381740000,8
1423535520000,1423535999000,1.52293,1.52344,1.52281,1.52306,683320000,8
1423536000000,1423536479000,1.52306,1.52319,1.52277,1.52316,434260000,8
1423536480000,1423536959000,1.52314,1.52323,1.52286,1.52317,556970000,8
1423536960000,1423537439000,1.52318,1.52384,1.52312,1.52357,684890000,8
1423537440000,1423537919000,1.52358,1.52374,1.52355,1.52366,252090000,8
1423537920000,1423538399000,1.52365,1.52408,1.5236,1.52397,298940000,8
1423538400000,1423538879000,1.52396,1.52432,1.52396,1.52417,440050000,8
1423538880000,1423539359000,1.52417,1.52491,1.52415,1.52479,453090000,8
1423539360000,1423539839000,1.52479,1.52479,1.52447,1.52448,477450000,8
1423539840000,1423540319000,1.52448,1.52448,1.52394,1.52413,370150000,8
1423540320000,1423540799000,1.52413,1.52417,1.52387,1.524,393240000,8
1423540800000,1423541279000,1.524,1.52429,1.524,1.52418,445840000,8
1423541280000,1423541759000,1.52418,1.52436,1.52418,1.52423,194440000,8
1423541760000,1423542239000,1.52422,1.52443,1.52421,1.52432,200370000,8
1423542240000,1423542719000,1.52432,1.52434,1.52397,1.52417,358230000,8
1423542720000,1423543199000,1.52416,1.5242,1.524,1.52409,284430000,8
1423543200000,1423543679000,1.52409,1.5241,1.52371,1.52373,256650000,8
1423543680000,1423544159000,1.52374,1.52381,1.52359,1.52372,214060000,8
1423544160000,1423544639000,1.52372,1.52382,1.52362,1.52363,175920000,8
1423544640000,1423545119000,1.52365,1.52376,1.52345,1.52352,291460000,8
1423545120000,1423545599000,1.52353,1.52386,1.52353,1.52367,151300000,8
1423545600000,1423546079000,1.52367,1.52379,1.52366,1.52373,166110000,8
1423546080000,1423546559000,1.52373,1.52375,1.52367,1.52371,303430000,8
1423546560000,1423547039000,1.52372,1.5239,1.52365,1.52381,327020000,8
1423547040000,1423547519000,1.52381,1.52399,1.52366,1.52396,292580000,8
1423547520000,1423547999000,1.52396,1.52421,1.52381,1.52419,280020000,8
1423548000000,1423548479000,1.52421,1.52431,1.52392,1.52413,413810000,8
1423548480000,1423548959000,1.52414,1.52468,1.52411,1.52463,377520000,8
1423548960000,1423549439000,1.52465,1.52469,1.52438,1.5244,228280000,8
1423549440000,1423549919000,1.5244,1.52457,1.52413,1.52457,364960000,8
1423549920000,1423550399000,1.52458,1.52465,1.52442,1.52459,818610000,8
1423550400000,1423550879000,1.52459,1.5246,1.52387,1.52389,773210000,8
1423550880000,1423551359000,1.52388,1.52406,1.52366,1.52384,881100000,8
1423551360000,1423551839000,1.52384,1.52427,1.52377,1.52421,856570000,8
1423551840000,1423552319000,1.52421,1.52467,1.52393,1.5245,1214260000,8
1423552320000,1423552799000,1.52452,1.52502,1.52432,1.52437,1201400000,8
1423552800000,1423553279000,1.52436,1.5245,1.52372,1.52392,1011980000,8
1423553280000,1423553759000,1.5239,1.52422,1.52345,1.52398,1551710000,8
1423553760000,1423554239000,1.52399,1.52401,1.52312,1.52371,2052280000,8
1423554240000,1423554719000,1.52371,1.52434,1.52349,1.52387,1708010000,8
1423554720000,1423555199000,1.52387,1.52435,1.52362,1.52416,1906110000,8
1423555200000,1423555679000,1.52413,1.52477,1.52405,1.52443,2634870000,8
1423555680000,1423556159000,1.52443,1.52495,1.52437,1.52465,2026680000,8
1423556160000,1423556639000,1.52465,1.52468,1.52434,1.52451,1841110000,8
1423556640000,1423557119000,1.5245,1.52456,1.52393,1.52436,2320920000,8
1423557120000,1423557599000,1.52431,1.52466,1.52369,1.52426,2112000000,8
1423557600000,1423558079000,1.52424,1.52449,1.5239,1.52421,1814950000,8
1423558080000,1423558559000,1.52419,1.52437,1.5239,1.52394,1900230000,8
1423558560000,1423559039000,1.52394,1.52401,1.52269,1.52339,2614000000,8
1423559040000,1423559519000,1.52338,1.52357,1.52251,1.52279,2465300000,8
1423559520000,1423559999000,1.52281,1.52289,1.52243,1.52243,1864930000,8
1423560000000,1423560479000,1.52244,1.52341,1.52186,1.5222,3307260000,8
1423560480000,1423560959000,1.52221,1.52375,1.52139,1.52371,3475910000,8
1423560960000,1423561439000,1.52377,1.52398,1.52204,1.52238,3173910000,8
1423561440000,1423561919000,1.52239,1.52259,1.52055,1.52076,2834290000,8
1423561920000,1423562399000,1.52072,1.52124,1.51961,1.52026,2783320000,8
1423562400000,1423562879000,1.52026,1.52072,1.52002,1.52033,2789200000,8
1423562880000,1423563359000,1.52033,1.52175,1.52023,1.52167,2973720000,8
1423563360000,1423563839000,1.52167,1.52182,1.52106,1.52154,2298520000,8
1423563840000,1423564319000,1.52154,1.52232,1.52152,1.52192,2794690000,8
1423564320000,1423564799000,1.52192,1.52273,1.52178,1.52273,2624460000,8
1423564800000,1423565279000,1.5227,1.52392,1.52249,1.52374,2169470000,8
1423565280000,1423565759000,1.52367,1.5237,1.52287,1.52337,1640510000,8
1423565760000,1423566239000,1.52336,1.52355,1.52218,1.52228,3092250000,8
1423566240000,1423566719000,1.5223,1.5225,1.52178,1.52195,2073220000,8
1423566720000,1423567199000,1.52195,1.5221,1.52136,1.52147,1639130000,8
1423567200000,1423567679000,1.52147,1.5216,1.52084,1.52131,1644870000,8
1423567680000,1423568159000,1.5213,1.52167,1.52122,1.52144,1272650000,8
1423568160000,1423568639000,1.52143,1.52161,1.52094,1.5213,1483050000,8
1423568640000,1423569119000,1.52132,1.52163,1.52106,1.52158,1701060000,8
1423569120000,1423569599000,1.52157,1.52197,1.52131,1.52131,1170110000,8
1423569600000,1423570079000,1.52132,1.52243,1.52097,1.52186,2652000000,8
1423570080000,1423570559000,1.52186,1.52375,1.52184,1.52297,4377350000,8
1423570560000,1423571039000,1.523,1.5234,1.52244,1.52294,4411860000,8
1423571040000,1423571519000,1.52293,1.52322,1.52235,1.52314,3774880000,8
1423571520000,1423571999000,1.52314,1.52364,1.52288,1.52358,2747640000,8
1423572000000,1423572479000,1.52356,1.52396,1.52325,1.52354,3222290000,8
1423572480000,1423572959000,1.52358,1.5236,1.52239,1.52259,3419650000,8
1423572960000,1423573439000,1.52259,1.52306,1.52226,1.52282,2905390000,8
1423573440000,1423573919000,1.52282,1.52355,1.5227,1.52346,1994980000,8
1423573920000,1423574399000,1.52347,1.52353,1.52214,1.52262,3152470000,8
1423574400000,1423574879000,1.52268,1.52313,1.52249,1.52249,3196390000,8
1423574880000,1423575359000,1.52251,1.52398,1.52214,1.52323,3638330000,8
1423575360000,1423575839000,1.52323,1.52352,1.52255,1.52284,2157640000,8
1423575840000,1423576319000,1.52284,1.52291,1.52199,1.52256,2364470000,8
1423576320000,1423576799000,1.52254,1.52294,1.52236,1.52281,2515760000,8
1423576800000,1423577279000,1.52282,1.5234,1.52254,1.52332,2204600000,8
1423577280000,1423577759000,1.52332,1.52367,1.5231,1.52322,1844070000,8
1423577760000,1423578239000,1.52324,1.52365,1.52315,1.52348,2145610000,8
1423578240000,1423578719000,1.52348,1.52357,1.5227,1.52325,2314130000,8
1423578720000,1423579199000,1.52325,1.52339,1.52288,1.52301,2635050000,8
1423579200000,1423579679000,1.52303,1.52343,1.52282,1.52316,2669160000,8
1423579680000,1423580159000,1.52314,1.52326,1.52253,1.52258,2843240000,8
1423580160000,1423580639000,1.52259,1.52402,1.52257,1.52353,2284050000,8
1423580640000,1423581119000,1.52352,1.52405,1.52341,1.52392,2184800000,8
1423581120000,1423581599000,1.52393,1.52396,1.52272,1.52295,2331560000,8
1423581600000,1423582079000,1.52295,1.52305,1.52214,1.52217,2774960000,8
1423582080000,1423582559000,1.52217,1.52334,1.52153,1.52284,3008990000,8
1423582560000,1423583039000,1.52286,1.52364,1.52263,1.52315,3226250000,8
1423583040000,1423583519000,1.52316,1.52396,1.52253,1.5237,3064480000,8
1423583520000,1423583999000,1.52372,1.52595,1.52347,1.52588,2771620000,8
1423584000000,1423584479000,1.52586,1.52639,1.52435,1.52502,2991650000,8
1423584480000,1423584959000,1.52502,1.52511,1.52433,1.52464,2928020000,8
1423584960000,1423585439000,1.52463,1.52521,1.52444,1.52485,1993010000,8
1423585440000,1423585919000,1.52483,1.52498,1.52405,1.5247,2099290000,8
1423585920000,1423586399000,1.52469,1.52479,1.52414,1.5245,1914610000,8
1423586400000,1423586879000,1.5245,1.52522,1.52443,1.52492,1726290000,8
1423586880000,1423587359000,1.52493,1.52592,1.52493,1.52534,2374730000,8
1423587360000,1423587839000,1.52534,1.52556,1.52486,1.52551,1746080000,8
1423587840000,1423588319000,1.52549,1.52608,1.5252,1.5259,896380000,8
1423588320000,1423588799000,1.52591,1.52758,1.52591,1.52676,1042260000,8
1423588800000,1423589279000,1.52676,1.52682,1.52586,1.52593,905260000,8
1423589280000,1423589759000,1.52596,1.5264,1.5257,1.52623,749550000,8
1423589760000,1423590239000,1.52624,1.52632,1.52532,1.52533,775460000,8
1423590240000,1423590719000,1.52533,1.52548,1.5249,1.5253,807150000,8
1423590720000,1423591199000,1.52531,1.5262,1.52526,1.52575,729390000,8
1423591200000,1423591679000,1.52575,1.52604,1.52509,1.52602,621260000,8
1423591680000,1423592159000,1.52602,1.52639,1.5255,1.5255,655230000,8
1423592160000,1423592639000,1.5255,1.52572,1.52503,1.52551,769380000,8
1423592640000,1423593119000,1.52551,1.52612,1.52551,1.52554,585610000,8
1423593120000,1423593599000,1.52554,1.52589,1.5253,1.52542,425660000,8
1423593600000,1423594079000,1.52542,1.52555,1.5251,1.5252,560540000,8
1423594080000,1423594559000,1.5252,1.5259,1.5252,1.52581,526170000,8
1423594560000,1423595039000,1.52583,1.52593,1.52531,1.52563,814010000,8
1423595040000,1423595519000,1.52563,1.52569,1.52511,1.52511,573840000,8
1423595520000,1423595999000,1.52512,1.52614,1.52495,1.52612,562190000,8
1423596000000,1423596479000,1.52612,1.52623,1.5258,1.52589,472890000,8
1423596480000,1423596959000,1.52589,1.52621,1.52564,1.52566,574270000,8
1423596960000,1423597439000,1.52566,1.52586,1.5252,1.5252,737540000,8
1423597440000,1423597919000,1.5252,1.52532,1.52502,1.52502,355520000,8
1423597920000,1423598399000,1.525,1.52551,1.52468,1.52531,618520000,8
1423598400000,1423598879000,1.52531,1.52547,1.52467,1.52515,759370000,8
1423598880000,1423599359000,1.52514,1.52553,1.52488,1.52534,604890000,8
1423599360000,1423599839000,1.52533,1.52543,1.52491,1.52491,465270000,8
1423599840000,1423600319000,1.52491,1.52551,1.52481,1.52528,345260000,8
1423600320000,1423600799000,1.52526,1.5256,1.52471,1.52556,539790000,8
1423600800000,1423601279000,1.52556,1.52577,1.52542,1.52553,397200000,8
1423601280000,1423601759000,1.52552,1.52575,1.5254,1.52554,523440000,8
1423601760000,1423602239000,1.52555,1.52586,1.52508,1.52521,456790000,8
1423602240000,1423602719000,1.5252,1.52535,1.52479,1.52492,373730000,8
1423602720000,1423603199000,1.52492,1.52527,1.52487,1.52513,637840000,8
1423603200000,1423603679000,1.52513,1.52517,1.52478,1.5248,307110000,8
1423603680000,1423604159000,1.5248,1.52488,1.52468,1.52487,319970000,8
1423604160000,1423604639000,1.52488,1.525,1.52484,1.52491,376460000,8
1423604640000,1423605119000,1.52491,1.52515,1.52486,1.52512,741920000,8
1423605120000,1423605599000,1.52512,1.52537,1.52495,1.52526,974880000,8
1423605600000,1423606079000,1.52525,1.52539,1.52504,1.52508,137470000,8
1423606080000,1423606559000,1.52508,1.52539,1.52503,1.52521,149960000,8
1423606560000,1423607039000,1.52521,1.5255,1.52517,1.52541,221020000,8
1423607040000,1423607519000,1.52541,1.52545,1.52527,1.52533,240660000,8
1423607520000,1423607999000,1.52534,1.52546,1.52522,1.52533,419490000,8
1423608000000,1423608479000,1.52533,1.52544,1.52526,1.52536,276090000,8
1423608480000,1423608959000,1.52536,1.52556,1.52536,1.52543,298850000,8
1423608960000,1423609439000,1.52543,1.52571,1.52534,1.52571,404940000,8
1423609440000,1423609919000,1.52571,1.52601,1.52571,1.52599,857340000,8
1423609920000,1423610399000,1.52599,1.52631,1.52598,1.52622,711370000,8
1423610400000,1423610879000,1.52622,1.52622,1.52549,1.52554,413430000,8
1423610880000,1423611359000,1.52554,1.52614,1.52534,1.52592,485060000,8
1423611360000,1423611839000,1.52591,1.52592,1.52563,1.52582,189090000,8
1423611840000,1423612319000,1.52582,1.52594,1.52576,1.52588,297760000,8
1423612320000,1423612799000,1.52588,1.52591,1.52578,1.52581,393460000,8
1423612800000,1423613279000,1.52579,1.52587,1.52559,1.52562,286600000,8
1423613280000,1423613759000,1.52562,1.52599,1.52561,1.52577,448280000,8
1423613760000,1423614239000,1.52577,1.5259,1.52562,1.52562,561490000,8
1423614240000,1423614719000,1.52562,1.52578,1.52513,1.52513,385770000,8
1423614720000,1423615199000,1.52511,1.52528,1.52507,1.52519,284390000,8
1423615200000,1423615679000,1.52519,1.52533,1.52515,1.5253,219890000,8
1423615680000,1423616159000,1.5253,1.52569,1.52523,1.52569,310770000,8
1423616160000,1423616639000,1.52569,1.52579,1.52537,1.52548,551100000,8
1423616640000,1423617119000,1.52548,1.52591,1.52548,1.52587,418660000,8
1423617120000,1423617599000,1.52587,1.52596,1.52574,1.52593,297980000,8
1423617600000,1423618079000,1.52594,1.52622,1.52587,1.52612,287120000,8
1423618080000,1423618559000,1.52612,1.52612,1.52593,1.526,259580000,8
1423618560000,1423619039000,1.526,1.52633,1.52595,1.5263,268710000,8
1423619040000,1423619519000,1.52629,1.52632,1.52613,1.52619,501150000,8
1423619520000,1423619999000,1.52619,1.52656,1.52614,1.52643,387720000,8
1423620000000,1423620479000,1.52642,1.52676,1.52632,1.52656,385930000,8
1423620480000,1423620959000,1.52656,1.52665,1.5262,1.52625,411690000,8
1423620960000,1423621439000,1.52625,1.52661,1.5262,1.52657,425270000,8
1423621440000,1423621919000,1.52657,1.52657,1.52649,1.52654,250480000,8
1423621920000,1423622399000,1.52654,1.52656,1.52583,1.5259,325520000,8
1423622400000,1423622879000,1.52592,1.52592,1.52528,1.52555,633120000,8
1423622880000,1423623359000,1.52554,1.52564,1.5254,1.52544,264880000,8
1423623360000,1423623839000,1.52544,1.52548,1.52537,1.52543,338020000,8
1423623840000,1423624319000,1.52542,1.52549,1.52528,1.52535,312350000,8
1423624320000,1423624799000,1.52536,1.52549,1.52524,1.52536,301600000,8
1423624800000,1423625279000,1.52536,1.52537,1.5252,1.52525,187760000,8
1423625280000,1423625759000,1.52526,1.52526,1.52491,1.52491,238320000,8
1423625760000,1423626239000,1.52488,1.52492,1.52451,1.52462,410490000,8
1423626240000,1423626719000,1.52462,1.52476,1.52458,1.52474,588200000,8
1423626720000,1423627199000,1.52474,1.52489,1.52469,1.52475,294650000,8
1423627200000,1423627679000,1.52473,1.52473,1.52439,1.52444,605250000,8
1423627680000,1423628159000,1.52444,1.5246,1.52443,1.52452,342400000,8
1423628160000,1423628639000,1.52452,1.5246,1.52429,1.52443,464560000,8
1423628640000,1423629119000,1.52443,1.52443,1.52407,1.52419,474120000,8
1423629120000,1423629599000,1.52417,1.52446,1.52416,1.52428,391840000,8
1423629600000,1423630079000,1.52427,1.52441,1.52425,1.52436,250930000,8
1423630080000,1423630559000,1.52436,1.52446,1.5243,1.52441,270090000,8
1423630560000,1423631039000,1.52441,1.52447,1.52425,1.52427,360000000,8
1423631040000,1423631519000,1.52426,1.52429,1.52413,1.52421,298660000,8
1423631520000,1423631999000,1.52421,1.52421,1.52384,1.52418,228540000,8
1423632000000,1423632479000,1.52417,1.52432,1.52417,1.52425,260970000,8
1423632480000,1423632959000,1.52423,1.52423,1.5239,1.52396,517910000,8
1423632960000,1423633439000,1.52396,1.52413,1.52391,1.52406,258560000,8
1423633440000,1423633919000,1.52405,1.52411,1.524,1.52402,210090000,8
1423633920000,1423634399000,1.52403,1.52403,1.52392,1.52392,254400000,8
1423634400000,1423634879000,1.52391,1.52399,1.52391,1.52399,241570000,8
1423634880000,1423635359000,1.52399,1.52433,1.52398,1.52433,316910000,8
1423635360000,1423635839000,1.52433,1.52435,1.52423,1.52428,226670000,8
1423635840000,1423636319000,1.52429,1.52447,1.52417,1.52446,291930000,8
1423636320000,1423636799000,1.52446,1.52471,1.52438,1.52449,876580000,8
1423636800000,1423637279000,1.5245,1.52464,1.52448,1.52452,802430000,8
1423637280000,1423637759000,1.52453,1.5246,1.52444,1.52449,628100000,8
1423637760000,1423638239000,1.52449,1.52463,1.52424,1.52426,825980000,8
1423638240000,1423638719000,1.52426,1.52432,1.52393,1.52428,1064920000,8
1423638720000,1423639199000,1.52428,1.52451,1.52402,1.52402,1285600000,8
1423639200000,1423639679000,1.52402,1.52403,1.52332,1.52362,1241150000,8
1423639680000,1423640159000,1.52364,1.52394,1.52329,1.52392,783350000,8
1423640160000,1423640639000,1.52391,1.52406,1.5237,1.52371,1179280000,8
1423640640000,1423641119000,1.52371,1.5244,1.5233,1.52434,1716650000,8
1423641120000,1423641599000,1.52433,1.52562,1.52433,1.52549,1198450000,8
1423641600000,1423642079000,1.52549,1.52673,1.5252,1.52673,2833920000,8
1423642080000,1423642559000,1.52673,1.52772,1.52591,1.52621,3172500000,8
1423642560000,1423643039000,1.52622,1.52685,1.52592,1.52638,2049740000,8
1423643040000,1423643519000,1.52639,1.52664,1.52593,1.52596,1705050000,8
1423643520000,1423643999000,1.52596,1.52615,1.52532,1.52596,1549650000,8
1423644000000,1423644479000,1.52596,1.52645,1.52562,1.5264,1506850000,8
1423644480000,1423644959000,1.5264,1.52695,1.52595,1.52595,2060520000,8
1423644960000,1423645439000,1.52595,1.52629,1.52552,1.52614,1552600000,8
1423645440000,1423645919000,1.52614,1.52622,1.52549,1.5258,1501370000,8
1423645920000,1423646399000,1.52582,1.52666,1.52569,1.52634,1595640000,8
1423646400000,1423646879000,1.52633,1.52888,1.52633,1.52839,3977760000,8
1423646880000,1423647359000,1.52837,1.52902,1.528,1.52876,3068950000,8
1423647360000,1423647839000,1.52876,1.52974,1.52832,1.52912,2984830000,8
1423647840000,1423648319000,1.52913,1.52921,1.52801,1.52837,2241170000,8
1423648320000,1423648799000,1.52837,1.52936,1.52776,1.52924,2208450000,8
1423648800000,1423649279000,1.52924,1.52967,1.52881,1.52932,2963750000,8
1423649280000,1423649759000,1.52929,1.52958,1.52908,1.52916,1624490000,8
1423649760000,1423650239000,1.52916,1.52955,1.52888,1.52888,1288690000,8
1423650240000,1423650719000,1.52888,1.52948,1.52888,1.52924,1474140000,8
1423650720000,1423651199000,1.52924,1.52943,1.52878,1.52902,2301910000,8
1423651200000,1423651679000,1.529,1.5295,1.52891,1.52936,1782370000,8
1423651680000,1423652159000,1.52936,1.52994,1.52906,1.52953,1079750000,8
1423652160000,1423652639000,1.5295,1.52967,1.52887,1.52892,1462880000,8
1423652640000,1423653119000,1.52892,1.52944,1.52887,1.52895,1503440000,8
1423653120000,1423653599000,1.52897,1.52947,1.52885,1.52924,1913340000,8
1423653600000,1423654079000,1.52924,1.52959,1.52887,1.52898,2491460000,8
1423654080000,1423654559000,1.52899,1.52928,1.5282,1.5287,1541490000,8
1423654560000,1423655039000,1.52868,1.52912,1.5283,1.52885,2027100000,8
1423655040000,1423655519000,1.52885,1.52909,1.52822,1.52896,1869380000,8
1423655520000,1423655999000,1.52896,1.5292,1.5286,1.52912,1903840000,8
1423656000000,1423656479000,1.52913,1.52945,1.52904,1.52919,2510700000,8
1423656480000,1423656959000,1.52919,1.52947,1.52851,1.52904,2335130000,8
1423656960000,1423657439000,1.52906,1.52954,1.52891,1.52933,1780910000,8
1423657440000,1423657919000,1.52933,1.52963,1.52909,1.52947,1650950000,8
1423657920000,1423658399000,1.52948,1.52966,1.52902,1.52902,1613700000,8
1423658400000,1423658879000,1.52902,1.5298,1.52893,1.52966,1212160000,8
1423658880000,1423659359000,1.5297,1.52988,1.52948,1.52974,1558900000,8
1423659360000,1423659839000,1.52972,1.52991,1.52931,1.52939,2018890000,8
1423659840000,1423660319000,1.52936,1.52983,1.52933,1.52982,1884440000,8
1423660320000,1423660799000,1.52982,1.52986,1.52953,1.5297,1883930000,8
1423660800000,1423661279000,1.5297,1.52975,1.52916,1.5292,2458370000,8
1423661280000,1423661759000,1.5292,1.52969,1.52904,1.5292,2025850000,8
1423661760000,1423662239000,1.5292,1.52967,1.52905,1.52949,1731550000,8
1423662240000,1423662719000,1.52949,1.52949,1.52914,1.52944,1825520000,8
1423662720000,1423663199000,1.52944,1.52969,1.5293,1.52963,2308940000,8
1423663200000,1423663679000,1.52961,1.52976,1.52938,1.52942,1761570000,8
1423663680000,1423664159000,1.52943,1.52956,1.52894,1.52924,1335760000,8
1423664160000,1423664639000,1.52924,1.52945,1.52903,1.5291,1346970000,8
1423664640000,1423665119000,1.52908,1.52912,1.52785,1.52816,1681440000,8
1423665120000,1423665599000,1.52816,1.52844,1.52788,1.52794,2571850000,8
1423665600000,1423666079000,1.52794,1.52796,1.52653,1.52661,3428340000,8
1423666080000,1423666559000,1.52661,1.52688,1.52571,1.52572,3217280000,8
1423666560000,1423667039000,1.52572,1.52627,1.52477,1.52601,3382460000,8
1423667040000,1423667519000,1.526,1.52639,1.52458,1.52484,3116910000,8
1423667520000,1423667999000,1.52478,1.52545,1.52425,1.52444,2762530000,8
1423668000000,1423668479000,1.52445,1.52504,1.52385,1.52493,2787220000,8
1423668480000,1423668959000,1.52493,1.5251,1.52453,1.52491,2301150000,8
1423668960000,1423669439000,1.52491,1.52609,1.52457,1.52526,3206200000,8
1423669440000,1423669919000,1.52524,1.52645,1.52523,1.52633,2163170000,8
1423669920000,1423670399000,1.52633,1.52695,1.5257,1.52655,2475950000,8
1423670400000,1423670879000,1.52653,1.5277,1.5263,1.52741,2497100000,8
1423670880000,1423671359000,1.52741,1.52753,1.52593,1.52596,1972500000,8
1423671360000,1423671839000,1.52598,1.52613,1.52382,1.52416,2107650000,8
1423671840000,1423672319000,1.52415,1.52515,1.52408,1.52489,1252800000,8
1423672320000,1423672799000,1.52488,1.52537,1.52371,1.52394,2360360000,8
1423672800000,1423673279000,1.52394,1.52425,1.52202,1.5224,2619710000,8
1423673280000,1423673759000,1.52244,1.52334,1.52236,1.5229,1272620000,8
1423673760000,1423674239000,1.5229,1.52333,1.52212,1.52255,1390370000,8
1423674240000,1423674719000,1.52255,1.52294,1.52188,1.52249,996930000,8
1423674720000,1423675199000,1.52249,1.52329,1.52239,1.52304,653220000,8
1423675200000,1423675679000,1.52304,1.52328,1.52253,1.52268,653490000,8
1423675680000,1423676159000,1.52268,1.52268,1.52194,1.5222,856980000,8
1423676160000,1423676639000,1.5222,1.52326,1.52208,1.52314,521940000,8
1423676640000,1423677119000,1.52314,1.52329,1.52274,1.52304,868770000,8
1423677120000,1423677599000,1.52304,1.52352,1.52264,1.5233,841820000,8
1423677600000,1423678079000,1.52332,1.52356,1.52288,1.52317,1080070000,8
1423678080000,1423678559000,1.52317,1.52357,1.52278,1.52314,813360000,8
1423678560000,1423679039000,1.52313,1.52411,1.52304,1.52389,790230000,8
1423679040000,1423679519000,1.52389,1.5246,1.52347,1.52446,652130000,8
1423679520000,1423679999000,1.52446,1.52446,1.5238,1.52382,597000000,8
1423680000000,1423680479000,1.52381,1.52389,1.52337,1.5234,423600000,8
1423680480000,1423680959000,1.52341,1.52351,1.52323,1.52347,395310000,8
1423680960000,1423681439000,1.52348,1.52392,1.52324,1.52327,1161190000,8
1423681440000,1423681919000,1.52326,1.5239,1.52326,1.52367,699420000,8
1423681920000,1423682399000,1.52367,1.52396,1.52353,1.52356,502660000,8
1423682400000,1423682879000,1.52354,1.52371,1.52334,1.5235,474570000,8
1423682880000,1423683359000,1.52351,1.52404,1.52343,1.52383,662690000,8
1423683360000,1423683839000,1.52384,1.52478,1.52384,1.52467,644730000,8
1423683840000,1423684319000,1.52467,1.52467,1.52411,1.52447,492460000,8
1423684320000,1423684799000,1.52448,1.52479,1.52447,1.52456,383190000,8
1423684800000,1423685279000,1.52456,1.52464,1.52428,1.5245,710050000,8
1423685280000,1423685759000,1.5245,1.52453,1.52408,1.52413,734870000,8
1423685760000,1423686239000,1.52413,1.52455,1.52408,1.52439,686840000,8
1423686240000,1423686719000,1.52441,1.52441,1.52402,1.52404,814270000,8
1423686720000,1423687199000,1.52403,1.52415,1.52395,1.52405,560270000,8
1423687200000,1423687679000,1.52405,1.52443,1.52369,1.5244,662430000,8
1423687680000,1423688159000,1.52437,1.52443,1.52331,1.52342,784360000,8
1423688160000,1423688639000,1.5234,1.52448,1.5233,1.52391,574130000,8
1423688640000,1423689119000,1.52395,1.52404,1.52361,1.5237,314380000,8
1423689120000,1423689599000,1.5237,1.5237,1.5233,1.52367,293910000,8
1423689600000,1423690079000,1.52363,1.52405,1.52354,1.52397,342490000,8
1423690080000,1423690559000,1.52397,1.52413,1.52313,1.52315,512830000,8
1423690560000,1423691039000,1.52315,1.52439,1.5231,1.52328,1648850000,8
1423691040000,1423691519000,1.52329,1.5239,1.52253,1.52288,2167840000,8
1423691520000,1423691999000,1.52301,1.52397,1.52247,1.52307,1251080000,8
1423692000000,1423692479000,1.52305,1.52387,1.52299,1.52387,131200000,8
1423692480000,1423692959000,1.52387,1.52414,1.52321,1.52381,737510000,8
1423692960000,1423693439000,1.52383,1.52402,1.52311,1.5239,577950000,8
1423693440000,1423693919000,1.52389,1.52453,1.52355,1.52432,419530000,8
1423693920000,1423694399000,1.52432,1.52447,1.52379,1.52381,413500000,8
1423694400000,1423694879000,1.52382,1.52415,1.52368,1.52395,362980000,8
1423694880000,1423695359000,1.52395,1.52397,1.52373,1.52388,302270000,8
1423695360000,1423695839000,1.52389,1.52396,1.52387,1.52391,340300000,8
1423695840000,1423696319000,1.52391,1.52412,1.52373,1.52393,483860000,8
1423696320000,1423696799000,1.52393,1.52417,1.52364,1.52372,1158370000,8
1423696800000,1423697279000,1.52373,1.524,1.52369,1.52377,550410000,8
1423697280000,1423697759000,1.52377,1.52406,1.5237,1.52381,799570000,8
1423697760000,1423698239000,1.52381,1.52384,1.52376,1.52384,606260000,8
1423698240000,1423698719000,1.52384,1.52408,1.52379,1.52406,559290000,8
1423698720000,1423699199000,1.52406,1.52426,1.52403,1.52426,286630000,8
1423699200000,1423699679000,1.52426,1.52426,1.52376,1.52423,642630000,8
1423699680000,1423700159000,1.52424,1.52443,1.5242,1.52433,254540000,8
1423700160000,1423700639000,1.52433,1.52439,1.5242,1.52438,368490000,8
1423700640000,1423701119000,1.52438,1.52468,1.52374,1.52468,476620000,8
1423701120000,1423701599000,1.52468,1.5248,1.52378,1.52397,969290000,8
1423701600000,1423702079000,1.52397,1.52433,1.52317,1.5232,549880000,8
1423702080000,1423702559000,1.52321,1.52354,1.52291,1.5231,631780000,8
1423702560000,1423703039000,1.5231,1.5237,1.52308,1.52346,528550000,8
1423703040000,1423703519000,1.52339,1.52381,1.52316,1.52368,346540000,8
1423703520000,1423703999000,1.52368,1.52397,1.52365,1.52367,396550000,8
1423704000000,1423704479000,1.52361,1.52387,1.52349,1.52371,689280000,8
1423704480000,1423704959000,1.52371,1.52371,1.52316,1.52319,683910000,8
1423704960000,1423705439000,1.52319,1.52348,1.52287,1.52318,660730000,8
1423705440000,1423705919000,1.52317,1.52321,1.52298,1.52299,446710000,8
1423705920000,1423706399000,1.52299,1.52342,1.52299,1.52342,348980000,8
1423706400000,1423706879000,1.52342,1.52348,1.52309,1.52329,467520000,8
1423706880000,1423707359000,1.52327,1.52339,1.523,1.523,354410000,8
1423707360000,1423707839000,1.523,1.52312,1.52261,1.52271,367360000,8
1423707840000,1423708319000,1.52271,1.52273,1.52259,1.52264,312650000,8
1423708320000,1423708799000,1.52266,1.52266,1.52219,1.52219,220360000,8
1423708800000,1423709279000,1.52219,1.52236,1.52218,1.52221,259450000,8
1423709280000,1423709759000,1.52221,1.52241,1.52213,1.52229,429150000,8
1423709760000,1423710239000,1.52229,1.52234,1.52209,1.52211,561480000,8
1423710240000,1423710719000,1.5221,1.52215,1.52157,1.52191,575490000,8
1423710720000,1423711199000,1.52191,1.52205,1.52178,1.52179,576380000,8
1423711200000,1423711679000,1.52179,1.52205,1.5217,1.52203,399610000,8
1423711680000,1423712159000,1.52207,1.52222,1.52203,1.52215,157360000,8
1423712160000,1423712639000,1.52216,1.52233,1.52186,1.52229,355570000,8
1423712640000,1423713119000,1.52229,1.52272,1.52218,1.52249,338630000,8
1423713120000,1423713599000,1.52249,1.52249,1.52223,1.52226,424560000,8
1423713600000,1423714079000,1.52225,1.52227,1.522,1.52212,277890000,8
1423714080000,1423714559000,1.52212,1.52216,1.522,1.52208,193410000,8
1423714560000,1423715039000,1.5221,1.52221,1.522,1.52203,133430000,8
1423715040000,1423715519000,1.52203,1.52212,1.52199,1.52205,178250000,8
1423715520000,1423715999000,1.52204,1.52234,1.52197,1.5221,311840000,8
1423716000000,1423716479000,1.5221,1.52222,1.52197,1.522,113010000,8
1423716480000,1423716959000,1.52198,1.52225,1.52198,1.52214,413050000,8
1423716960000,1423717439000,1.52214,1.52214,1.52183,1.52187,407870000,8
1423717440000,1423717919000,1.52187,1.52204,1.52177,1.52204,396850000,8
1423717920000,1423718399000,1.52202,1.5221,1.52191,1.52207,376400000,8
1423718400000,1423718879000,1.52208,1.52209,1.52188,1.52194,298770000,8
1423718880000,1423719359000,1.52194,1.52209,1.52187,1.52209,296940000,8
1423719360000,1423719839000,1.52205,1.52222,1.52189,1.52221,634400000,8
1423719840000,1423720319000,1.5222,1.52225,1.52207,1.52215,314700000,8
1423720320000,1423720799000,1.52215,1.52257,1.52215,1.52253,487690000,8
1423720800000,1423721279000,1.52253,1.5226,1.52226,1.52238,465750000,8
1423721280000,1423721759000,1.52238,1.52239,1.52209,1.52212,310640000,8
1423721760000,1423722239000,1.52212,1.52235,1.5221,1.52235,455990000,8
1423722240000,1423722719000,1.52234,1.52246,1.52217,1.52231,703550000,8
1423722720000,1423723199000,1.52228,1.52255,1.52202,1.52204,1314320000,8
1423723200000,1423723679000,1.52202,1.52273,1.522,1.52251,784300000,8
1423723680000,1423724159000,1.52251,1.52333,1.52251,1.52329,1372800000,8
1423724160000,1423724639000,1.52328,1.52333,1.52259,1.52301,1199850000,8
1423724640000,1423725119000,1.52301,1.5239,1.523,1.5238,953730000,8
1423725120000,1423725599000,1.52381,1.52403,1.52353,1.52401,1080700000,8
1423725600000,1423726079000,1.52402,1.52429,1.52379,1.52407,1146440000,8
1423726080000,1423726559000,1.52408,1.52507,1.52406,1.52468,2210990000,8
1423726560000,1423727039000,1.52468,1.5247,1.52427,1.52445,1099580000,8
1423727040000,1423727519000,1.52446,1.52471,1.52339,1.52342,2232110000,8
1423727520000,1423727999000,1.52347,1.52378,1.52306,1.52356,2590560000,8
1423728000000,1423728479000,1.52358,1.52437,1.52333,1.52413,2623560000,8
1423728480000,1423728959000,1.52413,1.52463,1.52372,1.52432,2237660000,8
1423728960000,1423729439000,1.52434,1.52442,1.52361,1.52361,1468380000,8
1423729440000,1423729919000,1.52361,1.5254,1.52351,1.52535,4615180000,8
1423729920000,1423730399000,1.52532,1.52532,1.52389,1.52447,4559680000,8
1423730400000,1423730879000,1.52446,1.52462,1.52342,1.52396,3623130000,8
1423730880000,1423731359000,1.52392,1.52448,1.52318,1.5243,3229590000,8
1423731360000,1423731839000,1.5243,1.52442,1.52362,1.524,2836030000,8
1423731840000,1423732319000,1.52402,1.52501,1.52388,1.52419,2912090000,8
1423732320000,1423732799000,1.52419,1.52574,1.52405,1.52563,2998980000,8
1423732800000,1423733279000,1.52563,1.52707,1.52551,1.52589,3082000000,8
1423733280000,1423733759000,1.52589,1.52618,1.52562,1.52579,2577770000,8
1423733760000,1423734239000,1.5258,1.52624,1.52518,1.52602,2037180000,8
1423734240000,1423734719000,1.526,1.52609,1.52528,1.5253,1805940000,8
1423734720000,1423735199000,1.52531,1.52535,1.52307,1.52375,3066430000,8
1423735200000,1423735679000,1.52375,1.52375,1.52114,1.5216,3028170000,8
1423735680000,1423736159000,1.5216,1.52292,1.52088,1.52244,2939160000,8
1423736160000,1423736639000,1.52245,1.52316,1.52212,1.52292,1920030000,8
1423736640000,1423737119000,1.52294,1.52945,1.52177,1.5266,5048740000,8
1423737120000,1423737599000,1.52667,1.52737,1.52447,1.52609,6133630000,8
1423737600000,1423738079000,1.52604,1.53113,1.52579,1.52992,5928140000,8
1423738080000,1423738559000,1.52992,1.53252,1.52964,1.53181,5304090000,8
1423738560000,1423739039000,1.53182,1.53347,1.5317,1.53341,4483760000,8
1423739040000,1423739519000,1.53343,1.53421,1.53256,1.53333,4205520000,8
1423739520000,1423739999000,1.53334,1.53405,1.5329,1.53354,3579080000,8
1423740000000,1423740479000,1.53354,1.53361,1.53307,1.53339,2985440000,8
1423740480000,1423740959000,1.53345,1.53383,1.53309,1.5337,2410210000,8
1423740960000,1423741439000,1.53371,1.53432,1.53345,1.53368,2556260000,8
1423741440000,1423741919000,1.53368,1.53422,1.53361,1.53379,2416070000,8
1423741920000,1423742399000,1.53379,1.53411,1.53361,1.53377,2130700000,8
1423742400000,1423742879000,1.53377,1.53413,1.53343,1.53408,2467120000,8
1423742880000,1423743359000,1.5341,1.53648,1.53384,1.53544,3154170000,8
1423743360000,1423743839000,1.53544,1.53601,1.5351,1.53525,3241470000,8
1423743840000,1423744319000,1.53523,1.53532,1.53457,1.53489,2095680000,8
1423744320000,1423744799000,1.53489,1.53509,1.53448,1.53465,2116260000,8
1423744800000,1423745279000,1.53465,1.53566,1.53456,1.53549,2481720000,8
1423745280000,1423745759000,1.53549,1.53628,1.53519,1.53622,2911720000,8
1423745760000,1423746239000,1.53621,1.53739,1.53606,1.5368,3622870000,8
1423746240000,1423746719000,1.5368,1.53724,1.53572,1.53613,3242970000,8
1423746720000,1423747199000,1.53614,1.53621,1.53521,1.53547,2769340000,8
1423747200000,1423747679000,1.53545,1.53627,1.53501,1.53625,3081640000,8
1423747680000,1423748159000,1.53626,1.53878,1.53507,1.53857,6347200000,8
1423748160000,1423748639000,1.53857,1.53873,1.53749,1.53761,5787570000,8
1423748640000,1423749119000,1.5376,1.53793,1.53663,1.53731,4812750000,8
1423749120000,1423749599000,1.53732,1.53743,1.53582,1.53634,4126070000,8
1423749600000,1423750079000,1.53633,1.53731,1.5362,1.53621,3676940000,8
1423750080000,1423750559000,1.53621,1.53684,1.53555,1.53581,5204170000,8
1423750560000,1423751039000,1.5358,1.53721,1.5358,1.5363,3500510000,8
1423751040000,1423751519000,1.53629,1.5367,1.53594,1.53643,3631620000,8
1423751520000,1423751999000,1.53643,1.53732,1.53639,1.53691,5441570000,8
1423752000000,1423752479000,1.53689,1.53703,1.53566,1.53599,5660630000,8
1423752480000,1423752959000,1.53599,1.53707,1.53587,1.53637,6645210000,8
1423752960000,1423753439000,1.53635,1.53635,1.53482,1.53558,4075290000,8
1423753440000,1423753919000,1.53559,1.53582,1.53483,1.53514,3426630000,8
1423753920000,1423754399000,1.53514,1.53586,1.53458,1.53575,2270780000,8
1423754400000,1423754879000,1.53575,1.53704,1.53566,1.53612,3711880000,8
1423754880000,1423755359000,1.53612,1.53627,1.53429,1.53512,3889380000,8
1423755360000,1423755839000,1.53512,1.53531,1.53452,1.53511,3503540000,8
1423755840000,1423756319000,1.53513,1.5367,1.53504,1.53632,3490140000,8
1423756320000,1423756799000,1.5363,1.53692,1.53587,1.53622,4029380000,8
1423756800000,1423757279000,1.53621,1.53768,1.53614,1.53738,4364870000,8
1423757280000,1423757759000,1.53738,1.53773,1.53655,1.53671,4073230000,8
1423757760000,1423758239000,1.53672,1.53867,1.53655,1.53822,4315510000,8
1423758240000,1423758719000,1.53822,1.53913,1.53808,1.53849,3626840000,8
1423758720000,1423759199000,1.5385,1.5385,1.53749,1.53815,3239290000,8
1423759200000,1423759679000,1.53818,1.5388,1.53786,1.53791,5398100000,8
1423759680000,1423760159000,1.53795,1.53898,1.53766,1.53841,3740210000,8
1423760160000,1423760639000,1.53841,1.53871,1.53786,1.53868,1977360000,8
1423760640000,1423761119000,1.53869,1.53881,1.53726,1.53749,976590000,8
1423761120000,1423761599000,1.53749,1.53903,1.53748,1.53899,831290000,8
1423761600000,1423762079000,1.53901,1.53902,1.53818,1.53826,739680000,8
1423762080000,1423762559000,1.53827,1.53893,1.53819,1.53873,692320000,8
1423762560000,1423763039000,1.53875,1.53892,1.53836,1.53837,595490000,8
1423763040000,1423763519000,1.53837,1.53874,1.53806,1.53817,822840000,8
1423763520000,1423763999000,1.53817,1.53819,1.53688,1.53692,769140000,8
1423764000000,1423764479000,1.53692,1.53761,1.53678,1.53689,1089890000,8
1423764480000,1423764959000,1.53691,1.53745,1.5369,1.53738,790700000,8
1423764960000,1423765439000,1.53738,1.53795,1.5373,1.53732,645060000,8
1423765440000,1423765919000,1.53733,1.53888,1.53731,1.53886,1104440000,8
1423765920000,1423766399000,1.53885,1.53886,1.53839,1.53867,773610000,8
1423766400000,1423766879000,1.53867,1.53905,1.53836,1.53895,605020000,8
1423766880000,1423767359000,1.53895,1.5391,1.53868,1.53898,403370000,8
1423767360000,1423767839000,1.53898,1.53986,1.53891,1.53981,687880000,8
1423767840000,1423768319000,1.53979,1.53992,1.53962,1.53987,582060000,8
1423768320000,1423768799000,1.53988,1.53994,1.53971,1.53979,486220000,8
1423768800000,1423769279000,1.53979,1.53996,1.53961,1.53995,429480000,8
1423769280000,1423769759000,1.53995,1.53997,1.53951,1.5396,510540000,8
1423769760000,1423770239000,1.53962,1.54,1.53952,1.53998,555710000,8
1423770240000,1423770719000,1.53997,1.54004,1.53978,1.54002,349140000,8
1423770720000,1423771199000,1.54002,1.54097,1.54,1.54096,833950000,8
1423771200000,1423771679000,1.54104,1.54146,1.54104,1.54112,624250000,8
1423771680000,1423772159000,1.54112,1.54114,1.54058,1.54071,371760000,8
1423772160000,1423772639000,1.54071,1.54095,1.54038,1.54038,510600000,8
1423772640000,1423773119000,1.54038,1.5405,1.5399,1.54002,375770000,8
1423773120000,1423773599000,1.54002,1.54028,1.53971,1.5402,331160000,8
1423773600000,1423774079000,1.5402,1.54049,1.54008,1.54029,380730000,8
1423774080000,1423774559000,1.54029,1.54051,1.54018,1.5402,461260000,8
1423774560000,1423775039000,1.54019,1.54033,1.53988,1.54021,342840000,8
1423775040000,1423775519000,1.54021,1.54022,1.53948,1.53948,359510000,8
1423775520000,1423775999000,1.53946,1.53954,1.53904,1.53906,230150000,8
1423776000000,1423776479000,1.53904,1.53933,1.53887,1.53887,255390000,8
1423776480000,1423776959000,1.53888,1.53893,1.53842,1.53859,302100000,8
1423776960000,1423777439000,1.53857,1.53883,1.53841,1.53876,251570000,8
1423777440000,1423777919000,1.53876,1.5388,1.53858,1.53861,415020000,8
1423777920000,1423778399000,1.53859,1.53871,1.53824,1.53827,645500000,8
1423778400000,1423778879000,1.53827,1.53864,1.5382,1.53845,216300000,8
1423778880000,1423779359000,1.53842,1.53857,1.53828,1.53838,180230000,8
1423779360000,1423779839000,1.53838,1.53843,1.53803,1.53831,182710000,8
1423779840000,1423780319000,1.53831,1.5385,1.53828,1.53833,122920000,8
1423780320000,1423780799000,1.53833,1.53865,1.53833,1.53842,226520000,8
1423780800000,1423781279000,1.53844,1.5386,1.5384,1.53856,198050000,8
1423781280000,1423781759000,1.53856,1.53856,1.53792,1.53792,244250000,8
1423781760000,1423782239000,1.53792,1.53825,1.53792,1.5382,357800000,8
1423782240000,1423782719000,1.53822,1.53869,1.5382,1.53866,256680000,8
1423782720000,1423783199000,1.53866,1.53893,1.53845,1.53851,152610000,8
1423783200000,1423783679000,1.5385,1.53869,1.53849,1.53869,209320000,8
1423783680000,1423784159000,1.53869,1.53887,1.53863,1.53882,525600000,8
1423784160000,1423784639000,1.53882,1.53884,1.53872,1.53874,277410000,8
1423784640000,1423785119000,1.53874,1.53955,1.53873,1.5395,340690000,8
1423785120000,1423785599000,1.53949,1.53949,1.53883,1.53895,295480000,8
1423785600000,1423786079000,1.53895,1.53896,1.53869,1.53873,379760000,8
1423786080000,1423786559000,1.53873,1.53878,1.53834,1.53836,338320000,8
1423786560000,1423787039000,1.53835,1.53837,1.53822,1.53826,173290000,8
1423787040000,1423787519000,1.53827,1.53857,1.53821,1.53832,437300000,8
1423787520000,1423787999000,1.53832,1.53845,1.53821,1.53836,408660000,8
1423788000000,1423788479000,1.53836,1.53865,1.53836,1.53852,339240000,8
1423788480000,1423788959000,1.53852,1.5386,1.53837,1.53851,402100000,8
1423788960000,1423789439000,1.53851,1.53879,1.53837,1.53844,374300000,8
1423789440000,1423789919000,1.53844,1.53878,1.53842,1.53877,290810000,8
1423789920000,1423790399000,1.53875,1.53892,1.53861,1.53889,262540000,8
1423790400000,1423790879000,1.53889,1.53917,1.53888,1.53908,252790000,8
1423790880000,1423791359000,1.53908,1.53912,1.53874,1.53874,249220000,8
1423791360000,1423791839000,1.53874,1.53881,1.53836,1.53839,321960000,8
1423791840000,1423792319000,1.53838,1.53885,1.53838,1.53879,284640000,8
1423792320000,1423792799000,1.53878,1.5388,1.53861,1.53879,291690000,8
1423792800000,1423793279000,1.53879,1.53897,1.5387,1.53897,368760000,8
1423793280000,1423793759000,1.53897,1.53916,1.53896,1.53897,197860000,8
1423793760000,1423794239000,1.53898,1.53901,1.53883,1.53887,231010000,8
1423794240000,1423794719000,1.53886,1.53886,1.53871,1.53876,314520000,8
1423794720000,1423795199000,1.53876,1.53892,1.53874,1.53878,466790000,8
1423795200000,1423795679000,1.53879,1.53886,1.53875,1.53879,310640000,8
1423795680000,1423796159000,1.53879,1.53891,1.53875,1.53883,351160000,8
1423796160000,1423796639000,1.53884,1.53894,1.53872,1.53889,421770000,8
1423796640000,1423797119000,1.53889,1.53919,1.53885,1.53916,353190000,8
1423797120000,1423797599000,1.53916,1.5392,1.53864,1.53867,877030000,8
1423797600000,1423798079000,1.53867,1.53869,1.53858,1.53861,479620000,8
1423798080000,1423798559000,1.53864,1.53897,1.53863,1.53894,364850000,8
1423798560000,1423799039000,1.53896,1.53943,1.53893,1.5394,457680000,8
1423799040000,1423799519000,1.5394,1.53992,1.53934,1.53984,456100000,8
1423799520000,1423799999000,1.53983,1.54061,1.53961,1.5406,709930000,8
1423800000000,1423800479000,1.5406,1.541,1.5404,1.54089,844440000,8
1423800480000,1423800959000,1.54089,1.54093,1.54059,1.54076,498840000,8
1423800960000,1423801439000,1.54075,1.54187,1.54067,1.54137,1037990000,8
1423801440000,1423801919000,1.54134,1.54144,1.54075,1.54105,602260000,8
1423801920000,1423802399000,1.54105,1.54127,1.54083,1.54123,396810000,8
1423802400000,1423802879000,1.54121,1.54129,1.54088,1.541,404920000,8
1423802880000,1423803359000,1.541,1.54168,1.54096,1.54157,1009340000,8
1423803360000,1423803839000,1.54157,1.54164,1.54122,1.54131,678080000,8
1423803840000,1423804319000,1.54131,1.54132,1.54097,1.54123,528340000,8
1423804320000,1423804799000,1.54123,1.54142,1.54093,1.54126,610070000,8
1423804800000,1423805279000,1.54126,1.54126,1.54093,1.54112,620440000,8
1423805280000,1423805759000,1.54113,1.54124,1.54101,1.5411,478840000,8
1423805760000,1423806239000,1.54111,1.54165,1.54108,1.54153,460570000,8
1423806240000,1423806719000,1.54153,1.54167,1.54147,1.54154,443620000,8
1423806720000,1423807199000,1.54154,1.54186,1.54154,1.54173,406740000,8
1423807200000,1423807679000,1.54174,1.54175,1.54146,1.54156,465190000,8
1423807680000,1423808159000,1.54156,1.54167,1.54129,1.54129,576690000,8
1423808160000,1423808639000,1.54129,1.54155,1.54114,1.5412,513110000,8
1423808640000,1423809119000,1.5412,1.54148,1.5411,1.54142,985950000,8
1423809120000,1423809599000,1.54142,1.54145,1.54118,1.54125,901680000,8
1423809600000,1423810079000,1.54126,1.54149,1.54067,1.54071,1645220000,8
1423810080000,1423810559000,1.54071,1.5412,1.54069,1.54089,1106690000,8
1423810560000,1423811039000,1.54089,1.5414,1.54039,1.54068,2352450000,8
1423811040000,1423811519000,1.54067,1.54109,1.54048,1.54101,2337850000,8
1423811520000,1423811999000,1.54101,1.54134,1.54068,1.54119,2912280000,8
1423812000000,1423812479000,1.54119,1.54121,1.5398,1.53982,2317990000,8
1423812480000,1423812959000,1.53984,1.54016,1.53968,1.53993,2054260000,8
1423812960000,1423813439000,1.53993,1.54021,1.53969,1.54017,1518170000,8
1423813440000,1423813919000,1.54018,1.54056,1.53981,1.54041,1806560000,8
1423813920000,1423814399000,1.54041,1.54042,1.5393,1.53978,2356070000,8
1423814400000,1423814879000,1.53979,1.54076,1.5393,1.5407,2788130000,8
1423814880000,1423815359000,1.54071,1.54071,1.53985,1.54005,3322260000,8
1423815360000,1423815839000,1.54005,1.54016,1.53859,1.53885,3128260000,8
1423815840000,1423816319000,1.53884,1.53884,1.53747,1.53829,3277330000,8
1423816320000,1423816799000,1.53834,1.53872,1.53818,1.53845,2131930000,8
1423816800000,1423817279000,1.53847,1.53882,1.53791,1.5388,2269270000,8
1423817280000,1423817759000,1.5388,1.53922,1.53861,1.53861,2008230000,8
1423817760000,1423818239000,1.5386,1.53921,1.53842,1.53911,2401690000,8
1423818240000,1423818719000,1.53911,1.53932,1.53829,1.53874,2155670000,8
1423818720000,1423819199000,1.53871,1.53882,1.538,1.53833,2653770000,8
1423819200000,1423819679000,1.53833,1.53859,1.53802,1.53803,2032170000,8
1423819680000,1423820159000,1.53803,1.53883,1.53771,1.53864,2530050000,8
1423820160000,1423820639000,1.53864,1.53909,1.53862,1.53874,2257340000,8
1423820640000,1423821119000,1.53875,1.53939,1.53859,1.53892,1571030000,8
1423821120000,1423821599000,1.53892,1.53945,1.5389,1.53904,2454780000,8
1423821600000,1423822079000,1.53901,1.54,1.53898,1.53908,2717270000,8
1423822080000,1423822559000,1.53908,1.53917,1.53869,1.53908,1871700000,8
1423822560000,1423823039000,1.53905,1.53998,1.53893,1.53996,1952390000,8
1423823040000,1423823519000,1.53996,1.54012,1.53942,1.53944,2000010000,8
1423823520000,1423823999000,1.53944,1.54015,1.53892,1.53903,2911470000,8
1423824000000,1423824479000,1.53904,1.53913,1.53859,1.53872,1891350000,8
1423824480000,1423824959000,1.53872,1.53883,1.53844,1.53867,2162650000,8
1423824960000,1423825439000,1.53868,1.53882,1.53838,1.53868,1746590000,8
1423825440000,1423825919000,1.53868,1.53932,1.53849,1.53913,1734990000,8
1423825920000,1423826399000,1.53916,1.53952,1.53901,1.53952,1028310000,8
1423826400000,1423826879000,1.53952,1.53962,1.53909,1.53909,1455060000,8
1423826880000,1423827359000,1.53909,1.53963,1.53883,1.53921,2212010000,8
1423827360000,1423827839000,1.53921,1.53952,1.53877,1.53879,1125010000,8
1423827840000,1423828319000,1.53879,1.53893,1.53831,1.53842,1232870000,8
1423828320000,1423828799000,1.53842,1.53889,1.53836,1.53847,1275350000,8
1423828800000,1423829279000,1.5385,1.53872,1.53825,1.53855,1836710000,8
1423829280000,1423829759000,1.53853,1.53859,1.53749,1.53752,1676610000,8
1423829760000,1423830239000,1.53747,1.53814,1.53708,1.53787,2112460000,8
1423830240000,1423830719000,1.53788,1.53819,1.53755,1.53805,1628130000,8
1423830720000,1423831199000,1.53805,1.53866,1.53801,1.53846,1125540000,8
1423831200000,1423831679000,1.53839,1.53893,1.53797,1.53823,1649530000,8
1423831680000,1423832159000,1.53823,1.53849,1.53766,1.53803,2654090000,8
1423832160000,1423832639000,1.53803,1.53846,1.53743,1.53743,2758350000,8
1423832640000,1423833119000,1.53741,1.53898,1.53737,1.53844,2948300000,8
1423833120000,1423833599000,1.53845,1.53871,1.53759,1.53833,3146430000,8
1423833600000,1423834079000,1.53838,1.53875,1.53826,1.53852,1691540000,8
1423834080000,1423834559000,1.53851,1.53965,1.53842,1.53963,2312920000,8
1423834560000,1423835039000,1.53963,1.53986,1.53942,1.5397,1568760000,8
1423835040000,1423835519000,1.5397,1.53989,1.5392,1.5395,2294840000,8
1423835520000,1423835999000,1.5395,1.53951,1.53887,1.53915,2373520000,8
1423836000000,1423836479000,1.53916,1.53976,1.53901,1.53964,1994460000,8
1423836480000,1423836959000,1.53964,1.53974,1.53939,1.5396,830030000,8
1423836960000,1423837439000,1.5396,1.53962,1.53906,1.53932,2253330000,8
1423837440000,1423837919000,1.53933,1.54012,1.53928,1.54001,1803270000,8
1423837920000,1423838399000,1.54001,1.5405,1.5399,1.54029,2291980000,8
1423838400000,1423838879000,1.54027,1.54045,1.54009,1.54039,1925430000,8
1423838880000,1423839359000,1.54038,1.54052,1.53999,1.54007,2655130000,8
1423839360000,1423839839000,1.54007,1.54184,1.53982,1.54103,4661120000,8
1423839840000,1423840319000,1.54103,1.54153,1.54027,1.54134,3697450000,8
1423840320000,1423840799000,1.54134,1.54218,1.54089,1.54211,2913310000,8
1423840800000,1423841279000,1.54214,1.5422,1.54077,1.54079,2836130000,8
1423841280000,1423841759000,1.54079,1.541,1.53972,1.54042,3299400000,8
1423841760000,1423842239000,1.54042,1.54082,1.53969,1.54073,3172200000,8
1423842240000,1423842719000,1.54075,1.54091,1.54019,1.54044,2447590000,8
1423842720000,1423843199000,1.54044,1.5408,1.53903,1.53939,4033760000,8
1423843200000,1423843679000,1.53939,1.53979,1.5392,1.53943,3109130000,8
1423843680000,1423844159000,1.53943,1.54039,1.53918,1.53925,2527630000,8
1423844160000,1423844639000,1.53925,1.5396,1.53905,1.53926,2326480000,8
1423844640000,1423845119000,1.53923,1.53956,1.5389,1.53896,2647730000,8
1423845120000,1423845599000,1.53897,1.53951,1.53882,1.53942,2522950000,8
1423845600000,1423846079000,1.53943,1.53953,1.53861,1.53902,1941690000,8
1423846080000,1423846559000,1.53902,1.53905,1.5386,1.53891,1774050000,8
1423846560000,1423847039000,1.53891,1.53948,1.5387,1.53898,1505630000,8
1423847040000,1423847519000,1.53898,1.53914,1.53859,1.53909,878880000,8
1423847520000,1423847999000,1.53909,1.53933,1.53899,1.5391,833880000,8
1423848000000,1423848479000,1.5391,1.5393,1.5384,1.53859,699810000,8
1423848480000,1423848959000,1.53859,1.53943,1.53858,1.53912,523890000,8
1423848960000,1423849439000,1.53916,1.53944,1.53891,1.53929,576680000,8
1423849440000,1423849919000,1.53928,1.5397,1.5392,1.53969,626770000,8
1423849920000,1423850399000,1.53969,1.54015,1.53964,1.53994,670130000,8
1423850400000,1423850879000,1.53994,1.54021,1.53985,1.54018,730380000,8
1423850880000,1423851359000,1.54018,1.5402,1.53999,1.54,434120000,8
1423851360000,1423851839000,1.54,1.54061,1.5397,1.54001,655820000,8
1423851840000,1423852319000,1.54001,1.54046,1.53936,1.53938,775900000,8
1423852320000,1423852799000,1.53938,1.53972,1.5388,1.53919,856950000,8
1423852800000,1423853279000,1.53919,1.53975,1.53869,1.53869,714950000,8
1423853280000,1423853759000,1.53871,1.53959,1.53869,1.53912,400750000,8
1423853760000,1423854239000,1.53912,1.53986,1.53871,1.53984,731420000,8
1423854240000,1423854719000,1.53984,1.54038,1.53966,1.5401,726890000,8
1423854720000,1423855199000,1.5401,1.5401,1.53937,1.53945,606010000,8
1423855200000,1423855679000,1.53945,1.53959,1.53917,1.53958,333860000,8
1423855680000,1423856159000,1.53957,1.54005,1.53957,1.53998,449390000,8
1423856160000,1423856639000,1.53999,1.54015,1.5398,1.53981,384320000,8
1423856640000,1423857119000,1.53981,1.53996,1.53974,1.53978,375030000,8
1423857120000,1423857599000,1.53981,1.53983,1.53889,1.53909,597510000,8
1423857600000,1423858079000,1.53908,1.54079,1.539,1.54019,907710000,8
1423858080000,1423858559000,1.54019,1.5402,1.53969,1.54013,480060000,8
1423858560000,1423859039000,1.54013,1.54039,1.53974,1.53987,412310000,8
1423859040000,1423859519000,1.53989,1.54021,1.53982,1.54011,411860000,8
1423859520000,1423859999000,1.54009,1.54032,1.53992,1.54023,415900000,8
1423860000000,1423860479000,1.54023,1.54032,1.54016,1.54017,216470000,8
1423860480000,1423860959000,1.5402,1.5403,1.54012,1.54015,165560000,8
1423860960000,1423861439000,1.54017,1.54043,1.54011,1.54037,258180000,8
1423861440000,1423861919000,1.54036,1.54041,1.54031,1.54036,329100000,8
1423861920000,1423862399000,1.54038,1.54056,1.54008,1.54013,921700000,8
1423862400000,1423862879000,1.54013,1.54013,1.53954,1.5399,655790000,8
1423862880000,1423863359000,1.53992,1.53995,1.53914,1.5394,1176410000,8
1423863360000,1423863839000,1.53939,1.54007,1.53914,1.53941,481920000,8
1423863840000,1423864319000,1.53942,1.53973,1.53865,1.53936,592950000,8
1423864320000,1423864799000,1.53945,1.54048,1.53837,1.53837,542330000,8
1423864800000,1423865279000,1.53837,1.53837,1.53837,1.53837,0,8
1423865280000,1423865759000,1.53837,1.53837,1.53837,1.53837,0,8
1423865760000,1423866239000,1.53837,1.53837,1.53837,1.53837,0,8
1423866240000,1423866719000,1.53837,1.53837,1.53837,1.53837,0,8
1423866720000,1423867199000,1.53837,1.53837,1.53837,1.53837,0,8
1423867200000,1423867679000,1.53837,1.53837,1.53837,1.53837,0,8
1423867680000,1423868159000,1.53837,1.53837,1.53837,1.53837,0,8
1423868160000,1423868639000,1.53837,1.53837,1.53837,1.53837,0,8
1423868640000,1423869119000,1.53837,1.53837,1.53837,1.53837,0,8
1423869120000,1423869599000,1.53837,1.53837,1.53837,1.53837,0,8
1423869600000,1423870079000,1.53837,1.53837,1.53837,1.53837,0,8
1423870080000,1423870559000,1.53837,1.53837,1.53837,1.53837,0,8
1423870560000,1423871039000,1.53837,1.53837,1.53837,1.53837,0,8
1423871040000,1423871519000,1.53837,1.53837,1.53837,1.53837,0,8
1423871520000,1423871999000,1.53837,1.53837,1.53837,1.53837,0,8
1424037600000,1424038079000,1.54225,1.54245,1.54139,1.54139,197320000,8
1424038080000,1424038559000,1.54141,1.54162,1.54131,1.54138,308360000,8
1424038560000,1424039039000,1.54138,1.54164,1.54112,1.54124,634050000,8
1424039040000,1424039519000,1.54128,1.54168,1.54128,1.54132,459980000,8
1424039520000,1424039999000,1.54132,1.54156,1.54115,1.5414,457930000,8
1424040000000,1424040479000,1.5414,1.5415,1.54,1.54087,492630000,8
1424040480000,1424040959000,1.54034,1.54212,1.53927,1.5402,2063170000,8
1424040960000,1424041439000,1.54016,1.54114,1.54001,1.54073,696570000,8
1424041440000,1424041919000,1.54073,1.54075,1.53991,1.54006,396070000,8
1424041920000,1424042399000,1.54006,1.54018,1.53957,1.54002,712890000,8
1424042400000,1424042879000,1.54002,1.54002,1.53928,1.53951,919410000,8
1424042880000,1424043359000,1.53952,1.54048,1.53928,1.54019,1191840000,8
1424043360000,1424043839000,1.54019,1.54028,1.54001,1.54012,724890000,8
1424043840000,1424044319000,1.54012,1.54013,1.53953,1.53969,414080000,8
1424044320000,1424044799000,1.53971,1.54058,1.53971,1.54013,710840000,8
1424044800000,1424045279000,1.54013,1.54102,1.54008,1.54072,503610000,8
1424045280000,1424045759000,1.54072,1.5418,1.54069,1.54115,867380000,8
1424045760000,1424046239000,1.54115,1.54129,1.54072,1.54119,718730000,8
1424046240000,1424046719000,1.54119,1.54153,1.54116,1.54144,484040000,8
1424046720000,1424047199000,1.54144,1.54163,1.54117,1.54119,371800000,8
1424047200000,1424047679000,1.54119,1.54226,1.54119,1.54201,541800000,8
1424047680000,1424048159000,1.54202,1.54227,1.54144,1.54212,789240000,8
1424048160000,1424048639000,1.54212,1.54214,1.54152,1.54176,808890000,8
1424048640000,1424049119000,1.54173,1.54199,1.54142,1.54142,598620000,8
1424049120000,1424049599000,1.54142,1.54152,1.54117,1.54145,385680000,8
1424049600000,1424050079000,1.54145,1.54176,1.54145,1.54172,451240000,8
1424050080000,1424050559000,1.54172,1.54172,1.54119,1.5413,328090000,8
1424050560000,1424051039000,1.54128,1.5419,1.54128,1.54177,517140000,8
1424051040000,1424051519000,1.54177,1.54185,1.54152,1.54179,683890000,8
1424051520000,1424051999000,1.54179,1.54191,1.54166,1.54168,441360000,8
1424052000000,1424052479000,1.54167,1.54171,1.54147,1.54163,505520000,8
1424052480000,1424052959000,1.54163,1.54163,1.54122,1.54153,380320000,8
1424052960000,1424053439000,1.54156,1.54177,1.54156,1.54167,492500000,8
1424053440000,1424053919000,1.54167,1.54198,1.54164,1.54182,417430000,8
1424053920000,1424054399000,1.54182,1.54219,1.54148,1.54208,541640000,8
1424054400000,1424054879000,1.54207,1.54231,1.54192,1.54231,588640000,8
1424054880000,1424055359000,1.5423,1.54232,1.54184,1.54215,410560000,8
1424055360000,1424055839000,1.54214,1.54227,1.54185,1.54223,504150000,8
1424055840000,1424056319000,1.54223,1.54361,1.54219,1.54338,1088700000,8
1424056320000,1424056799000,1.54328,1.54328,1.54279,1.54287,675520000,8
1424056800000,1424057279000,1.54287,1.54299,1.54273,1.54289,667100000,8
1424057280000,1424057759000,1.54289,1.5432,1.54281,1.54317,632520000,8
1424057760000,1424058239000,1.54318,1.54351,1.54314,1.54327,578020000,8
1424058240000,1424058719000,1.54327,1.54332,1.5431,1.54318,577350000,8
1424058720000,1424059199000,1.54318,1.54344,1.54312,1.54314,618770000,8
1424059200000,1424059679000,1.54314,1.54321,1.543,1.54314,448490000,8
1424059680000,1424060159000,1.54313,1.54319,1.54301,1.54307,454920000,8
1424060160000,1424060639000,1.54307,1.5432,1.54303,1.54306,395730000,8
1424060640000,1424061119000,1.54307,1.54325,1.54298,1.54314,557610000,8
1424061120000,1424061599000,1.54314,1.54341,1.5431,1.54333,386520000,8
1424061600000,1424062079000,1.54333,1.54346,1.54326,1.54337,343310000,8
1424062080000,1424062559000,1.54338,1.54348,1.54333,1.54338,402380000,8
1424062560000,1424063039000,1.54339,1.54344,1.54327,1.54338,341900000,8
1424063040000,1424063519000,1.54335,1.5434,1.54321,1.54338,411600000,8
1424063520000,1424063999000,1.54338,1.54338,1.54329,1.54334,318360000,8
1424064000000,1424064479000,1.54334,1.54339,1.54332,1.54334,328700000,8
1424064480000,1424064959000,1.54334,1.54348,1.54317,1.54317,372710000,8
1424064960000,1424065439000,1.54317,1.54318,1.54293,1.54303,456570000,8
1424065440000,1424065919000,1.54303,1.54338,1.54288,1.54316,466900000,8
1424065920000,1424066399000,1.54316,1.54328,1.54309,1.54328,427320000,8
1424066400000,1424066879000,1.54328,1.54339,1.54308,1.5432,339440000,8
1424066880000,1424067359000,1.5432,1.54345,1.54318,1.54344,258980000,8
1424067360000,1424067839000,1.54349,1.54361,1.543,1.54313,529260000,8
1424067840000,1424068319000,1.54313,1.54326,1.543,1.54302,820410000,8
1424068320000,1424068799000,1.54302,1.54328,1.54301,1.54307,1127610000,8
1424068800000,1424069279000,1.54308,1.54374,1.54303,1.54347,1250600000,8
1424069280000,1424069759000,1.54346,1.54397,1.54343,1.54392,1828930000,8
1424069760000,1424070239000,1.54391,1.54394,1.5428,1.54296,2257250000,8
1424070240000,1424070719000,1.54295,1.54295,1.54235,1.5425,1603630000,8
1424070720000,1424071199000,1.5425,1.5428,1.54247,1.54258,1272080000,8
1424071200000,1424071679000,1.54258,1.543,1.54206,1.54298,1653380000,8
1424071680000,1424072159000,1.54299,1.54405,1.54289,1.5437,2606390000,8
1424072160000,1424072639000,1.5437,1.54387,1.54345,1.54362,1106730000,8
1424072640000,1424073119000,1.54359,1.54363,1.54337,1.54363,1090750000,8
1424073120000,1424073599000,1.54363,1.54391,1.54339,1.5438,1851850000,8
1424073600000,1424074079000,1.5438,1.54397,1.54198,1.54269,3510910000,8
1424074080000,1424074559000,1.54269,1.54302,1.54116,1.54175,2804950000,8
1424074560000,1424075039000,1.54175,1.54204,1.54141,1.5416,2221680000,8
1424075040000,1424075519000,1.54159,1.54185,1.5403,1.54145,2992210000,8
1424075520000,1424075999000,1.54144,1.54156,1.54055,1.54071,1986940000,8
1424076000000,1424076479000,1.5407,1.54182,1.54051,1.54182,2204250000,8
1424076480000,1424076959000,1.54179,1.54179,1.5404,1.5407,1702480000,8
1424076960000,1424077439000,1.5407,1.54127,1.5407,1.54101,1805650000,8
1424077440000,1424077919000,1.54101,1.54131,1.54093,1.5412,1629060000,8
1424077920000,1424078399000,1.5412,1.54128,1.54098,1.54115,1244990000,8
1424078400000,1424078879000,1.54117,1.54138,1.54095,1.54123,1322810000,8
1424078880000,1424079359000,1.54121,1.54135,1.54089,1.54089,1246480000,8
1424079360000,1424079839000,1.54089,1.54129,1.54075,1.54104,1683650000,8
1424079840000,1424080319000,1.54103,1.54131,1.54039,1.54039,2312310000,8
1424080320000,1424080799000,1.5404,1.54041,1.53934,1.53943,2801860000,8
1424080800000,1424081279000,1.53943,1.53972,1.5393,1.53944,1871360000,8
1424081280000,1424081759000,1.53945,1.5396,1.53857,1.53857,1223890000,8
1424081760000,1424082239000,1.53856,1.539,1.53802,1.5383,2453480000,8
1424082240000,1424082719000,1.5383,1.53841,1.53779,1.53786,1691160000,8
1424082720000,1424083199000,1.53786,1.53853,1.5378,1.53845,1751010000,8
1424083200000,1424083679000,1.53845,1.53854,1.53771,1.53778,1547650000,8
1424083680000,1424084159000,1.53777,1.53818,1.53709,1.5372,2090060000,8
1424084160000,1424084639000,1.53719,1.538,1.53713,1.53793,2161230000,8
1424084640000,1424085119000,1.53793,1.53832,1.5376,1.5379,1631630000,8
1424085120000,1424085599000,1.53792,1.53818,1.53778,1.53802,1292110000,8
1424085600000,1424086079000,1.53802,1.53819,1.53785,1.53798,1083050000,8
1424086080000,1424086559000,1.53799,1.53839,1.53799,1.53812,1266890000,8
1424086560000,1424087039000,1.53812,1.53817,1.53791,1.53813,1336220000,8
1424087040000,1424087519000,1.53813,1.53824,1.53725,1.53742,1633320000,8
1424087520000,1424087999000,1.53747,1.53776,1.53728,1.53735,1605820000,8
1424088000000,1424088479000,1.53735,1.53799,1.53734,1.53758,1209270000,8
1424088480000,1424088959000,1.5376,1.53768,1.53731,1.53762,707370000,8
1424088960000,1424089439000,1.5376,1.53811,1.53756,1.5381,1622550000,8
1424089440000,1424089919000,1.5381,1.53876,1.53798,1.53872,1510500000,8
1424089920000,1424090399000,1.53872,1.53874,1.5382,1.5383,1099300000,8
1424090400000,1424090879000,1.5383,1.5383,1.53709,1.5376,1199000000,8
1424090880000,1424091359000,1.53759,1.53807,1.53718,1.53792,1598720000,8
1424091360000,1424091839000,1.53792,1.53808,1.53656,1.53674,1657470000,8
1424091840000,1424092319000,1.53671,1.53731,1.53666,1.53723,1854020000,8
1424092320000,1424092799000,1.53722,1.53742,1.53691,1.53741,1433550000,8
1424092800000,1424093279000,1.53741,1.53795,1.53732,1.53774,1560390000,8
1424093280000,1424093759000,1.53774,1.53814,1.53751,1.53773,2305410000,8
1424093760000,1424094239000,1.53771,1.53807,1.53748,1.53749,1898740000,8
1424094240000,1424094719000,1.53747,1.53748,1.53679,1.5372,1826390000,8
1424094720000,1424095199000,1.5372,1.53731,1.53674,1.537,1444990000,8
1424095200000,1424095679000,1.53702,1.53782,1.53702,1.53752,1873380000,8
1424095680000,1424096159000,1.53752,1.53815,1.53749,1.53796,1485240000,8
1424096160000,1424096639000,1.53794,1.53802,1.53764,1.5378,1181760000,8
1424096640000,1424097119000,1.5378,1.53803,1.53769,1.53788,1215980000,8
1424097120000,1424097599000,1.53787,1.53825,1.53778,1.53811,2261060000,8
1424097600000,1424098079000,1.53811,1.53843,1.53803,1.53822,1720640000,8
1424098080000,1424098559000,1.53822,1.53879,1.53807,1.53859,2176470000,8
1424098560000,1424099039000,1.53859,1.53869,1.53754,1.53822,1787600000,8
1424099040000,1424099519000,1.53822,1.53832,1.53781,1.53792,1008170000,8
1424099520000,1424099999000,1.53792,1.53792,1.53739,1.53751,1099730000,8
1424100000000,1424100479000,1.53749,1.53753,1.53692,1.53732,1701320000,8
1424100480000,1424100959000,1.53734,1.53786,1.53731,1.53785,804380000,8
1424100960000,1424101439000,1.53785,1.53802,1.53739,1.53739,1259150000,8
1424101440000,1424101919000,1.53739,1.53806,1.53739,1.53804,1758250000,8
1424101920000,1424102399000,1.53804,1.53804,1.53747,1.53784,2394400000,8
1424102400000,1424102879000,1.53784,1.53847,1.53784,1.53802,1976140000,8
1424102880000,1424103359000,1.53802,1.53881,1.53727,1.53758,1975240000,8
1424103360000,1424103839000,1.53756,1.53852,1.53699,1.53798,2566490000,8
1424103840000,1424104319000,1.53798,1.53879,1.53689,1.53689,1438130000,8
1424104320000,1424104799000,1.53689,1.53749,1.53689,1.53739,763500000,8
1424104800000,1424105279000,1.53739,1.53753,1.5371,1.5373,657560000,8
1424105280000,1424105759000,1.5373,1.53779,1.53656,1.53656,866710000,8
1424105760000,1424106239000,1.53656,1.53694,1.53548,1.53548,1009270000,8
1424106240000,1424106719000,1.53548,1.53648,1.53546,1.53641,804350000,8
1424106720000,1424107199000,1.5364,1.53651,1.53601,1.53619,467990000,8
1424107200000,1424107679000,1.53619,1.53619,1.53561,1.53584,577270000,8
1424107680000,1424108159000,1.53584,1.53631,1.53572,1.53624,679560000,8
1424108160000,1424108639000,1.53624,1.53677,1.53605,1.53675,682660000,8
1424108640000,1424109119000,1.53675,1.53684,1.53556,1.53561,861610000,8
1424109120000,1424109599000,1.5356,1.53587,1.53497,1.53519,1173540000,8
1424109600000,1424110079000,1.53519,1.53533,1.53423,1.53446,995100000,8
1424110080000,1424110559000,1.53448,1.53459,1.53417,1.53444,810740000,8
1424110560000,1424111039000,1.53444,1.53448,1.53424,1.53433,1348110000,8
1424111040000,1424111519000,1.53433,1.53441,1.53391,1.53396,1161590000,8
1424111520000,1424111999000,1.53394,1.53527,1.53391,1.53526,687690000,8
1424112000000,1424112479000,1.53526,1.53528,1.53499,1.53514,612120000,8
1424112480000,1424112959000,1.53514,1.53519,1.53412,1.53473,952380000,8
1424112960000,1424113439000,1.53473,1.535,1.53405,1.53434,891120000,8
1424113440000,1424113919000,1.53432,1.53463,1.53417,1.53443,1272100000,8
1424113920000,1424114399000,1.53438,1.53476,1.53434,1.53458,1369980000,8
1424114400000,1424114879000,1.53461,1.5353,1.53453,1.53504,725540000,8
1424114880000,1424115359000,1.53504,1.53536,1.53502,1.53531,1099980000,8
1424115360000,1424115839000,1.5353,1.53552,1.53524,1.53536,795370000,8
1424115840000,1424116319000,1.53536,1.53579,1.53536,1.53546,460040000,8
1424116320000,1424116799000,1.53546,1.53604,1.53542,1.53598,732740000,8
1424116800000,1424117279000,1.53598,1.53598,1.53551,1.53575,363500000,8
1424117280000,1424117759000,1.53576,1.53594,1.53514,1.53575,399060000,8
1424117760000,1424118239000,1.53578,1.53602,1.53548,1.53582,821370000,8
1424118240000,1424118719000,1.53582,1.53595,1.53553,1.53561,477660000,8
1424118720000,1424119199000,1.53561,1.53637,1.53548,1.5362,1291350000,8
1424119200000,1424119679000,1.53617,1.53661,1.53567,1.53567,911530000,8
1424119680000,1424120159000,1.53584,1.53585,1.53534,1.53541,470940000,8
1424120160000,1424120639000,1.53536,1.53623,1.53534,1.53588,476760000,8
1424120640000,1424121119000,1.53593,1.53636,1.53569,1.53585,777670000,8
1424121120000,1424121599000,1.53583,1.53595,1.53574,1.53583,620890000,8
1424121600000,1424122079000,1.53583,1.53654,1.53562,1.53612,1145760000,8
1424122080000,1424122559000,1.53612,1.53646,1.53611,1.53615,787240000,8
1424122560000,1424123039000,1.53615,1.53621,1.5358,1.53589,794100000,8
1424123040000,1424123519000,1.53589,1.53627,1.53584,1.53606,632660000,8
1424123520000,1424123999000,1.53607,1.53662,1.53581,1.53603,1661080000,8
1424124000000,1424124479000,1.53602,1.53711,1.53596,1.53613,50120000,8
1424124480000,1424124959000,1.53617,1.53622,1.53591,1.53598,160850000,8
1424124960000,1424125439000,1.53598,1.53623,1.53591,1.53591,393120000,8
1424125440000,1424125919000,1.53591,1.53606,1.53542,1.53593,448750000,8
1424125920000,1424126399000,1.53593,1.53601,1.53581,1.53584,286520000,8
1424126400000,1424126879000,1.53585,1.53595,1.5358,1.5358,370240000,8
1424126880000,1424127359000,1.5358,1.53581,1.53564,1.53577,208850000,8
1424127360000,1424127839000,1.53577,1.53578,1.5356,1.53572,260150000,8
1424127840000,1424128319000,1.53573,1.53593,1.53567,1.53578,298740000,8
1424128320000,1424128799000,1.53578,1.536,1.5356,1.5357,466280000,8
1424128800000,1424129279000,1.53569,1.53601,1.53559,1.53579,443660000,8
1424129280000,1424129759000,1.53593,1.53632,1.5358,1.53615,793330000,8
1424129760000,1424130239000,1.53613,1.53615,1.53586,1.5359,698050000,8
1424130240000,1424130719000,1.5359,1.53601,1.53543,1.53546,681710000,8
1424130720000,1424131199000,1.53546,1.53554,1.53524,1.5353,739910000,8
1424131200000,1424131679000,1.5353,1.53608,1.53529,1.53601,671010000,8
1424131680000,1424132159000,1.53601,1.53623,1.53601,1.53611,374670000,8
1424132160000,1424132639000,1.53612,1.53631,1.536,1.5361,348720000,8
1424132640000,1424133119000,1.5361,1.53613,1.53531,1.53583,823290000,8
1424133120000,1424133599000,1.53584,1.53585,1.53496,1.53515,857970000,8
1424133600000,1424134079000,1.53515,1.53561,1.53511,1.53548,472880000,8
1424134080000,1424134559000,1.53549,1.53621,1.53546,1.53582,1175130000,8
1424134560000,1424135039000,1.53582,1.53608,1.53579,1.53595,864240000,8
1424135040000,1424135519000,1.53595,1.53632,1.53584,1.53602,525480000,8
1424135520000,1424135999000,1.53602,1.53629,1.53602,1.53627,584450000,8
1424136000000,1424136479000,1.53627,1.5363,1.53612,1.53626,323940000,8
1424136480000,1424136959000,1.53626,1.53648,1.5362,1.53644,602140000,8
1424136960000,1424137439000,1.53644,1.53688,1.53638,1.53671,527000000,8
1424137440000,1424137919000,1.53671,1.53671,1.53638,1.5364,464530000,8
1424137920000,1424138399000,1.5364,1.53661,1.53636,1.53645,536130000,8
1424138400000,1424138879000,1.53645,1.53672,1.53644,1.53669,744100000,8
1424138880000,1424139359000,1.53667,1.53675,1.53651,1.5366,533100000,8
1424139360000,1424139839000,1.53659,1.53681,1.53649,1.53678,342240000,8
1424139840000,1424140319000,1.53677,1.53682,1.53671,1.53676,348580000,8
1424140320000,1424140799000,1.53676,1.53697,1.53669,1.53693,470860000,8
1424140800000,1424141279000,1.53693,1.53713,1.53688,1.53691,631870000,8
1424141280000,1424141759000,1.53691,1.53719,1.53679,1.53716,444890000,8
1424141760000,1424142239000,1.53717,1.53741,1.53709,1.53713,465180000,8
1424142240000,1424142719000,1.53712,1.53714,1.53686,1.53687,408460000,8
1424142720000,1424143199000,1.53687,1.53709,1.53678,1.53681,340070000,8
1424143200000,1424143679000,1.53683,1.53699,1.5368,1.53694,417070000,8
1424143680000,1424144159000,1.53694,1.53707,1.53688,1.537,380670000,8
1424144160000,1424144639000,1.53701,1.53739,1.53699,1.53735,288260000,8
1424144640000,1424145119000,1.53738,1.53762,1.53735,1.53744,472390000,8
1424145120000,1424145599000,1.53746,1.5376,1.53733,1.53739,379860000,8
1424145600000,1424146079000,1.53736,1.53751,1.53709,1.53751,283690000,8
1424146080000,1424146559000,1.53751,1.53811,1.53751,1.53793,425450000,8
1424146560000,1424147039000,1.53794,1.53808,1.53764,1.53806,539530000,8
1424147040000,1424147519000,1.53806,1.53809,1.53777,1.53777,271440000,8
1424147520000,1424147999000,1.53778,1.53782,1.53731,1.53762,376580000,8
1424148000000,1424148479000,1.53762,1.53774,1.53754,1.53759,248700000,8
1424148480000,1424148959000,1.53759,1.53781,1.53751,1.53762,531730000,8
1424148960000,1424149439000,1.53761,1.53769,1.53729,1.5375,485890000,8
1424149440000,1424149919000,1.5375,1.53764,1.5375,1.5376,221530000,8
1424149920000,1424150399000,1.53759,1.53786,1.53754,1.53784,320840000,8
1424150400000,1424150879000,1.53784,1.53797,1.53774,1.53779,390730000,8
1424150880000,1424151359000,1.53779,1.53786,1.5376,1.53775,404390000,8
1424151360000,1424151839000,1.53775,1.53795,1.53775,1.53786,329940000,8
1424151840000,1424152319000,1.53786,1.53787,1.53748,1.53757,396630000,8
1424152320000,1424152799000,1.53757,1.53814,1.53752,1.53806,421290000,8
1424152800000,1424153279000,1.53805,1.53814,1.53792,1.53809,422600000,8
1424153280000,1424153759000,1.53809,1.53811,1.53784,1.53785,414200000,8
1424153760000,1424154239000,1.53785,1.538,1.53779,1.53795,471670000,8
1424154240000,1424154719000,1.53795,1.53804,1.53779,1.53779,452040000,8
1424154720000,1424155199000,1.53779,1.5379,1.53773,1.53781,550060000,8
1424155200000,1424155679000,1.53783,1.53792,1.53769,1.53769,552470000,8
1424155680000,1424156159000,1.53769,1.53781,1.53745,1.53754,1057790000,8
1424156160000,1424156639000,1.53752,1.53765,1.53734,1.53764,888930000,8
1424156640000,1424157119000,1.53764,1.53806,1.53671,1.53671,2207020000,8
1424157120000,1424157599000,1.53671,1.53674,1.5361,1.53642,1508350000,8
1424157600000,1424158079000,1.53642,1.53647,1.53571,1.53589,1791330000,8
1424158080000,1424158559000,1.53588,1.53605,1.53536,1.53537,1195930000,8
1424158560000,1424159039000,1.53538,1.53608,1.53531,1.53599,1559410000,8
1424159040000,1424159519000,1.53599,1.53682,1.5356,1.53641,1887940000,8
1424159520000,1424159999000,1.53642,1.53647,1.53536,1.53594,2010080000,8
1424160000000,1424160479000,1.53594,1.53604,1.53517,1.5355,1513880000,8
1424160480000,1424160959000,1.5355,1.53595,1.53542,1.53589,1886880000,8
1424160960000,1424161439000,1.5359,1.53611,1.53508,1.53508,1753980000,8
1424161440000,1424161919000,1.53506,1.53534,1.53499,1.53533,1458530000,8
1424161920000,1424162399000,1.53531,1.53578,1.53485,1.53568,1494210000,8
1424162400000,1424162879000,1.53566,1.53574,1.53534,1.5356,1412500000,8
1424162880000,1424163359000,1.53558,1.53571,1.53492,1.53492,1759110000,8
1424163360000,1424163839000,1.53492,1.53512,1.53433,1.5348,1758050000,8
1424163840000,1424164319000,1.53479,1.53548,1.53446,1.53529,3156760000,8
1424164320000,1424164799000,1.53529,1.53643,1.53529,1.53566,2838390000,8
1424164800000,1424165279000,1.53566,1.53578,1.53474,1.53551,2699830000,8
1424165280000,1424165759000,1.53554,1.53623,1.53335,1.53615,4212370000,8
1424165760000,1424166239000,1.53614,1.53794,1.53584,1.53638,2329450000,8
1424166240000,1424166719000,1.53638,1.53741,1.53626,1.5369,2233520000,8
1424166720000,1424167199000,1.53693,1.53752,1.53593,1.53594,2622850000,8
1424167200000,1424167679000,1.536,1.53768,1.53574,1.53768,3468370000,8
1424167680000,1424168159000,1.53768,1.53858,1.53751,1.53849,2682180000,8
1424168160000,1424168639000,1.53849,1.53972,1.53829,1.53932,2660160000,8
1424168640000,1424169119000,1.53932,1.53947,1.53881,1.53918,1859850000,8
1424169120000,1424169599000,1.53918,1.53918,1.53845,1.53881,1414120000,8
1424169600000,1424170079000,1.53879,1.53892,1.53839,1.53849,1435140000,8
1424170080000,1424170559000,1.53849,1.53975,1.5383,1.5389,2286160000,8
1424170560000,1424171039000,1.53891,1.53906,1.53838,1.53848,2514980000,8
1424171040000,1424171519000,1.53848,1.53941,1.5382,1.53909,1916440000,8
1424171520000,1424171999000,1.5391,1.53927,1.53852,1.53921,1532700000,8
1424172000000,1424172479000,1.53922,1.54021,1.53921,1.53951,2225130000,8
1424172480000,1424172959000,1.53951,1.53959,1.53876,1.5393,1453870000,8
1424172960000,1424173439000,1.5393,1.5393,1.53845,1.53867,1685210000,8
1424173440000,1424173919000,1.53867,1.53953,1.53862,1.53911,2426480000,8
1424173920000,1424174399000,1.53911,1.53984,1.53873,1.53901,2501260000,8
1424174400000,1424174879000,1.53903,1.53906,1.53797,1.53815,1989510000,8
1424174880000,1424175359000,1.53814,1.53855,1.53801,1.53831,1100630000,8
1424175360000,1424175839000,1.53826,1.53849,1.53808,1.53813,1269250000,8
1424175840000,1424176319000,1.53814,1.53817,1.53718,1.5375,1598160000,8
1424176320000,1424176799000,1.5375,1.53754,1.53656,1.53675,1002180000,8
1424176800000,1424177279000,1.53674,1.53709,1.53654,1.537,807850000,8
1424177280000,1424177759000,1.53702,1.53708,1.53571,1.53633,1726720000,8
1424177760000,1424178239000,1.53633,1.53635,1.5353,1.53591,1569680000,8
1424178240000,1424178719000,1.53591,1.53591,1.53526,1.53551,969110000,8
1424178720000,1424179199000,1.53551,1.53567,1.53496,1.53528,860370000,8
1424179200000,1424179679000,1.53525,1.53548,1.53479,1.53526,1354620000,8
1424179680000,1424180159000,1.53527,1.53548,1.53482,1.53533,1406700000,8
1424180160000,1424180639000,1.53533,1.53563,1.53513,1.53536,1170580000,8
1424180640000,1424181119000,1.53536,1.53536,1.53459,1.53473,1144320000,8
1424181120000,1424181599000,1.53475,1.53541,1.53459,1.53537,883540000,8
1424181600000,1424182079000,1.53537,1.53602,1.53512,1.536,698070000,8
1424182080000,1424182559000,1.536,1.53606,1.53504,1.53561,1673080000,8
1424182560000,1424183039000,1.5356,1.53561,1.53466,1.5347,2043580000,8
1424183040000,1424183519000,1.53469,1.53542,1.53428,1.53539,2090440000,8
1424183520000,1424183999000,1.53539,1.53559,1.53509,1.5353,1952220000,8
1424184000000,1424184479000,1.5353,1.53544,1.53461,1.5348,2249610000,8
1424184480000,1424184959000,1.53482,1.53502,1.53433,1.53446,2365310000,8
1424184960000,1424185439000,1.53445,1.53466,1.53391,1.53391,2145440000,8
1424185440000,1424185919000,1.53391,1.53404,1.53352,1.53364,2211850000,8
1424185920000,1424186399000,1.53364,1.5338,1.53216,1.5324,3107810000,8
1424186400000,1424186879000,1.53242,1.53336,1.53197,1.53239,3086470000,8
1424186880000,1424187359000,1.53239,1.53243,1.5317,1.53209,2379100000,8
1424187360000,1424187839000,1.53209,1.53237,1.5316,1.53179,2537900000,8
1424187840000,1424188319000,1.53177,1.5329,1.53169,1.5328,2085330000,8
1424188320000,1424188799000,1.53281,1.53385,1.53223,1.53364,2578380000,8
1424188800000,1424189279000,1.53364,1.53403,1.53331,1.53396,2008050000,8
1424189280000,1424189759000,1.53394,1.53394,1.53299,1.53377,1786040000,8
1424189760000,1424190239000,1.53378,1.53534,1.53341,1.53486,1518590000,8
1424190240000,1424190719000,1.53491,1.53538,1.53415,1.53429,2084200000,8
1424190720000,1424191199000,1.5343,1.53433,1.53388,1.53404,1677940000,8
1424191200000,1424191679000,1.53402,1.53439,1.53375,1.53412,1267920000,8
1424191680000,1424192159000,1.53412,1.53441,1.53388,1.53441,1091330000,8
1424192160000,1424192639000,1.53441,1.53469,1.53437,1.5345,929450000,8
1424192640000,1424193119000,1.53451,1.53451,1.53406,1.5344,480930000,8
1424193120000,1424193599000,1.5344,1.5344,1.5341,1.53433,531400000,8
1424193600000,1424194079000,1.53431,1.53462,1.53407,1.53407,446280000,8
1424194080000,1424194559000,1.53407,1.53635,1.53402,1.53619,1251320000,8
1424194560000,1424195039000,1.53618,1.53627,1.53571,1.53588,1018230000,8
1424195040000,1424195519000,1.53588,1.53622,1.53577,1.5359,590490000,8
1424195520000,1424195999000,1.53589,1.53638,1.53568,1.53622,598610000,8
1424196000000,1424196479000,1.53622,1.53692,1.53622,1.53685,596450000,8
1424196480000,1424196959000,1.53685,1.53688,1.53526,1.53549,886430000,8
1424196960000,1424197439000,1.5355,1.53622,1.5354,1.5356,923550000,8
1424197440000,1424197919000,1.5356,1.5358,1.53467,1.53491,843440000,8
1424197920000,1424198399000,1.53491,1.53502,1.53401,1.53447,794410000,8
1424198400000,1424198879000,1.53449,1.53486,1.53438,1.53474,405660000,8
1424198880000,1424199359000,1.5347,1.53517,1.53456,1.53517,303610000,8
1424199360000,1424199839000,1.53516,1.53605,1.53515,1.5355,564070000,8
1424199840000,1424200319000,1.5355,1.53559,1.53491,1.53502,532740000,8
1424200320000,1424200799000,1.53499,1.53505,1.53464,1.53477,660430000,8
1424200800000,1424201279000,1.53477,1.53538,1.53477,1.5352,520710000,8
1424201280000,1424201759000,1.5352,1.5356,1.53511,1.5355,518270000,8
1424201760000,1424202239000,1.53551,1.53561,1.53538,1.53538,521040000,8
1424202240000,1424202719000,1.53538,1.53561,1.5353,1.53561,377970000,8
1424202720000,1424203199000,1.53562,1.5364,1.53559,1.53604,673040000,8
1424203200000,1424203679000,1.53604,1.53604,1.53528,1.53585,587400000,8
1424203680000,1424204159000,1.53585,1.53619,1.53559,1.53566,460890000,8
1424204160000,1424204639000,1.53565,1.53573,1.53558,1.53572,264770000,8
1424204640000,1424205119000,1.53572,1.53632,1.53572,1.5359,469340000,8
1424205120000,1424205599000,1.53589,1.53619,1.53579,1.5358,310040000,8
1424205600000,1424206079000,1.5358,1.53595,1.53546,1.53552,636090000,8
1424206080000,1424206559000,1.53551,1.53574,1.5353,1.53573,578330000,8
1424206560000,1424207039000,1.53574,1.53581,1.53509,1.53512,371430000,8
1424207040000,1424207519000,1.5351,1.53511,1.53501,1.53507,292810000,8
1424207520000,1424207999000,1.53507,1.53543,1.53504,1.53525,281630000,8
1424208000000,1424208479000,1.53525,1.53551,1.53515,1.53523,333220000,8
1424208480000,1424208959000,1.53523,1.53545,1.53513,1.5352,479320000,8
1424208960000,1424209439000,1.5352,1.53527,1.53506,1.5351,657380000,8
1424209440000,1424209919000,1.53509,1.53511,1.5349,1.53503,541750000,8
1424209920000,1424210399000,1.53502,1.53534,1.53477,1.53513,558770000,8
1424210400000,1424210879000,1.53514,1.53523,1.53484,1.53494,68270000,8
1424210880000,1424211359000,1.53494,1.53561,1.53493,1.53523,208530000,8
1424211360000,1424211839000,1.53519,1.53541,1.53507,1.53528,88400000,8
1424211840000,1424212319000,1.53526,1.53552,1.53447,1.53499,482320000,8
1424212320000,1424212799000,1.53495,1.53507,1.5345,1.53476,324010000,8
1424212800000,1424213279000,1.53476,1.53496,1.53472,1.53495,301030000,8
1424213280000,1424213759000,1.53496,1.535,1.5346,1.5346,395550000,8
1424213760000,1424214239000,1.5346,1.53511,1.5345,1.53509,600010000,8
1424214240000,1424214719000,1.53508,1.53509,1.53474,1.53501,625350000,8
1424214720000,1424215199000,1.53499,1.53499,1.53459,1.53465,465970000,8
1424215200000,1424215679000,1.53467,1.53497,1.53462,1.53491,368230000,8
1424215680000,1424216159000,1.53491,1.53551,1.5349,1.53522,487180000,8
1424216160000,1424216639000,1.53522,1.5354,1.5352,1.5354,487180000,8
1424216640000,1424217119000,1.53541,1.53541,1.53521,1.53521,470000000,8
1424217120000,1424217599000,1.53518,1.53527,1.53511,1.53521,182090000,8
1424217600000,1424218079000,1.5352,1.53521,1.53467,1.53479,512350000,8
1424218080000,1424218559000,1.53479,1.5348,1.53443,1.53448,541280000,8
1424218560000,1424219039000,1.53448,1.53501,1.53445,1.53501,684190000,8
1424219040000,1424219519000,1.53501,1.53538,1.53488,1.535,758670000,8
1424219520000,1424219999000,1.535,1.53509,1.53477,1.53481,643870000,8
1424220000000,1424220479000,1.53481,1.53523,1.53481,1.53514,581910000,8
1424220480000,1424220959000,1.53513,1.53518,1.53457,1.53465,705080000,8
1424220960000,1424221439000,1.53465,1.5351,1.53464,1.53488,517810000,8
1424221440000,1424221919000,1.53488,1.53508,1.53488,1.535,375690000,8
1424221920000,1424222399000,1.53498,1.53505,1.53468,1.53468,383420000,8
1424222400000,1424222879000,1.53468,1.53528,1.53461,1.53526,564630000,8
1424222880000,1424223359000,1.53526,1.53526,1.53474,1.53476,571380000,8
1424223360000,1424223839000,1.53476,1.53488,1.53471,1.53475,237000000,8
1424223840000,1424224319000,1.53477,1.53488,1.53465,1.5347,250320000,8
1424224320000,1424224799000,1.5347,1.53486,1.53435,1.53486,329350000,8
1424224800000,1424225279000,1.53485,1.53536,1.53484,1.53536,577640000,8
1424225280000,1424225759000,1.53534,1.53551,1.53508,1.53538,553360000,8
1424225760000,1424226239000,1.53538,1.53561,1.5352,1.53525,546740000,8
1424226240000,1424226719000,1.53525,1.53569,1.53525,1.53569,303370000,8
1424226720000,1424227199000,1.5357,1.53615,1.5355,1.53561,851670000,8
1424227200000,1424227679000,1.53562,1.53579,1.53555,1.53579,510130000,8
1424227680000,1424228159000,1.53579,1.53611,1.53545,1.53553,684150000,8
1424228160000,1424228639000,1.53552,1.53556,1.53517,1.53521,536290000,8
1424228640000,1424229119000,1.53521,1.53535,1.53505,1.5351,532980000,8
1424229120000,1424229599000,1.5351,1.53533,1.53492,1.5351,595050000,8
1424229600000,1424230079000,1.53511,1.53535,1.5349,1.53529,510010000,8
1424230080000,1424230559000,1.53529,1.53554,1.53524,1.53539,547030000,8
1424230560000,1424231039000,1.53539,1.53546,1.53523,1.53532,376580000,8
1424231040000,1424231519000,1.53534,1.53538,1.53512,1.5353,591860000,8
1424231520000,1424231999000,1.53533,1.53533,1.53506,1.53529,504230000,8
1424232000000,1424232479000,1.53525,1.53538,1.53502,1.53504,299070000,8
1424232480000,1424232959000,1.53505,1.53508,1.53484,1.53503,535980000,8
1424232960000,1424233439000,1.53504,1.53525,1.53499,1.53518,348550000,8
1424233440000,1424233919000,1.53518,1.53534,1.53514,1.53527,368310000,8
1424233920000,1424234399000,1.53527,1.53532,1.53511,1.53527,514120000,8
1424234400000,1424234879000,1.53527,1.53549,1.53518,1.53545,444670000,8
1424234880000,1424235359000,1.53543,1.53557,1.53532,1.53557,458940000,8
1424235360000,1424235839000,1.53559,1.53578,1.53538,1.53545,788940000,8
1424235840000,1424236319000,1.53544,1.53553,1.53528,1.53538,524110000,8
1424236320000,1424236799000,1.53538,1.53549,1.53525,1.53535,524380000,8
1424236800000,1424237279000,1.53534,1.53558,1.53534,1.53557,525940000,8
1424237280000,1424237759000,1.53556,1.53571,1.53547,1.53559,337230000,8
1424237760000,1424238239000,1.53558,1.53571,1.53557,1.53565,299350000,8
1424238240000,1424238719000,1.53565,1.53593,1.53556,1.53591,637200000,8
1424238720000,1424239199000,1.53591,1.53599,1.53542,1.53598,477400000,8
1424239200000,1424239679000,1.53588,1.5359,1.53553,1.53566,550320000,8
1424239680000,1424240159000,1.53565,1.53597,1.53549,1.53549,593180000,8
1424240160000,1424240639000,1.53549,1.53563,1.53548,1.53549,500120000,8
1424240640000,1424241119000,1.53549,1.53565,1.53543,1.53548,781640000,8
1424241120000,1424241599000,1.53548,1.53553,1.53518,1.5353,1116320000,8
1424241600000,1424242079000,1.53532,1.53532,1.53506,1.53528,1825850000,8
1424242080000,1424242559000,1.53528,1.5353,1.53495,1.535,1371580000,8
1424242560000,1424243039000,1.535,1.53504,1.53475,1.53487,1193990000,8
1424243040000,1424243519000,1.53487,1.53489,1.53447,1.53452,844220000,8
1424243520000,1424243999000,1.5345,1.53486,1.53431,1.53448,1034470000,8
1424244000000,1424244479000,1.53446,1.53454,1.53429,1.53441,954250000,8
1424244480000,1424244959000,1.53441,1.53451,1.53433,1.53443,820490000,8
1424244960000,1424245439000,1.53443,1.53469,1.53415,1.5346,1081720000,8
1424245440000,1424245919000,1.53459,1.53481,1.53454,1.53467,1153030000,8
1424245920000,1424246399000,1.53467,1.53551,1.53437,1.53471,1325580000,8
1424246400000,1424246879000,1.53471,1.53485,1.53442,1.53445,1621170000,8
1424246880000,1424247359000,1.53443,1.53555,1.53442,1.53519,1549760000,8
1424247360000,1424247839000,1.53519,1.5355,1.53497,1.53547,1406560000,8
1424247840000,1424248319000,1.53548,1.53569,1.53487,1.53489,1790540000,8
1424248320000,1424248799000,1.53489,1.53507,1.53432,1.5348,2102750000,8
1424248800000,1424249279000,1.53479,1.53567,1.53461,1.53553,1430270000,8
1424249280000,1424249759000,1.53553,1.53647,1.53542,1.53643,2631410000,8
1424249760000,1424250239000,1.53642,1.53688,1.53581,1.53653,2959280000,8
1424250240000,1424250719000,1.53653,1.5374,1.53653,1.53668,2080810000,8
1424250720000,1424251199000,1.53668,1.53692,1.53617,1.53659,1366090000,8
1424251200000,1424251679000,1.5366,1.53784,1.53659,1.53769,1989540000,8
1424251680000,1424252159000,1.5377,1.54261,1.5369,1.54195,6049520000,8
1424252160000,1424252639000,1.54192,1.54297,1.54187,1.54237,4473580000,8
1424252640000,1424253119000,1.54238,1.54302,1.54183,1.54241,2995680000,8
1424253120000,1424253599000,1.54242,1.54364,1.54238,1.54361,2914630000,8
1424253600000,1424254079000,1.54358,1.54358,1.54237,1.54245,2647640000,8
1424254080000,1424254559000,1.54244,1.54392,1.54244,1.54383,3685260000,8
1424254560000,1424255039000,1.54383,1.544,1.54317,1.54317,3142230000,8
1424255040000,1424255519000,1.54317,1.54356,1.54308,1.54332,2547140000,8
1424255520000,1424255999000,1.54332,1.54332,1.54218,1.54234,2974600000,8
1424256000000,1424256479000,1.54233,1.54295,1.5422,1.54275,2426750000,8
1424256480000,1424256959000,1.54275,1.54284,1.54227,1.54235,1960580000,8
1424256960000,1424257439000,1.54234,1.5426,1.54193,1.54193,1474990000,8
1424257440000,1424257919000,1.54194,1.5432,1.54187,1.54315,2848790000,8
1424257920000,1424258399000,1.54314,1.54354,1.54269,1.54319,2774260000,8
1424258400000,1424258879000,1.54317,1.5438,1.54232,1.54234,3341040000,8
1424258880000,1424259359000,1.54236,1.5431,1.54227,1.54278,2106530000,8
1424259360000,1424259839000,1.54277,1.54304,1.54226,1.54227,2632130000,8
1424259840000,1424260319000,1.54224,1.54337,1.54188,1.54279,3110090000,8
1424260320000,1424260799000,1.54281,1.54288,1.54207,1.54211,2972970000,8
1424260800000,1424261279000,1.54214,1.54245,1.54158,1.54226,2731140000,8
1424261280000,1424261759000,1.54226,1.54291,1.54223,1.54249,1984280000,8
1424261760000,1424262239000,1.5425,1.54343,1.54239,1.54323,2509100000,8
1424262240000,1424262719000,1.54325,1.54359,1.54317,1.54339,1939430000,8
1424262720000,1424263199000,1.5434,1.5436,1.54318,1.54338,1417600000,8
1424263200000,1424263679000,1.54338,1.54367,1.54325,1.54327,1983620000,8
1424263680000,1424264159000,1.54327,1.54389,1.54315,1.54375,2312350000,8
1424264160000,1424264639000,1.54375,1.54397,1.54277,1.54287,3343490000,8
1424264640000,1424265119000,1.54287,1.54287,1.54187,1.54225,2907150000,8
1424265120000,1424265599000,1.54227,1.54247,1.54186,1.54192,3196000000,8
1424265600000,1424266079000,1.54189,1.54265,1.54185,1.5426,2560560000,8
1424266080000,1424266559000,1.5426,1.54319,1.54207,1.54291,2926980000,8
1424266560000,1424267039000,1.54293,1.54319,1.54232,1.5426,2781810000,8
1424267040000,1424267519000,1.54264,1.54342,1.54263,1.54329,2065610000,8
1424267520000,1424267999000,1.54332,1.54351,1.54284,1.54291,1984840000,8
1424268000000,1424268479000,1.54296,1.54315,1.54196,1.54241,2206710000,8
1424268480000,1424268959000,1.5424,1.54328,1.54231,1.54318,2030560000,8
1424268960000,1424269439000,1.54316,1.54347,1.54244,1.54244,3255160000,8
1424269440000,1424269919000,1.54244,1.54282,1.54237,1.54264,1892470000,8
1424269920000,1424270399000,1.54263,1.54328,1.54248,1.54284,2177670000,8
1424270400000,1424270879000,1.54284,1.54293,1.54244,1.54293,2382010000,8
1424270880000,1424271359000,1.54294,1.54338,1.54269,1.54269,2774820000,8
1424271360000,1424271839000,1.54268,1.54289,1.54239,1.54256,3245040000,8
1424271840000,1424272319000,1.54254,1.54289,1.54202,1.54261,3407550000,8
1424272320000,1424272799000,1.54261,1.54341,1.54195,1.54341,3003820000,8
1424272800000,1424273279000,1.54341,1.54445,1.54324,1.5441,2778370000,8
1424273280000,1424273759000,1.54412,1.54439,1.54367,1.54396,3418750000,8
1424273760000,1424274239000,1.54395,1.54421,1.54339,1.54419,2300770000,8
1424274240000,1424274719000,1.5442,1.54451,1.544,1.54415,2848300000,8
1424274720000,1424275199000,1.54421,1.54504,1.54397,1.54459,3748010000,8
1424275200000,1424275679000,1.54462,1.54554,1.54433,1.54485,3765660000,8
1424275680000,1424276159000,1.54485,1.54491,1.54364,1.54405,2878770000,8
1424276160000,1424276639000,1.54405,1.54407,1.54361,1.54398,1915180000,8
1424276640000,1424277119000,1.54398,1.54414,1.5437,1.54378,1634530000,8
1424277120000,1424277599000,1.54379,1.54409,1.54356,1.54373,2001300000,8
1424277600000,1424278079000,1.54373,1.5438,1.54308,1.54335,2316510000,8
1424278080000,1424278559000,1.54337,1.5438,1.54264,1.54289,2590390000,8
1424278560000,1424279039000,1.54289,1.54335,1.54256,1.54256,1776350000,8
1424279040000,1424279519000,1.54256,1.54292,1.54172,1.54201,1057170000,8
1424279520000,1424279999000,1.54201,1.54315,1.54165,1.54314,863590000,8
1424280000000,1424280479000,1.54312,1.54312,1.54263,1.54279,564190000,8
1424280480000,1424280959000,1.54282,1.54299,1.54245,1.54299,633290000,8
1424280960000,1424281439000,1.54299,1.54299,1.54188,1.54232,1264670000,8
1424281440000,1424281919000,1.54233,1.54249,1.54185,1.54187,664810000,8
1424281920000,1424282399000,1.54186,1.54215,1.54156,1.54211,587970000,8
1424282400000,1424282879000,1.54211,1.54245,1.54171,1.5423,864620000,8
1424282880000,1424283359000,1.5423,1.54232,1.54201,1.54222,472360000,8
1424283360000,1424283839000,1.54222,1.54273,1.54222,1.54259,466810000,8
1424283840000,1424284319000,1.54259,1.54291,1.54255,1.54262,528570000,8
1424284320000,1424284799000,1.54262,1.54268,1.54233,1.54259,628710000,8
1424284800000,1424285279000,1.54259,1.54319,1.54216,1.54254,904320000,8
1424285280000,1424285759000,1.54254,1.54278,1.54193,1.54224,1032840000,8
1424285760000,1424286239000,1.54225,1.54678,1.54183,1.54662,2670680000,8
1424286240000,1424286719000,1.54662,1.54794,1.54612,1.54649,3032790000,8
1424286720000,1424287199000,1.54649,1.54688,1.54499,1.54499,2561280000,8
1424287200000,1424287679000,1.54495,1.54613,1.54481,1.54604,1613970000,8
1424287680000,1424288159000,1.54608,1.54665,1.5453,1.54599,1687420000,8
1424288160000,1424288639000,1.54601,1.54622,1.54464,1.54543,1361600000,8
1424288640000,1424289119000,1.54544,1.54566,1.54464,1.54521,1089460000,8
1424289120000,1424289599000,1.54519,1.54522,1.54305,1.54334,1242440000,8
1424289600000,1424290079000,1.54332,1.54398,1.54314,1.54378,1240780000,8
1424290080000,1424290559000,1.54379,1.5439,1.54345,1.54353,772810000,8
1424290560000,1424291039000,1.54357,1.54389,1.54349,1.54379,887410000,8
1424291040000,1424291519000,1.54379,1.54409,1.54369,1.54379,765090000,8
1424291520000,1424291999000,1.54378,1.54448,1.54378,1.5444,766730000,8
1424292000000,1424292479000,1.54441,1.54496,1.54441,1.54483,673860000,8
1424292480000,1424292959000,1.54483,1.54532,1.54471,1.54486,672800000,8
1424292960000,1424293439000,1.54486,1.54489,1.54399,1.5441,538720000,8
1424293440000,1424293919000,1.5441,1.54426,1.54381,1.54416,671590000,8
1424293920000,1424294399000,1.54417,1.54417,1.54358,1.54385,509680000,8
1424294400000,1424294879000,1.54384,1.54394,1.54368,1.54392,498400000,8
1424294880000,1424295359000,1.54392,1.54435,1.54378,1.5438,763280000,8
1424295360000,1424295839000,1.5438,1.54381,1.54342,1.54349,602870000,8
1424295840000,1424296319000,1.54349,1.54362,1.54338,1.54338,1253520000,8
1424296320000,1424296799000,1.54338,1.54364,1.54322,1.54345,869610000,8
1424296800000,1424297279000,1.54345,1.5438,1.54335,1.54374,95690000,8
1424297280000,1424297759000,1.54374,1.54393,1.54356,1.54378,165180000,8
1424297760000,1424298239000,1.5438,1.54428,1.5436,1.54399,312760000,8
1424298240000,1424298719000,1.54401,1.54434,1.54367,1.54409,306310000,8
1424298720000,1424299199000,1.54409,1.54429,1.54357,1.54397,374830000,8
1424299200000,1424299679000,1.54395,1.54415,1.54352,1.54397,260480000,8
1424299680000,1424300159000,1.54397,1.54411,1.54392,1.54401,181170000,8
1424300160000,1424300639000,1.54399,1.54406,1.54361,1.54404,178630000,8
1424300640000,1424301119000,1.54404,1.54421,1.54375,1.54386,164710000,8
1424301120000,1424301599000,1.54386,1.54394,1.54369,1.54375,133980000,8
1424301600000,1424302079000,1.54375,1.54375,1.54348,1.5435,511710000,8
1424302080000,1424302559000,1.54348,1.54362,1.54347,1.54357,329350000,8
1424302560000,1424303039000,1.54356,1.5437,1.54354,1.54365,295530000,8
1424303040000,1424303519000,1.54365,1.54368,1.5434,1.54346,315730000,8
1424303520000,1424303999000,1.54345,1.54361,1.5434,1.54344,223820000,8
1424304000000,1424304479000,1.54341,1.54366,1.54338,1.54358,548580000,8
1424304480000,1424304959000,1.54358,1.54366,1.54346,1.54361,260020000,8
1424304960000,1424305439000,1.54362,1.5439,1.54351,1.54364,352720000,8
1424305440000,1424305919000,1.54363,1.54364,1.54348,1.54358,158550000,8
1424305920000,1424306399000,1.54358,1.54377,1.54351,1.54356,173850000,8
1424306400000,1424306879000,1.54356,1.54364,1.54349,1.54363,105920000,8
1424306880000,1424307359000,1.54363,1.54412,1.54351,1.54402,255360000,8
1424307360000,1424307839000,1.54402,1.54403,1.54372,1.54383,320140000,8
1424307840000,1424308319000,1.54383,1.54391,1.54369,1.54387,300980000,8
1424308320000,1424308799000,1.54387,1.54387,1.54355,1.54361,237000000,8
1424308800000,1424309279000,1.54361,1.54381,1.54355,1.5436,405600000,8
1424309280000,1424309759000,1.5436,1.54378,1.5435,1.54376,186210000,8
1424309760000,1424310239000,1.54374,1.54462,1.54369,1.54462,525160000,8
1424310240000,1424310719000,1.54462,1.54483,1.5444,1.54478,465440000,8
1424310720000,1424311199000,1.54479,1.54499,1.54456,1.54479,231030000,8
1424311200000,1424311679000,1.54482,1.54545,1.54473,1.54543,520850000,8
1424311680000,1424312159000,1.54543,1.54556,1.54505,1.54514,458130000,8
1424312160000,1424312639000,1.54514,1.54539,1.54498,1.54519,409690000,8
1424312640000,1424313119000,1.54519,1.5457,1.54504,1.54562,454500000,8
1424313120000,1424313599000,1.54562,1.54568,1.54529,1.54532,554570000,8
1424313600000,1424314079000,1.54532,1.54561,1.5452,1.54554,370690000,8
1424314080000,1424314559000,1.54556,1.54562,1.54541,1.54555,415830000,8
1424314560000,1424315039000,1.54553,1.54565,1.54552,1.54558,394140000,8
1424315040000,1424315519000,1.54558,1.54571,1.54553,1.54557,273210000,8
1424315520000,1424315999000,1.54556,1.54558,1.54533,1.54539,277790000,8
1424316000000,1424316479000,1.5454,1.54543,1.54528,1.54532,221250000,8
1424316480000,1424316959000,1.54532,1.54543,1.5452,1.54524,345390000,8
1424316960000,1424317439000,1.54525,1.54533,1.54513,1.54524,277020000,8
1424317440000,1424317919000,1.54524,1.5453,1.54507,1.54523,398290000,8
1424317920000,1424318399000,1.54523,1.54523,1.54485,1.54488,281330000,8
1424318400000,1424318879000,1.54489,1.54503,1.54486,1.54498,341410000,8
1424318880000,1424319359000,1.54497,1.545,1.54485,1.54499,550310000,8
1424319360000,1424319839000,1.54498,1.54501,1.54494,1.54498,317740000,8
1424319840000,1424320319000,1.545,1.54515,1.54496,1.54511,384250000,8
1424320320000,1424320799000,1.54511,1.54522,1.54421,1.54432,512780000,8
1424320800000,1424321279000,1.54431,1.54489,1.54431,1.54476,438110000,8
1424321280000,1424321759000,1.54476,1.54478,1.54448,1.54465,339920000,8
1424321760000,1424322239000,1.54465,1.54476,1.54424,1.54469,553720000,8
1424322240000,1424322719000,1.54469,1.54476,1.5444,1.54459,495450000,8
1424322720000,1424323199000,1.54459,1.54478,1.54446,1.54459,351150000,8
1424323200000,1424323679000,1.54459,1.54498,1.54442,1.54484,471410000,8
1424323680000,1424324159000,1.54484,1.54505,1.5447,1.54503,311700000,8
1424324160000,1424324639000,1.54502,1.54514,1.54479,1.54495,323540000,8
1424324640000,1424325119000,1.54498,1.54547,1.54486,1.54535,655250000,8
1424325120000,1424325599000,1.54535,1.54569,1.54526,1.54536,425480000,8
1424325600000,1424326079000,1.54533,1.5456,1.54529,1.54559,441210000,8
1424326080000,1424326559000,1.54561,1.54564,1.54548,1.54559,395970000,8
1424326560000,1424327039000,1.5456,1.54605,1.54558,1.54579,482660000,8
1424327040000,1424327519000,1.54578,1.54585,1.54551,1.54581,647730000,8
1424327520000,1424327999000,1.54581,1.54584,1.54543,1.54548,730030000,8
1424328000000,1424328479000,1.54546,1.54581,1.54546,1.54564,787190000,8
1424328480000,1424328959000,1.54564,1.54578,1.54542,1.54577,1166520000,8
1424328960000,1424329439000,1.54577,1.54609,1.54568,1.54605,1082560000,8
1424329440000,1424329919000,1.54607,1.54607,1.54571,1.54585,996800000,8
1424329920000,1424330399000,1.54585,1.54653,1.54576,1.54633,946870000,8
1424330400000,1424330879000,1.54634,1.54647,1.54572,1.54578,1034020000,8
1424330880000,1424331359000,1.54578,1.54606,1.54507,1.54527,2164640000,8
1424331360000,1424331839000,1.54527,1.54578,1.54501,1.54501,1936280000,8
1424331840000,1424332319000,1.545,1.54514,1.54449,1.54484,1407680000,8
1424332320000,1424332799000,1.54483,1.54483,1.54427,1.54442,1571070000,8
1424332800000,1424333279000,1.54442,1.54444,1.54338,1.5436,2450720000,8
1424333280000,1424333759000,1.5436,1.54441,1.54359,1.54429,2292420000,8
1424333760000,1424334239000,1.54428,1.54469,1.54401,1.54467,1937570000,8
1424334240000,1424334719000,1.54467,1.54548,1.54438,1.54526,2138670000,8
1424334720000,1424335199000,1.54526,1.54545,1.54483,1.54526,1668170000,8
1424335200000,1424335679000,1.54525,1.54554,1.54437,1.54437,2305210000,8
1424335680000,1424336159000,1.54439,1.54475,1.54439,1.5445,1896650000,8
1424336160000,1424336639000,1.54452,1.54544,1.54437,1.54544,2450950000,8
1424336640000,1424337119000,1.54542,1.546,1.54501,1.54581,2096750000,8
1424337120000,1424337599000,1.54584,1.54601,1.54539,1.54542,2060110000,8
1424337600000,1424338079000,1.54542,1.54586,1.54528,1.54536,1657970000,8
1424338080000,1424338559000,1.54534,1.5454,1.54443,1.54453,2479510000,8
1424338560000,1424339039000,1.54455,1.54513,1.54415,1.54491,2493050000,8
1424339040000,1424339519000,1.54493,1.54527,1.54421,1.54429,2015500000,8
1424339520000,1424339999000,1.54428,1.54509,1.54419,1.54449,1973530000,8
1424340000000,1424340479000,1.54447,1.54524,1.54435,1.54451,2819610000,8
1424340480000,1424340959000,1.5445,1.54473,1.54357,1.54383,2202980000,8
1424340960000,1424341439000,1.54385,1.5439,1.54302,1.54353,1882540000,8
1424341440000,1424341919000,1.54357,1.54408,1.5435,1.54368,2052780000,8
1424341920000,1424342399000,1.54368,1.54416,1.54336,1.54382,1370780000,8
1424342400000,1424342879000,1.54382,1.54451,1.54371,1.54431,1218050000,8
1424342880000,1424343359000,1.54431,1.54434,1.54379,1.54389,1431160000,8
1424343360000,1424343839000,1.54389,1.54508,1.54377,1.5449,2043850000,8
1424343840000,1424344319000,1.54489,1.54513,1.54445,1.54501,2273610000,8
1424344320000,1424344799000,1.54501,1.54511,1.54434,1.54434,2222970000,8
1424344800000,1424345279000,1.54435,1.54467,1.54416,1.54426,2156150000,8
1424345280000,1424345759000,1.54426,1.54479,1.54414,1.54475,1472640000,8
1424345760000,1424346239000,1.54475,1.54518,1.54465,1.54509,1959370000,8
1424346240000,1424346719000,1.54509,1.54512,1.54455,1.5448,2139580000,8
1424346720000,1424347199000,1.54483,1.54561,1.54466,1.54555,2343870000,8
1424347200000,1424347679000,1.54554,1.54599,1.54524,1.54535,1999080000,8
1424347680000,1424348159000,1.54538,1.54546,1.54353,1.54375,4429190000,8
1424348160000,1424348639000,1.54377,1.54417,1.54325,1.54364,3430070000,8
1424348640000,1424349119000,1.54363,1.54372,1.54295,1.54369,3477640000,8
1424349120000,1424349599000,1.54363,1.54434,1.54344,1.54367,3297340000,8
1424349600000,1424350079000,1.54367,1.54455,1.54306,1.54312,3023450000,8
1424350080000,1424350559000,1.54311,1.54326,1.54257,1.54281,2341440000,8
1424350560000,1424351039000,1.54281,1.54291,1.54175,1.54235,3129690000,8
1424351040000,1424351519000,1.54235,1.54337,1.54235,1.543,2769700000,8
1424351520000,1424351999000,1.543,1.54345,1.54285,1.54292,2787830000,8
1424352000000,1424352479000,1.54293,1.54296,1.54087,1.54128,3354700000,8
1424352480000,1424352959000,1.54127,1.54214,1.54113,1.54202,3443810000,8
1424352960000,1424353439000,1.54203,1.54216,1.54102,1.54119,3142200000,8
1424353440000,1424353919000,1.54119,1.54125,1.54038,1.54115,2708870000,8
1424353920000,1424354399000,1.54115,1.54151,1.54097,1.5414,2026710000,8
1424354400000,1424354879000,1.5414,1.54187,1.54112,1.54156,2089900000,8
1424354880000,1424355359000,1.54156,1.54171,1.54129,1.54144,1495920000,8
1424355360000,1424355839000,1.54142,1.54179,1.54114,1.54129,2211280000,8
1424355840000,1424356319000,1.54131,1.54265,1.54121,1.54265,1649200000,8
1424356320000,1424356799000,1.54265,1.54287,1.54233,1.54276,1945910000,8
1424356800000,1424357279000,1.54276,1.54342,1.54262,1.54263,2287050000,8
1424357280000,1424357759000,1.54262,1.54294,1.54245,1.54281,2458860000,8
1424357760000,1424358239000,1.5428,1.54339,1.54167,1.54309,3414610000,8
1424358240000,1424358719000,1.5431,1.54349,1.54252,1.54276,1824090000,8
1424358720000,1424359199000,1.54276,1.54312,1.54226,1.54241,2746160000,8
1424359200000,1424359679000,1.54239,1.54288,1.54225,1.54264,2083170000,8
1424359680000,1424360159000,1.54266,1.54344,1.54258,1.54316,2465280000,8
1424360160000,1424360639000,1.54316,1.54388,1.54313,1.54388,2281540000,8
1424360640000,1424361119000,1.54387,1.54428,1.54373,1.54397,2548430000,8
1424361120000,1424361599000,1.54395,1.54426,1.54368,1.5438,2654350000,8
1424361600000,1424362079000,1.5438,1.54432,1.54368,1.54402,2266010000,8
1424362080000,1424362559000,1.54403,1.54407,1.54347,1.54362,1643450000,8
1424362560000,1424363039000,1.5436,1.54452,1.54339,1.5444,1434200000,8
1424363040000,1424363519000,1.5444,1.54486,1.54379,1.54415,2168500000,8
1424363520000,1424363999000,1.54415,1.54487,1.54391,1.54481,1989500000,8
1424364000000,1424364479000,1.5448,1.54506,1.54393,1.54479,2293010000,8
1424364480000,1424364959000,1.54479,1.54519,1.5444,1.54468,1962790000,8
1424364960000,1424365439000,1.54468,1.54507,1.54446,1.54456,1325430000,8
1424365440000,1424365919000,1.54456,1.54456,1.54403,1.54414,624270000,8
1424365920000,1424366399000,1.54414,1.54414,1.54327,1.54346,876580000,8
1424366400000,1424366879000,1.54346,1.54359,1.54304,1.54323,643080000,8
1424366880000,1424367359000,1.54323,1.54339,1.54277,1.54284,513630000,8
1424367360000,1424367839000,1.54285,1.54285,1.54185,1.5421,819310000,8
1424367840000,1424368319000,1.54216,1.54224,1.54185,1.54204,603300000,8
1424368320000,1424368799000,1.54204,1.54334,1.54196,1.54323,786670000,8
1424368800000,1424369279000,1.5432,1.5432,1.54261,1.54284,643390000,8
1424369280000,1424369759000,1.54287,1.54345,1.54284,1.54323,572790000,8
1424369760000,1424370239000,1.5432,1.54345,1.54274,1.54285,568660000,8
1424370240000,1424370719000,1.54285,1.54319,1.54266,1.54281,698920000,8
1424370720000,1424371199000,1.54281,1.54282,1.54243,1.54244,557340000,8
1424371200000,1424371679000,1.54246,1.54252,1.54186,1.54218,788120000,8
1424371680000,1424372159000,1.54215,1.54247,1.54199,1.54204,615460000,8
1424372160000,1424372639000,1.54204,1.54206,1.54147,1.54161,741310000,8
1424372640000,1424373119000,1.54161,1.54208,1.54159,1.54191,413230000,8
1424373120000,1424373599000,1.54191,1.54215,1.54153,1.54165,606900000,8
1424373600000,1424374079000,1.54164,1.5417,1.54084,1.54108,644590000,8
1424374080000,1424374559000,1.54108,1.54108,1.54066,1.54108,501650000,8
1424374560000,1424375039000,1.54108,1.54108,1.54054,1.54079,349620000,8
1424375040000,1424375519000,1.5408,1.54084,1.54066,1.54069,334790000,8
1424375520000,1424375999000,1.54066,1.54138,1.54066,1.54118,536660000,8
1424376000000,1424376479000,1.5412,1.54142,1.54076,1.54095,671500000,8
1424376480000,1424376959000,1.54095,1.54126,1.54087,1.54123,469720000,8
1424376960000,1424377439000,1.54123,1.54123,1.54088,1.54101,428850000,8
1424377440000,1424377919000,1.54101,1.54113,1.54082,1.54092,359850000,8
1424377920000,1424378399000,1.54091,1.541,1.54083,1.5409,344440000,8
1424378400000,1424378879000,1.5409,1.54102,1.54076,1.54102,424140000,8
1424378880000,1424379359000,1.54101,1.5412,1.54092,1.54101,453180000,8
1424379360000,1424379839000,1.54101,1.54122,1.54093,1.54103,256190000,8
1424379840000,1424380319000,1.54101,1.54126,1.54101,1.54109,367190000,8
1424380320000,1424380799000,1.54109,1.54109,1.54089,1.54092,367610000,8
1424380800000,1424381279000,1.54092,1.54121,1.54092,1.54116,288470000,8
1424381280000,1424381759000,1.54114,1.54135,1.54114,1.54131,391440000,8
1424381760000,1424382239000,1.5413,1.54152,1.54118,1.54143,977510000,8
1424382240000,1424382719000,1.54145,1.54155,1.5412,1.54149,1259690000,8
1424382720000,1424383199000,1.54145,1.54154,1.54122,1.54129,617930000,8
1424383200000,1424383679000,1.54134,1.54137,1.54117,1.54125,142770000,8
1424383680000,1424384159000,1.54126,1.54151,1.54125,1.54147,179420000,8
1424384160000,1424384639000,1.54146,1.54162,1.54138,1.54152,96220000,8
1424384640000,1424385119000,1.54153,1.54155,1.54147,1.54149,67120000,8
1424385120000,1424385599000,1.54149,1.54161,1.54146,1.5416,124710000,8
1424385600000,1424386079000,1.5416,1.54166,1.54146,1.54154,252670000,8
1424386080000,1424386559000,1.54152,1.54155,1.54147,1.5415,191880000,8
1424386560000,1424387039000,1.54155,1.54172,1.54132,1.54139,373760000,8
1424387040000,1424387519000,1.54141,1.54186,1.54133,1.54186,449120000,8
1424387520000,1424387999000,1.5418,1.54181,1.54153,1.54167,496320000,8
1424388000000,1424388479000,1.54167,1.54185,1.54165,1.54185,251000000,8
1424388480000,1424388959000,1.54185,1.54186,1.54173,1.54184,275550000,8
1424388960000,1424389439000,1.54185,1.54186,1.54148,1.54156,326440000,8
1424389440000,1424389919000,1.54156,1.54169,1.54152,1.54166,196430000,8
1424389920000,1424390399000,1.54166,1.54183,1.54166,1.5418,336800000,8
1424390400000,1424390879000,1.54183,1.542,1.5418,1.54183,385040000,8
1424390880000,1424391359000,1.54177,1.54178,1.54163,1.54173,280060000,8
1424391360000,1424391839000,1.54173,1.54193,1.54168,1.54177,374530000,8
1424391840000,1424392319000,1.54178,1.54182,1.54162,1.54175,375030000,8
1424392320000,1424392799000,1.54175,1.542,1.54168,1.54191,424850000,8
1424392800000,1424393279000,1.54191,1.54225,1.54189,1.54219,294470000,8
1424393280000,1424393759000,1.54219,1.54248,1.54208,1.5424,440420000,8
1424393760000,1424394239000,1.5424,1.54244,1.54217,1.54228,296690000,8
1424394240000,1424394719000,1.54227,1.54253,1.54222,1.5425,319540000,8
1424394720000,1424395199000,1.54248,1.54257,1.5423,1.5425,392540000,8
1424395200000,1424395679000,1.5425,1.54252,1.54218,1.54221,397630000,8
1424395680000,1424396159000,1.54225,1.54229,1.54208,1.54213,399090000,8
1424396160000,1424396639000,1.54213,1.54273,1.54213,1.54264,704050000,8
1424396640000,1424397119000,1.54264,1.54314,1.54244,1.54308,808070000,8
1424397120000,1424397599000,1.54306,1.5431,1.54285,1.54301,571080000,8
1424397600000,1424398079000,1.543,1.54338,1.54299,1.54316,516810000,8
1424398080000,1424398559000,1.54316,1.54323,1.54307,1.54314,368310000,8
1424398560000,1424399039000,1.54314,1.5433,1.5429,1.54293,468010000,8
1424399040000,1424399519000,1.54293,1.54299,1.54288,1.54296,412300000,8
1424399520000,1424399999000,1.54295,1.54306,1.54284,1.54297,358470000,8
1424400000000,1424400479000,1.54298,1.54298,1.54268,1.54279,458970000,8
1424400480000,1424400959000,1.5428,1.54286,1.54269,1.54277,220720000,8
1424400960000,1424401439000,1.54277,1.54319,1.54277,1.54292,386930000,8
1424401440000,1424401919000,1.54293,1.54293,1.54263,1.54273,399070000,8
1424401920000,1424402399000,1.54273,1.54274,1.54257,1.54257,284430000,8
1424402400000,1424402879000,1.54258,1.54264,1.54247,1.54247,268030000,8
1424402880000,1424403359000,1.54247,1.54263,1.54232,1.54235,304530000,8
1424403360000,1424403839000,1.54236,1.5427,1.54209,1.5426,414190000,8
1424403840000,1424404319000,1.54262,1.54266,1.54248,1.54256,260510000,8
1424404320000,1424404799000,1.54257,1.54288,1.54253,1.54282,296640000,8
1424404800000,1424405279000,1.54282,1.54325,1.54282,1.54313,354960000,8
1424405280000,1424405759000,1.54314,1.54325,1.54303,1.54322,270480000,8
1424405760000,1424406239000,1.54318,1.5432,1.54288,1.54289,211470000,8
1424406240000,1424406719000,1.54289,1.54307,1.54279,1.54306,181970000,8
1424406720000,1424407199000,1.54306,1.54312,1.54291,1.54299,216980000,8
1424407200000,1424407679000,1.543,1.54315,1.54274,1.54274,270520000,8
1424407680000,1424408159000,1.54273,1.54284,1.54262,1.54272,482020000,8
1424408160000,1424408639000,1.54272,1.54278,1.54262,1.54262,289350000,8
1424408640000,1424409119000,1.54262,1.54262,1.54237,1.54243,391050000,8
1424409120000,1424409599000,1.54243,1.54258,1.54241,1.54245,269300000,8
1424409600000,1424410079000,1.54246,1.54269,1.54239,1.54261,456800000,8
1424410080000,1424410559000,1.54262,1.54263,1.54248,1.5425,213990000,8
1424410560000,1424411039000,1.54251,1.54276,1.54242,1.54245,343690000,8
1424411040000,1424411519000,1.54246,1.54273,1.54244,1.5426,336180000,8
1424411520000,1424411999000,1.54262,1.54268,1.54245,1.5426,313940000,8
1424412000000,1424412479000,1.5426,1.54276,1.5425,1.54275,314740000,8
1424412480000,1424412959000,1.54274,1.54285,1.54273,1.54279,304870000,8
1424412960000,1424413439000,1.54279,1.54283,1.54257,1.54259,298500000,8
1424413440000,1424413919000,1.54258,1.54262,1.54214,1.54222,435640000,8
1424413920000,1424414399000,1.54221,1.54247,1.54214,1.5423,818990000,8
1424414400000,1424414879000,1.54228,1.54237,1.54227,1.5423,548220000,8
1424414880000,1424415359000,1.5423,1.54255,1.54228,1.54251,1071410000,8
1424415360000,1424415839000,1.54251,1.54259,1.54191,1.54192,1752070000,8
1424415840000,1424416319000,1.54192,1.54236,1.5416,1.54181,1290860000,8
1424416320000,1424416799000,1.54179,1.54238,1.54153,1.54222,1719810000,8
1424416800000,1424417279000,1.54223,1.54259,1.54194,1.5423,1416300000,8
1424417280000,1424417759000,1.54231,1.54241,1.54206,1.54234,874160000,8
1424417760000,1424418239000,1.54235,1.54313,1.54223,1.54313,1420710000,8
1424418240000,1424418719000,1.54311,1.54335,1.543,1.5431,1642150000,8
1424418720000,1424419199000,1.5431,1.54331,1.54289,1.54306,1707660000,8
1424419200000,1424419679000,1.54307,1.54328,1.54264,1.5428,2318930000,8
1424419680000,1424420159000,1.54279,1.54314,1.54061,1.54067,4437120000,8
1424420160000,1424420639000,1.54065,1.54175,1.54065,1.54132,2934320000,8
1424420640000,1424421119000,1.5413,1.54155,1.54025,1.54067,3497500000,8
1424421120000,1424421599000,1.54069,1.54105,1.54042,1.54097,2935310000,8
1424421600000,1424422079000,1.54098,1.54105,1.54043,1.54046,2043600000,8
1424422080000,1424422559000,1.54044,1.5406,1.5383,1.53833,2695450000,8
1424422560000,1424423039000,1.53835,1.5387,1.53717,1.5372,4072000000,8
1424423040000,1424423519000,1.53719,1.53732,1.53653,1.53687,4348370000,8
1424423520000,1424423999000,1.53685,1.53726,1.53636,1.5367,3531250000,8
1424424000000,1424424479000,1.53669,1.53708,1.53635,1.53656,2765520000,8
1424424480000,1424424959000,1.53655,1.53686,1.53514,1.53529,4295860000,8
1424424960000,1424425439000,1.53529,1.53672,1.53529,1.53662,3764160000,8
1424425440000,1424425919000,1.53662,1.53694,1.53621,1.5363,3391530000,8
1424425920000,1424426399000,1.53628,1.53668,1.53621,1.53653,1957570000,8
1424426400000,1424426879000,1.53652,1.5383,1.53648,1.5381,3465800000,8
1424426880000,1424427359000,1.53811,1.53903,1.53806,1.53816,3546930000,8
1424427360000,1424427839000,1.53816,1.53835,1.53743,1.53772,1793400000,8
1424427840000,1424428319000,1.53772,1.53807,1.53758,1.53804,1126280000,8
1424428320000,1424428799000,1.53802,1.53817,1.53717,1.53747,2182000000,8
1424428800000,1424429279000,1.53747,1.53804,1.53744,1.53781,2061670000,8
1424429280000,1424429759000,1.53785,1.53786,1.53673,1.53706,2205850000,8
1424429760000,1424430239000,1.53706,1.53726,1.53642,1.53651,2048320000,8
1424430240000,1424430719000,1.53652,1.53672,1.53581,1.53589,1906370000,8
1424430720000,1424431199000,1.5359,1.53626,1.53539,1.53555,1850880000,8
1424431200000,1424431679000,1.53557,1.53591,1.53543,1.53577,1681580000,8
1424431680000,1424432159000,1.53577,1.53592,1.53434,1.53507,2698280000,8
1424432160000,1424432639000,1.53507,1.53636,1.53503,1.53603,2389090000,8
1424432640000,1424433119000,1.53606,1.53618,1.53514,1.53618,2187910000,8
1424433120000,1424433599000,1.5361,1.537,1.53601,1.53672,2553930000,8
1424433600000,1424434079000,1.53674,1.53732,1.53615,1.53662,2383100000,8
1424434080000,1424434559000,1.53659,1.53842,1.53653,1.53774,5037590000,8
1424434560000,1424435039000,1.53774,1.5379,1.53721,1.53748,2736170000,8
1424435040000,1424435519000,1.53749,1.53837,1.53741,1.53756,3197790000,8
1424435520000,1424435999000,1.53759,1.53825,1.53741,1.53813,2870450000,8
1424436000000,1424436479000,1.53811,1.53827,1.53739,1.5375,2751230000,8
1424436480000,1424436959000,1.53748,1.53749,1.53713,1.53731,3351430000,8
1424436960000,1424437439000,1.53735,1.53737,1.53681,1.53727,2927270000,8
1424437440000,1424437919000,1.53727,1.5381,1.53715,1.53773,2983690000,8
1424437920000,1424438399000,1.53767,1.53823,1.53672,1.53675,4679400000,8
1424438400000,1424438879000,1.53675,1.53715,1.53584,1.5366,3983310000,8
1424438880000,1424439359000,1.53661,1.53762,1.53652,1.53761,3516080000,8
1424439360000,1424439839000,1.53761,1.53805,1.53696,1.53777,5123270000,8
1424439840000,1424440319000,1.53776,1.53841,1.5373,1.5378,3309920000,8
1424440320000,1424440799000,1.53778,1.53832,1.53734,1.53781,3067220000,8
1424440800000,1424441279000,1.53782,1.53791,1.53712,1.53734,2817030000,8
1424441280000,1424441759000,1.53732,1.53735,1.53599,1.53601,3007690000,8
1424441760000,1424442239000,1.53601,1.53723,1.53573,1.53713,2234050000,8
1424442240000,1424442719000,1.53714,1.53729,1.53634,1.53662,1943020000,8
1424442720000,1424443199000,1.53661,1.53701,1.53566,1.53587,4028010000,8
1424443200000,1424443679000,1.53587,1.53651,1.53553,1.53561,2715500000,8
1424443680000,1424444159000,1.53561,1.53614,1.53532,1.53611,2849230000,8
1424444160000,1424444639000,1.5361,1.53621,1.53529,1.53555,2986820000,8
1424444640000,1424445119000,1.53557,1.53626,1.53522,1.53623,2008130000,8
1424445120000,1424445599000,1.53623,1.5366,1.53571,1.53607,2679020000,8
1424445600000,1424446079000,1.53606,1.53792,1.53604,1.53749,2960100000,8
1424446080000,1424446559000,1.53749,1.53779,1.53684,1.53736,2741230000,8
1424446560000,1424447039000,1.53737,1.53871,1.53731,1.53871,3420710000,8
1424447040000,1424447519000,1.5387,1.54002,1.53751,1.53793,5468280000,8
1424447520000,1424447999000,1.53793,1.53845,1.53681,1.53746,3927860000,8
1424448000000,1424448479000,1.5374,1.5374,1.53622,1.53628,3026110000,8
1424448480000,1424448959000,1.53629,1.53727,1.5361,1.53683,2540060000,8
1424448960000,1424449439000,1.53681,1.5385,1.53672,1.53829,2514380000,8
1424449440000,1424449919000,1.53829,1.53854,1.53754,1.53785,1931070000,8
1424449920000,1424450399000,1.53785,1.53833,1.53731,1.53775,2588500000,8
1424450400000,1424450879000,1.53775,1.53795,1.53683,1.5371,1930000000,8
1424450880000,1424451359000,1.5371,1.538,1.5371,1.53771,1845850000,8
1424451360000,1424451839000,1.53771,1.53837,1.53768,1.53837,1035510000,8
1424451840000,1424452319000,1.53837,1.53858,1.53689,1.53696,1097240000,8
1424452320000,1424452799000,1.53696,1.53764,1.53696,1.53723,482150000,8
1424452800000,1424453279000,1.53723,1.53845,1.53723,1.53822,511670000,8
1424453280000,1424453759000,1.53823,1.53849,1.5364,1.5379,1381700000,8
1424453760000,1424454239000,1.53786,1.53935,1.53743,1.53788,2575160000,8
1424454240000,1424454719000,1.53789,1.53987,1.53789,1.53944,1443730000,8
1424454720000,1424455199000,1.53941,1.54033,1.5394,1.5401,1860730000,8
1424455200000,1424455679000,1.54009,1.54202,1.53992,1.54114,2240680000,8
1424455680000,1424456159000,1.54116,1.54137,1.54055,1.54121,1237900000,8
1424456160000,1424456639000,1.54121,1.54166,1.54064,1.54108,1171110000,8
1424456640000,1424457119000,1.5411,1.54167,1.54012,1.54037,1393900000,8
1424457120000,1424457599000,1.5404,1.54142,1.54022,1.54046,1209620000,8
1424457600000,1424458079000,1.54043,1.54087,1.53998,1.54016,980800000,8
1424458080000,1424458559000,1.54016,1.54026,1.53985,1.53985,516220000,8
1424458560000,1424459039000,1.53985,1.53985,1.539,1.53939,774330000,8
1424459040000,1424459519000,1.53939,1.53941,1.53882,1.53916,673410000,8
1424459520000,1424459999000,1.53916,1.53978,1.53913,1.53934,517540000,8
1424460000000,1424460479000,1.53934,1.54105,1.53934,1.54089,782570000,8
1424460480000,1424460959000,1.54088,1.541,1.54014,1.54096,976240000,8
1424460960000,1424461439000,1.54097,1.54103,1.53976,1.54016,864080000,8
1424461440000,1424461919000,1.54016,1.54016,1.53937,1.54001,656240000,8
1424461920000,1424462399000,1.54001,1.54001,1.53931,1.5397,1002850000,8
1424462400000,1424462879000,1.53971,1.54074,1.53947,1.53983,1376010000,8
1424462880000,1424463359000,1.53981,1.54032,1.53949,1.53958,965800000,8
1424463360000,1424463839000,1.53958,1.53977,1.5378,1.53848,1163600000,8
1424463840000,1424464319000,1.53848,1.53867,1.538,1.5383,658360000,8
1424464320000,1424464799000,1.5383,1.53847,1.53815,1.53834,529740000,8
1424464800000,1424465279000,1.53836,1.5394,1.53836,1.53919,575480000,8
1424465280000,1424465759000,1.53919,1.53919,1.53859,1.53861,685720000,8
1424465760000,1424466239000,1.53861,1.53939,1.53842,1.5392,614550000,8
1424466240000,1424466719000,1.53919,1.5398,1.53918,1.5397,621830000,8
1424466720000,1424467199000,1.53968,1.54003,1.53931,1.53942,983670000,8
1424467200000,1424467679000,1.53939,1.53958,1.53904,1.53908,274220000,8
1424467680000,1424468159000,1.53908,1.53961,1.53908,1.53911,756590000,8
1424468160000,1424468639000,1.53909,1.53953,1.53909,1.53921,508320000,8
1424468640000,1424469119000,1.5392,1.53944,1.53909,1.53933,619540000,8
1424469120000,1424469599000,1.53933,1.54026,1.5391,1.53917,627000000,8
1424469600000,1424470079000,1.53917,1.53917,1.53917,1.53917,0,8
1424470080000,1424470559000,1.53917,1.53917,1.53917,1.53917,0,8
1424470560000,1424471039000,1.53917,1.53917,1.53917,1.53917,0,8
1424471040000,1424471519000,1.53917,1.53917,1.53917,1.53917,0,8
1424471520000,1424471999000,1.53917,1.53917,1.53917,1.53917,0,8
1424472000000,1424472479000,1.53917,1.53917,1.53917,1.53917,0,8
1424472480000,1424472959000,1.53917,1.53917,1.53917,1.53917,0,8
1424472960000,1424473439000,1.53917,1.53917,1.53917,1.53917,0,8
1424473440000,1424473919000,1.53917,1.53917,1.53917,1.53917,0,8
1424473920000,1424474399000,1.53917,1.53917,1.53917,1.53917,0,8
1424474400000,1424474879000,1.53917,1.53917,1.53917,1.53917,0,8
1424474880000,1424475359000,1.53917,1.53917,1.53917,1.53917,0,8
1424475360000,1424475839000,1.53917,1.53917,1.53917,1.53917,0,8
1424475840000,1424476319000,1.53917,1.53917,1.53917,1.53917,0,8
1424476320000,1424476799000,1.53917,1.53917,1.53917,1.53917,0,8
1424642400000,1424642879000,1.53955,1.5397,1.53922,1.53932,363140000,8
1424642880000,1424643359000,1.53934,1.53934,1.53887,1.53923,528610000,8
1424643360000,1424643839000,1.53927,1.53934,1.53873,1.53931,557720000,8
1424643840000,1424644319000,1.53931,1.53931,1.53886,1.5389,202460000,8
1424644320000,1424644799000,1.53892,1.53892,1.53868,1.53873,346810000,8
1424644800000,1424645279000,1.53873,1.53899,1.53871,1.53898,301200000,8
1424645280000,1424645759000,1.53897,1.539,1.53876,1.5389,824650000,8
1424645760000,1424646239000,1.53887,1.53912,1.53881,1.53898,711160000,8
1424646240000,1424646719000,1.53898,1.53915,1.53879,1.5388,534980000,8
1424646720000,1424647199000,1.53882,1.53886,1.5387,1.53882,402440000,8
1424647200000,1424647679000,1.53882,1.53886,1.53861,1.5387,415000000,8
1424647680000,1424648159000,1.5387,1.53882,1.53855,1.53859,338980000,8
1424648160000,1424648639000,1.53857,1.53871,1.53852,1.53868,260340000,8
1424648640000,1424649119000,1.53868,1.53911,1.53865,1.53908,252060000,8
1424649120000,1424649599000,1.53909,1.53909,1.53867,1.53869,193510000,8
1424649600000,1424650079000,1.53863,1.53871,1.538,1.53802,937530000,8
1424650080000,1424650559000,1.53804,1.53816,1.53788,1.53798,500990000,8
1424650560000,1424651039000,1.53798,1.53798,1.53707,1.53708,606310000,8
1424651040000,1424651519000,1.53708,1.53797,1.53708,1.53791,457320000,8
1424651520000,1424651999000,1.5379,1.5379,1.53761,1.53768,309910000,8
1424652000000,1424652479000,1.53767,1.53789,1.5376,1.53774,306520000,8
1424652480000,1424652959000,1.53774,1.53778,1.5369,1.53775,567110000,8
1424652960000,1424653439000,1.53773,1.53813,1.53773,1.53812,540060000,8
1424653440000,1424653919000,1.53812,1.53812,1.53791,1.5381,556060000,8
1424653920000,1424654399000,1.5381,1.5381,1.53782,1.53782,589140000,8
1424654400000,1424654879000,1.53782,1.53803,1.5378,1.53787,714800000,8
1424654880000,1424655359000,1.53787,1.5381,1.53787,1.53803,348690000,8
1424655360000,1424655839000,1.53804,1.53804,1.53742,1.53743,455450000,8
1424655840000,1424656319000,1.53743,1.53754,1.5374,1.53754,301570000,8
1424656320000,1424656799000,1.53752,1.53754,1.5371,1.53723,682330000,8
1424656800000,1424657279000,1.53723,1.53725,1.53684,1.53722,546830000,8
1424657280000,1424657759000,1.53722,1.53774,1.5372,1.53767,692130000,8
1424657760000,1424658239000,1.53767,1.53824,1.53766,1.53814,570240000,8
1424658240000,1424658719000,1.53815,1.53828,1.53809,1.53822,288510000,8
1424658720000,1424659199000,1.53823,1.53823,1.53809,1.53811,466190000,8
1424659200000,1424659679000,1.53812,1.53862,1.53811,1.5384,453800000,8
1424659680000,1424660159000,1.53841,1.53848,1.53827,1.53827,368560000,8
1424660160000,1424660639000,1.53827,1.5383,1.5375,1.53751,519050000,8
1424660640000,1424661119000,1.53749,1.53781,1.53738,1.53776,617720000,8
1424661120000,1424661599000,1.53777,1.53804,1.53777,1.53798,423270000,8
1424661600000,1424662079000,1.53799,1.53804,1.53795,1.53802,341180000,8
1424662080000,1424662559000,1.538,1.53808,1.53789,1.53793,323660000,8
1424662560000,1424663039000,1.53793,1.53799,1.53747,1.5376,580510000,8
1424663040000,1424663519000,1.5376,1.53778,1.53752,1.53771,470180000,8
1424663520000,1424663999000,1.53771,1.53791,1.53771,1.53785,301910000,8
1424664000000,1424664479000,1.53785,1.53798,1.53784,1.53791,387640000,8
1424664480000,1424664959000,1.53791,1.53819,1.53787,1.5381,522700000,8
1424664960000,1424665439000,1.5381,1.53818,1.53803,1.53817,287120000,8
1424665440000,1424665919000,1.53816,1.53832,1.53811,1.5383,274640000,8
1424665920000,1424666399000,1.53832,1.53832,1.53814,1.53817,408720000,8
1424666400000,1424666879000,1.53817,1.5383,1.53812,1.53822,439290000,8
1424666880000,1424667359000,1.53822,1.53828,1.53807,1.5381,611940000,8
1424667360000,1424667839000,1.53811,1.53828,1.53802,1.53822,525620000,8
1424667840000,1424668319000,1.53823,1.53841,1.5382,1.53835,414650000,8
1424668320000,1424668799000,1.53835,1.53838,1.53822,1.53831,412960000,8
1424668800000,1424669279000,1.53831,1.53843,1.53829,1.53839,388010000,8
1424669280000,1424669759000,1.53839,1.53846,1.53834,1.53845,350620000,8
1424669760000,1424670239000,1.53845,1.53878,1.53845,1.53852,573700000,8
1424670240000,1424670719000,1.53851,1.53865,1.53847,1.53854,356550000,8
1424670720000,1424671199000,1.53855,1.53859,1.53844,1.53851,493800000,8
1424671200000,1424671679000,1.53849,1.5387,1.53849,1.53861,368250000,8
1424671680000,1424672159000,1.53862,1.53866,1.53852,1.53863,283220000,8
1424672160000,1424672639000,1.53863,1.53869,1.53858,1.53868,399620000,8
1424672640000,1424673119000,1.53867,1.53888,1.53851,1.53882,502770000,8
1424673120000,1424673599000,1.53883,1.53886,1.53862,1.53863,646680000,8
1424673600000,1424674079000,1.53861,1.53894,1.5386,1.5389,1053560000,8
1424674080000,1424674559000,1.5389,1.53951,1.53889,1.53911,1202670000,8
1424674560000,1424675039000,1.5391,1.53911,1.53788,1.53829,1488430000,8
1424675040000,1424675519000,1.53829,1.53838,1.53781,1.53784,1974020000,8
1424675520000,1424675999000,1.53783,1.53794,1.53757,1.53772,1299050000,8
1424676000000,1424676479000,1.53774,1.53847,1.53772,1.53841,1500910000,8
1424676480000,1424676959000,1.53843,1.53869,1.53779,1.53782,1442950000,8
1424676960000,1424677439000,1.53782,1.53815,1.53749,1.53794,1928090000,8
1424677440000,1424677919000,1.53794,1.53853,1.53771,1.53836,1243000000,8
1424677920000,1424678399000,1.53836,1.53863,1.53775,1.53852,1374290000,8
1424678400000,1424678879000,1.53853,1.53929,1.53835,1.53919,2497800000,8
1424678880000,1424679359000,1.53922,1.53932,1.53854,1.53909,2829050000,8
1424679360000,1424679839000,1.5391,1.53922,1.53839,1.53841,2964150000,8
1424679840000,1424680319000,1.53842,1.53862,1.53786,1.53846,2278650000,8
1424680320000,1424680799000,1.53846,1.53846,1.53765,1.53772,1557720000,8
1424680800000,1424681279000,1.53771,1.53784,1.53701,1.53742,1820660000,8
1424681280000,1424681759000,1.53742,1.53754,1.53658,1.53694,1612010000,8
1424681760000,1424682239000,1.53694,1.53777,1.53651,1.53772,2958480000,8
1424682240000,1424682719000,1.53772,1.5378,1.53716,1.53768,2992490000,8
1424682720000,1424683199000,1.53768,1.53777,1.53701,1.53729,2487260000,8
1424683200000,1424683679000,1.53729,1.53745,1.53679,1.53703,1635000000,8
1424683680000,1424684159000,1.53703,1.53723,1.5367,1.53702,1826790000,8
1424684160000,1424684639000,1.53703,1.53721,1.53668,1.5367,2327850000,8
1424684640000,1424685119000,1.5367,1.53795,1.53662,1.53777,1971520000,8
1424685120000,1424685599000,1.53777,1.538,1.53681,1.53682,2815310000,8
1424685600000,1424686079000,1.53687,1.53743,1.53649,1.53701,2562850000,8
1424686080000,1424686559000,1.53701,1.53745,1.53669,1.53669,2365330000,8
1424686560000,1424687039000,1.5367,1.53717,1.53651,1.53676,2111530000,8
1424687040000,1424687519000,1.53675,1.53704,1.53588,1.53595,1902470000,8
1424687520000,1424687999000,1.53596,1.53604,1.53516,1.53533,2095500000,8
1424688000000,1424688479000,1.53532,1.5354,1.53346,1.53351,2710150000,8
1424688480000,1424688959000,1.53353,1.53417,1.53348,1.53406,1750120000,8
1424688960000,1424689439000,1.5341,1.53439,1.53332,1.53343,2163360000,8
1424689440000,1424689919000,1.53343,1.53442,1.53323,1.5344,2489580000,8
1424689920000,1424690399000,1.5344,1.53484,1.53434,1.53471,991070000,8
1424690400000,1424690879000,1.53467,1.53497,1.5343,1.53495,1520980000,8
1424690880000,1424691359000,1.53492,1.53536,1.53492,1.53525,1328050000,8
1424691360000,1424691839000,1.53527,1.53535,1.53484,1.53522,1028150000,8
1424691840000,1424692319000,1.53522,1.53602,1.53516,1.53593,1055340000,8
1424692320000,1424692799000,1.53593,1.53622,1.53586,1.53613,1648870000,8
1424692800000,1424693279000,1.53613,1.53613,1.53546,1.5356,1579190000,8
1424693280000,1424693759000,1.53559,1.53613,1.53553,1.53591,1549720000,8
1424693760000,1424694239000,1.53589,1.53675,1.53555,1.53645,2236260000,8
1424694240000,1424694719000,1.53645,1.53664,1.536,1.53644,1515750000,8
1424694720000,1424695199000,1.53643,1.5376,1.53631,1.53713,1935940000,8
1424695200000,1424695679000,1.53713,1.53734,1.53692,1.53723,1232730000,8
1424695680000,1424696159000,1.53723,1.53751,1.53665,1.53706,1294150000,8
1424696160000,1424696639000,1.53709,1.53775,1.53691,1.53735,2451400000,8
1424696640000,1424697119000,1.53735,1.53747,1.53653,1.53692,2306760000,8
1424697120000,1424697599000,1.53694,1.53812,1.53664,1.53811,2818640000,8
1424697600000,1424698079000,1.53811,1.53866,1.53773,1.53824,3419050000,8
1424698080000,1424698559000,1.53822,1.53876,1.53799,1.53851,1982200000,8
1424698560000,1424699039000,1.53851,1.53944,1.53851,1.53936,1569980000,8
1424699040000,1424699519000,1.53936,1.5401,1.53934,1.5399,4047460000,8
1424699520000,1424699999000,1.5399,1.54167,1.53975,1.54068,2875200000,8
1424700000000,1424700479000,1.54071,1.54096,1.54044,1.54081,1854320000,8
1424700480000,1424700959000,1.54081,1.54092,1.5404,1.54053,1697780000,8
1424700960000,1424701439000,1.54053,1.54119,1.54053,1.54108,1828650000,8
1424701440000,1424701919000,1.54108,1.54117,1.5407,1.54081,1958940000,8
1424701920000,1424702399000,1.54081,1.54103,1.54049,1.54094,2078180000,8
1424702400000,1424702879000,1.54094,1.54121,1.54071,1.54083,1597730000,8
1424702880000,1424703359000,1.54083,1.54145,1.54053,1.54141,1501150000,8
1424703360000,1424703839000,1.54143,1.54324,1.54141,1.54292,2840440000,8
1424703840000,1424704319000,1.54292,1.54344,1.54259,1.54268,2330550000,8
1424704320000,1424704799000,1.54267,1.54299,1.5423,1.54251,1521570000,8
1424704800000,1424705279000,1.54251,1.54323,1.5424,1.54293,1383770000,8
1424705280000,1424705759000,1.54293,1.5432,1.5428,1.54312,1501580000,8
1424705760000,1424706239000,1.54312,1.54321,1.54291,1.54316,1739000000,8
1424706240000,1424706719000,1.54316,1.54324,1.54277,1.54297,1799850000,8
1424706720000,1424707199000,1.54295,1.54524,1.5429,1.5449,2995530000,8
1424707200000,1424707679000,1.5449,1.54583,1.54463,1.54473,3453430000,8
1424707680000,1424708159000,1.54473,1.54484,1.54437,1.54452,1897110000,8
1424708160000,1424708639000,1.54452,1.54576,1.54445,1.54571,2240970000,8
1424708640000,1424709119000,1.54571,1.5469,1.54549,1.5469,3766600000,8
1424709120000,1424709599000,1.5469,1.54744,1.54635,1.54651,2944150000,8
1424709600000,1424710079000,1.54649,1.54667,1.54579,1.54644,2392750000,8
1424710080000,1424710559000,1.54645,1.54692,1.54622,1.54639,1825420000,8
1424710560000,1424711039000,1.54638,1.5467,1.54619,1.54638,1402700000,8
1424711040000,1424711519000,1.54638,1.54679,1.5461,1.54628,944620000,8
1424711520000,1424711999000,1.54628,1.54663,1.54591,1.54655,897540000,8
1424712000000,1424712479000,1.54655,1.5469,1.54651,1.54683,658310000,8
1424712480000,1424712959000,1.54683,1.5469,1.54635,1.54687,703610000,8
1424712960000,1424713439000,1.54687,1.54708,1.54629,1.54631,1104190000,8
1424713440000,1424713919000,1.54631,1.54631,1.54534,1.5457,1009320000,8
1424713920000,1424714399000,1.5457,1.54596,1.54526,1.54526,887240000,8
1424714400000,1424714879000,1.54534,1.54569,1.54514,1.54514,702280000,8
1424714880000,1424715359000,1.54514,1.54568,1.54496,1.54561,531460000,8
1424715360000,1424715839000,1.54561,1.54571,1.54503,1.54571,655380000,8
1424715840000,1424716319000,1.54571,1.54638,1.54548,1.54626,669900000,8
1424716320000,1424716799000,1.54626,1.5467,1.54603,1.5465,845050000,8
1424716800000,1424717279000,1.5465,1.54696,1.54644,1.54663,769560000,8
1424717280000,1424717759000,1.54663,1.54663,1.54614,1.54644,617010000,8
1424717760000,1424718239000,1.54645,1.54647,1.54557,1.54594,784410000,8
1424718240000,1424718719000,1.54595,1.54702,1.54593,1.54671,684570000,8
1424718720000,1424719199000,1.54671,1.54679,1.54628,1.54638,504340000,8
1424719200000,1424719679000,1.54637,1.54655,1.54599,1.54621,548630000,8
1424719680000,1424720159000,1.54619,1.54628,1.54533,1.54551,745050000,8
1424720160000,1424720639000,1.54551,1.54553,1.54531,1.5454,405090000,8
1424720640000,1424721119000,1.5454,1.54567,1.5454,1.54558,328080000,8
1424721120000,1424721599000,1.54558,1.54579,1.54527,1.54528,470920000,8
1424721600000,1424722079000,1.5453,1.5456,1.54527,1.54531,394890000,8
1424722080000,1424722559000,1.54531,1.54542,1.54522,1.54532,365210000,8
1424722560000,1424723039000,1.54532,1.5457,1.54532,1.54565,530590000,8
1424723040000,1424723519000,1.54565,1.5459,1.5455,1.54555,412570000,8
1424723520000,1424723999000,1.54555,1.54592,1.54555,1.54572,204740000,8
1424724000000,1424724479000,1.54572,1.54595,1.5456,1.54588,386580000,8
1424724480000,1424724959000,1.54588,1.54612,1.54587,1.54589,562040000,8
1424724960000,1424725439000,1.54589,1.54619,1.54529,1.5453,312410000,8
1424725440000,1424725919000,1.54531,1.54542,1.54527,1.54534,195630000,8
1424725920000,1424726399000,1.54534,1.54534,1.54521,1.54528,247830000,8
1424726400000,1424726879000,1.54527,1.54551,1.54527,1.54551,226660000,8
1424726880000,1424727359000,1.54551,1.54572,1.54539,1.54572,307870000,8
1424727360000,1424727839000,1.54577,1.54612,1.54572,1.5461,513310000,8
1424727840000,1424728319000,1.5461,1.5461,1.5455,1.54568,583740000,8
1424728320000,1424728799000,1.5457,1.54585,1.54547,1.54557,364410000,8
1424728800000,1424729279000,1.54557,1.54584,1.54551,1.5457,119770000,8
1424729280000,1424729759000,1.5457,1.54578,1.5454,1.54542,253190000,8
1424729760000,1424730239000,1.54542,1.54581,1.54512,1.54522,297880000,8
1424730240000,1424730719000,1.54522,1.54558,1.54508,1.54514,309480000,8
1424730720000,1424731199000,1.54527,1.54572,1.54496,1.54514,254940000,8
1424731200000,1424731679000,1.54514,1.54572,1.54505,1.5456,395150000,8
1424731680000,1424732159000,1.54562,1.54574,1.54528,1.54538,280530000,8
1424732160000,1424732639000,1.54539,1.54591,1.54529,1.54549,524270000,8
1424732640000,1424733119000,1.5455,1.54554,1.54536,1.54551,296590000,8
1424733120000,1424733599000,1.54551,1.54566,1.5455,1.54563,295440000,8
1424733600000,1424734079000,1.54563,1.54575,1.54529,1.54537,748580000,8
1424734080000,1424734559000,1.54535,1.54562,1.54532,1.54553,256740000,8
1424734560000,1424735039000,1.54552,1.54576,1.54543,1.54544,264380000,8
1424735040000,1424735519000,1.54544,1.54546,1.54522,1.54526,589670000,8
1424735520000,1424735999000,1.54528,1.54531,1.54509,1.54513,712930000,8
1424736000000,1424736479000,1.54513,1.54522,1.5451,1.54512,571200000,8
1424736480000,1424736959000,1.54512,1.54515,1.54509,1.54509,641040000,8
1424736960000,1424737439000,1.54509,1.5451,1.54498,1.54503,420990000,8
1424737440000,1424737919000,1.54503,1.54508,1.54499,1.54501,367130000,8
1424737920000,1424738399000,1.54501,1.5452,1.545,1.54511,335640000,8
1424738400000,1424738879000,1.54511,1.54523,1.54511,1.54513,342630000,8
1424738880000,1424739359000,1.54513,1.5452,1.5449,1.54501,558020000,8
1424739360000,1424739839000,1.545,1.54504,1.5447,1.54481,444370000,8
1424739840000,1424740319000,1.54481,1.54498,1.54475,1.54496,404600000,8
1424740320000,1424740799000,1.54496,1.54496,1.54473,1.54496,515140000,8
1424740800000,1424741279000,1.54493,1.54502,1.54468,1.54471,423280000,8
1424741280000,1424741759000,1.5447,1.54482,1.54464,1.5448,419940000,8
1424741760000,1424742239000,1.5448,1.54501,1.54473,1.54483,322810000,8
1424742240000,1424742719000,1.54483,1.54506,1.54457,1.54462,459110000,8
1424742720000,1424743199000,1.54462,1.54482,1.54462,1.54477,473400000,8
1424743200000,1424743679000,1.54476,1.54493,1.54443,1.54462,505230000,8
1424743680000,1424744159000,1.54462,1.54479,1.54432,1.54447,488030000,8
1424744160000,1424744639000,1.54447,1.54455,1.54432,1.54451,534960000,8
1424744640000,1424745119000,1.54451,1.54451,1.54379,1.54386,412290000,8
1424745120000,1424745599000,1.54386,1.54417,1.54385,1.54412,315500000,8
1424745600000,1424746079000,1.54412,1.54412,1.54318,1.54354,597730000,8
1424746080000,1424746559000,1.54354,1.54358,1.54296,1.54356,672060000,8
1424746560000,1424747039000,1.54353,1.54358,1.54331,1.5435,502540000,8
1424747040000,1424747519000,1.5435,1.54363,1.5435,1.54359,419640000,8
1424747520000,1424747999000,1.54359,1.54376,1.54352,1.54375,423520000,8
1424748000000,1424748479000,1.54375,1.5438,1.54369,1.54373,359140000,8
1424748480000,1424748959000,1.54373,1.54379,1.54361,1.5437,416870000,8
1424748960000,1424749439000,1.54368,1.54371,1.54328,1.54345,437950000,8
1424749440000,1424749919000,1.54347,1.54384,1.54344,1.54379,499060000,8
1424749920000,1424750399000,1.54378,1.54393,1.5437,1.54388,598890000,8
1424750400000,1424750879000,1.54388,1.54391,1.54346,1.54348,460360000,8
1424750880000,1424751359000,1.54349,1.5437,1.54349,1.54367,390460000,8
1424751360000,1424751839000,1.54368,1.54387,1.54359,1.54385,511820000,8
1424751840000,1424752319000,1.54385,1.54411,1.5438,1.544,413350000,8
1424752320000,1424752799000,1.54401,1.54412,1.54391,1.54411,457350000,8
1424752800000,1424753279000,1.54412,1.54464,1.54412,1.5444,797690000,8
1424753280000,1424753759000,1.5444,1.54453,1.54429,1.54442,533080000,8
1424753760000,1424754239000,1.54442,1.54452,1.54426,1.54428,178660000,8
1424754240000,1424754719000,1.54428,1.54429,1.54412,1.54414,360190000,8
1424754720000,1424755199000,1.54416,1.54425,1.54413,1.54419,288770000,8
1424755200000,1424755679000,1.54419,1.54423,1.54411,1.54423,227630000,8
1424755680000,1424756159000,1.54423,1.54443,1.5441,1.54414,415230000,8
1424756160000,1424756639000,1.54415,1.54415,1.54371,1.54385,461010000,8
1424756640000,1424757119000,1.54383,1.54392,1.54364,1.54372,482340000,8
1424757120000,1424757599000,1.54372,1.5438,1.54351,1.54353,300140000,8
1424757600000,1424758079000,1.54353,1.54361,1.54334,1.54336,488180000,8
1424758080000,1424758559000,1.54335,1.54344,1.54313,1.5434,499540000,8
1424758560000,1424759039000,1.5434,1.5436,1.54326,1.54327,416190000,8
1424759040000,1424759519000,1.54329,1.54361,1.54319,1.54351,775190000,8
1424759520000,1424759999000,1.54352,1.54473,1.54341,1.54473,1669140000,8
1424760000000,1424760479000,1.54473,1.54593,1.54464,1.54498,2367040000,8
1424760480000,1424760959000,1.54498,1.54558,1.54476,1.54537,1436450000,8
1424760960000,1424761439000,1.54535,1.54539,1.54453,1.54527,1525770000,8
1424761440000,1424761919000,1.54529,1.54549,1.54502,1.54543,730780000,8
1424761920000,1424762399000,1.54543,1.54583,1.54538,1.54564,679500000,8
1424762400000,1424762879000,1.54565,1.54565,1.54516,1.54543,343870000,8
1424762880000,1424763359000,1.5454,1.54566,1.54533,1.5454,908130000,8
1424763360000,1424763839000,1.54541,1.54584,1.54522,1.54584,643700000,8
1424763840000,1424764319000,1.54584,1.54655,1.54554,1.54577,1233470000,8
1424764320000,1424764799000,1.54576,1.54607,1.54506,1.54546,1476740000,8
1424764800000,1424765279000,1.54548,1.5456,1.54432,1.54481,2024930000,8
1424765280000,1424765759000,1.54481,1.54533,1.5446,1.54461,1557080000,8
1424765760000,1424766239000,1.54461,1.5448,1.5436,1.54382,1641540000,8
1424766240000,1424766719000,1.54381,1.5445,1.5438,1.54413,1561190000,8
1424766720000,1424767199000,1.54413,1.54454,1.54406,1.54429,1440670000,8
1424767200000,1424767679000,1.54436,1.54505,1.5443,1.54504,1633150000,8
1424767680000,1424768159000,1.54504,1.54507,1.54442,1.54457,1267840000,8
1424768160000,1424768639000,1.54457,1.54479,1.5441,1.54431,1471490000,8
1424768640000,1424769119000,1.5443,1.54644,1.54422,1.54578,1576340000,8
1424769120000,1424769599000,1.54579,1.54661,1.54572,1.54582,2556280000,8
1424769600000,1424770079000,1.54583,1.54583,1.54411,1.54422,2863580000,8
1424770080000,1424770559000,1.54422,1.54431,1.54345,1.54354,1956720000,8
1424770560000,1424771039000,1.54354,1.54417,1.54325,1.54393,1265580000,8
1424771040000,1424771519000,1.54391,1.54412,1.54343,1.54354,1835370000,8
1424771520000,1424771999000,1.54349,1.54433,1.54322,1.54433,2273170000,8
1424772000000,1424772479000,1.54433,1.54442,1.54355,1.54382,1669410000,8
1424772480000,1424772959000,1.54384,1.54398,1.54361,1.54372,1272120000,8
1424772960000,1424773439000,1.54373,1.54526,1.54343,1.54395,4024520000,8
1424773440000,1424773919000,1.54394,1.54411,1.54305,1.54321,2122240000,8
1424773920000,1424774399000,1.54321,1.54437,1.54321,1.54433,1759220000,8
1424774400000,1424774879000,1.54436,1.54483,1.54432,1.54446,1669640000,8
1424774880000,1424775359000,1.54446,1.54513,1.54432,1.54507,1397580000,8
1424775360000,1424775839000,1.54508,1.54525,1.54453,1.54461,1268900000,8
1424775840000,1424776319000,1.54461,1.54497,1.54373,1.54384,1557430000,8
1424776320000,1424776799000,1.54381,1.54392,1.54319,1.54374,2742570000,8
1424776800000,1424777279000,1.54374,1.54411,1.54322,1.54338,1617470000,8
1424777280000,1424777759000,1.54338,1.54418,1.54327,1.54418,1613080000,8
1424777760000,1424778239000,1.54416,1.54427,1.5435,1.54371,2180400000,8
1424778240000,1424778719000,1.54369,1.54424,1.54313,1.54408,1757500000,8
1424778720000,1424779199000,1.54408,1.5447,1.54373,1.54461,1620570000,8
1424779200000,1424779679000,1.54461,1.54461,1.54398,1.5441,1694450000,8
1424779680000,1424780159000,1.5441,1.54424,1.54389,1.54409,1235200000,8
1424780160000,1424780639000,1.54411,1.54414,1.54346,1.54354,981930000,8
1424780640000,1424781119000,1.54353,1.54371,1.54311,1.54322,1427800000,8
1424781120000,1424781599000,1.54322,1.54417,1.54322,1.54405,936960000,8
1424781600000,1424782079000,1.54405,1.54437,1.54379,1.5438,1576630000,8
1424782080000,1424782559000,1.5438,1.54388,1.54329,1.54369,930010000,8
1424782560000,1424783039000,1.54369,1.54391,1.54292,1.54309,1517690000,8
1424783040000,1424783519000,1.54309,1.54334,1.54232,1.54259,1140060000,8
1424783520000,1424783999000,1.54259,1.54273,1.54183,1.54233,1491310000,8
1424784000000,1424784479000,1.54234,1.54242,1.54173,1.54227,818500000,8
1424784480000,1424784959000,1.54227,1.5426,1.54193,1.54216,1082050000,8
1424784960000,1424785439000,1.54216,1.54263,1.54214,1.5426,1030720000,8
1424785440000,1424785919000,1.5426,1.54323,1.54249,1.5431,1178820000,8
1424785920000,1424786399000,1.5431,1.54351,1.543,1.54335,1557010000,8
1424786400000,1424786879000,1.54336,1.54336,1.54271,1.54288,1432370000,8
1424786880000,1424787359000,1.54288,1.54293,1.54188,1.54289,2189140000,8
1424787360000,1424787839000,1.54289,1.54315,1.54272,1.54272,1420780000,8
1424787840000,1424788319000,1.54272,1.54362,1.54271,1.54329,890320000,8
1424788320000,1424788799000,1.54329,1.54358,1.54255,1.5429,1915670000,8
1424788800000,1424789279000,1.5429,1.54352,1.5428,1.54329,1433190000,8
1424789280000,1424789759000,1.5433,1.5436,1.5428,1.54313,2056400000,8
1424789760000,1424790239000,1.54312,1.54385,1.54016,1.54168,4089060000,8
1424790240000,1424790719000,1.54169,1.54355,1.54089,1.54206,5639360000,8
1424790720000,1424791199000,1.54211,1.54635,1.54206,1.54392,6267600000,8
1424791200000,1424791679000,1.54392,1.54435,1.54219,1.54243,4534280000,8
1424791680000,1424792159000,1.54243,1.54501,1.54233,1.54501,3674230000,8
1424792160000,1424792639000,1.54513,1.54519,1.54402,1.54501,3511490000,8
1424792640000,1424793119000,1.54501,1.54614,1.54396,1.54412,4109070000,8
1424793120000,1424793599000,1.54413,1.54582,1.54408,1.54582,3081840000,8
1424793600000,1424794079000,1.5458,1.54717,1.54554,1.54663,3195650000,8
1424794080000,1424794559000,1.54663,1.54728,1.54548,1.54613,3478900000,8
1424794560000,1424795039000,1.54614,1.54616,1.5445,1.54523,1972790000,8
1424795040000,1424795519000,1.54528,1.54534,1.54433,1.54462,2080560000,8
1424795520000,1424795999000,1.54462,1.54513,1.54431,1.54466,1647130000,8
1424796000000,1424796479000,1.54465,1.54537,1.54449,1.5449,2121650000,8
1424796480000,1424796959000,1.5449,1.5449,1.54431,1.54433,1498640000,8
1424796960000,1424797439000,1.5443,1.54431,1.54307,1.54405,2595040000,8
1424797440000,1424797919000,1.54405,1.54558,1.54362,1.54452,1049200000,8
1424797920000,1424798399000,1.54452,1.54546,1.54445,1.54501,966540000,8
1424798400000,1424798879000,1.54501,1.54535,1.54489,1.54489,683780000,8
1424798880000,1424799359000,1.54489,1.54591,1.54432,1.54581,1071460000,8
1424799360000,1424799839000,1.54581,1.54607,1.54519,1.54552,1263300000,8
1424799840000,1424800319000,1.54552,1.54738,1.54552,1.54686,968420000,8
1424800320000,1424800799000,1.54686,1.54716,1.54594,1.54594,819220000,8
1424800800000,1424801279000,1.54593,1.54672,1.54576,1.54578,971370000,8
1424801280000,1424801759000,1.5458,1.54588,1.54501,1.54501,657980000,8
1424801760000,1424802239000,1.54501,1.54536,1.54501,1.54512,588500000,8
1424802240000,1424802719000,1.54512,1.54574,1.545,1.54543,682220000,8
1424802720000,1424803199000,1.54543,1.54573,1.5453,1.54533,417800000,8
1424803200000,1424803679000,1.5453,1.54553,1.54439,1.54464,730600000,8
1424803680000,1424804159000,1.54464,1.54524,1.54461,1.54508,468550000,8
1424804160000,1424804639000,1.54508,1.54619,1.5447,1.54616,939310000,8
1424804640000,1424805119000,1.54615,1.54653,1.54531,1.54534,798580000,8
1424805120000,1424805599000,1.54532,1.54573,1.5452,1.54567,780310000,8
1424805600000,1424806079000,1.54567,1.54626,1.54556,1.54615,770210000,8
1424806080000,1424806559000,1.54615,1.54637,1.54538,1.54555,619660000,8
1424806560000,1424807039000,1.54553,1.54603,1.54543,1.5455,519860000,8
1424807040000,1424807519000,1.5455,1.54571,1.54542,1.54543,515710000,8
1424807520000,1424807999000,1.54543,1.54559,1.54508,1.54539,703550000,8
1424808000000,1424808479000,1.54539,1.54565,1.54502,1.54518,556060000,8
1424808480000,1424808959000,1.54518,1.54606,1.54512,1.54593,648380000,8
1424808960000,1424809439000,1.54593,1.54605,1.54571,1.54579,412370000,8
1424809440000,1424809919000,1.54579,1.54607,1.54577,1.54597,342280000,8
1424809920000,1424810399000,1.54597,1.54609,1.54591,1.54608,389300000,8
1424810400000,1424810879000,1.54608,1.54618,1.54589,1.54618,500190000,8
1424810880000,1424811359000,1.54619,1.54628,1.54591,1.54609,411070000,8
1424811360000,1424811839000,1.54609,1.54609,1.54559,1.54582,525350000,8
1424811840000,1424812319000,1.54583,1.54585,1.54501,1.54504,351840000,8
1424812320000,1424812799000,1.54504,1.54534,1.545,1.54522,263530000,8
1424812800000,1424813279000,1.54524,1.54569,1.54522,1.54561,205590000,8
1424813280000,1424813759000,1.54562,1.54568,1.54486,1.54496,547450000,8
1424813760000,1424814239000,1.54497,1.54518,1.54497,1.54517,326300000,8
1424814240000,1424814719000,1.54518,1.54554,1.54517,1.54539,497500000,8
1424814720000,1424815199000,1.54539,1.54575,1.54513,1.54513,552680000,8
1424815200000,1424815679000,1.54513,1.54541,1.54496,1.54527,110500000,8
1424815680000,1424816159000,1.54527,1.54581,1.5451,1.54542,211090000,8
1424816160000,1424816639000,1.54542,1.54558,1.54505,1.54506,130520000,8
1424816640000,1424817119000,1.54508,1.54527,1.54505,1.54515,105720000,8
1424817120000,1424817599000,1.54514,1.54521,1.54461,1.54477,395300000,8
1424817600000,1424818079000,1.54477,1.54524,1.5447,1.54497,510820000,8
1424818080000,1424818559000,1.54495,1.54517,1.54488,1.54498,123430000,8
1424818560000,1424819039000,1.54499,1.54503,1.54478,1.54488,442590000,8
1424819040000,1424819519000,1.54487,1.54506,1.54484,1.54501,274600000,8
1424819520000,1424819999000,1.54501,1.54503,1.54482,1.54493,343200000,8
1424820000000,1424820479000,1.54493,1.5451,1.54493,1.54506,297410000,8
1424820480000,1424820959000,1.54509,1.54527,1.54503,1.54512,378460000,8
1424820960000,1424821439000,1.54512,1.54525,1.54506,1.54522,458990000,8
1424821440000,1424821919000,1.54521,1.54558,1.545,1.54511,558680000,8
1424821920000,1424822399000,1.54511,1.54558,1.54511,1.54558,822090000,8
1424822400000,1424822879000,1.5456,1.54611,1.54526,1.54609,666460000,8
1424822880000,1424823359000,1.54609,1.54684,1.54596,1.54666,867500000,8
1424823360000,1424823839000,1.54666,1.54786,1.54636,1.54756,870930000,8
1424823840000,1424824319000,1.54755,1.54781,1.54733,1.54759,698750000,8
1424824320000,1424824799000,1.54759,1.54769,1.54707,1.54722,680480000,8
1424824800000,1424825279000,1.54724,1.54744,1.54711,1.54731,610330000,8
1424825280000,1424825759000,1.54731,1.54731,1.54656,1.54676,749260000,8
1424825760000,1424826239000,1.54676,1.54712,1.54667,1.54709,812840000,8
1424826240000,1424826719000,1.54709,1.5473,1.54704,1.54716,495160000,8
1424826720000,1424827199000,1.54716,1.54721,1.54681,1.54685,606880000,8
1424827200000,1424827679000,1.54686,1.54687,1.54646,1.54679,801430000,8
1424827680000,1424828159000,1.54681,1.54706,1.54679,1.54705,635970000,8
1424828160000,1424828639000,1.54705,1.54714,1.54699,1.54709,589780000,8
1424828640000,1424829119000,1.54709,1.54732,1.54674,1.54707,954340000,8
1424829120000,1424829599000,1.54707,1.54757,1.54703,1.54711,1076800000,8
1424829600000,1424830079000,1.54711,1.5472,1.54698,1.54718,720420000,8
1424830080000,1424830559000,1.54717,1.54718,1.54667,1.5471,837440000,8
1424830560000,1424831039000,1.5471,1.54725,1.54679,1.54686,606350000,8
1424831040000,1424831519000,1.54685,1.54697,1.54679,1.54697,379620000,8
1424831520000,1424831999000,1.54697,1.54725,1.54686,1.54708,627280000,8
1424832000000,1424832479000,1.54708,1.54769,1.54708,1.54763,340970000,8
1424832480000,1424832959000,1.54763,1.54771,1.54753,1.54761,468880000,8
1424832960000,1424833439000,1.54761,1.54771,1.5476,1.5477,326890000,8
1424833440000,1424833919000,1.54771,1.54779,1.54767,1.54772,167730000,8
1424833920000,1424834399000,1.54774,1.54776,1.54743,1.54759,402840000,8
1424834400000,1424834879000,1.54759,1.54759,1.54718,1.54718,328800000,8
1424834880000,1424835359000,1.54718,1.54727,1.547,1.54723,653950000,8
1424835360000,1424835839000,1.54725,1.54751,1.54725,1.54739,337710000,8
1424835840000,1424836319000,1.54739,1.54753,1.54738,1.54742,555960000,8
1424836320000,1424836799000,1.54742,1.54748,1.5473,1.5474,405280000,8
1424836800000,1424837279000,1.5474,1.54745,1.54728,1.54733,379640000,8
1424837280000,1424837759000,1.54733,1.5476,1.54728,1.5476,400960000,8
1424837760000,1424838239000,1.54764,1.54771,1.54752,1.54765,337600000,8
1424838240000,1424838719000,1.54767,1.54769,1.54748,1.54751,319420000,8
1424838720000,1424839199000,1.54751,1.54761,1.54739,1.54752,296360000,8
1424839200000,1424839679000,1.54753,1.5476,1.54729,1.5474,430880000,8
1424839680000,1424840159000,1.54741,1.54751,1.54733,1.5474,342090000,8
1424840160000,1424840639000,1.5474,1.5477,1.54735,1.54739,376070000,8
1424840640000,1424841119000,1.54741,1.54758,1.54729,1.54743,269620000,8
1424841120000,1424841599000,1.54744,1.54761,1.5474,1.54751,291290000,8
1424841600000,1424842079000,1.54752,1.54775,1.54743,1.54756,255990000,8
1424842080000,1424842559000,1.54756,1.54784,1.54751,1.54775,409240000,8
1424842560000,1424843039000,1.54774,1.54781,1.54761,1.54769,292130000,8
1424843040000,1424843519000,1.54769,1.54773,1.5476,1.54761,355690000,8
1424843520000,1424843999000,1.54767,1.54782,1.54749,1.5478,447020000,8
1424844000000,1424844479000,1.54779,1.54789,1.54758,1.54782,578650000,8
1424844480000,1424844959000,1.54782,1.54793,1.54774,1.54791,323480000,8
1424844960000,1424845439000,1.54789,1.54793,1.54758,1.5478,650540000,8
1424845440000,1424845919000,1.54779,1.54779,1.54751,1.54765,420020000,8
1424845920000,1424846399000,1.54766,1.54772,1.54761,1.54763,484020000,8
1424846400000,1424846879000,1.54763,1.54784,1.5475,1.54783,728400000,8
1424846880000,1424847359000,1.54781,1.54889,1.54759,1.54876,1103060000,8
1424847360000,1424847839000,1.54876,1.54991,1.54862,1.54903,2773710000,8
1424847840000,1424848319000,1.54903,1.54995,1.54889,1.54981,1743520000,8
1424848320000,1424848799000,1.5498,1.5512,1.54957,1.55051,3368880000,8
1424848800000,1424849279000,1.55048,1.55055,1.5495,1.54999,2249530000,8
1424849280000,1424849759000,1.54999,1.55072,1.54988,1.55022,2031270000,8
1424849760000,1424850239000,1.55022,1.5505,1.54989,1.55021,1584560000,8
1424850240000,1424850719000,1.5502,1.55079,1.55004,1.55047,1829170000,8
1424850720000,1424851199000,1.55047,1.55062,1.55019,1.55026,1008200000,8
1424851200000,1424851679000,1.55026,1.55044,1.55016,1.55019,1671000000,8
1424851680000,1424852159000,1.55019,1.55031,1.5492,1.54974,2780980000,8
1424852160000,1424852639000,1.54973,1.55053,1.54973,1.54999,2129260000,8
1424852640000,1424853119000,1.54999,1.55102,1.54996,1.55088,2275220000,8
1424853120000,1424853599000,1.55088,1.55138,1.55078,1.551,1636770000,8
1424853600000,1424854079000,1.55102,1.55127,1.55078,1.55126,1837180000,8
1424854080000,1424854559000,1.55125,1.55194,1.55117,1.55192,1829970000,8
1424854560000,1424855039000,1.55194,1.55338,1.55153,1.55273,2376710000,8
1424855040000,1424855519000,1.55274,1.55296,1.5523,1.55239,1700960000,8
1424855520000,1424855999000,1.55239,1.55297,1.5523,1.55292,2490080000,8
1424856000000,1424856479000,1.55292,1.55384,1.55271,1.55281,2055980000,8
1424856480000,1424856959000,1.55281,1.55281,1.55173,1.55203,2555810000,8
1424856960000,1424857439000,1.55204,1.55225,1.5516,1.55168,1858990000,8
1424857440000,1424857919000,1.55169,1.55182,1.5511,1.55112,2063550000,8
1424857920000,1424858399000,1.55113,1.55152,1.55083,1.55121,1882730000,8
1424858400000,1424858879000,1.55121,1.55182,1.55059,1.55103,2417450000,8
1424858880000,1424859359000,1.55105,1.55109,1.5504,1.55048,1702610000,8
1424859360000,1424859839000,1.55048,1.55082,1.55018,1.55073,1811530000,8
1424859840000,1424860319000,1.55073,1.5508,1.55047,1.55052,1310340000,8
1424860320000,1424860799000,1.55054,1.55139,1.55012,1.55063,1933990000,8
1424860800000,1424861279000,1.55063,1.55063,1.54988,1.55026,1812860000,8
1424861280000,1424861759000,1.55027,1.55081,1.55004,1.55042,1868490000,8
1424861760000,1424862239000,1.55041,1.55121,1.54949,1.54995,2559630000,8
1424862240000,1424862719000,1.54995,1.55076,1.54994,1.55064,1542950000,8
1424862720000,1424863199000,1.55061,1.55064,1.54971,1.54971,1431350000,8
1424863200000,1424863679000,1.54971,1.5501,1.54951,1.54992,1484180000,8
1424863680000,1424864159000,1.54992,1.55044,1.54992,1.55027,1072020000,8
1424864160000,1424864639000,1.55027,1.5504,1.54989,1.55023,1246050000,8
1424864640000,1424865119000,1.55024,1.55053,1.54994,1.55026,1118310000,8
1424865120000,1424865599000,1.55026,1.55059,1.54969,1.5497,2044840000,8
1424865600000,1424866079000,1.54969,1.54985,1.54837,1.54899,2399280000,8
1424866080000,1424866559000,1.54897,1.54984,1.54874,1.54914,1661610000,8
1424866560000,1424867039000,1.54911,1.55035,1.54904,1.5503,2418380000,8
1424867040000,1424867519000,1.55032,1.55032,1.54917,1.54929,1554160000,8
1424867520000,1424867999000,1.5493,1.54934,1.54854,1.54884,2009570000,8
1424868000000,1424868479000,1.54884,1.54897,1.54802,1.54861,2022330000,8
1424868480000,1424868959000,1.54861,1.54863,1.54688,1.54721,1687230000,8
1424868960000,1424869439000,1.54721,1.54762,1.5467,1.5473,2280770000,8
1424869440000,1424869919000,1.5473,1.54821,1.5471,1.54815,1651200000,8
1424869920000,1424870399000,1.54815,1.54851,1.54769,1.5483,1793330000,8
1424870400000,1424870879000,1.54833,1.54899,1.5483,1.54875,1704810000,8
1424870880000,1424871359000,1.54875,1.54924,1.54861,1.54912,1794020000,8
1424871360000,1424871839000,1.54911,1.54933,1.549,1.54915,1837590000,8
1424871840000,1424872319000,1.54917,1.54962,1.54883,1.54941,1886040000,8
1424872320000,1424872799000,1.54941,1.5501,1.54936,1.54963,2556500000,8
1424872800000,1424873279000,1.54963,1.54984,1.5491,1.5491,2469360000,8
1424873280000,1424873759000,1.5491,1.54918,1.54852,1.54852,1630340000,8
1424873760000,1424874239000,1.54852,1.5487,1.54827,1.54868,2655000000,8
1424874240000,1424874719000,1.54867,1.54892,1.54832,1.54883,2547030000,8
1424874720000,1424875199000,1.54884,1.54946,1.54878,1.5493,1826310000,8
1424875200000,1424875679000,1.54931,1.54941,1.54876,1.54891,1765310000,8
1424875680000,1424876159000,1.5489,1.54937,1.54863,1.54924,1977960000,8
1424876160000,1424876639000,1.54907,1.5494,1.5488,1.54939,3874240000,8
1424876640000,1424877119000,1.54938,1.54948,1.54871,1.54923,2913750000,8
1424877120000,1424877599000,1.54922,1.54953,1.54904,1.54932,1798850000,8
1424877600000,1424878079000,1.54933,1.5495,1.5491,1.54921,2048310000,8
1424878080000,1424878559000,1.54921,1.54993,1.54918,1.54991,2572830000,8
1424878560000,1424879039000,1.54991,1.55011,1.54917,1.55004,3153800000,8
1424879040000,1424879519000,1.55004,1.55017,1.54902,1.54908,2243880000,8
1424879520000,1424879999000,1.54908,1.54922,1.54855,1.54866,2437720000,8
1424880000000,1424880479000,1.54866,1.5496,1.54861,1.54954,2503370000,8
1424880480000,1424880959000,1.54957,1.54981,1.54904,1.54906,1427160000,8
1424880960000,1424881439000,1.54906,1.54962,1.54906,1.54921,1297030000,8
1424881440000,1424881919000,1.54922,1.54922,1.5488,1.54896,1584100000,8
1424881920000,1424882399000,1.54897,1.54909,1.5487,1.54871,1190240000,8
1424882400000,1424882879000,1.54871,1.54947,1.54871,1.54921,1455800000,8
1424882880000,1424883359000,1.54923,1.54969,1.54895,1.54964,1542740000,8
1424883360000,1424883839000,1.54963,1.54982,1.54931,1.54949,1424460000,8
1424883840000,1424884319000,1.54952,1.54981,1.54931,1.54979,745800000,8
1424884320000,1424884799000,1.54979,1.55023,1.54979,1.54984,653820000,8
1424884800000,1424885279000,1.54984,1.55019,1.54976,1.55018,590440000,8
1424885280000,1424885759000,1.55018,1.55028,1.54975,1.54987,702710000,8
1424885760000,1424886239000,1.54988,1.54991,1.54937,1.54976,758180000,8
1424886240000,1424886719000,1.54978,1.55011,1.54946,1.54981,703140000,8
1424886720000,1424887199000,1.54979,1.5509,1.54979,1.55085,898630000,8
1424887200000,1424887679000,1.55084,1.55105,1.55054,1.55058,961860000,8
1424887680000,1424888159000,1.55058,1.55126,1.55038,1.55099,739320000,8
1424888160000,1424888639000,1.55097,1.55115,1.55055,1.55057,684650000,8
1424888640000,1424889119000,1.55057,1.55123,1.55038,1.55042,683440000,8
1424889120000,1424889599000,1.55042,1.5507,1.55034,1.55049,521710000,8
1424889600000,1424890079000,1.55049,1.55162,1.55049,1.5513,743590000,8
1424890080000,1424890559000,1.55131,1.55212,1.5513,1.55198,706980000,8
1424890560000,1424891039000,1.55198,1.55237,1.55155,1.55166,970410000,8
1424891040000,1424891519000,1.55166,1.55166,1.55117,1.55127,505070000,8
1424891520000,1424891999000,1.55127,1.55236,1.55126,1.55231,651160000,8
1424892000000,1424892479000,1.5523,1.55262,1.55227,1.55249,517210000,8
1424892480000,1424892959000,1.55249,1.55289,1.55235,1.55235,548950000,8
1424892960000,1424893439000,1.55235,1.5525,1.55213,1.55241,514130000,8
1424893440000,1424893919000,1.55241,1.55303,1.55241,1.55271,664320000,8
1424893920000,1424894399000,1.55271,1.55292,1.55241,1.55263,768220000,8
1424894400000,1424894879000,1.55268,1.55268,1.55246,1.55258,614470000,8
1424894880000,1424895359000,1.55258,1.55273,1.55236,1.5527,419070000,8
1424895360000,1424895839000,1.5527,1.5527,1.55234,1.55239,385660000,8
1424895840000,1424896319000,1.55239,1.5524,1.5522,1.55226,416430000,8
1424896320000,1424896799000,1.55227,1.55259,1.55224,1.55254,515230000,8
1424896800000,1424897279000,1.55254,1.55278,1.55252,1.55273,507280000,8
1424897280000,1424897759000,1.55273,1.55328,1.5527,1.55308,609900000,8
1424897760000,1424898239000,1.55309,1.55335,1.55276,1.55286,376870000,8
1424898240000,1424898719000,1.55286,1.55309,1.55257,1.55258,374570000,8
1424898720000,1424899199000,1.55258,1.5527,1.55249,1.55269,240580000,8
1424899200000,1424899679000,1.55269,1.55269,1.55246,1.55248,263730000,8
1424899680000,1424900159000,1.55248,1.55252,1.55223,1.55225,376460000,8
1424900160000,1424900639000,1.55229,1.55243,1.55208,1.55224,526790000,8
1424900640000,1424901119000,1.55224,1.5523,1.55197,1.55197,1108110000,8
1424901120000,1424901599000,1.55197,1.55287,1.55197,1.55276,798320000,8
1424901600000,1424902079000,1.55273,1.55287,1.55246,1.55246,142830000,8
1424902080000,1424902559000,1.55246,1.55298,1.55208,1.55251,275400000,8
1424902560000,1424903039000,1.55245,1.5527,1.55245,1.55263,92120000,8
1424903040000,1424903519000,1.55263,1.55291,1.55256,1.55278,353380000,8
1424903520000,1424903999000,1.55278,1.55305,1.55243,1.55269,548160000,8
1424904000000,1424904479000,1.55269,1.55308,1.5526,1.55296,694260000,8
1424904480000,1424904959000,1.55297,1.55304,1.55262,1.55268,300910000,8
1424904960000,1424905439000,1.55267,1.55303,1.55267,1.55299,480700000,8
1424905440000,1424905919000,1.553,1.553,1.55287,1.55287,180700000,8
1424905920000,1424906399000,1.55292,1.55292,1.55243,1.5526,570800000,8
1424906400000,1424906879000,1.55258,1.55285,1.55257,1.55267,375900000,8
1424906880000,1424907359000,1.55267,1.55281,1.55249,1.5525,345110000,8
1424907360000,1424907839000,1.5525,1.55267,1.55247,1.55266,185800000,8
1424907840000,1424908319000,1.55266,1.55269,1.55252,1.55256,238940000,8
1424908320000,1424908799000,1.55254,1.55266,1.55253,1.55263,167410000,8
1424908800000,1424909279000,1.55264,1.55293,1.5526,1.55281,358060000,8
1424909280000,1424909759000,1.55282,1.55282,1.55269,1.55271,115440000,8
1424909760000,1424910239000,1.5527,1.55276,1.55261,1.55261,278770000,8
1424910240000,1424910719000,1.55262,1.55264,1.55196,1.55248,544100000,8
1424910720000,1424911199000,1.55248,1.55263,1.55239,1.55257,1008660000,8
1424911200000,1424911679000,1.55257,1.553,1.55252,1.55287,462660000,8
1424911680000,1424912159000,1.55287,1.5529,1.55252,1.55278,697890000,8
1424912160000,1424912639000,1.5528,1.55286,1.55229,1.55247,853290000,8
1424912640000,1424913119000,1.55247,1.553,1.55243,1.55293,574610000,8
1424913120000,1424913599000,1.55294,1.55364,1.55286,1.55339,685010000,8
1424913600000,1424914079000,1.5534,1.5534,1.55287,1.55315,381910000,8
1424914080000,1424914559000,1.55318,1.5532,1.55298,1.5531,394990000,8
1424914560000,1424915039000,1.5531,1.55333,1.55306,1.55329,333910000,8
1424915040000,1424915519000,1.5533,1.55357,1.55324,1.55349,304920000,8
1424915520000,1424915999000,1.55349,1.55392,1.55334,1.55352,478990000,8
1424916000000,1424916479000,1.55352,1.55466,1.55328,1.55428,1030310000,8
1424916480000,1424916959000,1.55428,1.55516,1.55422,1.55495,618640000,8
1424916960000,1424917439000,1.55495,1.55512,1.55449,1.55452,510850000,8
1424917440000,1424917919000,1.55452,1.55455,1.55427,1.55429,450630000,8
1424917920000,1424918399000,1.55428,1.55442,1.5542,1.55422,345400000,8
1424918400000,1424918879000,1.55421,1.55437,1.55419,1.55427,452940000,8
1424918880000,1424919359000,1.55428,1.55453,1.55428,1.55439,352980000,8
1424919360000,1424919839000,1.55443,1.55474,1.55441,1.55466,484080000,8
1424919840000,1424920319000,1.55466,1.55467,1.55442,1.55443,499230000,8
1424920320000,1424920799000,1.55443,1.55461,1.55429,1.55432,592140000,8
1424920800000,1424921279000,1.55432,1.55466,1.55432,1.55459,496020000,8
1424921280000,1424921759000,1.55459,1.55469,1.5545,1.55469,590890000,8
1424921760000,1424922239000,1.55469,1.55472,1.55451,1.55471,433960000,8
1424922240000,1424922719000,1.5547,1.5547,1.55461,1.55464,179670000,8
1424922720000,1424923199000,1.55465,1.55476,1.55458,1.55462,395060000,8
1424923200000,1424923679000,1.55462,1.55481,1.55452,1.55481,319920000,8
1424923680000,1424924159000,1.5548,1.55501,1.55475,1.55484,568640000,8
1424924160000,1424924639000,1.55484,1.55502,1.55483,1.55496,439610000,8
1424924640000,1424925119000,1.55496,1.55514,1.55493,1.55505,431860000,8
1424925120000,1424925599000,1.55504,1.55519,1.55499,1.55507,385350000,8
1424925600000,1424926079000,1.55506,1.55518,1.55481,1.55491,480140000,8
1424926080000,1424926559000,1.55491,1.55504,1.55482,1.55492,249160000,8
1424926560000,1424927039000,1.55492,1.55505,1.55484,1.55492,269650000,8
1424927040000,1424927519000,1.55491,1.55501,1.5549,1.55501,273350000,8
1424927520000,1424927999000,1.55501,1.55511,1.55473,1.55474,365780000,8
1424928000000,1424928479000,1.55474,1.55477,1.5546,1.55462,488490000,8
1424928480000,1424928959000,1.55461,1.55464,1.55433,1.55447,389940000,8
1424928960000,1424929439000,1.55447,1.55458,1.55445,1.5545,390940000,8
1424929440000,1424929919000,1.55451,1.55476,1.55449,1.5547,394010000,8
1424929920000,1424930399000,1.5547,1.5547,1.5537,1.5537,534750000,8
1424930400000,1424930879000,1.55369,1.55443,1.55363,1.55434,677920000,8
1424930880000,1424931359000,1.55434,1.55457,1.55387,1.55396,649940000,8
1424931360000,1424931839000,1.55396,1.55398,1.55367,1.55385,484880000,8
1424931840000,1424932319000,1.55385,1.55403,1.55365,1.554,556560000,8
1424932320000,1424932799000,1.554,1.55411,1.55365,1.55372,873800000,8
1424932800000,1424933279000,1.55368,1.55387,1.5535,1.55385,641280000,8
1424933280000,1424933759000,1.55385,1.55395,1.55366,1.55393,467480000,8
1424933760000,1424934239000,1.55393,1.55394,1.55346,1.55366,1344940000,8
1424934240000,1424934719000,1.55365,1.55394,1.55337,1.55385,1731720000,8
1424934720000,1424935199000,1.55383,1.55448,1.55374,1.55425,2678180000,8
1424935200000,1424935679000,1.55425,1.55459,1.55383,1.55383,1625470000,8
1424935680000,1424936159000,1.55383,1.55393,1.55335,1.55359,1571190000,8
1424936160000,1424936639000,1.55359,1.55364,1.55277,1.55305,1642550000,8
1424936640000,1424937119000,1.55305,1.55335,1.55289,1.55319,1644700000,8
1424937120000,1424937599000,1.55319,1.55365,1.55278,1.55344,2061400000,8
1424937600000,1424938079000,1.55344,1.5543,1.55329,1.55345,2594630000,8
1424938080000,1424938559000,1.55345,1.55354,1.55276,1.55287,2877070000,8
1424938560000,1424939039000,1.55287,1.55308,1.55222,1.55238,2032670000,8
1424939040000,1424939519000,1.55238,1.55271,1.55168,1.55205,2762830000,8
1424939520000,1424939999000,1.55205,1.55231,1.55176,1.55188,2304290000,8
1424940000000,1424940479000,1.55188,1.55224,1.55158,1.55169,2647010000,8
1424940480000,1424940959000,1.5517,1.55214,1.5517,1.55176,2423430000,8
1424940960000,1424941439000,1.55178,1.5524,1.55158,1.55209,2839810000,8
1424941440000,1424941919000,1.55209,1.55244,1.5519,1.55205,2657030000,8
1424941920000,1424942399000,1.55206,1.55245,1.55194,1.55235,3124670000,8
1424942400000,1424942879000,1.55233,1.55252,1.55196,1.55245,2309640000,8
1424942880000,1424943359000,1.55246,1.55299,1.55194,1.55235,2724570000,8
1424943360000,1424943839000,1.5524,1.55309,1.5524,1.55251,2292110000,8
1424943840000,1424944319000,1.55255,1.55322,1.55255,1.55282,2504050000,8
1424944320000,1424944799000,1.55279,1.55337,1.5526,1.55324,2726750000,8
1424944800000,1424945279000,1.55321,1.55366,1.5531,1.5534,2937620000,8
1424945280000,1424945759000,1.55339,1.55356,1.55309,1.55356,1401240000,8
1424945760000,1424946239000,1.55356,1.5536,1.55333,1.55346,1147620000,8
1424946240000,1424946719000,1.55346,1.55368,1.55334,1.55334,904180000,8
1424946720000,1424947199000,1.55334,1.55336,1.55284,1.55291,1379950000,8
1424947200000,1424947679000,1.55291,1.55301,1.55262,1.55289,1414090000,8
1424947680000,1424948159000,1.55289,1.55329,1.55278,1.55288,1555790000,8
1424948160000,1424948639000,1.55288,1.55298,1.55176,1.55235,2196160000,8
1424948640000,1424949119000,1.55236,1.55256,1.55133,1.5514,2076060000,8
1424949120000,1424949599000,1.55139,1.5519,1.55114,1.55186,1565740000,8
1424949600000,1424950079000,1.55188,1.55194,1.55155,1.55166,1066960000,8
1424950080000,1424950559000,1.55166,1.55208,1.55163,1.55192,1057300000,8
1424950560000,1424951039000,1.55192,1.55213,1.55171,1.55195,1680960000,8
1424951040000,1424951519000,1.55195,1.55195,1.55146,1.55171,1517340000,8
1424951520000,1424951999000,1.55172,1.55187,1.55117,1.55141,1652710000,8
1424952000000,1424952479000,1.55141,1.55173,1.55134,1.55148,1478520000,8
1424952480000,1424952959000,1.55148,1.55179,1.55122,1.55129,1947470000,8
1424952960000,1424953439000,1.55128,1.55166,1.5507,1.55108,2653510000,8
1424953440000,1424953919000,1.55108,1.55159,1.55072,1.55082,2415050000,8
1424953920000,1424954399000,1.5508,1.5512,1.55023,1.55047,2543990000,8
1424954400000,1424954879000,1.55049,1.55055,1.54977,1.55053,3186540000,8
1424954880000,1424955359000,1.55052,1.55057,1.54962,1.54964,2378980000,8
1424955360000,1424955839000,1.54964,1.54995,1.54883,1.5489,2464350000,8
1424955840000,1424956319000,1.5489,1.54928,1.5488,1.54926,2238210000,8
1424956320000,1424956799000,1.54924,1.54994,1.54901,1.54924,3097360000,8
1424956800000,1424957279000,1.54924,1.5494,1.54891,1.54931,2259570000,8
1424957280000,1424957759000,1.54932,1.5498,1.54812,1.54843,4714160000,8
1424957760000,1424958239000,1.54843,1.5486,1.54716,1.54747,4272660000,8
1424958240000,1424958719000,1.54746,1.54785,1.54625,1.54646,4527580000,8
1424958720000,1424959199000,1.54647,1.54688,1.54624,1.54628,5547920000,8
1424959200000,1424959679000,1.5463,1.54649,1.54536,1.54584,4338910000,8
1424959680000,1424960159000,1.54584,1.54638,1.54524,1.5453,4355800000,8
1424960160000,1424960639000,1.5453,1.54563,1.545,1.54528,3565720000,8
1424960640000,1424961119000,1.54528,1.54537,1.54355,1.54395,4597510000,8
1424961120000,1424961599000,1.54395,1.54407,1.54314,1.54335,4011740000,8
1424961600000,1424962079000,1.54335,1.54368,1.54324,1.54332,3649100000,8
1424962080000,1424962559000,1.54332,1.54354,1.54183,1.54227,4142320000,8
1424962560000,1424963039000,1.54227,1.54239,1.54092,1.54107,5052480000,8
1424963040000,1424963519000,1.54107,1.54155,1.54033,1.54039,4492440000,8
1424963520000,1424963999000,1.5404,1.54106,1.54025,1.54091,4212280000,8
1424964000000,1424964479000,1.54089,1.54154,1.54039,1.54048,4110270000,8
1424964480000,1424964959000,1.54052,1.54071,1.53969,1.54071,3600330000,8
1424964960000,1424965439000,1.54067,1.54181,1.5405,1.5417,2436470000,8
1424965440000,1424965919000,1.54169,1.54193,1.54089,1.54122,2613350000,8
1424965920000,1424966399000,1.54122,1.54122,1.54019,1.54096,3330870000,8
1424966400000,1424966879000,1.54097,1.54097,1.54058,1.54069,1707590000,8
1424966880000,1424967359000,1.54069,1.54225,1.54063,1.54216,3024430000,8
1424967360000,1424967839000,1.54216,1.54252,1.54171,1.54224,1418190000,8
1424967840000,1424968319000,1.54223,1.5423,1.54157,1.54191,2718340000,8
1424968320000,1424968799000,1.5419,1.54192,1.5413,1.54136,2338180000,8
1424968800000,1424969279000,1.54138,1.54159,1.54118,1.54146,2275500000,8
1424969280000,1424969759000,1.54147,1.54243,1.54135,1.54217,1750020000,8
1424969760000,1424970239000,1.54217,1.5425,1.54203,1.54243,1173210000,8
1424970240000,1424970719000,1.54243,1.54253,1.54214,1.54231,713150000,8
1424970720000,1424971199000,1.54231,1.5425,1.54197,1.54197,915890000,8
1424971200000,1424971679000,1.54197,1.54197,1.54129,1.54129,836930000,8
1424971680000,1424972159000,1.54129,1.54147,1.54085,1.54093,838210000,8
1424972160000,1424972639000,1.54093,1.54121,1.54021,1.54047,1068110000,8
1424972640000,1424973119000,1.54047,1.54124,1.54034,1.54118,937080000,8
1424973120000,1424973599000,1.54118,1.54129,1.54024,1.54074,1040770000,8
1424973600000,1424974079000,1.54074,1.54147,1.54,1.54,1181000000,8
1424974080000,1424974559000,1.54,1.54077,1.54,1.5404,750480000,8
1424974560000,1424975039000,1.5404,1.54055,1.53973,1.54029,1035030000,8
1424975040000,1424975519000,1.54029,1.54097,1.54028,1.54079,564840000,8
1424975520000,1424975999000,1.54079,1.54096,1.5401,1.5401,843030000,8
1424976000000,1424976479000,1.5401,1.54039,1.54008,1.5403,665250000,8
1424976480000,1424976959000,1.5403,1.54102,1.54024,1.54077,543040000,8
1424976960000,1424977439000,1.54079,1.54157,1.54074,1.54147,935780000,8
1424977440000,1424977919000,1.54149,1.54162,1.54107,1.54121,793370000,8
1424977920000,1424978399000,1.54121,1.54136,1.54074,1.54119,725550000,8
1424978400000,1424978879000,1.54119,1.54139,1.54085,1.5412,775370000,8
1424978880000,1424979359000,1.54125,1.54152,1.54115,1.5414,640600000,8
1424979360000,1424979839000,1.5414,1.5414,1.54096,1.54096,451530000,8
1424979840000,1424980319000,1.54096,1.54109,1.54062,1.54067,597770000,8
1424980320000,1424980799000,1.54067,1.54121,1.54035,1.54035,668100000,8
1424980800000,1424981279000,1.54036,1.54066,1.5401,1.5401,732910000,8
1424981280000,1424981759000,1.54009,1.54009,1.53994,1.53999,529480000,8
1424981760000,1424982239000,1.53999,1.54001,1.5395,1.53968,508920000,8
1424982240000,1424982719000,1.53968,1.54009,1.53938,1.53995,597440000,8
1424982720000,1424983199000,1.53989,1.54033,1.53989,1.54017,567460000,8
1424983200000,1424983679000,1.54017,1.54072,1.54009,1.54061,622000000,8
1424983680000,1424984159000,1.54059,1.54095,1.54058,1.54086,644740000,8
1424984160000,1424984639000,1.54087,1.54092,1.54028,1.54047,460500000,8
1424984640000,1424985119000,1.54046,1.54056,1.54037,1.54039,289440000,8
1424985120000,1424985599000,1.5404,1.5408,1.5404,1.5408,312320000,8
1424985600000,1424986079000,1.5408,1.54092,1.54056,1.5409,207640000,8
1424986080000,1424986559000,1.54089,1.5411,1.54082,1.54102,401800000,8
1424986560000,1424987039000,1.54102,1.54128,1.54053,1.54117,1211680000,8
1424987040000,1424987519000,1.54117,1.54122,1.54078,1.54106,1033200000,8
1424987520000,1424987999000,1.54106,1.54112,1.54033,1.54033,1070830000,8
1424988000000,1424988479000,1.54032,1.54103,1.54029,1.54082,198470000,8
1424988480000,1424988959000,1.54082,1.54088,1.54038,1.54071,234090000,8
1424988960000,1424989439000,1.54071,1.54077,1.5405,1.54059,628210000,8
1424989440000,1424989919000,1.54059,1.54111,1.54059,1.54103,256640000,8
1424989920000,1424990399000,1.54103,1.5412,1.54072,1.54113,329050000,8
1424990400000,1424990879000,1.54112,1.54117,1.54066,1.54067,299570000,8
1424990880000,1424991359000,1.54067,1.54096,1.5406,1.54077,351520000,8
1424991360000,1424991839000,1.5408,1.54095,1.54064,1.54086,476740000,8
1424991840000,1424992319000,1.54086,1.54116,1.54084,1.54114,828360000,8
1424992320000,1424992799000,1.54109,1.54121,1.54099,1.54103,466670000,8
1424992800000,1424993279000,1.54102,1.54137,1.54101,1.54129,656020000,8
1424993280000,1424993759000,1.54129,1.54174,1.54128,1.54137,822450000,8
1424993760000,1424994239000,1.54137,1.54185,1.54135,1.5418,993440000,8
1424994240000,1424994719000,1.5418,1.54183,1.54153,1.54175,379160000,8
1424994720000,1424995199000,1.54175,1.54186,1.54135,1.54135,1073250000,8
1424995200000,1424995679000,1.54137,1.54192,1.54123,1.54192,923580000,8
1424995680000,1424996159000,1.54191,1.54233,1.54181,1.54224,648110000,8
1424996160000,1424996639000,1.54223,1.54255,1.54223,1.54235,591960000,8
1424996640000,1424997119000,1.54235,1.54241,1.54219,1.54238,443220000,8
1424997120000,1424997599000,1.54238,1.54249,1.54229,1.54232,370260000,8
1424997600000,1424998079000,1.54232,1.5425,1.5423,1.54232,303080000,8
1424998080000,1424998559000,1.54231,1.54252,1.54196,1.54252,388740000,8
1424998560000,1424999039000,1.54254,1.54269,1.54232,1.54232,872590000,8
1424999040000,1424999519000,1.54232,1.54255,1.5423,1.54237,466930000,8
1424999520000,1424999999000,1.54237,1.54248,1.54199,1.5422,588950000,8
1425000000000,1425000479000,1.5422,1.54237,1.54184,1.54222,512170000,8
1425000480000,1425000959000,1.54222,1.54232,1.54181,1.54191,858550000,8
1425000960000,1425001439000,1.54191,1.54255,1.54189,1.54242,606070000,8
1425001440000,1425001919000,1.54243,1.54244,1.54229,1.54231,317890000,8
1425001920000,1425002399000,1.5423,1.54281,1.54218,1.54269,539260000,8
1425002400000,1425002879000,1.54269,1.54317,1.54264,1.54306,667430000,8
1425002880000,1425003359000,1.54306,1.54315,1.54287,1.543,436670000,8
1425003360000,1425003839000,1.54299,1.54305,1.54272,1.54272,420390000,8
1425003840000,1425004319000,1.54273,1.54276,1.54235,1.54235,480050000,8
1425004320000,1425004799000,1.54233,1.54252,1.54227,1.54237,493020000,8
1425004800000,1425005279000,1.54238,1.54254,1.54226,1.54246,493090000,8
1425005280000,1425005759000,1.54246,1.54249,1.54237,1.54247,432850000,8
1425005760000,1425006239000,1.54248,1.54341,1.54247,1.54312,638840000,8
1425006240000,1425006719000,1.54312,1.54347,1.54303,1.54311,544190000,8
1425006720000,1425007199000,1.54311,1.5438,1.54311,1.54372,448440000,8
1425007200000,1425007679000,1.54372,1.54388,1.54364,1.54373,493610000,8
1425007680000,1425008159000,1.54373,1.54377,1.54357,1.54366,373820000,8
1425008160000,1425008639000,1.54366,1.54367,1.5435,1.54353,326470000,8
1425008640000,1425009119000,1.54353,1.54353,1.54321,1.54336,507160000,8
1425009120000,1425009599000,1.54336,1.54352,1.54334,1.5435,253840000,8
1425009600000,1425010079000,1.54351,1.54369,1.54338,1.54338,257910000,8
1425010080000,1425010559000,1.54338,1.54359,1.54332,1.54349,258140000,8
1425010560000,1425011039000,1.54349,1.5438,1.54346,1.54377,243280000,8
1425011040000,1425011519000,1.54373,1.54377,1.54343,1.54357,281340000,8
1425011520000,1425011999000,1.54357,1.54392,1.54357,1.54377,326590000,8
1425012000000,1425012479000,1.54377,1.54377,1.54344,1.54361,230030000,8
1425012480000,1425012959000,1.54358,1.5439,1.54358,1.54386,299310000,8
1425012960000,1425013439000,1.54386,1.54386,1.54373,1.54378,272500000,8
1425013440000,1425013919000,1.54378,1.54382,1.54374,1.54379,221930000,8
1425013920000,1425014399000,1.54377,1.54382,1.54375,1.5438,132150000,8
1425014400000,1425014879000,1.5438,1.5439,1.54373,1.54374,257780000,8
1425014880000,1425015359000,1.54375,1.54387,1.54371,1.54381,155020000,8
1425015360000,1425015839000,1.5438,1.54408,1.54379,1.54387,316890000,8
1425015840000,1425016319000,1.54387,1.54413,1.54385,1.54402,350590000,8
1425016320000,1425016799000,1.54402,1.54473,1.54395,1.54464,504290000,8
1425016800000,1425017279000,1.54464,1.54465,1.54439,1.54448,250940000,8
1425017280000,1425017759000,1.54449,1.54469,1.54439,1.54444,376830000,8
1425017760000,1425018239000,1.54444,1.54455,1.54438,1.54454,646170000,8
1425018240000,1425018719000,1.54454,1.54482,1.54448,1.54456,983150000,8
1425018720000,1425019199000,1.54454,1.54487,1.54454,1.54472,930980000,8
1425019200000,1425019679000,1.5447,1.54477,1.54361,1.54361,1651570000,8
1425019680000,1425020159000,1.54361,1.54376,1.54278,1.54314,2096930000,8
1425020160000,1425020639000,1.54314,1.5432,1.54236,1.54273,2083950000,8
1425020640000,1425021119000,1.54271,1.54324,1.54255,1.5431,1423360000,8
1425021120000,1425021599000,1.54312,1.54418,1.54285,1.54327,2257970000,8
1425021600000,1425022079000,1.54327,1.54373,1.54289,1.54333,1347720000,8
1425022080000,1425022559000,1.54333,1.54386,1.54316,1.54376,852600000,8
1425022560000,1425023039000,1.54375,1.54411,1.54343,1.54391,1078550000,8
1425023040000,1425023519000,1.54391,1.54412,1.54356,1.54371,1403070000,8
1425023520000,1425023999000,1.54371,1.5441,1.54364,1.54401,1575700000,8
1425024000000,1425024479000,1.54401,1.54423,1.54344,1.54365,2814050000,8
1425024480000,1425024959000,1.54363,1.54384,1.5421,1.54234,2839860000,8
1425024960000,1425025439000,1.54235,1.54245,1.54157,1.5416,2966790000,8
1425025440000,1425025919000,1.54157,1.54236,1.54155,1.54178,2741910000,8
1425025920000,1425026399000,1.54178,1.54178,1.54048,1.54052,3689320000,8
1425026400000,1425026879000,1.54053,1.54085,1.5392,1.5393,3018270000,8
1425026880000,1425027359000,1.5393,1.53991,1.53886,1.53978,2738260000,8
1425027360000,1425027839000,1.53978,1.53978,1.53851,1.53919,3242780000,8
1425027840000,1425028319000,1.53919,1.53979,1.53876,1.53976,2516000000,8
1425028320000,1425028799000,1.53978,1.54067,1.53969,1.54003,2189730000,8
1425028800000,1425029279000,1.54003,1.5408,1.54003,1.54041,2313090000,8
1425029280000,1425029759000,1.5404,1.54104,1.5404,1.5405,2381540000,8
1425029760000,1425030239000,1.54049,1.54131,1.5404,1.54072,2241620000,8
1425030240000,1425030719000,1.54071,1.5408,1.53971,1.53978,2836260000,8
1425030720000,1425031199000,1.53987,1.53991,1.53933,1.53944,1977950000,8
1425031200000,1425031679000,1.53944,1.5395,1.53841,1.53909,2771460000,8
1425031680000,1425032159000,1.53909,1.53957,1.53884,1.53897,2488930000,8
1425032160000,1425032639000,1.53896,1.5396,1.53888,1.53916,1971420000,8
1425032640000,1425033119000,1.53914,1.53976,1.53905,1.53919,2062810000,8
1425033120000,1425033599000,1.53918,1.53995,1.53914,1.53995,1959100000,8
1425033600000,1425034079000,1.53994,1.54079,1.53987,1.54047,2580660000,8
1425034080000,1425034559000,1.54047,1.54077,1.54001,1.54032,2286690000,8
1425034560000,1425035039000,1.54032,1.54091,1.53992,1.53993,3042710000,8
1425035040000,1425035519000,1.53993,1.54114,1.53962,1.54097,2295680000,8
1425035520000,1425035999000,1.54096,1.54143,1.54088,1.54119,1955910000,8
1425036000000,1425036479000,1.54119,1.54154,1.54077,1.54123,1587920000,8
1425036480000,1425036959000,1.54123,1.54201,1.54121,1.54196,1798220000,8
1425036960000,1425037439000,1.54196,1.54218,1.54178,1.54194,1799570000,8
1425037440000,1425037919000,1.54192,1.54193,1.54146,1.54156,2135740000,8
1425037920000,1425038399000,1.54155,1.5432,1.54129,1.54295,2679540000,8
1425038400000,1425038879000,1.54295,1.54336,1.5427,1.54335,1826450000,8
1425038880000,1425039359000,1.54335,1.54376,1.54316,1.54374,2288060000,8
1425039360000,1425039839000,1.54372,1.54372,1.54298,1.54337,2582730000,8
1425039840000,1425040319000,1.54336,1.54408,1.54316,1.54363,2354190000,8
1425040320000,1425040799000,1.54363,1.54417,1.54352,1.54396,1841940000,8
1425040800000,1425041279000,1.54396,1.54412,1.54363,1.54374,2156540000,8
1425041280000,1425041759000,1.54374,1.54461,1.54366,1.54443,2111600000,8
1425041760000,1425042239000,1.54443,1.54483,1.54417,1.54452,2876440000,8
1425042240000,1425042719000,1.54452,1.54478,1.54415,1.54437,1736410000,8
1425042720000,1425043199000,1.54437,1.54479,1.54394,1.54437,2846580000,8
1425043200000,1425043679000,1.54438,1.54474,1.54372,1.54381,1786040000,8
1425043680000,1425044159000,1.54381,1.54467,1.54278,1.54286,3642190000,8
1425044160000,1425044639000,1.5429,1.54363,1.54256,1.54289,1832050000,8
1425044640000,1425045119000,1.5429,1.54312,1.54244,1.54257,1417480000,8
1425045120000,1425045599000,1.54258,1.54283,1.54248,1.54264,1101890000,8
1425045600000,1425046079000,1.54263,1.54275,1.54231,1.5425,1900720000,8
1425046080000,1425046559000,1.54252,1.54282,1.54178,1.5418,1803650000,8
1425046560000,1425047039000,1.54178,1.54192,1.54112,1.5412,2116390000,8
1425047040000,1425047519000,1.5412,1.54138,1.5406,1.54079,2232050000,8
1425047520000,1425047999000,1.54079,1.54084,1.53961,1.53971,3939300000,8
1425048000000,1425048479000,1.53969,1.54183,1.53963,1.54124,3121340000,8
1425048480000,1425048959000,1.54123,1.54125,1.54,1.54069,3433520000,8
1425048960000,1425049439000,1.54069,1.54177,1.54066,1.54159,2459360000,8
1425049440000,1425049919000,1.54156,1.54239,1.54117,1.54147,2713430000,8
1425049920000,1425050399000,1.54148,1.54231,1.54132,1.54205,3383350000,8
1425050400000,1425050879000,1.54203,1.54228,1.54178,1.54216,2875500000,8
1425050880000,1425051359000,1.54213,1.54409,1.54165,1.54353,2986040000,8
1425051360000,1425051839000,1.54355,1.54413,1.54346,1.54401,2329920000,8
1425051840000,1425052319000,1.54402,1.54471,1.54373,1.54469,2234670000,8
1425052320000,1425052799000,1.5447,1.54583,1.5446,1.54504,3356650000,8
1425052800000,1425053279000,1.54503,1.54578,1.54412,1.54463,4265020000,8
1425053280000,1425053759000,1.54461,1.54587,1.54447,1.5456,2801840000,8
1425053760000,1425054239000,1.5456,1.54574,1.54498,1.5453,2532680000,8
1425054240000,1425054719000,1.54536,1.54569,1.54458,1.5452,2937420000,8
1425054720000,1425055199000,1.54519,1.54581,1.5442,1.54421,2088870000,8
1425055200000,1425055679000,1.54423,1.54498,1.54418,1.54424,2161340000,8
1425055680000,1425056159000,1.54425,1.54441,1.54358,1.5438,2562830000,8
1425056160000,1425056639000,1.54377,1.54419,1.54341,1.54343,1361660000,8
1425056640000,1425057119000,1.54344,1.54367,1.54281,1.54284,979200000,8
1425057120000,1425057599000,1.54285,1.54371,1.54269,1.54333,870820000,8
1425057600000,1425058079000,1.54333,1.54382,1.54328,1.54372,756350000,8
1425058080000,1425058559000,1.54376,1.54389,1.5435,1.54351,516740000,8
1425058560000,1425059039000,1.54351,1.54357,1.54314,1.54338,599840000,8
1425059040000,1425059519000,1.54338,1.54417,1.54331,1.54337,774090000,8
1425059520000,1425059999000,1.54337,1.54398,1.5432,1.54397,612340000,8
1425060000000,1425060479000,1.54396,1.54422,1.54358,1.54397,663040000,8
1425060480000,1425060959000,1.54397,1.54447,1.54365,1.54437,599060000,8
1425060960000,1425061439000,1.54439,1.54471,1.54363,1.54369,721140000,8
1425061440000,1425061919000,1.5437,1.54381,1.54335,1.54355,386940000,8
1425061920000,1425062399000,1.5436,1.54438,1.54358,1.54429,598440000,8
1425062400000,1425062879000,1.54429,1.54451,1.54424,1.54445,385750000,8
1425062880000,1425063359000,1.54445,1.54454,1.54429,1.54437,416760000,8
1425063360000,1425063839000,1.54439,1.54495,1.54435,1.54472,699340000,8
1425063840000,1425064319000,1.5447,1.54528,1.54466,1.54482,790820000,8
1425064320000,1425064799000,1.54485,1.54502,1.54465,1.54477,589070000,8
1425064800000,1425065279000,1.54477,1.54514,1.54439,1.5446,563270000,8
1425065280000,1425065759000,1.54465,1.5451,1.54458,1.54502,508320000,8
1425065760000,1425066239000,1.54502,1.54513,1.5447,1.54502,382480000,8
1425066240000,1425066719000,1.54499,1.545,1.54464,1.54484,353050000,8
1425066720000,1425067199000,1.54484,1.54488,1.54359,1.54365,1129510000,8
1425067200000,1425067679000,1.54364,1.54393,1.54335,1.54371,661450000,8
1425067680000,1425068159000,1.54371,1.54386,1.54327,1.54328,646840000,8
1425068160000,1425068639000,1.54331,1.54358,1.54327,1.54339,561910000,8
1425068640000,1425069119000,1.54339,1.54348,1.54308,1.5433,426390000,8
1425069120000,1425069599000,1.5433,1.54369,1.5432,1.54344,484470000,8
1425069600000,1425070079000,1.54344,1.54374,1.54335,1.54351,440960000,8
1425070080000,1425070559000,1.54351,1.54359,1.54328,1.54342,235860000,8
1425070560000,1425071039000,1.54342,1.54389,1.54331,1.54388,420220000,8
1425071040000,1425071519000,1.54387,1.54393,1.54326,1.54391,419720000,8
1425071520000,1425071999000,1.54392,1.5441,1.54372,1.54382,552480000,8
1425072000000,1425072479000,1.54382,1.54392,1.54365,1.54367,310460000,8
1425072480000,1425072959000,1.54367,1.54406,1.5436,1.54404,754200000,8
1425072960000,1425073439000,1.54403,1.54419,1.54368,1.54384,768890000,8
1425073440000,1425073919000,1.54383,1.54383,1.54297,1.54347,941640000,8
1425073920000,1425074399000,1.54347,1.54381,1.54298,1.54319,715110000,8
1425074400000,1425074879000,1.54319,1.54319,1.54319,1.54319,0,8
1425074880000,1425075359000,1.54319,1.54319,1.54319,1.54319,0,8
1425075360000,1425075839000,1.54319,1.54319,1.54319,1.54319,0,8
1425075840000,1425076319000,1.54319,1.54319,1.54319,1.54319,0,8
1425076320000,1425076799000,1.54319,1.54319,1.54319,1.54319,0,8
1425076800000,1425077279000,1.54319,1.54319,1.54319,1.54319,0,8
1425077280000,1425077759000,1.54319,1.54319,1.54319,1.54319,0,8
1425077760000,1425078239000,1.54319,1.54319,1.54319,1.54319,0,8
1425078240000,1425078719000,1.54319,1.54319,1.54319,1.54319,0,8
1425078720000,1425079199000,1.54319,1.54319,1.54319,1.54319,0,8
1425079200000,1425079679000,1.54319,1.54319,1.54319,1.54319,0,8
1425079680000,1425080159000,1.54319,1.54319,1.54319,1.54319,0,8
1425080160000,1425080639000,1.54319,1.54319,1.54319,1.54319,0,8
1425080640000,1425081119000,1.54319,1.54319,1.54319,1.54319,0,8
1425081120000,1425081599000,1.54319,1.54319,1.54319,1.54319,0,8
