openEpochMillis,closeEpochMillis,open,high,low,close,volume,sourceBars
1485907200000,1485907679999,85447.30145273908,85447.30145273908,85447.30145273908,85447.30145273908,0,8
1485907680000,1485908159999,85447.30145273908,85447.30145273908,85447.30145273908,85447.30145273908,0,8
1485908160000,1485908639999,85447.30145273908,85447.30145273908,85447.30145273908,85447.30145273908,0,8
1485908640000,1485909119999,85447.30145273908,85447.30145273908,85447.30145273908,85447.30145273908,0,8
1485909120000,1485909599999,85447.30145273908,85447.30145273908,85447.30145273908,85447.30145273908,0,8
1485909600000,1485910079999,85447.30145273908,85447.30145273908,85447.30145273908,85447.30145273908,0,8
1485910080000,1485910559999,85447.30145273908,85447.30145273908,85447.30145273908,85447.30145273908,0,8
1485910560000,1485911039999,85447.30145273908,85447.30145273908,85447.30145273908,85447.30145273908,0,8
1485911040000,1485911519999,85447.30145273908,85447.30145273908,85447.30145273908,85447.30145273908,0,8
1485911520000,1485911999999,85447.30145273908,85447.30145273908,85447.30145273908,85447.30145273908,0,8
1485912000000,1485912479999,85447.30145273908,85447.30145273908,85447.30145273908,85447.30145273908,0,8
1485912480000,1485912959999,85447.30145273908,85447.30145273908,85447.30145273908,85447.30145273908,0,8
1485912960000,1485913439999,85447.30145273908,85447.30145273908,85447.30145273908,85447.30145273908,0,8
1485913440000,1485913919999,85447.30145273908,85447.30145273908,85447.30145273908,85447.30145273908,0,8
1485913920000,1485914399999,85447.30145273908,85447.30145273908,85447.30145273908,85447.30145273908,0,8
1485914400000,1485914879999,85447.30145273908,85447.30145273908,85447.30145273908,85447.30145273908,0,8
1485914880000,1485915359999,85447.30145273908,85447.30145273908,85447.30145273908,85447.30145273908,0,8
1485915360000,1485915839999,85447.30145273908,85447.30145273908,85447.30145273908,85447.30145273908,0,8
1485915840000,1485916319999,85447.30145273908,85447.30145273908,85447.30145273908,85447.30145273908,0,8
1485916320000,1485916799999,85447.30145273908,85447.30145273908,85447.30145273908,85447.30145273908,0,8
1485916800000,1485917279999,85447.30145273908,85447.30145273908,85447.30145273908,85447.30145273908,0,8
1485917280000,1485917759999,85447.30145273908,85447.30145273908,85447.30145273908,85447.30145273908,0,8
1485917760000,1485918239999,85447.30145273908,85447.30145273908,85447.30145273908,85447.30145273908,0,8
1485918240000,1485918719999,85447.30145273908,85447.30145273908,85447.30145273908,85447.30145273908,0,8
1485918720000,1485919199999,85447.30145273908,85447.30145273908,85447.30145273908,85447.30145273908,0,8
1485919200000,1485919679999,85447.30145273908,85447.30145273908,85447.30145273908,85447.30145273908,0,8
1485919680000,1485920159999,85447.30145273908,85447.30145273908,85447.30145273908,85447.30145273908,0,8
1485920160000,1485920639999,85447.30145273908,85447.30145273908,85447.30145273908,85447.30145273908,0,8
1485920640000,1485921119999,85447.30145273908,85447.30145273908,85447.30145273908,85447.30145273908,0,8
1485921120000,1485921599999,85447.30145273908,85447.30145273908,85447.30145273908,85447.30145273908,0,8
1485921600000,1485922079999,85447.30145273908,85447.30145273908,85447.30145273908,85447.30145273908,0,8
1485922080000,1485922559999,85447.30145273908,85447.30145273908,85447.30145273908,85447.30145273908,0,8
1485922560000,1485923039999,85447.30145273908,85447.30145273908,85447.30145273908,85447.30145273908,0,8
1485923040000,1485923519999,85447.30145273908,85447.30145273908,85447.30145273908,85447.30145273908,0,8
1485923520000,1485923999999,85447.30145273908,85447.30145273908,85447.30145273908,85447.30145273908,0,8
1485924000000,1485924479999,85447.30145273908,85447.30145273908,85447.30145273908,85447.30145273908,0,8
1485924480000,1485924959999,85447.30145273908,85447.30145273908,85447.30145273908,85447.30145273908,0,8
1485924960000,1485925439999,85447.30145273908,85447.30145273908,85447.30145273908,85447.30145273908,0,8
1485925440000,1485925919999,85447.30145273908,85447.30145273908,85447.30145273908,85447.30145273908,0,8
1485925920000,1485926399999,85447.30145273908,85447.30145273908,85447.30145273908,85447.30145273908,0,8
1485926400000,1485926879999,85447.30145273908,85447.30145273908,85447.30145273908,85447.30145273908,0,8
1485926880000,1485927359999,85447.30145273908,85447.30145273908,85447.30145273908,85447.30145273908,0,8
1485927360000,1485927839999,85447.30145273908,85447.30145273908,85447.30145273908,85447.30145273908,0,8
1485927840000,1485928319999,85447.30145273908,85447.30145273908,85447.30145273908,85447.30145273908,0,8
1485928320000,1485928799999,85447.30145273908,85447.30145273908,85447.30145273908,85447.30145273908,0,8
1485928800000,1485929279999,85447.30145273908,85447.30145273908,85447.30145273908,85447.30145273908,0,8
1485929280000,1485929759999,85447.30145273908,85447.30145273908,85447.30145273908,85447.30145273908,0,8
1485929760000,1485930239999,85447.30145273908,85447.30145273908,85447.30145273908,85447.30145273908,0,8
1485930240000,1485930719999,85447.30145273908,85447.30145273908,85447.30145273908,85447.30145273908,0,8
1485930720000,1485931199999,85447.30145273908,85447.30145273908,85447.30145273908,85447.30145273908,0,8
1485931200000,1485931679999,85447.30145273908,85447.30145273908,85447.30145273908,85447.30145273908,0,8
1485931680000,1485932159999,85447.30145273908,85447.30145273908,85447.30145273908,85447.30145273908,0,8
1485932160000,1485932639999,85447.30145273908,85452.43088842982,85447.06991444045,85449.71185659067,0,8
1485932640000,1485933119999,85449.71185659067,85450.36348021815,85445.21936111292,85446.32467494922,0,8
1485933120000,1485933599999,85446.33051255008,85446.65157534971,85441.90268638369,85442.07594369014,0,8
1485933600000,1485934079999,85442.07594369014,85442.93634561906,85439.69874724242,85442.0837304649,0,8
1485934080000,1485934559999,85442.0837304649,85443.64096355296,85440.91175264782,85442.65409522694,0,8
1485934560000,1485935039999,85442.63657597451,85444.42338164565,85441.64571496318,85442.8234464182,0,8
1485935040000,1485935519999,85442.78840847602,85447.03489137387,85442.74558415772,85445.13178701185,0,8
1485935520000,1485935999999,85445.08897272775,85447.24891930958,85445.05005049224,85447.05240292249,0,8
1485936000000,1485936479999,85447.05240292249,85452.25586572548,85444.64135787264,85445.63776012183,0,8
1485936480000,1485936959999,85445.63776012183,85449.12049571154,85443.18744444409,85445.34974779798,0,8
1485936960000,1485937439999,85445.34974779798,85452.21502665369,85445.15514018045,85450.75443401418,0,8
1485937440000,1485937919999,85450.75443401418,85451.31457997902,85447.0095968606,85447.71198225705,0,8
1485937920000,1485938399999,85447.71198225705,85449.1068784373,85445.79927691631,85447.77813235628,0,8
1485938400000,1485938879999,85447.77813235628,85448.73531422683,85444.17036756677,85445.19211591921,0,8
1485938880000,1485939359999,85445.17654720377,85445.8693315823,85442.62878963022,85443.3451079258,0,8
1485939360000,1485939839999,85443.57867888514,85449.13994892832,85443.26141033764,85448.91039855912,0,8
1485939840000,1485940319999,85448.91039855912,85449.77993865756,85447.83649972752,85448.63415299312,0,8
1485940320000,1485940799999,85448.6146987924,85449.28195626425,85446.1651125394,85448.32871767435,0,8
1485940800000,1485941279999,85448.32871767435,85450.64745812624,85448.19058781068,85449.20998019533,0,8
1485941280000,1485941759999,85449.20998019533,85449.70796617285,85447.95517899844,85449.20998019533,0,8
1485941760000,1485942239999,85449.16134742305,85449.50371711154,85445.98025046644,85447.2528106842,0,8
1485942240000,1485942719999,85447.2528106842,85449.92777240685,85447.2528106842,85449.77215787339,0,8
1485942720000,1485943199999,85449.88497865155,85452.21891609629,85449.88497865155,85451.33013914128,0,8
1485943200000,1485943679999,85451.47017051218,85452.18780051317,85450.49963501605,85451.04229072068,0,8
1485943680000,1485944159999,85451.06951998016,85454.4473179622,85450.9217031089,85452.70897375984,0,8
1485944160000,1485944639999,85452.70897375984,85456.37392137705,85452.5475685309,85452.5475685309,0,8
1485944640000,1485945119999,85452.59229554202,85453.64429493979,85451.80273715951,85451.84746750214,0,8
1485945120000,1485945599999,85451.84746750214,85453.5529056663,85450.0522622901,85450.50936028782,0,8
1485945600000,1485946079999,85450.50936028782,85450.50936028782,85448.04272837752,85448.81507524724,0,8
1485946080000,1485946559999,85448.81507524724,85452.42116502662,85448.76254976874,85451.46433591089,0,8
1485946560000,1485947039999,85451.53824060924,85451.55768912326,85451.0053366071,85451.42154873064,0,8
1485947040000,1485947519999,85451.36125739318,85453.98262242762,85451.10258398126,85453.78818274154,0,8
1485947520000,1485947999999,85453.81929334537,85454.05845288045,85452.20724776396,85452.39977350627,0,8
1485948000000,1485948479999,85452.3667137939,85453.77651624013,85451.78328912205,85451.81635076324,0,8
1485948480000,1485948959999,85451.91553503099,85452.98510678519,85451.65298629535,85452.06917146436,0,8
1485948960000,1485949439999,85452.05944770943,85452.43866714559,85449.91610140084,85450.44711838505,0,8
1485949440000,1485949919999,85450.43739305275,85451.46044617481,85450.09894559678,85450.52492070297,0,8
1485949920000,1485950399999,85450.48990973482,85451.1803811997,85449.4939908617,85451.14926238496,0,8
1485950400000,1485950879999,85451.14926238496,85454.7739529453,85451.14926238496,85454.7739529453,0,8
1485950880000,1485951359999,85454.74478954128,85457.51687693306,85454.7136818166,85457.43912899538,0,8
1485951360000,1485951839999,85457.45662233407,85458.80934784478,85452.91510195097,85452.91510195097,0,8
1485951840000,1485952319999,85452.91315736524,85455.98901918493,85452.91315736524,85455.74990581727,0,8
1485952320000,1485952799999,85455.74990581727,85455.80433863125,85452.88982230704,85453.62485048347,0,8
1485952800000,1485953279999,85454.03123175842,85457.2175440566,85453.22428627122,85455.57299712558,0,8
1485953280000,1485953759999,85455.5963259234,85458.74715758146,85455.5963259234,85458.4381439752,0,8
1485953760000,1485954239999,85458.37983845036,85460.46307826893,85458.18742780639,85459.25827233547,0,8
1485954240000,1485954719999,85459.34183614135,85461.2733257825,85459.2135751294,85461.22280867185,0,8
1485954720000,1485955199999,85461.28498354103,85466.74514928227,85460.87501086826,85466.74514928227,0,8
1485955200000,1485955679999,85466.71796267299,85468.702390937,85465.06720862423,85465.28473533389,0,8
1485955680000,1485956159999,85465.05943972565,85465.67122201175,85463.02766556802,85463.21609793797,0,8
1485956160000,1485956639999,85463.25883468252,85467.49663557981,85462.26807227838,85467.1781831653,0,8
1485956640000,1485957119999,85467.1781831653,85468.5587175741,85464.48258214454,85464.94096327454,0,8
1485957120000,1485957599999,85465.0089417378,85466.91797671282,85462.9344193707,85464.81083178443,0,8
1485957600000,1485958079999,85464.81083178443,85467.45197518183,85462.23504517431,85463.65122716363,0,8
1485958080000,1485958559999,85463.65122716363,85467.3490613315,85462.24087349472,85466.46939596109,0,8
1485958560000,1485959039999,85466.46939596109,85473.0543271514,85466.0285632377,85473.02521701055,0,8
1485959040000,1485959519999,85472.9999881533,85479.18303545172,85468.95478508969,85473.6966693603,0,8
1485959520000,1485959999999,85473.6966693603,85489.3252718699,85473.6966693603,85481.50626764828,0,8
1485960000000,1485960479999,85481.50626764828,85484.00536975852,85465.82658933116,85473.0931405407,0,8
1485960480000,1485960959999,85473.0931405407,85473.2289862169,85464.29611601184,85470.18948313479,0,8
1485960960000,1485961439999,85470.18948313479,85474.35255326987,85464.51171716368,85474.3040426196,0,8
1485961440000,1485961919999,85474.3040426196,85474.3040426196,85443.35484015802,85446.23127287196,0,8
1485961920000,1485962399999,85446.23127287196,85451.74633774665,85442.37962341242,85451.7268895995,0,8
1485962400000,1485962879999,85451.7268895995,85455.63326307533,85449.47453833364,85455.48356956306,0,8
1485962880000,1485963359999,85455.48356956306,85458.4381439752,85447.12634023416,85449.20414427514,0,8
1485963360000,1485963839999,85449.20414427514,85452.68952748473,85427.57424035482,85432.56181683231,0,8
1485963840000,1485964319999,85432.56181683231,85439.78636893556,85429.90169580157,85439.40861660085,0,8
1485964320000,1485964799999,85439.40861660085,85442.07399699552,85427.61518018118,85430.18235734424,0,8
1485964800000,1485965279999,85430.18235734424,85441.3498002987,85430.13947900724,85440.90396496042,0,8
1485965280000,1485965759999,85440.90396496042,85444.93133673826,85438.21295587419,85438.69396361473,0,8
1485965760000,1485966239999,85438.69396361473,85442.40687626987,85435.45888717803,85436.76395063128,0,8
1485966240000,1485966719999,85436.76395063128,85438.17205941206,85428.29553656733,85430.75924800121,0,8
1485966720000,1485967199999,85431.10224829103,85434.77122553223,85429.17856622902,85434.24716833585,0,8
1485967200000,1485967679999,85434.24716833585,85437.43589449208,85432.27537625688,85432.68067751949,0,8
1485967680000,1485968159999,85432.68067751949,85432.7722577411,85423.66663984674,85429.15127729673,0,8
1485968160000,1485968639999,85429.59568778239,85439.73963746143,85427.11219355174,85437.26450440552,0,8
1485968640000,1485969119999,85437.31903793353,85444.17036756677,85436.88276138243,85441.98444863269,0,8
1485969120000,1485969599999,85441.98444863269,85443.78304899944,85436.769793816,85438.07468620999,0,8
1485969600000,1485970079999,85438.07468620999,85442.28618448011,85437.04247197125,85440.24588346634,0,8
1485970080000,1485970559999,85440.24588346634,85453.03955465076,85440.21862471891,85451.04618061944,0,8
1485970560000,1485971039999,85450.98588701877,85457.78315903914,85450.98588701877,85457.10869351636,0,8
1485971040000,1485971519999,85457.10869351636,85457.65876536114,85453.06094480256,85455.78489837455,0,8
1485971520000,1485971999999,85455.48551364902,85456.7277072946,85451.72299996552,85452.25586572548,0,8
1485972000000,1485972479999,85452.25586572548,85458.02611097909,85450.10478099479,85456.64412164113,0,8
1485972480000,1485972959999,85456.64412164113,85460.84975133874,85456.52554544578,85457.80453904672,0,8
1485972960000,1485973439999,85457.80453904672,85459.48564198635,85455.13362793524,85456.06872237026,0,8
1485973440000,1485973919999,85456.06872237026,85457.29723745085,85450.20398223998,85453.65596159545,0,8
1485973920000,1485974399999,85453.6948503493,85454.9314338573,85449.23137854021,85449.58541723668,0,8
1485974400000,1485974879999,85449.58541723668,85455.61771060694,85449.58541723668,85454.36565754935,0,8
1485974880000,1485975359999,85454.15567056855,85454.91976868961,85442.57428505059,85443.34900081983,0,8
1485975360000,1485975839999,85443.4930368335,85459.27576249217,85438.25385216907,85450.71747883683,0,8
1485975840000,1485976319999,85450.3498646364,85468.29466384847,85438.29085343462,85464.55056372385,0,8
1485976320000,1485976799999,85464.55056372385,85476.32576704487,85464.15820653115,85473.1455383773,0,8
1485976800000,1485977279999,85473.1455383773,85475.52061867353,85464.15820653115,85473.46186022567,0,8
1485977280000,1485977759999,85473.46186022567,85475.76896050679,85452.7225861299,85453.92234652927,0,8
1485977760000,1485978239999,85453.92234652927,85462.22921685051,85449.7916098225,85454.8497773977,0,8
1485978240000,1485978719999,85454.8497773977,85459.19414149923,85451.13564787306,85454.60869253134,0,8
1485978720000,1485979199999,85453.57429472008,85463.15782026466,85452.9345477874,85462.94996046396,0,8
1485979200000,1485979679999,85462.7964911095,85472.37118684052,85462.67215977893,85465.95282350079,0,8
1485979680000,1485980159999,85465.95282350079,85473.3163146057,85465.14295506902,85472.84473224595,0,8
1485980160000,1485980639999,85472.84473224595,85475.31689615874,85466.87331373047,85472.97475923237,0,8
1485980640000,1485981119999,85472.97475923237,85479.70280371277,85472.19069027116,85478.04061399608,0,8
1485981120000,1485981599999,85478.04061399608,85479.908376241,85475.54196079206,85479.3789214387,0,8
1485981600000,1485982079999,85479.3789214387,85481.9541743969,85474.51748772054,85474.63779113351,0,8
1485982080000,1485982559999,85474.63779113351,85477.82336458695,85468.66161897621,85472.03348092722,0,8
1485993600000,1485994079999,85424.79773913017,85424.79773913017,85424.79773913017,85424.79773913017,0,8
1485994080000,1485994559999,85424.79773913017,85424.79773913017,85424.79773913017,85424.79773913017,0,8
1485994560000,1485995039999,85424.79773913017,85424.79773913017,85424.79773913017,85424.79773913017,0,8
1485995040000,1485995519999,85424.79773913017,85424.79773913017,85424.79773913017,85424.79773913017,0,8
1485995520000,1485995999999,85424.79773913017,85424.79773913017,85424.79773913017,85424.79773913017,0,8
1485996000000,1485996479999,85424.79773913017,85424.79773913017,85424.79773913017,85424.79773913017,0,8
1485996480000,1485996959999,85424.79773913017,85424.79773913017,85424.79773913017,85424.79773913017,0,8
1485996960000,1485997439999,85424.79773913017,85424.79773913017,85424.79773913017,85424.79773913017,0,8
1485997440000,1485997919999,85424.79773913017,85424.79773913017,85424.79773913017,85424.79773913017,0,8
1485997920000,1485998399999,85424.79773913017,85424.79773913017,85424.79773913017,85424.79773913017,0,8
1485998400000,1485998879999,85424.79773913017,85424.79773913017,85424.79773913017,85424.79773913017,0,8
1485998880000,1485999359999,85424.79773913017,85424.79773913017,85424.79773913017,85424.79773913017,0,8
1485999360000,1485999839999,85424.79773913017,85424.79773913017,85424.79773913017,85424.79773913017,0,8
1485999840000,1486000319999,85424.79773913017,85424.79773913017,85424.79773913017,85424.79773913017,0,8
1486000320000,1486000799999,85424.79773913017,85424.79773913017,85424.79773913017,85424.79773913017,0,8
1486000800000,1486001279999,85424.79773913017,85424.79773913017,85424.79773913017,85424.79773913017,0,8
1486001280000,1486001759999,85424.79773913017,85424.79773913017,85424.79773913017,85424.79773913017,0,8
1486001760000,1486002239999,85424.79773913017,85424.79773913017,85424.79773913017,85424.79773913017,0,8
1486002240000,1486002719999,85424.79773913017,85424.79773913017,85424.79773913017,85424.79773913017,0,8
1486002720000,1486003199999,85424.79773913017,85424.79773913017,85424.79773913017,85424.79773913017,0,8
1486003200000,1486003679999,85424.79773913017,85424.79773913017,85424.79773913017,85424.79773913017,0,8
1486003680000,1486004159999,85424.79773913017,85424.79773913017,85424.79773913017,85424.79773913017,0,8
1486004160000,1486004639999,85424.79773913017,85424.79773913017,85424.79773913017,85424.79773913017,0,8
1486004640000,1486005119999,85424.79773913017,85424.79773913017,85424.79773913017,85424.79773913017,0,8
1486005120000,1486005599999,85424.79773913017,85424.79773913017,85424.79773913017,85424.79773913017,0,8
1486005600000,1486006079999,85424.79773913017,85424.79773913017,85424.79773913017,85424.79773913017,0,8
1486006080000,1486006559999,85424.79773913017,85424.79773913017,85424.79773913017,85424.79773913017,0,8
1486006560000,1486007039999,85424.79773913017,85424.79773913017,85424.79773913017,85424.79773913017,0,8
1486007040000,1486007519999,85424.79773913017,85424.79773913017,85424.79773913017,85424.79773913017,0,8
1486007520000,1486007999999,85424.79773913017,85424.79773913017,85424.79773913017,85424.79773913017,0,8
1486008000000,1486008479999,85424.79773913017,85424.79773913017,85424.79773913017,85424.79773913017,0,8
1486008480000,1486008959999,85424.79773913017,85424.79773913017,85424.79773913017,85424.79773913017,0,8
1486008960000,1486009439999,85424.79773913017,85424.79773913017,85424.79773913017,85424.79773913017,0,8
1486009440000,1486009919999,85424.79773913017,85424.79773913017,85424.79773913017,85424.79773913017,0,8
1486009920000,1486010399999,85424.79773913017,85424.79773913017,85424.79773913017,85424.79773913017,0,8
1486010400000,1486010879999,85424.79773913017,85424.79773913017,85424.79773913017,85424.79773913017,0,8
1486010880000,1486011359999,85424.79773913017,85424.79773913017,85424.79773913017,85424.79773913017,0,8
1486011360000,1486011839999,85424.79773913017,85424.79773913017,85424.79773913017,85424.79773913017,0,8
1486011840000,1486012319999,85424.79773913017,85424.79773913017,85424.79773913017,85424.79773913017,0,8
1486012320000,1486012799999,85424.79773913017,85424.79773913017,85424.79773913017,85424.79773913017,0,8
1486012800000,1486013279999,85424.79773913017,85424.79773913017,85424.79773913017,85424.79773913017,0,8
1486013280000,1486013759999,85424.79773913017,85424.79773913017,85424.79773913017,85424.79773913017,0,8
1486013760000,1486014239999,85424.79773913017,85424.79773913017,85424.79773913017,85424.79773913017,0,8
1486014240000,1486014719999,85424.79773913017,85424.79773913017,85424.79773913017,85424.79773913017,0,8
1486014720000,1486015199999,85424.79773913017,85424.79773913017,85424.79773913017,85424.79773913017,0,8
1486015200000,1486015679999,85424.79773913017,85424.79773913017,85424.79773913017,85424.79773913017,0,8
1486015680000,1486016159999,85424.79773913017,85424.79773913017,85424.79773913017,85424.79773913017,0,8
1486016160000,1486016639999,85424.79773913017,85424.79773913017,85424.79773913017,85424.79773913017,0,8
1486016640000,1486017119999,85424.79773913017,85424.79773913017,85424.79773913017,85424.79773913017,0,8
1486017120000,1486017599999,85424.79773913017,85424.79773913017,85424.79773913017,85424.79773913017,0,8
1486017600000,1486018079999,85424.79773913017,85424.79773913017,85424.79773913017,85424.79773913017,0,8
1486018080000,1486018559999,85424.79773913017,85424.79773913017,85424.79773913017,85424.79773913017,0,8
1486018560000,1486019039999,85424.79773913017,85427.37928650137,85423.70564540013,85425.80976952042,0,8
1486019040000,1486019519999,85425.98330587047,85426.6072319136,85423.83826314373,85425.00834348865,0,8
1486019520000,1486019999999,85425.01224352751,85425.17409379984,85421.49964235176,85421.71421750564,0,8
1486020000000,1486020479999,85421.56011399742,85422.91575328827,85420.83833178027,85422.75581691954,0,8
1486020480000,1486020959999,85422.71875812761,85424.53447744461,85420.73493708868,85421.75713198389,0,8
1486020960000,1486021439999,85421.72397081231,85425.13119398279,85421.72397081231,85424.04303708745,0,8
1486021440000,1486021919999,85423.61398210828,85426.58968452568,85423.56717499686,85425.92871048953,0,8
1486021920000,1486022399999,85425.92871048953,85429.37348500831,85425.39833984806,85428.72634002852,0,8
1486022400000,1486022879999,85428.72634002852,85432.16040800419,85423.88116850775,85431.68882947683,0,8
1486022880000,1486023359999,85431.75703435844,85435.41408346844,85430.24862350344,85432.19548320444,0,8
1486023360000,1486023839999,85431.82134139219,85435.70043415396,85430.58969237629,85435.36733155746,0,8
1486023840000,1486024319999,85435.24071070092,85438.78548878331,85434.67771548049,85436.2010411644,0,8
1486024320000,1486024799999,85436.65098172268,85438.55375322122,85434.36795718834,85435.86016362678,0,8
1486024800000,1486025279999,85435.86016362678,85436.71525729269,85432.23640411592,85432.2597874187,0,8
1486025280000,1486025759999,85432.28706786953,85432.78394877285,85428.95245568512,85429.41051914687,0,8
1486025760000,1486026239999,85429.41051914687,85433.90427590175,85429.41051914687,85432.7508241474,0,8
1486026240000,1486026719999,85432.46049185231,85433.37627649237,85428.98559289491,85430.16871425696,0,8
1486026720000,1486027199999,85430.49224531393,85431.47446824891,85429.86661255489,85430.2037964438,0,8
1486027200000,1486027679999,85430.53317319577,85432.32798840625,85428.52166196518,85429.70094000472,0,8
1486027680000,1486028159999,85429.64831403203,85430.0927024299,85424.67098436895,85424.7743383721,0,8
1486028160000,1486028639999,85425.03564372889,85428.67370892664,85424.34726491824,85425.98915535791,0,8
1486028640000,1486029119999,85425.60698165523,85429.09669920875,85425.60698165523,85426.76125766418,0,8
1486029120000,1486029599999,85426.77880475105,85429.13178515663,85426.77880475105,85428.56064858593,0,8
1486029600000,1486030079999,85428.62887480654,85428.62887480654,85424.83284016458,85426.75930798597,0,8
1486030080000,1486030559999,85426.5799359635,85427.55474514051,85422.8162809694,85424.51497630331,0,8
1486030560000,1486031039999,85424.46037290535,85425.90141268726,85423.77195449179,85425.82926813688,0,8
1486031040000,1486031519999,85425.76687243035,85428.50411793623,85425.17994376062,85428.39690375728,0,8
1486031520000,1486031999999,85427.9758333143,85432.28706786953,85427.93294551501,85430.72221885723,0,8
1486032000000,1486032479999,85430.7007808691,85432.72744199277,85429.4787395694,85429.58984040422,0,8
1486032480000,1486032959999,85429.70288910951,85432.3182454365,85429.18051543563,85431.43354421941,0,8
1486032960000,1486033439999,85431.43354421941,85434.36406079654,85431.43354421941,85433.31392785827,0,8
1486033440000,1486033919999,85433.3334118482,85434.60953051648,85431.05547621702,85432.93787941617,0,8
1486033920000,1486034399999,85432.9261885644,85443.90956173903,85432.11169224417,85442.85459115266,0,8
1486034400000,1486034879999,85443.00642034404,85443.62149963593,85439.76884465836,85439.99276366744,0,8
1486034880000,1486035359999,85439.96355712452,85442.79424814157,85437.02494288489,85442.79424814157,0,8
1486035360000,1486035839999,85442.62100327991,85442.63073621687,85436.98598924966,85437.79035103333,0,8
1486035840000,1486036319999,85437.96367960304,85438.3745926353,85435.41992744194,85436.58475797599,0,8
1486036320000,1486036799999,85436.59449678978,85440.37633501465,85436.59449678978,85438.64722703531,0,8
1486036800000,1486037279999,85438.53817416726,85441.31670403521,85436.83601633729,85438.53427939999,0,8
1486037280000,1486037759999,85439.00942981245,85440.58466455537,85436.04716074333,85439.75132035043,0,8
1486037760000,1486038239999,85439.75132035043,85442.19663801737,85438.31227515735,85441.09281467003,0,8
1486038240000,1486038719999,85441.11033662723,85445.14346360296,85441.07723957118,85444.72699009044,0,8
1486038720000,1486039199999,85444.73672097787,85447.49212731265,85444.64525026207,85445.5735418763,0,8
1486039200000,1486039679999,85445.7078159193,85452.73425386092,85445.55602773778,85449.98223692147,0,8
1486039680000,1486040159999,85449.97445629467,85450.60466745065,85446.21959755097,85446.23321875746,0,8
1486040160000,1486040639999,85446.2351646426,85447.30339841635,85445.46261848089,85446.36748394309,0,8
1486040640000,1486041119999,85446.48034313937,85447.33063785845,85444.92744446016,85446.17873382012,0,8
1486041120000,1486041599999,85446.21375988536,85447.39289916174,85442.28813113343,85447.35204022517,0,8
1486041600000,1486042079999,85447.35204022517,85447.97074338852,85442.83123261092,85444.04775074871,0,8
1486042080000,1486042559999,85443.76553172473,85450.32457850683,85443.7051942103,85450.21176268818,0,8
1486042560000,1486043039999,85449.74687028298,85452.88398853401,85445.69419399713,85445.72922175955,0,8
1486043040000,1486043519999,85445.72922175955,85446.21375988536,85444.44284400194,85445.68251804906,0,8
1486043520000,1486043999999,85445.68251804906,85445.68251804906,85445.68251804906,85445.68251804906,0,8
1486044000000,1486044479999,85449.04851848047,85452.20724776396,85448.19253331494,85451.41571410095,0,8
1486044480000,1486044959999,85451.42349360643,85456.44973369878,85450.5579865048,85454.69229519974,0,8
1486044960000,1486045439999,85454.77784139274,85455.74796178272,85450.07365883273,85451.76384104675,0,8
1486045440000,1486045919999,85451.78134431622,85453.85429265899,85440.84750404544,85441.63987462687,0,8
1486045920000,1486046399999,85441.63987462687,85446.6690875696,85422.74801508,85442.38546331669,0,8
1486046400000,1486046879999,85442.74753072161,85460.36786501796,85437.05805335553,85458.87153772137,0,8
1486046880000,1486047359999,85457.91532562657,85465.75279015544,85456.38752875917,85461.92225366255,0,8
1486047360000,1486047839999,85461.92225366255,85478.94835510815,85461.92225366255,85466.59562201661,0,8
1486047840000,1486048319999,85466.58591237658,85472.54003552056,85460.76231401307,85469.37607498428,0,8
1486048320000,1486048799999,85470.13901104603,85477.7709912555,85468.83247179585,85469.05768241631,0,8
1486048800000,1486049279999,85469.10815996303,85470.3952513218,85461.44041902266,85467.99565341765,0,8
1486049280000,1486049759999,85467.99565341765,85470.45154565418,85462.44680530216,85466.66941497261,0,8
1486049760000,1486050239999,85466.61504126835,85467.65585798418,85460.69430667568,85466.94516277833,0,8
1486050240000,1486050719999,85467.53352880159,85472.2372703429,85462.20978907995,85468.15680950091,0,8
1486050720000,1486051199999,85468.14321812429,85485.18199986994,85466.08682418343,85484.42408760964,0,8
1486051200000,1486051679999,85484.42408760964,85488.82731731018,85482.21011210322,85483.86967039698,0,8
1486051680000,1486052159999,85484.4861183928,85489.02495204864,85481.20377381933,85482.24307330139,0,8
1486052160000,1486052639999,85482.24307330139,85488.55992291738,85481.26970274137,85482.43696050326,0,8
1486052640000,1486053119999,85482.43696050326,85485.18781483146,85476.38008797409,85476.52558900934,0,8
1486053120000,1486053599999,85476.82822438146,85478.936717923,85474.53107043642,85476.56632891983,0,8
1486053600000,1486054079999,85476.56632891983,85478.10268438894,85470.17201205598,85472.28579102021,0,8
1486054080000,1486054559999,85472.2683236035,85472.74381461357,85452.40171819183,85454.9761502074,0,8
1486054560000,1486055039999,85454.99364785518,85455.10835389906,85441.50749275579,85444.8807370049,0,8
1486055040000,1486055519999,85444.8807370049,85449.30529974293,85442.16743791048,85443.46189408742,0,8
1486055520000,1486055999999,85443.46967978303,85448.12444043977,85442.47306147165,85446.2818657721,0,8
1486056000000,1486056479999,85446.29354102041,85452.27142342326,85445.19016983111,85450.629952872,0,8
1486056480000,1486056959999,85450.34597446678,85454.16150359978,85448.4960273484,85454.16150359978,0,8
1486056960000,1486057439999,85454.0973400691,85459.9461954376,85453.80957129208,85458.04749046723,0,8
1486057440000,1486057919999,85458.07664424105,85466.45191838166,85456.29810848055,85462.67604515642,0,8
1486057920000,1486058399999,85462.67604515642,85463.26077725748,85454.7739529453,85457.20976905731,0,8
1486058400000,1486058879999,85457.20976905731,85458.60722807482,85453.57818363403,85454.48425935848,0,8
1486058880000,1486059359999,85454.56203027297,85457.0834244715,85453.43429281059,85453.83290420413,0,8
1486059360000,1486059839999,85453.61512824113,85455.44468776471,85450.51519544634,85452.13918222074,0,8
1486059840000,1486060319999,85451.92914848114,85452.73425386092,85446.27797401966,85448.73725962514,0,8
1486060320000,1486060799999,85448.52909985959,85450.0055787655,85446.86561148951,85449.85580098612,0,8
1486060800000,1486061279999,85449.8538558054,85465.73142713448,85449.2644486195,85460.97410532947,0,8
1486061280000,1486061759999,85461.02462369649,85466.4499764265,85460.41450019294,85464.48646681866,0,8
1486061760000,1486062239999,85464.5194864878,85464.82636996183,85456.6421777804,85457.82008811441,0,8
1486062240000,1486062719999,85457.68014563466,85461.00907961074,85455.0928006143,85455.15501360827,0,8
1486062720000,1486063199999,85455.15501360827,85458.23601670227,85451.13564787306,85452.4464458553,0,8
1486063200000,1486063679999,85452.4464458553,85452.51450930715,85446.72162404523,85447.34036621264,0,8
1486063680000,1486064159999,85447.20805978474,85447.3812251969,85440.51846685399,85441.14732732496,0,8
1486064160000,1486064639999,85441.02856723095,85450.77193905051,85439.7999989077,85449.0271197443,0,8
1486064640000,1486065119999,85449.0271197443,85453.23206436985,85440.8728141502,85444.24043364491,0,8
1486065120000,1486065599999,85444.22097089468,85449.58736246961,85443.31396471903,85449.45314050908,0,8
1486065600000,1486066079999,85449.46286679865,85455.37858836055,85447.731438214,85454.7136818166,0,8
1486066080000,1486066559999,85454.7136818166,85454.85949843975,85451.09674916547,85452.86648719442,0,8
1486066560000,1486067039999,85452.81592759691,85460.03363989943,85448.23922530425,85458.54114957163,0,8
1486067040000,1486067519999,85459.64499199379,85462.46623261226,85455.60021405108,85461.84065426778,0,8
1486067520000,1486067999999,85462.01162366426,85462.42349248021,85453.22039721964,85453.9281796966,0,8
1486068000000,1486068479999,85453.71235023919,85462.28944269937,85453.65401715378,85461.29858424212,0,8
1486068480000,1486068959999,85461.2752687432,85465.6925851613,85459.52645137649,85459.68191419415,0,8
1486080000000,1486080479999,85433.73672191332,85433.73672191332,85433.73672191332,85433.73672191332,0,8
1486080480000,1486080959999,85433.73672191332,85433.73672191332,85433.73672191332,85433.73672191332,0,8
1486080960000,1486081439999,85433.73672191332,85433.73672191332,85433.73672191332,85433.73672191332,0,8
1486081440000,1486081919999,85433.73672191332,85433.73672191332,85433.73672191332,85433.73672191332,0,8
1486081920000,1486082399999,85433.73672191332,85433.73672191332,85433.73672191332,85433.73672191332,0,8
1486082400000,1486082879999,85433.73672191332,85433.73672191332,85433.73672191332,85433.73672191332,0,8
1486082880000,1486083359999,85433.73672191332,85433.73672191332,85433.73672191332,85433.73672191332,0,8
1486083360000,1486083839999,85433.73672191332,85433.73672191332,85433.73672191332,85433.73672191332,0,8
1486083840000,1486084319999,85433.73672191332,85433.73672191332,85433.73672191332,85433.73672191332,0,8
1486084320000,1486084799999,85433.73672191332,85433.73672191332,85433.73672191332,85433.73672191332,0,8
1486084800000,1486085279999,85433.73672191332,85433.73672191332,85433.73672191332,85433.73672191332,0,8
1486085280000,1486085759999,85433.73672191332,85433.73672191332,85433.73672191332,85433.73672191332,0,8
1486085760000,1486086239999,85433.73672191332,85433.73672191332,85433.73672191332,85433.73672191332,0,8
1486086240000,1486086719999,85433.73672191332,85433.73672191332,85433.73672191332,85433.73672191332,0,8
1486086720000,1486087199999,85433.73672191332,85433.73672191332,85433.73672191332,85433.73672191332,0,8
1486087200000,1486087679999,85433.73672191332,85433.73672191332,85433.73672191332,85433.73672191332,0,8
1486087680000,1486088159999,85433.73672191332,85433.73672191332,85433.73672191332,85433.73672191332,0,8
1486088160000,1486088639999,85433.73672191332,85433.73672191332,85433.73672191332,85433.73672191332,0,8
1486088640000,1486089119999,85433.73672191332,85433.73672191332,85433.73672191332,85433.73672191332,0,8
1486089120000,1486089599999,85433.73672191332,85433.73672191332,85433.73672191332,85433.73672191332,0,8
1486089600000,1486090079999,85433.73672191332,85433.73672191332,85433.73672191332,85433.73672191332,0,8
1486090080000,1486090559999,85433.73672191332,85433.73672191332,85433.73672191332,85433.73672191332,0,8
1486090560000,1486091039999,85433.73672191332,85433.73672191332,85433.73672191332,85433.73672191332,0,8
1486091040000,1486091519999,85433.73672191332,85433.73672191332,85433.73672191332,85433.73672191332,0,8
1486091520000,1486091999999,85433.73672191332,85433.73672191332,85433.73672191332,85433.73672191332,0,8
1486092000000,1486092479999,85433.73672191332,85433.73672191332,85433.73672191332,85433.73672191332,0,8
1486092480000,1486092959999,85433.73672191332,85433.73672191332,85433.73672191332,85433.73672191332,0,8
1486092960000,1486093439999,85433.73672191332,85433.73672191332,85433.73672191332,85433.73672191332,0,8
1486093440000,1486093919999,85433.73672191332,85433.73672191332,85433.73672191332,85433.73672191332,0,8
1486093920000,1486094399999,85433.73672191332,85433.73672191332,85433.73672191332,85433.73672191332,0,8
1486094400000,1486094879999,85433.73672191332,85433.73672191332,85433.73672191332,85433.73672191332,0,8
1486094880000,1486095359999,85433.73672191332,85433.73672191332,85433.73672191332,85433.73672191332,0,8
1486095360000,1486095839999,85433.73672191332,85433.73672191332,85433.73672191332,85433.73672191332,0,8
1486095840000,1486096319999,85433.73672191332,85433.73672191332,85433.73672191332,85433.73672191332,0,8
1486096320000,1486096799999,85433.73672191332,85433.73672191332,85433.73672191332,85433.73672191332,0,8
1486096800000,1486097279999,85433.73672191332,85433.73672191332,85433.73672191332,85433.73672191332,0,8
1486097280000,1486097759999,85433.73672191332,85433.73672191332,85433.73672191332,85433.73672191332,0,8
1486097760000,1486098239999,85433.73672191332,85433.73672191332,85433.73672191332,85433.73672191332,0,8
1486098240000,1486098719999,85433.73672191332,85433.73672191332,85433.73672191332,85433.73672191332,0,8
1486098720000,1486099199999,85433.73672191332,85433.73672191332,85433.73672191332,85433.73672191332,0,8
1486099200000,1486099679999,85433.73672191332,85433.73672191332,85433.73672191332,85433.73672191332,0,8
1486099680000,1486100159999,85433.73672191332,85433.73672191332,85433.73672191332,85433.73672191332,0,8
1486100160000,1486100639999,85433.73672191332,85433.73672191332,85433.73672191332,85433.73672191332,0,8
1486100640000,1486101119999,85433.73672191332,85433.73672191332,85433.73672191332,85433.73672191332,0,8
1486101120000,1486101599999,85433.73672191332,85433.73672191332,85433.73672191332,85433.73672191332,0,8
1486101600000,1486102079999,85433.73672191332,85433.73672191332,85433.73672191332,85433.73672191332,0,8
1486102080000,1486102559999,85433.73672191332,85433.73672191332,85433.73672191332,85433.73672191332,0,8
1486102560000,1486103039999,85433.73672191332,85433.73672191332,85433.73672191332,85433.73672191332,0,8
1486103040000,1486103519999,85433.73672191332,85433.73672191332,85433.73672191332,85433.73672191332,0,8
1486103520000,1486103999999,85433.73672191332,85433.73672191332,85433.73672191332,85433.73672191332,0,8
1486104000000,1486104479999,85433.73672191332,85433.73672191332,85433.73672191332,85433.73672191332,0,8
1486104480000,1486104959999,85433.73672191332,85433.73672191332,85433.73672191332,85433.73672191332,0,8
1486104960000,1486105439999,85433.73672191332,85437.88383198348,85431.3945687975,85436.40556210965,0,8
1486105440000,1486105919999,85436.64319071642,85442.86043077956,85436.25947614702,85441.26413915628,0,8
1486105920000,1486106399999,85441.24856432427,85441.83844414762,85439.14379202278,85439.88761971369,0,8
1486106400000,1486106879999,85439.88761971369,85440.55545974112,85438.87506579676,85440.40943439055,0,8
1486106880000,1486107359999,85440.40943439055,85442.35042383985,85439.6072304321,85442.0701036051,0,8
1486107360000,1486107839999,85442.11877087623,85444.8807370049,85441.48218425736,85444.79510610367,0,8
1486107840000,1486108319999,85444.79510610367,85446.89285212413,85444.25795008776,85446.51731397842,0,8
1486108320000,1486108799999,85446.51731397842,85447.9221045891,85445.752573533,85447.28394162659,0,8
1486108800000,1486109279999,85447.28394162659,85448.0407828441,85438.8672765231,85447.30534409326,0,8
1486109280000,1486109759999,85447.28783298757,85453.48096033154,85446.22348932615,85452.85287502024,0,8
1486109760000,1486110239999,85453.19122928458,85454.8283910719,85451.55768912326,85451.92136936903,0,8
1486110240000,1486110719999,85451.92136936903,85454.89449411294,85451.46822564547,85453.07455669354,0,8
1486110720000,1486111199999,85453.07455669354,85457.54797593888,85452.31031756176,85455.68186438315,0,8
1486111200000,1486111679999,85455.68186438315,85459.55171424881,85454.74673377088,85455.81794678843,0,8
1486111680000,1486112159999,85455.80239460728,85456.0862181064,85453.48096033154,85455.16473435359,0,8
1486112160000,1486112639999,85455.21722621517,85455.83544296333,85451.7696754733,85452.91899112127,0,8
1486112640000,1486113119999,85452.91899112127,85453.50234953918,85448.64582549539,85448.7430958178,0,8
1486113120000,1486113599999,85448.7430958178,85448.7430958178,85446.06392530176,85446.54650138639,0,8
1486113600000,1486114079999,85446.44531800787,85451.38654090153,85446.29159514663,85449.14967552251,0,8
1486114080000,1486114559999,85449.16718336822,85452.53978989985,85448.69835158701,85449.63793839322,0,8
1486114560000,1486115039999,85449.20803488897,85452.4425565012,85448.89678099877,85449.63015749854,0,8
1486115040000,1486115519999,85450.09311019536,85450.80305903948,85444.1489583894,85444.1781527108,0,8
1486115520000,1486115999999,85444.1781527108,85446.57568870917,85443.61176766323,85445.58132592803,0,8
1486116000000,1486116479999,85445.53072948352,85448.2217158338,85445.31666477019,85447.58551761408,0,8
1486116480000,1486116959999,85447.58162636892,85448.93179754507,85446.92398418713,85448.5621722614,0,8
1486116960000,1486117439999,85448.5621722614,85450.43350291718,85444.63941167734,85445.40812934475,0,8
1486117440000,1486117919999,85445.4295358265,85446.44337216363,85445.03448155562,85445.85960179694,0,8
1486117920000,1486118399999,85445.85376392116,85445.99581793069,85444.2637888952,85445.04031990969,0,8
1486118400000,1486118879999,85445.077296073,85447.0640772712,85444.6199497036,85445.9783045317,0,8
1486118880000,1486119359999,85445.9783045317,85445.98414233478,85443.43464410503,85444.64719645622,0,8
1486119360000,1486119839999,85444.61605730432,85445.98219640082,85443.87842029009,85445.39450701432,0,8
1486119840000,1486120319999,85445.43537394993,85449.98029176534,85445.33612538803,85449.96084018324,0,8
1486120320000,1486120799999,85449.91804656945,85455.30471203882,85449.0135023429,85455.01308965014,0,8
1486120800000,1486121279999,85455.01114547235,85456.01234701223,85452.90148984296,85452.90148984296,0,8
1486121280000,1486121759999,85452.85870881144,85456.82295521084,85452.23447385152,85454.88282890215,0,8
1486121760000,1486122239999,85454.72923569105,85454.84588897823,85452.04000017121,85452.15862956608,0,8
1486122240000,1486122719999,85452.40755224624,85452.40755224624,85450.2448295255,85450.51325039388,0,8
1486122720000,1486123199999,85450.51325039388,85451.75022737154,85448.4512820121,85448.99988492295,0,8
1486123200000,1486123679999,85448.99988492295,85453.08039035542,85448.6146987924,85450.3576449711,0,8
1486123680000,1486124159999,85450.26233545392,85450.56576667758,85448.73725962514,85448.98237678435,0,8
1486124160000,1486124639999,85449.00377561626,85449.65739060342,85446.95900764214,85448.01938195137,0,8
1486124640000,1486125119999,85448.05245603899,85448.67889751117,85445.05199660762,85445.20768461043,0,8
1486125120000,1486125599999,85445.20768461043,85447.05629437357,85444.19177669828,85446.07949263573,0,8
1486125600000,1486126079999,85445.90046683188,85446.72746141437,85444.81846005855,85446.1223026792,0,8
1486126080000,1486126559999,85446.01722315443,85447.70225426437,85445.48013278302,85447.66334219903,0,8
1486126560000,1486127039999,85447.78007794081,85447.98630775437,85442.80398090991,85443.38987611562,0,8
1486127040000,1486127519999,85443.38987611562,85445.63192211655,85441.23883004196,85441.54253518632,0,8
1486127520000,1486127999999,85441.52696078792,85447.95323344799,85441.34395978958,85445.03448155562,0,8
1486128000000,1486128479999,85445.06367329191,85449.5212243374,85440.37244096321,85443.80056624346,0,8
1486128480000,1486128959999,85443.74996078812,85470.33507427119,85443.24389214914,85468.40533427341,0,8
1486128960000,1486129439999,85468.40339269757,85469.91382477719,85462.51674344187,85466.2247070694,0,8
1486129440000,1486129919999,85466.2247070694,85475.39450522518,85463.84159024626,85474.69406158794,0,8
1486129920000,1486130399999,85474.6242085626,85474.84928878625,85470.30401500664,85471.74428691383,0,8
1486130400000,1486130879999,85471.74428691383,85472.82726580554,85468.12380183993,85468.35291159322,0,8
1486130880000,1486131359999,85468.36456110147,85470.2496610615,85465.47700946787,85470.00506465236,0,8
1486131360000,1486131839999,85469.96818054776,85470.71554243343,85465.31775236728,85467.25197182255,0,8
1486131840000,1486132319999,85467.288865947,85474.707644064,85465.43428220203,85471.44926158433,0,8
1486132320000,1486132799999,85470.66701413653,85484.71291516845,85466.50629297287,85482.86931542523,0,8
1486132800000,1486133279999,85482.81890729384,85486.6085024292,85467.0539063013,85478.38199638919,0,8
1486133280000,1486133759999,85478.5623812432,85480.17988065083,85472.63319219262,85476.82240455682,0,8
1486133760000,1486134239999,85476.82240455682,85483.98404569509,85473.08149653971,85483.34042529133,0,8
1486134240000,1486134719999,85483.2958355965,85483.51490479475,85470.04971364961,85475.83492526956,0,8
1486134720000,1486135199999,85475.6661322146,85481.5101457149,85471.50360900955,85480.42810680348,0,8
1486135200000,1486135679999,85480.68602276304,85499.54626739533,85475.4236084698,85489.72051775939,0,8
1486135680000,1486136159999,85489.72051775939,85491.17736768821,85478.7447024128,85481.97550278928,0,8
1486136160000,1486136639999,85481.9153953851,85483.81345155058,85477.87185816783,85478.09492561092,0,8
1486136640000,1486137119999,85478.10268438894,85489.3620846468,85478.01733749942,85484.06934167602,0,8
1486137120000,1486137599999,85484.14494432363,85485.14129504457,85479.6291068717,85481.51402378001,0,8
1486137600000,1486138079999,85481.51402378001,85492.25437027482,85481.50820668178,85491.87472073006,0,8
1486138080000,1486138559999,85491.86309857784,85492.0180594967,85484.62762467681,85485.07151495844,0,8
1486138560000,1486139039999,85485.07151495844,85485.81774897255,85474.97928971081,85474.97928971081,0,8
1486139040000,1486139519999,85474.96570760371,85475.92805125273,85468.3043718295,85475.4236084698,0,8
1486139520000,1486139999999,85475.57882434406,85476.4091883505,85465.25948694067,85469.18581722966,0,8
1486140000000,1486140479999,85469.18581722966,85469.63233481001,85460.98576343682,85463.07428834066,0,8
1486140480000,1486140959999,85463.0568048264,85469.9312963071,85463.0198950848,85467.80925278093,0,8
1486140960000,1486141439999,85467.37236267338,85475.48957551074,85465.58188471003,85473.54530542571,0,8
1486141440000,1486141919999,85473.45215725026,85476.30830668354,85473.05238647798,85473.82086369806,0,8
1486141920000,1486142399999,85473.82086369806,85476.9698390702,85473.57829519645,85476.62258852336,0,8
1486142400000,1486142879999,85476.62258852336,85480.6666308169,85476.57020890265,85478.78737284482,0,8
1486142880000,1486143359999,85478.80094976227,85479.47589327965,85475.52837944918,85477.87767738171,0,8
1486143360000,1486143839999,85477.88931579936,85479.83855962985,85476.52558900934,85479.38473977569,0,8
1486143840000,1486144319999,85479.40995253013,85481.05446259491,85476.21712430121,85479.66207657827,0,8
1486144320000,1486144799999,85479.65237961704,85480.89933168868,85476.46350882656,85476.95625966643,0,8
1486144800000,1486145279999,85476.9678991565,85477.52269913671,85472.80785861373,85473.07955587158,0,8
1486145280000,1486145759999,85473.07955587158,85477.47420386261,85471.29398159898,85476.57408888396,0,8
1486145760000,1486146239999,85476.58572881886,85479.85407447445,85476.41888845716,85478.41690984069,0,8
1486146240000,1486146719999,85478.28889325596,85480.78879944976,85477.55955538772,85478.09104621963,0,8
1486146720000,1486147199999,85478.10850346852,85481.3259358902,85470.17977698366,85475.01809562942,0,8
1486147200000,1486147679999,85475.0239165042,85475.43718995499,85471.1367581572,85471.83939190829,0,8
1486147680000,1486148159999,85471.83939190829,85478.03285516988,85471.63753533243,85476.52170900919,0,8
1486148160000,1486148639999,85476.48096891692,85476.72734694173,85473.14165706547,85476.08713946772,0,8
1486148640000,1486149119999,85476.22682459418,85479.92001229546,85475.29943403578,85479.5030452266,0,8
1486149120000,1486149599999,85479.48946926233,85480.28460181039,85476.28502615432,85478.9658108605,0,8
1486149600000,1486150079999,85478.97550848752,85481.69435214633,85477.8544005058,85480.01116092039,0,8
1486150080000,1486150559999,85480.05382594871,85482.33032300744,85478.29277257048,85481.24255559081,0,8
1486150560000,1486151039999,85481.11457517414,85485.26147071813,85481.11457517414,85484.61405566787,0,8
1486151040000,1486151519999,85484.6334399607,85485.14517170172,85481.94254070915,85484.15075988823,0,8
1486151520000,1486151999999,85484.22248490692,85484.35042555486,85479.72025814821,85482.95074340836,0,8
1486152000000,1486152479999,85482.97594717355,85485.74215897077,85481.28909351806,85485.65300079835,0,8
1486152480000,1486152959999,85485.59679197677,85488.49791739928,85483.87548612167,85487.86040086893,0,8
1486152960000,1486153439999,85487.941788221,85490.22617722226,85484.9319533254,85485.13548005598,0,8
1486153440000,1486153919999,85485.16455496506,85486.70734221485,85482.65023208348,85484.10617380652,0,8
1486153920000,1486154399999,85484.07903435509,85486.00187607296,85482.45828786596,85483.82314447768,0,8
1486154400000,1486154879999,85483.79018848721,85487.70925117201,85481.36471718791,85487.38175232428,0,8
1486154880000,1486155359999,85487.28485711801,85489.85226291775,85483.91813466606,85487.06199458048,0,8
1486339200000,1486339679999,85480.69377953096,85480.69377953096,85480.69377953096,85480.69377953096,0,8
1486339680000,1486340159999,85480.69377953096,85480.69377953096,85480.69377953096,85480.69377953096,0,8
1486340160000,1486340639999,85480.69377953096,85480.69377953096,85480.69377953096,85480.69377953096,0,8
1486340640000,1486341119999,85480.69377953096,85480.69377953096,85480.69377953096,85480.69377953096,0,8
1486341120000,1486341599999,85480.69377953096,85480.69377953096,85480.69377953096,85480.69377953096,0,8
1486341600000,1486342079999,85480.69377953096,85480.69377953096,85480.69377953096,85480.69377953096,0,8
1486342080000,1486342559999,85480.69377953096,85480.69377953096,85480.69377953096,85480.69377953096,0,8
1486342560000,1486343039999,85480.69377953096,85480.69377953096,85480.69377953096,85480.69377953096,0,8
1486343040000,1486343519999,85480.69377953096,85480.69377953096,85480.69377953096,85480.69377953096,0,8
1486343520000,1486343999999,85480.69377953096,85480.69377953096,85480.69377953096,85480.69377953096,0,8
1486344000000,1486344479999,85480.69377953096,85480.69377953096,85480.69377953096,85480.69377953096,0,8
1486344480000,1486344959999,85480.69377953096,85480.69377953096,85480.69377953096,85480.69377953096,0,8
1486344960000,1486345439999,85480.69377953096,85480.69377953096,85480.69377953096,85480.69377953096,0,8
1486345440000,1486345919999,85480.69377953096,85480.69377953096,85480.69377953096,85480.69377953096,0,8
1486345920000,1486346399999,85480.69377953096,85480.69377953096,85480.69377953096,85480.69377953096,0,8
1486346400000,1486346879999,85480.69377953096,85480.69377953096,85480.69377953096,85480.69377953096,0,8
1486346880000,1486347359999,85480.69377953096,85480.69377953096,85480.69377953096,85480.69377953096,0,8
1486347360000,1486347839999,85480.69377953096,85480.69377953096,85480.69377953096,85480.69377953096,0,8
1486347840000,1486348319999,85480.69377953096,85480.69377953096,85480.69377953096,85480.69377953096,0,8
1486348320000,1486348799999,85480.69377953096,85480.69377953096,85480.69377953096,85480.69377953096,0,8
1486348800000,1486349279999,85480.69377953096,85480.69377953096,85480.69377953096,85480.69377953096,0,8
1486349280000,1486349759999,85480.69377953096,85480.69377953096,85480.69377953096,85480.69377953096,0,8
1486349760000,1486350239999,85480.69377953096,85480.69377953096,85480.69377953096,85480.69377953096,0,8
1486350240000,1486350719999,85480.69377953096,85480.69377953096,85480.69377953096,85480.69377953096,0,8
1486350720000,1486351199999,85480.69377953096,85480.69377953096,85480.69377953096,85480.69377953096,0,8
1486351200000,1486351679999,85480.69377953096,85480.69377953096,85480.69377953096,85480.69377953096,0,8
1486351680000,1486352159999,85480.69377953096,85480.69377953096,85480.69377953096,85480.69377953096,0,8
1486352160000,1486352639999,85480.69377953096,85480.69377953096,85480.69377953096,85480.69377953096,0,8
1486352640000,1486353119999,85480.69377953096,85480.69377953096,85480.69377953096,85480.69377953096,0,8
1486353120000,1486353599999,85480.69377953096,85480.69377953096,85480.69377953096,85480.69377953096,0,8
1486353600000,1486354079999,85480.69377953096,85480.69377953096,85480.69377953096,85480.69377953096,0,8
1486354080000,1486354559999,85480.69377953096,85480.69377953096,85480.69377953096,85480.69377953096,0,8
1486354560000,1486355039999,85480.69377953096,85480.69377953096,85480.69377953096,85480.69377953096,0,8
1486355040000,1486355519999,85480.69377953096,85480.69377953096,85480.69377953096,85480.69377953096,0,8
1486355520000,1486355999999,85480.69377953096,85480.69377953096,85480.69377953096,85480.69377953096,0,8
1486356000000,1486356479999,85480.69377953096,85480.69377953096,85480.69377953096,85480.69377953096,0,8
1486356480000,1486356959999,85480.69377953096,85480.69377953096,85480.69377953096,85480.69377953096,0,8
1486356960000,1486357439999,85480.69377953096,85480.69377953096,85480.69377953096,85480.69377953096,0,8
1486357440000,1486357919999,85480.69377953096,85480.69377953096,85480.69377953096,85480.69377953096,0,8
1486357920000,1486358399999,85480.69377953096,85480.69377953096,85480.69377953096,85480.69377953096,0,8
1486358400000,1486358879999,85480.69377953096,85480.69377953096,85480.69377953096,85480.69377953096,0,8
1486358880000,1486359359999,85480.69377953096,85480.69377953096,85480.69377953096,85480.69377953096,0,8
1486359360000,1486359839999,85480.69377953096,85480.69377953096,85480.69377953096,85480.69377953096,0,8
1486359840000,1486360319999,85480.69377953096,85480.69377953096,85480.69377953096,85480.69377953096,0,8
1486360320000,1486360799999,85480.69377953096,85480.69377953096,85480.69377953096,85480.69377953096,0,8
1486360800000,1486361279999,85480.69377953096,85480.69377953096,85480.69377953096,85480.69377953096,0,8
1486361280000,1486361759999,85480.69377953096,85480.69377953096,85480.69377953096,85480.69377953096,0,8
1486361760000,1486362239999,85480.69377953096,85480.69377953096,85480.69377953096,85480.69377953096,0,8
1486362240000,1486362719999,85480.69377953096,85480.69377953096,85480.69377953096,85480.69377953096,0,8
1486362720000,1486363199999,85480.69377953096,85480.69377953096,85480.69377953096,85480.69377953096,0,8
1486363200000,1486363679999,85480.69377953096,85480.69377953096,85480.69377953096,85480.69377953096,0,8
1486363680000,1486364159999,85480.69377953096,85480.69377953096,85480.69377953096,85480.69377953096,0,8
1486364160000,1486364639999,85480.69377953096,85481.91927329304,85480.6433604319,85481.83008102981,0,8
1486364640000,1486365119999,85481.7913015368,85486.54260869602,85481.7913015368,85485.54252109063,0,8
1486365120000,1486365599999,85485.55027409238,85486.11041256496,85484.51519518995,85485.01530286828,0,8
1486365600000,1486366079999,85485.01724122149,85486.9941658658,85484.9997960292,85486.6666435979,0,8
1486366080000,1486366559999,85486.81005703539,85487.23640916277,85485.49600295378,85485.49600295378,0,8
1486366560000,1486367039999,85485.54833584251,85486.1123507059,85484.97847408615,85485.48243512311,0,8
1486367040000,1486367519999,85485.50763250826,85486.09103113494,85483.45868395385,85483.68938125389,0,8
1486367520000,1486367999999,85483.84640746437,85484.42796454486,85482.80921339331,85483.6874426433,0,8
1486368000000,1486368479999,85483.75335519285,85483.80569720214,85476.5993087258,85478.8630154359,0,8
1486368480000,1486368959999,85479.0976977822,85480.47852698785,85476.52170900919,85477.02997620808,0,8
1486368960000,1486369439999,85476.84762377242,85478.65354224351,85473.61322542332,85476.68854765547,0,8
1486369440000,1486369919999,85476.68854765547,85479.7241369075,85476.05609806353,85476.3975482101,0,8
1486369920000,1486370399999,85476.41694843657,85476.56438892786,85471.48614022651,85473.47156319169,0,8
1486370400000,1486370879999,85474.00327133527,85476.12206093225,85472.90683489814,85473.39199859246,0,8
1486370880000,1486371359999,85473.40946404652,85476.94462016282,85472.40029888532,85476.31994692782,0,8
1486371360000,1486371839999,85476.03863723132,85481.63230404313,85475.79418237922,85480.70735386036,0,8
1486371840000,1486372319999,85480.79073862237,85489.1489561648,85480.68990114775,85486.49609521119,0,8
1486372320000,1486372799999,85486.20925727382,85488.7575629405,85485.28085375605,85488.41072148897,0,8
1486372800000,1486373279999,85488.41072148897,85489.92588445616,85486.26740076381,85488.22663873699,0,8
1486373280000,1486373759999,85488.3874691178,85489.22258288122,85486.17824727426,85486.43601497305,0,8
1486373760000,1486374239999,85486.55036092245,85487.28873294427,85484.94164516841,85487.23447123969,0,8
1486374240000,1486374719999,85487.23253331622,85487.87590327278,85486.04645370331,85487.47283296214,0,8
1486374720000,1486375199999,85487.59491847335,85489.4938345274,85487.38369021883,85488.84669343762,0,8
1486375200000,1486375679999,85488.81569161569,85491.70813525766,85488.06774353146,85490.84998240307,0,8
1486375680000,1486376159999,85490.84998240307,85492.40738820979,85489.77282854472,85492.40738820979,0,8
1486376160000,1486376639999,85492.52747659486,85492.52747659486,85490.36372767155,85490.77249319294,0,8
1486376640000,1486377119999,85490.48190330708,85490.78024214099,85488.54054623428,85489.58295846237,0,8
1486377120000,1486377599999,85489.48995955568,85491.57254038259,85489.26520862718,85491.3517105078,0,8
1486377600000,1486378079999,85491.53379865203,85492.86061746834,85491.53379865203,85492.8063859894,0,8
1486378080000,1486378559999,85492.75796477754,85492.79476491995,85491.36333325437,85491.53379865203,0,8
1486378560000,1486379039999,85491.77593200572,85492.2272529282,85491.04176561597,85491.94445335965,0,8
1486379040000,1486379519999,85491.89990201351,85492.7289119379,85490.84417073314,85491.74493926363,0,8
1486379520000,1486379999999,85491.63452683933,85492.389955905,85489.04239022038,85489.04239022038,0,8
1486380000000,1486380479999,85488.98038769378,85489.1121426033,85481.36471718791,85483.18532984365,0,8
1486380480000,1486380959999,85483.18532984365,85483.76498677416,85478.11820192698,85478.12402099751,0,8
1486380960000,1486381439999,85478.17445280042,85480.25163415622,85478.03285516988,85479.79007558532,0,8
1486381440000,1486381919999,85479.72995504363,85482.17521189262,85478.79125196596,85481.57025555495,0,8
1486381920000,1486382399999,85481.70210813214,85482.3652226767,85480.68796195558,85481.84365381685,0,8
1486382400000,1486382879999,85481.85528761962,85481.9793806739,85479.35564805697,85481.07967113987,0,8
1486382880000,1486383359999,85481.39186400684,85481.90570060867,85480.65887402793,85481.86886037244,0,8
1486383360000,1486383839999,85481.86886037244,85482.63666039116,85479.16364059079,85479.67371291934,0,8
1486383840000,1486384319999,85479.47007499571,85481.2289819879,85478.76215852064,85481.01761922259,0,8
1486384320000,1486384799999,85481.04282786042,85481.55862142057,85478.47509865565,85478.6477234811,0,8
1486384800000,1486385279999,85478.63414635559,85480.07321908322,85478.41884947331,85479.98013169452,0,8
1486385280000,1486385759999,85479.94522370039,85480.37962561724,85476.60706866434,85476.87090299193,0,8
1486385760000,1486386239999,85476.63034844384,85476.67108792755,85464.82636996183,85466.5664930683,0,8
1486386240000,1486386719999,85466.5664930683,85469.68086812829,85466.13343269563,85467.78401076092,0,8
1486386720000,1486387199999,85467.7917775431,85469.14116437505,85462.93247673231,85463.18113137475,0,8
1486387200000,1486387679999,85463.41618203156,85465.56440557938,85462.62747782942,85464.64379485256,0,8
1486387680000,1486388159999,85464.90600274208,85465.78192147407,85456.28838883687,85458.18742780639,0,8
1486388160000,1486388639999,85458.18742780639,85464.58164086334,85458.18742780639,85463.58323947019,0,8
1486388640000,1486389119999,85463.47057313193,85466.8752556034,85463.18890173268,85465.13130180717,0,8
1486389120000,1486389599999,85464.61854484104,85466.51600269019,85461.68522500714,85466.5082349171,0,8
1486389600000,1486390079999,85466.84418559104,85469.7973471311,85466.00525876437,85469.6769854715,0,8
1486390080000,1486390559999,85469.70804668362,85469.75657963446,85467.13157952229,85468.95672655849,0,8
1486390560000,1486391039999,85468.75287027715,85471.59677533708,85468.20923320913,85470.09242119957,0,8
1486391040000,1486391519999,85470.24189618808,85473.54530542571,85465.22452752177,85470.72718918965,0,8
1486391520000,1486391999999,85470.6456616113,85477.96496518386,85460.85752350846,85476.51588900617,0,8
1486392000000,1486392479999,85476.51588900617,85476.51588900617,85462.74403901793,85466.34705226365,0,8
1486392480000,1486392959999,85466.22276507012,85480.47077005295,85461.88339689093,85478.25785868557,0,8
1486392960000,1486393439999,85478.19384957998,85480.3214478835,85472.2644419512,85479.25673558025,0,8
1486393440000,1486393919999,85479.21212767261,85480.39707887136,85469.32171599519,85471.12511187798,0,8
1486393920000,1486394399999,85471.08434979395,85485.11415840226,85470.86306700986,85481.16499189744,0,8
1486394400000,1486394879999,85481.46166977423,85484.27094746614,85479.54571242284,85483.92588892732,0,8
1486394880000,1486395359999,85483.96853725675,85484.20116130645,85475.6719527122,85478.66130058814,0,8
1486395360000,1486395839999,85478.46152129576,85483.73203059201,85477.7535334174,85482.90809073798,0,8
1486395840000,1486396319999,85482.91972330249,85487.09881569006,85478.5798376693,85480.98853225382,0,8
1486396320000,1486396799999,85480.9400537845,85483.56530941784,85475.96297327282,85476.08325929748,0,8
1486396800000,1486397279999,85476.43246859066,85483.50521156886,85475.56330286503,85480.66081322572,0,8
1486397280000,1486397759999,85480.71317142446,85490.11574802757,85480.61233316765,85490.11574802757,0,8
1486397760000,1486398239999,85490.09443698998,85492.03161846286,85488.94163591944,85492.02387048445,0,8
1486398240000,1486398719999,85491.99481551195,85500.56624433157,85491.36333325437,85495.90098348212,0,8
1486398720000,1486399199999,85496.05007319743,85498.24937229588,85494.89214921054,85494.96767007945,0,8
1486399200000,1486399679999,85495.10515532519,85497.2872384565,85489.04239022038,85491.79530242075,0,8
1486399680000,1486400159999,85491.92314621888,85492.57396203416,85487.19377476802,85491.69263879357,0,8
1486400160000,1486400639999,85491.93089427533,85493.31769967641,85490.3869754479,85491.02820530761,0,8
1486400640000,1486401119999,85491.06113745316,85492.48292784608,85487.51159042877,85490.73568560781,0,8
1486401120000,1486401599999,85490.78799108301,85491.89021691198,85488.95519905754,85490.6814426038,0,8
1486401600000,1486402079999,85490.6814426038,85492.08198017618,85487.55034774517,85489.38339724517,0,8
1486402080000,1486402559999,85489.39695978412,85491.15024742087,85484.21279236689,85485.59097725306,0,8
1486402560000,1486403039999,85485.58128603935,85488.58898787164,85482.32644525889,85488.01154828127,0,8
1486403040000,1486403519999,85488.16850663761,85488.3874691178,85483.03604820339,85488.35840357782,0,8
1486403520000,1486403999999,85488.39715761236,85489.65658198345,85483.27257132895,85484.64313209303,0,8
1486404000000,1486404479999,85484.63537838792,85487.24803669345,85478.66711934267,85482.24307330139,0,8
1486404480000,1486404959999,85482.25858441589,85484.7381144927,85477.14636964118,85477.79426832557,0,8
1486404960000,1486405439999,85477.07459385089,85482.14031156022,85473.19405464786,85481.32011868256,0,8
1486405440000,1486405919999,85481.34532655786,85482.20429540992,85478.70979010574,85479.86958929498,0,8
1486405920000,1486406399999,85479.82886283974,85481.12620982515,85473.06403051286,85473.31825522792,0,8
1486406400000,1486406879999,85473.16882621654,85478.80676843553,85473.14165706547,85476.34904747925,0,8
1486406880000,1486407359999,85476.51782900756,85486.16661849964,85476.51782900756,85481.42482790216,0,8
1486407360000,1486407839999,85481.36859530942,85486.10265999747,85481.31624054226,85484.867986926,0,8
1486407840000,1486408319999,85484.85247985844,85485.59097725306,85480.86830521862,85485.59097725306,0,8
1486408320000,1486408799999,85485.5677183244,85487.20152648969,85483.01472207285,85485.09671337904,0,8
1486408800000,1486409279999,85484.97072064107,85487.59491847335,85483.04380314866,85484.49968757533,0,8
1486409280000,1486409759999,85484.55008723494,85487.50383894745,85481.38992495078,85481.66914515084,0,8
1486409760000,1486410239999,85481.70016913625,85485.79642877348,85481.3957421178,85483.53622985861,0,8
1486410240000,1486410719999,85483.6157137869,85488.08130785488,85482.15776174163,85482.3981833636,0,8
1486410720000,1486411199999,85482.46410441154,85488.27895733749,85482.20429540992,85485.63168024804,0,8
1486411200000,1486411679999,85485.70727108492,85491.00495902193,85485.16455496506,85491.00495902193,0,8
1486411680000,1486412159999,85490.85191962562,85492.21175726852,85487.50383894745,85488.3370887948,0,8
1486412160000,1486412639999,85488.35065275288,85494.25116707853,85488.34677733817,85492.1245937355,0,8
1486412640000,1486413119999,85492.3260371941,85492.4732433092,85488.51341881485,85491.99287851079,0,8
1486413120000,1486413599999,85491.98706750503,85493.63338408845,85489.22645795654,85493.41840989649,0,8
1486413600000,1486414079999,85493.40872626555,85494.89214921054,85490.44703195331,85491.41757255975,0,8
1486414080000,1486414559999,85491.41757255975,85496.24175670822,85488.55604758377,85495.95907064849,0,8
1486425600000,1486426079999,85491.06888617751,85491.06888617751,85491.06888617751,85491.06888617751,0,8
1486426080000,1486426559999,85491.06888617751,85491.06888617751,85491.06888617751,85491.06888617751,0,8
1486426560000,1486427039999,85491.06888617751,85491.06888617751,85491.06888617751,85491.06888617751,0,8
1486427040000,1486427519999,85491.06888617751,85491.06888617751,85491.06888617751,85491.06888617751,0,8
1486427520000,1486427999999,85491.06888617751,85491.06888617751,85491.06888617751,85491.06888617751,0,8
1486428000000,1486428479999,85491.06888617751,85491.06888617751,85491.06888617751,85491.06888617751,0,8
1486428480000,1486428959999,85491.06888617751,85491.06888617751,85491.06888617751,85491.06888617751,0,8
1486428960000,1486429439999,85491.06888617751,85491.06888617751,85491.06888617751,85491.06888617751,0,8
1486429440000,1486429919999,85491.06888617751,85491.06888617751,85491.06888617751,85491.06888617751,0,8
1486429920000,1486430399999,85491.06888617751,85491.06888617751,85491.06888617751,85491.06888617751,0,8
1486430400000,1486430879999,85491.06888617751,85491.06888617751,85491.06888617751,85491.06888617751,0,8
1486430880000,1486431359999,85491.06888617751,85491.06888617751,85491.06888617751,85491.06888617751,0,8
1486431360000,1486431839999,85491.06888617751,85491.06888617751,85491.06888617751,85491.06888617751,0,8
1486431840000,1486432319999,85491.06888617751,85491.06888617751,85491.06888617751,85491.06888617751,0,8
1486432320000,1486432799999,85491.06888617751,85491.06888617751,85491.06888617751,85491.06888617751,0,8
1486432800000,1486433279999,85491.06888617751,85491.06888617751,85491.06888617751,85491.06888617751,0,8
1486433280000,1486433759999,85491.06888617751,85491.06888617751,85491.06888617751,85491.06888617751,0,8
1486433760000,1486434239999,85491.06888617751,85491.06888617751,85491.06888617751,85491.06888617751,0,8
1486434240000,1486434719999,85491.06888617751,85491.06888617751,85491.06888617751,85491.06888617751,0,8
1486434720000,1486435199999,85491.06888617751,85491.06888617751,85491.06888617751,85491.06888617751,0,8
1486435200000,1486435679999,85491.06888617751,85491.06888617751,85491.06888617751,85491.06888617751,0,8
1486435680000,1486436159999,85491.06888617751,85491.06888617751,85491.06888617751,85491.06888617751,0,8
1486436160000,1486436639999,85491.06888617751,85491.06888617751,85491.06888617751,85491.06888617751,0,8
1486436640000,1486437119999,85491.06888617751,85491.06888617751,85491.06888617751,85491.06888617751,0,8
1486437120000,1486437599999,85491.06888617751,85491.06888617751,85491.06888617751,85491.06888617751,0,8
1486437600000,1486438079999,85491.06888617751,85491.06888617751,85491.06888617751,85491.06888617751,0,8
1486438080000,1486438559999,85491.06888617751,85491.06888617751,85491.06888617751,85491.06888617751,0,8
1486438560000,1486439039999,85491.06888617751,85491.06888617751,85491.06888617751,85491.06888617751,0,8
1486439040000,1486439519999,85491.06888617751,85491.06888617751,85491.06888617751,85491.06888617751,0,8
1486439520000,1486439999999,85491.06888617751,85491.06888617751,85491.06888617751,85491.06888617751,0,8
1486440000000,1486440479999,85491.06888617751,85491.06888617751,85491.06888617751,85491.06888617751,0,8
1486440480000,1486440959999,85491.06888617751,85491.06888617751,85491.06888617751,85491.06888617751,0,8
1486440960000,1486441439999,85491.06888617751,85491.06888617751,85491.06888617751,85491.06888617751,0,8
1486441440000,1486441919999,85491.06888617751,85491.06888617751,85491.06888617751,85491.06888617751,0,8
1486441920000,1486442399999,85491.06888617751,85491.06888617751,85491.06888617751,85491.06888617751,0,8
1486442400000,1486442879999,85491.06888617751,85491.06888617751,85491.06888617751,85491.06888617751,0,8
1486442880000,1486443359999,85491.06888617751,85491.06888617751,85491.06888617751,85491.06888617751,0,8
1486443360000,1486443839999,85491.06888617751,85491.06888617751,85491.06888617751,85491.06888617751,0,8
1486443840000,1486444319999,85491.06888617751,85491.06888617751,85491.06888617751,85491.06888617751,0,8
1486444320000,1486444799999,85491.06888617751,85491.06888617751,85491.06888617751,85491.06888617751,0,8
1486444800000,1486445279999,85491.06888617751,85491.06888617751,85491.06888617751,85491.06888617751,0,8
1486445280000,1486445759999,85491.06888617751,85491.06888617751,85491.06888617751,85491.06888617751,0,8
1486445760000,1486446239999,85491.06888617751,85491.06888617751,85491.06888617751,85491.06888617751,0,8
1486446240000,1486446719999,85491.06888617751,85491.06888617751,85491.06888617751,85491.06888617751,0,8
1486446720000,1486447199999,85491.06888617751,85491.06888617751,85491.06888617751,85491.06888617751,0,8
1486447200000,1486447679999,85491.06888617751,85491.06888617751,85491.06888617751,85491.06888617751,0,8
1486447680000,1486448159999,85491.06888617751,85491.06888617751,85491.06888617751,85491.06888617751,0,8
1486448160000,1486448639999,85491.06888617751,85491.06888617751,85491.06888617751,85491.06888617751,0,8
1486448640000,1486449119999,85491.06888617751,85491.06888617751,85491.06888617751,85491.06888617751,0,8
1486449120000,1486449599999,85491.06888617751,85491.06888617751,85491.06888617751,85491.06888617751,0,8
1486449600000,1486450079999,85491.06888617751,85491.06888617751,85491.06888617751,85491.06888617751,0,8
1486450080000,1486450559999,85491.06888617751,85491.06888617751,85491.06888617751,85491.06888617751,0,8
1486450560000,1486451039999,85491.06888617751,85493.0329941447,85490.74343458436,85491.7333169606,0,8
1486451040000,1486451519999,85491.69263879357,85492.56427758545,85489.51902180693,85491.99481551195,0,8
1486451520000,1486451999999,85491.99481551195,85492.35702813526,85490.07312590696,85492.35702813526,0,8
1486452000000,1486452479999,85492.39382975314,85492.9690795439,85490.55164564982,85492.66886913512,0,8
1486452480000,1486452959999,85492.66693226452,85492.808322833,85491.63065269704,85492.19626158486,0,8
1486452960000,1486453439999,85492.31828944382,85493.01168932315,85491.92702024785,85492.28148754792,0,8
1486453440000,1486453919999,85492.2369377033,85492.90516453459,85491.57060329964,85492.41707281045,0,8
1486453920000,1486454399999,85492.23306379438,85494.98897073422,85491.6790793678,85492.16527014547,0,8
1486454400000,1486454879999,85492.16527014547,85495.2116566811,85492.00062651321,85494.53583793079,0,8
1486454880000,1486455359999,85494.53583793079,85497.8099383448,85493.58496688087,85497.16333521796,0,8
1486455360000,1486455839999,85497.13235916846,85497.31821402627,85493.39710589605,85495.19229288258,0,8
1486455840000,1486456319999,85495.19229288258,85495.2116566811,85489.07145377238,85491.91927218839,0,8
1486456320000,1486456799999,85491.91152412294,85496.93294855265,85491.59578534891,85495.5485807733,0,8
1486456800000,1486457279999,85495.58149803567,85497.87575787539,85494.87278479333,85494.94056008957,0,8
1486457280000,1486457759999,85494.9463693793,85497.50406542994,85493.863846783,85496.52637090062,0,8
1486457760000,1486458239999,85496.57090164004,85500.32432372971,85496.36567136586,85500.05530114776,0,8
1486458240000,1486458719999,85500.02626950124,85501.4409803873,85496.70836484566,85497.50212949561,0,8
1486458720000,1486459199999,85497.5698869738,85498.40229852474,85496.47022316392,85497.47696231537,0,8
1486459200000,1486459679999,85497.5931180035,85499.54820293396,85497.21367109378,85498.8494491446,0,8
1486459680000,1486460159999,85498.86299885127,85500.09788074355,85498.57264397564,85499.76498088967,0,8
1486460160000,1486460639999,85499.72046437146,85499.87530358063,85496.88454731804,85497.74992604228,0,8
1486460640000,1486461119999,85497.74992604228,85500.9997514097,85497.66861847726,85500.87976472436,0,8
1486461120000,1486461599999,85500.82170613395,85508.16731116838,85500.35722527541,85506.8850725598,0,8
1486461600000,1486462079999,85506.89087491477,85510.77769614536,85506.72260525393,85509.06071961307,0,8
1486462080000,1486462559999,85509.00464221001,85510.64235959915,85508.32395348426,85509.00270850085,0,8
1486462560000,1486463039999,85508.96596795571,85509.6852846052,85506.45762315133,85507.42274315431,0,8
1486463040000,1486463519999,85507.54265135877,85507.74571842574,85504.56192595272,85505.91603204937,0,8
1486463520000,1486463999999,85505.9373093962,85507.21773547425,85505.58719456916,85506.78449787217,0,8
1486464000000,1486464479999,85506.5253199767,85506.83091708446,85505.27188730074,85506.4208732542,0,8
1486464480000,1486464959999,85506.20423953714,85507.55618929151,85506.14427758976,85506.78062959475,0,8
1486464960000,1486465439999,85506.7380784444,85513.22890397676,85506.68005385667,85513.19991055025,0,8
1486465440000,1486465919999,85513.20570924228,85515.96550498852,85512.82298835574,85514.16824551449,0,8
1486465920000,1486466399999,85514.1411875275,85515.41283377963,85513.81648597264,85515.02633226759,0,8
1486466400000,1486466879999,85514.83694107331,85515.63313295752,85512.57943107405,85512.9718259966,0,8
1486466880000,1486467359999,85512.96216128198,85515.78772597402,85512.73213831737,85515.76840197766,0,8
1486467360000,1486467839999,85515.76840197766,85518.23770620095,85515.15967697711,85516.92584349215,0,8
1486467840000,1486468319999,85516.9818764929,85518.28214036328,85516.76160702604,85516.77899689719,0,8
1486468320000,1486468799999,85516.73455605523,85517.20214110799,85515.15967697711,85515.37418430066,0,8
1486468800000,1486469279999,85515.40123895161,85515.40123895161,85511.60707582881,85512.29140726817,0,8
1486469280000,1486469759999,85512.29334034151,85514.41756209235,85511.96471250767,85513.44731842127,0,8
1486469760000,1486470239999,85513.46278120996,85513.98463630832,85510.15126589275,85512.78819482154,0,8
1486470240000,1486470719999,85512.79012779883,85517.567305965,85511.74239931961,85517.38762333666,0,8
1486470720000,1486471199999,85517.38762333666,85517.96336917402,85516.48529723792,85517.1403129339,0,8
1486471200000,1486471679999,85517.15963427936,85517.57889828176,85514.02522389678,85514.05614766311,0,8
1486471680000,1486472159999,85514.03682032037,85514.03682032037,85511.02903058626,85511.84679047558,0,8
1486472160000,1486472639999,85511.96084623357,85513.72564495978,85511.14116237592,85511.59547658724,0,8
1486472640000,1486473119999,85511.64960626609,85514.02522389678,85511.593543379,85512.80365862946,0,8
1486473120000,1486473599999,85512.80365862946,85513.97303982422,85510.37748134404,85510.49155386149,0,8
1486473600000,1486474079999,85510.47608647775,85511.76753062343,85509.9791840456,85511.08509663826,0,8
1486474080000,1486474559999,85510.98843083513,85514.07160951044,85510.98843083513,85511.95891309598,0,8
1486474560000,1486475039999,85511.7868623526,85512.8442510115,85511.33835661128,85512.56203389837,0,8
1486475040000,1486475519999,85512.5813640917,85512.6026272612,85510.62689244865,85510.706161342,0,8
1486475520000,1486475999999,85510.66362689198,85512.87324546919,85510.53988928146,85512.01304080761,0,8
1486476000000,1486476479999,85512.01690706152,85515.15001437675,85511.92604969956,85514.23589016171,0,8
1486476480000,1486476959999,85514.23589016171,85515.0166695384,85512.58523012589,85514.07934042512,0,8
1486476960000,1486477439999,85514.21849586756,85515.86695396871,85513.03367994897,85515.62926810149,0,8
1486477440000,1486477919999,85515.62926810149,85522.42717250703,85515.47080771803,85517.88802177178,0,8
1486477920000,1486478399999,85517.88415778714,85527.05112417597,85510.52248855718,85526.8754723896,0,8
1486478400000,1486478879999,85526.8754723896,85534.32541643511,85520.16558089893,85529.78587542185,0,8
1486478880000,1486479359999,85529.80517234985,85533.3165932824,85524.79830082573,85530.76032374738,0,8
1486479360000,1486479839999,85530.19496232258,85532.7243686134,85528.902036209,85529.72605470839,0,8
1486479840000,1486480319999,85529.83990672643,85539.43740840966,85528.93291400491,85536.96176428128,0,8
1486480320000,1486480799999,85536.98876059087,85543.48889276934,85536.98876059087,85540.64223152045,0,8
1486480800000,1486481279999,85540.69427660806,85543.55055824992,85536.4758182455,85541.45179110889,0,8
1486481280000,1486481759999,85541.29566686059,85541.76210490846,85533.8567024656,85535.13934487272,0,8
1486481760000,1486482239999,85535.12584423042,85548.18016432576,85535.12584423042,85548.17823817719,0,8
1486482240000,1486482719999,85548.17823817719,85552.50920873758,85546.76434503742,85551.41749569529,0,8
1486482720000,1486483199999,85551.36743192175,85553.05983359105,85548.76762232871,85550.09842412335,0,8
1486483200000,1486483679999,85550.09842412335,85556.39373928857,85548.61739045159,85552.65745687301,0,8
1486483680000,1486484159999,85552.82110486002,85553.98581611259,85548.15127205821,85548.66168982947,0,8
1486484160000,1486484639999,85548.66168982947,85549.62852302204,85539.35258339306,85541.33807121852,0,8
1486484640000,1486485119999,85541.35156347654,85541.82956315589,85534.75746252833,85541.41516959046,0,8
1486485120000,1486485599999,85541.42866174443,85543.01675383245,85535.78349719453,85542.43281239526,0,8
1486485600000,1486486079999,85542.38270362066,85543.24993544036,85538.1707418377,85543.24993544036,0,8
1486486080000,1486486559999,85543.26920640438,85547.1457691441,85542.4347396508,85546.15365089665,0,8
1486486560000,1486487039999,85546.15365089665,85549.01800377523,85543.46962222867,85548.63279895311,0,8
1486487040000,1486487519999,85548.48449114044,85549.0661533347,85542.8529453192,85546.95698529351,0,8
1486487520000,1486487999999,85546.89341441925,85548.16860742877,85539.13666192215,85540.79065568472,0,8
1486488000000,1486488479999,85541.28602948143,85542.14179254507,85532.45621626698,85536.31383098577,0,8
1486488480000,1486488959999,85536.41989436907,85537.38598357803,85529.56009859759,85534.1441058178,0,8
1486488960000,1486489439999,85534.11131524875,85537.11217136383,85526.9275891756,85527.85406448203,0,8
1486489440000,1486489919999,85527.85406448203,85530.80470230147,85518.37873568722,85523.73638290056,0,8
1486489920000,1486490399999,85524.1592328222,85526.89670518706,85522.51793450907,85524.50290588797,0,8
1486490400000,1486490879999,85524.50290588797,85525.50682697291,85520.7508240227,85522.4735191642,0,8
1486490880000,1486491359999,85522.4735191642,85530.40335864917,85521.00770210229,85530.14479218792,0,8
1486491360000,1486491839999,85530.14479218792,85533.67924123749,85528.69553849798,85529.8321879865,0,8
1486491840000,1486492319999,85529.75692996001,85534.86547113505,85529.0737927389,85533.90878288045,0,8
1486492320000,1486492799999,85533.91842737197,85535.26277847144,85531.24075935785,85532.00284882232,0,8
1486492800000,1486493279999,85532.06072666189,85536.61659075684,85530.97256722461,85536.05734579139,0,8
1486493280000,1486493759999,85536.08241606285,85541.43251664223,85534.59351866385,85535.62149871963,0,8
1486493760000,1486494239999,85535.5038553251,85540.47838410556,85534.61859260546,85538.39632433945,0,8
1486494240000,1486494719999,85538.39632433945,85538.79349141999,85532.29030545907,85534.12288840304,0,8
1486494720000,1486495199999,85534.14796352474,85535.16056013093,85528.77080451268,85528.77080451268,0,8
1486495200000,1486495679999,85528.71097772666,85529.2262483109,85524.51449016758,85527.79423221119,0,8
1486495680000,1486496159999,85527.49313535004,85533.64259124368,85526.89863543915,85530.36283748134,0,8
1486496160000,1486496639999,85530.35511914505,85531.24268877161,85525.49910488765,85526.38131455125,0,8
1486496640000,1486497119999,85526.36780207987,85530.82785625149,85525.71532102041,85529.34589535982,0,8
1486497120000,1486497599999,85529.34010601943,85529.66044448214,85528.03355914666,85528.90782580299,0,8
1486497600000,1486498079999,85528.84028033112,85536.87306160801,85528.84028033112,85536.58187991071,0,8
1486498080000,1486498559999,85536.58573667734,85536.63780288125,85531.86779922729,85531.97583904922,0,8
1486498560000,1486499039999,85532.00477808905,85533.72167790461,85529.88428936536,85529.88428936536,0,8
1486499040000,1486499519999,85529.87850033666,85532.69350252247,85526.76737744905,85528.80554248224,0,8
1486499520000,1486499999999,85528.8074723659,85529.996209928,85523.2227603165,85527.5915718598,0,8
1486500000000,1486500479999,85527.3946978713,85530.31845696628,85522.40979245522,85522.9369739221,0,8
1486500480000,1486500959999,85522.92731883372,85529.98463199685,85522.5874537833,85529.96919473447,0,8
1486512000000,1486512479999,85547.9798428869,85547.9798428869,85547.9798428869,85547.9798428869,0,8
1486512480000,1486512959999,85547.9798428869,85547.9798428869,85547.9798428869,85547.9798428869,0,8
1486512960000,1486513439999,85547.9798428869,85547.9798428869,85547.9798428869,85547.9798428869,0,8
1486513440000,1486513919999,85547.9798428869,85547.9798428869,85547.9798428869,85547.9798428869,0,8
1486513920000,1486514399999,85547.9798428869,85547.9798428869,85547.9798428869,85547.9798428869,0,8
1486514400000,1486514879999,85547.9798428869,85547.9798428869,85547.9798428869,85547.9798428869,0,8
1486514880000,1486515359999,85547.9798428869,85547.9798428869,85547.9798428869,85547.9798428869,0,8
1486515360000,1486515839999,85547.9798428869,85547.9798428869,85547.9798428869,85547.9798428869,0,8
1486515840000,1486516319999,85547.9798428869,85547.9798428869,85547.9798428869,85547.9798428869,0,8
1486516320000,1486516799999,85547.9798428869,85547.9798428869,85547.9798428869,85547.9798428869,0,8
1486516800000,1486517279999,85547.9798428869,85547.9798428869,85547.9798428869,85547.9798428869,0,8
1486517280000,1486517759999,85547.9798428869,85547.9798428869,85547.9798428869,85547.9798428869,0,8
1486517760000,1486518239999,85547.9798428869,85547.9798428869,85547.9798428869,85547.9798428869,0,8
1486518240000,1486518719999,85547.9798428869,85547.9798428869,85547.9798428869,85547.9798428869,0,8
1486518720000,1486519199999,85547.9798428869,85547.9798428869,85547.9798428869,85547.9798428869,0,8
1486519200000,1486519679999,85547.9798428869,85547.9798428869,85547.9798428869,85547.9798428869,0,8
1486519680000,1486520159999,85547.9798428869,85547.9798428869,85547.9798428869,85547.9798428869,0,8
1486520160000,1486520639999,85547.9798428869,85547.9798428869,85547.9798428869,85547.9798428869,0,8
1486520640000,1486521119999,85547.9798428869,85547.9798428869,85547.9798428869,85547.9798428869,0,8
1486521120000,1486521599999,85547.9798428869,85547.9798428869,85547.9798428869,85547.9798428869,0,8
1486521600000,1486522079999,85547.9798428869,85547.9798428869,85547.9798428869,85547.9798428869,0,8
1486522080000,1486522559999,85547.9798428869,85547.9798428869,85547.9798428869,85547.9798428869,0,8
1486522560000,1486523039999,85547.9798428869,85547.9798428869,85547.9798428869,85547.9798428869,0,8
1486523040000,1486523519999,85547.9798428869,85547.9798428869,85547.9798428869,85547.9798428869,0,8
1486523520000,1486523999999,85547.9798428869,85547.9798428869,85547.9798428869,85547.9798428869,0,8
1486524000000,1486524479999,85547.9798428869,85547.9798428869,85547.9798428869,85547.9798428869,0,8
1486524480000,1486524959999,85547.9798428869,85547.9798428869,85547.9798428869,85547.9798428869,0,8
1486524960000,1486525439999,85547.9798428869,85547.9798428869,85547.9798428869,85547.9798428869,0,8
1486525440000,1486525919999,85547.9798428869,85547.9798428869,85547.9798428869,85547.9798428869,0,8
1486525920000,1486526399999,85547.9798428869,85547.9798428869,85547.9798428869,85547.9798428869,0,8
1486526400000,1486526879999,85547.9798428869,85547.9798428869,85547.9798428869,85547.9798428869,0,8
1486526880000,1486527359999,85547.9798428869,85547.9798428869,85547.9798428869,85547.9798428869,0,8
1486527360000,1486527839999,85547.9798428869,85547.9798428869,85547.9798428869,85547.9798428869,0,8
1486527840000,1486528319999,85547.9798428869,85547.9798428869,85547.9798428869,85547.9798428869,0,8
1486528320000,1486528799999,85547.9798428869,85547.9798428869,85547.9798428869,85547.9798428869,0,8
1486528800000,1486529279999,85547.9798428869,85547.9798428869,85547.9798428869,85547.9798428869,0,8
1486529280000,1486529759999,85547.9798428869,85547.9798428869,85547.9798428869,85547.9798428869,0,8
1486529760000,1486530239999,85547.9798428869,85547.9798428869,85547.9798428869,85547.9798428869,0,8
1486530240000,1486530719999,85547.9798428869,85547.9798428869,85547.9798428869,85547.9798428869,0,8
1486530720000,1486531199999,85547.9798428869,85547.9798428869,85547.9798428869,85547.9798428869,0,8
1486531200000,1486531679999,85547.9798428869,85547.9798428869,85547.9798428869,85547.9798428869,0,8
1486531680000,1486532159999,85547.9798428869,85547.9798428869,85547.9798428869,85547.9798428869,0,8
1486532160000,1486532639999,85547.9798428869,85547.9798428869,85547.9798428869,85547.9798428869,0,8
1486532640000,1486533119999,85547.9798428869,85547.9798428869,85547.9798428869,85547.9798428869,0,8
1486533120000,1486533599999,85547.9798428869,85547.9798428869,85547.9798428869,85547.9798428869,0,8
1486533600000,1486534079999,85547.9798428869,85547.9798428869,85547.9798428869,85547.9798428869,0,8
1486534080000,1486534559999,85547.9798428869,85547.9798428869,85547.9798428869,85547.9798428869,0,8
1486534560000,1486535039999,85547.9798428869,85547.9798428869,85547.9798428869,85547.9798428869,0,8
1486535040000,1486535519999,85547.9798428869,85547.9798428869,85547.9798428869,85547.9798428869,0,8
1486535520000,1486535999999,85547.9798428869,85547.9798428869,85547.9798428869,85547.9798428869,0,8
1486536000000,1486536479999,85547.9798428869,85547.9798428869,85547.9798428869,85547.9798428869,0,8
1486536480000,1486536959999,85547.9798428869,85547.9798428869,85547.9798428869,85547.9798428869,0,8
1486536960000,1486537439999,85547.9798428869,85548.62702076783,85546.1767693351,85547.06678857899,0,8
1486537440000,1486537919999,85547.04945129828,85548.5981297913,85545.03426922574,85546.28465467457,0,8
1486537920000,1486538399999,85546.13053240474,85546.56784815306,85541.94905950576,85543.65269086565,0,8
1486538400000,1486538879999,85543.59873414201,85544.90517584565,85542.07048175346,85544.15948445306,0,8
1486538880000,1486539359999,85544.15948445306,85544.18068058345,85541.04701950701,85542.61782723403,0,8
1486539360000,1486539839999,85542.61782723403,85543.32894615682,85541.04894702965,85542.17455679235,0,8
1486539840000,1486540319999,85542.1899752245,85542.7604405027,85540.52271955334,85541.27253713502,0,8
1486540320000,1486540799999,85541.22820501147,85543.03987952405,85540.89088893904,85541.59249359014,0,8
1486540800000,1486541279999,85541.59249359014,85546.76434503742,85538.62382974272,85544.92444362011,0,8
1486541280000,1486541759999,85544.96105228935,85546.22685910175,85539.92128281332,85540.99883132018,0,8
1486541760000,1486542239999,85540.99883132018,85543.2826960571,85538.38668416569,85539.72272363964,0,8
1486542240000,1486542719999,85539.72079586134,85539.96176526778,85534.80182334725,85536.2521208633,0,8
1486542720000,1486543199999,85536.19233881898,85537.52674327741,85534.86354242016,85536.7477195326,0,8
1486543200000,1486543679999,85536.85763497581,85538.425244805,85536.05541730634,85536.3543280467,0,8
1486543680000,1486544159999,85536.37554072746,85536.68794045101,85530.40142907348,85531.48965065807,0,8
1486544160000,1486544639999,85531.51280302224,85534.43342970838,85530.98028508436,85533.67152546048,0,8
1486544640000,1486545119999,85533.53264045631,85538.42717283306,85533.53264045631,85537.84296332186,0,8
1486545120000,1486545599999,85537.72534605865,85539.41234654783,85536.65708659167,85539.41234654783,0,8
1486545600000,1486546079999,85539.42198573289,85540.91401954737,85539.18678696487,85539.71308474446,0,8
1486546080000,1486546559999,85539.71308474446,85539.87308920146,85535.89535175276,85539.30631489893,0,8
1486546560000,1486547039999,85539.35065554341,85540.53235766815,85538.11868361462,85539.1771475531,0,8
1486547040000,1486547519999,85539.11738299268,85539.16750813201,85536.71300914165,85537.33777774607,0,8
1486547520000,1486547999999,85537.33970598382,85545.87429887388,85536.37746915074,85545.22308937724,0,8
1486548000000,1486548479999,85545.221162659,85546.18447546937,85541.97218766662,85542.91268755842,0,8
1486548480000,1486548959999,85542.91654188419,85544.23848798346,85542.11481014319,85543.88007671651,0,8
1486548960000,1486549439999,85543.84346408976,85543.89356554521,85542.42703062638,85542.4887026553,0,8
1486549440000,1486549919999,85542.4405214152,85543.30582113369,85540.30682334698,85540.99690378788,0,8
1486549920000,1486550399999,85540.93136746853,85541.34963601221,85539.7497124967,85540.16224738874,0,8
1486550400000,1486550879999,85540.13140424713,85541.29181191005,85536.51631465042,85538.59683784684,0,8
1486550880000,1486551359999,85538.58334187158,85539.76899020716,85536.25790620346,85537.95093860784,0,8
1486551360000,1486551839999,85537.95093860784,85538.44259704417,85537.62315288713,85538.12639596108,0,8
1486551840000,1486552319999,85538.11097126223,85539.15015715068,85537.19508712152,85537.19508712152,0,8
1486552320000,1486552799999,85537.27800219171,85539.45861455139,85536.07470213986,85539.42198573289,0,8
1486552800000,1486553279999,85539.36029478794,85540.26441461586,85537.74269951235,85538.15531720726,0,8
1486553280000,1486553759999,85538.18616644434,85539.37571755986,85535.23384885845,85535.24156343009,0,8
1486553760000,1486554239999,85535.2357775019,85535.5617129052,85533.30501919492,85534.63788021008,0,8
1486554240000,1486554719999,85534.63788021008,85536.3581849011,85534.46429042934,85535.61764158109,0,8
1486554720000,1486555199999,85535.60607015659,85536.53559859512,85534.41221290751,85535.85870988009,0,8
1486555200000,1486555679999,85535.87606657336,85538.89374469446,85535.50771250753,85537.33970598382,0,8
1486555680000,1486556159999,85537.34163422117,85537.34163422117,85533.2664388066,85534.96576379678,0,8
1486556160000,1486556639999,85534.89247310447,85535.3052084191,85531.57840109627,85532.96936483092,0,8
1486556640000,1486557119999,85532.9828683849,85533.98786743623,85531.88130426886,85531.88130426886,0,8
1486557120000,1486557599999,85531.80027374582,85533.15262579387,85531.52244982481,85531.97198050426,0,8
1486557600000,1486558079999,85532.07808994844,85535.30327978903,85531.91217286683,85533.35710248305,0,8
1486558080000,1486558559999,85533.41883047325,85534.15760778557,85528.77080451268,85530.05024009614,0,8
1486558560000,1486559039999,85530.26635784945,85531.07868727398,85525.24234215793,85526.65349044406,0,8
1486559040000,1486559519999,85526.8194947984,85530.18917347373,85525.96048901502,85529.73377353023,0,8
1486559520000,1486559999999,85529.68553079595,85529.996209928,85527.86178474897,85528.59711285472,0,8
1486560000000,1486560479999,85528.57588366742,85530.19303270667,85524.90255577929,85525.10527063314,0,8
1486560480000,1486560959999,85525.10527063314,85527.40048833807,85524.6245401544,85524.86780424886,0,8
1486560960000,1486561439999,85524.94696033685,85525.5087574933,85522.2862001045,85524.05303931775,0,8
1486561440000,1486561919999,85524.15537125999,85526.63997834045,85522.07377218273,85526.61488438532,0,8
1486561920000,1486562399999,85526.52415956056,85527.3020499473,85525.75586102485,85526.32919491817,0,8
1486562400000,1486562879999,85526.32147346793,85526.49713498556,85522.88290530711,85524.64384704476,0,8
1486562880000,1486563359999,85524.64384704476,85524.78092489445,85520.21773266637,85522.53724546706,0,8
1486563360000,1486563839999,85522.53531437294,85524.05497011881,85521.4982629583,85524.03373128669,0,8
1486563840000,1486564319999,85523.98932267378,85525.8311491685,85511.82165937098,85516.30752746407,0,8
1486564320000,1486564799999,85516.27854296217,85523.85609565175,85513.25016576945,85517.89961371679,0,8
1486564800000,1486565279999,85518.07155932285,85522.31709833539,85507.32023983964,85511.83132518793,0,8
1486565280000,1486565759999,85511.71340158289,85513.44345272036,85502.1569684395,85511.05609699544,0,8
1486565760000,1486566239999,85511.39635417577,85522.5044168163,85511.39635417577,85521.25298553843,0,8
1486566240000,1486566719999,85520.9285148264,85523.72479771955,85517.27556156824,85523.29420563896,0,8
1486566720000,1486567199999,85523.32896263829,85537.94708236773,85522.88290530711,85535.35920991031,0,8
1486567200000,1486567679999,85535.40935389105,85540.42248260861,85533.82969769926,85534.89825923128,0,8
1486567680000,1486568159999,85534.87704341659,85538.90338437942,85528.47359695137,85530.14286256234,0,8
1486568160000,1486568639999,85530.09655143647,85551.43675092606,85530.01550645015,85549.01415180045,0,8
1486568640000,1486569119999,85548.99874388654,85554.4978611049,85547.89509030088,85549.85962468367,0,8
1486569120000,1486569599999,85549.83458892828,85550.66073576354,85543.09191213462,85550.14849425042,0,8
1486569600000,1486570079999,85550.30833182464,85556.4110603764,85547.67935320428,85551.73327679817,0,8
1486570080000,1486570559999,85551.72172400673,85554.49208630755,85546.42528917313,85549.6593368855,0,8
1486570560000,1486571039999,85550.68962078163,85553.29085596904,85547.09761033715,85551.03816008904,0,8
1486571040000,1486571519999,85551.0362344909,85552.17997449885,85546.13631203274,85550.37573244555,0,8
1486571520000,1486571999999,85550.37573244555,85551.02660649452,85544.49090971467,85547.29217049299,0,8
1486572000000,1486572479999,85547.48480058138,85548.86392362697,85541.4864850553,85545.46970624659,0,8
1486572480000,1486572959999,85545.39071244268,85549.43593422415,85544.93600426699,85546.2865811879,0,8
1486572960000,1486573439999,85546.09970766574,85554.30729103184,85546.08814836411,85553.59502729376,0,8
1486573440000,1486573919999,85553.93961527484,85554.52096026091,85550.38150962048,85552.95972223641,0,8
1486573920000,1486574399999,85552.95972223641,85555.1523165318,85549.81918227841,85554.68457775516,0,8
1486574400000,1486574879999,85554.6961271242,85555.18888777735,85549.53415497452,85549.86540215678,0,8
1486574880000,1486575359999,85549.77488802785,85549.9019927423,85541.81221679288,85541.87581997685,0,8
1486575360000,1486575839999,85541.75439536548,85542.29212173709,85538.92651958541,85540.61524507207,0,8
1486575840000,1486576319999,85540.61524507207,85544.51210514258,85539.69380692623,85543.71435533615,0,8
1486576320000,1486576799999,85544.2596839464,85547.15540087764,85543.4175915834,85546.56399523436,0,8
1486576800000,1486577279999,85546.7104051007,85552.28009365991,85545.99182033094,85550.57600589585,0,8
1486577280000,1486577759999,85550.25248525172,85551.17872775327,85546.28465467457,85547.54644142599,0,8
1486577760000,1486578239999,85547.56570411201,85551.44637852756,85547.03789309444,85550.91492105924,0,8
1486578240000,1486578719999,85550.91492105924,85553.57577621833,85548.94096399787,85551.98165858602,0,8
1486578720000,1486579199999,85551.98165858602,85554.48053670286,85551.44060196777,85554.09554224674,0,8
1486579200000,1486579679999,85554.09554224674,85556.27634001352,85549.4802299761,85555.65082883838,0,8
1486579680000,1486580159999,85555.65082883838,85557.5118501942,85553.23310087489,85554.78852159623,0,8
1486580160000,1486580639999,85554.69805201775,85556.62660918194,85554.48438657259,85555.34864480808,0,8
1486580640000,1486581119999,85555.34864480808,85555.83367461346,85552.35903306093,85555.7104946693,0,8
1486581120000,1486581599999,85555.38714009656,85561.93110965635,85554.6691785757,85561.31941744815,0,8
1486581600000,1486582079999,85561.46368785012,85561.46368785012,85557.91980445565,85557.95444131513,0,8
1486582080000,1486582559999,85558.01601765795,85560.1382454818,85555.69702177086,85559.74769702378,0,8
1486582560000,1486583039999,85559.88429452432,85560.64035680228,85556.25901869235,85559.36867728614,0,8
1486583040000,1486583519999,85559.5437592548,85559.63610894846,85556.03191415015,85557.9659869083,0,8
1486583520000,1486583999999,85557.76971001162,85559.58993420823,85556.20512994565,85556.20512994565,0,8
1486584000000,1486584479999,85556.17433624575,85556.17433624575,85549.86540215678,85555.22353409714,0,8
1486584480000,1486584959999,85555.22353409714,85559.46487654942,85555.22353409714,85557.58305095756,0,8
1486584960000,1486585439999,85558.07182089113,85559.9939559562,85556.31483173098,85557.76971001162,0,8
1486585440000,1486585919999,85557.76971001162,85565.29474814096,85557.67541875997,85564.20827622479,0,8
1486585920000,1486586399999,85564.20827622479,85564.71018323112,85561.68682197278,85563.52748853392,0,8
1486586400000,1486586879999,85564.09866099825,85565.68123446408,85560.00934693811,85561.25593781187,0,8
1486586880000,1486587359999,85561.25593781187,85565.32935946542,85558.94731360891,85558.97809877098,0,8
1486598400000,1486598879999,85552.65168101278,85552.65168101278,85552.65168101278,85552.65168101278,0,8
1486598880000,1486599359999,85552.65168101278,85552.65168101278,85552.65168101278,85552.65168101278,0,8
1486599360000,1486599839999,85552.65168101278,85552.65168101278,85552.65168101278,85552.65168101278,0,8
1486599840000,1486600319999,85552.65168101278,85552.65168101278,85552.65168101278,85552.65168101278,0,8
1486600320000,1486600799999,85552.65168101278,85552.65168101278,85552.65168101278,85552.65168101278,0,8
1486600800000,1486601279999,85552.65168101278,85552.65168101278,85552.65168101278,85552.65168101278,0,8
1486601280000,1486601759999,85552.65168101278,85552.65168101278,85552.65168101278,85552.65168101278,0,8
1486601760000,1486602239999,85552.65168101278,85552.65168101278,85552.65168101278,85552.65168101278,0,8
1486602240000,1486602719999,85552.65168101278,85552.65168101278,85552.65168101278,85552.65168101278,0,8
1486602720000,1486603199999,85552.65168101278,85552.65168101278,85552.65168101278,85552.65168101278,0,8
1486603200000,1486603679999,85552.65168101278,85552.65168101278,85552.65168101278,85552.65168101278,0,8
1486603680000,1486604159999,85552.65168101278,85552.65168101278,85552.65168101278,85552.65168101278,0,8
1486604160000,1486604639999,85552.65168101278,85552.65168101278,85552.65168101278,85552.65168101278,0,8
1486604640000,1486605119999,85552.65168101278,85552.65168101278,85552.65168101278,85552.65168101278,0,8
1486605120000,1486605599999,85552.65168101278,85552.65168101278,85552.65168101278,85552.65168101278,0,8
1486605600000,1486606079999,85552.65168101278,85552.65168101278,85552.65168101278,85552.65168101278,0,8
1486606080000,1486606559999,85552.65168101278,85552.65168101278,85552.65168101278,85552.65168101278,0,8
1486606560000,1486607039999,85552.65168101278,85552.65168101278,85552.65168101278,85552.65168101278,0,8
1486607040000,1486607519999,85552.65168101278,85552.65168101278,85552.65168101278,85552.65168101278,0,8
1486607520000,1486607999999,85552.65168101278,85552.65168101278,85552.65168101278,85552.65168101278,0,8
1486608000000,1486608479999,85552.65168101278,85552.65168101278,85552.65168101278,85552.65168101278,0,8
1486608480000,1486608959999,85552.65168101278,85552.65168101278,85552.65168101278,85552.65168101278,0,8
1486608960000,1486609439999,85552.65168101278,85552.65168101278,85552.65168101278,85552.65168101278,0,8
1486609440000,1486609919999,85552.65168101278,85552.65168101278,85552.65168101278,85552.65168101278,0,8
1486609920000,1486610399999,85552.65168101278,85552.65168101278,85552.65168101278,85552.65168101278,0,8
1486610400000,1486610879999,85552.65168101278,85552.65168101278,85552.65168101278,85552.65168101278,0,8
1486610880000,1486611359999,85552.65168101278,85552.65168101278,85552.65168101278,85552.65168101278,0,8
1486611360000,1486611839999,85552.65168101278,85552.65168101278,85552.65168101278,85552.65168101278,0,8
1486611840000,1486612319999,85552.65168101278,85552.65168101278,85552.65168101278,85552.65168101278,0,8
1486612320000,1486612799999,85552.65168101278,85552.65168101278,85552.65168101278,85552.65168101278,0,8
1486612800000,1486613279999,85552.65168101278,85552.65168101278,85552.65168101278,85552.65168101278,0,8
1486613280000,1486613759999,85552.65168101278,85552.65168101278,85552.65168101278,85552.65168101278,0,8
1486613760000,1486614239999,85552.65168101278,85552.65168101278,85552.65168101278,85552.65168101278,0,8
1486614240000,1486614719999,85552.65168101278,85552.65168101278,85552.65168101278,85552.65168101278,0,8
1486614720000,1486615199999,85552.65168101278,85552.65168101278,85552.65168101278,85552.65168101278,0,8
1486615200000,1486615679999,85552.65168101278,85552.65168101278,85552.65168101278,85552.65168101278,0,8
1486615680000,1486616159999,85552.65168101278,85552.65168101278,85552.65168101278,85552.65168101278,0,8
1486616160000,1486616639999,85552.65168101278,85552.65168101278,85552.65168101278,85552.65168101278,0,8
1486616640000,1486617119999,85552.65168101278,85552.65168101278,85552.65168101278,85552.65168101278,0,8
1486617120000,1486617599999,85552.65168101278,85552.65168101278,85552.65168101278,85552.65168101278,0,8
1486617600000,1486618079999,85552.65168101278,85552.65168101278,85552.65168101278,85552.65168101278,0,8
1486618080000,1486618559999,85552.65168101278,85552.65168101278,85552.65168101278,85552.65168101278,0,8
1486618560000,1486619039999,85552.65168101278,85552.65168101278,85552.65168101278,85552.65168101278,0,8
1486619040000,1486619519999,85552.65168101278,85552.65168101278,85552.65168101278,85552.65168101278,0,8
1486619520000,1486619999999,85552.65168101278,85552.65168101278,85552.65168101278,85552.65168101278,0,8
1486620000000,1486620479999,85552.65168101278,85552.65168101278,85552.65168101278,85552.65168101278,0,8
1486620480000,1486620959999,85552.65168101278,85552.65168101278,85552.65168101278,85552.65168101278,0,8
1486620960000,1486621439999,85552.65168101278,85552.65168101278,85552.65168101278,85552.65168101278,0,8
1486621440000,1486621919999,85552.65168101278,85552.65168101278,85552.65168101278,85552.65168101278,0,8
1486621920000,1486622399999,85552.65168101278,85552.65168101278,85552.65168101278,85552.65168101278,0,8
1486622400000,1486622879999,85552.65168101278,85552.65168101278,85552.65168101278,85552.65168101278,0,8
1486622880000,1486623359999,85552.65168101278,85552.65168101278,85552.65168101278,85552.65168101278,0,8
1486623360000,1486623839999,85552.65168101278,85553.4660443808,85551.3789851225,85553.46026898759,0,8
1486623840000,1486624319999,85553.38903886355,85554.05511696897,85552.4764783336,85554.05511696897,0,8
1486624320000,1486624799999,85553.9915912023,85554.14366736433,85551.88731274207,85551.97203149987,0,8
1486624800000,1486625279999,85551.88731274207,85553.85106307255,85551.55420703095,85553.67010613375,0,8
1486625280000,1486625759999,85553.3697873916,85553.3697873916,85551.72557493868,85552.709439465,0,8
1486625760000,1486626239999,85552.76527231839,85553.83181249003,85552.4071665362,85552.50920873758,0,8
1486626240000,1486626719999,85552.69018668465,85553.6797315853,85552.12221298843,85553.6797315853,0,8
1486626720000,1486627199999,85553.70090754607,85554.04356685959,85552.43412118117,85552.59777282304,0,8
1486627200000,1486627679999,85552.59777282304,85558.7241183494,85552.59777282304,85557.1943271052,0,8
1486627680000,1486628159999,85556.67472212034,85557.49837972248,85555.31207414677,85557.17508295759,0,8
1486628160000,1486628639999,85557.17508295759,85558.81262741043,85556.37834274085,85558.76644886762,0,8
1486628640000,1486629119999,85558.9819469096,85559.82272968462,85556.32637921732,85557.60614298815,0,8
1486629120000,1486629599999,85557.6042186543,85558.8241720128,85552.9231428376,85552.9231428376,0,8
1486629600000,1486630079999,85552.9231428376,85555.47375395379,85549.84036641585,85550.76472143817,0,8
1486630080000,1486630559999,85550.72620835142,85555.49685085568,85548.68287641909,85553.73940917806,0,8
1486630560000,1486631039999,85553.7971613481,85557.25590812869,85553.4949212969,85556.43992878945,0,8
1486631040000,1486631519999,85556.43992878945,85556.43992878945,85553.18112100496,85554.26686661007,0,8
1486631520000,1486631999999,85554.14366736433,85554.77504745555,85552.68633612414,85553.85106307255,0,8
1486632000000,1486632479999,85554.20719216496,85555.92798323264,85553.19652247608,85554.96945829784,0,8
1486632480000,1486632959999,85554.96368377285,85554.96368377285,85552.26084005293,85553.91458973194,0,8
1486632960000,1486633439999,85553.87223867052,85555.90296266525,85553.64507991639,85555.56229178804,0,8
1486633440000,1486633919999,85555.56806596737,85556.86717155906,85554.94828502317,85555.0310530238,0,8
1486633920000,1486634399999,85555.0310530238,85555.0310530238,85551.61389730964,85553.09833769135,0,8
1486634400000,1486634879999,85553.09833769135,85553.93961527484,85551.40401701168,85553.56615066672,0,8
1486634880000,1486635359999,85553.64507991639,85554.99255636454,85552.5496402652,85554.29381624273,0,8
1486635360000,1486635839999,85554.2302919924,85555.8509966714,85553.49877154609,85553.53727395633,0,8
1486635840000,1486636319999,85553.48337054047,85555.94915443307,85553.48337054047,85555.46413022892,0,8
1486636320000,1486636799999,85555.46413022892,85557.29247168197,85555.07339917781,85555.36211817591,0,8
1486636800000,1486637279999,85555.36404294125,85555.41793622062,85551.77756237506,85552.01246519943,0,8
1486637280000,1486637759999,85552.01246519943,85554.95790924448,85551.25960140437,85554.89053950076,0,8
1486637760000,1486638239999,85554.89053950076,85556.51883535994,85554.5055608295,85555.10034663699,0,8
1486638240000,1486638719999,85555.06762471281,85560.55955898152,85554.20141719976,85560.47106538115,0,8
1486638720000,1486639199999,85560.06129132722,85563.6582649071,85559.37829725411,85562.86396440702,0,8
1486639200000,1486639679999,85562.57930867792,85569.81627999456,85560.97508367672,85569.58179501965,0,8
1486639680000,1486640159999,85569.39151218729,85570.86562899554,85566.94442138252,85570.25063927432,0,8
1486640160000,1486640639999,85570.25063927432,85570.46973369941,85568.52846681872,85569.20699204344,0,8
1486640640000,1486641119999,85569.20699204344,85569.5202898537,85566.87520979288,85566.91942836375,0,8
1486641120000,1486641599999,85566.87520979288,85567.1712782347,85564.13135338454,85565.31589952014,0,8
1486641600000,1486642079999,85565.31589952014,85566.7117916388,85563.11783970772,85565.04861971231,0,8
1486642080000,1486642559999,85565.25244524842,85565.42742423412,85563.47748535103,85564.03712209885,0,8
1486642560000,1486643039999,85564.03712209885,85564.98324083014,85562.76972117776,85562.99090286304,0,8
1486643040000,1486643519999,85563.1082233365,85563.60633919894,85562.11768756837,85562.52545397982,0,8
1486643520000,1486643999999,85562.51006686993,85563.10245350935,85558.11800264173,85558.74143540124,0,8
1486644000000,1486644479999,85558.8241720128,85559.66496805284,85556.66509955119,85559.53029151988,0,8
1486644480000,1486644959999,85559.54568321545,85560.77117093751,85558.45858646593,85559.88621841946,0,8
1486644960000,1486645439999,85560.0401288309,85562.65432009552,85560.0401288309,85560.74616248514,0,8
1486645440000,1486645919999,85560.66536551926,85561.32518830418,85556.17818546342,85556.89988759533,0,8
1486645920000,1486646399999,85557.32518632684,85557.88901603542,85553.68935702757,85555.93375720084,0,8
1486646400000,1486646879999,85555.83752396225,85558.82994430899,85555.30052548912,85558.28540969978,0,8
1486646880000,1486647359999,85558.28540969978,85559.05506126159,85556.60736394177,85557.40985902837,0,8
1486647360000,1486647839999,85557.40985902837,85557.68696467529,85551.95855356369,85552.7575712537,0,8
1486647840000,1486648319999,85552.7922259981,85558.1949717521,85543.67388807026,85555.20043656396,0,8
1486648320000,1486648799999,85555.20043656396,85557.65040256441,85553.33705980418,85556.66894857996,0,8
1486648800000,1486649279999,85556.71513680968,85559.14741546845,85556.57079788341,85558.25462240516,0,8
1486649280000,1486649759999,85558.25462240516,85558.26809185822,85555.9202846032,85556.36102159636,0,8
1486649760000,1486650239999,85556.36679531452,85558.66639462668,85555.58731320781,85558.66639462668,0,8
1486650240000,1486650719999,85558.76644886762,85560.53647376997,85550.99387123754,85556.38604101767,0,8
1486650720000,1486651199999,85555.616183999,85570.03922782227,85555.23123326301,85567.08092061365,0,8
1486651200000,1486651679999,85567.19050315513,85572.52399088562,85565.1063066063,85566.27920128094,0,8
1486651680000,1486652159999,85566.27920128094,85572.7833853111,85557.73122389385,85568.03059608104,0,8
1486652160000,1486652639999,85568.03059608104,85568.77066524228,85560.42489449614,85561.0039389172,0,8
1486652640000,1486653119999,85561.19438141612,85568.28818480836,85552.34170495311,85563.9255818784,0,8
1486653120000,1486653599999,85564.2178915382,85567.75185453566,85558.50284226949,85565.40627309085,0,8
1486653600000,1486654079999,85565.40627309085,85578.5613328829,85565.31205381818,85573.48851985326,0,8
1486654080000,1486654559999,85573.42319612711,85580.82511670065,85568.31125213188,85570.65230872022,0,8
1486654560000,1486655039999,85570.65230872022,85574.40877052711,85566.9655692727,85574.00917312146,0,8
1486655040000,1486655519999,85573.96882826515,85580.3892965461,85572.72382126037,85577.91800987931,0,8
1486655520000,1486655999999,85577.91800987931,85580.44305512514,85573.49812624759,85578.8301720259,0,8
1486656000000,1486656479999,85578.8301720259,85580.25297885366,85575.53831528912,85579.83633438719,0,8
1486656480000,1486656959999,85579.67312790592,85585.53728896196,85576.90973385282,85584.39927720929,0,8
1486656960000,1486657439999,85584.39927720929,85593.06064394268,85583.29184633742,85592.97819010892,0,8
1486657440000,1486657919999,85592.97819010892,85599.90385943979,85592.91107602138,85598.98020290904,0,8
1486657920000,1486658399999,85598.98020290904,85600.33691382995,85597.87055248515,85599.42287882176,0,8
1486658400000,1486658879999,85599.42287882176,85603.27773842578,85597.49680830151,85597.60222474196,0,8
1486658880000,1486659359999,85595.76015208493,85601.19913442788,85594.80352056207,85600.17020927151,0,8
1486659360000,1486659839999,85600.19128701283,85600.33499770137,85596.15504743003,85596.70710798661,0,8
1486659840000,1486660319999,85596.73202666784,85596.95820878088,85592.3990765858,85596.95820878088,0,8
1486660320000,1486660799999,85597.08471518948,85598.8345563331,85592.98010764766,85593.25047692897,0,8
1486660800000,1486661279999,85593.24280697916,85594.45266883112,85579.26029962215,85589.73510596696,0,8
1486661280000,1486661759999,85589.73510596696,85591.95417189506,85587.51554750417,85589.22102563258,0,8
1486661760000,1486662239999,85589.22102563258,85591.84486038593,85586.48137580331,85587.6095578102,0,8
1486662240000,1486662719999,85587.48868725442,85588.78365289982,85581.56423961933,85582.62963237162,0,8
1486662720000,1486663199999,85582.62963237162,85588.75871440438,85581.18028648,85588.14674260515,0,8
1486663200000,1486663679999,85588.14674260515,85589.40517684988,85585.52577515769,85588.51891800493,0,8
1486663680000,1486664159999,85588.51891800493,85592.33962925994,85587.80141283532,85592.24758109036,0,8
1486664160000,1486664639999,85592.24758109036,85594.83227835482,85590.8763465773,85590.8763465773,0,8
1486664640000,1486665119999,85590.90127979223,85594.05578892068,85589.38983104462,85589.39750395021,0,8
1486665120000,1486665599999,85589.39750395021,85590.52535703128,85587.93187214997,85588.27527897399,0,8
1486665600000,1486666079999,85588.30021867507,85594.26477595764,85588.27527897399,85593.66464548183,0,8
1486666080000,1486666559999,85593.66464548183,85596.20105364049,85593.09515929913,85595.76398609528,0,8
1486666560000,1486667039999,85595.44767529899,85597.89546826741,85594.97031460889,85595.96143564141,0,8
1486667040000,1486667519999,85596.13204424543,85598.45318222298,85594.94922586007,85598.10629163233,0,8
1486667520000,1486667999999,85598.05837762148,85600.18937085637,85596.54225976199,85599.08560371332,0,8
1486668000000,1486668479999,85599.08560371332,85600.55343399262,85597.17863557892,85598.67932541034,0,8
1486668480000,1486668959999,85598.67932541034,85601.22021000058,85596.41958024976,85600.27368139353,0,8
1486668960000,1486669439999,85600.27368139353,85604.68366427145,85599.67966019754,85600.41355867135,0,8
1486669440000,1486669919999,85600.41355867135,85602.96166521209,85596.52692490527,85599.50144695773,0,8
1486669920000,1486670399999,85599.50144695773,85602.25669017616,85599.43437663632,85600.35990734404,0,8
1486670400000,1486670879999,85600.35990734404,85603.16088828044,85600.35990734404,85602.58811126093,0,8
1486670880000,1486671359999,85602.52489305785,85604.245051945,85599.49186551078,85600.43463589976,0,8
1486671360000,1486671839999,85600.20661625135,85601.00178827382,85595.0239948598,85595.1754483,0,8
1486671840000,1486672319999,85595.1754483,85595.6604672997,85589.24020820926,85590.03625269343,0,8
1486672320000,1486672799999,85589.35338466277,85594.08263153686,85588.22731783555,85592.32045262781,0,8
1486672800000,1486673279999,85592.32045262781,85592.95326207184,85584.76199653336,85584.76199653336,0,8
1486673280000,1486673759999,85584.64684896696,85593.50741684741,85584.10563764378,85591.76239652692,0,8
1486684800000,1486685279999,85615.61593990984,85615.61593990984,85615.61593990984,85615.61593990984,0,8
1486685280000,1486685759999,85615.61593990984,85615.61593990984,85615.61593990984,85615.61593990984,0,8
1486685760000,1486686239999,85615.61593990984,85615.61593990984,85615.61593990984,85615.61593990984,0,8
1486686240000,1486686719999,85615.61593990984,85615.61593990984,85615.61593990984,85615.61593990984,0,8
1486686720000,1486687199999,85615.61593990984,85615.61593990984,85615.61593990984,85615.61593990984,0,8
1486687200000,1486687679999,85615.61593990984,85615.61593990984,85615.61593990984,85615.61593990984,0,8
1486687680000,1486688159999,85615.61593990984,85615.61593990984,85615.61593990984,85615.61593990984,0,8
1486688160000,1486688639999,85615.61593990984,85615.61593990984,85615.61593990984,85615.61593990984,0,8
1486688640000,1486689119999,85615.61593990984,85615.61593990984,85615.61593990984,85615.61593990984,0,8
1486689120000,1486689599999,85615.61593990984,85615.61593990984,85615.61593990984,85615.61593990984,0,8
1486689600000,1486690079999,85615.61593990984,85615.61593990984,85615.61593990984,85615.61593990984,0,8
1486690080000,1486690559999,85615.61593990984,85615.61593990984,85615.61593990984,85615.61593990984,0,8
1486690560000,1486691039999,85615.61593990984,85615.61593990984,85615.61593990984,85615.61593990984,0,8
1486691040000,1486691519999,85615.61593990984,85615.61593990984,85615.61593990984,85615.61593990984,0,8
1486691520000,1486691999999,85615.61593990984,85615.61593990984,85615.61593990984,85615.61593990984,0,8
1486692000000,1486692479999,85615.61593990984,85615.61593990984,85615.61593990984,85615.61593990984,0,8
1486692480000,1486692959999,85615.61593990984,85615.61593990984,85615.61593990984,85615.61593990984,0,8
1486692960000,1486693439999,85615.61593990984,85615.61593990984,85615.61593990984,85615.61593990984,0,8
1486693440000,1486693919999,85615.61593990984,85615.61593990984,85615.61593990984,85615.61593990984,0,8
1486693920000,1486694399999,85615.61593990984,85615.61593990984,85615.61593990984,85615.61593990984,0,8
1486694400000,1486694879999,85615.61593990984,85615.61593990984,85615.61593990984,85615.61593990984,0,8
1486694880000,1486695359999,85615.61593990984,85615.61593990984,85615.61593990984,85615.61593990984,0,8
1486695360000,1486695839999,85615.61593990984,85615.61593990984,85615.61593990984,85615.61593990984,0,8
1486695840000,1486696319999,85615.61593990984,85615.61593990984,85615.61593990984,85615.61593990984,0,8
1486696320000,1486696799999,85615.61593990984,85615.61593990984,85615.61593990984,85615.61593990984,0,8
1486696800000,1486697279999,85615.61593990984,85615.61593990984,85615.61593990984,85615.61593990984,0,8
1486697280000,1486697759999,85615.61593990984,85615.61593990984,85615.61593990984,85615.61593990984,0,8
1486697760000,1486698239999,85615.61593990984,85615.61593990984,85615.61593990984,85615.61593990984,0,8
1486698240000,1486698719999,85615.61593990984,85615.61593990984,85615.61593990984,85615.61593990984,0,8
1486698720000,1486699199999,85615.61593990984,85615.61593990984,85615.61593990984,85615.61593990984,0,8
1486699200000,1486699679999,85615.61593990984,85615.61593990984,85615.61593990984,85615.61593990984,0,8
1486699680000,1486700159999,85615.61593990984,85615.61593990984,85615.61593990984,85615.61593990984,0,8
1486700160000,1486700639999,85615.61593990984,85615.61593990984,85615.61593990984,85615.61593990984,0,8
1486700640000,1486701119999,85615.61593990984,85615.61593990984,85615.61593990984,85615.61593990984,0,8
1486701120000,1486701599999,85615.61593990984,85615.61593990984,85615.61593990984,85615.61593990984,0,8
1486701600000,1486702079999,85615.61593990984,85615.61593990984,85615.61593990984,85615.61593990984,0,8
1486702080000,1486702559999,85615.61593990984,85615.61593990984,85615.61593990984,85615.61593990984,0,8
1486702560000,1486703039999,85615.61593990984,85615.61593990984,85615.61593990984,85615.61593990984,0,8
1486703040000,1486703519999,85615.61593990984,85615.61593990984,85615.61593990984,85615.61593990984,0,8
1486703520000,1486703999999,85615.61593990984,85615.61593990984,85615.61593990984,85615.61593990984,0,8
1486704000000,1486704479999,85615.61593990984,85615.61593990984,85615.61593990984,85615.61593990984,0,8
1486704480000,1486704959999,85615.61593990984,85615.61593990984,85615.61593990984,85615.61593990984,0,8
1486704960000,1486705439999,85615.61593990984,85615.61593990984,85615.61593990984,85615.61593990984,0,8
1486705440000,1486705919999,85615.61593990984,85615.61593990984,85615.61593990984,85615.61593990984,0,8
1486705920000,1486706399999,85615.61593990984,85615.61593990984,85615.61593990984,85615.61593990984,0,8
1486706400000,1486706879999,85615.61593990984,85615.61593990984,85615.61593990984,85615.61593990984,0,8
1486706880000,1486707359999,85615.61593990984,85615.61593990984,85615.61593990984,85615.61593990984,0,8
1486707360000,1486707839999,85615.61593990984,85615.61593990984,85615.61593990984,85615.61593990984,0,8
1486707840000,1486708319999,85615.61593990984,85615.61593990984,85615.61593990984,85615.61593990984,0,8
1486708320000,1486708799999,85615.61593990984,85615.61593990984,85615.61593990984,85615.61593990984,0,8
1486708800000,1486709279999,85615.61593990984,85615.61593990984,85615.61593990984,85615.61593990984,0,8
1486709280000,1486709759999,85615.61593990984,85615.61593990984,85615.61593990984,85615.61593990984,0,8
1486709760000,1486710239999,85615.61593990984,85617.32619709536,85614.35888656178,85617.10621396138,0,8
1486710240000,1486710719999,85616.94361462153,85618.76266362736,85616.66049416734,85616.74083997571,0,8
1486710720000,1486711199999,85616.70449314237,85617.37784460798,85615.32704209039,85616.94361462153,0,8
1486711200000,1486711679999,85616.97613470102,85620.06697245741,85616.45962682215,85618.18504143764,0,8
1486711680000,1486712159999,85618.12765992805,85618.52167299518,85615.39591914944,85618.1467871345,0,8
1486712160000,1486712639999,85617.94977515588,85619.06293747904,85616.82692405404,85618.87168129119,0,8
1486712640000,1486713119999,85618.80282816809,85619.75525429267,85615.62550592005,85616.50362668096,0,8
1486713120000,1486713599999,85616.53614819133,85617.1425593346,85615.15484736723,85616.44814856625,0,8
1486713600000,1486714079999,85616.44814856625,85617.49644159038,85613.17248123456,85614.24981968914,0,8
1486714080000,1486714559999,85614.27278123487,85615.89335049062,85610.31879138564,85614.44690457408,0,8
1486714560000,1486715039999,85614.44690457408,85614.67459975072,85610.65377369334,85613.2050135801,0,8
1486715040000,1486715519999,85613.05766034557,85613.20692724419,85609.80002521056,85611.078706532,0,8
1486715520000,1486715999999,85611.23948722178,85611.94000148757,85609.86511174215,85610.88921168602,0,8
1486716000000,1486716479999,85610.86815648148,85612.31703393415,85607.4470540663,85607.96977165024,0,8
1486716480000,1486716959999,85607.75532671605,85610.91026684623,85607.1655794341,85609.3252635772,0,8
1486716960000,1486717439999,85609.28697536651,85609.39418198698,85604.76793692565,85608.35461218799,0,8
1486717440000,1486717919999,85608.5652151673,85613.22606386492,85607.55619515941,85611.93808758103,0,8
1486717920000,1486718399999,85611.88449804892,85612.94475185245,85610.12928213897,85610.74373845872,0,8
1486718400000,1486718879999,85610.70162739271,85610.75905152969,85606.10854272827,85608.08273632878,0,8
1486718880000,1486719359999,85608.10571203943,85609.57796209105,85606.30195815848,85607.86254975799,0,8
1486719360000,1486719839999,85607.7170324939,85608.95577622553,85605.57998247267,85606.36515248824,0,8
1486719840000,1486720319999,85606.36515248824,85606.577712303,85603.92326298222,85605.93618919287,0,8
1486720320000,1486720799999,85605.95916983589,85611.00214339019,85605.66807778872,85609.17019541851,0,8
1486720800000,1486721279999,85609.80576815688,85610.94280655208,85607.83191472046,85610.62888967915,0,8
1486721280000,1486721759999,85610.63463214948,85610.78202109215,85606.02811144809,85606.95494697566,0,8
1486721760000,1486722239999,85606.78835270728,85608.08465097335,85605.79638914332,85606.35940756566,0,8
1486722240000,1486722719999,85606.3191930153,85606.692607619,85604.99393735583,85604.99393735583,0,8
1486722720000,1486723199999,85604.99393735583,85606.1372680287,85602.59577404628,85602.7873417714,0,8
1486723200000,1486723679999,85602.7873417714,85605.0628856228,85600.68755917548,85601.10141982866,0,8
1486723680000,1486724159999,85601.15315120602,85603.29880961815,85597.87055248515,85599.09326918304,0,8
1486724160000,1486724639999,85599.17375626016,85603.67999897689,85599.00128315878,85603.2662450294,0,8
1486724640000,1486725119999,85603.2662450294,85603.41565815189,85596.9102892688,85599.19483610187,0,8
1486725120000,1486725599999,85599.35197533989,85601.28152050496,85599.07985460719,85599.71415271584,0,8
1486725600000,1486726079999,85599.68732521188,85601.32750313655,85599.10285101189,85601.28343645216,0,8
1486726080000,1486726559999,85601.2125461611,85602.41186557752,85600.71630005207,85602.15707013082,0,8
1486726560000,1486727039999,85602.19155410497,85602.80075137474,85601.07076407137,85601.23170574878,0,8
1486727040000,1486727519999,85601.23170574878,85601.67619787827,85598.91312909151,85599.64133503768,0,8
1486727520000,1486727999999,85599.64133503768,85602.02296465648,85599.64133503768,85600.2085324045,0,8
1486728000000,1486728479999,85600.25451997024,85602.38121383723,85599.88852973716,85601.77773856664,0,8
1486728480000,1486728959999,85601.76432759143,85603.95965630091,85601.50951564503,85602.0459542941,0,8
1486728960000,1486729439999,85602.05936489164,85603.31604965162,85601.19147057226,85602.30841557748,0,8
1486729440000,1486729919999,85602.32182582303,85605.60679417275,85601.53250646307,85605.57615222393,0,8
1486729920000,1486730399999,85605.55125557136,85606.62367058783,85604.3657201365,85606.5662226988,0,8
1486730400000,1486730879999,85606.27706331287,85606.61792581376,85604.8885988078,85605.95150962743,0,8
1486730880000,1486731359999,85605.8423510191,85606.60643625577,85603.61870317599,85606.34791771063,0,8
1486731360000,1486731839999,85606.33259788337,85607.20770539339,85604.38487368378,85605.65658713934,0,8
1486731840000,1486732319999,85605.64892669908,85605.66807778872,85601.31792343906,85602.62642512891,0,8
1486732320000,1486732799999,85602.34673051709,85605.07820739535,85602.233701023,85602.28159503241,0,8
1486732800000,1486733279999,85602.24902713097,85604.1186360874,85602.24902713097,85603.48844835158,0,8
1486733280000,1486733759999,85603.40608045462,85605.96491498838,85602.52297734849,85604.47489486462,0,8
1486733760000,1486734239999,85604.44616478856,85604.52852411907,85600.55343399262,85603.93284018419,0,8
1486734240000,1486734719999,85603.93284018419,85603.93284018419,85600.70671976903,85600.81018633985,0,8
1486734720000,1486735199999,85600.50361560938,85604.18759038966,85600.26410068649,85602.80266703089,0,8
1486735200000,1486735679999,85602.80266703089,85607.00856293146,85602.01146981787,85605.91703861668,0,8
1486735680000,1486736159999,85606.16599324663,85607.63469941966,85605.99747079023,85607.57151311224,0,8
1486736160000,1486736639999,85607.59640473557,85608.85622289452,85606.48962500006,85608.54989873654,0,8
1486736640000,1486737119999,85608.7719846865,85609.97231216483,85594.80352056207,85605.83852087085,0,8
1486737120000,1486737599999,85605.83852087085,85609.34823643324,85594.993320466,85599.79463479582,0,8
1486737600000,1486738079999,85599.79463479582,85606.99707382228,85595.95185080201,85603.43481351898,0,8
1486738080000,1486738559999,85603.43481351898,85604.93456485611,85591.73554768188,85592.44701772023,0,8
1486738560000,1486739039999,85592.44701772023,85598.84988765152,85589.24212646492,85597.60222474196,0,8
1486739040000,1486739519999,85595.76015208493,85597.81113767694,85586.93995493145,85590.51001294494,0,8
1486739520000,1486739999999,85590.69989435632,85603.91368577107,85590.01515353669,85596.91220605369,0,8
1486740000000,1486740479999,85596.71860892413,85605.32718290901,85595.57036673502,85604.4097732404,0,8
1486740480000,1486740959999,85604.4097732404,85613.41168718564,85602.27584776339,85611.77157630894,0,8
1486740960000,1486741439999,85611.77157630894,85614.15797297901,85608.40439147428,85613.882427787,0,8
1486741440000,1486741919999,85612.04143801056,85615.44183692524,85610.37813192655,85612.44526000398,0,8
1486741920000,1486742399999,85612.44526000398,85612.44526000398,85606.49153994968,85609.86894034848,0,8
1486742400000,1486742879999,85609.86894034848,85610.27476430516,85603.42715137654,85607.54087718311,0,8
1486742880000,1486743359999,85607.55236566754,85613.40785993547,85606.02619640973,85612.59262226261,0,8
1486743360000,1486743839999,85612.59262226261,85615.00560954203,85608.40439147428,85610.44512888824,0,8
1486743840000,1486744319999,85610.44512888824,85612.98685347353,85605.15098549434,85611.14761285845,0,8
1486744320000,1486744799999,85611.14761285845,85611.4308894344,85601.47311340834,85604.1205514911,0,8
1486744800000,1486745279999,85604.1205514911,85611.64908348817,85603.95199456062,85611.34858693194,0,8
1486745280000,1486745759999,85611.4308894344,85613.49971353538,85610.16565287893,85612.29789557375,0,8
1486745760000,1486746239999,85612.29789557375,85613.54946721638,85607.42024729981,85608.81793288793,0,8
1486746240000,1486746719999,85608.81793288793,85617.69537530567,85608.33738083884,85616.86709637032,0,8
1486746720000,1486747199999,85616.93978872288,85619.18533951964,85612.23282487443,85615.29834317579,0,8
1486747200000,1486747679999,85615.29834317579,85617.8483985476,85612.35531054506,85617.8483985476,0,8
1486747680000,1486748159999,85617.93447309219,85620.77834193957,85614.72243421288,85617.48305167892,0,8
1486748160000,1486748639999,85617.34341296255,85619.86617352627,85616.44814856625,85619.64624626098,0,8
1486748640000,1486749119999,85619.64624626098,85620.49915457367,85615.93543969946,85619.09545066721,0,8
1486749120000,1486749599999,85619.0878005148,85623.09376687676,85618.06836535558,85620.92558145209,0,8
1486749600000,1486750079999,85620.92558145209,85624.0973972476,85619.23697743117,85622.7171405368,0,8
1486750080000,1486750559999,85622.7171405368,85627.01977749263,85622.58904611247,85623.79153961514,0,8
1486750560000,1486751039999,85623.79153961514,85630.14763195998,85623.03258995904,85623.21038433947,0,8
1486751040000,1486751519999,85623.02685460381,85626.59552151714,85621.60629699145,85623.45508541417,0,8
1486751520000,1486751999999,85623.45508541417,85626.08524386579,85622.50301162276,85626.08524386579,0,8
1486752000000,1486752479999,85626.33560806449,85629.07582622899,85622.37300254506,85628.18925482358,0,8
1486752480000,1486752959999,85628.18925482358,85628.84272670848,85622.72861159922,85623.71698539917,0,8
1486752960000,1486753439999,85623.59081545973,85624.15283294205,85618.93097110064,85620.73244866132,0,8
1486753440000,1486753919999,85620.73244866132,85623.34420598159,85618.8506428872,85623.12626696206,0,8
1486753920000,1486754399999,85623.1530316589,85625.1620911668,85622.21431270368,85624.91169758534,0,8
1486754400000,1486754879999,85624.46441405856,85625.03593945903,85618.59626595431,85620.38441777986,0,8
1486754880000,1486755359999,85620.38441777986,85623.18744330671,85620.2696796696,85621.53746269454,0,8
1486755360000,1486755839999,85621.53746269454,85622.03076468609,85618.41456418333,85618.80665335403,0,8
1486755840000,1486756319999,85618.80665335403,85619.91207078028,85615.8302163452,85616.83457593624,0,8
1486756320000,1486756799999,85616.83457593624,85617.3874089329,85614.90994309801,85615.80343204188,0,8
1486756800000,1486757279999,85615.80343204188,85621.69998735646,85615.57767577752,85619.0878005148,0,8
1486757280000,1486757759999,85619.56209889753,85623.27538364645,85616.73510101081,85616.84796671601,0,8
1486757760000,1486758239999,85616.76762176838,85618.2864146332,85613.5647759915,85615.98518126334,0,8
1486758240000,1486758719999,85615.98518126334,85620.16641424476,85614.60571772324,85618.61156700537,0,8
1486758720000,1486759199999,85618.61156700537,85620.4341372188,85617.4715745977,85620.19318686471,0,8
1486759200000,1486759679999,85620.19318686471,85620.74774644415,85615.79960570697,85616.15353548982,0,8
1486759680000,1486760159999,85616.15353548982,85618.1448744155,85613.96279591897,85615.14336761361,0,8
1486944000000,1486944479999,85622.13592281667,85622.13592281667,85622.13592281667,85622.13592281667,0,8
1486944480000,1486944959999,85622.13592281667,85622.13592281667,85622.13592281667,85622.13592281667,0,8
1486944960000,1486945439999,85622.13592281667,85622.13592281667,85622.13592281667,85622.13592281667,0,8
1486945440000,1486945919999,85622.13592281667,85622.13592281667,85622.13592281667,85622.13592281667,0,8
1486945920000,1486946399999,85622.13592281667,85622.13592281667,85622.13592281667,85622.13592281667,0,8
1486946400000,1486946879999,85622.13592281667,85622.13592281667,85622.13592281667,85622.13592281667,0,8
1486946880000,1486947359999,85622.13592281667,85622.13592281667,85622.13592281667,85622.13592281667,0,8
1486947360000,1486947839999,85622.13592281667,85622.13592281667,85622.13592281667,85622.13592281667,0,8
1486947840000,1486948319999,85622.13592281667,85622.13592281667,85622.13592281667,85622.13592281667,0,8
1486948320000,1486948799999,85622.13592281667,85622.13592281667,85622.13592281667,85622.13592281667,0,8
1486948800000,1486949279999,85622.13592281667,85622.13592281667,85622.13592281667,85622.13592281667,0,8
1486949280000,1486949759999,85622.13592281667,85622.13592281667,85622.13592281667,85622.13592281667,0,8
1486949760000,1486950239999,85622.13592281667,85622.13592281667,85622.13592281667,85622.13592281667,0,8
1486950240000,1486950719999,85622.13592281667,85622.13592281667,85622.13592281667,85622.13592281667,0,8
1486950720000,1486951199999,85622.13592281667,85622.13592281667,85622.13592281667,85622.13592281667,0,8
1486951200000,1486951679999,85622.13592281667,85622.13592281667,85622.13592281667,85622.13592281667,0,8
1486951680000,1486952159999,85622.13592281667,85622.13592281667,85622.13592281667,85622.13592281667,0,8
1486952160000,1486952639999,85622.13592281667,85622.13592281667,85622.13592281667,85622.13592281667,0,8
1486952640000,1486953119999,85622.13592281667,85622.13592281667,85622.13592281667,85622.13592281667,0,8
1486953120000,1486953599999,85622.13592281667,85622.13592281667,85622.13592281667,85622.13592281667,0,8
1486953600000,1486954079999,85622.13592281667,85622.13592281667,85622.13592281667,85622.13592281667,0,8
1486954080000,1486954559999,85622.13592281667,85622.13592281667,85622.13592281667,85622.13592281667,0,8
1486954560000,1486955039999,85622.13592281667,85622.13592281667,85622.13592281667,85622.13592281667,0,8
1486955040000,1486955519999,85622.13592281667,85622.13592281667,85622.13592281667,85622.13592281667,0,8
1486955520000,1486955999999,85622.13592281667,85622.13592281667,85622.13592281667,85622.13592281667,0,8
1486956000000,1486956479999,85622.13592281667,85622.13592281667,85622.13592281667,85622.13592281667,0,8
1486956480000,1486956959999,85622.13592281667,85622.13592281667,85622.13592281667,85622.13592281667,0,8
1486956960000,1486957439999,85622.13592281667,85622.13592281667,85622.13592281667,85622.13592281667,0,8
1486957440000,1486957919999,85622.13592281667,85622.13592281667,85622.13592281667,85622.13592281667,0,8
1486957920000,1486958399999,85622.13592281667,85622.13592281667,85622.13592281667,85622.13592281667,0,8
1486958400000,1486958879999,85622.13592281667,85622.13592281667,85622.13592281667,85622.13592281667,0,8
1486958880000,1486959359999,85622.13592281667,85622.13592281667,85622.13592281667,85622.13592281667,0,8
1486959360000,1486959839999,85622.13592281667,85622.13592281667,85622.13592281667,85622.13592281667,0,8
1486959840000,1486960319999,85622.13592281667,85622.13592281667,85622.13592281667,85622.13592281667,0,8
1486960320000,1486960799999,85622.13592281667,85622.13592281667,85622.13592281667,85622.13592281667,0,8
1486960800000,1486961279999,85622.13592281667,85622.13592281667,85622.13592281667,85622.13592281667,0,8
1486961280000,1486961759999,85622.13592281667,85622.13592281667,85622.13592281667,85622.13592281667,0,8
1486961760000,1486962239999,85622.13592281667,85622.13592281667,85622.13592281667,85622.13592281667,0,8
1486962240000,1486962719999,85622.13592281667,85622.13592281667,85622.13592281667,85622.13592281667,0,8
1486962720000,1486963199999,85622.13592281667,85622.13592281667,85622.13592281667,85622.13592281667,0,8
1486963200000,1486963679999,85622.13592281667,85622.13592281667,85622.13592281667,85622.13592281667,0,8
1486963680000,1486964159999,85622.13592281667,85622.13592281667,85622.13592281667,85622.13592281667,0,8
1486964160000,1486964639999,85622.13592281667,85622.13592281667,85622.13592281667,85622.13592281667,0,8
1486964640000,1486965119999,85622.13592281667,85622.13592281667,85622.13592281667,85622.13592281667,0,8
1486965120000,1486965599999,85622.13592281667,85622.13592281667,85622.13592281667,85622.13592281667,0,8
1486965600000,1486966079999,85622.13592281667,85622.13592281667,85622.13592281667,85622.13592281667,0,8
1486966080000,1486966559999,85622.13592281667,85622.13592281667,85622.13592281667,85622.13592281667,0,8
1486966560000,1486967039999,85622.13592281667,85622.13592281667,85622.13592281667,85622.13592281667,0,8
1486967040000,1486967519999,85622.13592281667,85622.13592281667,85622.13592281667,85622.13592281667,0,8
1486967520000,1486967999999,85622.13592281667,85622.13592281667,85622.13592281667,85622.13592281667,0,8
1486968000000,1486968479999,85622.13592281667,85622.13592281667,85622.13592281667,85622.13592281667,0,8
1486968480000,1486968959999,85622.13592281667,85622.13592281667,85622.13592281667,85622.13592281667,0,8
1486968960000,1486969439999,85622.13592281667,85623.68448723364,85621.26785713606,85623.27729538438,0,8
1486969440000,1486969919999,85623.25053102012,85623.9502044297,85621.26785713606,85623.58699210337,0,8
1486969920000,1486970399999,85623.58699210337,85624.07254666413,85623.10906104771,85623.90814894093,0,8
1486970400000,1486970879999,85623.87373977309,85627.92938279144,85623.82594906581,85627.57395863661,0,8
1486970880000,1486971359999,85627.70198922332,85630.55836484983,85626.8076517548,85629.46367650392,0,8
1486971360000,1486971839999,85629.49806644265,85629.58404077205,85625.78709206292,85626.79618537052,0,8
1486971840000,1486972319999,85626.79618537052,85628.71280002725,85626.23049408797,85627.45357017171,0,8
1486972320000,1486972799999,85627.47459048431,85627.59306778348,85624.89258331391,85626.79045217343,0,8
1486972800000,1486973279999,85626.79045217343,85628.98793688398,85622.75537736039,85627.49561075271,0,8
1486973280000,1486973759999,85627.49561075271,85628.5943359937,85624.52367071818,85626.97964594139,0,8
1486973760000,1486974239999,85626.97964594139,85631.09706799663,85626.47512127233,85627.75740493911,0,8
1486974240000,1486974719999,85627.75740493911,85630.81434797788,85626.81529600368,85628.00581644311,0,8
1486974720000,1486975199999,85628.00581644311,85629.63371449214,85627.04653177063,85628.81788791463,0,8
1486975200000,1486975679999,85628.98793688398,85629.1809103015,85624.8830261645,85625.01300261392,0,8
1486975680000,1486976159999,85625.00917980129,85627.62173143531,85624.23694168472,85626.7254757102,0,8
1486976160000,1486976639999,85626.69298732028,85627.25483048706,85624.59248446286,85625.1716480495,0,8
1486976640000,1486977119999,85625.13342046387,85625.34558171904,85624.42809528716,85624.74922511367,0,8
1486977120000,1486977599999,85624.7473136571,85626.31267420022,85624.53131671317,85625.23472324632,0,8
1486977600000,1486978079999,85625.2500141432,85625.7832695462,85624.01902212073,85624.85626609757,0,8
1486978080000,1486978559999,85624.82568307623,85626.33178575743,85624.3325189427,85625.29397534153,0,8
1486978560000,1486979039999,85625.29588669358,85625.30544344844,85623.60610887052,85624.21209144802,0,8
1486979040000,1486979519999,85624.18532958558,85627.72300901375,85624.1509213715,85626.30120724835,0,8
1486979520000,1486979999999,85626.28782912123,85626.81338494201,85621.85677335066,85621.85868535981,0,8
1486980000000,1486980479999,85621.96193331091,85622.48580463599,85621.14930487334,85621.92369345331,0,8
1486980480000,1486980959999,85621.86059736859,85622.30417352552,85620.01342647,85620.7228875352,0,8
1486980960000,1486981439999,85620.7228875352,85621.4361224507,85620.17215124078,85620.91793269962,0,8
1486981440000,1486981919999,85621.0536971861,85624.42427225092,85621.0536971861,85623.71316209105,0,8
1486981920000,1486982399999,85623.71316209105,85623.99417134249,85621.92751744564,85622.45903815329,0,8
1486982400000,1486982879999,85622.45903815329,85622.45903815329,85618.36483470217,85619.00173589689,0,8
1486982880000,1486983359999,85618.99791078558,85620.61580229782,85618.99791078558,85619.72274324967,0,8
1486983360000,1486983839999,85619.67684512668,85620.59285531206,85619.30391506775,85620.2735042945,0,8
1486983840000,1486984319999,85620.36147026313,85622.58904611247,85620.36147026313,85622.34050001153,0,8
1486984320000,1486984799999,85622.35579533459,85623.46655563013,85621.62732959878,85621.95810933174,0,8
1486984800000,1486985279999,85622.05562034402,85623.93873476848,85621.89692546599,85622.82037962493,0,8
1486985280000,1486985759999,85622.72861159922,85624.35545734868,85622.59669358683,85623.21803133868,0,8
1486985760000,1486986239999,85623.16641398045,85623.71125043645,85622.18563354801,85623.6462539625,0,8
1486986240000,1486986719999,85623.64243062737,85623.88329788714,85622.63684273134,85623.73610191779,0,8
1486986720000,1486987199999,85623.73419026757,85624.8753804384,85623.31553006619,85624.74349074291,0,8
1486987200000,1486987679999,85624.74349074291,85629.30509914535,85624.51029021281,85626.98537903001,0,8
1486987680000,1486988159999,85626.98537903001,85627.53574023335,85625.5023105663,85626.97964594139,0,8
1486988160000,1486988639999,85626.92040383334,85628.41090504389,85626.77325256249,85627.61408780287,0,8
1486988640000,1486989119999,85627.59497869616,85629.91837836002,85627.40006372207,85629.65473022251,0,8
1486989120000,1486989599999,85629.65855125965,85630.03873715532,85626.70063165681,85627.15163716985,0,8
1486989600000,1486990079999,85627.11532815683,85629.36241655311,85626.09862226393,85629.1809103015,0,8
1486990080000,1486990559999,85629.12741309349,85632.42650902402,85628.91915337948,85632.1304562762,0,8
1486990560000,1486991039999,85632.0063025154,85632.78749051555,85629.53245626313,85631.22887392214,0,8
1486991040000,1486991519999,85631.3110129681,85632.54492766909,85630.69590883763,85630.78378317275,0,8
1486991520000,1486991999999,85631.05313230207,85632.6900840952,85630.42655008624,85630.52970961425,0,8
1486992000000,1486992479999,85630.57173726501,85636.15602287941,85630.57173726501,85635.54885428013,0,8
1486992480000,1486992959999,85635.54885428013,85635.79134427433,85632.90781478374,85633.26877890175,0,8
1486992960000,1486993439999,85633.3776385388,85634.6017504123,85632.45324884064,85633.33944230987,0,8
1486993440000,1486993919999,85633.32989322985,85633.70421033989,85631.1199908911,85631.761810603,0,8
1486993920000,1486994399999,85631.761810603,85635.59849837968,85631.41798373737,85635.17651567767,0,8
1486994400000,1486994879999,85635.17651567767,85641.3994325901,85633.10644215402,85641.35554213646,0,8
1486994880000,1486995359999,85641.38798292511,85642.15317336297,85639.80971199111,85639.95858010674,0,8
1486995360000,1486995839999,85639.99102542756,85644.18131260939,85639.99102542756,85642.99653239762,0,8
1486995840000,1486996319999,85642.79810137644,85644.15841963576,85639.45280120093,85642.7504010247,0,8
1486996320000,1486996799999,85642.7504010247,85648.81987397566,85642.61874687328,85646.95479009487,0,8
1486996800000,1486997279999,85646.95479009487,85655.29728903116,85643.38002734742,85652.06673093513,0,8
1486997280000,1486997759999,85652.25544710003,85653.97469702335,85647.19509649699,85651.3652093192,0,8
1486997760000,1486998239999,85651.3652093192,85657.23893356827,85649.12878067097,85656.89598157466,0,8
1486998240000,1486998719999,85656.89407625297,85660.157360138,85655.89754325332,85658.11912318684,0,8
1486998720000,1486999199999,85658.16103504582,85659.14210338048,85654.82087114477,85656.92265604043,0,8
1486999200000,1486999679999,85656.92265604043,85659.72307905597,85654.96761027261,85659.06781225356,0,8
1486999680000,1487000159999,85659.19925002565,85662.42940938096,85658.91160859677,85660.67923438278,0,8
1487000160000,1487000639999,85660.67923438278,85660.67923438278,85648.53002691762,85657.22940728282,0,8
1487000640000,1487001119999,85657.25227035266,85658.25819367968,85654.25104554459,85656.50919382497,0,8
1487001120000,1487001599999,85656.43678854441,85659.62783945503,85653.29618136377,85659.58021931442,0,8
1487001600000,1487002079999,85659.58021931442,85660.64304690155,85653.29618136377,85655.17151691426,0,8
1487002080000,1487002559999,85655.17151691426,85655.40781473718,85651.26607729633,85654.3977930342,0,8
1487002560000,1487003039999,85654.39969883158,85661.20489039591,85654.36539442302,85660.77446397084,0,8
1487003040000,1487003519999,85660.77446397084,85666.40092267872,85660.77446397084,85664.4115554118,0,8
1487003520000,1487003999999,85664.45534478834,85666.0735133601,85659.89450805189,85661.279165648,0,8
1487004000000,1487004479999,85661.27535667413,85665.77845508179,85660.81065097653,85664.14691118551,0,8
1487004480000,1487004959999,85664.03457806564,85664.25353128457,85660.49067712294,85662.41798376931,0,8
1487004960000,1487005439999,85662.41798376931,85662.64649352201,85659.28687424726,85661.94380937301,0,8
1487005440000,1487005919999,85662.19137310784,85664.81897959433,85660.33640035671,85664.30303308701,0,8
1487005920000,1487006399999,85664.40584373988,85666.10397049312,85663.72613148447,85665.31205488503,0,8
1487006400000,1487006879999,85665.43960322229,85665.90409386459,85662.8235849889,85663.52620732236,0,8
1487006880000,1487007359999,85663.4881260764,85669.3242888262,85662.8235849889,85667.83035756234,0,8
1487007360000,1487007839999,85667.76564721632,85670.4907322113,85667.76564721632,85668.92846635178,0,8
1487007840000,1487008319999,85668.9037269269,85672.61966385809,85667.5829333907,85670.35183173415,0,8
1487008320000,1487008799999,85670.56874396195,85672.96017477478,85667.64574164481,85670.95879358679,0,8
1487008800000,1487009279999,85670.95879358679,85671.78640947418,85666.63124490427,85668.1120330136,0,8
1487009280000,1487009759999,85668.1120330136,85672.59493356335,85666.9148575469,85671.69508970373,0,8
1487009760000,1487010239999,85671.04821745449,85675.14563640422,85670.14062320178,85673.45284881651,0,8
1487010240000,1487010719999,85673.44524013552,85677.35724052698,85671.54098570008,85673.91696740878,0,8
1487010720000,1487011199999,85673.91696740878,85678.56457377551,85673.31969606366,85676.49966018653,0,8
1487011200000,1487011679999,85676.46162831316,85678.30030384069,85673.85990480882,85675.1779677603,0,8
1487011680000,1487012159999,85674.90409884842,85676.77919001739,85672.35523676837,85676.77919001739,0,8
1487012160000,1487012639999,85676.76968232836,85678.04743470284,85672.90881353548,85677.80216454297,0,8
1487012640000,1487013119999,85677.80216454297,85680.50360715066,85676.30949937322,85680.4826980118,0,8
1487013120000,1487013599999,85680.4826980118,85683.67178686976,85677.43329731707,85680.40476356361,0,8
1487013600000,1487014079999,85680.40476356361,85682.04125943994,85678.65012729395,85678.73187774993,0,8
1487014080000,1487014559999,85678.73187774993,85679.57215765108,85675.2806666686,85676.13264657152,0,8
1487014560000,1487015039999,85676.13264657152,85677.34393052926,85674.24221801106,85676.17828630365,0,8
1487015040000,1487015519999,85676.25435206098,85680.90277323574,85675.95579064207,85677.76984167016,0,8
1487015520000,1487015999999,85678.16341307116,85678.47521709703,85673.42241405787,85674.44763399365,0,8
1487016000000,1487016479999,85674.40959431522,85676.84194053813,85673.71724688435,85675.57164118126,0,8
1487016480000,1487016959999,85675.57164118126,85680.7393071464,85675.35864106125,85678.18052451983,0,8
1487016960000,1487017439999,85678.32121754326,85680.1614521099,85674.4076923275,85675.0752677973,0,8
1487017440000,1487017919999,85675.0752677973,85677.76413762296,85671.53147302945,85671.76738459077,0,8
1487017920000,1487018399999,85671.62659932862,85675.4099897195,85671.3183868355,85674.42290821915,0,8
1487018400000,1487018879999,85674.3620445137,85675.02011367814,85672.31338435785,85672.5207423122,0,8
1487018880000,1487019359999,85672.5207423122,85674.97066489891,85669.17966320009,85669.74673591382,0,8
1487030400000,1487030879999,85664.31445654508,85664.31445654508,85664.31445654508,85664.31445654508,0,8
1487030880000,1487031359999,85664.31445654508,85664.31445654508,85664.31445654508,85664.31445654508,0,8
1487031360000,1487031839999,85664.31445654508,85664.31445654508,85664.31445654508,85664.31445654508,0,8
1487031840000,1487032319999,85664.31445654508,85664.31445654508,85664.31445654508,85664.31445654508,0,8
1487032320000,1487032799999,85664.31445654508,85664.31445654508,85664.31445654508,85664.31445654508,0,8
1487032800000,1487033279999,85664.31445654508,85664.31445654508,85664.31445654508,85664.31445654508,0,8
1487033280000,1487033759999,85664.31445654508,85664.31445654508,85664.31445654508,85664.31445654508,0,8
1487033760000,1487034239999,85664.31445654508,85664.31445654508,85664.31445654508,85664.31445654508,0,8
1487034240000,1487034719999,85664.31445654508,85664.31445654508,85664.31445654508,85664.31445654508,0,8
1487034720000,1487035199999,85664.31445654508,85664.31445654508,85664.31445654508,85664.31445654508,0,8
1487035200000,1487035679999,85664.31445654508,85664.31445654508,85664.31445654508,85664.31445654508,0,8
1487035680000,1487036159999,85664.31445654508,85664.31445654508,85664.31445654508,85664.31445654508,0,8
1487036160000,1487036639999,85664.31445654508,85664.31445654508,85664.31445654508,85664.31445654508,0,8
1487036640000,1487037119999,85664.31445654508,85664.31445654508,85664.31445654508,85664.31445654508,0,8
1487037120000,1487037599999,85664.31445654508,85664.31445654508,85664.31445654508,85664.31445654508,0,8
1487037600000,1487038079999,85664.31445654508,85664.31445654508,85664.31445654508,85664.31445654508,0,8
1487038080000,1487038559999,85664.31445654508,85664.31445654508,85664.31445654508,85664.31445654508,0,8
1487038560000,1487039039999,85664.31445654508,85664.31445654508,85664.31445654508,85664.31445654508,0,8
1487039040000,1487039519999,85664.31445654508,85664.31445654508,85664.31445654508,85664.31445654508,0,8
1487039520000,1487039999999,85664.31445654508,85664.31445654508,85664.31445654508,85664.31445654508,0,8
1487040000000,1487040479999,85664.31445654508,85664.31445654508,85664.31445654508,85664.31445654508,0,8
1487040480000,1487040959999,85664.31445654508,85664.31445654508,85664.31445654508,85664.31445654508,0,8
1487040960000,1487041439999,85664.31445654508,85664.31445654508,85664.31445654508,85664.31445654508,0,8
1487041440000,1487041919999,85664.31445654508,85664.31445654508,85664.31445654508,85664.31445654508,0,8
1487041920000,1487042399999,85664.31445654508,85664.31445654508,85664.31445654508,85664.31445654508,0,8
1487042400000,1487042879999,85664.31445654508,85664.31445654508,85664.31445654508,85664.31445654508,0,8
1487042880000,1487043359999,85664.31445654508,85664.31445654508,85664.31445654508,85664.31445654508,0,8
1487043360000,1487043839999,85664.31445654508,85664.31445654508,85664.31445654508,85664.31445654508,0,8
1487043840000,1487044319999,85664.31445654508,85664.31445654508,85664.31445654508,85664.31445654508,0,8
1487044320000,1487044799999,85664.31445654508,85664.31445654508,85664.31445654508,85664.31445654508,0,8
1487044800000,1487045279999,85664.31445654508,85664.31445654508,85664.31445654508,85664.31445654508,0,8
1487045280000,1487045759999,85664.31445654508,85664.31445654508,85664.31445654508,85664.31445654508,0,8
1487045760000,1487046239999,85664.31445654508,85664.31445654508,85664.31445654508,85664.31445654508,0,8
1487046240000,1487046719999,85664.31445654508,85664.31445654508,85664.31445654508,85664.31445654508,0,8
1487046720000,1487047199999,85664.31445654508,85664.31445654508,85664.31445654508,85664.31445654508,0,8
1487047200000,1487047679999,85664.31445654508,85664.31445654508,85664.31445654508,85664.31445654508,0,8
1487047680000,1487048159999,85664.31445654508,85664.31445654508,85664.31445654508,85664.31445654508,0,8
1487048160000,1487048639999,85664.31445654508,85664.31445654508,85664.31445654508,85664.31445654508,0,8
1487048640000,1487049119999,85664.31445654508,85664.31445654508,85664.31445654508,85664.31445654508,0,8
1487049120000,1487049599999,85664.31445654508,85664.31445654508,85664.31445654508,85664.31445654508,0,8
1487049600000,1487050079999,85664.31445654508,85664.31445654508,85664.31445654508,85664.31445654508,0,8
1487050080000,1487050559999,85664.31445654508,85664.31445654508,85664.31445654508,85664.31445654508,0,8
1487050560000,1487051039999,85664.31445654508,85664.31445654508,85664.31445654508,85664.31445654508,0,8
1487051040000,1487051519999,85664.31445654508,85664.31445654508,85664.31445654508,85664.31445654508,0,8
1487051520000,1487051999999,85664.31445654508,85664.31445654508,85664.31445654508,85664.31445654508,0,8
1487052000000,1487052479999,85664.31445654508,85664.31445654508,85664.31445654508,85664.31445654508,0,8
1487052480000,1487052959999,85664.31445654508,85664.31445654508,85664.31445654508,85664.31445654508,0,8
1487052960000,1487053439999,85664.31445654508,85664.31445654508,85664.31445654508,85664.31445654508,0,8
1487053440000,1487053919999,85664.31445654508,85664.31445654508,85664.31445654508,85664.31445654508,0,8
1487053920000,1487054399999,85664.31445654508,85664.31445654508,85664.31445654508,85664.31445654508,0,8
1487054400000,1487054879999,85664.31445654508,85664.31445654508,85664.31445654508,85664.31445654508,0,8
1487054880000,1487055359999,85664.31445654508,85664.31445654508,85664.31445654508,85664.31445654508,0,8
1487055360000,1487055839999,85664.31445654508,85664.38870870446,85663.06731865353,85663.57000057593,0,8
1487055840000,1487056319999,85663.5585762674,85666.21056972815,85663.5585762674,85664.12406387352,0,8
1487056320000,1487056799999,85664.11264019796,85665.40914406572,85663.33579964237,85664.7256923449,0,8
1487056800000,1487057279999,85664.73140383416,85664.81517196853,85663.99078684655,85664.29732135308,0,8
1487057280000,1487057759999,85664.16404663524,85667.54677088362,85664.02886617837,85666.93769848357,0,8
1487057760000,1487058239999,85666.8615618251,85668.40702244683,85666.47896634109,85667.52583463554,0,8
1487058240000,1487058719999,85667.65335473971,85668.67155395726,85667.1965587864,85668.13106485255,0,8
1487058720000,1487059199999,85668.10251708057,85668.68297242608,85666.19724488593,85666.54749198149,0,8
1487059200000,1487059679999,85666.54749198149,85667.79990568696,85664.04028994963,85664.3049369976,0,8
1487059680000,1487060159999,85664.77138416763,85668.00164763351,85663.54715194581,85664.50674946394,0,8
1487060160000,1487060639999,85664.50674946394,85665.50242493968,85663.09588080348,85663.482413877,0,8
1487060640000,1487061119999,85663.26725199005,85665.94978030333,85662.38370685601,85664.85705577258,0,8
1487061120000,1487061599999,85664.78471090994,85667.20226886458,85664.60955802242,85666.84443099708,0,8
1487061600000,1487062079999,85666.76829362851,85669.33951245464,85666.0221167378,85669.31857995955,0,8
1487062080000,1487062559999,85669.29574446041,85671.55049836167,85668.62017068629,85670.43935828705,0,8
1487062560000,1487063039999,85670.43935828705,85670.43935828705,85665.54620953962,85665.54620953962,0,8
1487063040000,1487063519999,85665.54620953962,85666.51703619926,85665.00935903579,85665.5271727806,0,8
1487063520000,1487063999999,85665.66423663673,85668.40511931709,85664.53530750287,85667.92551907522,0,8
1487064000000,1487064479999,85667.95597056809,85668.12345212133,85664.0593295394,85664.50484559179,0,8
1487064480000,1487064959999,85664.5181726893,85667.07093624101,85663.93557155786,85665.91551549385,0,8
1487064960000,1487065439999,85665.91551549385,85668.32328439543,85664.727596175,85667.05190238435,0,8
1487065440000,1487065919999,85667.26507950963,85668.81618693206,85665.66804393925,85668.134871216,0,8
1487065920000,1487066399999,85667.87222873958,85668.32328439543,85665.67185124033,85666.31145724324,0,8
1487066400000,1487066879999,85666.31145724324,85667.09948695808,85665.18260117776,85666.22960518626,0,8
1487066880000,1487067359999,85665.88125056695,85668.19196649373,85665.6509110665,85667.52583463554,0,8
1487067360000,1487067839999,85667.60577280147,85669.33951245464,85667.56390050854,85668.75338602891,0,8
1487067840000,1487068319999,85668.73625844142,85669.369959642,85667.10519709172,85669.08261062035,0,8
1487068320000,1487068799999,85669.0236174155,85670.4165253471,85667.34501975999,85668.04922768814,0,8
1487068800000,1487069279999,85667.87603520152,85668.1120330136,85666.49229080793,85667.86842227617,0,8
1487069280000,1487069759999,85667.81513163625,85668.49837224864,85666.79303833688,85668.48505045452,0,8
1487069760000,1487070239999,85668.55736855214,85675.8930345604,85668.5440468366,85674.2631402023,0,8
1487070240000,1487070719999,85674.2631402023,85674.2631402023,85671.64942950578,85672.04514429516,0,8
1487070720000,1487071199999,85671.96524160902,85674.05391632019,85671.8777284107,85672.84223375861,0,8
1487071200000,1487071679999,85673.27023887532,85673.43572927617,85669.90657610407,85672.00899792099,0,8
1487071680000,1487072159999,85671.91577772146,85672.67863585257,85670.80658090913,85672.44084342613,0,8
1487072160000,1487072639999,85672.4560623108,85672.66341730666,85671.66464959494,85672.27343416624,0,8
1487072640000,1487073119999,85672.28865330566,85672.78706732194,85671.41161260406,85671.41732027594,0,8
1487073120000,1487073599999,85671.52005781273,85675.21790634996,85671.01967800912,85674.61120296203,0,8
1487073600000,1487074079999,85674.61120296203,85674.87937420252,85671.24228352297,85671.71411472467,0,8
1487074080000,1487074559999,85671.7578721355,85674.16994101366,85671.7578721355,85673.55746759281,0,8
1487074560000,1487075039999,85673.55746759281,85673.57078263129,85671.92909494603,85672.15738746639,0,8
1487075040000,1487075519999,85672.10031482489,85672.77565353843,85672.07748567709,85672.28104373885,0,8
1487075520000,1487075999999,85672.30006764506,85672.69004974682,85670.43555280067,85672.13075360755,0,8
1487076000000,1487076479999,85672.13075360755,85673.55366329284,85671.4211253887,85673.0609942181,0,8
1487076480000,1487076959999,85673.09333231479,85674.24982608567,85670.85985560986,85671.36785367806,0,8
1487076960000,1487077439999,85671.27653008528,85672.26011740022,85670.50214860307,85670.71334949993,0,8
1487077440000,1487077919999,85670.71334949993,85671.16617963127,85669.06928960451,85670.39369235504,0,8
1487077920000,1487078399999,85670.28904047428,85672.24680061649,85669.73912441244,85671.44966368839,0,8
1487078400000,1487078879999,85671.44015093088,85675.51458802255,85671.1737900465,85674.11287985722,0,8
1487078880000,1487079359999,85674.10146758686,85675.13232346253,85672.61205454315,85673.71724688435,0,8
1487079360000,1487079839999,85673.76099553089,85674.72151540683,85669.80953057896,85670.43935828705,0,8
1487079840000,1487080319999,85670.41081710398,85672.97158834769,85669.49935915406,85670.02455174856,0,8
1487080320000,1487080799999,85669.95604993089,85670.08544185925,85666.22770164208,85669.70296970189,0,8
1487080800000,1487081279999,85669.33570654971,85669.4441742728,85665.01887791272,85668.53262820917,0,8
1487081280000,1487081759999,85668.58591502564,85669.64398015663,85666.13062040842,85668.58210883389,0,8
1487081760000,1487082239999,85668.58210883389,85669.64398015663,85666.26577245686,85666.53607107404,0,8
1487082240000,1487082719999,85666.58175462559,85668.71151854104,85658.0238683086,85659.48307352439,0,8
1487082720000,1487083199999,85659.48307352439,85668.48695356905,85655.6688792267,85666.5227466655,0,8
1487083200000,1487083679999,85666.5227466655,85668.89611478386,85658.12483845068,85663.69566710836,0,8
1487083680000,1487084159999,85663.64425826323,85667.52773793263,85660.938256741,85663.27106020528,0,8
1487084160000,1487084639999,85663.2405944428,85665.5271727806,85654.24342223954,85656.52253158262,0,8
1487084640000,1487085119999,85656.50919382497,85664.87228620329,85649.32327258376,85663.18537501173,0,8
1487085120000,1487085599999,85663.18537501173,85668.5440468366,85660.88302459507,85661.18013185594,0,8
1487085600000,1487086079999,85661.18013185594,85664.95034179656,85657.53614911587,85658.40869244497,0,8
1487086080000,1487086559999,85658.40869244497,85661.80288574047,85644.400700949,85644.400700949,0,8
1487086560000,1487087039999,85644.2766994354,85647.67569197777,85637.56115221471,85644.4636549751,0,8
1487087040000,1487087519999,85644.71546711639,85655.37732500926,85642.6359192522,85653.40672918923,0,8
1487087520000,1487087999999,85653.40672918923,85655.9375589204,85649.07539007242,85650.95533016392,0,8
1487088000000,1487088479999,85650.95533016392,85653.11892109278,85642.30200659628,85643.74442931946,0,8
1487088480000,1487088959999,85643.74442931946,85659.09257602388,85639.96239720877,85657.72857241971,0,8
1487088960000,1487089439999,85657.72857241971,85660.72684929018,85655.69555696589,85656.94551981162,0,8
1487089440000,1487089919999,85656.94551981162,85661.71909236883,85654.68937581127,85661.6905262862,0,8
1487089920000,1487090399999,85661.8828696675,85665.4243736556,85659.93641247058,85660.31925834688,0,8
1487090400000,1487090879999,85660.31925834688,85664.01363446304,85660.03545858034,85663.3605528458,0,8
1487090880000,1487091359999,85663.3605528458,85667.15087804338,85658.60300395644,85667.0499989967,0,8
1487091360000,1487091839999,85667.0499989967,85672.76423974188,85667.0499989967,85670.7475978737,0,8
1487091840000,1487092319999,85670.7475978737,85675.52409690493,85669.44798013645,85670.04548276593,0,8
1487092320000,1487092799999,85670.07783061567,85673.94549858666,85668.36134723299,85672.11743665153,0,8
1487092800000,1487093279999,85672.18972848529,85673.68491080523,85669.22914062336,85669.3109681323,0,8
1487093280000,1487093759999,85669.40611555659,85678.94290490753,85669.29764742065,85677.1918150112,0,8
1487093760000,1487094239999,85677.18040625406,85677.62343676154,85672.70526825222,85677.16329309395,0,8
1487094240000,1487094719999,85677.16329309395,85683.13970923952,85673.73817017397,85682.71972797519,0,8
1487094720000,1487095199999,85682.71972797519,85686.26146050841,85680.49410300204,85684.6484556964,0,8
1487095200000,1487095679999,85684.6484556964,85689.85891080213,85682.3282363426,85689.69749013311,0,8
1487095680000,1487096159999,85689.73926985031,85693.32787589387,85688.92453387797,85692.91591619105,0,8
1487096160000,1487096639999,85692.91591619105,85693.23105739713,85688.16101474574,85689.24170006081,0,8
1487096640000,1487097119999,85689.24359922923,85692.2533278912,85688.0736431677,85690.85586307237,0,8
1487097120000,1487097599999,85690.66217726759,85692.46976557377,85688.38703767759,85691.29638936465,0,8
1487097600000,1487098079999,85691.32866854538,85692.3235757227,85687.80962441285,85688.88654922946,0,8
1487098080000,1487098559999,85688.87515380677,85693.06399582601,85687.8400154159,85692.8096012547,0,8
1487098560000,1487099039999,85692.8096012547,85694.77244839925,85690.39632789782,85691.26790764807,0,8
1487099040000,1487099519999,85691.26790764807,85698.6912951129,85691.26790764807,85696.093451612,0,8
1487099520000,1487099999999,85696.12002172541,85697.79948919585,85695.33237767748,85695.5012993376,0,8
1487100000000,1487100479999,85695.5012993376,85696.1086345426,85691.70841578947,85691.76157925288,0,8
1487100480000,1487100959999,85691.7881608786,85692.58557679578,85687.3670449648,85692.51343225762,0,8
1487100960000,1487101439999,85692.55709875078,85693.68476735409,85688.71181798795,85691.15397997049,0,8
1487101440000,1487101919999,85691.15397997049,85691.8679053318,85683.36014483547,85686.04298863557,0,8
1487101920000,1487102399999,85686.04298863557,85687.79252943306,85682.81094712482,85685.41604284736,0,8
1487102400000,1487102879999,85685.41604284736,85688.99480509733,85683.12260627463,85685.45784045613,0,8
1487102880000,1487103359999,85685.45024090388,85688.38323901505,85683.29173430846,85688.04895106165,0,8
1487103360000,1487103839999,85688.01476189107,85689.31576736121,85685.10065525783,85687.51330729274,0,8
1487103840000,1487104319999,85687.53420173639,85688.95112304606,85684.625655177,85687.96917614847,0,8
1487104320000,1487104799999,85687.91599251945,85691.21664035377,85684.05752544946,85689.81903064389,0,8
1487104800000,1487105279999,85689.90638697357,85693.5841556253,85689.83992027042,85690.82548123342,0,8
1487105280000,1487105759999,85690.70585184527,85700.09904811566,85690.66977286001,85694.5579587096,0,8
1487116800000,1487117279999,85714.33808178961,85714.33808178961,85714.33808178961,85714.33808178961,0,8
1487117280000,1487117759999,85714.33808178961,85714.33808178961,85714.33808178961,85714.33808178961,0,8
1487117760000,1487118239999,85714.33808178961,85714.33808178961,85714.33808178961,85714.33808178961,0,8
1487118240000,1487118719999,85714.33808178961,85714.33808178961,85714.33808178961,85714.33808178961,0,8
1487118720000,1487119199999,85714.33808178961,85714.33808178961,85714.33808178961,85714.33808178961,0,8
1487119200000,1487119679999,85714.33808178961,85714.33808178961,85714.33808178961,85714.33808178961,0,8
1487119680000,1487120159999,85714.33808178961,85714.33808178961,85714.33808178961,85714.33808178961,0,8
1487120160000,1487120639999,85714.33808178961,85714.33808178961,85714.33808178961,85714.33808178961,0,8
1487120640000,1487121119999,85714.33808178961,85714.33808178961,85714.33808178961,85714.33808178961,0,8
1487121120000,1487121599999,85714.33808178961,85714.33808178961,85714.33808178961,85714.33808178961,0,8
1487121600000,1487122079999,85714.33808178961,85714.33808178961,85714.33808178961,85714.33808178961,0,8
1487122080000,1487122559999,85714.33808178961,85714.33808178961,85714.33808178961,85714.33808178961,0,8
1487122560000,1487123039999,85714.33808178961,85714.33808178961,85714.33808178961,85714.33808178961,0,8
1487123040000,1487123519999,85714.33808178961,85714.33808178961,85714.33808178961,85714.33808178961,0,8
1487123520000,1487123999999,85714.33808178961,85714.33808178961,85714.33808178961,85714.33808178961,0,8
1487124000000,1487124479999,85714.33808178961,85714.33808178961,85714.33808178961,85714.33808178961,0,8
1487124480000,1487124959999,85714.33808178961,85714.33808178961,85714.33808178961,85714.33808178961,0,8
1487124960000,1487125439999,85714.33808178961,85714.33808178961,85714.33808178961,85714.33808178961,0,8
1487125440000,1487125919999,85714.33808178961,85714.33808178961,85714.33808178961,85714.33808178961,0,8
1487125920000,1487126399999,85714.33808178961,85714.33808178961,85714.33808178961,85714.33808178961,0,8
1487126400000,1487126879999,85714.33808178961,85714.33808178961,85714.33808178961,85714.33808178961,0,8
1487126880000,1487127359999,85714.33808178961,85714.33808178961,85714.33808178961,85714.33808178961,0,8
1487127360000,1487127839999,85714.33808178961,85714.33808178961,85714.33808178961,85714.33808178961,0,8
1487127840000,1487128319999,85714.33808178961,85714.33808178961,85714.33808178961,85714.33808178961,0,8
1487128320000,1487128799999,85714.33808178961,85714.33808178961,85714.33808178961,85714.33808178961,0,8
1487128800000,1487129279999,85714.33808178961,85714.33808178961,85714.33808178961,85714.33808178961,0,8
1487129280000,1487129759999,85714.33808178961,85714.33808178961,85714.33808178961,85714.33808178961,0,8
1487129760000,1487130239999,85714.33808178961,85714.33808178961,85714.33808178961,85714.33808178961,0,8
1487130240000,1487130719999,85714.33808178961,85714.33808178961,85714.33808178961,85714.33808178961,0,8
1487130720000,1487131199999,85714.33808178961,85714.33808178961,85714.33808178961,85714.33808178961,0,8
1487131200000,1487131679999,85714.33808178961,85714.33808178961,85714.33808178961,85714.33808178961,0,8
1487131680000,1487132159999,85714.33808178961,85714.33808178961,85714.33808178961,85714.33808178961,0,8
1487132160000,1487132639999,85714.33808178961,85714.33808178961,85714.33808178961,85714.33808178961,0,8
1487132640000,1487133119999,85714.33808178961,85714.33808178961,85714.33808178961,85714.33808178961,0,8
1487133120000,1487133599999,85714.33808178961,85714.33808178961,85714.33808178961,85714.33808178961,0,8
1487133600000,1487134079999,85714.33808178961,85714.33808178961,85714.33808178961,85714.33808178961,0,8
1487134080000,1487134559999,85714.33808178961,85714.33808178961,85714.33808178961,85714.33808178961,0,8
1487134560000,1487135039999,85714.33808178961,85714.33808178961,85714.33808178961,85714.33808178961,0,8
1487135040000,1487135519999,85714.33808178961,85714.33808178961,85714.33808178961,85714.33808178961,0,8
1487135520000,1487135999999,85714.33808178961,85714.33808178961,85714.33808178961,85714.33808178961,0,8
1487136000000,1487136479999,85714.33808178961,85714.33808178961,85714.33808178961,85714.33808178961,0,8
1487136480000,1487136959999,85714.33808178961,85714.33808178961,85714.33808178961,85714.33808178961,0,8
1487136960000,1487137439999,85714.33808178961,85714.33808178961,85714.33808178961,85714.33808178961,0,8
1487137440000,1487137919999,85714.33808178961,85714.33808178961,85714.33808178961,85714.33808178961,0,8
1487137920000,1487138399999,85714.33808178961,85714.33808178961,85714.33808178961,85714.33808178961,0,8
1487138400000,1487138879999,85714.33808178961,85714.33808178961,85714.33808178961,85714.33808178961,0,8
1487138880000,1487139359999,85714.33808178961,85714.33808178961,85714.33808178961,85714.33808178961,0,8
1487139360000,1487139839999,85714.33808178961,85714.33808178961,85714.33808178961,85714.33808178961,0,8
1487139840000,1487140319999,85714.33808178961,85714.33808178961,85714.33808178961,85714.33808178961,0,8
1487140320000,1487140799999,85714.33808178961,85714.33808178961,85714.33808178961,85714.33808178961,0,8
1487140800000,1487141279999,85714.33808178961,85714.33808178961,85714.33808178961,85714.33808178961,0,8
1487141280000,1487141759999,85714.33808178961,85714.33808178961,85714.33808178961,85714.33808178961,0,8
1487141760000,1487142239999,85714.33808178961,85715.51254598431,85712.41317767365,85714.4858445478,0,8
1487142240000,1487142719999,85714.42711858482,85714.53130957259,85711.46385132987,85712.90391184522,0,8
1487142720000,1487143199999,85712.92854265543,85713.64280976226,85712.17253860449,85713.0744315951,0,8
1487143200000,1487143679999,85713.0251706327,85715.04845968158,85712.80917739442,85715.04467113335,0,8
1487143680000,1487144159999,85715.04467113335,85716.70012999377,85714.27746053926,85714.64497123026,0,8
1487144160000,1487144639999,85714.55972510813,85715.12233608542,85712.88307034304,85713.6484933808,0,8
1487144640000,1487145119999,85713.61628616639,85714.36649787423,85713.00622404407,85713.27526223824,0,8
1487145120000,1487145599999,85713.20516143422,85713.20516143422,85712.04558495118,85712.81486148675,0,8
1487145600000,1487146079999,85712.80917739442,85713.40030569557,85708.66840510302,85710.52201538393,0,8
1487146080000,1487146559999,85710.53149103637,85714.21115562588,85707.540529291,85714.11453910793,0,8
1487146560000,1487147039999,85714.24904420164,85714.64307687987,85711.909155348,85713.04411718542,0,8
1487147040000,1487147519999,85713.04222253176,85714.93480260998,85712.47759974889,85714.16947802673,0,8
1487147520000,1487147999999,85714.01602718732,85714.71506194184,85711.69313800294,85711.94894750786,0,8
1487148000000,1487148479999,85711.93757833549,85713.52345302685,85711.73482592413,85713.52345302685,0,8
1487148480000,1487148959999,85713.52345302685,85716.27397970755,85712.07969206116,85714.99163130726,0,8
1487148960000,1487149439999,85714.96700557809,85715.53338200698,85710.46705642264,85710.81765151044,0,8
1487149440000,1487149919999,85710.83849731772,85711.04505796824,85708.64755477154,85710.11834425075,0,8
1487149920000,1487150399999,85710.09749694224,85710.77216959832,85706.29877098618,85706.54523909814,0,8
1487150400000,1487150879999,85706.48836238071,85707.4173082591,85704.59607917421,85705.21803139523,0,8
1487150880000,1487151359999,85705.21803139523,85706.51869667027,85704.66624035436,85705.62379644442,0,8
1487151360000,1487151839999,85705.64844519264,85706.8902842498,85704.99618092526,85705.06633929831,0,8
1487151840000,1487152319999,85705.10236637968,85707.62204390843,85705.03979294476,85707.62204390843,0,8
1487152320000,1487152799999,85707.52915510551,85708.3082569039,85705.35076009245,85706.24758069338,0,8
1487152800000,1487153279999,85706.28170758436,85707.30925164312,85705.34317564292,85705.97835335875,0,8
1487153280000,1487153759999,85705.9442254325,85706.1319275856,85703.94184988027,85705.8816572652,0,8
1487153760000,1487154239999,85705.87976125401,85708.10543089306,85705.87976125401,85707.74905373226,0,8
1487154240000,1487154719999,85707.76421897655,85708.11870001018,85705.53278515542,85706.43338124634,0,8
1487154720000,1487155199999,85706.43148533977,85706.43148533977,85703.23447555958,85703.42412505885,0,8
1487155200000,1487155679999,85703.38429896235,85703.93995350126,85700.51640310195,85700.62643015152,0,8
1487155680000,1487156159999,85700.67385523058,85701.05704161893,85699.4198604921,85699.7784317734,0,8
1487156160000,1487156639999,85699.78602044466,85702.70343782639,85699.76704875573,85701.86509943534,0,8
1487156640000,1487157119999,85701.82906068914,85704.57711660859,85701.36813263982,85703.3634376104,0,8
1487157120000,1487157599999,85703.3634376104,85703.40705675122,85700.20528558297,85700.26409512419,0,8
1487157600000,1487158079999,85700.33049257765,85702.44928836222,85700.33049257765,85702.19702914859,0,8
1487158080000,1487158559999,85702.09460629812,85706.65330397006,85701.58626996145,85705.35455231505,0,8
1487158560000,1487159039999,85705.34507175583,85706.05798473374,85704.22251000808,85704.87861714265,0,8
1487159040000,1487159519999,85704.89757913655,85704.99807710398,85702.3203145217,85702.58964035743,0,8
1487159520000,1487159999999,85702.54981093734,85705.07961244867,85702.03580752111,85705.07961244867,0,8
1487160000000,1487160479999,85705.01514269624,85707.02299075345,85704.05183924735,85705.25405793008,0,8
1487160480000,1487160959999,85705.17252400775,85708.61533144646,85705.17252400775,85708.204001057,0,8
1487160960000,1487161439999,85708.20020991482,85708.20020991482,85706.48836238071,85706.48836238071,0,8
1487161440000,1487161919999,85706.50921721468,85707.57844314919,85704.33249628823,85704.50505853131,0,8
1487161920000,1487162399999,85704.52402123356,85706.06177668816,85702.37342159865,85703.5436023967,0,8
1487162400000,1487162879999,85703.55498111635,85703.86599443949,85702.06615532015,85703.01068452427,0,8
1487162880000,1487163359999,85703.03723626488,85703.2382685848,85701.23345417848,85702.6560223717,0,8
1487163360000,1487163839999,85702.6256763627,85703.31792178238,85698.16381100894,85699.82586087425,0,8
1487163840000,1487164319999,85699.8448324516,85700.90528638948,85698.0120118665,85700.60176902154,0,8
1487164320000,1487164799999,85700.61125407873,85700.65488522594,85697.0518289073,85697.93041887533,0,8
1487164800000,1487165279999,85697.89626347204,85700.88821378206,85697.25108394015,85698.37822337155,0,8
1487165280000,1487165759999,85698.42186426278,85700.67764922719,85693.8821912007,85693.97710512421,0,8
1487165760000,1487166239999,85693.90117405748,85694.1916072728,85688.32625890397,85689.98234837911,0,8
1487166240000,1487166719999,85689.97095420507,85692.61215623128,85687.06881514868,85688.45351403825,0,8
1487166720000,1487167199999,85688.41932625082,85688.5237885676,85685.70292291927,85688.39653432759,0,8
1487167200000,1487167679999,85688.36994368484,85691.69322617658,85687.95777968035,85689.40502722506,0,8
1487167680000,1487168159999,85689.1239509155,85689.68419655011,85686.50272390032,85687.7621382857,0,8
1487168160000,1487168639999,85687.75643993529,85689.98994448793,85686.98903241607,85689.21701083877,0,8
1487168640000,1487169119999,85689.19042237762,85698.25299193055,85687.16569332543,85698.25299193055,0,8
1487169120000,1487169599999,85698.25299193055,85700.52209418593,85693.9979860665,85694.30360214155,0,8
1487169600000,1487170079999,85694.5712458152,85704.55056895631,85694.27892541379,85704.36662971543,0,8
1487170080000,1487170559999,85704.37421490565,85707.10450958966,85702.65981561635,85706.7860136186,0,8
1487170560000,1487171039999,85706.7860136186,85708.39734740269,85703.0163741889,85706.82772200156,0,8
1487171040000,1487171519999,85706.82582616975,85706.98697059088,85695.89417351116,85697.85072275285,0,8
1487171520000,1487171999999,85697.87918572663,85705.42470817389,85697.67045537077,85703.42981448828,0,8
1487172000000,1487172479999,85703.42222858168,85703.64790684204,85698.3839156725,85702.93102887941,0,8
1487172480000,1487172959999,85702.96327052638,85711.44869169514,85702.81154422242,85710.59023988119,0,8
1487172960000,1487173439999,85710.34387144666,85713.97434877492,85706.30445878033,85707.76421897655,0,8
1487173440000,1487173919999,85707.77180159006,85715.71522181673,85707.28271124304,85711.70261254573,0,8
1487173920000,1487174399999,85711.6893481833,85715.00110272542,85709.95535504386,85713.82089494116,0,8
1487174400000,1487174879999,85713.74700892209,85715.67923295015,85710.73616293784,85713.53292583568,0,8
1487174880000,1487175359999,85713.56513331857,85722.32929112761,85713.54239863553,85721.69136514026,0,8
1487175360000,1487175839999,85721.6819000566,85726.92229253035,85721.31843406762,85723.91919659404,0,8
1487175840000,1487176319999,85723.94380028769,85731.84602350886,85723.93055215248,85730.43705884117,0,8
1487176320000,1487176799999,85730.43705884117,85730.43705884117,85718.71888854745,85719.7470488751,0,8
1487176800000,1487177279999,85719.6769934243,85722.55454310462,85709.65021694468,85716.24746308957,0,8
1487177280000,1487177759999,85716.22473450394,85718.39318772256,85715.12233608542,85717.45957948227,0,8
1487177760000,1487178239999,85717.45957948227,85722.36336318092,85717.18118449564,85720.06323899247,0,8
1487178240000,1487178719999,85720.02726577056,85720.10489203512,85714.76052592452,85715.0314112032,0,8
1487178720000,1487179199999,85715.03330548001,85719.26611779242,85714.0785444802,85717.93491627314,0,8
1487179200000,1487179679999,85717.92166017489,85722.40311376305,85717.04482493973,85721.09504737389,0,8
1487179680000,1487180159999,85721.0685435367,85724.0441070276,85719.35700417894,85723.32868978573,0,8
1487180160000,1487180639999,85723.32111895923,85726.28465948453,85722.98042583418,85725.38963413134,0,8
1487180640000,1487181119999,85725.34611077156,85727.40285555353,85722.41447104322,85727.2231201184,0,8
1487181120000,1487181599999,85727.21555223974,85730.2195499628,85725.28744855212,85726.61388755825,0,8
1487181600000,1487182079999,85726.6498370938,85731.57559333669,85726.45873544864,85731.31461183063,0,8
1487182080000,1487182559999,85731.31272063544,85733.11297657163,85718.79652496908,85721.32411332529,0,8
1487182560000,1487183039999,85721.32411332529,85727.6506959602,85720.99660419594,85726.82769078946,0,8
1487183040000,1487183519999,85726.82769078946,85733.34743983514,85726.82769078946,85732.0616059597,0,8
1487183520000,1487183999999,85732.05404174185,85732.43602759177,85729.15085066056,85729.91881250346,0,8
1487184000000,1487184479999,85729.91692104428,85734.33061301602,85729.91692104428,85734.13209545067,0,8
1487184480000,1487184959999,85734.07915676764,85741.92614840102,85732.61377840857,85741.31970027024,0,8
1487184960000,1487185439999,85741.31592166192,85741.31592166192,85735.723906362,85739.74200714717,0,8
1487185440000,1487185919999,85739.42454898926,85741.69188619283,85733.24155388074,85733.2566805143,0,8
1487185920000,1487186399999,85732.86905330989,85736.70306558258,85732.75938044702,85734.23419069078,0,8
1487186400000,1487186879999,85734.19070580852,85740.1312575624,85734.12075147075,85739.69476698812,0,8
1487186880000,1487187359999,85739.66453316923,85742.3020899907,85736.95823611732,85739.25447797327,0,8
1487187360000,1487187839999,85739.28093365462,85744.57255230586,85737.87490617884,85743.88882339164,0,8
1487187840000,1487188319999,85743.89826747957,85745.81334421977,85741.59553482092,85744.55744277975,0,8
1487188320000,1487188799999,85744.55744277975,85748.86273406804,85744.1608095536,85748.34166582515,0,8
1487188800000,1487189279999,85748.3246740123,85750.41822556967,85746.31188391401,85747.98105560087,0,8
1487189280000,1487189759999,85747.99804799764,85757.52057498341,85747.97161536799,85755.73036782676,0,8
1487189760000,1487190239999,85755.73225440973,85759.77061264284,85755.49454215249,85759.67443530541,0,8
1487190240000,1487190719999,85759.58768632528,85759.60654486323,85754.97947954254,85757.92422336122,0,8
1487190720000,1487191199999,85757.89027225609,85759.33120667815,85755.44360307648,85757.08484279341,0,8
1487191200000,1487191679999,85756.84716268703,85762.0012901624,85755.09456909401,85755.22097740285,0,8
1487191680000,1487192159999,85755.33983748934,85758.66357439618,85753.44168058268,85757.24329305926,0,8
1487203200000,1487203679999,85769.59091695672,85769.59091695672,85769.59091695672,85769.59091695672,0,8
1487203680000,1487204159999,85769.59091695672,85769.59091695672,85769.59091695672,85769.59091695672,0,8
1487204160000,1487204639999,85769.59091695672,85769.59091695672,85769.59091695672,85769.59091695672,0,8
1487204640000,1487205119999,85769.59091695672,85769.59091695672,85769.59091695672,85769.59091695672,0,8
1487205120000,1487205599999,85769.59091695672,85769.59091695672,85769.59091695672,85769.59091695672,0,8
1487205600000,1487206079999,85769.59091695672,85769.59091695672,85769.59091695672,85769.59091695672,0,8
1487206080000,1487206559999,85769.59091695672,85769.59091695672,85769.59091695672,85769.59091695672,0,8
1487206560000,1487207039999,85769.59091695672,85769.59091695672,85769.59091695672,85769.59091695672,0,8
1487207040000,1487207519999,85769.59091695672,85769.59091695672,85769.59091695672,85769.59091695672,0,8
1487207520000,1487207999999,85769.59091695672,85769.59091695672,85769.59091695672,85769.59091695672,0,8
1487208000000,1487208479999,85769.59091695672,85769.59091695672,85769.59091695672,85769.59091695672,0,8
1487208480000,1487208959999,85769.59091695672,85769.59091695672,85769.59091695672,85769.59091695672,0,8
1487208960000,1487209439999,85769.59091695672,85769.59091695672,85769.59091695672,85769.59091695672,0,8
1487209440000,1487209919999,85769.59091695672,85769.59091695672,85769.59091695672,85769.59091695672,0,8
1487209920000,1487210399999,85769.59091695672,85769.59091695672,85769.59091695672,85769.59091695672,0,8
1487210400000,1487210879999,85769.59091695672,85769.59091695672,85769.59091695672,85769.59091695672,0,8
1487210880000,1487211359999,85769.59091695672,85769.59091695672,85769.59091695672,85769.59091695672,0,8
1487211360000,1487211839999,85769.59091695672,85769.59091695672,85769.59091695672,85769.59091695672,0,8
1487211840000,1487212319999,85769.59091695672,85769.59091695672,85769.59091695672,85769.59091695672,0,8
1487212320000,1487212799999,85769.59091695672,85769.59091695672,85769.59091695672,85769.59091695672,0,8
1487212800000,1487213279999,85769.59091695672,85769.59091695672,85769.59091695672,85769.59091695672,0,8
1487213280000,1487213759999,85769.59091695672,85769.59091695672,85769.59091695672,85769.59091695672,0,8
1487213760000,1487214239999,85769.59091695672,85769.59091695672,85769.59091695672,85769.59091695672,0,8
1487214240000,1487214719999,85769.59091695672,85769.59091695672,85769.59091695672,85769.59091695672,0,8
1487214720000,1487215199999,85769.59091695672,85769.59091695672,85769.59091695672,85769.59091695672,0,8
1487215200000,1487215679999,85769.59091695672,85769.59091695672,85769.59091695672,85769.59091695672,0,8
1487215680000,1487216159999,85769.59091695672,85769.59091695672,85769.59091695672,85769.59091695672,0,8
1487216160000,1487216639999,85769.59091695672,85769.59091695672,85769.59091695672,85769.59091695672,0,8
1487216640000,1487217119999,85769.59091695672,85769.59091695672,85769.59091695672,85769.59091695672,0,8
1487217120000,1487217599999,85769.59091695672,85769.59091695672,85769.59091695672,85769.59091695672,0,8
1487217600000,1487218079999,85769.59091695672,85769.59091695672,85769.59091695672,85769.59091695672,0,8
1487218080000,1487218559999,85769.59091695672,85769.59091695672,85769.59091695672,85769.59091695672,0,8
1487218560000,1487219039999,85769.59091695672,85769.59091695672,85769.59091695672,85769.59091695672,0,8
1487219040000,1487219519999,85769.59091695672,85769.59091695672,85769.59091695672,85769.59091695672,0,8
1487219520000,1487219999999,85769.59091695672,85769.59091695672,85769.59091695672,85769.59091695672,0,8
1487220000000,1487220479999,85769.59091695672,85769.59091695672,85769.59091695672,85769.59091695672,0,8
1487220480000,1487220959999,85769.59091695672,85769.59091695672,85769.59091695672,85769.59091695672,0,8
1487220960000,1487221439999,85769.59091695672,85769.59091695672,85769.59091695672,85769.59091695672,0,8
1487221440000,1487221919999,85769.59091695672,85769.59091695672,85769.59091695672,85769.59091695672,0,8
1487221920000,1487222399999,85769.59091695672,85769.59091695672,85769.59091695672,85769.59091695672,0,8
1487222400000,1487222879999,85769.59091695672,85769.59091695672,85769.59091695672,85769.59091695672,0,8
1487222880000,1487223359999,85769.59091695672,85769.59091695672,85769.59091695672,85769.59091695672,0,8
1487223360000,1487223839999,85769.59091695672,85769.59091695672,85769.59091695672,85769.59091695672,0,8
1487223840000,1487224319999,85769.59091695672,85769.59091695672,85769.59091695672,85769.59091695672,0,8
1487224320000,1487224799999,85769.59091695672,85769.59091695672,85769.59091695672,85769.59091695672,0,8
1487224800000,1487225279999,85769.59091695672,85769.59091695672,85769.59091695672,85769.59091695672,0,8
1487225280000,1487225759999,85769.59091695672,85769.59091695672,85769.59091695672,85769.59091695672,0,8
1487225760000,1487226239999,85769.59091695672,85769.59091695672,85769.59091695672,85769.59091695672,0,8
1487226240000,1487226719999,85769.59091695672,85769.59091695672,85769.59091695672,85769.59091695672,0,8
1487226720000,1487227199999,85769.59091695672,85769.59091695672,85769.59091695672,85769.59091695672,0,8
1487227200000,1487227679999,85769.59091695672,85769.59091695672,85769.59091695672,85769.59091695672,0,8
1487227680000,1487228159999,85769.59091695672,85769.59091695672,85769.59091695672,85769.59091695672,0,8
1487228160000,1487228639999,85769.59091695672,85769.96205216988,85767.92158016376,85768.47742866522,0,8
1487228640000,1487229119999,85768.47742866522,85769.29324525806,85766.90024576876,85768.92020112558,0,8
1487229120000,1487229599999,85768.92020112558,85769.78308005571,85768.60178376158,85769.10295680807,0,8
1487229600000,1487230079999,85769.1180292926,85769.55700543827,85768.36060883268,85768.51699636363,0,8
1487230080000,1487230559999,85768.45105011266,85769.79061578827,85768.45105011266,85769.04455071599,0,8
1487230560000,1487231039999,85768.96918751244,85769.45903818344,85768.42278730053,85768.5527955749,0,8
1487231040000,1487231519999,85768.5527955749,85771.19781429856,85767.8386712987,85771.16202455501,0,8
1487231520000,1487231999999,85771.16202455501,85771.44080443346,85768.52830139156,85769.22918816435,0,8
1487232000000,1487232479999,85769.22918816435,85774.38258858082,85769.22918816435,85772.56714669842,0,8
1487232480000,1487232959999,85772.41835624706,85776.66272339167,85770.31245145555,85775.26947405896,0,8
1487232960000,1487233439999,85775.71382871203,85775.89081193141,85773.03422132722,85775.09812864251,0,8
1487233440000,1487233919999,85775.07176754864,85776.36149674024,85773.56718709636,85775.6611097008,0,8
1487233920000,1487234399999,85775.6611097008,85775.91152252894,85772.19422467917,85773.3317816901,0,8
1487234400000,1487234879999,85773.35438084956,85773.96077255733,85770.29549693408,85770.69486247041,0,8
1487234880000,1487235359999,85770.61197659522,85771.33908835128,85769.39121413711,85770.83802736396,0,8
1487235360000,1487235839999,85770.87570199529,85770.87570199529,85767.34497245977,85767.68415748863,0,8
1487235840000,1487236319999,85767.61443706095,85770.27477470213,85766.88328546107,85769.95828436891,0,8
1487236320000,1487236799999,85769.91495455566,85770.7833988964,85768.66584487438,85769.45715418838,0,8
1487236800000,1487237279999,85769.25179659721,85769.70583846956,85766.09742632674,85767.05665613945,0,8
1487237280000,1487237759999,85767.07738504112,85768.27581938983,85766.08234928874,85767.12826489034,0,8
1487237760000,1487238239999,85767.11695827954,85768.43409243497,85766.24254165529,85768.31727209617,0,8
1487238240000,1487238719999,85768.28147204174,85768.34176679641,85764.93831272885,85765.10606268642,0,8
1487238720000,1487239199999,85765.11548675784,85767.17537563102,85765.11548675784,85767.01896711721,0,8
1487239200000,1487239679999,85767.05665613945,85767.11130496937,85763.86012224056,85763.92421373609,0,8
1487239680000,1487240159999,85763.1343516439,85766.53465054106,85763.05517348304,85765.9504242365,0,8
1487240160000,1487240639999,85765.99565587906,85767.19045102116,85764.98920346277,85765.24930761375,0,8
1487240640000,1487241119999,85765.2361140878,85766.11438796736,85764.95150664769,85766.04842587012,0,8
1487241120000,1487241599999,85765.9278083385,85766.30661788338,85764.91946424314,85765.00239731447,0,8
1487241600000,1487242079999,85765.00993665049,85766.36315539075,85764.75925068035,85766.0785800257,0,8
1487242080000,1487242559999,85766.10308021016,85766.90589919826,85765.43589990235,85766.2971949344,0,8
1487242560000,1487243039999,85766.29531034354,85771.00567838385,85766.15584963435,85770.59879014263,0,8
1487243040000,1487243519999,85770.60067392264,85770.97177166276,85767.58994057908,85767.95738150663,0,8
1487243520000,1487243999999,85767.98376136147,85768.16464992,85766.05596441754,85766.23500324851,0,8
1487244000000,1487244479999,85766.20484956462,85766.44230736404,85764.70835877616,85765.0872145169,0,8
1487244480000,1487244959999,85765.03632428177,85767.50891332688,85765.03632428177,85767.44484480222,0,8
1487244960000,1487245439999,85767.4844165865,85768.96730342507,85764.71589833387,85765.76949562038,0,8
1487245440000,1487245919999,85765.76949562038,85766.16904194688,85764.49159406115,85765.5131744771,0,8
1487245920000,1487246399999,85765.24365324763,85766.94358864664,85764.81014232554,85766.94358864664,0,8
1487246400000,1487246879999,85766.93605076832,85768.09493284224,85766.72310335851,85766.92097499466,0,8
1487246880000,1487247359999,85767.03781164609,85768.18726075973,85766.87386305547,85767.58994057908,0,8
1487247360000,1487247839999,85767.61443706095,85769.44773420767,85767.60501534426,85768.01767821543,0,8
1487247840000,1487248319999,85767.9178115939,85768.79961822784,85767.43919167737,85768.74686275286,0,8
1487248320000,1487248799999,85768.65642414823,85769.28947720506,85766.94924205163,85767.58617188424,0,8
1487248800000,1487249279999,85767.58617188424,85768.6187411549,85766.44607649,85766.60626303004,0,8
1487249280000,1487249759999,85766.60626303004,85767.39208217955,85762.90624143422,85764.06182055926,0,8
1487249760000,1487250239999,85764.09575071781,85764.904385429,85762.72148720258,85762.9175528069,0,8
1487250240000,1487250719999,85762.83837292944,85763.93175388502,85762.47451448016,85763.2908209277,0,8
1487250720000,1487251199999,85763.25877320148,85764.33702852509,85762.67435547459,85762.97976512795,0,8
1487251200000,1487251679999,85762.9646833887,85763.6395689553,85761.1905351001,85761.30932425398,0,8
1487251680000,1487252159999,85761.28669785729,85764.7196681106,85760.02142370076,85763.6056372489,0,8
1487252160000,1487252639999,85763.40392972875,85763.65464967676,85762.12195506372,85762.98165034375,0,8
1487252640000,1487253119999,85762.89115958408,85763.7734095634,85760.41365695438,85761.32063743313,0,8
1487253120000,1487253599999,85761.04911760087,85766.19542651974,85760.29674288245,85764.79129359825,0,8
1487253600000,1487254079999,85764.35022323728,85766.60060943115,85764.00904008382,85765.25307718941,0,8
1487254080000,1487254559999,85765.30396632147,85766.49884410425,85763.2568880379,85763.26631385217,0,8
1487254560000,1487255039999,85763.23049571068,85764.3973470673,85762.48205572226,85763.31532794317,0,8
1487255040000,1487255519999,85763.28893577016,85764.8591488502,85757.58282088925,85763.68481105143,0,8
1487255520000,1487255999999,85763.68481105143,85775.88139800925,85763.68481105143,85773.7555074315,0,8
1487256000000,1487256479999,85773.7555074315,85783.01084673511,85768.36060883268,85772.21117598176,0,8
1487256480000,1487256959999,85772.51252767598,85773.26963373822,85750.5748939468,85761.54312735559,0,8
1487256960000,1487257439999,85761.66191232113,85762.23319172981,85749.05529589551,85755.45303625827,0,8
1487257440000,1487257919999,85754.47948496691,85764.1636106895,85752.39055799883,85762.5763207688,0,8
1487257920000,1487258399999,85762.5763207688,85764.7234378859,85754.59080667733,85759.97993659155,0,8
1487258400000,1487258879999,85759.97993659155,85770.8738182671,85759.64991936556,85763.34926063466,0,8
1487258880000,1487259359999,85763.34926063466,85776.51022853341,85763.34926063466,85776.38408905384,0,8
1487259360000,1487259839999,85776.38408905384,85776.38408905384,85769.29324525806,85769.91872237295,0,8
1487259840000,1487260319999,85770.29738077123,85774.92678029009,85748.61730675642,85748.61730675642,0,8
1487260320000,1487260799999,85748.61730675642,85749.2459662083,85731.7798349818,85746.30055374243,0,8
1487260800000,1487261279999,85746.30055374243,85747.15783379726,85731.66636791619,85732.16750440876,0,8
1487261280000,1487261759999,85732.16750440876,85739.57383116405,85729.94718434826,85739.19211787602,0,8
1487261760000,1487262239999,85738.68755369606,85748.24349050783,85737.79930770349,85746.77452162316,0,8
1487262240000,1487262719999,85746.77452162316,85750.90521079524,85744.3534619426,85745.84922480049,0,8
1487262720000,1487263199999,85745.87943992655,85747.6374253817,85735.12842481908,85739.86294093743,0,8
1487263200000,1487263679999,85739.90451159007,85745.63205089585,85737.72370865665,85740.5053771768,0,8
1487263680000,1487264159999,85740.4297985849,85747.79980157223,85737.81631741028,85744.69342769298,0,8
1487264160000,1487264639999,85744.80863568636,85747.5373550209,85740.55072405777,85742.01682907282,0,8
1487264640000,1487265119999,85741.94881864607,85742.78191450347,85736.43465695651,85739.23180161927,0,8
1487265120000,1487265599999,85739.22991192077,85745.80956730903,85736.9317742904,85744.986166717,0,8
1487265600000,1487266079999,85744.90495610474,85749.91989055593,85743.9435989775,85748.26237045141,0,8
1487266080000,1487266559999,85747.78658500411,85749.41020405832,85743.76416059506,85746.12871123287,0,8
1487266560000,1487267039999,85745.96819633128,85752.58682625981,85745.96819633128,85751.39972191071,0,8
1487267040000,1487267519999,85751.40349671069,85752.50945173227,85746.66877774804,85751.263828163,0,8
1487267520000,1487267999999,85751.46766809205,85753.00954481574,85740.62819117038,85740.62819117038,0,8
1487268000000,1487268479999,85740.62819117038,85741.72589233774,85734.65768574255,85737.52714846008,0,8
1487268480000,1487268959999,85737.85600661358,85740.99851346608,85736.24563247406,85738.81039001694,0,8
1487268960000,1487269439999,85738.74802715029,85742.55522862643,85736.60288574088,85741.20256274853,0,8
1487269440000,1487269919999,85741.16666549137,85742.17740741176,85734.46484646974,85737.88246599493,0,8
1487269920000,1487270399999,85738.23777090517,85743.118155757,85735.6312782287,85742.59112089935,0,8
1487270400000,1487270879999,85742.59112089935,85744.00592945158,85733.02410599471,85733.0921771457,0,8
1487270880000,1487271359999,85733.20373719673,85740.15771092428,85732.02945799433,85737.9826330187,0,8
1487271360000,1487271839999,85737.96184371893,85745.55084552869,85737.57250884837,85744.03237256565,0,8
1487271840000,1487272319999,85743.89071220995,85747.93763045577,85741.80901798292,85747.1597219982,0,8
1487272320000,1487272799999,85747.1597219982,85747.1597219982,85734.4364874395,85736.66526198662,0,8
1487272800000,1487273279999,85736.83537704301,85740.08024016688,85732.5740683938,85736.156789733,0,8
1487273280000,1487273759999,85736.22862009538,85738.86897296166,85734.34384738025,85737.03195083738,0,8
1487273760000,1487274239999,85737.03195083738,85741.39338284702,85733.10541314904,85740.05945522743,0,8
1487274240000,1487274719999,85739.85160345673,85742.07539323633,85735.98099219581,85736.33636467156,0,8
1487274720000,1487275199999,85736.23996168438,85746.07583602045,85735.64640124784,85744.02481739734,0,8
1487275200000,1487275679999,85744.09470248641,85746.53848464994,85742.53255975609,85744.6783183495,0,8
1487275680000,1487276159999,85744.27413493779,85747.82812273076,85741.68810772515,85747.77525650327,0,8
1487276160000,1487276639999,85747.74127092374,85750.45408963166,85743.4789413819,85749.42341848073,0,8
1487276640000,1487277119999,85749.42341848073,85751.42992027052,85745.69625932396,85751.17323130525,0,8
1487277120000,1487277599999,85751.35819901706,85754.12853044606,85751.10150821075,85752.1169083208,0,8
1487277600000,1487278079999,85752.1169083208,85753.76812884542,85747.27678976042,85747.27678976042,0,8
1487278080000,1487278559999,85747.3183296047,85753.82851117122,85745.49419023086,85753.72095489969,0,8
1487548800000,1487549279999,85825.54998560861,85825.54998560861,85825.54998560861,85825.54998560861,0,8
1487549280000,1487549759999,85825.54998560861,85825.54998560861,85825.54998560861,85825.54998560861,0,8
1487549760000,1487550239999,85825.54998560861,85825.54998560861,85825.54998560861,85825.54998560861,0,8
1487550240000,1487550719999,85825.54998560861,85825.54998560861,85825.54998560861,85825.54998560861,0,8
1487550720000,1487551199999,85825.54998560861,85825.54998560861,85825.54998560861,85825.54998560861,0,8
1487551200000,1487551679999,85825.54998560861,85825.54998560861,85825.54998560861,85825.54998560861,0,8
1487551680000,1487552159999,85825.54998560861,85825.54998560861,85825.54998560861,85825.54998560861,0,8
1487552160000,1487552639999,85825.54998560861,85825.54998560861,85825.54998560861,85825.54998560861,0,8
1487552640000,1487553119999,85825.54998560861,85825.54998560861,85825.54998560861,85825.54998560861,0,8
1487553120000,1487553599999,85825.54998560861,85825.54998560861,85825.54998560861,85825.54998560861,0,8
1487553600000,1487554079999,85825.54998560861,85825.54998560861,85825.54998560861,85825.54998560861,0,8
1487554080000,1487554559999,85825.54998560861,85825.54998560861,85825.54998560861,85825.54998560861,0,8
1487554560000,1487555039999,85825.54998560861,85825.54998560861,85825.54998560861,85825.54998560861,0,8
1487555040000,1487555519999,85825.54998560861,85825.54998560861,85825.54998560861,85825.54998560861,0,8
1487555520000,1487555999999,85825.54998560861,85825.54998560861,85825.54998560861,85825.54998560861,0,8
1487556000000,1487556479999,85825.54998560861,85825.54998560861,85825.54998560861,85825.54998560861,0,8
1487556480000,1487556959999,85825.54998560861,85825.54998560861,85825.54998560861,85825.54998560861,0,8
1487556960000,1487557439999,85825.54998560861,85825.54998560861,85825.54998560861,85825.54998560861,0,8
1487557440000,1487557919999,85825.54998560861,85825.54998560861,85825.54998560861,85825.54998560861,0,8
1487557920000,1487558399999,85825.54998560861,85825.54998560861,85825.54998560861,85825.54998560861,0,8
1487558400000,1487558879999,85825.54998560861,85825.54998560861,85825.54998560861,85825.54998560861,0,8
1487558880000,1487559359999,85825.54998560861,85825.54998560861,85825.54998560861,85825.54998560861,0,8
1487559360000,1487559839999,85825.54998560861,85825.54998560861,85825.54998560861,85825.54998560861,0,8
1487559840000,1487560319999,85825.54998560861,85825.54998560861,85825.54998560861,85825.54998560861,0,8
1487560320000,1487560799999,85825.54998560861,85825.54998560861,85825.54998560861,85825.54998560861,0,8
1487560800000,1487561279999,85825.54998560861,85825.54998560861,85825.54998560861,85825.54998560861,0,8
1487561280000,1487561759999,85825.54998560861,85825.54998560861,85825.54998560861,85825.54998560861,0,8
1487561760000,1487562239999,85825.54998560861,85825.54998560861,85825.54998560861,85825.54998560861,0,8
1487562240000,1487562719999,85825.54998560861,85825.54998560861,85825.54998560861,85825.54998560861,0,8
1487562720000,1487563199999,85825.54998560861,85825.54998560861,85825.54998560861,85825.54998560861,0,8
1487563200000,1487563679999,85825.54998560861,85825.54998560861,85825.54998560861,85825.54998560861,0,8
1487563680000,1487564159999,85825.54998560861,85825.54998560861,85825.54998560861,85825.54998560861,0,8
1487564160000,1487564639999,85825.54998560861,85825.54998560861,85825.54998560861,85825.54998560861,0,8
1487564640000,1487565119999,85825.54998560861,85825.54998560861,85825.54998560861,85825.54998560861,0,8
1487565120000,1487565599999,85825.54998560861,85825.54998560861,85825.54998560861,85825.54998560861,0,8
1487565600000,1487566079999,85825.54998560861,85825.54998560861,85825.54998560861,85825.54998560861,0,8
1487566080000,1487566559999,85825.54998560861,85825.54998560861,85825.54998560861,85825.54998560861,0,8
1487566560000,1487567039999,85825.54998560861,85825.54998560861,85825.54998560861,85825.54998560861,0,8
1487567040000,1487567519999,85825.54998560861,85825.54998560861,85825.54998560861,85825.54998560861,0,8
1487567520000,1487567999999,85825.54998560861,85825.54998560861,85825.54998560861,85825.54998560861,0,8
1487568000000,1487568479999,85825.54998560861,85825.54998560861,85825.54998560861,85825.54998560861,0,8
1487568480000,1487568959999,85825.54998560861,85825.54998560861,85825.54998560861,85825.54998560861,0,8
1487568960000,1487569439999,85825.54998560861,85825.54998560861,85825.54998560861,85825.54998560861,0,8
1487569440000,1487569919999,85825.54998560861,85825.54998560861,85825.54998560861,85825.54998560861,0,8
1487569920000,1487570399999,85825.54998560861,85825.54998560861,85825.54998560861,85825.54998560861,0,8
1487570400000,1487570879999,85825.54998560861,85825.54998560861,85825.54998560861,85825.54998560861,0,8
1487570880000,1487571359999,85825.54998560861,85825.54998560861,85825.54998560861,85825.54998560861,0,8
1487571360000,1487571839999,85825.54998560861,85825.54998560861,85825.54998560861,85825.54998560861,0,8
1487571840000,1487572319999,85825.54998560861,85825.54998560861,85825.54998560861,85825.54998560861,0,8
1487572320000,1487572799999,85825.54998560861,85825.54998560861,85825.54998560861,85825.54998560861,0,8
1487572800000,1487573279999,85825.54998560861,85825.54998560861,85825.54998560861,85825.54998560861,0,8
1487573280000,1487573759999,85825.54998560861,85825.54998560861,85825.54998560861,85825.54998560861,0,8
1487573760000,1487574239999,85825.54998560861,85825.78229157507,85822.56699723926,85823.53956419932,0,8
1487574240000,1487574719999,85823.53956419932,85834.84363263866,85820.7434134986,85834.84363263866,0,8
1487574720000,1487575199999,85834.84363263866,85837.3626459623,85833.14022540828,85835.25914510408,0,8
1487575200000,1487575679999,85835.25914510408,85835.30967922635,85830.10145010681,85831.38410190596,0,8
1487575680000,1487576159999,85831.38410190596,85834.06496819378,85830.96468350815,85833.34427519755,0,8
1487576160000,1487576639999,85833.27875507683,85834.14171425799,85832.39887186485,85833.20574643662,0,8
1487576640000,1487577119999,85833.20574643662,85833.73364305886,85830.55835515939,85831.03209122278,0,8
1487577120000,1487577599999,85831.03209122278,85831.03209122278,85827.73232483577,85828.88043745133,0,8
1487577600000,1487578079999,85828.88043745133,85830.59393295544,85824.47643713925,85825.34765020845,0,8
1487578080000,1487578559999,85825.37013212175,85827.52254124064,85820.88211500506,85822.40770461842,0,8
1487578560000,1487579039999,85822.05912603192,85822.65694959824,85815.82388905587,85816.55334637089,0,8
1487579040000,1487579519999,85816.44083714513,85821.5362353685,85813.01620077298,85821.39566869929,0,8
1487579520000,1487579999999,85821.39192022773,85823.50021361515,85817.54337297867,85819.32817330888,0,8
1487580000000,1487580479999,85818.96261514886,85818.96261514886,85815.6682396043,85817.53587314553,0,8
1487580480000,1487580959999,85817.52837330679,85819.87929727384,85817.01087084853,85818.40956586461,0,8
1487580960000,1487581439999,85818.38894309639,85819.41065637922,85817.29400051135,85818.04022439386,0,8
1487581440000,1487581919999,85817.78898940513,85819.05447461025,85814.74179394991,85814.74179394991,0,8
1487581920000,1487582399999,85814.7793035383,85814.85244683098,85810.32405595685,85811.68428939376,0,8
1487582400000,1487582879999,85811.88502541961,85812.56974883711,85809.5228387818,85809.57913248331,0,8
1487582880000,1487583359999,85809.55286212871,85810.34657167141,85803.89937776509,85807.72127299108,0,8
1487583360000,1487583839999,85807.79071435315,85808.87731501974,85806.69085665786,85808.0121727732,0,8
1487583840000,1487584319999,85808.0121727732,85808.96176090415,85804.66537557337,85807.76068571521,0,8
1487584320000,1487584799999,85807.74942495275,85810.27151909239,85807.45101012664,85808.94487178432,0,8
1487584800000,1487585279999,85809.2620071624,85810.53420065463,85808.88857451221,85809.50407414422,0,8
1487585280000,1487585759999,85809.55286212871,85810.75372209601,85808.77785561912,85810.03885251764,0,8
1487585760000,1487586239999,85810.01258337073,85811.29781429614,85810.00132514378,85811.1233327806,0,8
1487586240000,1487586719999,85811.0820571381,85811.77996781522,85810.20021862056,85810.50980908588,0,8
1487586720000,1487587199999,85810.50042769745,85812.28460943956,85810.50042769745,85811.63175967507,0,8
1487587200000,1487587679999,85811.7461990651,85812.80798407302,85810.41974739362,85812.60726657363,0,8
1487587680000,1487588159999,85812.34276352933,85812.76859123669,85810.08576153695,85810.52857183634,0,8
1487588160000,1487588639999,85810.58110735034,85811.295938167,85807.629309364,85807.93897943123,0,8
1487588640000,1487589119999,85807.80385185388,85808.42880159302,85806.62891568105,85808.39126817657,0,8
1487589120000,1487589599999,85808.40065154388,85810.4629020557,85807.52420704032,85810.2133529562,0,8
1487589600000,1487590079999,85810.18708426769,85810.42912885774,85807.61429481397,85809.20946471796,0,8
1487590080000,1487590559999,85809.25262460328,85809.97130314328,85809.02556398831,85809.16067505805,0,8
1487590560000,1487591039999,85809.19445254027,85809.6767074819,85808.15668113185,85809.49093887696,0,8
1487591040000,1487591519999,85809.6748310486,85810.80250398412,85809.13628013885,85809.34082031144,0,8
1487591520000,1487591999999,85809.38773260523,85811.00138152677,85809.36521473168,85810.65428135636,0,8
1487592000000,1487592479999,85810.70306372955,85811.02201953583,85808.80600460645,85809.10250246015,0,8
1487592480000,1487592959999,85809.09124320856,85810.69180627994,85808.97489686652,85810.14580476056,0,8
1487592960000,1487593439999,85810.16456819401,85810.75184586478,85807.16009401961,85807.80385185388,0,8
1487593440000,1487593919999,85807.83575714099,85809.87748381081,85807.16760163842,85809.72361820002,0,8
1487593920000,1487594399999,85809.77240511341,85811.10457114605,85809.62041432969,85810.74058847009,0,8
1487594400000,1487594879999,85810.75747455738,85810.7631032468,85807.61992527288,85809.07810739902,0,8
1487594880000,1487595359999,85809.18882296782,85811.19462667091,85809.03869986688,85810.64302385181,0,8
1487595360000,1487595839999,85810.69180627994,85810.82689483893,85808.13040704015,85809.04995917763,0,8
1487595840000,1487596319999,85809.0762308534,85809.93002274542,85808.56955065012,85809.05934192688,0,8
1487596320000,1487596799999,85809.05934192688,85809.42901524175,85807.00243272223,85807.28584589146,0,8
1487596800000,1487597279999,85807.30649157002,85809.57913248331,85806.97615559767,85808.21861264629,0,8
1487597280000,1487597759999,85808.16418800251,85808.49823804211,85806.68334868111,85807.70625857913,0,8
1487597760000,1487598239999,85807.65183114678,85808.63523286549,85806.95175534875,85808.35373461922,0,8
1487598240000,1487598719999,85808.31807760925,85810.78561797286,85807.95774700589,85808.20547569044,0,8
1487598720000,1487599199999,85808.20547569044,85808.93548892764,85807.62367891039,85808.27116029717,0,8
1487599200000,1487599679999,85808.24676320788,85810.8400283515,85807.82074290092,85810.434757732,0,8
1487599680000,1487600159999,85810.61488003505,85813.44012407819,85810.61488003505,85812.04073376737,0,8
1487600160000,1487600639999,85811.65427244545,85817.61087122372,85811.50606244238,85817.58087205995,0,8
1487600640000,1487601119999,85817.58837185932,85819.04322655828,85811.67866122282,85811.99008192032,0,8
1487601120000,1487601599999,85811.92817375882,85811.98257792115,85803.26475670782,85807.82261968215,0,8
1487601600000,1487602079999,85807.84889458255,85809.62041432969,85806.96114006692,85807.58614247188,0,8
1487602080000,1487602559999,85807.72502659056,85808.7609661887,85806.37927088521,85808.26177680834,0,8
1487602560000,1487603039999,85808.26177680834,85814.10035821395,85808.26177680834,85814.10035821395,0,8
1487603040000,1487603519999,85814.10035821395,85815.52383975401,85813.03495882136,85814.91246144079,0,8
1487603520000,1487603999999,85814.99123006957,85815.68699267866,85813.39510652696,85814.00470199117,0,8
1487604000000,1487604479999,85813.4663842228,85816.44271230928,85813.04808943428,85813.92029868177,0,8
1487604480000,1487604959999,85814.07972655703,85816.60022484137,85814.02158256756,85814.65739686161,0,8
1487604960000,1487605439999,85814.61801130997,85814.85994867691,85813.90904485335,85814.42858339446,0,8
1487605440000,1487605919999,85814.37419253783,85816.11080278028,85813.81151114327,85815.90640103558,0,8
1487605920000,1487606399999,85815.96828457357,85819.01135700896,85815.48633295824,85817.91460768848,0,8
1487606400000,1487606879999,85817.91460768848,85820.18483930966,85817.5096236853,85818.53705112413,0,8
1487606880000,1487607359999,85818.55017451447,85821.3300702441,85818.55017451447,85821.27759117015,0,8
1487607360000,1487607839999,85821.27009413709,85823.7082078063,85820.75840834879,85823.38590865907,0,8
1487607840000,1487608319999,85823.41401655631,85827.05238523587,85823.38216093347,85826.46981067765,0,8
1487608320000,1487608799999,85826.47917709654,85826.91002288247,85824.6600539482,85825.763557423,0,8
1487608800000,1487609279999,85825.75231691489,85826.4023722026,85824.28532218585,85826.11200690712,0,8
1487609280000,1487609759999,85826.27686049652,85828.86920044622,85826.09327337271,85828.50586380974,0,8
1487609760000,1487610239999,85828.7081353188,85829.4460170629,85827.41764779272,85829.38796235084,0,8
1487610240000,1487610719999,85829.49658056977,85829.63328803051,85827.58622601152,85829.41979884756,0,8
1487610720000,1487611199999,85829.41979884756,85831.40657025228,85829.41979884756,85831.34852692107,0,8
1487611200000,1487611679999,85831.38222954149,85834.43371828918,85831.36537824548,85834.16230456527,0,8
1487635200000,1487635679999,85817.7589907757,85817.7589907757,85817.7589907757,85817.7589907757,0,8
1487635680000,1487636159999,85817.7589907757,85817.7589907757,85817.7589907757,85817.7589907757,0,8
1487636160000,1487636639999,85817.7589907757,85817.7589907757,85817.7589907757,85817.7589907757,0,8
1487636640000,1487637119999,85817.7589907757,85817.7589907757,85817.7589907757,85817.7589907757,0,8
1487637120000,1487637599999,85817.7589907757,85817.7589907757,85817.7589907757,85817.7589907757,0,8
1487637600000,1487638079999,85817.7589907757,85817.7589907757,85817.7589907757,85817.7589907757,0,8
1487638080000,1487638559999,85817.7589907757,85817.7589907757,85817.7589907757,85817.7589907757,0,8
1487638560000,1487639039999,85817.7589907757,85817.7589907757,85817.7589907757,85817.7589907757,0,8
1487639040000,1487639519999,85817.7589907757,85817.7589907757,85817.7589907757,85817.7589907757,0,8
1487639520000,1487639999999,85817.7589907757,85817.7589907757,85817.7589907757,85817.7589907757,0,8
1487640000000,1487640479999,85817.7589907757,85817.7589907757,85817.7589907757,85817.7589907757,0,8
1487640480000,1487640959999,85817.7589907757,85817.7589907757,85817.7589907757,85817.7589907757,0,8
1487640960000,1487641439999,85817.7589907757,85817.7589907757,85817.7589907757,85817.7589907757,0,8
1487641440000,1487641919999,85817.7589907757,85817.7589907757,85817.7589907757,85817.7589907757,0,8
1487641920000,1487642399999,85817.7589907757,85817.7589907757,85817.7589907757,85817.7589907757,0,8
1487642400000,1487642879999,85817.7589907757,85817.7589907757,85817.7589907757,85817.7589907757,0,8
1487642880000,1487643359999,85817.7589907757,85817.7589907757,85817.7589907757,85817.7589907757,0,8
1487643360000,1487643839999,85817.7589907757,85817.7589907757,85817.7589907757,85817.7589907757,0,8
1487643840000,1487644319999,85817.7589907757,85817.7589907757,85817.7589907757,85817.7589907757,0,8
1487644320000,1487644799999,85817.7589907757,85817.7589907757,85817.7589907757,85817.7589907757,0,8
1487644800000,1487645279999,85817.7589907757,85817.7589907757,85817.7589907757,85817.7589907757,0,8
1487645280000,1487645759999,85817.7589907757,85817.7589907757,85817.7589907757,85817.7589907757,0,8
1487645760000,1487646239999,85817.7589907757,85817.7589907757,85817.7589907757,85817.7589907757,0,8
1487646240000,1487646719999,85817.7589907757,85817.7589907757,85817.7589907757,85817.7589907757,0,8
1487646720000,1487647199999,85817.7589907757,85817.7589907757,85817.7589907757,85817.7589907757,0,8
1487647200000,1487647679999,85817.7589907757,85817.7589907757,85817.7589907757,85817.7589907757,0,8
1487647680000,1487648159999,85817.7589907757,85817.7589907757,85817.7589907757,85817.7589907757,0,8
1487648160000,1487648639999,85817.7589907757,85817.7589907757,85817.7589907757,85817.7589907757,0,8
1487648640000,1487649119999,85817.7589907757,85817.7589907757,85817.7589907757,85817.7589907757,0,8
1487649120000,1487649599999,85817.7589907757,85817.7589907757,85817.7589907757,85817.7589907757,0,8
1487649600000,1487650079999,85817.7589907757,85817.7589907757,85817.7589907757,85817.7589907757,0,8
1487650080000,1487650559999,85817.7589907757,85817.7589907757,85817.7589907757,85817.7589907757,0,8
1487650560000,1487651039999,85817.7589907757,85817.7589907757,85817.7589907757,85817.7589907757,0,8
1487651040000,1487651519999,85817.7589907757,85817.7589907757,85817.7589907757,85817.7589907757,0,8
1487651520000,1487651999999,85817.7589907757,85817.7589907757,85817.7589907757,85817.7589907757,0,8
1487652000000,1487652479999,85817.7589907757,85817.7589907757,85817.7589907757,85817.7589907757,0,8
1487652480000,1487652959999,85817.7589907757,85817.7589907757,85817.7589907757,85817.7589907757,0,8
1487652960000,1487653439999,85817.7589907757,85817.7589907757,85817.7589907757,85817.7589907757,0,8
1487653440000,1487653919999,85817.7589907757,85817.7589907757,85817.7589907757,85817.7589907757,0,8
1487653920000,1487654399999,85817.7589907757,85817.7589907757,85817.7589907757,85817.7589907757,0,8
1487654400000,1487654879999,85817.7589907757,85817.7589907757,85817.7589907757,85817.7589907757,0,8
1487654880000,1487655359999,85817.7589907757,85817.7589907757,85817.7589907757,85817.7589907757,0,8
1487655360000,1487655839999,85817.7589907757,85817.7589907757,85817.7589907757,85817.7589907757,0,8
1487655840000,1487656319999,85817.7589907757,85817.7589907757,85817.7589907757,85817.7589907757,0,8
1487656320000,1487656799999,85817.7589907757,85817.7589907757,85817.7589907757,85817.7589907757,0,8
1487656800000,1487657279999,85817.7589907757,85817.7589907757,85817.7589907757,85817.7589907757,0,8
1487657280000,1487657759999,85817.7589907757,85817.7589907757,85817.7589907757,85817.7589907757,0,8
1487657760000,1487658239999,85817.7589907757,85817.7589907757,85817.7589907757,85817.7589907757,0,8
1487658240000,1487658719999,85817.7589907757,85817.7589907757,85817.7589907757,85817.7589907757,0,8
1487658720000,1487659199999,85817.7589907757,85817.7589907757,85817.7589907757,85817.7589907757,0,8
1487659200000,1487659679999,85817.7589907757,85817.7589907757,85817.7589907757,85817.7589907757,0,8
1487659680000,1487660159999,85817.7589907757,85817.7589907757,85817.7589907757,85817.7589907757,0,8
1487660160000,1487660639999,85817.7589907757,85820.45850707252,85817.57149730281,85820.45850707252,0,8
1487660640000,1487661119999,85820.43413969874,85821.43315333761,85818.42081462935,85819.12946130012,0,8
1487661120000,1487661599999,85819.12946130012,85819.18007699792,85817.29775051931,85818.38144389741,0,8
1487661600000,1487662079999,85818.40581627356,85818.66078526297,85816.43521165063,85816.69210600601,0,8
1487662080000,1487662559999,85816.90399200424,85817.72711713331,85816.4239606521,85816.6602289629,0,8
1487662560000,1487663039999,85816.62085129877,85816.62085129877,85813.60893809036,85815.81826321429,0,8
1487663040000,1487663519999,85815.86889567466,85815.89139890809,85814.51485793958,85814.5767500895,0,8
1487663520000,1487663999999,85814.61238478994,85814.83181672567,85813.75899259765,85813.96343824003,0,8
1487664000000,1487664479999,85813.96343824003,85818.9194971515,85813.65020330432,85817.99897729146,0,8
1487664480000,1487664959999,85817.97835367647,85818.43581296268,85814.23352515738,85815.49758501173,0,8
1487664960000,1487665439999,85815.4319478545,85816.38833240658,85811.12896126411,85814.11348742803,0,8
1487665440000,1487665919999,85814.15850174539,85816.65460359181,85813.2544253732,85816.65460359181,0,8
1487665920000,1487666399999,85816.70898204653,85818.80326510208,85814.8918314593,85817.29025050197,0,8
1487666400000,1487666879999,85817.282750479,85821.04705483296,85817.25087531863,85817.89773368246,0,8
1487666880000,1487667359999,85817.95585513888,85820.83713094349,85816.53647006773,85816.54397065043,0,8
1487667360000,1487667839999,85816.61522590551,85820.93647047618,85816.61522590551,85820.65156955045,0,8
1487667840000,1487668319999,85820.73779042397,85821.07516930497,85818.20146143442,85820.78090058194,0,8
1487668320000,1487668799999,85820.78090058194,85822.7974985393,85818.87450426036,85821.28696245355,0,8
1487668800000,1487669279999,85821.53810957742,85824.80057473887,85821.5362353685,85823.57141932075,0,8
1487669280000,1487669759999,85823.60140051879,85824.50266831838,85822.75814503494,85824.11668831135,0,8
1487669760000,1487670239999,85824.14854159439,85825.27458364115,85823.0692208908,85823.84686819703,0,8
1487670240000,1487670719999,85823.84686819703,85824.18039477595,85822.70379946475,85823.01675094296,0,8
1487670720000,1487671199999,85823.04485987782,85825.19402244814,85822.99988554411,85823.98552666511,0,8
1487671200000,1487671679999,85823.97615791028,85824.38837482035,85822.85371756263,85823.20976403759,0,8
1487671680000,1487672159999,85823.26598074325,85823.58078845478,85821.90544774203,85823.22475518999,0,8
1487672160000,1487672639999,85823.25848520074,85823.60327434068,85822.1209715065,85822.71129542303,0,8
1487672640000,1487673119999,85822.69817749236,85827.11607300097,85822.65320159945,85826.46981067765,0,8
1487673120000,1487673599999,85826.26562056539,85827.26405183028,85825.97150454372,85827.1853798139,0,8
1487673600000,1487674079999,85827.0954681802,85827.39517048215,85826.18506735592,85826.50352974462,0,8
1487674080000,1487674559999,85826.50352974462,85827.49631798182,85825.72421558938,85827.00180936875,0,8
1487674560000,1487675039999,85826.82760164626,85828.08070572626,85826.76391204391,85827.32773824735,0,8
1487675040000,1487675519999,85827.30900699031,85827.99267514181,85824.89800132795,85825.47130010613,0,8
1487675520000,1487675999999,85825.47317357767,85825.90406270808,85822.9773983014,85823.63512925914,0,8
1487676000000,1487676479999,85823.4365028172,85825.58370777727,85823.26410685816,85824.80619552943,0,8
1487676480000,1487676959999,85824.87364476966,85826.58033386162,85824.0810874632,85825.06474847978,0,8
1487676960000,1487677439999,85824.85678250226,85826.11575360979,85824.85678250226,85825.85160763259,0,8
1487677440000,1487677919999,85825.86284802908,85827.90277076635,85825.85910123165,85826.46793739281,0,8
1487677920000,1487678399999,85826.44171136832,85826.69085582407,85824.14854159439,85824.61321324584,0,8
1487678400000,1487678879999,85824.99167984539,85827.50381034851,85824.63007592398,85826.65526413897,0,8
1487678880000,1487679359999,85826.63091186043,85827.00930210594,85824.27033262327,85824.93359926796,0,8
1487679360000,1487679839999,85824.93734641215,85826.59719322297,85824.20287931361,85825.09847228481,0,8
1487679840000,1487680319999,85825.1097135279,85825.16966661085,85822.99613767385,85824.14292043415,0,8
1487680320000,1487680799999,85824.14292043415,85825.24273394475,85822.00665078383,85822.22966868646,0,8
1487680800000,1487681279999,85822.10972690322,85824.482058112,85821.51936747253,85821.61682603438,0,8
1487681280000,1487681759999,85821.61682603438,85821.61682603438,85819.84743038895,85820.83900528343,0,8
1487681760000,1487682239999,85820.92897318737,85822.82186015489,85816.03391821055,85816.6414777136,0,8
1487682240000,1487682719999,85816.58522375474,85818.65328626783,85816.20831406722,85816.91149231128,0,8
1487682720000,1487683199999,85816.91149231128,85818.58579505858,85816.74835936366,85818.34019820242,0,8
1487683200000,1487683679999,85818.33269896687,85818.66640950563,85816.3789565314,85816.65085334265,0,8
1487683680000,1487684159999,85816.61897616803,85818.44893648586,85816.41083447116,85817.17024945946,0,8
1487684160000,1487684639999,85817.1758745405,85819.12758663972,85817.1758745405,85819.00198359278,0,8
1487684640000,1487685119999,85819.02822913596,85819.08634402214,85817.12712373307,85817.25087531863,0,8
1487685120000,1487685599999,85817.17212448682,85817.65774473695,85817.0408717223,85817.57899710922,0,8
1487685600000,1487686079999,85817.58649691001,85821.18575212799,85817.50774872121,85821.18575212799,0,8
1487686080000,1487686559999,85821.9410563365,85823.28097181139,85820.7509109265,85822.81998618656,0,8
1487686560000,1487687039999,85822.77875879462,85825.30830673856,85822.24840946015,85824.2047530228,0,8
1487687040000,1487687519999,85824.14479415458,85824.74998748171,85810.95447680238,85811.64114000222,0,8
1487687520000,1487687999999,85811.53045158122,85824.60009780987,85811.07455245753,85823.65761502285,0,8
1487688000000,1487688479999,85823.69883879164,85832.53179535699,85818.44143733187,85831.32418606899,0,8
1487688480000,1487688959999,85831.32418606899,85837.86225595788,85830.70815555038,85836.24357870183,0,8
1487688960000,1487689439999,85836.24357870183,85838.98675492789,85830.70253807622,85832.10306394976,0,8
1487689440000,1487689919999,85831.65184641593,85842.55400373119,85829.3935805635,85840.4890079829,0,8
1487689920000,1487690399999,85840.4759133522,85842.7765638666,85838.5395899491,85840.78456794277,0,8
1487690400000,1487690879999,85840.77708551993,85843.37876057565,85835.2423003399,85835.67838342673,0,8
1487690880000,1487691359999,85835.72891543047,85839.05972137408,85835.28160474553,85837.0688561457,0,8
1487691360000,1487691839999,85837.1175098327,85849.3464020033,85836.46815073774,85849.21370183046,0,8
1487691840000,1487692319999,85849.15576176609,85850.31449927427,85839.68085007738,85840.87248599193,0,8
1487692320000,1487692799999,85840.84816831097,85843.75838769024,85838.28325623777,85839.723878649,0,8
1487692800000,1487693279999,85839.67897926572,85840.32438852136,85836.50370751428,85837.05949964031,0,8
1487693280000,1487693759999,85837.15680686859,85839.08591432746,85833.92832130441,85835.96659957837,0,8
1487693760000,1487694239999,85836.1743346402,85841.11565954903,85834.43746187523,85835.26288838116,0,8
1487694240000,1487694719999,85835.26288838116,85835.4051318717,85821.3488127038,85825.31392724374,0,8
1487694720000,1487695199999,85825.40947534841,85828.42158280675,85815.75825404038,85821.0226888933,0,8
1487695200000,1487695679999,85820.94584207927,85828.02077009337,85820.9102299408,85822.3008834396,0,8
1487695680000,1487696159999,85822.2746464843,85826.96996517303,85820.35541393152,85825.01790967301,0,8
1487696160000,1487696639999,85825.01790967301,85827.93461199176,85823.58266228053,85826.95872602091,0,8
1487696640000,1487697119999,85826.96434559855,85827.2546861465,85819.31130168794,85821.12202658267,0,8
1487697120000,1487697599999,85821.22511182076,85823.16479044552,85817.67461914792,85818.43956254248,0,8
1487697600000,1487698079999,85818.52580249014,85824.64693857369,85816.79148672352,85824.64693857369,0,8
1487698080000,1487698559999,85824.63569681036,85827.07486331694,85822.66444559164,85823.90308132123,0,8
1487698560000,1487699039999,85823.90308132123,85827.74356311846,85818.96074045719,85820.25044527778,0,8
1487699040000,1487699519999,85820.28793420918,85825.4132223143,85819.92241113297,85823.5657978361,0,8
1487699520000,1487699999999,85823.56954549288,85825.56309979882,85822.15470524051,85822.96428071981,0,8
1487700000000,1487700479999,85822.95678495118,85826.62903860577,85821.50812219274,85824.9017484855,0,8
1487700480000,1487700959999,85824.85116174012,85826.15696724648,85823.65386739907,85824.70876804592,0,8
1487700960000,1487701439999,85824.71251527438,85829.10704769268,85824.6563067001,85828.54519470138,0,8
1487701440000,1487701919999,85828.49837219379,85832.02630223805,85826.7545458917,85829.78497494348,0,8
1487701920000,1487702399999,85829.82055549115,85829.87486239878,85821.50812219274,85822.38896414328,0,8
1487702400000,1487702879999,85822.38896414328,85824.43334290988,85821.54748061669,85824.02300159674,0,8
1487702880000,1487703359999,85824.02300159674,85825.1659195537,85818.69828015429,85820.2673153143,0,8
1487703360000,1487703839999,85820.25419417725,85826.73581356097,85820.20170945686,85824.81556350667,0,8
1487703840000,1487704319999,85824.82493147513,85830.70066558413,85824.79495394515,85829.59583411756,0,8
1487704320000,1487704799999,85829.59583411756,85832.11055286569,85827.87842152556,85832.11055286569,0,8
1487704800000,1487705279999,85832.11616954896,85835.66902562023,85830.24938476576,85831.16503288377,0,8
1487705280000,1487705759999,85831.16128807243,85832.4587812631,85828.77555824595,85830.59018793024,0,8
1487705760000,1487706239999,85830.64449065841,85834.13048316343,85830.12392133521,85834.03876208574,0,8
1487706240000,1487706719999,85834.10427722707,85837.22230158528,85832.77329971574,85836.60476292577,0,8
1487706720000,1487707199999,85836.63657645507,85837.97078217004,85835.56608917085,85835.69522745634,0,8
1487707200000,1487707679999,85835.69522745634,85837.658298338,85833.78044106008,85837.60590488338,0,8
1487707680000,1487708159999,85837.61713207535,85838.7846912213,85835.77383255276,85837.89967892271,0,8
1487708160000,1487708639999,85837.87348286202,85840.40669859087,85836.67213263275,85839.92405261329,0,8
1487708640000,1487709119999,85839.67336682865,85841.99290577455,85839.37216141765,85840.33748335045,0,8
1487709120000,1487709599999,85840.34683678934,85844.5026394212,85839.46383359011,85842.66621954464,0,8
1487709600000,1487710079999,85842.71671624987,85844.75694389848,85841.41307147608,85841.94988696513,0,8
1487710080000,1487710559999,85841.71982671272,85851.59456122728,85841.12314171853,85848.29035891726,0,8
1487721600000,1487722079999,85844.63166235392,85844.63166235392,85844.63166235392,85844.63166235392,0,8
1487722080000,1487722559999,85844.63166235392,85844.63166235392,85844.63166235392,85844.63166235392,0,8
1487722560000,1487723039999,85844.63166235392,85844.63166235392,85844.63166235392,85844.63166235392,0,8
1487723040000,1487723519999,85844.63166235392,85844.63166235392,85844.63166235392,85844.63166235392,0,8
1487723520000,1487723999999,85844.63166235392,85844.63166235392,85844.63166235392,85844.63166235392,0,8
1487724000000,1487724479999,85844.63166235392,85844.63166235392,85844.63166235392,85844.63166235392,0,8
1487724480000,1487724959999,85844.63166235392,85844.63166235392,85844.63166235392,85844.63166235392,0,8
1487724960000,1487725439999,85844.63166235392,85844.63166235392,85844.63166235392,85844.63166235392,0,8
1487725440000,1487725919999,85844.63166235392,85844.63166235392,85844.63166235392,85844.63166235392,0,8
1487725920000,1487726399999,85844.63166235392,85844.63166235392,85844.63166235392,85844.63166235392,0,8
1487726400000,1487726879999,85844.63166235392,85844.63166235392,85844.63166235392,85844.63166235392,0,8
1487726880000,1487727359999,85844.63166235392,85844.63166235392,85844.63166235392,85844.63166235392,0,8
1487727360000,1487727839999,85844.63166235392,85844.63166235392,85844.63166235392,85844.63166235392,0,8
1487727840000,1487728319999,85844.63166235392,85844.63166235392,85844.63166235392,85844.63166235392,0,8
1487728320000,1487728799999,85844.63166235392,85844.63166235392,85844.63166235392,85844.63166235392,0,8
1487728800000,1487729279999,85844.63166235392,85844.63166235392,85844.63166235392,85844.63166235392,0,8
1487729280000,1487729759999,85844.63166235392,85844.63166235392,85844.63166235392,85844.63166235392,0,8
1487729760000,1487730239999,85844.63166235392,85844.63166235392,85844.63166235392,85844.63166235392,0,8
1487730240000,1487730719999,85844.63166235392,85844.63166235392,85844.63166235392,85844.63166235392,0,8
1487730720000,1487731199999,85844.63166235392,85844.63166235392,85844.63166235392,85844.63166235392,0,8
1487731200000,1487731679999,85844.63166235392,85844.63166235392,85844.63166235392,85844.63166235392,0,8
1487731680000,1487732159999,85844.63166235392,85844.63166235392,85844.63166235392,85844.63166235392,0,8
1487732160000,1487732639999,85844.63166235392,85844.63166235392,85844.63166235392,85844.63166235392,0,8
1487732640000,1487733119999,85844.63166235392,85844.63166235392,85844.63166235392,85844.63166235392,0,8
1487733120000,1487733599999,85844.63166235392,85844.63166235392,85844.63166235392,85844.63166235392,0,8
1487733600000,1487734079999,85844.63166235392,85844.63166235392,85844.63166235392,85844.63166235392,0,8
1487734080000,1487734559999,85844.63166235392,85844.63166235392,85844.63166235392,85844.63166235392,0,8
1487734560000,1487735039999,85844.63166235392,85844.63166235392,85844.63166235392,85844.63166235392,0,8
1487735040000,1487735519999,85844.63166235392,85844.63166235392,85844.63166235392,85844.63166235392,0,8
1487735520000,1487735999999,85844.63166235392,85844.63166235392,85844.63166235392,85844.63166235392,0,8
1487736000000,1487736479999,85844.63166235392,85844.63166235392,85844.63166235392,85844.63166235392,0,8
1487736480000,1487736959999,85844.63166235392,85844.63166235392,85844.63166235392,85844.63166235392,0,8
1487736960000,1487737439999,85844.63166235392,85844.63166235392,85844.63166235392,85844.63166235392,0,8
1487737440000,1487737919999,85844.63166235392,85844.63166235392,85844.63166235392,85844.63166235392,0,8
1487737920000,1487738399999,85844.63166235392,85844.63166235392,85844.63166235392,85844.63166235392,0,8
1487738400000,1487738879999,85844.63166235392,85844.63166235392,85844.63166235392,85844.63166235392,0,8
1487738880000,1487739359999,85844.63166235392,85844.63166235392,85844.63166235392,85844.63166235392,0,8
1487739360000,1487739839999,85844.63166235392,85844.63166235392,85844.63166235392,85844.63166235392,0,8
1487739840000,1487740319999,85844.63166235392,85844.63166235392,85844.63166235392,85844.63166235392,0,8
1487740320000,1487740799999,85844.63166235392,85844.63166235392,85844.63166235392,85844.63166235392,0,8
1487740800000,1487741279999,85844.63166235392,85844.63166235392,85844.63166235392,85844.63166235392,0,8
1487741280000,1487741759999,85844.63166235392,85844.63166235392,85844.63166235392,85844.63166235392,0,8
1487741760000,1487742239999,85844.63166235392,85844.63166235392,85844.63166235392,85844.63166235392,0,8
1487742240000,1487742719999,85844.63166235392,85844.63166235392,85844.63166235392,85844.63166235392,0,8
1487742720000,1487743199999,85844.63166235392,85844.63166235392,85844.63166235392,85844.63166235392,0,8
1487743200000,1487743679999,85844.63166235392,85844.63166235392,85844.63166235392,85844.63166235392,0,8
1487743680000,1487744159999,85844.63166235392,85844.63166235392,85844.63166235392,85844.63166235392,0,8
1487744160000,1487744639999,85844.63166235392,85844.63166235392,85844.63166235392,85844.63166235392,0,8
1487744640000,1487745119999,85844.63166235392,85844.63166235392,85844.63166235392,85844.63166235392,0,8
1487745120000,1487745599999,85844.63166235392,85844.63166235392,85844.63166235392,85844.63166235392,0,8
1487745600000,1487746079999,85844.63166235392,85844.63166235392,85844.63166235392,85844.63166235392,0,8
1487746080000,1487746559999,85844.63166235392,85844.63166235392,85844.63166235392,85844.63166235392,0,8
1487746560000,1487747039999,85844.63166235392,85845.77783648482,85843.49096713448,85845.38332807916,0,8
1487747040000,1487747519999,85845.38332807916,85845.58712820361,85844.3249964277,85844.76255348316,0,8
1487747520000,1487747999999,85844.76255348316,85846.97435446936,85844.58117531764,85846.69019441094,0,8
1487748000000,1487748479999,85846.67336889112,85847.02482942467,85846.15924213671,85846.48828630455,0,8
1487748480000,1487748959999,85846.48828630455,85847.0435237879,85845.70678872672,85846.37050469317,0,8
1487748960000,1487749439999,85846.38359160737,85847.90716526732,85845.8900161278,85846.95565997681,0,8
1487749440000,1487749919999,85846.92761817246,85846.96687667654,85844.9607567889,85845.14399785973,0,8
1487749920000,1487750399999,85845.10660199553,85846.23215626676,85843.38063069529,85843.88181015018,0,8
1487750400000,1487750879999,85843.88181015018,85848.8081143299,85843.26281247553,85846.58924086734,0,8
1487750880000,1487751359999,85846.59111038667,85848.9258672344,85844.59987424967,85848.92212906826,0,8
1487751360000,1487751839999,85848.57821180575,85851.29184604021,85848.20437527844,85849.6230107871,0,8
1487751840000,1487752319999,85850.0285652385,85851.56279524912,85847.83800192227,85848.22493665063,0,8
1487752320000,1487752799999,85847.94268139373,85848.32213529231,85844.59426457374,85845.45998732891,0,8
1487752800000,1487753279999,85845.44315973906,85845.52916712298,85841.41494196335,85841.97233158445,0,8
1487753280000,1487753759999,85841.55709797246,85842.20612670679,85839.28797194756,85841.10630682926,0,8
1487753760000,1487754239999,85841.01464971252,85841.63191611294,85839.61350063706,85841.53091149105,0,8
1487754240000,1487754719999,85841.5776730169,85842.01722067191,85836.7301450723,85836.81248473126,0,8
1487754720000,1487755199999,85836.90230904052,85838.80153001948,85835.18615092107,85835.25540182562,0,8
1487755200000,1487755679999,85835.25540182562,85836.56546372043,85834.10614908196,85836.29036495855,0,8
1487755680000,1487756159999,85836.18182050782,85838.39551998573,85834.23717805246,85836.72078824998,0,8
1487756160000,1487756639999,85836.29036495855,85837.37574467035,85834.94657652498,85835.77757563718,0,8
1487756640000,1487757119999,85835.59416285304,85837.52357175719,85834.9222444293,85836.33153668337,0,8
1487757120000,1487757599999,85836.39329395279,85836.90043770897,85833.67186936195,85836.35212248223,0,8
1487757600000,1487758079999,85836.35212248223,85837.73501682989,85833.54644886398,85835.60913545132,0,8
1487758080000,1487758559999,85835.60913545132,85835.7382731809,85833.64004639945,85834.37756432997,0,8
1487758560000,1487759039999,85834.3700771116,85834.54789703374,85831.56946425332,85832.0525136205,0,8
1487759040000,1487759519999,85832.1367640273,85832.36704485104,85827.50006416587,85827.56749523866,0,8
1487759520000,1487759999999,85827.55812983909,85828.09568957835,85824.12605693455,85825.5705936141,0,8
1487760000000,1487760479999,85825.86284802908,85826.2319006962,85821.995406052,85822.70192547429,0,8
1487760480000,1487760959999,85822.68318555053,85823.79252854327,85821.35818392044,85821.6505614691,0,8
1487760960000,1487761439999,85821.43877602124,85824.09795103864,85821.3806748046,85823.93493528466,0,8
1487761440000,1487761919999,85824.0810874632,85828.30546115022,85823.83187797721,85827.50381034851,0,8
1487761920000,1487762399999,85827.50381034851,85828.35603042446,85826.37614600617,85826.76953173103,0,8
1487762400000,1487762879999,85826.76953173103,85828.773685393,85825.56309979882,85827.73419788376,0,8
1487762880000,1487763359999,85827.5600029197,85829.47410793162,85825.5574794337,85828.51522832178,0,8
1487763360000,1487763839999,85828.43469323165,85828.78679535628,85827.36332753905,85828.15937069926,0,8
1487763840000,1487764319999,85828.17248146792,85829.0302629795,85825.26896311386,85825.86284802908,0,8
1487764320000,1487764799999,85825.8310002062,85826.16820729972,85821.06392352565,85821.50999640691,0,8
1487764800000,1487765279999,85821.50999640691,85825.00104764887,85821.50999640691,85822.70567345484,0,8
1487765280000,1487765759999,85822.67381557546,85823.80564503845,85821.71803199712,85821.71803199712,0,8
1487765760000,1487766239999,85821.71803199712,85826.84071416111,85821.6693033281,85825.74294981516,0,8
1487766240000,1487766719999,85825.71297503707,85826.86131950682,85824.31717493174,85825.86284802908,0,8
1487766720000,1487767199999,85825.86284802908,85826.83884094574,85824.68815826431,85825.84411402792,0,8
1487767200000,1487767679999,85825.84411402792,85827.15540935915,85824.68815826431,85825.27645714954,0,8
1487767680000,1487768159999,85825.31767424542,85827.23970103421,85825.10596644827,85826.72457414569,0,8
1487768160000,1487768639999,85826.72082767113,85828.29047761243,85825.40010792753,85827.36520065616,0,8
1487768640000,1487769119999,85827.33335761762,85831.72486640178,85826.40611879648,85830.47970905583,0,8
1487769120000,1487769599999,85830.47970905583,85831.95328445327,85829.54152569459,85831.51891122661,0,8
1487769600000,1487770079999,85831.49082610135,85833.22259463168,85831.06017763643,85831.14818122174,0,8
1487770080000,1487770559999,85831.23805642441,85832.53179535699,85830.3617387407,85832.26594660582,0,8
1487770560000,1487771039999,85832.25845780625,85832.70777585387,85830.72688044148,85832.484991512,0,8
1487771040000,1487771519999,85832.67033345433,85833.48654598152,85829.65950568613,85830.60329551232,0,8
1487771520000,1487771999999,85830.43476814749,85833.49403386145,85829.12577558208,85833.14022540828,0,8
1487772000000,1487772479999,85833.15145761505,85834.07432750144,85831.26426987302,85831.76605692781,0,8
1487772480000,1487772959999,85831.64435715647,85833.75049036453,85831.2511631573,85831.77354609614,0,8
1487772960000,1487773439999,85831.77354609614,85833.25629093662,85831.24367359774,85831.56571959343,0,8
1487773440000,1487773919999,85831.69865416051,85838.75662649468,85830.89540288351,85836.22299267954,0,8
1487773920000,1487774399999,85836.22299267954,85842.49228449703,85823.03174238472,85826.31994678214,0,8
1487774400000,1487774879999,85826.31994678214,85828.13127613708,85819.42752783252,85827.99080214223,0,8
1487774880000,1487775359999,85827.99080214223,85828.17060850201,85820.52223684627,85823.04111202441,0,8
1487775360000,1487775839999,85823.04111202441,85833.17953807682,85823.04111202441,85830.82986671574,0,8
1487775840000,1487776319999,85830.46285623887,85833.79167254778,85823.78128581944,85833.27501105696,0,8
1487776320000,1487776799999,85833.27501105696,85844.09499081125,85832.2472245964,85842.68118155796,0,8
1487776800000,1487777279999,85842.68118155796,85844.14735027845,85838.92501367295,85843.26842289843,0,8
1487777280000,1487777759999,85843.26842289843,85845.49738187162,85839.02230275022,85842.66808979752,0,8
1487777760000,1487778239999,85842.66808979752,85847.14634216102,85838.95120697918,85840.4385000272,0,8
1487778240000,1487778719999,85840.4385000272,85843.22166927812,85836.00028663831,85836.556106744,0,8
1487778720000,1487779199999,85836.556106744,85839.34035659004,85836.00590113728,85837.93148833269,0,8
1487779200000,1487779679999,85837.9464574318,85839.7369742645,85830.4029348819,85832.56174970283,0,8
1487779680000,1487780159999,85832.32024023493,85834.17540746598,85828.47589731228,85833.35176318402,0,8
1487780160000,1487780639999,85833.35176318402,85840.82010937488,85833.16456184034,85839.81928916914,0,8
1487780640000,1487781119999,85839.80058129576,85843.58821180036,85837.44498041346,85842.32956832649,0,8
1487781120000,1487781599999,85842.32956832649,85844.40353371926,85838.4572645099,85840.27013833239,0,8
1487781600000,1487782079999,85839.9577263444,85842.1200907374,85838.20279977645,85840.16724923458,0,8
1487782080000,1487782559999,85840.16724923458,85841.30832363032,85836.81809877422,85840.36180227331,0,8
1487782560000,1487783039999,85840.36180227331,85842.3370495878,85835.97782861096,85837.86225595788,0,8
1487783040000,1487783519999,85838.32816188819,85840.80140337373,85837.52731418672,85840.75089699584,0,8
1487783520000,1487783999999,85840.75089699584,85846.63410923476,85839.85857558931,85846.31441772396,0,8
1487784000000,1487784479999,85846.31441772396,85846.77058261493,85844.51385887274,85846.18541650096,0,8
1487784480000,1487784959999,85846.1835469058,85848.70718216528,85844.52694821695,85845.30666824177,0,8
1487784960000,1487785439999,85845.33845409933,85848.64737003147,85845.00750227907,85847.68845791931,0,8
1487785440000,1487785919999,85847.56134375845,85849.62487973933,85845.81522983898,85846.81918912244,0,8
1487785920000,1487786399999,85846.81918912244,85849.310890862,85844.93083956053,85849.04174969146,0,8
1487786400000,1487786879999,85849.04174969146,85851.44133616677,85847.84360977888,85851.43759894084,0,8
1487786880000,1487787359999,85851.43759894084,85851.43759894084,85847.6136850792,85847.6847192906,0,8
1487787360000,1487787839999,85847.64172495976,85851.20401954874,85846.09754514985,85849.15015464526,0,8
1487787840000,1487788319999,85849.15015464526,85851.0283642517,85848.10156778333,85849.6099281116,0,8
1487788320000,1487788799999,85849.6865549675,85851.56466383886,85847.92585798114,85851.39462074227,0,8
1487788800000,1487789279999,85851.4432047792,85852.56244088958,85848.47353898681,85849.10903566319,0,8
1487789280000,1487789759999,85849.10903566319,85851.93837476977,85848.58008095328,85850.52380528097,0,8
1487789760000,1487790239999,85850.52380528097,85854.92942750904,85845.5572128491,85849.27911762868,0,8
1487790240000,1487790719999,85849.0903451609,85852.44286237397,85837.38697212072,85840.66858975939,0,8
1487790720000,1487791199999,85840.62743588712,85850.64527550802,85840.30942298139,85849.06417839901,0,8
1487791200000,1487791679999,85849.08660705626,85851.90660988374,85846.29572199765,85847.77818458946,0,8
1487791680000,1487792159999,85847.77818458946,85849.63235554485,85842.29029161278,85846.45650410163,0,8
1487792160000,1487792639999,85846.45650410163,85847.83800192227,85839.23932881955,85842.08081320093,0,8
1487792640000,1487793119999,85842.06397992378,85843.6873255829,85837.08756913026,85842.20612670679,0,8
1487793120000,1487793599999,85842.2510147448,85844.9813248315,85838.57139732364,85838.77907828228,0,8
1487793600000,1487794079999,85838.77907828228,85841.19983363339,85836.56920650855,85839.9577263444,0,8
1487794080000,1487794559999,85839.9577263444,85844.35865534248,85838.2570611819,85843.7509074922,0,8
1487794560000,1487795039999,85843.7509074922,85848.05483675434,85840.33187128295,85846.81358069133,0,8
1487795040000,1487795519999,85846.41724359387,85849.27164155913,85844.424102908,85848.15016782183,0,8
1487795520000,1487795999999,85848.15016782183,85850.42849683903,85846.49015584275,85846.54250277054,0,8
1487796000000,1487796479999,85846.54250277054,85847.48283126367,85843.65179433986,85844.3249964277,0,8
1487796480000,1487796959999,85844.31564670906,85852.36438819597,85843.88368017573,85851.58708688857,0,8
1487808000000,1487808479999,85847.25850645329,85847.25850645329,85847.25850645329,85847.25850645329,0,8
1487808480000,1487808959999,85847.25850645329,85847.25850645329,85847.25850645329,85847.25850645329,0,8
1487808960000,1487809439999,85847.25850645329,85847.25850645329,85847.25850645329,85847.25850645329,0,8
1487809440000,1487809919999,85847.25850645329,85847.25850645329,85847.25850645329,85847.25850645329,0,8
1487809920000,1487810399999,85847.25850645329,85847.25850645329,85847.25850645329,85847.25850645329,0,8
1487810400000,1487810879999,85847.25850645329,85847.25850645329,85847.25850645329,85847.25850645329,0,8
1487810880000,1487811359999,85847.25850645329,85847.25850645329,85847.25850645329,85847.25850645329,0,8
1487811360000,1487811839999,85847.25850645329,85847.25850645329,85847.25850645329,85847.25850645329,0,8
1487811840000,1487812319999,85847.25850645329,85847.25850645329,85847.25850645329,85847.25850645329,0,8
1487812320000,1487812799999,85847.25850645329,85847.25850645329,85847.25850645329,85847.25850645329,0,8
1487812800000,1487813279999,85847.25850645329,85847.25850645329,85847.25850645329,85847.25850645329,0,8
1487813280000,1487813759999,85847.25850645329,85847.25850645329,85847.25850645329,85847.25850645329,0,8
1487813760000,1487814239999,85847.25850645329,85847.25850645329,85847.25850645329,85847.25850645329,0,8
1487814240000,1487814719999,85847.25850645329,85847.25850645329,85847.25850645329,85847.25850645329,0,8
1487814720000,1487815199999,85847.25850645329,85847.25850645329,85847.25850645329,85847.25850645329,0,8
1487815200000,1487815679999,85847.25850645329,85847.25850645329,85847.25850645329,85847.25850645329,0,8
1487815680000,1487816159999,85847.25850645329,85847.25850645329,85847.25850645329,85847.25850645329,0,8
1487816160000,1487816639999,85847.25850645329,85847.25850645329,85847.25850645329,85847.25850645329,0,8
1487816640000,1487817119999,85847.25850645329,85847.25850645329,85847.25850645329,85847.25850645329,0,8
1487817120000,1487817599999,85847.25850645329,85847.25850645329,85847.25850645329,85847.25850645329,0,8
1487817600000,1487818079999,85847.25850645329,85847.25850645329,85847.25850645329,85847.25850645329,0,8
1487818080000,1487818559999,85847.25850645329,85847.25850645329,85847.25850645329,85847.25850645329,0,8
1487818560000,1487819039999,85847.25850645329,85847.25850645329,85847.25850645329,85847.25850645329,0,8
1487819040000,1487819519999,85847.25850645329,85847.25850645329,85847.25850645329,85847.25850645329,0,8
1487819520000,1487819999999,85847.25850645329,85847.25850645329,85847.25850645329,85847.25850645329,0,8
1487820000000,1487820479999,85847.25850645329,85847.25850645329,85847.25850645329,85847.25850645329,0,8
1487820480000,1487820959999,85847.25850645329,85847.25850645329,85847.25850645329,85847.25850645329,0,8
1487820960000,1487821439999,85847.25850645329,85847.25850645329,85847.25850645329,85847.25850645329,0,8
1487821440000,1487821919999,85847.25850645329,85847.25850645329,85847.25850645329,85847.25850645329,0,8
1487821920000,1487822399999,85847.25850645329,85847.25850645329,85847.25850645329,85847.25850645329,0,8
1487822400000,1487822879999,85847.25850645329,85847.25850645329,85847.25850645329,85847.25850645329,0,8
1487822880000,1487823359999,85847.25850645329,85847.25850645329,85847.25850645329,85847.25850645329,0,8
1487823360000,1487823839999,85847.25850645329,85847.25850645329,85847.25850645329,85847.25850645329,0,8
1487823840000,1487824319999,85847.25850645329,85847.25850645329,85847.25850645329,85847.25850645329,0,8
1487824320000,1487824799999,85847.25850645329,85847.25850645329,85847.25850645329,85847.25850645329,0,8
1487824800000,1487825279999,85847.25850645329,85847.25850645329,85847.25850645329,85847.25850645329,0,8
1487825280000,1487825759999,85847.25850645329,85847.25850645329,85847.25850645329,85847.25850645329,0,8
1487825760000,1487826239999,85847.25850645329,85847.25850645329,85847.25850645329,85847.25850645329,0,8
1487826240000,1487826719999,85847.25850645329,85847.25850645329,85847.25850645329,85847.25850645329,0,8
1487826720000,1487827199999,85847.25850645329,85847.25850645329,85847.25850645329,85847.25850645329,0,8
1487827200000,1487827679999,85847.25850645329,85847.25850645329,85847.25850645329,85847.25850645329,0,8
1487827680000,1487828159999,85847.25850645329,85847.25850645329,85847.25850645329,85847.25850645329,0,8
1487828160000,1487828639999,85847.25850645329,85847.25850645329,85847.25850645329,85847.25850645329,0,8
1487828640000,1487829119999,85847.25850645329,85847.25850645329,85847.25850645329,85847.25850645329,0,8
1487829120000,1487829599999,85847.25850645329,85847.25850645329,85847.25850645329,85847.25850645329,0,8
1487829600000,1487830079999,85847.25850645329,85847.25850645329,85847.25850645329,85847.25850645329,0,8
1487830080000,1487830559999,85847.25850645329,85847.25850645329,85847.25850645329,85847.25850645329,0,8
1487830560000,1487831039999,85847.25850645329,85847.25850645329,85847.25850645329,85847.25850645329,0,8
1487831040000,1487831519999,85847.25850645329,85847.25850645329,85847.25850645329,85847.25850645329,0,8
1487831520000,1487831999999,85847.25850645329,85847.25850645329,85847.25850645329,85847.25850645329,0,8
1487832000000,1487832479999,85847.25850645329,85847.25850645329,85847.25850645329,85847.25850645329,0,8
1487832480000,1487832959999,85847.25850645329,85847.25850645329,85847.25850645329,85847.25850645329,0,8
1487832960000,1487833439999,85847.25850645329,85848.86979459567,85846.15363333545,85847.50526346793,0,8
1487833440000,1487833919999,85847.49404737209,85848.3183969005,85846.94818217,85847.26598402804,0,8
1487833920000,1487834399999,85847.27906977042,85847.53330365251,85845.80962084477,85846.27889581409,0,8
1487834400000,1487834879999,85846.35180907171,85847.73705996557,85845.98723746714,85847.43235862006,0,8
1487834880000,1487835359999,85847.46413772166,85848.34643480512,85847.084651264,85847.9538969864,0,8
1487835360000,1487835839999,85847.88847251852,85848.55391285615,85846.27702623639,85846.3611568868,0,8
1487835840000,1487836319999,85846.01341228164,85847.77444599426,85845.78157582654,85847.74266787879,0,8
1487836320000,1487836799999,85847.83052477523,85849.45667263828,85847.2248572977,85847.52395693306,0,8
1487836800000,1487837279999,85847.52395693306,85849.16510696047,85845.76287910402,85847.06595697766,0,8
1487837280000,1487837759999,85847.06595697766,85851.04518244561,85846.02089078746,85850.69386318569,0,8
1487837760000,1487838239999,85850.43410324313,85852.19435869773,85849.69963754276,85850.63219416984,0,8
1487838240000,1487838719999,85850.59108128134,85851.65996145285,85849.04361875236,85850.73871314018,0,8
1487838720000,1487839199999,85850.9405354461,85850.97790950022,85846.03210853574,85847.95015845691,0,8
1487839200000,1487839679999,85847.92959651972,85849.44172075902,85847.58564512002,85848.9258672344,0,8
1487839680000,1487840159999,85848.83241266184,85849.0996904164,85846.77993003857,85847.23420429674,0,8
1487840160000,1487840639999,85846.74814876255,85847.9576355145,85845.15895616625,85847.94641992601,0,8
1487840640000,1487841119999,85847.97632813398,85851.73844115893,85847.97632813398,85849.53890757452,0,8
1487841120000,1487841599999,85849.53143169917,85852.45780976661,85849.3464020033,85851.67304144663,0,8
1487841600000,1487842079999,85851.69546425332,85853.53583154724,85850.96856599979,85853.45923418159,0,8
1487842080000,1487842559999,85853.47231182213,85853.55077730629,85850.92558578536,85850.97790950022,0,8
1487842560000,1487843039999,85850.97604080083,85855.09567465074,85850.97604080083,85854.68285362513,0,8
1487843040000,1487843519999,85854.68285362513,85856.50399461141,85852.87445934542,85856.37699245985,0,8
1487843520000,1487843999999,85856.37699245985,85856.64220100248,85854.37836384862,85855.83161194473,0,8
1487844000000,1487844479999,85855.83161194473,85856.13045426695,85850.71628818808,85851.63566999043,0,8
1487844480000,1487844959999,85851.56092665903,85851.56466383886,85849.01932093361,85849.86410274304,0,8
1487844960000,1487845439999,85849.88652960623,85850.83962480229,85848.42680969604,85850.83588735148,0,8
1487845440000,1487845919999,85850.87699923354,85851.56092665903,85849.02492812778,85851.3852776312,0,8
1487845920000,1487846399999,85851.33482468048,85852.54375684078,85850.25843442144,85850.6751756453,0,8
1487846400000,1487846879999,85850.7237631777,85852.87819603439,85850.62471911177,85851.93837476977,0,8
1487846880000,1487847359999,85851.92342660067,85851.9738765818,85850.47895436264,85851.55345229516,0,8
1487847360000,1487847839999,85851.30492651551,85853.36955847136,85849.6828170857,85849.84915147297,0,8
1487847840000,1487848319999,85849.8622338355,85850.18928733673,85847.95202772183,85848.45858563753,0,8
1487848320000,1487848799999,85848.50718394095,85851.8748448968,85848.47353898681,85850.5181989272,0,8
1487848800000,1487849279999,85850.5181989272,85851.05078850397,85848.97446326698,85849.3837820158,0,8
1487849280000,1487849759999,85849.49592121493,85850.65461931052,85849.15015464526,85850.019220851,0,8
1487849760000,1487850239999,85849.86410274304,85852.13830438333,85849.86410274304,85852.09532919619,0,8
1487850240000,1487850719999,85852.25601808065,85853.62176935666,85851.33482468048,85853.2144923249,0,8
1487850720000,1487851199999,85853.18833635237,85854.15232556465,85852.62036121906,85853.74133377602,0,8
1487851200000,1487851679999,85853.67968355081,85856.49652394127,85849.66786554459,85850.7424506273,0,8
1487851680000,1487852159999,85850.83962480229,85853.27054060715,85850.83962480229,85852.02432630843,0,8
1487852160000,1487852639999,85852.02432630843,85854.03837044297,85850.86765563882,85853.87397388108,0,8
1487852640000,1487853119999,85853.88518282345,85854.19529191274,85852.12896196707,85854.19529191274,0,8
1487853120000,1487853599999,85854.83229306844,85855.44683930327,85852.17567396117,85855.07512740088,0,8
1487853600000,1487854079999,85855.06018391994,85858.3976294828,85854.66417353769,85857.07735189392,0,8
1487854080000,1487854559999,85857.12590832976,85859.06050370005,85852.291518765,85855.68218743456,0,8
1487854560000,1487855039999,85855.63549181723,85857.68989273407,85854.37649578457,85854.94250322707,0,8
1487855040000,1487855519999,85854.948107101,85857.9644034351,85854.85657676705,85856.25372412316,0,8
1487855520000,1487855999999,85856.2369146868,85857.81127594618,85853.90760067044,85857.42097698554,0,8
1487856000000,1487856479999,85857.38922951018,85858.60303182586,85854.82482114932,85857.69922995655,0,8
1487856480000,1487856959999,85857.70296484309,85858.10258964401,85855.68031961404,85855.89511668544,0,8
1487856960000,1487857439999,85855.89511668544,85859.1725344383,85855.89511668544,85858.19222292067,0,8
1487857440000,1487857919999,85858.0465684381,85859.82788911098,85857.18753731264,85857.80193882833,0,8
1487857920000,1487858399999,85857.80193882833,85859.16506576145,85855.9847697505,85858.05217057282,0,8
1487858400000,1487858879999,85858.06337483284,85862.68592830833,85857.71603693502,85860.96298874519,0,8
1487858880000,1487859359999,85860.92565199081,85861.19073992815,85857.63200176012,85860.72029734988,0,8
1487859360000,1487859839999,85860.65308946055,85864.34512037148,85860.38612032845,85864.24994356795,0,8
1487859840000,1487860319999,85864.22568266925,85866.91828315631,85851.63380141395,85853.20328263077,0,8
1487860320000,1487860799999,85853.20328263077,85859.59450561885,85844.9084015805,85846.58363230724,0,8
1487860800000,1487861279999,85846.51819887386,85846.58363230724,85826.92126208931,85833.16456184034,0,8
1487861280000,1487861759999,85832.73960178325,85838.92314271988,85832.39887186485,85836.36147964951,0,8
1487861760000,1487862239999,85836.7357591615,85840.10738599962,85832.06749152247,85835.04951935157,0,8
1487862240000,1487862719999,85835.85805161328,85839.59853403317,85820.38540477306,85824.12793065811,0,8
1487862720000,1487863199999,85824.18414220239,85827.0954681802,85809.88123660098,85817.58462196033,0,8
1487863200000,1487863679999,85817.61087122372,85818.77326951516,85809.38585611772,85814.63864185636,0,8
1487863680000,1487864159999,85814.63864185636,85820.34041847702,85805.56647435129,85817.20212487683,0,8
1487864160000,1487864639999,85817.20212487683,85817.60712133317,85807.80197506913,85811.42914246101,0,8
1487864640000,1487865119999,85811.42914246101,85812.5453622329,85802.98874030792,85804.49828791778,0,8
1487865120000,1487865599999,85804.15283941763,85804.33870721326,85790.47550912897,85794.94148573614,0,8
1487865600000,1487866079999,85794.94148573614,85798.14313017616,85784.71717038029,85791.35720881341,0,8
1487866080000,1487866559999,85791.35720881341,85792.11288953078,85772.6594333343,85778.88775420678,0,8
1487866560000,1487867039999,85778.88775420678,85788.63666137811,85778.88775420678,85784.5647982997,0,8
1487867040000,1487867519999,85784.7811283396,85793.87216369188,85780.12429587799,85793.2669782296,0,8
1487867520000,1487867999999,85793.2669782296,85800.03845651186,85793.2669782296,85797.9796907647,0,8
1487868000000,1487868479999,85797.9796907647,85802.998128746,85796.64577501547,85802.60192899632,0,8
1487868480000,1487868959999,85802.60192899632,85804.54334553801,85799.91073520276,85800.79160341258,0,8
1487868960000,1487869439999,85800.78033479964,85802.61882883222,85796.1102799102,85799.18757643744,0,8
1487869440000,1487869919999,85799.25519869426,85800.57186316994,85794.2386401886,85794.7667185969,0,8
1487869920000,1487870399999,85794.68215275559,85810.52669556288,85794.50550180208,85808.13040704015,0,8
1487870400000,1487870879999,85808.12102341925,85810.52481928907,85804.59403511813,85808.9129700357,0,8
1487870880000,1487871359999,85808.72343401893,85812.4178005648,85804.95824158267,85812.4178005648,0,8
1487871360000,1487871839999,85812.09513731734,85814.14537259043,85808.5357710571,85809.86810182914,0,8
1487871840000,1487872319999,85809.65606669622,85812.5247273675,85807.9633772714,85808.89608083347,0,8
1487872320000,1487872799999,85808.9505014941,85810.68242506224,85805.95317101016,85807.29523029609,0,8
1487872800000,1487873279999,85807.29523029609,85812.86425928432,85805.62466752279,85810.24337423002,0,8
1487873280000,1487873759999,85809.98819052965,85812.02572583944,85803.58394984767,85804.38752040498,0,8
1487873760000,1487874239999,85804.51893935225,85806.16340757888,85801.67802784182,85805.89685689301,0,8
1487874240000,1487874719999,85806.00760768862,85806.00760768862,85800.33145805726,85803.7679506753,0,8
1487874720000,1487875199999,85803.5726843809,85807.23516995422,85800.34272717603,85805.74480719266,0,8
1487875200000,1487875679999,85805.88559403154,85810.7631032468,85805.88559403154,85807.12630966512,0,8
1487875680000,1487876159999,85807.30649157002,85809.80242771105,85804.5039201314,85809.22822990837,0,8
1487876160000,1487876639999,85809.18506991777,85810.72557859078,85805.75419304358,85807.29523029609,0,8
1487876640000,1487877119999,85807.29523029609,85809.81743897607,85805.76170171797,85806.16340757888,0,8
1487877120000,1487877599999,85806.16340757888,85810.83064727286,85805.23608089397,85809.35770876256,0,8
1487877600000,1487878079999,85809.35770876256,85815.87077094606,85807.86203200686,85812.33150792545,0,8
1487878080000,1487878559999,85812.07074955569,85812.85488010444,85808.56392072588,85809.17193423148,0,8
1487878560000,1487879039999,85809.17193423148,85814.2785389344,85809.17193423148,85813.52078001731,0,8
1487879040000,1487879519999,85813.43637262333,85817.27150043401,85811.19462667091,85813.20940698602,0,8
1487879520000,1487879999999,85813.0180765794,85820.53910642429,85813.0180765794,85817.55462271781,0,8
1487880000000,1487880479999,85817.59399670517,85818.53705112413,85814.83931858708,85816.7764859238,0,8
1487880480000,1487880959999,85817.04274677394,85817.14774910366,85812.55474170309,85815.12063432706,0,8
1487880960000,1487881439999,85815.09437852616,85822.58948540487,85812.96555386661,85821.46688939197,0,8
1487881440000,1487881919999,85821.26259709842,85821.43502756584,85808.9317357825,85810.8081326482,0,8
1487881920000,1487882399999,85810.8081326482,85813.82464073658,85804.25234482881,85809.90375331261,0,8
1487882400000,1487882879999,85809.20946471796,85811.50043417113,85803.31169751442,85803.70223648267,0,8
1487882880000,1487883359999,85803.11078931547,85808.92047633865,85800.68455107704,85806.77156705198,0,8
1487894400000,1487894879999,85789.76858926687,85789.76858926687,85789.76858926687,85789.76858926687,0,8
1487894880000,1487895359999,85789.76858926687,85789.76858926687,85789.76858926687,85789.76858926687,0,8
1487895360000,1487895839999,85789.76858926687,85789.76858926687,85789.76858926687,85789.76858926687,0,8
1487895840000,1487896319999,85789.76858926687,85789.76858926687,85789.76858926687,85789.76858926687,0,8
1487896320000,1487896799999,85789.76858926687,85789.76858926687,85789.76858926687,85789.76858926687,0,8
1487896800000,1487897279999,85789.76858926687,85789.76858926687,85789.76858926687,85789.76858926687,0,8
1487897280000,1487897759999,85789.76858926687,85789.76858926687,85789.76858926687,85789.76858926687,0,8
1487897760000,1487898239999,85789.76858926687,85789.76858926687,85789.76858926687,85789.76858926687,0,8
1487898240000,1487898719999,85789.76858926687,85789.76858926687,85789.76858926687,85789.76858926687,0,8
1487898720000,1487899199999,85789.76858926687,85789.76858926687,85789.76858926687,85789.76858926687,0,8
1487899200000,1487899679999,85789.76858926687,85789.76858926687,85789.76858926687,85789.76858926687,0,8
1487899680000,1487900159999,85789.76858926687,85789.76858926687,85789.76858926687,85789.76858926687,0,8
1487900160000,1487900639999,85789.76858926687,85789.76858926687,85789.76858926687,85789.76858926687,0,8
1487900640000,1487901119999,85789.76858926687,85789.76858926687,85789.76858926687,85789.76858926687,0,8
1487901120000,1487901599999,85789.76858926687,85789.76858926687,85789.76858926687,85789.76858926687,0,8
1487901600000,1487902079999,85789.76858926687,85789.76858926687,85789.76858926687,85789.76858926687,0,8
1487902080000,1487902559999,85789.76858926687,85789.76858926687,85789.76858926687,85789.76858926687,0,8
1487902560000,1487903039999,85789.76858926687,85789.76858926687,85789.76858926687,85789.76858926687,0,8
1487903040000,1487903519999,85789.76858926687,85789.76858926687,85789.76858926687,85789.76858926687,0,8
1487903520000,1487903999999,85789.76858926687,85789.76858926687,85789.76858926687,85789.76858926687,0,8
1487904000000,1487904479999,85789.76858926687,85789.76858926687,85789.76858926687,85789.76858926687,0,8
1487904480000,1487904959999,85789.76858926687,85789.76858926687,85789.76858926687,85789.76858926687,0,8
1487904960000,1487905439999,85789.76858926687,85789.76858926687,85789.76858926687,85789.76858926687,0,8
1487905440000,1487905919999,85789.76858926687,85789.76858926687,85789.76858926687,85789.76858926687,0,8
1487905920000,1487906399999,85789.76858926687,85789.76858926687,85789.76858926687,85789.76858926687,0,8
1487906400000,1487906879999,85789.76858926687,85789.76858926687,85789.76858926687,85789.76858926687,0,8
1487906880000,1487907359999,85789.76858926687,85789.76858926687,85789.76858926687,85789.76858926687,0,8
1487907360000,1487907839999,85789.76858926687,85789.76858926687,85789.76858926687,85789.76858926687,0,8
1487907840000,1487908319999,85789.76858926687,85789.76858926687,85789.76858926687,85789.76858926687,0,8
1487908320000,1487908799999,85789.76858926687,85789.76858926687,85789.76858926687,85789.76858926687,0,8
1487908800000,1487909279999,85789.76858926687,85789.76858926687,85789.76858926687,85789.76858926687,0,8
1487909280000,1487909759999,85789.76858926687,85789.76858926687,85789.76858926687,85789.76858926687,0,8
1487909760000,1487910239999,85789.76858926687,85789.76858926687,85789.76858926687,85789.76858926687,0,8
1487910240000,1487910719999,85789.76858926687,85789.76858926687,85789.76858926687,85789.76858926687,0,8
1487910720000,1487911199999,85789.76858926687,85789.76858926687,85789.76858926687,85789.76858926687,0,8
1487911200000,1487911679999,85789.76858926687,85789.76858926687,85789.76858926687,85789.76858926687,0,8
1487911680000,1487912159999,85789.76858926687,85789.76858926687,85789.76858926687,85789.76858926687,0,8
1487912160000,1487912639999,85789.76858926687,85789.76858926687,85789.76858926687,85789.76858926687,0,8
1487912640000,1487913119999,85789.76858926687,85789.76858926687,85789.76858926687,85789.76858926687,0,8
1487913120000,1487913599999,85789.76858926687,85789.76858926687,85789.76858926687,85789.76858926687,0,8
1487913600000,1487914079999,85789.76858926687,85789.76858926687,85789.76858926687,85789.76858926687,0,8
1487914080000,1487914559999,85789.76858926687,85789.76858926687,85789.76858926687,85789.76858926687,0,8
1487914560000,1487915039999,85789.76858926687,85789.76858926687,85789.76858926687,85789.76858926687,0,8
1487915040000,1487915519999,85789.76858926687,85789.76858926687,85789.76858926687,85789.76858926687,0,8
1487915520000,1487915999999,85789.76858926687,85789.76858926687,85789.76858926687,85789.76858926687,0,8
1487916000000,1487916479999,85789.76858926687,85789.76858926687,85789.76858926687,85789.76858926687,0,8
1487916480000,1487916959999,85789.76858926687,85789.76858926687,85789.76858926687,85789.76858926687,0,8
1487916960000,1487917439999,85789.76858926687,85789.76858926687,85789.76858926687,85789.76858926687,0,8
1487917440000,1487917919999,85789.76858926687,85789.76858926687,85789.76858926687,85789.76858926687,0,8
1487917920000,1487918399999,85789.76858926687,85789.76858926687,85789.76858926687,85789.76858926687,0,8
1487918400000,1487918879999,85789.76858926687,85789.76858926687,85789.76858926687,85789.76858926687,0,8
1487918880000,1487919359999,85789.76858926687,85789.76858926687,85789.76858926687,85789.76858926687,0,8
1487919360000,1487919839999,85789.76858926687,85791.88543940178,85789.2007610592,85790.71615129765,0,8
1487919840000,1487920319999,85791.00378629225,85793.37598949554,85790.57139068704,85793.26133968352,0,8
1487920320000,1487920799999,85793.25946016745,85793.5545398639,85790.81955045082,85791.86100230331,0,8
1487920800000,1487921279999,85792.23507134842,85793.18615876534,85791.62226750748,85793.18052017369,0,8
1487921280000,1487921759999,85793.07526587932,85794.33260635778,85793.00760181935,85793.92478678386,0,8
1487921760000,1487922239999,85793.95109822603,85795.51838353509,85793.94170129033,85794.50738108397,0,8
1487922240000,1487922719999,85794.59006913727,85795.17262468082,85791.66738318125,85792.05273793371,0,8
1487922720000,1487923199999,85792.05273793371,85792.9568534739,85791.78769064955,85792.59972820447,0,8
1487923200000,1487923679999,85792.59972820447,85796.28314462231,85791.31209174024,85793.53198630907,0,8
1487923680000,1487924159999,85793.53198630907,85797.54947540614,85792.22755251043,85793.31584549576,0,8
1487924160000,1487924639999,85793.3365200365,85793.94170129033,85788.83033918908,85788.83033918908,0,8
1487924640000,1487925119999,85788.84162127603,85793.99244463809,85788.8378605818,85791.16357993662,0,8
1487925120000,1487925599999,85790.90978883806,85794.29126135212,85790.00924844742,85794.26307147753,0,8
1487925600000,1487926079999,85794.22736418896,85794.68215275559,85792.73506138631,85793.76315783469,0,8
1487926080000,1487926559999,85794.03942898978,85794.97531128126,85793.21811072463,85793.78383145064,0,8
1487926560000,1487927039999,85793.78383145064,85794.212329503,85790.22546074084,85792.075294825,0,8
1487927040000,1487927519999,85792.07717456366,85793.19555641102,85789.57869004415,85791.41924445664,0,8
1487927520000,1487927999999,85791.44744234908,85792.37604851379,85790.00924844742,85791.81212792719,0,8
1487928000000,1487928479999,85791.86288208223,85792.82152329365,85790.56199057493,85792.4643931911,0,8
1487928480000,1487928959999,85792.48318983027,85793.56581662223,85791.50195804899,85792.48694915386,0,8
1487928960000,1487929439999,85792.57717249611,85793.79322853466,85792.57717249611,85793.23690594711,0,8
1487929440000,1487929919999,85793.28201433693,85798.72547877696,85793.06774767303,85797.2094230963,0,8
1487929920000,1487930399999,85797.21693818943,85797.89327344457,85793.31208648377,85793.76315783469,0,8
1487930400000,1487930879999,85793.76315783469,85795.48831802236,85792.95121475296,85794.5675179178,0,8
1487930880000,1487931359999,85794.59194840326,85795.32859347016,85792.20311624797,85792.5865707141,0,8
1487931360000,1487931839999,85792.62040422579,85792.86851314713,85789.86071729363,85790.48490932237,0,8
1487931840000,1487932319999,85790.47926920738,85792.35913135887,85782.76625609232,85784.53281867938,0,8
1487932320000,1487932799999,85784.58549094072,85784.58549094072,85776.6156573255,85780.24286033344,0,8
1487932800000,1487933279999,85780.28049954913,85781.1612167546,85772.23001072872,85776.28054053067,0,8
1487933280000,1487933759999,85776.32572547265,85777.97295375123,85775.21298688345,85776.2466516902,0,8
1487933760000,1487934239999,85776.2466516902,85779.08726746973,85773.34119801276,85773.82141871098,0,8
1487934240000,1487934719999,85773.80635331396,85774.2658377123,85768.31915630601,85768.53206973137,0,8
1487934720000,1487935199999,85768.53206973137,85770.271007019,85766.70048920793,85767.8593985794,0,8
1487935200000,1487935679999,85767.90273730025,85768.85802575051,85763.7998004578,85764.89307630349,0,8
1487935680000,1487936159999,85764.89307630349,85767.67473583763,85764.03920038961,85764.76302044073,0,8
1487936160000,1487936639999,85764.83653048404,85765.57914010505,85762.10121588742,85764.06747559368,0,8
1487936640000,1487937119999,85764.05051048084,85764.06936060444,85757.37910557461,85758.58058873819,0,8
1487937120000,1487937599999,85758.56172826531,85758.56172826531,85753.05294794161,85754.25117724319,0,8
1487937600000,1487938079999,85754.25117724319,85759.81964387065,85754.25117724319,85759.72535283458,0,8
1487938080000,1487938559999,85759.75175441428,85765.01370631636,85758.72769920569,85765.01370631636,0,8
1487938560000,1487939039999,85765.01370631636,85766.2990795249,85759.5235670302,85760.1949133835,0,8
1487939040000,1487939519999,85760.56828314367,85764.58395525336,85760.28354282072,85764.58395525336,0,8
1487939520000,1487939999999,85764.96470054913,85765.876922381,85763.78094982605,85764.71212855572,0,8
1487940000000,1487940479999,85764.83276075138,85765.63002757788,85762.49148226691,85763.01181374834,0,8
1487940480000,1487940959999,85763.00238769419,85763.04574746973,85758.29956400882,85758.6126514604,0,8
1487940960000,1487941439999,85758.73901530587,85759.21805180136,85753.94172704936,85757.24517935683,0,8
1487941440000,1487941919999,85757.24895195088,85757.98835291197,85755.79828458949,85757.37721930232,0,8
1487941920000,1487942399999,85757.34138006093,85757.72240120896,85750.87878584888,85752.80384917904,0,8
1487942400000,1487942879999,85752.80384917904,85756.05108181914,85750.96183544517,85753.18881737864,0,8
1487942880000,1487943359999,85753.74925929384,85758.01475907803,85752.51322611337,85757.20745333789,0,8
1487943360000,1487943839999,85757.20745333789,85758.40707104605,85753.13220533756,85753.13220533756,0,8
1487943840000,1487944319999,85753.13220533756,85757.0754111508,85750.63529555712,85750.82971076325,0,8
1487944320000,1487944799999,85750.75421016123,85757.30554069109,85750.29553175332,85753.2265585613,0,8
1487944800000,1487945279999,85753.2265585613,85756.61513618169,85750.86746085051,85753.67189376008,0,8
1487945280000,1487945759999,85753.67189376008,85757.50359876003,85752.96048018573,85756.85848091546,0,8
1487945760000,1487946239999,85756.97543519217,85763.07591068099,85756.79811688261,85762.42172562613,0,8
1487946240000,1487946719999,85762.42172562613,85771.75348072592,85760.95106696073,85768.59236297509,0,8
1487946720000,1487947199999,85768.59236297509,85780.8507163361,85765.35108565733,85775.82491429022,0,8
1487947200000,1487947679999,85775.2581766494,85788.30194719204,85775.2581766494,85779.55027347796,0,8
1487947680000,1487948159999,85779.55027347796,85783.2949406641,85774.5445310773,85780.67382087775,0,8
1487948160000,1487948639999,85780.67382087775,85796.95954303401,85780.52515099799,85788.10261769134,0,8
1487948640000,1487949119999,85788.10261769134,85790.49806957829,85772.6594333343,85772.96642152496,0,8
1487949120000,1487949599999,85772.8364706191,85777.03171367427,85768.55656390547,85774.93619511096,0,8
1487949600000,1487950079999,85774.93619511096,85785.59561598736,85774.09447509797,85775.26947405896,0,8
1487950080000,1487950559999,85775.26947405896,85784.99745369973,85771.47847679391,85781.05771768634,0,8
1487950560000,1487951039999,85781.05771768634,85787.38236571944,85778.5414198454,85786.54357349698,0,8
1487951040000,1487951519999,85786.54357349698,85790.63907123337,85783.9534054931,85789.25904954567,0,8
1487951520000,1487951999999,85789.25904954567,85791.80648856072,85781.51310557434,85790.33638523349,0,8
1487952000000,1487952479999,85790.33638523349,85797.23008958882,85788.37528440471,85793.29705042166,0,8
1487952480000,1487952959999,85793.29705042166,85801.19350897084,85791.24253585364,85794.2743474369,0,8
1487952960000,1487953439999,85794.17474268923,85798.03041362653,85791.5433145886,85795.46201062454,0,8
1487953440000,1487953919999,85795.41127473333,85799.31530698309,85794.22172618438,85797.38602629167,0,8
1487953920000,1487954399999,85797.40105620683,85798.30468834839,85784.41994861372,85788.68555127658,0,8
1487954400000,1487954879999,85788.68555127658,85789.01085105303,85781.31552246734,85785.92289718908,0,8
1487954880000,1487955359999,85785.92289718908,85787.87695685768,85783.63358513429,85783.6542797023,0,8
1487955360000,1487955839999,85783.65616102454,85787.00811510219,85781.3343400743,85784.03994336132,0,8
1487955840000,1487956319999,85784.03994336132,85795.36429682674,85784.03994336132,85791.75949371653,0,8
1487956320000,1487956799999,85791.66738318125,85795.7570253363,85790.6108710614,85791.25945489762,0,8
1487956800000,1487957279999,85791.25381521948,85796.57437732488,85790.69359134033,85795.47704343176,0,8
1487957280000,1487957759999,85795.26846121301,85798.3817093489,85793.92102800077,85795.8133965838,0,8
1487957760000,1487958239999,85795.79460620329,85796.9257242,85793.21059262575,85794.75356395745,0,8
1487958240000,1487958719999,85794.90202245556,85801.12214374274,85793.61280297844,85796.83178239434,0,8
1487958720000,1487959199999,85796.79984197936,85799.90697866897,85794.85316294001,85797.74673802103,0,8
1487959200000,1487959679999,85797.71667920721,85798.95465183043,85791.22561678104,85791.72001787672,0,8
1487959680000,1487960159999,85791.72001787672,85794.50550180208,85790.55259045401,85793.8157815003,0,8
1487960160000,1487960639999,85793.8157815003,85794.1315176787,85790.74435117272,85791.1297414956,0,8
1487960640000,1487961119999,85791.1297414956,85792.89670695322,85787.978504863,85791.84408427708,0,8
1487961120000,1487961599999,85791.81776729047,85792.12416791494,85788.30006674363,85788.3357952032,0,8
1487961600000,1487962079999,85788.1439882918,85794.57315572744,85788.01799547547,85793.72744876103,0,8
1487962080000,1487962559999,85793.55078094162,85796.24368663602,85792.64671910017,85794.86255901922,0,8
1487962560000,1487963039999,85794.90202245556,85797.54196056293,85794.497984671,85796.8956629182,0,8
1487963040000,1487963519999,85796.6908680311,85798.09804370877,85795.77017865582,85796.88251107902,0,8
1487963520000,1487963999999,85796.91257240034,85802.16627892465,85794.95088173237,85802.16627892465,0,8
1487964000000,1487964479999,85801.4526731476,85802.90987708003,85796.99899819582,85797.35972388576,0,8
1487964480000,1487964959999,85797.36348137657,85803.52762238686,85796.96893713428,85801.59727632691,0,8
1487964960000,1487965439999,85801.53905971396,85805.34120726901,85801.06016826307,85804.81931903219,0,8
1487965440000,1487965919999,85804.91506315884,85805.2773806731,85800.74652888467,85802.06111916727,0,8
1487965920000,1487966399999,85802.53245159313,85806.8541537577,85801.33435990012,85801.40572361375,0,8
1487966400000,1487966879999,85801.40572361375,85803.37929188886,85796.92008771657,85800.09292539749,0,8
1487966880000,1487967359999,85800.08353423148,85802.0592413044,85799.55010152426,85801.88272062095,0,8
1487967360000,1487967839999,85801.88272062095,85809.54535630044,85800.58876643695,85809.52471524365,0,8
1487967840000,1487968319999,85809.51345646742,85811.26404391782,85807.27083082571,85810.30716913765,0,8
1487968320000,1487968799999,85810.78561797286,85814.68740479684,85809.17193423148,85812.98618782239,0,8
1487968800000,1487969279999,85813.04246203086,85820.30105530196,85813.04246203086,85819.65622694697,0,8
1487969280000,1487969759999,85819.65622694697,85829.10142931902,85819.65622694697,85826.93999407267,0,8
1488153600000,1488154079999,85832.39325534036,85832.39325534036,85832.39325534036,85832.39325534036,0,8
1488154080000,1488154559999,85832.39325534036,85832.39325534036,85832.39325534036,85832.39325534036,0,8
1488154560000,1488155039999,85832.39325534036,85832.39325534036,85832.39325534036,85832.39325534036,0,8
1488155040000,1488155519999,85832.39325534036,85832.39325534036,85832.39325534036,85832.39325534036,0,8
1488155520000,1488155999999,85832.39325534036,85832.39325534036,85832.39325534036,85832.39325534036,0,8
1488156000000,1488156479999,85832.39325534036,85832.39325534036,85832.39325534036,85832.39325534036,0,8
1488156480000,1488156959999,85832.39325534036,85832.39325534036,85832.39325534036,85832.39325534036,0,8
1488156960000,1488157439999,85832.39325534036,85832.39325534036,85832.39325534036,85832.39325534036,0,8
1488157440000,1488157919999,85832.39325534036,85832.39325534036,85832.39325534036,85832.39325534036,0,8
1488157920000,1488158399999,85832.39325534036,85832.39325534036,85832.39325534036,85832.39325534036,0,8
1488158400000,1488158879999,85832.39325534036,85832.39325534036,85832.39325534036,85832.39325534036,0,8
1488158880000,1488159359999,85832.39325534036,85832.39325534036,85832.39325534036,85832.39325534036,0,8
1488159360000,1488159839999,85832.39325534036,85832.39325534036,85832.39325534036,85832.39325534036,0,8
1488159840000,1488160319999,85832.39325534036,85832.39325534036,85832.39325534036,85832.39325534036,0,8
1488160320000,1488160799999,85832.39325534036,85832.39325534036,85832.39325534036,85832.39325534036,0,8
1488160800000,1488161279999,85832.39325534036,85832.39325534036,85832.39325534036,85832.39325534036,0,8
1488161280000,1488161759999,85832.39325534036,85832.39325534036,85832.39325534036,85832.39325534036,0,8
1488161760000,1488162239999,85832.39325534036,85832.39325534036,85832.39325534036,85832.39325534036,0,8
1488162240000,1488162719999,85832.39325534036,85832.39325534036,85832.39325534036,85832.39325534036,0,8
1488162720000,1488163199999,85832.39325534036,85832.39325534036,85832.39325534036,85832.39325534036,0,8
1488163200000,1488163679999,85832.39325534036,85832.39325534036,85832.39325534036,85832.39325534036,0,8
1488163680000,1488164159999,85832.39325534036,85832.39325534036,85832.39325534036,85832.39325534036,0,8
1488164160000,1488164639999,85832.39325534036,85832.39325534036,85832.39325534036,85832.39325534036,0,8
1488164640000,1488165119999,85832.39325534036,85832.39325534036,85832.39325534036,85832.39325534036,0,8
1488165120000,1488165599999,85832.39325534036,85832.39325534036,85832.39325534036,85832.39325534036,0,8
1488165600000,1488166079999,85832.39325534036,85832.39325534036,85832.39325534036,85832.39325534036,0,8
1488166080000,1488166559999,85832.39325534036,85832.39325534036,85832.39325534036,85832.39325534036,0,8
1488166560000,1488167039999,85832.39325534036,85832.39325534036,85832.39325534036,85832.39325534036,0,8
1488167040000,1488167519999,85832.39325534036,85832.39325534036,85832.39325534036,85832.39325534036,0,8
1488167520000,1488167999999,85832.39325534036,85832.39325534036,85832.39325534036,85832.39325534036,0,8
1488168000000,1488168479999,85832.39325534036,85832.39325534036,85832.39325534036,85832.39325534036,0,8
1488168480000,1488168959999,85832.39325534036,85832.39325534036,85832.39325534036,85832.39325534036,0,8
1488168960000,1488169439999,85832.39325534036,85832.39325534036,85832.39325534036,85832.39325534036,0,8
1488169440000,1488169919999,85832.39325534036,85832.39325534036,85832.39325534036,85832.39325534036,0,8
1488169920000,1488170399999,85832.39325534036,85832.39325534036,85832.39325534036,85832.39325534036,0,8
1488170400000,1488170879999,85832.39325534036,85832.39325534036,85832.39325534036,85832.39325534036,0,8
1488170880000,1488171359999,85832.39325534036,85832.39325534036,85832.39325534036,85832.39325534036,0,8
1488171360000,1488171839999,85832.39325534036,85832.39325534036,85832.39325534036,85832.39325534036,0,8
1488171840000,1488172319999,85832.39325534036,85832.39325534036,85832.39325534036,85832.39325534036,0,8
1488172320000,1488172799999,85832.39325534036,85832.39325534036,85832.39325534036,85832.39325534036,0,8
1488172800000,1488173279999,85832.39325534036,85832.39325534036,85832.39325534036,85832.39325534036,0,8
1488173280000,1488173759999,85832.39325534036,85832.39325534036,85832.39325534036,85832.39325534036,0,8
1488173760000,1488174239999,85832.39325534036,85832.39325534036,85832.39325534036,85832.39325534036,0,8
1488174240000,1488174719999,85832.39325534036,85832.39325534036,85832.39325534036,85832.39325534036,0,8
1488174720000,1488175199999,85832.39325534036,85832.39325534036,85832.39325534036,85832.39325534036,0,8
1488175200000,1488175679999,85832.39325534036,85832.39325534036,85832.39325534036,85832.39325534036,0,8
1488175680000,1488176159999,85832.39325534036,85832.39325534036,85832.39325534036,85832.39325534036,0,8
1488176160000,1488176639999,85832.39325534036,85832.39325534036,85832.39325534036,85832.39325534036,0,8
1488176640000,1488177119999,85832.39325534036,85832.39325534036,85832.39325534036,85832.39325534036,0,8
1488177120000,1488177599999,85832.39325534036,85832.39325534036,85832.39325534036,85832.39325534036,0,8
1488177600000,1488178079999,85832.39325534036,85832.39325534036,85832.39325534036,85832.39325534036,0,8
1488178080000,1488178559999,85832.39325534036,85832.39325534036,85832.39325534036,85832.39325534036,0,8
1488178560000,1488179039999,85832.39325534036,85834.83240233241,85830.55461012087,85831.18937412322,0,8
1488179040000,1488179519999,85831.18375691939,85832.76768340154,85830.11643093135,85832.42508227075,0,8
1488179520000,1488179999999,85832.43631528082,85834.80806995892,85830.64449065841,85834.80806995892,0,8
1488180000000,1488180479999,85834.80806995892,85838.49655628134,85834.80806995892,85837.68636614723,0,8
1488180480000,1488180959999,85837.68636614723,85839.8136768108,85835.66153936874,85839.68459169965,0,8
1488180960000,1488181439999,85839.58917989435,85840.32625921228,85837.18487608542,85840.2196292712,0,8
1488181440000,1488181919999,85840.2196292712,85842.15375707444,85838.33564614366,85841.36443868413,0,8
1488181920000,1488182399999,85841.34012219949,85841.35321569857,85838.83707850026,85839.23558703068,0,8
1488182400000,1488182879999,85839.36093619594,85842.30338386784,85835.64843841513,85837.28031083327,0,8
1488182880000,1488183359999,85837.25411315005,85845.54786428246,85836.47750779644,85845.28984039393,0,8
1488183360000,1488183839999,85845.28797063131,85845.28797063131,85838.9774002168,85842.46610046441,0,8
1488183840000,1488184319999,85842.14066462351,85844.35865534248,85839.32538957732,85842.34827146928,0,8
1488184320000,1488184799999,85842.38380734419,85845.31040775968,85842.1949046658,85843.01221037592,0,8
1488184800000,1488185279999,85843.11132986755,85843.11132986755,85833.73364305886,85837.6844949624,0,8
1488185280000,1488185759999,85837.74811505018,85840.5844112032,85833.17204996139,85833.57265626223,0,8
1488185760000,1488186239999,85833.36299515319,85834.63025466315,85830.56397271456,85831.76418463486,0,8
1488186240000,1488186719999,85831.90835016684,85834.59094769736,85831.61814470417,85833.52024139707,0,8
1488186720000,1488187199999,85833.5033937035,85837.78179610925,85832.82571849611,85835.58293338963,0,8
1488187200000,1488187679999,85835.63533744436,85835.63533744436,85830.13515693048,85831.35039929184,0,8
1488187680000,1488188159999,85831.38410190596,85833.26377898897,85828.0301350597,85828.39348898125,0,8
1488188160000,1488188639999,85828.47777022101,85828.75870255679,85820.66469016612,85826.66837687981,0,8
1488188640000,1488189119999,85826.77515141497,85828.27736699847,85821.04330623073,85825.1546783738,0,8
1488189120000,1488189599999,85825.42821016384,85826.27311385423,85820.18671377187,85822.31400189146,0,8
1488189600000,1488190079999,85822.31400189146,85825.00292120849,85820.94396775935,85822.11909740682,0,8
1488190080000,1488190559999,85822.336490626,85824.00426414846,85821.07329500931,85821.6355679566,0,8
1488190560000,1488191039999,85821.62807119192,85821.8173627794,85818.61391645111,85821.03018611182,0,8
1488191040000,1488191519999,85820.89336098885,85823.99302166268,85819.50626090492,85821.90732188175,0,8
1488191520000,1488191999999,85821.97104242296,85822.34586091714,85818.88012838282,85819.06197330455,0,8
1488192000000,1488192479999,85819.02447977687,85820.38540477306,85815.0493684214,85816.06579725022,0,8
1488192480000,1488192959999,85816.1314302472,85819.94677975372,85815.43757391344,85816.64710309208,0,8
1488192960000,1488193439999,85816.69773135602,85819.491264177,85816.44083714513,85817.03149645893,0,8
1488193440000,1488193919999,85817.0183710754,85820.6909313458,85816.11830368226,85818.88012838282,0,8
1488193920000,1488194399999,85818.88012838282,85822.3477349743,85818.88012838282,85822.03288844228,0,8
1488194400000,1488194879999,85821.88483218204,85822.47891810372,85819.64497957184,85819.75745275403,0,8
1488194880000,1488195359999,85819.73120912466,85819.97489731926,85818.68140747059,85818.9194971515,0,8
1488195360000,1488195839999,85818.9194971515,85825.02353034141,85818.88012838282,85824.96919708124,0,8
1488195840000,1488196319999,85824.96170281529,85826.02770572597,85822.96240677818,85823.60889580425,0,8
1488196320000,1488196799999,85823.60889580425,85825.80477251123,85821.88670632562,85822.50515452308,0,8
1488196800000,1488197279999,85822.46767390291,85823.17790776411,85820.66656453836,85821.83423017274,0,8
1488197280000,1488197759999,85821.86609072697,85822.08161533964,85818.9382441297,85820.60471006826,0,8
1488197760000,1488198239999,85820.56347354228,85821.41066257148,85819.491264177,85821.09203795025,0,8
1488198240000,1488198719999,85820.60658445176,85824.05485517817,85819.65622694697,85820.32354856383,0,8
1488198720000,1488199199999,85820.32354856383,85822.08161533964,85818.62891449481,85821.995406052,0,8
1488199200000,1488199679999,85821.995406052,85821.995406052,85817.63524547801,85817.75711585837,0,8
1488199680000,1488200159999,85817.76086569267,85818.01210138795,85813.45512988356,85816.7314833896,0,8
1488200160000,1488200639999,85816.65647871584,85817.1589992879,85815.27441691936,85815.43007250084,0,8
1488200640000,1488201119999,85815.49570967036,85815.49758501173,85810.8081326482,85812.33525979481,0,8
1488201120000,1488201599999,85812.34088759623,85813.11186645183,85809.0987493777,85810.12891764037,0,8
1488201600000,1488202079999,85810.19646595007,85813.19627658489,85809.17381075915,85812.0013379085,0,8
1488202080000,1488202559999,85812.0013379085,85814.09473140266,85809.46091534414,85813.84152161692,0,8
1488202560000,1488203039999,85813.85089987148,85815.78638338548,85811.41225750785,85815.67199022199,0,8
1488203040000,1488203519999,85815.67199022199,85815.67199022199,85810.42725256563,85812.1364087785,0,8
1488203520000,1488203999999,85811.50606244238,85812.20019161071,85809.60540276891,85811.31094719023,0,8
1488204000000,1488204479999,85811.31094719023,85815.65886305396,85810.81188508916,85814.27666336442,0,8
1488204480000,1488204959999,85814.27666336442,85817.1589992879,85813.38572784496,85815.9551577945,0,8
1488204960000,1488205439999,85815.99266283188,85818.04022439386,85815.91577735385,85816.23831734882,0,8
1488205440000,1488205919999,85816.23644214636,85818.09272045993,85801.83201729541,85804.76675323953,0,8
1488205920000,1488206399999,85804.81556434189,85807.25393884981,85795.06175382121,85797.75425271038,0,8
1488206400000,1488206879999,85797.75425271038,85804.79115882049,85794.8588005886,85804.68227192243,0,8
1488206880000,1488207359999,85804.68227192243,85812.86050761343,85802.98686261925,85808.29555732691,0,8
1488207360000,1488207839999,85808.07785864966,85818.04584898555,85805.69412344544,85806.49377039986,0,8
1488207840000,1488208319999,85806.49377039986,85818.46205999184,85805.60964996256,85813.27881024832,0,8
1488208320000,1488208799999,85813.27881024832,85815.2087782973,85800.44602683962,85804.85498851984,0,8
1488208800000,1488209279999,85805.07651196285,85820.37040936355,85803.00188411877,85818.11334383907,0,8
1488209280000,1488209759999,85818.11334383907,85819.55500011527,85813.07059901633,85816.4745900458,0,8
1488209760000,1488210239999,85816.62272642914,85822.60447748716,85813.71022512975,85818.25583147827,0,8
1488210240000,1488210719999,85818.45831042045,85822.05537780904,85814.01032885314,85819.81743793393,0,8
1488210720000,1488211199999,85819.35629261384,85823.0261205967,85816.01141529782,85816.60397510951,0,8
1488211200000,1488211679999,85815.89139890809,85827.32961137113,85815.89139890809,85821.51936747253,0,8
1488211680000,1488212159999,85821.51936747253,85824.57011960591,85819.65997606922,85821.23823168394,0,8
1488212160000,1488212639999,85821.6374421469,85829.15199456828,85821.5699710751,85827.636798923,0,8
1488212640000,1488213119999,85827.66676793504,85828.38412435522,85818.32145010302,85821.51749326011,0,8
1488213120000,1488213599999,85821.48750581361,85823.5882837557,85818.96261514886,85819.18945024716,0,8
1488213600000,1488214079999,85819.18945024716,85823.47023211373,85817.35587546302,85818.42081462935,0,8
1488214080000,1488214559999,85818.39644228977,85821.21574047938,85816.4258358194,85820.58034305074,0,8
1488214560000,1488215039999,85820.60845883492,85821.41815949914,85814.84119405154,85817.39150026151,0,8
1488215040000,1488215519999,85817.40462515528,85821.27196839589,85814.73616749952,85821.17638074975,0,8
1488215520000,1488215999999,85821.25697431574,85823.14792529635,85817.7589907757,85819.74058185735,0,8
1488216000000,1488216479999,85819.74058185735,85822.6007294687,85818.18083823704,85821.54560640953,0,8
1488216480000,1488216959999,85821.57934208453,85822.24466130821,85818.88200308962,85820.34979063872,0,8
1488216960000,1488217439999,85820.37603264475,85823.48334903167,85820.30855306155,85820.8914866591,0,8
1488217440000,1488217919999,85821.04705483296,85821.04705483296,85815.1881489271,85818.52205294266,0,8
1488217920000,1488218399999,85818.52580249014,85820.9383447975,85815.40756822923,85816.08642480997,0,8
1488218400000,1488218879999,85816.08642480997,85820.32729743588,85815.33630436841,85819.7761981614,0,8
1488218880000,1488219359999,85819.61686107864,85821.77425708942,85818.55579881933,85820.57284549494,0,8
1488219360000,1488219839999,85820.700303179,85825.38324654782,85818.42831379884,85824.322795994,0,8
1488219840000,1488220319999,85824.322795994,85828.66131357414,85822.49391035178,85827.50568343929,0,8
1488220320000,1488220799999,85827.50568343929,85828.89354727467,85824.09607730946,85826.22815403706,0,8
1488220800000,1488221279999,85826.22815403706,85829.97598482021,85824.32466968072,85826.49229006826,0,8
1488221280000,1488221759999,85826.57846059748,85829.43852615125,85825.14905777913,85828.76619397772,0,8
1488221760000,1488222239999,85828.80739669244,85830.54899256046,85827.0711169736,85827.92711994784,0,8
1488222240000,1488222719999,85827.91213584317,85828.5583049642,85825.16029896533,85828.26987521134,0,8
1488222720000,1488223199999,85828.27923994439,85829.24750600818,85826.344299818,85827.78477004691,0,8
1488223200000,1488223679999,85827.7379439787,85834.03876208574,85826.67025012709,85833.02603058986,0,8
1488223680000,1488224159999,85833.02603058986,85833.84970169995,85829.4591261448,85831.84282063723,0,8
1488224160000,1488224639999,85831.84656519334,85833.71117994051,85830.58644290364,85831.70239877062,0,8
1488224640000,1488225119999,85831.48708141201,85834.78373752623,85829.8037015633,85831.8727770469,0,8
1488225120000,1488225599999,85831.58631520542,85833.65314998452,85830.56959026656,85831.32605844433,0,8
1488225600000,1488226079999,85831.33354794217,85837.07821264236,85830.65385316793,85836.17246317242,0,8
1488226080000,1488226559999,85836.25106451762,85838.77907828228,85833.73177113428,85838.15040917457,0,8
1488226560000,1488227039999,85838.2701587184,85838.48720111167,85833.40043495933,85835.61100702452,0,8
1488227040000,1488227519999,85835.58106181116,85840.6723310121,85833.87029260847,85838.53210584627,0,8
1488227520000,1488227999999,85838.49842731422,85840.02694421334,85836.23422142424,85838.0886627557,0,8
1488228000000,1488228479999,85838.06808053136,85840.3150350615,85834.46928230023,85834.51607685891,0,8
1488228480000,1488228959999,85834.23530622211,85837.65268476671,85831.49457078926,85835.91606877568,0,8
1488240000000,1488240479999,85831.82597011735,85831.82597011735,85831.82597011735,85831.82597011735,0,8
1488240480000,1488240959999,85831.82597011735,85831.82597011735,85831.82597011735,85831.82597011735,0,8
1488240960000,1488241439999,85831.82597011735,85831.82597011735,85831.82597011735,85831.82597011735,0,8
1488241440000,1488241919999,85831.82597011735,85831.82597011735,85831.82597011735,85831.82597011735,0,8
1488241920000,1488242399999,85831.82597011735,85831.82597011735,85831.82597011735,85831.82597011735,0,8
1488242400000,1488242879999,85831.82597011735,85831.82597011735,85831.82597011735,85831.82597011735,0,8
1488242880000,1488243359999,85831.82597011735,85831.82597011735,85831.82597011735,85831.82597011735,0,8
1488243360000,1488243839999,85831.82597011735,85831.82597011735,85831.82597011735,85831.82597011735,0,8
1488243840000,1488244319999,85831.82597011735,85831.82597011735,85831.82597011735,85831.82597011735,0,8
1488244320000,1488244799999,85831.82597011735,85831.82597011735,85831.82597011735,85831.82597011735,0,8
1488244800000,1488245279999,85831.82597011735,85831.82597011735,85831.82597011735,85831.82597011735,0,8
1488245280000,1488245759999,85831.82597011735,85831.82597011735,85831.82597011735,85831.82597011735,0,8
1488245760000,1488246239999,85831.82597011735,85831.82597011735,85831.82597011735,85831.82597011735,0,8
1488246240000,1488246719999,85831.82597011735,85831.82597011735,85831.82597011735,85831.82597011735,0,8
1488246720000,1488247199999,85831.82597011735,85831.82597011735,85831.82597011735,85831.82597011735,0,8
1488247200000,1488247679999,85831.82597011735,85831.82597011735,85831.82597011735,85831.82597011735,0,8
1488247680000,1488248159999,85831.82597011735,85831.82597011735,85831.82597011735,85831.82597011735,0,8
1488248160000,1488248639999,85831.82597011735,85831.82597011735,85831.82597011735,85831.82597011735,0,8
1488248640000,1488249119999,85831.82597011735,85831.82597011735,85831.82597011735,85831.82597011735,0,8
1488249120000,1488249599999,85831.82597011735,85831.82597011735,85831.82597011735,85831.82597011735,0,8
1488249600000,1488250079999,85831.82597011735,85831.82597011735,85831.82597011735,85831.82597011735,0,8
1488250080000,1488250559999,85831.82597011735,85831.82597011735,85831.82597011735,85831.82597011735,0,8
1488250560000,1488251039999,85831.82597011735,85831.82597011735,85831.82597011735,85831.82597011735,0,8
1488251040000,1488251519999,85831.82597011735,85831.82597011735,85831.82597011735,85831.82597011735,0,8
1488251520000,1488251999999,85831.82597011735,85831.82597011735,85831.82597011735,85831.82597011735,0,8
1488252000000,1488252479999,85831.82597011735,85831.82597011735,85831.82597011735,85831.82597011735,0,8
1488252480000,1488252959999,85831.82597011735,85831.82597011735,85831.82597011735,85831.82597011735,0,8
1488252960000,1488253439999,85831.82597011735,85831.82597011735,85831.82597011735,85831.82597011735,0,8
1488253440000,1488253919999,85831.82597011735,85831.82597011735,85831.82597011735,85831.82597011735,0,8
1488253920000,1488254399999,85831.82597011735,85831.82597011735,85831.82597011735,85831.82597011735,0,8
1488254400000,1488254879999,85831.82597011735,85831.82597011735,85831.82597011735,85831.82597011735,0,8
1488254880000,1488255359999,85831.82597011735,85831.82597011735,85831.82597011735,85831.82597011735,0,8
1488255360000,1488255839999,85831.82597011735,85831.82597011735,85831.82597011735,85831.82597011735,0,8
1488255840000,1488256319999,85831.82597011735,85831.82597011735,85831.82597011735,85831.82597011735,0,8
1488256320000,1488256799999,85831.82597011735,85831.82597011735,85831.82597011735,85831.82597011735,0,8
1488256800000,1488257279999,85831.82597011735,85831.82597011735,85831.82597011735,85831.82597011735,0,8
1488257280000,1488257759999,85831.82597011735,85831.82597011735,85831.82597011735,85831.82597011735,0,8
1488257760000,1488258239999,85831.82597011735,85831.82597011735,85831.82597011735,85831.82597011735,0,8
1488258240000,1488258719999,85831.82597011735,85831.82597011735,85831.82597011735,85831.82597011735,0,8
1488258720000,1488259199999,85831.82597011735,85831.82597011735,85831.82597011735,85831.82597011735,0,8
1488259200000,1488259679999,85831.82597011735,85831.82597011735,85831.82597011735,85831.82597011735,0,8
1488259680000,1488260159999,85831.82597011735,85831.82597011735,85831.82597011735,85831.82597011735,0,8
1488260160000,1488260639999,85831.82597011735,85831.82597011735,85831.82597011735,85831.82597011735,0,8
1488260640000,1488261119999,85831.82597011735,85831.82597011735,85831.82597011735,85831.82597011735,0,8
1488261120000,1488261599999,85831.82597011735,85831.82597011735,85831.82597011735,85831.82597011735,0,8
1488261600000,1488262079999,85831.82597011735,85831.82597011735,85831.82597011735,85831.82597011735,0,8
1488262080000,1488262559999,85831.82597011735,85831.82597011735,85831.82597011735,85831.82597011735,0,8
1488262560000,1488263039999,85831.82597011735,85831.82597011735,85831.82597011735,85831.82597011735,0,8
1488263040000,1488263519999,85831.82597011735,85831.82597011735,85831.82597011735,85831.82597011735,0,8
1488263520000,1488263999999,85831.82597011735,85831.82597011735,85831.82597011735,85831.82597011735,0,8
1488264000000,1488264479999,85831.82597011735,85831.82597011735,85831.82597011735,85831.82597011735,0,8
1488264480000,1488264959999,85831.82597011735,85831.82597011735,85831.82597011735,85831.82597011735,0,8
1488264960000,1488265439999,85831.82597011735,85832.35393958061,85831.30358991712,85832.35393958061,0,8
1488265440000,1488265919999,85832.35393958061,85833.52024139707,85831.76044004789,85833.47718612372,0,8
1488265920000,1488266399999,85833.6026074904,85834.05935260498,85832.90621823097,85833.06347165762,0,8
1488266400000,1488266879999,85833.04849524733,85833.64004639945,85832.32960117569,85833.40605091819,0,8
1488266880000,1488267359999,85833.43600264534,85836.28287917218,85833.09716849873,85835.46876646242,0,8
1488267360000,1488267839999,85835.43694921766,85837.20171757769,85834.93721803365,85836.85178296584,0,8
1488267840000,1488268319999,85836.79002852786,85837.8978077778,85835.9403984533,85836.80687068513,0,8
1488268320000,1488268799999,85836.75260141016,85836.79189988007,85834.97652363837,85835.4051318717,0,8
1488268800000,1488269279999,85835.4051318717,85835.91419725957,85830.96468350815,85831.8390760797,0,8
1488269280000,1488269759999,85831.80537499892,85834.81555684937,85830.79616223366,85831.46835794434,0,8
1488269760000,1488270239999,85831.38597427009,85835.66153936874,85831.38597427009,85834.49174371573,0,8
1488270240000,1488270719999,85834.83988920462,85837.60029128268,85833.43038670333,85836.20989246148,0,8
1488270720000,1488271199999,85836.39703680536,85836.89856637709,85833.42477075817,85836.06953190514,0,8
1488271200000,1488271679999,85836.06953190514,85838.14105368107,85834.50484618479,85836.51680734745,0,8
1488271680000,1488272159999,85836.45879367026,85837.52731418672,85834.49735906172,85836.49060766395,0,8
1488272160000,1488272639999,85836.47189356228,85836.7975139346,85832.41384924806,85832.75270654827,0,8
1488272640000,1488273119999,85832.73398545013,85835.29470617972,85829.59021601852,85830.07523360985,0,8
1488273120000,1488273599999,85830.06774316952,85832.98671731782,85828.91789404381,85831.94579541955,0,8
1488273600000,1488274079999,85831.96826250387,85834.37194891673,85831.48895375684,85834.12486761142,0,8
1488274080000,1488274559999,85834.11925205626,85834.37756432997,85832.55987755883,85834.0013246694,0,8
1488274560000,1488275039999,85833.98447778633,85835.67089718222,85832.97735699218,85833.67374129777,0,8
1488275040000,1488275519999,85833.65127804484,85838.953077927,85833.4809300679,85838.54707404634,0,8
1488275520000,1488275999999,85838.47597489652,85838.47597489652,85835.64282371546,85837.04452921344,0,8
1488276000000,1488276479999,85836.94722089259,85838.12047156456,85833.99196529342,85836.5823062559,0,8
1488276480000,1488276959999,85836.5823062559,85837.86038480596,85835.13187284982,85835.15246111843,0,8
1488276960000,1488277439999,85835.17304934464,85839.64156295899,85834.94096143122,85839.5087339394,0,8
1488277440000,1488277919999,85839.39835355268,85840.9566621232,85839.14578367757,85839.96895089623,0,8
1488277920000,1488278399999,85839.9203110806,85840.95105040315,85838.88198166377,85840.07371277249,0,8
1488278400000,1488278879999,85839.99888297287,85840.51145588132,85837.99510684912,85838.3450014551,0,8
1488278880000,1488279359999,85838.29448266927,85838.3000958803,85833.43787462532,85837.18113352773,0,8
1488279360000,1488279839999,85837.18113352773,85840.1635077929,85834.9634217873,85839.19068545493,0,8
1488279840000,1488280319999,85839.19068545493,85840.84816831097,85837.7312744781,85840.25517271123,0,8
1488280320000,1488280799999,85840.29445741902,85842.30899482903,85837.28966713208,85839.3628070671,0,8
1488280800000,1488281279999,85839.1794600295,85841.59450711268,85838.54894506976,85841.40933050048,0,8
1488281280000,1488281759999,85841.32328767546,85842.74664010301,85840.1896978553,85842.74664010301,0,8
1488281760000,1488282239999,85842.64003596746,85843.68545552062,85840.1204811129,85841.86945999894,0,8
1488282240000,1488282719999,85841.94801657792,85842.8476324463,85841.11378900577,85842.22108940851,0,8
1488282720000,1488283199999,85842.12757215543,85843.68545552062,85841.82831106844,85842.19303432443,0,8
1488283200000,1488283679999,85842.20612670679,85842.67931130751,85839.91282801106,85839.91282801106,0,8
1488283680000,1488284159999,85839.91282801106,85843.71724653176,85839.72574945226,85842.59140914226,0,8
1488284160000,1488284639999,85842.74289962628,85843.65740454452,85840.70600222358,85841.27465444688,0,8
1488284640000,1488285119999,85841.36443868413,85843.91360053708,85841.17925781153,85841.51968869231,0,8
1488285120000,1488285599999,85841.61508208014,85842.53904152759,85841.12501226006,85842.27345868826,0,8
1488285600000,1488286079999,85842.27906966624,85844.7532041736,85842.24727408268,85843.26468261685,0,8
1488286080000,1488286559999,85843.19174684641,85843.35070873924,85840.72470840318,85841.1381060408,0,8
1488286560000,1488287039999,85841.1268828012,85841.3663091805,85839.59479237869,85840.20653428776,0,8
1488287040000,1488287519999,85840.17847355123,85840.90241536422,85838.04936938154,85838.43106990984,0,8
1488287520000,1488287999999,85838.41984363167,85841.48414974652,85838.15040917457,85840.2289828203,0,8
1488288000000,1488288479999,85840.2570434151,85843.20670807346,85838.91004603858,85842.94488336844,0,8
1488288480000,1488288959999,85842.90747927956,85843.58073147503,85841.07637806718,85841.79277321945,0,8
1488288960000,1488289439999,85841.78903238592,85841.82457024818,85837.96142650848,85838.37868050388,0,8
1488289440000,1488289919999,85838.38803577507,85838.92314271988,85837.16803456479,85838.286998383,0,8
1488289920000,1488290399999,85838.30383801924,85842.65686827495,85838.30383801924,85841.88629360353,0,8
1488290400000,1488290879999,85842.17620123619,85843.5938220407,85841.89564559385,85843.15247351892,0,8
1488290880000,1488291359999,85843.10945969755,85844.5026394212,85842.05649845817,85842.57083618347,0,8
1488291360000,1488291839999,85842.59327940913,85843.7490374418,85841.21666836523,85843.02530168583,0,8
1488291840000,1488292319999,85843.02904205695,85845.16456552544,85835.55673125928,85839.7220078454,0,8
1488292320000,1488292799999,85839.7220078454,85841.2110567911,85832.78266023239,85836.43446525386,0,8
1488292800000,1488293279999,85836.44943659403,85840.00636597801,85831.41405968982,85835.37331442449,0,8
1488293280000,1488293759999,85835.4219763616,85836.48125061748,85825.78041816143,85828.81863376699,0,8
1488293760000,1488294239999,85828.773685393,85834.49923084302,85824.94671426654,85833.72802728401,0,8
1488294240000,1488294719999,85833.71492379706,85834.1379705612,85827.6780062914,85834.1379705612,0,8
1488294720000,1488295199999,85834.18289483011,85834.54602526156,85830.9665559508,85832.29777394139,0,8
1488295200000,1488295679999,85832.32211242379,85833.05785550637,85826.88379801736,85827.20411130252,0,8
1488295680000,1488296159999,85827.24344731438,85829.59021601852,85824.94484069636,85829.31679805045,0,8
1488296160000,1488296639999,85829.35799849659,85831.71924949871,85821.36568088747,85824.90736921917,0,8
1488296640000,1488297119999,85824.85865608894,85828.75682970068,85819.70496542641,85828.65944069979,0,8
1488297120000,1488297599999,85828.66880506801,85830.94221416896,85826.73956002992,85830.47596398783,0,8
1488297600000,1488298079999,85830.4834541224,85830.84671891418,85826.07641316176,85829.67448717274,0,8
1488298080000,1488298559999,85829.67448717274,85830.3673564063,85825.25022800008,85830.29432650722,0,8
1488298560000,1488299039999,85829.87111710427,85835.99841513796,85829.56587088619,85835.99280063479,0,8
1488299040000,1488299519999,85836.02274461523,85836.9584488241,85833.43225868436,85833.6849729053,0,8
1488299520000,1488299999999,85833.69433256862,85834.37756432997,85830.53401238391,85831.31107943179,0,8
1488300000000,1488300479999,85831.31107943179,85831.47771968255,85827.71921349,85828.1050544745,0,8
1488300480000,1488300959999,85828.1275301895,85830.63887314848,85827.14229725696,85827.68737157872,0,8
1488300960000,1488301439999,85827.68737157872,85828.49837219379,85822.99426373819,85825.2277458172,0,8
1488301440000,1488301919999,85825.25022800008,85826.2319006962,85813.21128275618,85814.69678225812,0,8
1488301920000,1488302399999,85814.69678225812,85816.02641724527,85805.60401837167,85808.83603010561,0,8
1488302400000,1488302879999,85808.8641789292,85809.3351908214,85784.51024476817,85792.29898124299,0,8
1488302880000,1488303359999,85792.11852872446,85799.8318476969,85791.36096856033,85798.59210515603,0,8
1488303360000,1488303839999,85798.53387104532,85798.60713325857,85794.44536459527,85795.83406596161,0,8
1488303840000,1488304319999,85795.80212235973,85802.60944003801,85793.87780189356,85802.49114047592,0,8
1488304320000,1488304799999,85802.49301825768,85803.3473723801,85800.32770168153,85802.03295118733,0,8
1488304800000,1488305279999,85802.04421838882,85809.92439358706,85800.25633027431,85808.82852373927,0,8
1488305280000,1488305759999,85808.84916623315,85813.79463021224,85807.53359122128,85810.95822918841,0,8
1488305760000,1488306239999,85810.8756763701,85811.61299899439,85806.88043120285,85809.0199343208,0,8
1488306240000,1488306719999,85809.0030452992,85810.68617755038,85807.57488151286,85810.25838483316,0,8
1488306720000,1488307199999,85810.2640138035,85812.65603942065,85806.20094935817,85811.40475307508,0,8
1488307200000,1488307679999,85811.26029164653,85812.35964691141,85808.62209645694,85808.88857451221,0,8
1488307680000,1488308159999,85808.8641789292,85814.56174596712,85808.17544829794,85813.85465117084,0,8
1488308160000,1488308639999,85813.9221743186,85817.33337552489,85811.43101856516,85814.93871771931,0,8
1488308640000,1488309119999,85814.80931110772,85814.88245418092,85805.29052147614,85806.74716630386,0,8
1488309120000,1488309599999,85806.74716630386,85807.27458459427,85800.48922456434,85801.43013739886,0,8
1488309600000,1488310079999,85801.43013739886,85805.13846255613,85800.7277477714,85804.928204438,0,8
1488310080000,1488310559999,85804.93571373262,85806.93486283385,85803.55766373877,85804.66725294689,0,8
1488310560000,1488311039999,85804.68039455173,85805.55521111771,85802.85542353592,85805.55521111771,0,8
1488311040000,1488311519999,85805.51391248597,85813.01620077298,85803.75480787133,85810.84190456619,0,8
1488311520000,1488311999999,85810.83064727286,85811.170236713,85808.20172227129,85809.78178718485,0,8
1488312000000,1488312479999,85809.64480806788,85811.52294723713,85806.50127851895,85808.39314485074,0,8
1488312480000,1488312959999,85808.42317158954,85814.89558236818,85807.69875136469,85813.68584130664,0,8
1488312960000,1488313439999,85813.6895926679,85815.0456175702,85809.68608964312,85812.28836132654,0,8
1488313440000,1488313919999,85812.20957140466,85813.29944355774,85806.52192581739,85807.53359122128,0,8
1488313920000,1488314399999,85807.5373448912,85809.71048322112,85796.29817619521,85796.71341446265,0,8
1488314400000,1488314879999,85796.73032425296,85806.95175534875,85793.9191486087,85806.73215042926,0,8
1488314880000,1488315359999,85806.7621821559,85816.41833514809,85804.86812987797,85815.66448898522,0,8
