openEpochMillis,closeEpochMillis,open,high,low,close,volume,sourceBars
1751328000000,1751328479000,87.59,87.592,87.507,87.524,850160000,8
1751328480000,1751328959000,87.525,87.547,87.501,87.546,542650000,8
1751328960000,1751329439000,87.546,87.552,87.512,87.522,532170000,8
1751329440000,1751329919000,87.522,87.565,87.503,87.563,578370000,8
1751329920000,1751330399000,87.563,87.577,87.513,87.543,555370000,8
1751330400000,1751330879000,87.542,87.567,87.519,87.537,487260000,8
1751330880000,1751331359000,87.534,87.563,87.477,87.5,915160000,8
1751331360000,1751331839000,87.502,87.503,87.427,87.446,879380000,8
1751331840000,1751332319000,87.444,87.491,87.435,87.472,644250000,8
1751332320000,1751332799000,87.474,87.476,87.427,87.449,604550000,8
1751332800000,1751333279000,87.453,87.464,87.385,87.449,910060000,8
1751333280000,1751333759000,87.45,87.462,87.425,87.429,765760000,8
1751333760000,1751334239000,87.428,87.431,87.395,87.397,611860000,8
1751334240000,1751334719000,87.398,87.429,87.367,87.412,513850000,8
1751334720000,1751335199000,87.411,87.438,87.382,87.437,762590000,8
1751335200000,1751335679000,87.438,87.443,87.369,87.408,811620000,8
1751335680000,1751336159000,87.408,87.422,87.367,87.374,467460000,8
1751336160000,1751336639000,87.374,87.421,87.354,87.421,539120000,8
1751336640000,1751337119000,87.417,87.454,87.407,87.432,335280000,8
1751337120000,1751337599000,87.432,87.439,87.384,87.416,367470000,8
1751337600000,1751338079000,87.414,87.457,87.412,87.455,369450000,8
1751338080000,1751338559000,87.455,87.478,87.447,87.475,342660000,8
1751338560000,1751339039000,87.474,87.493,87.436,87.491,531980000,8
1751339040000,1751339519000,87.492,87.505,87.446,87.471,489670000,8
1751339520000,1751339999000,87.472,87.475,87.454,87.469,301240000,8
1751340000000,1751340479000,87.471,87.483,87.451,87.483,304470000,8
1751340480000,1751340959000,87.485,87.52,87.478,87.514,388830000,8
1751340960000,1751341439000,87.515,87.546,87.514,87.539,338500000,8
1751341440000,1751341919000,87.539,87.557,87.518,87.525,227280000,8
1751341920000,1751342399000,87.523,87.569,87.515,87.568,452290000,8
1751342400000,1751342879000,87.569,87.6,87.547,87.577,431010000,8
1751342880000,1751343359000,87.576,87.635,87.565,87.633,305190000,8
1751343360000,1751343839000,87.635,87.677,87.63,87.671,308800000,8
1751343840000,1751344319000,87.67,87.674,87.639,87.654,352190000,8
1751344320000,1751344799000,87.654,87.655,87.591,87.593,356700000,8
1751344800000,1751345279000,87.591,87.599,87.554,87.589,328680000,8
1751345280000,1751345759000,87.588,87.611,87.58,87.581,326290000,8
1751345760000,1751346239000,87.58,87.599,87.555,87.585,324240000,8
1751346240000,1751346719000,87.584,87.611,87.577,87.6,359150000,8
1751346720000,1751347199000,87.597,87.604,87.571,87.578,449590000,8
1751347200000,1751347679000,87.577,87.608,87.554,87.605,359670000,8
1751347680000,1751348159000,87.606,87.624,87.583,87.617,448520000,8
1751348160000,1751348639000,87.615,87.623,87.575,87.591,455470000,8
1751348640000,1751349119000,87.593,87.603,87.568,87.59,392520000,8
1751349120000,1751349599000,87.59,87.615,87.556,87.567,473560000,8
1751349600000,1751350079000,87.569,87.599,87.549,87.589,856490000,8
1751350080000,1751350559000,87.587,87.598,87.572,87.594,461450000,8
1751350560000,1751351039000,87.596,87.629,87.588,87.601,432730000,8
1751351040000,1751351519000,87.603,87.605,87.529,87.559,494200000,8
1751351520000,1751351999000,87.558,87.569,87.508,87.541,414530000,8
1751352000000,1751352479000,87.54,87.613,87.536,87.612,570920000,8
1751352480000,1751352959000,87.613,87.65,87.601,87.614,570280000,8
1751352960000,1751353439000,87.615,87.669,87.592,87.629,938530000,8
1751353440000,1751353919000,87.63,87.633,87.583,87.602,923580000,8
1751353920000,1751354399000,87.604,87.614,87.507,87.517,1022410000,8
1751354400000,1751354879000,87.518,87.518,87.465,87.505,841230000,8
1751354880000,1751355359000,87.505,87.536,87.497,87.528,662400000,8
1751355360000,1751355839000,87.526,87.526,87.426,87.469,894660000,8
1751355840000,1751356319000,87.468,87.493,87.453,87.46,891190000,8
1751356320000,1751356799000,87.458,87.468,87.428,87.456,717150000,8
1751356800000,1751357279000,87.454,87.454,87.389,87.424,1047690000,8
1751357280000,1751357759000,87.422,87.422,87.323,87.33,896710000,8
1751357760000,1751358239000,87.331,87.408,87.32,87.384,725410000,8
1751358240000,1751358719000,87.382,87.443,87.376,87.416,664660000,8
1751358720000,1751359199000,87.415,87.456,87.41,87.441,938780000,8
1751359200000,1751359679000,87.437,87.473,87.4,87.468,729570000,8
1751359680000,1751360159000,87.47,87.49,87.415,87.456,1067670000,8
1751360160000,1751360639000,87.456,87.492,87.427,87.457,641020000,8
1751360640000,1751361119000,87.458,87.473,87.409,87.414,780870000,8
1751361120000,1751361599000,87.413,87.413,87.379,87.406,693840000,8
1751361600000,1751362079000,87.405,87.436,87.394,87.43,706020000,8
1751362080000,1751362559000,87.431,87.437,87.391,87.408,1094500000,8
1751362560000,1751363039000,87.408,87.421,87.371,87.39,972210000,8
1751363040000,1751363519000,87.39,87.394,87.367,87.376,778400000,8
1751363520000,1751363999000,87.376,87.4,87.37,87.39,772510000,8
1751364000000,1751364479000,87.389,87.402,87.365,87.382,723000000,8
1751364480000,1751364959000,87.381,87.423,87.371,87.409,581950000,8
1751364960000,1751365439000,87.409,87.426,87.395,87.406,391820000,8
1751365440000,1751365919000,87.405,87.428,87.402,87.413,457050000,8
1751365920000,1751366399000,87.414,87.473,87.413,87.456,447620000,8
1751366400000,1751366879000,87.455,87.455,87.421,87.428,462480000,8
1751366880000,1751367359000,87.425,87.446,87.417,87.432,322230000,8
1751367360000,1751367839000,87.43,87.438,87.398,87.416,540100000,8
1751367840000,1751368319000,87.417,87.417,87.335,87.364,464670000,8
1751368320000,1751368799000,87.363,87.378,87.341,87.364,413430000,8
1751368800000,1751369279000,87.363,87.375,87.328,87.329,417990000,8
1751369280000,1751369759000,87.328,87.356,87.323,87.35,509970000,8
1751369760000,1751370239000,87.349,87.349,87.269,87.286,559830000,8
1751370240000,1751370719000,87.288,87.325,87.276,87.276,633780000,8
1751370720000,1751371199000,87.276,87.293,87.239,87.249,968430000,8
1751371200000,1751371679000,87.247,87.278,87.214,87.275,1128370000,8
1751371680000,1751372159000,87.273,87.306,87.242,87.273,797880000,8
1751372160000,1751372639000,87.27,87.318,87.263,87.316,612370000,8
1751372640000,1751373119000,87.317,87.321,87.262,87.271,907000000,8
1751373120000,1751373599000,87.272,87.303,87.264,87.28,883300000,8
1751373600000,1751374079000,87.281,87.303,87.255,87.298,721290000,8
1751374080000,1751374559000,87.297,87.311,87.279,87.292,586150000,8
1751374560000,1751375039000,87.29,87.318,87.268,87.316,709450000,8
1751375040000,1751375519000,87.312,87.38,87.309,87.372,693000000,8
1751375520000,1751375999000,87.369,87.369,87.299,87.323,720690000,8
1751376000000,1751376479000,87.322,87.366,87.314,87.331,694430000,8
1751376480000,1751376959000,87.328,87.362,87.311,87.314,589350000,8
1751376960000,1751377439000,87.315,87.359,87.287,87.288,1032540000,8
1751377440000,1751377919000,87.286,87.338,87.226,87.277,2355930000,8
1751377920000,1751378399000,87.277,87.305,87.217,87.223,1525770000,8
1751378400000,1751378879000,87.229,87.359,87.201,87.354,2969320000,8
1751378880000,1751379359000,87.355,87.385,87.299,87.38,1804850000,8
1751379360000,1751379839000,87.382,87.405,87.349,87.38,1292810000,8
1751379840000,1751380319000,87.382,87.424,87.382,87.424,1379260000,8
1751380320000,1751380799000,87.424,87.44,87.344,87.349,1287130000,8
1751380800000,1751381279000,87.349,87.362,87.288,87.318,1540680000,8
1751381280000,1751381759000,87.319,87.385,87.315,87.385,1798280000,8
1751381760000,1751382239000,87.385,87.435,87.373,87.382,1971870000,8
1751382240000,1751382719000,87.382,87.39,87.316,87.323,1137780000,8
1751382720000,1751383199000,87.322,87.358,87.31,87.321,1009470000,8
1751383200000,1751383679000,87.32,87.38,87.318,87.353,917910000,8
1751383680000,1751384159000,87.357,87.383,87.346,87.371,924970000,8
1751384160000,1751384639000,87.372,87.385,87.34,87.363,1238410000,8
1751384640000,1751385119000,87.362,87.399,87.355,87.375,979120000,8
1751385120000,1751385599000,87.374,87.401,87.371,87.391,831570000,8
1751385600000,1751386079000,87.389,87.429,87.387,87.399,855990000,8
1751386080000,1751386559000,87.398,87.46,87.385,87.452,668610000,8
1751386560000,1751387039000,87.452,87.468,87.428,87.436,665010000,8
1751387040000,1751387519000,87.435,87.44,87.383,87.407,616860000,8
1751387520000,1751387999000,87.408,87.43,87.395,87.425,546000000,8
1751388000000,1751388479000,87.423,87.449,87.401,87.426,531930000,8
1751388480000,1751388959000,87.427,87.463,87.425,87.439,434910000,8
1751388960000,1751389439000,87.441,87.447,87.4,87.43,648330000,8
1751389440000,1751389919000,87.431,87.452,87.422,87.452,431760000,8
1751389920000,1751390399000,87.45,87.461,87.426,87.456,504960000,8
1751390400000,1751390879000,87.456,87.48,87.447,87.461,432090000,8
1751390880000,1751391359000,87.463,87.487,87.458,87.482,399130000,8
1751391360000,1751391839000,87.481,87.487,87.468,87.474,262850000,8
1751391840000,1751392319000,87.473,87.489,87.462,87.485,305820000,8
1751392320000,1751392799000,87.484,87.491,87.473,87.484,394860000,8
1751392800000,1751393279000,87.486,87.498,87.485,87.495,300460000,8
1751393280000,1751393759000,87.495,87.514,87.494,87.514,395300000,8
1751393760000,1751394239000,87.516,87.516,87.488,87.509,291930000,8
1751394240000,1751394719000,87.511,87.538,87.503,87.535,291580000,8
1751394720000,1751395199000,87.535,87.544,87.526,87.541,356610000,8
1751395200000,1751395679000,87.54,87.565,87.534,87.558,236470000,8
1751395680000,1751396159000,87.557,87.568,87.539,87.543,313110000,8
1751396160000,1751396639000,87.545,87.55,87.446,87.472,1332640000,8
1751396640000,1751397119000,87.476,87.482,87.429,87.451,577050000,8
1751397120000,1751397599000,87.449,87.487,87.442,87.485,607920000,8
1751397600000,1751398079000,87.485,87.539,87.482,87.535,418770000,8
1751398080000,1751398559000,87.536,87.549,87.528,87.54,297450000,8
1751398560000,1751399039000,87.54,87.55,87.533,87.542,339300000,8
1751399040000,1751399519000,87.542,87.554,87.519,87.541,307950000,8
1751399520000,1751399999000,87.539,87.57,87.537,87.563,381990000,8
1751400000000,1751400479000,87.562,87.572,87.501,87.545,463430000,8
1751400480000,1751400959000,87.546,87.554,87.48,87.499,213190000,8
1751400960000,1751401439000,87.501,87.514,87.496,87.496,256260000,8
1751401440000,1751401919000,87.496,87.51,87.477,87.477,224700000,8
1751401920000,1751402399000,87.479,87.481,87.433,87.448,407250000,8
1751402400000,1751402879000,87.446,87.447,87.405,87.409,355980000,8
1751402880000,1751403359000,87.409,87.434,87.404,87.409,212070000,8
1751403360000,1751403839000,87.411,87.421,87.361,87.363,262660000,8
1751403840000,1751404319000,87.045,87.356,87.045,87.338,44550000,8
1751404320000,1751404799000,87.342,87.413,87.327,87.388,172050000,8
1751404800000,1751405279000,87.388,87.423,87.359,87.397,289540000,8
1751405280000,1751405759000,87.397,87.417,87.343,87.364,308620000,8
1751405760000,1751406239000,87.368,87.386,87.368,87.383,57820000,8
1751406240000,1751406719000,87.383,87.385,87.359,87.382,116020000,8
1751406720000,1751407199000,87.384,87.407,87.376,87.388,109250000,8
1751407200000,1751407679000,87.392,87.479,87.388,87.474,120590000,8
1751407680000,1751408159000,87.476,87.486,87.446,87.452,85650000,8
1751408160000,1751408639000,87.451,87.459,87.443,87.451,128550000,8
1751408640000,1751409119000,87.451,87.497,87.449,87.492,179380000,8
1751409120000,1751409599000,87.491,87.51,87.49,87.492,163770000,8
1751409600000,1751410079000,87.492,87.504,87.475,87.477,127740000,8
1751410080000,1751410559000,87.472,87.481,87.448,87.466,100050000,8
1751410560000,1751411039000,87.468,87.502,87.465,87.497,192000000,8
1751411040000,1751411519000,87.498,87.516,87.479,87.484,246020000,8
1751411520000,1751411999000,87.486,87.489,87.461,87.488,156220000,8
1751412000000,1751412479000,87.488,87.492,87.469,87.473,150970000,8
1751412480000,1751412959000,87.472,87.472,87.432,87.439,215350000,8
1751412960000,1751413439000,87.44,87.446,87.43,87.437,176790000,8
1751413440000,1751413919000,87.435,87.484,87.429,87.473,357360000,8
1751413920000,1751414399000,87.475,87.499,87.44,87.446,271380000,8
1751414400000,1751414879000,87.446,87.592,87.437,87.553,990340000,8
1751414880000,1751415359000,87.555,87.568,87.518,87.546,579410000,8
1751415360000,1751415839000,87.548,87.58,87.548,87.561,418150000,8
1751415840000,1751416319000,87.561,87.623,87.559,87.623,503410000,8
1751416320000,1751416799000,87.625,87.636,87.593,87.631,484320000,8
1751416800000,1751417279000,87.631,87.652,87.622,87.639,278430000,8
1751417280000,1751417759000,87.638,87.663,87.592,87.608,668670000,8
1751417760000,1751418239000,87.61,87.614,87.566,87.609,930940000,8
1751418240000,1751418719000,87.609,87.64,87.602,87.637,459580000,8
1751418720000,1751419199000,87.634,87.635,87.582,87.598,590760000,8
1751419200000,1751419679000,87.599,87.643,87.579,87.582,321610000,8
1751419680000,1751420159000,87.579,87.597,87.545,87.575,549630000,8
1751420160000,1751420639000,87.576,87.602,87.532,87.566,344960000,8
1751420640000,1751421119000,87.566,87.573,87.513,87.554,400900000,8
1751421120000,1751421599000,87.552,87.557,87.49,87.539,876990000,8
1751421600000,1751422079000,87.539,87.563,87.524,87.538,589870000,8
1751422080000,1751422559000,87.537,87.543,87.507,87.517,446960000,8
1751422560000,1751423039000,87.519,87.544,87.514,87.536,321100000,8
1751423040000,1751423519000,87.533,87.541,87.512,87.53,244820000,8
1751423520000,1751423999000,87.528,87.534,87.513,87.528,254900000,8
1751424000000,1751424479000,87.531,87.532,87.499,87.52,279210000,8
1751424480000,1751424959000,87.521,87.53,87.508,87.524,337590000,8
1751424960000,1751425439000,87.526,87.559,87.521,87.535,441130000,8
1751425440000,1751425919000,87.53,87.538,87.514,87.517,360510000,8
1751425920000,1751426399000,87.517,87.541,87.511,87.523,289130000,8
1751426400000,1751426879000,87.524,87.556,87.518,87.554,275040000,8
1751426880000,1751427359000,87.555,87.581,87.537,87.543,419040000,8
1751427360000,1751427839000,87.544,87.565,87.539,87.561,293010000,8
1751427840000,1751428319000,87.56,87.595,87.547,87.579,360600000,8
1751428320000,1751428799000,87.58,87.593,87.558,87.586,534690000,8
1751428800000,1751429279000,87.588,87.589,87.552,87.567,320490000,8
1751429280000,1751429759000,87.567,87.602,87.549,87.568,339870000,8
1751429760000,1751430239000,87.567,87.626,87.567,87.615,261060000,8
1751430240000,1751430719000,87.613,87.632,87.602,87.615,340350000,8
1751430720000,1751431199000,87.614,87.643,87.603,87.635,300120000,8
1751431200000,1751431679000,87.636,87.644,87.599,87.603,172890000,8
1751431680000,1751432159000,87.602,87.636,87.597,87.614,245400000,8
1751432160000,1751432639000,87.611,87.611,87.576,87.603,403880000,8
1751432640000,1751433119000,87.604,87.639,87.602,87.625,335320000,8
1751433120000,1751433599000,87.625,87.636,87.608,87.622,339290000,8
1751433600000,1751434079000,87.622,87.64,87.604,87.609,417640000,8
1751434080000,1751434559000,87.607,87.628,87.593,87.626,374600000,8
1751434560000,1751435039000,87.626,87.641,87.574,87.577,398540000,8
1751435040000,1751435519000,87.578,87.673,87.567,87.671,633930000,8
1751435520000,1751435999000,87.67,87.686,87.6,87.6,531280000,8
1751436000000,1751436479000,87.599,87.611,87.545,87.552,472920000,8
1751436480000,1751436959000,87.552,87.596,87.547,87.587,370100000,8
1751436960000,1751437439000,87.587,87.596,87.561,87.564,468190000,8
1751437440000,1751437919000,87.566,87.584,87.551,87.568,441340000,8
1751437920000,1751438399000,87.568,87.594,87.549,87.566,520180000,8
1751438400000,1751438879000,87.57,87.588,87.549,87.557,638580000,8
1751438880000,1751439359000,87.555,87.566,87.532,87.556,628090000,8
1751439360000,1751439839000,87.555,87.556,87.495,87.516,776750000,8
1751439840000,1751440319000,87.516,87.527,87.468,87.524,808370000,8
1751440320000,1751440799000,87.524,87.56,87.524,87.533,695600000,8
1751440800000,1751441279000,87.534,87.551,87.522,87.525,606390000,8
1751441280000,1751441759000,87.524,87.572,87.521,87.57,724770000,8
1751441760000,1751442239000,87.57,87.574,87.499,87.502,679390000,8
1751442240000,1751442719000,87.502,87.533,87.483,87.497,543830000,8
1751442720000,1751443199000,87.496,87.515,87.474,87.475,751360000,8
1751443200000,1751443679000,87.473,87.475,87.441,87.444,822760000,8
1751443680000,1751444159000,87.444,87.45,87.422,87.445,309990000,8
1751444160000,1751444639000,87.446,87.453,87.425,87.448,438960000,8
1751444640000,1751445119000,87.448,87.452,87.393,87.443,513570000,8
1751445120000,1751445599000,87.441,87.444,87.415,87.436,423450000,8
1751445600000,1751446079000,87.437,87.444,87.394,87.421,391000000,8
1751446080000,1751446559000,87.419,87.466,87.417,87.445,499410000,8
1751446560000,1751447039000,87.445,87.477,87.432,87.467,500310000,8
1751447040000,1751447519000,87.468,87.541,87.466,87.524,501980000,8
1751447520000,1751447999000,87.525,87.555,87.506,87.513,435470000,8
1751448000000,1751448479000,87.515,87.583,87.511,87.579,460780000,8
1751448480000,1751448959000,87.582,87.61,87.547,87.577,561170000,8
1751448960000,1751449439000,87.578,87.613,87.56,87.567,516560000,8
1751449440000,1751449919000,87.567,87.592,87.542,87.542,365740000,8
1751449920000,1751450399000,87.539,87.548,87.52,87.533,656840000,8
1751450400000,1751450879000,87.532,87.541,87.505,87.515,439920000,8
1751450880000,1751451359000,87.514,87.533,87.503,87.515,417350000,8
1751451360000,1751451839000,87.513,87.519,87.491,87.494,477470000,8
1751451840000,1751452319000,87.495,87.503,87.466,87.491,547840000,8
1751452320000,1751452799000,87.488,87.494,87.454,87.46,396530000,8
1751452800000,1751453279000,87.46,87.461,87.42,87.426,457440000,8
1751453280000,1751453759000,87.425,87.428,87.397,87.408,506390000,8
1751453760000,1751454239000,87.408,87.432,87.366,87.422,552660000,8
1751454240000,1751454719000,87.421,87.432,87.413,87.424,256780000,8
1751454720000,1751455199000,87.424,87.449,87.415,87.437,294820000,8
1751455200000,1751455679000,87.439,87.463,87.411,87.416,373930000,8
1751455680000,1751456159000,87.416,87.417,87.367,87.41,698120000,8
1751456160000,1751456639000,87.411,87.432,87.41,87.424,428050000,8
1751456640000,1751457119000,87.422,87.442,87.379,87.386,566170000,8
1751457120000,1751457599000,87.387,87.408,87.364,87.37,935290000,8
1751457600000,1751458079000,87.37,87.377,87.318,87.348,1170730000,8
1751458080000,1751458559000,87.35,87.358,87.147,87.147,1423390000,8
1751458560000,1751459039000,87.139,87.211,87.121,87.159,3049470000,8
1751459040000,1751459519000,87.159,87.23,87.124,87.124,1917350000,8
1751459520000,1751459999000,87.124,87.135,87.059,87.098,2129640000,8
1751460000000,1751460479000,87.097,87.125,87.023,87.059,1943190000,8
1751460480000,1751460959000,87.061,87.109,87.034,87.106,1347270000,8
1751460960000,1751461439000,87.106,87.189,87.084,87.187,1387080000,8
1751461440000,1751461919000,87.189,87.2,87.149,87.163,1141230000,8
1751461920000,1751462399000,87.163,87.216,87.16,87.211,1066770000,8
1751462400000,1751462879000,87.213,87.254,87.195,87.212,1088750000,8
1751462880000,1751463359000,87.224,87.253,87.185,87.21,1362300000,8
1751463360000,1751463839000,87.208,87.232,87.179,87.212,1002060000,8
1751463840000,1751464319000,87.212,87.242,87.165,87.17,1229410000,8
1751464320000,1751464799000,87.17,87.213,87.163,87.176,1339230000,8
1751464800000,1751465279000,87.177,87.218,87.123,87.214,1437830000,8
1751465280000,1751465759000,87.214,87.241,87.184,87.239,1127230000,8
1751465760000,1751466239000,87.238,87.263,87.202,87.211,1023250000,8
1751466240000,1751466719000,87.209,87.267,87.203,87.252,1247450000,8
1751466720000,1751467199000,87.254,87.314,87.248,87.302,977560000,8
1751467200000,1751467679000,87.301,87.326,87.257,87.325,1381670000,8
1751467680000,1751468159000,87.324,87.395,87.313,87.389,1478920000,8
1751468160000,1751468639000,87.387,87.421,87.355,87.362,1707690000,8
1751468640000,1751469119000,87.363,87.402,87.347,87.392,1209890000,8
1751469120000,1751469599000,87.391,87.423,87.357,87.403,1026330000,8
1751469600000,1751470079000,87.404,87.405,87.37,87.383,756170000,8
1751470080000,1751470559000,87.386,87.388,87.363,87.364,725220000,8
1751470560000,1751471039000,87.364,87.396,87.359,87.366,655640000,8
1751471040000,1751471519000,87.366,87.366,87.301,87.331,583240000,8
1751471520000,1751471999000,87.331,87.363,87.325,87.345,561220000,8
1751472000000,1751472479000,87.344,87.372,87.305,87.359,560040000,8
1751472480000,1751472959000,87.357,87.366,87.331,87.343,590350000,8
1751472960000,1751473439000,87.343,87.355,87.324,87.332,492120000,8
1751473440000,1751473919000,87.331,87.357,87.316,87.351,575280000,8
1751473920000,1751474399000,87.352,87.364,87.343,87.353,330610000,8
1751474400000,1751474879000,87.354,87.38,87.354,87.377,494840000,8
1751474880000,1751475359000,87.376,87.399,87.365,87.391,522660000,8
1751475360000,1751475839000,87.393,87.393,87.354,87.38,572940000,8
1751475840000,1751476319000,87.382,87.406,87.379,87.39,500770000,8
1751476320000,1751476799000,87.392,87.41,87.384,87.394,385320000,8
1751476800000,1751477279000,87.394,87.413,87.372,87.399,387600000,8
1751477280000,1751477759000,87.398,87.426,87.389,87.398,445890000,8
1751477760000,1751478239000,87.395,87.397,87.38,87.382,370120000,8
1751478240000,1751478719000,87.381,87.385,87.365,87.378,405780000,8
1751478720000,1751479199000,87.377,87.392,87.37,87.378,415500000,8
1751479200000,1751479679000,87.376,87.399,87.376,87.399,376080000,8
1751479680000,1751480159000,87.399,87.421,87.397,87.413,313320000,8
1751480160000,1751480639000,87.413,87.446,87.403,87.438,380350000,8
1751480640000,1751481119000,87.437,87.458,87.432,87.452,266760000,8
1751481120000,1751481599000,87.452,87.455,87.42,87.44,328840000,8
1751481600000,1751482079000,87.44,87.482,87.438,87.467,388880000,8
1751482080000,1751482559000,87.466,87.48,87.43,87.436,421990000,8
1751482560000,1751483039000,87.436,87.451,87.406,87.446,653540000,8
1751483040000,1751483519000,87.446,87.472,87.446,87.459,215340000,8
1751483520000,1751483999000,87.46,87.47,87.453,87.453,158920000,8
1751484000000,1751484479000,87.455,87.46,87.445,87.451,271870000,8
1751484480000,1751484959000,87.451,87.461,87.44,87.458,305550000,8
1751484960000,1751485439000,87.456,87.476,87.447,87.458,342520000,8
1751485440000,1751485919000,87.458,87.468,87.45,87.461,308310000,8
1751485920000,1751486399000,87.461,87.497,87.458,87.493,310310000,8
1751486400000,1751486879000,87.496,87.498,87.469,87.473,269070000,8
1751486880000,1751487359000,87.472,87.479,87.448,87.449,246720000,8
1751487360000,1751487839000,87.45,87.456,87.431,87.452,126900000,8
1751487840000,1751488319000,87.455,87.46,87.445,87.459,128790000,8
1751488320000,1751488799000,87.46,87.474,87.458,87.474,148200000,8
1751488800000,1751489279000,87.474,87.474,87.45,87.455,99750000,8
1751489280000,1751489759000,87.455,87.475,87.451,87.465,133920000,8
1751489760000,1751490239000,87.461,87.469,87.4,87.4,117000000,8
1751490240000,1751490719000,87.274,87.347,87.274,87.342,68820000,8
1751490720000,1751491199000,87.344,87.389,87.333,87.333,32410000,8
1751491200000,1751491679000,87.335,87.346,87.29,87.346,111060000,8
1751491680000,1751492159000,87.345,87.44,87.3,87.428,84030000,8
1751492160000,1751492639000,87.428,87.428,87.377,87.377,91060000,8
1751492640000,1751493119000,87.369,87.428,87.369,87.398,110700000,8
1751493120000,1751493599000,87.398,87.402,87.346,87.384,173840000,8
1751493600000,1751494079000,87.384,87.48,87.341,87.469,227860000,8
1751494080000,1751494559000,87.469,87.496,87.442,87.471,285060000,8
1751494560000,1751495039000,87.473,87.475,87.433,87.433,124640000,8
1751495040000,1751495519000,87.433,87.458,87.428,87.458,93440000,8
1751495520000,1751495999000,87.456,87.483,87.454,87.465,109740000,8
1751496000000,1751496479000,87.463,87.491,87.463,87.478,106840000,8
1751496480000,1751496959000,87.478,87.488,87.466,87.473,135480000,8
1751496960000,1751497439000,87.472,87.488,87.434,87.441,238740000,8
1751497440000,1751497919000,87.442,87.458,87.428,87.438,309410000,8
1751497920000,1751498399000,87.437,87.441,87.408,87.423,155130000,8
1751498400000,1751498879000,87.425,87.457,87.423,87.437,159630000,8
1751498880000,1751499359000,87.438,87.446,87.398,87.414,250960000,8
1751499360000,1751499839000,87.414,87.426,87.362,87.367,249100000,8
1751499840000,1751500319000,87.368,87.385,87.358,87.367,254640000,8
1751500320000,1751500799000,87.368,87.412,87.368,87.382,340290000,8
1751500800000,1751501279000,87.382,87.438,87.369,87.403,803330000,8
1751501280000,1751501759000,87.405,87.431,87.389,87.416,513890000,8
1751501760000,1751502239000,87.414,87.433,87.385,87.396,517720000,8
1751502240000,1751502719000,87.396,87.398,87.335,87.361,450640000,8
1751502720000,1751503199000,87.358,87.369,87.317,87.338,612030000,8
1751503200000,1751503679000,87.336,87.407,87.334,87.383,528420000,8
1751503680000,1751504159000,87.384,87.433,87.358,87.403,858570000,8
1751504160000,1751504639000,87.404,87.435,87.394,87.416,769050000,8
1751504640000,1751505119000,87.414,87.426,87.379,87.388,622830000,8
1751505120000,1751505599000,87.388,87.394,87.353,87.359,638440000,8
1751505600000,1751506079000,87.358,87.39,87.335,87.377,308950000,8
1751506080000,1751506559000,87.382,87.393,87.35,87.365,407850000,8
1751506560000,1751507039000,87.364,87.364,87.275,87.278,532080000,8
1751507040000,1751507519000,87.282,87.351,87.282,87.344,287070000,8
1751507520000,1751507999000,87.343,87.351,87.319,87.324,275470000,8
1751508000000,1751508479000,87.324,87.332,87.284,87.312,475170000,8
1751508480000,1751508959000,87.314,87.324,87.274,87.299,556830000,8
1751508960000,1751509439000,87.3,87.315,87.249,87.309,529870000,8
1751509440000,1751509919000,87.308,87.318,87.252,87.279,405620000,8
1751509920000,1751510399000,87.28,87.314,87.279,87.293,396040000,8
1751510400000,1751510879000,87.294,87.314,87.282,87.308,379350000,8
1751510880000,1751511359000,87.309,87.323,87.283,87.306,378000000,8
1751511360000,1751511839000,87.308,87.309,87.252,87.265,331620000,8
1751511840000,1751512319000,87.264,87.288,87.258,87.283,245300000,8
1751512320000,1751512799000,87.281,87.293,87.269,87.288,272520000,8
1751512800000,1751513279000,87.288,87.303,87.274,87.285,284590000,8
1751513280000,1751513759000,87.286,87.295,87.264,87.267,306900000,8
1751513760000,1751514239000,87.266,87.303,87.258,87.296,349350000,8
1751514240000,1751514719000,87.297,87.299,87.259,87.27,293970000,8
1751514720000,1751515199000,87.27,87.296,87.261,87.266,489270000,8
1751515200000,1751515679000,87.266,87.28,87.24,87.272,378680000,8
1751515680000,1751516159000,87.272,87.297,87.268,87.296,312300000,8
1751516160000,1751516639000,87.299,87.301,87.259,87.264,191640000,8
1751516640000,1751517119000,87.264,87.275,87.25,87.262,226110000,8
1751517120000,1751517599000,87.262,87.281,87.256,87.26,215400000,8
1751517600000,1751518079000,87.262,87.302,87.262,87.273,263130000,8
1751518080000,1751518559000,87.274,87.298,87.272,87.293,243610000,8
1751518560000,1751519039000,87.295,87.31,87.281,87.285,233850000,8
1751519040000,1751519519000,87.284,87.299,87.272,87.289,209740000,8
1751519520000,1751519999000,87.287,87.325,87.283,87.323,242530000,8
1751520000000,1751520479000,87.323,87.323,87.288,87.308,209250000,8
1751520480000,1751520959000,87.31,87.315,87.287,87.297,253450000,8
1751520960000,1751521439000,87.298,87.315,87.271,87.308,247750000,8
1751521440000,1751521919000,87.309,87.325,87.291,87.299,342330000,8
1751521920000,1751522399000,87.3,87.342,87.276,87.335,682740000,8
1751522400000,1751522879000,87.332,87.368,87.301,87.333,577910000,8
1751522880000,1751523359000,87.335,87.36,87.309,87.324,373370000,8
1751523360000,1751523839000,87.326,87.377,87.312,87.362,412690000,8
1751523840000,1751524319000,87.363,87.381,87.343,87.371,471970000,8
1751524320000,1751524799000,87.373,87.374,87.348,87.369,596460000,8
1751524800000,1751525279000,87.37,87.41,87.356,87.364,486420000,8
1751525280000,1751525759000,87.365,87.37,87.345,87.345,335400000,8
1751525760000,1751526239000,87.346,87.381,87.329,87.379,729580000,8
1751526240000,1751526719000,87.378,87.396,87.345,87.394,473250000,8
1751526720000,1751527199000,87.395,87.411,87.364,87.37,529120000,8
1751527200000,1751527679000,87.37,87.375,87.351,87.368,493060000,8
1751527680000,1751528159000,87.367,87.397,87.364,87.379,506430000,8
1751528160000,1751528639000,87.38,87.398,87.374,87.395,451770000,8
1751528640000,1751529119000,87.398,87.42,87.379,87.42,426300000,8
1751529120000,1751529599000,87.42,87.421,87.372,87.388,560270000,8
1751529600000,1751530079000,87.393,87.429,87.393,87.425,519540000,8
1751530080000,1751530559000,87.425,87.448,87.395,87.437,550140000,8
1751530560000,1751531039000,87.437,87.453,87.42,87.434,535590000,8
1751531040000,1751531519000,87.435,87.457,87.412,87.443,410710000,8
1751531520000,1751531999000,87.441,87.445,87.403,87.406,517170000,8
1751532000000,1751532479000,87.405,87.436,87.392,87.4,396290000,8
1751532480000,1751532959000,87.402,87.409,87.381,87.402,533080000,8
1751532960000,1751533439000,87.399,87.452,87.384,87.401,771670000,8
1751533440000,1751533919000,87.4,87.427,87.396,87.406,382410000,8
1751533920000,1751534399000,87.409,87.424,87.399,87.415,328940000,8
1751534400000,1751534879000,87.415,87.423,87.396,87.412,300630000,8
1751534880000,1751535359000,87.413,87.418,87.365,87.366,445150000,8
1751535360000,1751535839000,87.366,87.379,87.339,87.342,439720000,8
1751535840000,1751536319000,87.337,87.352,87.324,87.344,382680000,8
1751536320000,1751536799000,87.343,87.359,87.327,87.343,453960000,8
1751536800000,1751537279000,87.345,87.351,87.295,87.314,389380000,8
1751537280000,1751537759000,87.314,87.345,87.307,87.343,376500000,8
1751537760000,1751538239000,87.342,87.343,87.319,87.321,362620000,8
1751538240000,1751538719000,87.321,87.356,87.32,87.343,375540000,8
1751538720000,1751539199000,87.342,87.355,87.33,87.331,256980000,8
1751539200000,1751539679000,87.332,87.34,87.319,87.337,200700000,8
1751539680000,1751540159000,87.338,87.349,87.326,87.33,260550000,8
1751540160000,1751540639000,87.329,87.357,87.326,87.357,395340000,8
1751540640000,1751541119000,87.357,87.373,87.35,87.357,257980000,8
1751541120000,1751541599000,87.356,87.374,87.345,87.367,223330000,8
1751541600000,1751542079000,87.368,87.383,87.368,87.373,274290000,8
1751542080000,1751542559000,87.375,87.39,87.347,87.355,321910000,8
1751542560000,1751543039000,87.356,87.379,87.345,87.373,352080000,8
1751543040000,1751543519000,87.372,87.372,87.324,87.329,428320000,8
1751543520000,1751543999000,87.329,87.341,87.279,87.29,654370000,8
1751544000000,1751544479000,87.288,87.32,87.279,87.302,511530000,8
1751544480000,1751544959000,87.301,87.325,87.27,87.27,522640000,8
1751544960000,1751545439000,87.272,87.281,87.235,87.248,564450000,8
1751545440000,1751545919000,87.249,87.45,87.124,87.44,2221880000,8
1751545920000,1751546399000,87.432,87.551,87.413,87.534,4727410000,8
1751546400000,1751546879000,87.534,87.619,87.496,87.606,2993060000,8
1751546880000,1751547359000,87.606,87.65,87.596,87.625,2733690000,8
1751547360000,1751547839000,87.626,87.64,87.553,87.575,2224650000,8
1751547840000,1751548319000,87.577,87.643,87.559,87.634,1551630000,8
1751548320000,1751548799000,87.636,87.692,87.609,87.656,1560410000,8
1751548800000,1751549279000,87.654,87.679,87.607,87.659,1557320000,8
1751549280000,1751549759000,87.662,87.698,87.654,87.697,1571610000,8
1751549760000,1751550239000,87.697,87.789,87.688,87.775,1559270000,8
1751550240000,1751550719000,87.773,87.811,87.734,87.798,1409360000,8
1751550720000,1751551199000,87.797,87.864,87.786,87.83,1614960000,8
1751551200000,1751551679000,87.824,87.951,87.824,87.899,2188330000,8
1751551680000,1751552159000,87.9,87.911,87.856,87.879,1451440000,8
1751552160000,1751552639000,87.881,87.934,87.866,87.897,1486680000,8
1751552640000,1751553119000,87.895,87.919,87.836,87.907,1247870000,8
1751553120000,1751553599000,87.912,87.958,87.888,87.948,1284420000,8
1751553600000,1751554079000,87.948,87.951,87.862,87.873,1155520000,8
1751554080000,1751554559000,87.873,87.941,87.866,87.883,1122030000,8
1751554560000,1751555039000,87.882,87.92,87.861,87.913,1556390000,8
1751555040000,1751555519000,87.915,87.938,87.899,87.914,1099600000,8
1751555520000,1751555999000,87.915,87.922,87.875,87.886,769320000,8
1751556000000,1751556479000,87.884,87.891,87.841,87.867,559130000,8
1751556480000,1751556959000,87.866,87.909,87.856,87.892,494260000,8
1751556960000,1751557439000,87.894,87.922,87.876,87.906,568310000,8
1751557440000,1751557919000,87.908,87.936,87.902,87.936,495170000,8
1751557920000,1751558399000,87.935,87.954,87.917,87.945,707400000,8
1751558400000,1751558879000,87.947,87.968,87.936,87.959,604020000,8
1751558880000,1751559359000,87.96,87.974,87.942,87.963,502660000,8
1751559360000,1751559839000,87.965,88.016,87.963,88.004,637590000,8
1751559840000,1751560319000,88.004,88.008,87.961,87.984,481000000,8
1751560320000,1751560799000,87.984,88.01,87.984,88.01,339870000,8
1751560800000,1751561279000,88.009,88.031,87.995,88.012,566340000,8
1751561280000,1751561759000,88.013,88.022,87.986,88.018,443910000,8
1751561760000,1751562239000,88.015,88.026,87.986,87.986,711780000,8
1751562240000,1751562719000,87.986,88.023,87.984,88.023,220650000,8
1751562720000,1751563199000,88.026,88.034,88.015,88.032,108720000,8
1751563200000,1751563679000,88.033,88.045,88.004,88.011,167310000,8
1751563680000,1751564159000,88.011,88.014,87.996,87.996,280770000,8
1751564160000,1751564639000,87.998,88.019,87.994,88.002,135600000,8
1751564640000,1751565119000,88.005,88.016,87.994,87.996,102190000,8
1751565120000,1751565599000,87.997,88.003,87.983,87.993,189020000,8
1751565600000,1751566079000,87.989,87.995,87.974,87.976,158410000,8
1751566080000,1751566559000,87.982,87.984,87.964,87.971,122160000,8
1751566560000,1751567039000,87.971,87.98,87.965,87.968,69000000,8
1751567040000,1751567519000,87.965,87.978,87.962,87.976,105810000,8
1751567520000,1751567999000,87.976,87.989,87.974,87.983,101150000,8
1751568000000,1751568479000,87.985,87.994,87.978,87.983,79500000,8
1751568480000,1751568959000,87.981,87.989,87.971,87.971,128640000,8
1751568960000,1751569439000,87.971,88.017,87.964,87.967,479790000,8
1751569440000,1751569919000,87.968,87.983,87.964,87.974,124420000,8
1751569920000,1751570399000,87.972,87.973,87.954,87.955,128400000,8
1751570400000,1751570879000,87.955,87.956,87.941,87.944,54900000,8
1751570880000,1751571359000,87.946,87.953,87.942,87.948,116520000,8
1751571360000,1751571839000,87.95,87.961,87.949,87.961,142290000,8
1751571840000,1751572319000,87.961,87.968,87.947,87.95,101400000,8
1751572320000,1751572799000,87.95,87.956,87.931,87.955,220240000,8
1751572800000,1751573279000,87.955,87.98,87.953,87.965,206730000,8
1751573280000,1751573759000,87.966,87.979,87.948,87.955,83100000,8
1751573760000,1751574239000,87.953,87.958,87.921,87.933,88800000,8
1751574240000,1751574719000,87.935,87.965,87.935,87.965,57000000,8
1751574720000,1751575199000,87.965,87.984,87.965,87.973,85200000,8
1751575200000,1751575679000,87.972,87.987,87.953,87.966,136200000,8
1751575680000,1751576159000,87.965,87.968,87.947,87.951,56400000,8
1751576160000,1751576639000,87.952,87.967,87.938,87.938,155390000,8
1751576640000,1751577119000,87.737,87.856,87.737,87.849,63600000,8
1751577120000,1751577599000,87.844,87.88,87.783,87.863,110220000,8
1751577600000,1751578079000,87.87,87.932,87.87,87.927,154200000,8
1751578080000,1751578559000,87.927,87.928,87.904,87.914,136260000,8
1751578560000,1751579039000,87.914,87.926,87.902,87.903,47430000,8
1751579040000,1751579519000,87.904,87.906,87.898,87.902,35220000,8
1751579520000,1751579999000,87.898,87.933,87.898,87.927,74900000,8
1751580000000,1751580479000,87.922,87.958,87.913,87.958,106000000,8
1751580480000,1751580959000,87.958,87.971,87.941,87.96,179390000,8
1751580960000,1751581439000,87.961,87.968,87.949,87.955,118420000,8
1751581440000,1751581919000,87.954,87.978,87.948,87.96,74690000,8
1751581920000,1751582399000,87.961,87.963,87.945,87.946,100950000,8
1751582400000,1751582879000,87.948,87.967,87.944,87.966,72900000,8
1751582880000,1751583359000,87.964,87.964,87.941,87.95,63600000,8
1751583360000,1751583839000,87.949,87.958,87.927,87.956,213890000,8
1751583840000,1751584319000,87.957,87.971,87.952,87.971,117780000,8
1751584320000,1751584799000,87.97,87.97,87.958,87.965,70920000,8
1751584800000,1751585279000,87.968,87.985,87.963,87.985,153650000,8
1751585280000,1751585759000,87.985,88.015,87.963,87.965,287010000,8
1751585760000,1751586239000,87.964,87.975,87.951,87.951,219440000,8
1751586240000,1751586719000,87.952,87.966,87.932,87.939,252600000,8
1751586720000,1751587199000,87.943,87.973,87.943,87.96,366700000,8
1751587200000,1751587679000,87.956,88.02,87.944,87.952,670920000,8
1751587680000,1751588159000,87.952,87.953,87.916,87.932,369330000,8
1751588160000,1751588639000,87.935,87.97,87.923,87.935,381720000,8
1751588640000,1751589119000,87.935,87.957,87.911,87.951,385200000,8
1751589120000,1751589599000,87.949,87.954,87.902,87.909,434260000,8
1751589600000,1751590079000,87.911,87.931,87.897,87.915,415020000,8
1751590080000,1751590559000,87.916,87.927,87.849,87.878,831350000,8
1751590560000,1751591039000,87.881,87.931,87.878,87.92,540700000,8
1751591040000,1751591519000,87.92,87.947,87.907,87.914,360940000,8
1751591520000,1751591999000,87.913,87.918,87.871,87.906,348670000,8
1751592000000,1751592479000,87.905,87.905,87.835,87.849,382630000,8
1751592480000,1751592959000,87.85,87.904,87.846,87.902,672600000,8
1751592960000,1751593439000,87.902,87.928,87.851,87.863,628720000,8
1751593440000,1751593919000,87.862,87.877,87.816,87.824,488370000,8
1751593920000,1751594399000,87.825,87.849,87.806,87.814,582090000,8
1751594400000,1751594879000,87.814,87.85,87.814,87.841,475020000,8
1751594880000,1751595359000,87.844,87.849,87.807,87.813,389160000,8
1751595360000,1751595839000,87.812,87.82,87.797,87.802,405150000,8
1751595840000,1751596319000,87.803,87.814,87.771,87.806,374850000,8
1751596320000,1751596799000,87.807,87.818,87.776,87.781,347920000,8
1751596800000,1751597279000,87.782,87.785,87.76,87.777,288850000,8
1751597280000,1751597759000,87.773,87.795,87.748,87.79,305770000,8
1751597760000,1751598239000,87.794,87.796,87.75,87.756,388350000,8
1751598240000,1751598719000,87.756,87.757,87.73,87.756,357330000,8
1751598720000,1751599199000,87.755,87.757,87.73,87.73,362190000,8
1751599200000,1751599679000,87.73,87.73,87.689,87.704,294540000,8
1751599680000,1751600159000,87.705,87.717,87.692,87.716,384280000,8
1751600160000,1751600639000,87.717,87.742,87.706,87.715,308810000,8
1751600640000,1751601119000,87.711,87.722,87.679,87.686,235500000,8
1751601120000,1751601599000,87.685,87.721,87.684,87.719,319000000,8
1751601600000,1751602079000,87.72,87.727,87.702,87.717,231240000,8
1751602080000,1751602559000,87.719,87.725,87.696,87.706,253110000,8
1751602560000,1751603039000,87.707,87.709,87.64,87.662,425340000,8
1751603040000,1751603519000,87.661,87.663,87.588,87.597,458160000,8
1751603520000,1751603999000,87.598,87.6,87.563,87.577,341590000,8
1751604000000,1751604479000,87.578,87.654,87.567,87.649,484080000,8
1751604480000,1751604959000,87.649,87.67,87.624,87.67,386700000,8
1751604960000,1751605439000,87.671,87.689,87.651,87.686,408000000,8
1751605440000,1751605919000,87.685,87.688,87.664,87.679,332400000,8
1751605920000,1751606399000,87.679,87.735,87.673,87.731,337570000,8
1751606400000,1751606879000,87.732,87.744,87.702,87.708,221250000,8
1751606880000,1751607359000,87.708,87.719,87.686,87.686,323370000,8
1751607360000,1751607839000,87.687,87.696,87.66,87.681,316050000,8
1751607840000,1751608319000,87.683,87.692,87.629,87.649,338320000,8
1751608320000,1751608799000,87.65,87.651,87.612,87.623,316380000,8
1751608800000,1751609279000,87.619,87.623,87.565,87.609,652650000,8
1751609280000,1751609759000,87.608,87.616,87.585,87.599,471270000,8
1751609760000,1751610239000,87.596,87.616,87.585,87.606,527910000,8
1751610240000,1751610719000,87.606,87.673,87.594,87.661,569010000,8
1751610720000,1751611199000,87.658,87.691,87.653,87.678,400420000,8
1751611200000,1751611679000,87.679,87.682,87.642,87.663,371130000,8
1751611680000,1751612159000,87.662,87.706,87.633,87.637,444320000,8
1751612160000,1751612639000,87.638,87.696,87.617,87.673,539410000,8
1751612640000,1751613119000,87.675,87.679,87.623,87.625,529500000,8
1751613120000,1751613599000,87.626,87.644,87.548,87.551,671360000,8
1751613600000,1751614079000,87.551,87.568,87.52,87.556,832830000,8
1751614080000,1751614559000,87.554,87.554,87.515,87.549,554990000,8
1751614560000,1751615039000,87.547,87.547,87.487,87.493,569470000,8
1751615040000,1751615519000,87.492,87.5,87.47,87.475,670800000,8
1751615520000,1751615999000,87.476,87.534,87.464,87.519,506400000,8
1751616000000,1751616479000,87.521,87.559,87.511,87.55,543090000,8
1751616480000,1751616959000,87.55,87.58,87.537,87.539,491160000,8
1751616960000,1751617439000,87.537,87.563,87.518,87.551,369270000,8
1751617440000,1751617919000,87.551,87.576,87.547,87.564,370380000,8
1751617920000,1751618399000,87.562,87.568,87.532,87.557,392160000,8
1751618400000,1751618879000,87.561,87.578,87.527,87.528,456990000,8
1751618880000,1751619359000,87.527,87.557,87.524,87.548,391680000,8
1751619360000,1751619839000,87.547,87.556,87.525,87.551,519750000,8
1751619840000,1751620319000,87.551,87.562,87.511,87.527,418770000,8
1751620320000,1751620799000,87.526,87.536,87.485,87.494,422820000,8
1751620800000,1751621279000,87.494,87.513,87.494,87.503,385290000,8
1751621280000,1751621759000,87.503,87.548,87.5,87.537,402210000,8
1751621760000,1751622239000,87.537,87.571,87.535,87.568,390540000,8
1751622240000,1751622719000,87.57,87.573,87.526,87.544,401400000,8
1751622720000,1751623199000,87.545,87.557,87.513,87.517,378390000,8
1751623200000,1751623679000,87.515,87.537,87.506,87.536,374370000,8
1751623680000,1751624159000,87.539,87.544,87.525,87.538,326340000,8
1751624160000,1751624639000,87.54,87.567,87.528,87.563,319860000,8
1751624640000,1751625119000,87.564,87.573,87.541,87.554,322390000,8
1751625120000,1751625599000,87.554,87.57,87.52,87.522,296700000,8
1751625600000,1751626079000,87.521,87.521,87.501,87.515,305920000,8
1751626080000,1751626559000,87.513,87.52,87.484,87.493,322950000,8
1751626560000,1751627039000,87.492,87.538,87.492,87.526,391170000,8
1751627040000,1751627519000,87.523,87.536,87.508,87.527,283020000,8
1751627520000,1751627999000,87.528,87.546,87.524,87.537,310200000,8
1751628000000,1751628479000,87.538,87.556,87.523,87.547,308740000,8
1751628480000,1751628959000,87.548,87.548,87.518,87.538,247990000,8
1751628960000,1751629439000,87.538,87.538,87.502,87.506,284630000,8
1751629440000,1751629919000,87.507,87.521,87.505,87.511,295920000,8
1751629920000,1751630399000,87.511,87.549,87.508,87.547,456180000,8
1751630400000,1751630879000,87.545,87.55,87.497,87.502,344670000,8
1751630880000,1751631359000,87.503,87.523,87.497,87.501,325320000,8
1751631360000,1751631839000,87.5,87.52,87.493,87.494,272040000,8
1751631840000,1751632319000,87.494,87.535,87.491,87.521,331050000,8
1751632320000,1751632799000,87.522,87.523,87.482,87.516,270810000,8
1751632800000,1751633279000,87.516,87.517,87.496,87.5,286650000,8
1751633280000,1751633759000,87.498,87.517,87.489,87.514,296460000,8
1751633760000,1751634239000,87.514,87.514,87.47,87.502,349500000,8
1751634240000,1751634719000,87.503,87.513,87.488,87.492,285090000,8
1751634720000,1751635199000,87.492,87.506,87.486,87.497,231120000,8
1751635200000,1751635679000,87.498,87.511,87.48,87.49,288900000,8
1751635680000,1751636159000,87.489,87.519,87.48,87.489,442590000,8
1751636160000,1751636639000,87.489,87.535,87.477,87.531,491490000,8
1751636640000,1751637119000,87.531,87.534,87.494,87.509,372970000,8
1751637120000,1751637599000,87.511,87.521,87.486,87.504,368910000,8
1751637600000,1751638079000,87.502,87.531,87.474,87.481,485660000,8
1751638080000,1751638559000,87.482,87.528,87.481,87.507,352750000,8
1751638560000,1751639039000,87.506,87.535,87.503,87.531,280540000,8
1751639040000,1751639519000,87.534,87.548,87.52,87.535,355330000,8
1751639520000,1751639999000,87.533,87.539,87.509,87.522,291720000,8
1751640000000,1751640479000,87.522,87.527,87.478,87.489,305820000,8
1751640480000,1751640959000,87.487,87.511,87.459,87.469,528570000,8
1751640960000,1751641439000,87.469,87.495,87.445,87.464,783620000,8
1751641440000,1751641919000,87.465,87.488,87.439,87.488,427980000,8
1751641920000,1751642399000,87.488,87.495,87.451,87.46,351540000,8
1751642400000,1751642879000,87.463,87.467,87.445,87.467,227280000,8
1751642880000,1751643359000,87.468,87.487,87.461,87.482,226110000,8
1751643360000,1751643839000,87.485,87.494,87.478,87.492,120570000,8
1751643840000,1751644319000,87.491,87.519,87.488,87.517,119190000,8
1751644320000,1751644799000,87.518,87.52,87.496,87.501,399600000,8
1751644800000,1751645279000,87.504,87.505,87.482,87.501,142100000,8
1751645280000,1751645759000,87.499,87.518,87.499,87.506,105600000,8
1751645760000,1751646239000,87.504,87.517,87.496,87.508,147870000,8
1751646240000,1751646719000,87.511,87.512,87.499,87.505,139030000,8
1751646720000,1751647199000,87.507,87.512,87.492,87.494,116260000,8
1751647200000,1751647679000,87.496,87.499,87.479,87.479,68100000,8
1751647680000,1751648159000,87.477,87.483,87.47,87.472,82440000,8
1751648160000,1751648639000,87.472,87.497,87.465,87.474,382030000,8
1751648640000,1751649119000,87.474,87.483,87.468,87.476,210090000,8
1751649120000,1751649599000,87.478,87.483,87.474,87.476,160980000,8
1751649600000,1751650079000,87.477,87.477,87.464,87.468,117310000,8
1751650080000,1751650559000,87.469,87.475,87.467,87.471,50250000,8
1751650560000,1751651039000,87.472,87.472,87.464,87.466,65400000,8
1751651040000,1751651519000,87.464,87.468,87.462,87.464,27600000,8
1751651520000,1751651999000,87.464,87.479,87.463,87.468,94650000,8
1751652000000,1751652479000,87.469,87.496,87.469,87.485,755380000,8
1751652480000,1751652959000,87.488,87.493,87.473,87.479,3149380000,8
1751652960000,1751653439000,87.482,87.487,87.476,87.482,3106740000,8
1751653440000,1751653919000,87.482,87.489,87.477,87.48,1190870000,8
1751653920000,1751654399000,87.482,87.486,87.476,87.483,642090000,8
1751654400000,1751654879000,87.483,87.486,87.472,87.477,1210110000,8
1751654880000,1751655359000,87.477,87.483,87.472,87.479,744720000,8
1751655360000,1751655839000,87.479,87.504,87.472,87.494,964550000,8
1751655840000,1751656319000,87.495,87.508,87.483,87.497,1187880000,8
1751656320000,1751656799000,87.497,87.511,87.459,87.508,830200000,8
1751656800000,1751657279000,87.507,87.518,87.496,87.499,771940000,8
1751657280000,1751657759000,87.499,87.51,87.493,87.505,1101120000,8
1751657760000,1751658239000,87.503,87.52,87.491,87.504,736560000,8
1751658240000,1751658719000,87.505,87.513,87.476,87.485,925220000,8
1751658720000,1751659199000,87.488,87.522,87.465,87.489,1876570000,8
1751659200000,1751659679000,87.486,87.529,87.428,87.474,1963470000,8
1751659680000,1751660159000,87.474,87.551,87.434,87.544,4043140000,8
1751660160000,1751660639000,87.537,87.583,87.411,87.426,2967330000,8
1751660640000,1751661119000,87.428,87.518,87.385,87.499,3335350000,8
1751661120000,1751661599000,87.5,87.503,87.384,87.488,2041260000,8
1751661600000,1751662079000,87.488,87.509,87.415,87.444,824530000,8
1751662080000,1751662559000,87.444,87.554,87.417,87.495,348780000,8
1751662560000,1751663039000,87.391,87.419,87.3,87.302,29850000,8
1751663040000,1751663519000,87.302,87.302,87.302,87.302,0,8
1751663520000,1751663999000,87.302,87.302,87.302,87.302,0,8
1751664000000,1751664479000,87.302,87.302,87.302,87.302,0,8
1751664480000,1751664959000,87.302,87.302,87.302,87.302,0,8
1751664960000,1751665439000,87.302,87.302,87.302,87.302,0,8
1751665440000,1751665919000,87.302,87.302,87.302,87.302,0,8
1751665920000,1751666399000,87.302,87.302,87.302,87.302,0,8
1751666400000,1751666879000,87.302,87.302,87.302,87.302,0,8
1751666880000,1751667359000,87.302,87.302,87.302,87.302,0,8
1751667360000,1751667839000,87.302,87.302,87.302,87.302,0,8
1751667840000,1751668319000,87.302,87.302,87.302,87.302,0,8
1751668320000,1751668799000,87.302,87.302,87.302,87.302,0,8
1751668800000,1751669279000,87.302,87.302,87.302,87.302,0,8
1751669280000,1751669759000,87.302,87.302,87.302,87.302,0,8
1751669760000,1751670239000,87.302,87.302,87.302,87.302,0,8
1751670240000,1751670719000,87.302,87.302,87.302,87.302,0,8
1751670720000,1751671199000,87.302,87.302,87.302,87.302,0,8
1751671200000,1751671679000,87.302,87.302,87.302,87.302,0,8
1751671680000,1751672159000,87.302,87.302,87.302,87.302,0,8
1751672160000,1751672639000,87.302,87.302,87.302,87.302,0,8
1751672640000,1751673119000,87.302,87.302,87.302,87.302,0,8
1751673120000,1751673599000,87.302,87.302,87.302,87.302,0,8
1751836320000,1751836799000,87.411,87.441,87.381,87.441,39000000,8
1751837760000,1751838239000,87.432,87.487,87.425,87.48,121120000,8
1751838240000,1751838719000,87.48,87.48,87.433,87.447,63220000,8
1751838720000,1751839199000,87.439,87.46,87.399,87.446,75660000,8
1751839200000,1751839679000,87.445,87.589,87.425,87.555,425520000,8
1751839680000,1751840159000,87.554,87.558,87.481,87.52,298370000,8
1751840160000,1751840639000,87.52,87.527,87.496,87.508,130670000,8
1751840640000,1751841119000,87.505,87.51,87.488,87.507,202940000,8
1751841120000,1751841599000,87.51,87.513,87.48,87.501,176320000,8
1751841600000,1751842079000,87.499,87.506,87.474,87.492,148200000,8
1751842080000,1751842559000,87.492,87.499,87.463,87.491,98850000,8
1751842560000,1751843039000,87.493,87.496,87.475,87.488,212060000,8
1751843040000,1751843519000,87.489,87.519,87.477,87.518,129710000,8
1751843520000,1751843999000,87.517,87.525,87.507,87.512,119010000,8
1751844000000,1751844479000,87.515,87.534,87.513,87.524,96910000,8
1751844480000,1751844959000,87.526,87.526,87.446,87.448,207840000,8
1751844960000,1751845439000,87.454,87.472,87.431,87.437,250490000,8
1751845440000,1751845919000,87.433,87.433,87.374,87.417,380820000,8
1751845920000,1751846399000,87.415,87.439,87.404,87.406,371850000,8
1751846400000,1751846879000,87.407,87.413,87.304,87.329,1083630000,8
1751846880000,1751847359000,87.328,87.361,87.323,87.36,443060000,8
1751847360000,1751847839000,87.361,87.377,87.346,87.369,404280000,8
1751847840000,1751848319000,87.367,87.385,87.337,87.349,490050000,8
1751848320000,1751848799000,87.351,87.367,87.245,87.251,596600000,8
1751848800000,1751849279000,87.252,87.259,87.205,87.219,674330000,8
1751849280000,1751849759000,87.22,87.227,87.16,87.177,777740000,8
1751849760000,1751850239000,87.178,87.211,87.163,87.169,639610000,8
1751850240000,1751850719000,87.167,87.172,87.12,87.12,583140000,8
1751850720000,1751851199000,87.121,87.131,87.072,87.124,819060000,8
1751851200000,1751851679000,87.126,87.21,87.086,87.174,656640000,8
1751851680000,1751852159000,87.172,87.188,87.141,87.153,656030000,8
1751852160000,1751852639000,87.15,87.165,87.078,87.099,885770000,8
1751852640000,1751853119000,87.098,87.189,87.098,87.166,658620000,8
1751853120000,1751853599000,87.167,87.223,87.166,87.193,556500000,8
1751853600000,1751854079000,87.194,87.224,87.173,87.213,579990000,8
1751854080000,1751854559000,87.211,87.258,87.191,87.254,343320000,8
1751854560000,1751855039000,87.253,87.289,87.242,87.284,436070000,8
1751855040000,1751855519000,87.284,87.301,87.181,87.189,728280000,8
1751855520000,1751855999000,87.192,87.237,87.141,87.225,725740000,8
1751856000000,1751856479000,87.223,87.264,87.215,87.264,408770000,8
1751856480000,1751856959000,87.264,87.281,87.242,87.245,430920000,8
1751856960000,1751857439000,87.25,87.25,87.178,87.182,377260000,8
1751857440000,1751857919000,87.182,87.259,87.164,87.234,466770000,8
1751857920000,1751858399000,87.237,87.246,87.204,87.222,350610000,8
1751858400000,1751858879000,87.221,87.237,87.169,87.177,469400000,8
1751858880000,1751859359000,87.186,87.234,87.182,87.199,542400000,8
1751859360000,1751859839000,87.198,87.211,87.18,87.191,503070000,8
1751859840000,1751860319000,87.193,87.221,87.181,87.221,406320000,8
1751860320000,1751860799000,87.223,87.231,87.181,87.181,425530000,8
1751860800000,1751861279000,87.181,87.223,87.164,87.202,601560000,8
1751861280000,1751861759000,87.199,87.204,87.166,87.171,237360000,8
1751861760000,1751862239000,87.167,87.18,87.116,87.141,364490000,8
1751862240000,1751862719000,87.14,87.154,87.123,87.146,356220000,8
1751862720000,1751863199000,87.148,87.161,87.112,87.126,405330000,8
1751863200000,1751863679000,87.127,87.164,87.121,87.143,543660000,8
1751863680000,1751864159000,87.144,87.153,87.121,87.143,383290000,8
1751864160000,1751864639000,87.144,87.175,87.107,87.114,587620000,8
1751864640000,1751865119000,87.113,87.14,87.093,87.124,571800000,8
1751865120000,1751865599000,87.123,87.151,87.104,87.115,573320000,8
1751865600000,1751866079000,87.114,87.197,87.113,87.181,576190000,8
1751866080000,1751866559000,87.183,87.196,87.163,87.194,528010000,8
1751866560000,1751867039000,87.197,87.248,87.193,87.243,447810000,8
1751867040000,1751867519000,87.242,87.248,87.176,87.183,478110000,8
1751867520000,1751867999000,87.181,87.201,87.165,87.198,339490000,8
1751868000000,1751868479000,87.198,87.211,87.148,87.2,571590000,8
1751868480000,1751868959000,87.202,87.219,87.178,87.184,455650000,8
1751868960000,1751869439000,87.184,87.212,87.168,87.199,476010000,8
1751869440000,1751869919000,87.202,87.215,87.162,87.165,534750000,8
1751869920000,1751870399000,87.166,87.187,87.102,87.107,627730000,8
1751870400000,1751870879000,87.109,87.136,87.102,87.122,655750000,8
1751870880000,1751871359000,87.121,87.201,87.111,87.191,600540000,8
1751871360000,1751871839000,87.191,87.214,87.153,87.176,919030000,8
1751871840000,1751872319000,87.177,87.217,87.172,87.209,776600000,8
1751872320000,1751872799000,87.209,87.233,87.203,87.221,707730000,8
1751872800000,1751873279000,87.22,87.249,87.185,87.187,560010000,8
1751873280000,1751873759000,87.189,87.206,87.156,87.185,590460000,8
1751873760000,1751874239000,87.187,87.204,87.149,87.194,711670000,8
1751874240000,1751874719000,87.196,87.229,87.19,87.225,549800000,8
1751874720000,1751875199000,87.226,87.237,87.191,87.195,549460000,8
1751875200000,1751875679000,87.193,87.238,87.173,87.224,748200000,8
1751875680000,1751876159000,87.224,87.225,87.153,87.164,477840000,8
1751876160000,1751876639000,87.164,87.175,87.137,87.151,407090000,8
1751876640000,1751877119000,87.155,87.164,87.082,87.099,594070000,8
1751877120000,1751877599000,87.098,87.126,87.074,87.088,473560000,8
1751877600000,1751878079000,87.087,87.124,87.079,87.097,444220000,8
1751878080000,1751878559000,87.099,87.101,87.051,87.085,886230000,8
1751878560000,1751879039000,87.085,87.103,87.042,87.049,846150000,8
1751879040000,1751879519000,87.049,87.085,87.044,87.066,489600000,8
1751879520000,1751879999000,87.065,87.131,87.061,87.11,430890000,8
1751880000000,1751880479000,87.109,87.139,87.105,87.126,453330000,8
1751880480000,1751880959000,87.124,87.18,87.124,87.171,330780000,8
1751880960000,1751881439000,87.171,87.202,87.168,87.189,429690000,8
1751881440000,1751881919000,87.191,87.193,87.163,87.172,418680000,8
1751881920000,1751882399000,87.172,87.239,87.165,87.231,564570000,8
1751882400000,1751882879000,87.231,87.244,87.213,87.236,469620000,8
1751882880000,1751883359000,87.238,87.279,87.236,87.236,320700000,8
1751883360000,1751883839000,87.234,87.25,87.214,87.232,308820000,8
1751883840000,1751884319000,87.23,87.263,87.23,87.237,325500000,8
1751884320000,1751884799000,87.238,87.249,87.226,87.232,248760000,8
1751884800000,1751885279000,87.234,87.248,87.214,87.232,272920000,8
1751885280000,1751885759000,87.232,87.243,87.219,87.232,312670000,8
1751885760000,1751886239000,87.23,87.242,87.216,87.23,435260000,8
1751886240000,1751886719000,87.228,87.246,87.213,87.222,385990000,8
1751886720000,1751887199000,87.221,87.238,87.199,87.208,337740000,8
1751887200000,1751887679000,87.209,87.226,87.2,87.221,300140000,8
1751887680000,1751888159000,87.22,87.246,87.212,87.243,332320000,8
1751888160000,1751888639000,87.24,87.266,87.23,87.263,326850000,8
1751888640000,1751889119000,87.263,87.322,87.25,87.307,446940000,8
1751889120000,1751889599000,87.31,87.317,87.286,87.293,642130000,8
1751889600000,1751890079000,87.294,87.316,87.26,87.314,656700000,8
1751890080000,1751890559000,87.312,87.355,87.306,87.347,568590000,8
1751890560000,1751891039000,87.349,87.388,87.348,87.371,490230000,8
1751891040000,1751891519000,87.369,87.37,87.316,87.322,541550000,8
1751891520000,1751891999000,87.323,87.333,87.3,87.305,487500000,8
1751892000000,1751892479000,87.31,87.324,87.265,87.268,432960000,8
1751892480000,1751892959000,87.27,87.277,87.253,87.253,368730000,8
1751892960000,1751893439000,87.254,87.327,87.254,87.312,623070000,8
1751893440000,1751893919000,87.317,87.376,87.309,87.358,549000000,8
1751893920000,1751894399000,87.357,87.403,87.349,87.377,527450000,8
1751894400000,1751894879000,87.378,87.427,87.375,87.423,456880000,8
1751894880000,1751895359000,87.423,87.478,87.421,87.476,704200000,8
1751895360000,1751895839000,87.474,87.545,87.473,87.534,670860000,8
1751895840000,1751896319000,87.533,87.609,87.53,87.609,802540000,8
1751896320000,1751896799000,87.608,87.648,87.604,87.63,905910000,8
1751896800000,1751897279000,87.629,87.642,87.598,87.632,778040000,8
1751897280000,1751897759000,87.633,87.654,87.577,87.609,543650000,8
1751897760000,1751898239000,87.612,87.64,87.593,87.604,413040000,8
1751898240000,1751898719000,87.602,87.617,87.588,87.609,488510000,8
1751898720000,1751899199000,87.608,87.682,87.605,87.675,554010000,8
1751899200000,1751899679000,87.678,87.706,87.67,87.689,446680000,8
1751899680000,1751900159000,87.691,87.691,87.638,87.674,636550000,8
1751900160000,1751900639000,87.673,87.711,87.662,87.69,974500000,8
1751900640000,1751901119000,87.689,87.693,87.655,87.681,618110000,8
1751901120000,1751901599000,87.682,87.709,87.665,87.677,571440000,8
1751901600000,1751902079000,87.679,87.701,87.669,87.688,541870000,8
1751902080000,1751902559000,87.69,87.723,87.687,87.687,421090000,8
1751902560000,1751903039000,87.688,87.699,87.681,87.691,540680000,8
1751903040000,1751903519000,87.691,87.693,87.665,87.678,342900000,8
1751903520000,1751903999000,87.676,87.708,87.667,87.694,374460000,8
1751904000000,1751904479000,87.696,87.732,87.693,87.727,388280000,8
1751904480000,1751904959000,87.733,87.74,87.724,87.734,267070000,8
1751904960000,1751905439000,87.734,87.762,87.546,87.629,2198870000,8
1751905440000,1751905919000,87.631,87.652,87.537,87.64,1780920000,8
1751905920000,1751906399000,87.641,87.728,87.627,87.707,1323280000,8
1751906400000,1751906879000,87.708,87.724,87.639,87.639,983500000,8
1751906880000,1751907359000,87.642,87.645,87.571,87.572,1209550000,8
1751907360000,1751907839000,87.573,87.604,87.546,87.567,1158050000,8
1751907840000,1751908319000,87.569,87.64,87.56,87.62,510480000,8
1751908320000,1751908799000,87.621,87.659,87.613,87.659,464990000,8
1751908800000,1751909279000,87.66,87.668,87.625,87.625,424910000,8
1751909280000,1751909759000,87.623,87.769,87.619,87.678,1373160000,8
1751909760000,1751910239000,87.676,87.682,87.634,87.647,840160000,8
1751910240000,1751910719000,87.648,87.672,87.632,87.639,567090000,8
1751910720000,1751911199000,87.637,87.639,87.603,87.616,478710000,8
1751911200000,1751911679000,87.614,87.681,87.604,87.674,569920000,8
1751911680000,1751912159000,87.676,87.694,87.654,87.655,517570000,8
1751912160000,1751912639000,87.653,87.653,87.569,87.588,1211420000,8
1751912640000,1751913119000,87.588,87.624,87.58,87.607,868040000,8
1751913120000,1751913599000,87.607,87.655,87.594,87.652,482400000,8
1751913600000,1751914079000,87.653,87.725,87.651,87.724,452720000,8
1751914080000,1751914559000,87.725,87.739,87.704,87.735,460380000,8
1751914560000,1751915039000,87.729,87.75,87.716,87.725,719050000,8
1751915040000,1751915519000,87.723,87.723,87.654,87.665,481780000,8
1751915520000,1751915999000,87.668,87.675,87.645,87.657,603210000,8
1751916000000,1751916479000,87.657,87.681,87.642,87.672,210060000,8
1751916480000,1751916959000,87.669,87.692,87.669,87.69,188810000,8
1751916960000,1751917439000,87.693,87.695,87.603,87.629,341890000,8
1751917440000,1751917919000,87.628,87.633,87.602,87.625,240910000,8
1751917920000,1751918399000,87.626,87.649,87.61,87.641,358350000,8
1751918400000,1751918879000,87.64,87.642,87.607,87.612,175520000,8
1751918880000,1751919359000,87.614,87.622,87.605,87.607,132460000,8
1751919360000,1751919839000,87.607,87.607,87.574,87.575,139830000,8
1751919840000,1751920319000,87.575,87.584,87.552,87.574,211660000,8
1751920320000,1751920799000,87.574,87.58,87.549,87.555,142200000,8
1751920800000,1751921279000,87.555,87.556,87.519,87.519,187320000,8
1751921280000,1751921759000,87.521,87.523,87.501,87.506,123720000,8
1751921760000,1751922239000,87.509,87.539,87.486,87.486,90700000,8
1751922240000,1751922719000,87.421,87.494,87.421,87.494,79850000,8
1751922720000,1751923199000,87.494,87.526,87.478,87.524,58500000,8
1751923200000,1751923679000,87.526,87.573,87.462,87.48,112500000,8
1751923680000,1751924159000,87.481,87.515,87.474,87.506,204450000,8
1751924160000,1751924639000,87.511,87.531,87.495,87.501,106800000,8
1751924640000,1751925119000,87.501,87.528,87.478,87.499,125100000,8
1751925120000,1751925599000,87.494,87.547,87.485,87.544,101820000,8
1751925600000,1751926079000,87.557,87.588,87.534,87.567,112250000,8
1751926080000,1751926559000,87.568,87.575,87.547,87.548,126020000,8
1751926560000,1751927039000,87.547,87.558,87.49,87.511,310660000,8
1751927040000,1751927519000,87.512,87.532,87.497,87.532,312020000,8
1751927520000,1751927999000,87.535,87.605,87.535,87.605,277100000,8
1751928000000,1751928479000,87.601,87.609,87.544,87.544,478720000,8
1751928480000,1751928959000,87.547,87.57,87.547,87.562,181900000,8
1751928960000,1751929439000,87.563,87.587,87.541,87.579,384670000,8
1751929440000,1751929919000,87.579,87.598,87.558,87.582,438530000,8
1751929920000,1751930399000,87.584,87.647,87.582,87.647,309640000,8
1751930400000,1751930879000,87.642,87.698,87.641,87.695,239330000,8
1751930880000,1751931359000,87.694,87.698,87.653,87.679,358510000,8
1751931360000,1751931839000,87.677,87.679,87.642,87.646,252560000,8
1751931840000,1751932319000,87.645,87.692,87.634,87.637,472010000,8
1751932320000,1751932799000,87.64,87.682,87.623,87.633,620800000,8
1751932800000,1751933279000,87.63,87.728,87.615,87.717,1766960000,8
1751933280000,1751933759000,87.716,87.762,87.688,87.753,1062830000,8
1751933760000,1751934239000,87.751,87.763,87.722,87.731,790560000,8
1751934240000,1751934719000,87.73,87.752,87.707,87.747,774820000,8
1751934720000,1751935199000,87.749,87.8,87.748,87.792,605400000,8
1751935200000,1751935679000,87.792,87.803,87.764,87.768,867900000,8
1751935680000,1751936159000,87.767,87.819,87.735,87.817,1170200000,8
1751936160000,1751936639000,87.817,87.868,87.815,87.847,954320000,8
1751936640000,1751937119000,87.847,87.859,87.792,87.852,798080000,8
1751937120000,1751937599000,87.853,87.952,87.836,87.895,1730650000,8
1751937600000,1751938079000,87.895,87.91,87.844,87.852,726200000,8
1751938080000,1751938559000,87.85,87.865,87.821,87.858,1088120000,8
1751938560000,1751939039000,87.859,87.879,87.811,87.836,777360000,8
1751939040000,1751939519000,87.831,87.836,87.794,87.817,568620000,8
1751939520000,1751939999000,87.818,87.87,87.814,87.869,696810000,8
1751940000000,1751940479000,87.87,87.887,87.833,87.869,703200000,8
1751940480000,1751940959000,87.868,87.913,87.868,87.913,515150000,8
1751940960000,1751941439000,87.911,87.925,87.873,87.88,620190000,8
1751941440000,1751941919000,87.881,87.951,87.873,87.908,529240000,8
1751941920000,1751942399000,87.906,87.952,87.899,87.935,462660000,8
1751942400000,1751942879000,87.937,87.953,87.924,87.929,379290000,8
1751942880000,1751943359000,87.929,87.936,87.88,87.883,438270000,8
1751943360000,1751943839000,87.881,87.901,87.867,87.896,560020000,8
1751943840000,1751944319000,87.896,87.919,87.896,87.906,332540000,8
1751944320000,1751944799000,87.904,87.918,87.894,87.901,183470000,8
1751944800000,1751945279000,87.901,87.939,87.901,87.937,313320000,8
1751945280000,1751945759000,87.934,87.956,87.92,87.93,417870000,8
1751945760000,1751946239000,87.93,87.939,87.913,87.924,413830000,8
1751946240000,1751946719000,87.924,87.926,87.861,87.864,303520000,8
1751946720000,1751947199000,87.863,87.874,87.841,87.841,346870000,8
1751947200000,1751947679000,87.843,87.846,87.81,87.824,405450000,8
1751947680000,1751948159000,87.824,87.824,87.778,87.792,347020000,8
1751948160000,1751948639000,87.791,87.797,87.769,87.796,420850000,8
1751948640000,1751949119000,87.796,88.062,87.77,87.915,1339020000,8
1751949120000,1751949599000,87.917,88.008,87.85,87.873,1573230000,8
1751949600000,1751950079000,87.873,87.885,87.802,87.839,948080000,8
1751950080000,1751950559000,87.831,87.909,87.825,87.856,739480000,8
1751950560000,1751951039000,87.856,87.871,87.823,87.866,714120000,8
1751951040000,1751951519000,87.868,87.892,87.837,87.859,730820000,8
1751951520000,1751951999000,87.858,87.904,87.85,87.9,453140000,8
1751952000000,1751952479000,87.903,87.907,87.854,87.874,499020000,8
1751952480000,1751952959000,87.876,87.888,87.786,87.822,580160000,8
1751952960000,1751953439000,87.82,87.83,87.777,87.796,612780000,8
1751953440000,1751953919000,87.797,87.855,87.783,87.836,631420000,8
1751953920000,1751954399000,87.837,87.9,87.802,87.888,880950000,8
1751954400000,1751954879000,87.888,87.922,87.856,87.86,825810000,8
1751954880000,1751955359000,87.859,87.941,87.849,87.926,628260000,8
1751955360000,1751955839000,87.926,87.96,87.893,87.902,458060000,8
1751955840000,1751956319000,87.9,87.999,87.896,87.994,669310000,8
1751956320000,1751956799000,88.0,88.014,87.959,87.973,687070000,8
1751956800000,1751957279000,87.972,87.996,87.914,87.914,589070000,8
1751957280000,1751957759000,87.917,87.952,87.908,87.951,612390000,8
1751957760000,1751958239000,87.953,87.974,87.927,87.957,1097450000,8
1751958240000,1751958719000,87.959,87.976,87.89,87.929,771430000,8
1751958720000,1751959199000,87.932,87.946,87.906,87.929,608720000,8
1751959200000,1751959679000,87.931,87.993,87.928,87.985,558660000,8
1751959680000,1751960159000,87.984,88.039,87.97,88.016,511790000,8
1751960160000,1751960639000,88.016,88.035,87.997,88.02,553920000,8
1751960640000,1751961119000,88.02,88.027,87.988,88.017,606930000,8
1751961120000,1751961599000,88.017,88.031,87.996,88.008,635220000,8
1751961600000,1751962079000,88.007,88.035,87.987,88.026,651540000,8
1751962080000,1751962559000,88.024,88.041,87.999,88.01,595800000,8
1751962560000,1751963039000,88.012,88.046,87.976,87.992,411950000,8
1751963040000,1751963519000,87.992,88.026,87.981,88.005,643850000,8
1751963520000,1751963999000,88.004,88.011,87.964,87.978,405550000,8
1751964000000,1751964479000,87.977,88.033,87.973,88.019,650720000,8
1751964480000,1751964959000,88.02,88.036,87.978,88.013,558080000,8
1751964960000,1751965439000,88.015,88.034,87.972,87.995,891940000,8
1751965440000,1751965919000,87.995,88.013,87.974,88.013,360000000,8
1751965920000,1751966399000,88.013,88.039,87.995,88.005,362040000,8
1751966400000,1751966879000,88.006,88.029,87.978,88.002,464970000,8
1751966880000,1751967359000,88.003,88.005,87.948,87.978,594920000,8
1751967360000,1751967839000,87.979,87.988,87.944,87.948,399300000,8
1751967840000,1751968319000,87.948,87.99,87.939,87.989,400140000,8
1751968320000,1751968799000,87.989,87.994,87.93,87.937,601050000,8
1751968800000,1751969279000,87.936,87.97,87.929,87.964,616620000,8
1751969280000,1751969759000,87.965,88.017,87.961,87.999,643500000,8
1751969760000,1751970239000,88.0,88.022,87.994,88.0,496480000,8
1751970240000,1751970719000,87.998,88.006,87.966,87.976,381390000,8
1751970720000,1751971199000,87.979,87.995,87.967,87.993,333090000,8
1751971200000,1751971679000,87.991,88.008,87.98,88.004,459760000,8
1751971680000,1751972159000,88.004,88.031,87.988,87.997,432100000,8
1751972160000,1751972639000,87.994,88.064,87.992,88.058,448490000,8
1751972640000,1751973119000,88.055,88.064,88.037,88.061,370500000,8
1751973120000,1751973599000,88.064,88.094,88.053,88.082,330890000,8
1751973600000,1751974079000,88.085,88.128,88.081,88.123,336740000,8
1751974080000,1751974559000,88.125,88.18,88.122,88.152,486890000,8
1751974560000,1751975039000,88.152,88.174,88.135,88.168,396690000,8
1751975040000,1751975519000,88.169,88.213,88.16,88.192,605920000,8
1751975520000,1751975999000,88.194,88.194,88.118,88.127,680250000,8
1751976000000,1751976479000,88.13,88.135,88.05,88.052,679170000,8
1751976480000,1751976959000,88.053,88.071,88.038,88.042,748690000,8
1751976960000,1751977439000,88.041,88.073,88.035,88.063,656150000,8
1751977440000,1751977919000,88.062,88.08,88.044,88.065,636710000,8
1751977920000,1751978399000,88.067,88.122,88.063,88.12,302710000,8
1751978400000,1751978879000,88.123,88.144,88.112,88.115,623450000,8
1751978880000,1751979359000,88.117,88.151,88.114,88.14,645010000,8
1751979360000,1751979839000,88.142,88.155,88.127,88.133,817460000,8
1751979840000,1751980319000,88.131,88.153,88.065,88.091,750560000,8
1751980320000,1751980799000,88.089,88.115,88.084,88.094,543760000,8
1751980800000,1751981279000,88.095,88.113,88.083,88.107,731230000,8
1751981280000,1751981759000,88.108,88.121,88.018,88.041,1374150000,8
1751981760000,1751982239000,88.042,88.105,88.016,88.087,1176630000,8
1751982240000,1751982719000,88.085,88.098,88.023,88.041,1065390000,8
1751982720000,1751983199000,88.046,88.058,88.0,88.0,831020000,8
1751983200000,1751983679000,87.998,87.998,87.914,87.92,1176710000,8
1751983680000,1751984159000,87.921,87.943,87.895,87.922,965700000,8
1751984160000,1751984639000,87.922,87.924,87.861,87.862,945690000,8
1751984640000,1751985119000,87.859,87.952,87.845,87.941,1031270000,8
1751985120000,1751985599000,87.941,87.952,87.888,87.903,826970000,8
1751985600000,1751986079000,87.903,87.963,87.897,87.95,995640000,8
1751986080000,1751986559000,87.951,87.955,87.843,87.851,1112180000,8
1751986560000,1751987039000,87.849,87.954,87.847,87.954,1199600000,8
1751987040000,1751987519000,87.954,87.99,87.942,87.965,848820000,8
1751987520000,1751987999000,87.966,88.037,87.942,88.02,1005190000,8
1751988000000,1751988479000,88.022,88.03,87.939,87.966,858120000,8
1751988480000,1751988959000,87.967,88.001,87.944,87.998,646200000,8
1751988960000,1751989439000,87.997,88.017,87.978,88.001,805750000,8
1751989440000,1751989919000,88.0,88.011,87.981,87.991,627830000,8
1751989920000,1751990399000,87.992,87.997,87.97,87.973,583880000,8
1751990400000,1751990879000,87.972,87.976,87.935,87.943,699700000,8
1751990880000,1751991359000,87.944,87.976,87.93,87.96,428530000,8
1751991360000,1751991839000,87.959,87.983,87.949,87.983,369300000,8
1751991840000,1751992319000,87.984,88.004,87.959,87.979,664480000,8
1751992320000,1751992799000,87.981,87.982,87.851,87.9,1474550000,8
1751992800000,1751993279000,87.905,87.934,87.888,87.928,792540000,8
1751993280000,1751993759000,87.929,87.937,87.902,87.907,711030000,8
1751993760000,1751994239000,87.907,88.005,87.907,87.992,1660260000,8
1751994240000,1751994719000,87.993,88.048,87.984,88.048,1246770000,8
1751994720000,1751995199000,88.05,88.099,88.05,88.074,954050000,8
1751995200000,1751995679000,88.074,88.086,88.047,88.074,908350000,8
1751995680000,1751996159000,88.073,88.082,88.019,88.036,931270000,8
1751996160000,1751996639000,88.034,88.046,88.014,88.04,667530000,8
1751996640000,1751997119000,88.041,88.051,88.023,88.046,666630000,8
1751997120000,1751997599000,88.042,88.076,88.04,88.061,620830000,8
1751997600000,1751998079000,88.06,88.072,88.032,88.04,672030000,8
1751998080000,1751998559000,88.039,88.074,88.036,88.057,447490000,8
1751998560000,1751999039000,88.059,88.064,88.025,88.033,570190000,8
1751999040000,1751999519000,88.035,88.037,88.005,88.011,474290000,8
1751999520000,1751999999000,88.01,88.026,88.005,88.018,422910000,8
1752000000000,1752000479000,88.019,88.021,87.985,87.992,226620000,8
1752000480000,1752000959000,87.991,88.02,87.991,87.998,374490000,8
1752000960000,1752001439000,87.999,88.009,87.951,87.955,596030000,8
1752001440000,1752001919000,87.956,87.966,87.931,87.931,278370000,8
1752001920000,1752002399000,87.931,87.942,87.923,87.939,210150000,8
1752002400000,1752002879000,87.94,87.947,87.925,87.939,173850000,8
1752002880000,1752003359000,87.939,87.947,87.919,87.924,179250000,8
1752003360000,1752003839000,87.922,87.925,87.909,87.909,130920000,8
1752003840000,1752004319000,87.908,87.917,87.896,87.9,207150000,8
1752004320000,1752004799000,87.898,87.908,87.881,87.899,344520000,8
1752004800000,1752005279000,87.897,87.907,87.865,87.886,289320000,8
1752005280000,1752005759000,87.884,87.896,87.869,87.873,140400000,8
1752005760000,1752006239000,87.875,87.881,87.861,87.869,160770000,8
1752006240000,1752006719000,87.869,87.887,87.868,87.873,279720000,8
1752006720000,1752007199000,87.873,87.906,87.871,87.902,214200000,8
1752007200000,1752007679000,87.903,87.909,87.882,87.891,209180000,8
1752007680000,1752008159000,87.889,87.906,87.884,87.888,396760000,8
1752008160000,1752008639000,87.884,87.89,87.821,87.821,236360000,8
1752008640000,1752009119000,87.625,87.866,87.625,87.834,64050000,8
1752009120000,1752009599000,87.865,87.87,87.834,87.87,76230000,8
1752009600000,1752010079000,87.87,87.872,87.855,87.872,111000000,8
1752010080000,1752010559000,87.872,87.872,87.855,87.855,131520000,8
1752010560000,1752011039000,87.855,87.856,87.855,87.855,62940000,8
1752011040000,1752011519000,87.855,87.864,87.828,87.847,89010000,8
1752011520000,1752011999000,87.855,87.864,87.83,87.839,297450000,8
1752012000000,1752012479000,87.843,87.935,87.833,87.932,156650000,8
1752012480000,1752012959000,87.932,87.94,87.923,87.938,138620000,8
1752012960000,1752013439000,87.94,87.948,87.922,87.922,103210000,8
1752013440000,1752013919000,87.922,87.944,87.92,87.938,80830000,8
1752013920000,1752014399000,87.939,87.954,87.934,87.948,92400000,8
1752014400000,1752014879000,87.95,87.963,87.921,87.928,89300000,8
1752014880000,1752015359000,87.929,87.946,87.914,87.922,122650000,8
1752015360000,1752015839000,87.921,87.947,87.915,87.94,319030000,8
1752015840000,1752016319000,87.946,87.964,87.934,87.964,231330000,8
1752016320000,1752016799000,87.964,87.994,87.962,87.984,233520000,8
1752016800000,1752017279000,87.984,87.994,87.964,87.984,207330000,8
1752017280000,1752017759000,87.986,88.004,87.983,87.994,195270000,8
1752017760000,1752018239000,87.992,88.015,87.984,87.999,303870000,8
1752018240000,1752018719000,87.997,88.034,87.99,88.02,336860000,8
1752018720000,1752019199000,88.022,88.029,87.974,88.014,230730000,8
1752019200000,1752019679000,88.012,88.027,87.964,87.969,570870000,8
1752019680000,1752020159000,87.969,87.978,87.912,87.925,568550000,8
1752020160000,1752020639000,87.922,87.981,87.921,87.961,544580000,8
1752020640000,1752021119000,87.962,88.003,87.938,87.994,450420000,8
1752021120000,1752021599000,87.995,87.995,87.951,87.961,542680000,8
1752021600000,1752022079000,87.959,87.971,87.953,87.954,444860000,8
1752022080000,1752022559000,87.955,87.977,87.92,87.975,728330000,8
1752022560000,1752023039000,87.975,87.992,87.939,87.981,780330000,8
1752023040000,1752023519000,87.983,88.032,87.949,88.021,819820000,8
1752023520000,1752023999000,88.024,88.041,87.952,87.969,816250000,8
1752024000000,1752024479000,87.969,87.972,87.92,87.965,731220000,8
1752024480000,1752024959000,87.965,87.999,87.904,87.998,760120000,8
1752024960000,1752025439000,87.998,88.071,87.994,88.068,803790000,8
1752025440000,1752025919000,88.065,88.104,88.009,88.076,827590000,8
1752025920000,1752026399000,88.075,88.148,88.051,88.082,539460000,8
1752026400000,1752026879000,88.067,88.276,88.065,88.275,1216470000,8
1752026880000,1752027359000,88.274,88.334,88.25,88.315,634650000,8
1752027360000,1752027839000,88.316,88.318,88.15,88.153,780030000,8
1752027840000,1752028319000,88.153,88.167,88.109,88.145,461430000,8
1752028320000,1752028799000,88.142,88.142,88.04,88.053,655700000,8
1752028800000,1752029279000,88.051,88.071,87.994,88.007,924050000,8
1752029280000,1752029759000,88.006,88.026,87.929,88.025,702800000,8
1752029760000,1752030239000,88.024,88.068,87.977,87.987,721650000,8
1752030240000,1752030719000,87.989,88.003,87.947,87.981,784530000,8
1752030720000,1752031199000,87.98,87.992,87.934,87.978,558310000,8
1752031200000,1752031679000,87.976,88.011,87.957,88.006,505990000,8
1752031680000,1752032159000,88.011,88.046,88.003,88.028,446170000,8
1752032160000,1752032639000,88.023,88.062,88.01,88.027,423480000,8
1752032640000,1752033119000,88.028,88.029,87.993,88.026,303820000,8
1752033120000,1752033599000,88.027,88.065,88.022,88.046,506890000,8
1752033600000,1752034079000,88.047,88.099,88.031,88.098,537590000,8
1752034080000,1752034559000,88.096,88.147,88.091,88.131,283110000,8
1752034560000,1752035039000,88.133,88.16,88.124,88.153,374030000,8
1752035040000,1752035519000,88.155,88.174,88.153,88.173,251880000,8
1752035520000,1752035999000,88.174,88.284,88.171,88.28,552370000,8
1752036000000,1752036479000,88.281,88.295,88.237,88.25,552750000,8
1752036480000,1752036959000,88.252,88.293,88.241,88.268,320310000,8
1752036960000,1752037439000,88.27,88.273,88.21,88.22,509250000,8
1752037440000,1752037919000,88.219,88.284,88.21,88.276,569880000,8
1752037920000,1752038399000,88.277,88.292,88.253,88.263,421200000,8
1752038400000,1752038879000,88.263,88.296,88.247,88.248,379920000,8
1752038880000,1752039359000,88.248,88.257,88.233,88.249,303310000,8
1752039360000,1752039839000,88.247,88.267,88.23,88.241,459980000,8
1752039840000,1752040319000,88.24,88.242,88.185,88.219,444820000,8
1752040320000,1752040799000,88.221,88.231,88.185,88.207,350530000,8
1752040800000,1752041279000,88.206,88.216,88.146,88.157,773590000,8
1752041280000,1752041759000,88.155,88.158,88.124,88.144,470340000,8
1752041760000,1752042239000,88.146,88.174,88.128,88.136,440410000,8
1752042240000,1752042719000,88.135,88.148,88.095,88.121,655290000,8
1752042720000,1752043199000,88.122,88.166,88.121,88.154,613830000,8
1752043200000,1752043679000,88.152,88.218,88.126,88.218,563430000,8
1752043680000,1752044159000,88.218,88.241,88.202,88.226,702810000,8
1752044160000,1752044639000,88.228,88.228,88.191,88.193,545650000,8
1752044640000,1752045119000,88.193,88.228,88.141,88.151,692910000,8
1752045120000,1752045599000,88.153,88.162,88.088,88.124,736420000,8
1752045600000,1752046079000,88.123,88.128,88.096,88.1,660260000,8
1752046080000,1752046559000,88.105,88.108,88.047,88.072,539550000,8
1752046560000,1752047039000,88.073,88.074,87.976,87.981,493890000,8
1752047040000,1752047519000,87.982,88.021,87.982,87.986,514260000,8
1752047520000,1752047999000,87.986,88.026,87.948,88.009,1054630000,8
1752048000000,1752048479000,88.007,88.008,87.939,87.955,934010000,8
1752048480000,1752048959000,87.958,87.972,87.928,87.945,708960000,8
1752048960000,1752049439000,87.946,87.997,87.937,87.984,625850000,8
1752049440000,1752049919000,87.988,88.016,87.964,88.016,650670000,8
1752049920000,1752050399000,88.019,88.052,88.007,88.052,459490000,8
1752050400000,1752050879000,88.05,88.052,87.99,88.014,429820000,8
1752050880000,1752051359000,88.014,88.014,87.979,88.007,604740000,8
1752051360000,1752051839000,88.006,88.013,87.96,87.964,663040000,8
1752051840000,1752052319000,87.965,87.993,87.948,87.991,429410000,8
1752052320000,1752052799000,87.992,87.995,87.948,87.974,378310000,8
1752052800000,1752053279000,87.976,87.976,87.947,87.968,405720000,8
1752053280000,1752053759000,87.969,87.995,87.964,87.98,448600000,8
1752053760000,1752054239000,87.978,88.0,87.953,88.0,437710000,8
1752054240000,1752054719000,88.0,88.009,87.959,87.985,398160000,8
1752054720000,1752055199000,87.986,87.992,87.963,87.979,344160000,8
1752055200000,1752055679000,87.977,87.982,87.959,87.963,296150000,8
1752055680000,1752056159000,87.963,87.977,87.931,87.96,248870000,8
1752056160000,1752056639000,87.959,87.965,87.944,87.948,475340000,8
1752056640000,1752057119000,87.949,87.954,87.91,87.914,437320000,8
1752057120000,1752057599000,87.915,87.917,87.901,87.913,293330000,8
1752057600000,1752058079000,87.912,87.927,87.886,87.911,319830000,8
1752058080000,1752058559000,87.911,87.911,87.83,87.856,380910000,8
1752058560000,1752059039000,87.859,87.87,87.834,87.848,316850000,8
1752059040000,1752059519000,87.848,87.865,87.841,87.859,318470000,8
1752059520000,1752059999000,87.859,87.867,87.836,87.844,352750000,8
1752060000000,1752060479000,87.845,87.85,87.83,87.845,478320000,8
1752060480000,1752060959000,87.844,87.9,87.841,87.895,392440000,8
1752060960000,1752061439000,87.897,87.9,87.852,87.853,357780000,8
1752061440000,1752061919000,87.852,87.866,87.844,87.846,273510000,8
1752061920000,1752062399000,87.848,87.851,87.794,87.794,596790000,8
1752062400000,1752062879000,87.793,87.819,87.773,87.81,716380000,8
1752062880000,1752063359000,87.807,87.815,87.767,87.784,601560000,8
1752063360000,1752063839000,87.783,87.804,87.753,87.778,950560000,8
1752063840000,1752064319000,87.781,87.783,87.744,87.751,497100000,8
1752064320000,1752064799000,87.753,87.799,87.746,87.797,473510000,8
1752064800000,1752065279000,87.797,87.8,87.749,87.77,525690000,8
1752065280000,1752065759000,87.773,87.836,87.751,87.831,669610000,8
1752065760000,1752066239000,87.834,87.855,87.768,87.772,983400000,8
1752066240000,1752066719000,87.773,87.794,87.758,87.793,688200000,8
1752066720000,1752067199000,87.789,87.847,87.767,87.829,873790000,8
1752067200000,1752067679000,87.829,87.855,87.816,87.833,755940000,8
1752067680000,1752068159000,87.832,87.912,87.826,87.883,1045150000,8
1752068160000,1752068639000,87.885,87.892,87.846,87.855,1042420000,8
1752068640000,1752069119000,87.855,87.874,87.825,87.834,823610000,8
1752069120000,1752069599000,87.835,87.881,87.834,87.865,815400000,8
1752069600000,1752070079000,87.868,87.875,87.791,87.795,1042590000,8
1752070080000,1752070559000,87.791,87.896,87.787,87.896,1021780000,8
1752070560000,1752071039000,87.894,87.902,87.824,87.835,1165710000,8
1752071040000,1752071519000,87.834,87.865,87.783,87.793,729230000,8
1752071520000,1752071999000,87.791,87.807,87.763,87.79,979350000,8
1752072000000,1752072479000,87.79,87.799,87.769,87.773,648350000,8
1752072480000,1752072959000,87.77,87.795,87.753,87.761,817830000,8
1752072960000,1752073439000,87.763,87.788,87.75,87.783,934360000,8
1752073440000,1752073919000,87.785,87.8,87.741,87.759,709300000,8
1752073920000,1752074399000,87.76,87.763,87.741,87.759,656480000,8
1752074400000,1752074879000,87.757,87.782,87.751,87.775,460140000,8
1752074880000,1752075359000,87.774,87.776,87.756,87.774,383280000,8
1752075360000,1752075839000,87.776,87.797,87.771,87.782,453970000,8
1752075840000,1752076319000,87.783,87.818,87.766,87.783,431820000,8
1752076320000,1752076799000,87.781,87.794,87.762,87.782,504750000,8
1752076800000,1752077279000,87.781,87.799,87.763,87.793,434710000,8
1752077280000,1752077759000,87.791,87.804,87.72,87.736,509640000,8
1752077760000,1752078239000,87.737,87.753,87.733,87.736,338700000,8
1752078240000,1752078719000,87.738,87.752,87.735,87.747,403140000,8
1752078720000,1752079199000,87.748,87.758,87.721,87.723,283100000,8
1752079200000,1752079679000,87.721,87.747,87.717,87.734,317760000,8
1752079680000,1752080159000,87.732,87.747,87.72,87.738,371240000,8
1752080160000,1752080639000,87.74,87.752,87.717,87.724,462970000,8
1752080640000,1752081119000,87.726,87.772,87.719,87.753,474270000,8
1752081120000,1752081599000,87.753,87.809,87.753,87.8,565620000,8
1752081600000,1752082079000,87.8,87.8,87.767,87.767,393980000,8
1752082080000,1752082559000,87.767,87.789,87.719,87.726,563060000,8
1752082560000,1752083039000,87.722,87.747,87.711,87.736,262950000,8
1752083040000,1752083519000,87.735,87.764,87.718,87.754,337650000,8
1752083520000,1752083999000,87.752,87.756,87.709,87.709,435610000,8
1752084000000,1752084479000,87.71,87.743,87.7,87.741,739050000,8
1752084480000,1752084959000,87.741,87.815,87.735,87.805,662110000,8
1752084960000,1752085439000,87.805,87.81,87.773,87.787,585470000,8
1752085440000,1752085919000,87.786,87.79,87.761,87.769,441800000,8
1752085920000,1752086399000,87.769,87.788,87.758,87.767,327760000,8
1752086400000,1752086879000,87.768,87.787,87.76,87.786,401370000,8
1752086880000,1752087359000,87.786,87.789,87.769,87.774,370980000,8
1752087360000,1752087839000,87.774,87.782,87.74,87.782,829630000,8
1752087840000,1752088319000,87.782,87.798,87.779,87.78,246120000,8
1752088320000,1752088799000,87.781,87.836,87.771,87.834,355850000,8
1752088800000,1752089279000,87.833,87.851,87.824,87.834,263880000,8
1752089280000,1752089759000,87.834,87.84,87.808,87.813,218370000,8
1752089760000,1752090239000,87.814,87.827,87.802,87.812,245180000,8
1752090240000,1752090719000,87.813,87.824,87.806,87.82,160400000,8
1752090720000,1752091199000,87.819,87.838,87.808,87.827,219000000,8
1752091200000,1752091679000,87.833,87.853,87.826,87.833,177670000,8
1752091680000,1752092159000,87.834,87.86,87.832,87.854,199230000,8
1752092160000,1752092639000,87.854,87.874,87.821,87.826,394530000,8
1752092640000,1752093119000,87.824,87.824,87.79,87.794,254730000,8
1752093120000,1752093599000,87.795,87.806,87.765,87.773,210240000,8
1752093600000,1752094079000,87.774,87.778,87.75,87.771,310830000,8
1752094080000,1752094559000,87.771,87.777,87.749,87.752,261130000,8
1752094560000,1752095039000,87.758,87.765,87.674,87.681,306230000,8
1752095040000,1752095519000,87.57,87.815,87.57,87.749,139640000,8
1752095520000,1752095999000,87.751,87.769,87.742,87.762,111450000,8
1752096000000,1752096479000,87.762,87.765,87.756,87.76,146840000,8
1752096480000,1752096959000,87.76,87.778,87.753,87.77,123420000,8
1752096960000,1752097439000,87.766,87.793,87.744,87.753,282940000,8
1752097440000,1752097919000,87.752,87.755,87.716,87.735,211850000,8
1752097920000,1752098399000,87.732,87.759,87.723,87.757,345860000,8
1752098400000,1752098879000,87.757,87.797,87.733,87.785,431730000,8
1752098880000,1752099359000,87.787,87.795,87.769,87.784,145410000,8
1752099360000,1752099839000,87.784,87.821,87.782,87.798,157780000,8
1752099840000,1752100319000,87.795,87.803,87.776,87.783,100670000,8
1752100320000,1752100799000,87.782,87.79,87.774,87.781,68630000,8
1752100800000,1752101279000,87.781,87.781,87.742,87.744,116830000,8
1752101280000,1752101759000,87.744,87.746,87.725,87.735,129800000,8
1752101760000,1752102239000,87.731,87.762,87.728,87.743,213660000,8
1752102240000,1752102719000,87.746,87.752,87.721,87.721,121530000,8
1752102720000,1752103199000,87.721,87.727,87.684,87.69,287140000,8
1752103200000,1752103679000,87.69,87.7,87.64,87.64,311020000,8
1752103680000,1752104159000,87.642,87.656,87.631,87.638,210360000,8
1752104160000,1752104639000,87.639,87.676,87.638,87.676,187560000,8
1752104640000,1752105119000,87.681,87.688,87.649,87.657,224460000,8
1752105120000,1752105599000,87.653,87.657,87.628,87.644,467630000,8
1752105600000,1752106079000,87.644,87.648,87.596,87.617,782430000,8
1752106080000,1752106559000,87.619,87.689,87.605,87.664,699390000,8
1752106560000,1752107039000,87.664,87.687,87.616,87.616,586670000,8
1752107040000,1752107519000,87.618,87.653,87.597,87.642,1041460000,8
1752107520000,1752107999000,87.644,87.658,87.626,87.65,838380000,8
1752108000000,1752108479000,87.648,87.654,87.598,87.646,780060000,8
1752108480000,1752108959000,87.646,87.666,87.569,87.58,955620000,8
1752108960000,1752109439000,87.579,87.62,87.554,87.613,847240000,8
1752109440000,1752109919000,87.613,87.619,87.574,87.58,618240000,8
1752109920000,1752110399000,87.58,87.611,87.555,87.587,505560000,8
1752110400000,1752110879000,87.588,87.611,87.571,87.59,647370000,8
1752110880000,1752111359000,87.592,87.592,87.55,87.563,510600000,8
1752111360000,1752111839000,87.563,87.616,87.563,87.61,337950000,8
1752111840000,1752112319000,87.608,87.615,87.56,87.58,332950000,8
1752112320000,1752112799000,87.578,87.625,87.567,87.624,486690000,8
1752112800000,1752113279000,87.626,87.693,87.624,87.675,458800000,8
1752113280000,1752113759000,87.678,87.713,87.652,87.677,430210000,8
1752113760000,1752114239000,87.678,87.707,87.675,87.703,462000000,8
1752114240000,1752114719000,87.704,87.718,87.681,87.712,335220000,8
1752114720000,1752115199000,87.709,87.762,87.696,87.748,585480000,8
1752115200000,1752115679000,87.748,87.752,87.722,87.74,391920000,8
1752115680000,1752116159000,87.738,87.754,87.72,87.736,426610000,8
1752116160000,1752116639000,87.738,87.793,87.737,87.783,594230000,8
1752116640000,1752117119000,87.785,87.824,87.779,87.799,443520000,8
1752117120000,1752117599000,87.797,87.834,87.796,87.823,353310000,8
1752117600000,1752118079000,87.823,87.852,87.822,87.844,452870000,8
1752118080000,1752118559000,87.845,87.847,87.804,87.819,336000000,8
1752118560000,1752119039000,87.819,87.844,87.803,87.835,354860000,8
1752119040000,1752119519000,87.837,87.846,87.828,87.834,202720000,8
1752119520000,1752119999000,87.833,87.854,87.817,87.818,259120000,8
1752120000000,1752120479000,87.817,87.817,87.788,87.798,240820000,8
1752120480000,1752120959000,87.798,87.816,87.791,87.813,204420000,8
1752120960000,1752121439000,87.812,87.82,87.797,87.81,185600000,8
1752121440000,1752121919000,87.807,87.831,87.781,87.827,324020000,8
1752121920000,1752122399000,87.828,87.869,87.824,87.84,446410000,8
1752122400000,1752122879000,87.833,87.841,87.803,87.813,267160000,8
1752122880000,1752123359000,87.813,87.865,87.813,87.862,125430000,8
1752123360000,1752123839000,87.861,87.861,87.816,87.837,502150000,8
1752123840000,1752124319000,87.836,87.883,87.836,87.883,323970000,8
1752124320000,1752124799000,87.883,87.899,87.845,87.86,330360000,8
1752124800000,1752125279000,87.86,87.874,87.846,87.848,285300000,8
1752125280000,1752125759000,87.848,87.886,87.842,87.858,335730000,8
1752125760000,1752126239000,87.86,87.874,87.834,87.864,354290000,8
1752126240000,1752126719000,87.866,87.867,87.832,87.85,290830000,8
1752126720000,1752127199000,87.852,87.877,87.837,87.856,393720000,8
1752127200000,1752127679000,87.857,87.901,87.852,87.87,707290000,8
1752127680000,1752128159000,87.869,87.903,87.861,87.897,457640000,8
1752128160000,1752128639000,87.897,87.921,87.892,87.908,507950000,8
1752128640000,1752129119000,87.909,87.97,87.909,87.941,481570000,8
1752129120000,1752129599000,87.941,87.952,87.928,87.94,437640000,8
1752129600000,1752130079000,87.946,87.984,87.918,87.922,494410000,8
1752130080000,1752130559000,87.923,87.944,87.908,87.91,311300000,8
1752130560000,1752131039000,87.912,87.917,87.87,87.908,855350000,8
1752131040000,1752131519000,87.906,87.981,87.906,87.975,599800000,8
1752131520000,1752131999000,87.975,88.004,87.953,88.004,738420000,8
1752132000000,1752132479000,88.004,88.034,87.987,88.002,655470000,8
1752132480000,1752132959000,88.004,88.035,87.997,88.033,528220000,8
1752132960000,1752133439000,88.034,88.062,87.995,88.005,546820000,8
1752133440000,1752133919000,88.005,88.075,87.995,88.013,603730000,8
1752133920000,1752134399000,88.014,88.02,87.971,87.974,616660000,8
1752134400000,1752134879000,87.976,88.018,87.976,87.996,415420000,8
1752134880000,1752135359000,87.997,88.01,87.959,87.986,433210000,8
1752135360000,1752135839000,87.984,88.023,87.978,87.997,321920000,8
1752135840000,1752136319000,87.994,88.007,87.976,87.991,484140000,8
1752136320000,1752136799000,87.989,88.006,87.974,87.99,317250000,8
1752136800000,1752137279000,87.991,87.999,87.976,87.98,192260000,8
1752137280000,1752137759000,87.977,87.985,87.955,87.979,230810000,8
1752137760000,1752138239000,87.978,88.015,87.977,88.006,419010000,8
1752138240000,1752138719000,88.01,88.035,88.0,88.032,373530000,8
1752138720000,1752139199000,88.031,88.053,88.029,88.05,380330000,8
1752139200000,1752139679000,88.051,88.062,88.034,88.05,328500000,8
1752139680000,1752140159000,88.05,88.06,88.021,88.043,338100000,8
1752140160000,1752140639000,88.043,88.047,88.009,88.012,333080000,8
1752140640000,1752141119000,88.012,88.053,88.01,88.038,396000000,8
1752141120000,1752141599000,88.04,88.041,87.986,87.988,438640000,8
1752141600000,1752142079000,87.987,88.001,87.976,88.001,419850000,8
1752142080000,1752142559000,87.998,88.029,87.991,88.028,319530000,8
1752142560000,1752143039000,88.028,88.047,88.021,88.037,233940000,8
1752143040000,1752143519000,88.036,88.045,88.015,88.025,389550000,8
1752143520000,1752143999000,88.024,88.025,88.007,88.025,283860000,8
1752144000000,1752144479000,88.027,88.028,88.004,88.013,313920000,8
1752144480000,1752144959000,88.015,88.025,88.001,88.016,268950000,8
1752144960000,1752145439000,88.012,88.032,87.998,88.011,404300000,8
1752145440000,1752145919000,88.01,88.02,87.994,88.005,267280000,8
1752145920000,1752146399000,88.008,88.022,87.994,88.014,282920000,8
1752146400000,1752146879000,88.014,88.032,87.997,88.025,355680000,8
1752146880000,1752147359000,88.023,88.043,88.011,88.032,353870000,8
1752147360000,1752147839000,88.031,88.041,88.014,88.029,308610000,8
1752147840000,1752148319000,88.029,88.042,88.011,88.011,394510000,8
1752148320000,1752148799000,88.013,88.019,87.916,87.931,649330000,8
1752148800000,1752149279000,87.933,87.968,87.906,87.946,600450000,8
1752149280000,1752149759000,87.947,87.985,87.932,87.937,603320000,8
1752149760000,1752150239000,87.935,87.961,87.922,87.937,598570000,8
1752150240000,1752150719000,87.937,88.022,87.918,87.989,1040090000,8
1752150720000,1752151199000,87.991,88.021,87.919,87.935,1009150000,8
1752151200000,1752151679000,87.935,87.976,87.931,87.959,632990000,8
1752151680000,1752152159000,87.959,87.988,87.951,87.988,679420000,8
1752152160000,1752152639000,87.988,88.014,87.961,87.983,1118250000,8
1752152640000,1752153119000,87.981,88.001,87.961,87.968,778050000,8
1752153120000,1752153599000,87.969,87.99,87.952,87.97,605640000,8
1752153600000,1752154079000,87.971,87.983,87.911,87.912,749960000,8
1752154080000,1752154559000,87.914,87.937,87.894,87.913,1064500000,8
1752154560000,1752155039000,87.913,87.938,87.901,87.902,725910000,8
1752155040000,1752155519000,87.9,87.915,87.881,87.905,820580000,8
1752155520000,1752155999000,87.908,87.961,87.902,87.95,798390000,8
1752156000000,1752156479000,87.951,88.011,87.951,87.982,1237940000,8
1752156480000,1752156959000,87.982,88.021,87.967,88.021,1443350000,8
1752156960000,1752157439000,88.022,88.068,88.013,88.032,994280000,8
1752157440000,1752157919000,88.033,88.048,88.005,88.025,1435180000,8
1752157920000,1752158399000,88.024,88.061,88.011,88.056,990860000,8
1752158400000,1752158879000,88.058,88.088,88.054,88.064,900380000,8
1752158880000,1752159359000,88.066,88.087,87.979,87.985,1104620000,8
1752159360000,1752159839000,87.986,88.0,87.966,87.991,1559160000,8
1752159840000,1752160319000,87.995,88.057,87.984,88.029,809700000,8
1752160320000,1752160799000,88.032,88.038,87.999,88.003,561420000,8
1752160800000,1752161279000,88.007,88.027,88.002,88.009,340570000,8
1752161280000,1752161759000,88.008,88.096,88.004,88.083,388780000,8
1752161760000,1752162239000,88.081,88.129,88.071,88.125,529760000,8
1752162240000,1752162719000,88.126,88.178,88.126,88.16,360450000,8
1752162720000,1752163199000,88.163,88.171,88.143,88.152,658050000,8
1752163200000,1752163679000,88.152,88.174,88.143,88.166,557390000,8
1752163680000,1752164159000,88.167,88.177,88.153,88.169,376820000,8
1752164160000,1752164639000,88.167,88.182,88.158,88.172,442260000,8
1752164640000,1752165119000,88.172,88.226,88.169,88.22,604080000,8
1752165120000,1752165599000,88.22,88.234,88.196,88.228,415330000,8
1752165600000,1752166079000,88.227,88.228,88.179,88.179,524900000,8
1752166080000,1752166559000,88.179,88.197,88.163,88.196,474330000,8
1752166560000,1752167039000,88.195,88.208,88.18,88.189,642670000,8
1752167040000,1752167519000,88.188,88.195,88.157,88.163,523400000,8
1752167520000,1752167999000,88.164,88.183,88.149,88.177,409650000,8
1752168000000,1752168479000,88.176,88.179,88.161,88.172,389550000,8
1752168480000,1752168959000,88.171,88.179,88.159,88.164,405000000,8
1752168960000,1752169439000,88.166,88.176,88.155,88.157,293340000,8
1752169440000,1752169919000,88.159,88.168,88.142,88.163,399450000,8
1752169920000,1752170399000,88.162,88.169,88.134,88.134,281920000,8
1752170400000,1752170879000,88.132,88.144,88.122,88.126,367560000,8
1752170880000,1752171359000,88.126,88.142,88.125,88.142,349620000,8
1752171360000,1752171839000,88.143,88.164,88.137,88.148,400800000,8
1752171840000,1752172319000,88.145,88.165,88.139,88.163,434090000,8
1752172320000,1752172799000,88.162,88.165,88.14,88.158,436990000,8
1752172800000,1752173279000,88.156,88.175,88.145,88.164,358310000,8
1752173280000,1752173759000,88.162,88.173,88.157,88.166,441580000,8
1752173760000,1752174239000,88.166,88.175,88.145,88.174,796800000,8
1752174240000,1752174719000,88.173,88.183,88.162,88.169,209250000,8
1752174720000,1752175199000,88.167,88.17,88.153,88.17,199500000,8
1752175200000,1752175679000,88.172,88.187,88.17,88.17,141150000,8
1752175680000,1752176159000,88.168,88.204,88.167,88.201,252900000,8
1752176160000,1752176639000,88.201,88.208,88.197,88.2,137040000,8
1752176640000,1752177119000,88.2,88.2,88.17,88.178,277800000,8
1752177120000,1752177599000,88.178,88.219,88.172,88.214,264780000,8
1752177600000,1752178079000,88.212,88.22,88.193,88.193,258830000,8
1752178080000,1752178559000,88.191,88.191,88.175,88.189,239610000,8
1752178560000,1752179039000,88.189,88.203,88.177,88.203,199310000,8
1752179040000,1752179519000,88.203,88.227,88.186,88.225,178870000,8
1752179520000,1752179999000,88.227,88.252,88.225,88.225,166350000,8
1752180000000,1752180479000,88.226,88.234,88.219,88.234,206730000,8
1752180480000,1752180959000,88.234,88.254,88.233,88.238,569760000,8
1752180960000,1752181439000,88.237,88.241,88.188,88.188,286500000,8
1752181440000,1752181919000,88.108,88.139,88.108,88.127,54750000,8
1752181920000,1752182399000,88.127,88.136,88.099,88.103,48150000,8
1752182400000,1752182879000,88.103,88.15,88.103,88.113,149680000,8
1752182880000,1752183359000,88.114,88.193,88.111,88.146,168160000,8
1752183360000,1752183839000,88.146,88.189,88.139,88.187,97210000,8
1752183840000,1752184319000,88.185,88.185,88.097,88.097,132920000,8
1752184320000,1752184799000,88.1,88.217,88.1,88.216,227520000,8
1752184800000,1752185279000,88.213,88.297,88.181,88.275,106670000,8
1752185280000,1752185759000,88.274,88.292,88.25,88.286,171450000,8
1752185760000,1752186239000,88.283,88.29,88.269,88.279,129860000,8
1752186240000,1752186719000,88.28,88.291,88.279,88.284,83840000,8
1752186720000,1752187199000,88.286,88.297,88.275,88.287,72010000,8
1752187200000,1752187679000,88.288,88.311,88.282,88.307,115340000,8
1752187680000,1752188159000,88.306,88.313,88.295,88.295,66790000,8
1752188160000,1752188639000,88.297,88.346,88.297,88.341,207860000,8
1752188640000,1752189119000,88.343,88.351,88.308,88.327,203420000,8
1752189120000,1752189599000,88.326,88.326,88.304,88.306,128550000,8
1752189600000,1752190079000,88.306,88.321,88.302,88.31,150000000,8
1752190080000,1752190559000,88.309,88.326,88.307,88.325,164490000,8
1752190560000,1752191039000,88.327,88.331,88.306,88.307,127560000,8
1752191040000,1752191519000,88.308,88.342,88.298,88.34,213040000,8
1752191520000,1752191999000,88.338,88.372,88.338,88.359,350500000,8
1752192000000,1752192479000,88.356,88.39,88.284,88.288,1062430000,8
1752192480000,1752192959000,88.286,88.304,88.237,88.238,772820000,8
1752192960000,1752193439000,88.237,88.245,87.988,87.992,1887300000,8
1752193440000,1752193919000,87.991,88.056,87.977,88.04,1234530000,8
1752193920000,1752194399000,88.041,88.129,88.033,88.1,1275360000,8
1752194400000,1752194879000,88.098,88.111,88.022,88.071,1129120000,8
1752194880000,1752195359000,88.071,88.103,88.026,88.067,1549360000,8
1752195360000,1752195839000,88.069,88.253,88.064,88.182,1746670000,8
1752195840000,1752196319000,88.182,88.261,88.156,88.246,1193960000,8
1752196320000,1752196799000,88.244,88.304,88.226,88.288,1003920000,8
1752196800000,1752197279000,88.294,88.44,88.286,88.438,1062930000,8
1752197280000,1752197759000,88.44,88.468,88.408,88.43,1203540000,8
1752197760000,1752198239000,88.429,88.547,88.425,88.528,1114310000,8
1752198240000,1752198719000,88.526,88.526,88.464,88.48,801660000,8
1752198720000,1752199199000,88.481,88.498,88.458,88.493,797270000,8
1752199200000,1752199679000,88.495,88.62,88.494,88.555,924300000,8
1752199680000,1752200159000,88.556,88.605,88.554,88.58,725320000,8
1752200160000,1752200639000,88.583,88.589,88.509,88.527,855020000,8
1752200640000,1752201119000,88.525,88.539,88.454,88.462,620300000,8
1752201120000,1752201599000,88.461,88.522,88.454,88.514,630040000,8
1752201600000,1752202079000,88.513,88.538,88.465,88.475,586760000,8
1752202080000,1752202559000,88.474,88.52,88.468,88.474,594640000,8
1752202560000,1752203039000,88.48,88.5,88.439,88.446,550290000,8
1752203040000,1752203519000,88.447,88.471,88.434,88.466,426690000,8
1752203520000,1752203999000,88.466,88.487,88.455,88.464,417270000,8
1752204000000,1752204479000,88.463,88.486,88.443,88.474,453600000,8
1752204480000,1752204959000,88.476,88.504,88.438,88.462,451400000,8
1752204960000,1752205439000,88.46,88.499,88.439,88.461,343270000,8
1752205440000,1752205919000,88.461,88.493,88.438,88.484,456630000,8
1752205920000,1752206399000,88.485,88.511,88.473,88.49,503940000,8
1752206400000,1752206879000,88.488,88.496,88.445,88.479,452180000,8
1752206880000,1752207359000,88.481,88.492,88.454,88.46,477830000,8
1752207360000,1752207839000,88.461,88.505,88.461,88.476,530160000,8
1752207840000,1752208319000,88.477,88.493,88.401,88.424,747780000,8
1752208320000,1752208799000,88.423,88.441,88.422,88.433,427040000,8
1752208800000,1752209279000,88.434,88.454,88.415,88.439,380970000,8
1752209280000,1752209759000,88.439,88.455,88.417,88.438,284970000,8
1752209760000,1752210239000,88.439,88.482,88.439,88.476,519940000,8
1752210240000,1752210719000,88.477,88.5,88.461,88.465,455400000,8
1752210720000,1752211199000,88.466,88.477,88.408,88.408,412180000,8
1752211200000,1752211679000,88.409,88.428,88.358,88.367,567050000,8
1752211680000,1752212159000,88.368,88.431,88.363,88.403,418280000,8
1752212160000,1752212639000,88.404,88.435,88.367,88.377,470160000,8
1752212640000,1752213119000,88.379,88.444,88.376,88.377,435420000,8
1752213120000,1752213599000,88.376,88.389,88.297,88.322,435610000,8
1752213600000,1752214079000,88.322,88.327,88.282,88.324,843060000,8
1752214080000,1752214559000,88.324,88.402,88.294,88.395,863600000,8
1752214560000,1752215039000,88.397,88.401,88.354,88.37,715690000,8
1752215040000,1752215519000,88.372,88.385,88.31,88.315,780090000,8
1752215520000,1752215999000,88.315,88.364,88.314,88.329,650690000,8
1752216000000,1752216479000,88.328,88.353,88.305,88.318,819370000,8
1752216480000,1752216959000,88.319,88.34,88.307,88.326,479420000,8
1752216960000,1752217439000,88.331,88.405,88.32,88.387,637150000,8
1752217440000,1752217919000,88.387,88.417,88.365,88.388,704710000,8
1752217920000,1752218399000,88.39,88.394,88.353,88.371,743400000,8
1752218400000,1752218879000,88.369,88.435,88.363,88.418,754830000,8
1752218880000,1752219359000,88.417,88.458,88.41,88.457,609270000,8
1752219360000,1752219839000,88.459,88.471,88.438,88.465,409890000,8
1752219840000,1752220319000,88.467,88.469,88.427,88.44,504160000,8
1752220320000,1752220799000,88.445,88.47,88.418,88.462,688810000,8
1752220800000,1752221279000,88.461,88.492,88.386,88.389,724710000,8
1752221280000,1752221759000,88.39,88.395,88.333,88.337,594930000,8
1752221760000,1752222239000,88.336,88.343,88.301,88.328,494010000,8
1752222240000,1752222719000,88.329,88.383,88.329,88.358,512940000,8
1752222720000,1752223199000,88.359,88.383,88.332,88.359,520390000,8
1752223200000,1752223679000,88.358,88.378,88.335,88.346,567870000,8
1752223680000,1752224159000,88.348,88.383,88.339,88.342,630640000,8
1752224160000,1752224639000,88.343,88.363,88.319,88.339,609970000,8
1752224640000,1752225119000,88.34,88.395,88.314,88.393,450190000,8
1752225120000,1752225599000,88.393,88.42,88.391,88.408,423700000,8
1752225600000,1752226079000,88.405,88.424,88.396,88.4,426360000,8
1752226080000,1752226559000,88.402,88.413,88.376,88.397,445100000,8
1752226560000,1752227039000,88.402,88.459,88.398,88.456,555450000,8
1752227040000,1752227519000,88.457,88.465,88.442,88.457,525360000,8
1752227520000,1752227999000,88.457,88.464,88.433,88.433,646290000,8
1752228000000,1752228479000,88.43,88.456,88.415,88.434,548800000,8
1752228480000,1752228959000,88.434,88.503,88.434,88.498,480750000,8
1752228960000,1752229439000,88.499,88.511,88.467,88.467,489380000,8
1752229440000,1752229919000,88.47,88.488,88.413,88.419,368580000,8
1752229920000,1752230399000,88.42,88.424,88.385,88.388,340680000,8
1752230400000,1752230879000,88.391,88.405,88.379,88.39,319320000,8
1752230880000,1752231359000,88.391,88.409,88.377,88.388,406170000,8
1752231360000,1752231839000,88.388,88.4,88.371,88.391,776030000,8
1752231840000,1752232319000,88.394,88.424,88.386,88.417,545550000,8
1752232320000,1752232799000,88.416,88.442,88.407,88.426,384160000,8
1752232800000,1752233279000,88.427,88.436,88.389,88.409,389930000,8
1752233280000,1752233759000,88.409,88.433,88.409,88.43,462100000,8
1752233760000,1752234239000,88.429,88.441,88.418,88.419,477040000,8
1752234240000,1752234719000,88.419,88.44,88.406,88.432,420760000,8
1752234720000,1752235199000,88.431,88.438,88.396,88.414,417820000,8
1752235200000,1752235679000,88.413,88.413,88.354,88.354,469560000,8
1752235680000,1752236159000,88.352,88.36,88.317,88.339,607800000,8
1752236160000,1752236639000,88.337,88.337,88.246,88.283,645420000,8
1752236640000,1752237119000,88.283,88.339,88.277,88.311,655390000,8
1752237120000,1752237599000,88.314,88.411,88.309,88.396,951090000,8
1752237600000,1752238079000,88.394,88.407,88.357,88.403,615520000,8
1752238080000,1752238559000,88.402,88.416,88.374,88.386,807220000,8
1752238560000,1752239039000,88.385,88.401,88.354,88.395,940490000,8
1752239040000,1752239519000,88.397,88.41,88.358,88.38,867420000,8
1752239520000,1752239999000,88.38,88.389,88.346,88.389,623250000,8
1752240000000,1752240479000,88.388,88.456,88.386,88.452,688120000,8
1752240480000,1752240959000,88.45,88.487,88.397,88.397,1151150000,8
1752240960000,1752241439000,88.399,88.449,88.391,88.423,1185380000,8
1752241440000,1752241919000,88.421,88.456,88.405,88.413,967110000,8
1752241920000,1752242399000,88.414,88.46,88.401,88.448,1190510000,8
1752242400000,1752242879000,88.446,88.514,88.443,88.504,1250700000,8
1752242880000,1752243359000,88.504,88.585,88.5,88.561,1406520000,8
1752243360000,1752243839000,88.559,88.592,88.533,88.583,1111460000,8
1752243840000,1752244319000,88.584,88.598,88.56,88.572,1011680000,8
1752244320000,1752244799000,88.575,88.601,88.563,88.563,732710000,8
1752244800000,1752245279000,88.561,88.561,88.453,88.453,1033550000,8
1752245280000,1752245759000,88.456,88.474,88.407,88.446,932020000,8
1752245760000,1752246239000,88.447,88.511,88.437,88.504,967670000,8
1752246240000,1752246719000,88.501,88.554,88.501,88.548,575910000,8
1752246720000,1752247199000,88.549,88.559,88.505,88.537,653520000,8
1752247200000,1752247679000,88.535,88.562,88.521,88.528,581820000,8
1752247680000,1752248159000,88.527,88.534,88.499,88.521,650550000,8
1752248160000,1752248639000,88.521,88.546,88.51,88.526,609210000,8
1752248640000,1752249119000,88.524,88.54,88.494,88.535,477790000,8
1752249120000,1752249599000,88.535,88.535,88.503,88.509,628800000,8
1752249600000,1752250079000,88.508,88.527,88.468,88.475,684340000,8
1752250080000,1752250559000,88.477,88.483,88.451,88.477,469330000,8
1752250560000,1752251039000,88.475,88.497,88.466,88.48,523620000,8
1752251040000,1752251519000,88.48,88.508,88.468,88.498,486550000,8
1752251520000,1752251999000,88.498,88.537,88.495,88.529,368560000,8
1752252000000,1752252479000,88.532,88.541,88.519,88.533,472030000,8
1752252480000,1752252959000,88.533,88.565,88.53,88.551,429170000,8
1752252960000,1752253439000,88.552,88.557,88.514,88.539,474250000,8
1752253440000,1752253919000,88.54,88.563,88.535,88.563,331760000,8
1752253920000,1752254399000,88.56,88.568,88.543,88.565,350750000,8
1752254400000,1752254879000,88.563,88.568,88.534,88.545,293840000,8
1752254880000,1752255359000,88.542,88.562,88.538,88.557,255720000,8
1752255360000,1752255839000,88.558,88.566,88.52,88.522,372820000,8
1752255840000,1752256319000,88.521,88.546,88.52,88.544,354530000,8
1752256320000,1752256799000,88.543,88.568,88.541,88.558,310630000,8
1752256800000,1752257279000,88.557,88.572,88.543,88.557,511970000,8
1752257280000,1752257759000,88.556,88.588,88.556,88.584,440720000,8
1752257760000,1752258239000,88.582,88.597,88.573,88.595,344490000,8
1752258240000,1752258719000,88.596,88.602,88.583,88.593,549510000,8
1752258720000,1752259199000,88.594,88.613,88.585,88.602,413230000,8
1752259200000,1752259679000,88.602,88.615,88.59,88.599,419990000,8
1752259680000,1752260159000,88.595,88.611,88.593,88.604,316210000,8
1752260160000,1752260639000,88.605,88.61,88.583,88.586,613380000,8
1752260640000,1752261119000,88.583,88.592,88.565,88.577,536760000,8
1752261120000,1752261599000,88.578,88.596,88.567,88.568,394500000,8
1752261600000,1752262079000,88.571,88.585,88.571,88.579,237150000,8
1752262080000,1752262559000,88.578,88.587,88.558,88.565,285090000,8
1752262560000,1752263039000,88.565,88.578,88.562,88.57,297720000,8
1752263040000,1752263519000,88.57,88.57,88.533,88.533,173700000,8
1752263520000,1752263999000,88.531,88.535,88.491,88.5,330180000,8
1752264000000,1752264479000,88.497,88.507,88.472,88.504,317430000,8
1752264480000,1752264959000,88.502,88.527,88.501,88.512,238970000,8
1752264960000,1752265439000,88.513,88.513,88.478,88.482,198850000,8
1752265440000,1752265919000,88.48,88.493,88.464,88.487,343800000,8
1752265920000,1752266399000,88.487,88.506,88.487,88.499,248460000,8
1752266400000,1752266879000,88.498,88.54,88.498,88.506,308730000,8
1752266880000,1752267359000,88.504,88.572,88.504,88.53,527620000,8
1752267360000,1752267839000,88.534,88.554,88.474,88.48,434550000,8
1752267840000,1752268319000,88.48,88.48,88.48,88.48,0,8
1752268320000,1752268799000,88.48,88.48,88.48,88.48,0,8
1752268800000,1752269279000,88.48,88.48,88.48,88.48,0,8
1752269280000,1752269759000,88.48,88.48,88.48,88.48,0,8
1752269760000,1752270239000,88.48,88.48,88.48,88.48,0,8
1752270240000,1752270719000,88.48,88.48,88.48,88.48,0,8
1752270720000,1752271199000,88.48,88.48,88.48,88.48,0,8
1752271200000,1752271679000,88.48,88.48,88.48,88.48,0,8
1752271680000,1752272159000,88.48,88.48,88.48,88.48,0,8
1752272160000,1752272639000,88.48,88.48,88.48,88.48,0,8
1752272640000,1752273119000,88.48,88.48,88.48,88.48,0,8
1752273120000,1752273599000,88.48,88.48,88.48,88.48,0,8
1752273600000,1752274079000,88.48,88.48,88.48,88.48,0,8
1752274080000,1752274559000,88.48,88.48,88.48,88.48,0,8
1752274560000,1752275039000,88.48,88.48,88.48,88.48,0,8
1752275040000,1752275519000,88.48,88.48,88.48,88.48,0,8
1752275520000,1752275999000,88.48,88.48,88.48,88.48,0,8
1752276000000,1752276479000,88.48,88.48,88.48,88.48,0,8
1752276480000,1752276959000,88.48,88.48,88.48,88.48,0,8
1752276960000,1752277439000,88.48,88.48,88.48,88.48,0,8
1752277440000,1752277919000,88.48,88.48,88.48,88.48,0,8
1752277920000,1752278399000,88.48,88.48,88.48,88.48,0,8
1752440640000,1752441119000,88.179,88.228,88.179,88.228,58800000,8
1752441600000,1752442079000,88.234,88.4,88.234,88.371,26400000,8
1752444000000,1752444479000,88.177,88.398,88.177,88.398,556790000,8
1752444480000,1752444959000,88.404,88.416,88.339,88.364,523260000,8
1752444960000,1752445439000,88.364,88.374,88.312,88.345,401180000,8
1752445440000,1752445919000,88.348,88.412,88.334,88.404,350750000,8
1752445920000,1752446399000,88.406,88.445,88.406,88.429,357220000,8
1752446400000,1752446879000,88.429,88.468,88.407,88.447,279570000,8
1752446880000,1752447359000,88.444,88.473,88.426,88.467,294730000,8
1752447360000,1752447839000,88.468,88.497,88.443,88.489,410400000,8
1752447840000,1752448319000,88.488,88.491,88.443,88.472,382600000,8
1752448320000,1752448799000,88.472,88.482,88.436,88.442,355350000,8
1752448800000,1752449279000,88.441,88.441,88.38,88.394,358720000,8
1752449280000,1752449759000,88.394,88.402,88.362,88.384,427750000,8
1752449760000,1752450239000,88.384,88.442,88.384,88.432,513760000,8
1752450240000,1752450719000,88.433,88.467,88.395,88.464,440460000,8
1752450720000,1752451199000,88.465,88.495,88.458,88.459,518150000,8
1752451200000,1752451679000,88.458,88.487,88.398,88.442,1272740000,8
1752451680000,1752452159000,88.445,88.469,88.418,88.457,652330000,8
1752452160000,1752452639000,88.458,88.492,88.427,88.432,638450000,8
1752452640000,1752453119000,88.432,88.464,88.428,88.442,569150000,8
1752453120000,1752453599000,88.443,88.46,88.42,88.459,482350000,8
1752453600000,1752454079000,88.458,88.459,88.374,88.385,476820000,8
1752454080000,1752454559000,88.386,88.389,88.273,88.28,930770000,8
1752454560000,1752455039000,88.278,88.338,88.238,88.311,865760000,8
1752455040000,1752455519000,88.308,88.312,88.167,88.168,786640000,8
1752455520000,1752455999000,88.168,88.17,88.044,88.056,923090000,8
1752456000000,1752456479000,88.055,88.059,87.984,87.992,906690000,8
1752456480000,1752456959000,87.993,88.058,87.981,88.055,1111120000,8
1752456960000,1752457439000,88.054,88.068,88.011,88.061,819110000,8
1752457440000,1752457919000,88.061,88.104,88.051,88.095,808600000,8
1752457920000,1752458399000,88.097,88.103,88.069,88.096,904570000,8
1752458400000,1752458879000,88.098,88.103,88.016,88.065,661690000,8
1752458880000,1752459359000,88.066,88.105,88.05,88.105,413330000,8
1752459360000,1752459839000,88.105,88.126,88.056,88.117,402650000,8
1752459840000,1752460319000,88.117,88.139,88.105,88.126,399810000,8
1752460320000,1752460799000,88.124,88.132,88.087,88.098,453350000,8
1752460800000,1752461279000,88.097,88.138,88.096,88.125,551950000,8
1752461280000,1752461759000,88.126,88.174,88.117,88.168,285160000,8
1752461760000,1752462239000,88.17,88.172,88.139,88.157,340730000,8
1752462240000,1752462719000,88.159,88.171,88.118,88.146,341440000,8
1752462720000,1752463199000,88.149,88.162,88.124,88.132,384370000,8
1752463200000,1752463679000,88.131,88.173,88.124,88.147,357900000,8
1752463680000,1752464159000,88.148,88.17,88.144,88.152,298290000,8
1752464160000,1752464639000,88.152,88.2,88.152,88.186,297380000,8
1752464640000,1752465119000,88.187,88.22,88.111,88.176,828580000,8
1752465120000,1752465599000,88.178,88.206,88.171,88.194,710320000,8
1752465600000,1752466079000,88.194,88.205,88.142,88.142,503860000,8
1752466080000,1752466559000,88.147,88.223,88.141,88.214,496400000,8
1752466560000,1752467039000,88.213,88.214,88.168,88.191,460430000,8
1752467040000,1752467519000,88.192,88.203,88.169,88.181,490860000,8
1752467520000,1752467999000,88.183,88.198,88.128,88.128,352810000,8
1752468000000,1752468479000,88.131,88.15,88.092,88.141,594850000,8
1752468480000,1752468959000,88.143,88.181,88.133,88.162,322430000,8
1752468960000,1752469439000,88.16,88.16,88.129,88.143,501750000,8
1752469440000,1752469919000,88.141,88.214,88.139,88.196,535200000,8
1752469920000,1752470399000,88.199,88.199,88.135,88.154,454700000,8
1752470400000,1752470879000,88.153,88.212,88.144,88.211,411240000,8
1752470880000,1752471359000,88.211,88.249,88.202,88.218,417260000,8
1752471360000,1752471839000,88.219,88.284,88.218,88.276,491720000,8
1752471840000,1752472319000,88.275,88.275,88.177,88.178,504210000,8
1752472320000,1752472799000,88.177,88.201,88.127,88.143,660010000,8
1752472800000,1752473279000,88.143,88.179,88.101,88.165,792040000,8
1752473280000,1752473759000,88.166,88.186,88.136,88.145,657440000,8
1752473760000,1752474239000,88.145,88.16,88.11,88.135,671670000,8
1752474240000,1752474719000,88.134,88.183,88.081,88.087,571660000,8
1752474720000,1752475199000,88.085,88.125,88.074,88.12,455810000,8
1752475200000,1752475679000,88.12,88.144,88.089,88.144,453400000,8
1752475680000,1752476159000,88.144,88.144,88.053,88.065,484440000,8
1752476160000,1752476639000,88.067,88.102,88.013,88.014,765540000,8
1752476640000,1752477119000,88.015,88.093,88.015,88.073,703890000,8
1752477120000,1752477599000,88.075,88.089,88.03,88.072,614880000,8
1752477600000,1752478079000,88.073,88.111,88.072,88.103,538750000,8
1752478080000,1752478559000,88.103,88.195,88.101,88.194,596750000,8
1752478560000,1752479039000,88.194,88.218,88.137,88.195,666360000,8
1752479040000,1752479519000,88.196,88.261,88.182,88.245,563890000,8
1752479520000,1752479999000,88.244,88.286,88.232,88.281,781250000,8
1752480000000,1752480479000,88.282,88.287,88.211,88.214,705280000,8
1752480480000,1752480959000,88.215,88.22,88.184,88.204,495180000,8
1752480960000,1752481439000,88.201,88.233,88.197,88.228,385530000,8
1752481440000,1752481919000,88.226,88.247,88.218,88.247,426920000,8
1752481920000,1752482399000,88.25,88.255,88.218,88.255,306320000,8
1752482400000,1752482879000,88.254,88.256,88.198,88.198,319350000,8
1752482880000,1752483359000,88.198,88.218,88.179,88.191,494840000,8
1752483360000,1752483839000,88.192,88.224,88.175,88.198,625530000,8
1752483840000,1752484319000,88.197,88.222,88.182,88.208,385200000,8
1752484320000,1752484799000,88.208,88.224,88.191,88.222,426000000,8
1752484800000,1752485279000,88.224,88.235,88.192,88.197,344290000,8
1752485280000,1752485759000,88.2,88.218,88.194,88.21,418430000,8
1752485760000,1752486239000,88.21,88.223,88.191,88.214,256250000,8
1752486240000,1752486719000,88.216,88.244,88.206,88.224,260400000,8
1752486720000,1752487199000,88.224,88.232,88.2,88.23,448220000,8
1752487200000,1752487679000,88.23,88.25,88.223,88.233,435590000,8
1752487680000,1752488159000,88.233,88.239,88.213,88.225,323270000,8
1752488160000,1752488639000,88.224,88.24,88.211,88.237,347800000,8
1752488640000,1752489119000,88.239,88.265,88.236,88.246,278740000,8
1752489120000,1752489599000,88.247,88.28,88.228,88.247,333460000,8
1752489600000,1752490079000,88.247,88.248,88.206,88.218,339840000,8
1752490080000,1752490559000,88.217,88.222,88.19,88.216,323020000,8
1752490560000,1752491039000,88.219,88.244,88.207,88.237,492030000,8
1752491040000,1752491519000,88.238,88.27,88.225,88.263,362850000,8
1752491520000,1752491999000,88.263,88.297,88.258,88.279,331680000,8
1752492000000,1752492479000,88.279,88.284,88.256,88.263,278100000,8
1752492480000,1752492959000,88.263,88.265,88.225,88.244,315630000,8
1752492960000,1752493439000,88.246,88.303,88.244,88.288,350000000,8
1752493440000,1752493919000,88.29,88.324,88.284,88.314,551030000,8
1752493920000,1752494399000,88.314,88.326,88.279,88.291,572970000,8
1752494400000,1752494879000,88.29,88.292,88.256,88.27,453080000,8
1752494880000,1752495359000,88.27,88.274,88.217,88.227,366960000,8
1752495360000,1752495839000,88.228,88.247,88.203,88.234,551610000,8
1752495840000,1752496319000,88.233,88.245,88.205,88.211,538810000,8
1752496320000,1752496799000,88.209,88.21,88.139,88.176,700140000,8
1752496800000,1752497279000,88.176,88.2,88.161,88.183,716670000,8
1752497280000,1752497759000,88.183,88.201,88.163,88.185,395750000,8
1752497760000,1752498239000,88.185,88.204,88.174,88.196,544350000,8
1752498240000,1752498719000,88.196,88.196,88.155,88.175,543640000,8
1752498720000,1752499199000,88.172,88.197,88.161,88.174,496840000,8
1752499200000,1752499679000,88.175,88.209,88.175,88.198,363610000,8
1752499680000,1752500159000,88.199,88.211,88.171,88.192,1015800000,8
1752500160000,1752500639000,88.191,88.222,88.149,88.175,917010000,8
1752500640000,1752501119000,88.175,88.218,88.165,88.218,774240000,8
1752501120000,1752501599000,88.218,88.23,88.198,88.207,776070000,8
1752501600000,1752502079000,88.21,88.214,88.16,88.193,681970000,8
1752502080000,1752502559000,88.194,88.199,88.154,88.159,619970000,8
1752502560000,1752503039000,88.162,88.198,88.16,88.179,556870000,8
1752503040000,1752503519000,88.179,88.181,88.154,88.16,683840000,8
1752503520000,1752503999000,88.16,88.169,88.137,88.142,506870000,8
1752504000000,1752504479000,88.142,88.164,88.127,88.139,584960000,8
1752504480000,1752504959000,88.138,88.163,88.123,88.152,583300000,8
1752504960000,1752505439000,88.148,88.211,88.141,88.193,1208740000,8
1752505440000,1752505919000,88.196,88.231,88.187,88.224,649990000,8
1752505920000,1752506399000,88.224,88.232,88.197,88.218,650820000,8
1752506400000,1752506879000,88.216,88.233,88.205,88.228,520110000,8
1752506880000,1752507359000,88.228,88.262,88.227,88.252,777480000,8
1752507360000,1752507839000,88.254,88.303,88.246,88.301,658930000,8
1752507840000,1752508319000,88.301,88.301,88.22,88.236,489900000,8
1752508320000,1752508799000,88.237,88.245,88.185,88.19,865160000,8
1752508800000,1752509279000,88.189,88.23,88.182,88.198,1093030000,8
1752509280000,1752509759000,88.196,88.211,88.182,88.184,797280000,8
1752509760000,1752510239000,88.183,88.192,88.164,88.174,644590000,8
1752510240000,1752510719000,88.174,88.224,88.164,88.196,530800000,8
1752510720000,1752511199000,88.194,88.222,88.192,88.194,414400000,8
1752511200000,1752511679000,88.196,88.224,88.177,88.211,547900000,8
1752511680000,1752512159000,88.212,88.242,88.211,88.232,583910000,8
1752512160000,1752512639000,88.232,88.273,88.213,88.273,565440000,8
1752512640000,1752513119000,88.273,88.274,88.251,88.262,407700000,8
1752513120000,1752513599000,88.262,88.27,88.25,88.26,282370000,8
1752513600000,1752514079000,88.26,88.281,88.255,88.278,306690000,8
1752514080000,1752514559000,88.277,88.277,88.23,88.231,259850000,8
1752514560000,1752515039000,88.229,88.237,88.215,88.222,215320000,8
1752515040000,1752515519000,88.221,88.247,88.205,88.246,291990000,8
1752515520000,1752515999000,88.246,88.247,88.213,88.233,253440000,8
1752516000000,1752516479000,88.233,88.261,88.232,88.25,236060000,8
1752516480000,1752516959000,88.249,88.26,88.23,88.24,220870000,8
1752516960000,1752517439000,88.244,88.257,88.238,88.249,251850000,8
1752517440000,1752517919000,88.246,88.274,88.242,88.269,225600000,8
1752517920000,1752518399000,88.269,88.296,88.268,88.296,271140000,8
1752518400000,1752518879000,88.295,88.307,88.284,88.289,191520000,8
1752518880000,1752519359000,88.29,88.293,88.275,88.286,260040000,8
1752519360000,1752519839000,88.285,88.311,88.268,88.299,498040000,8
1752519840000,1752520319000,88.3,88.303,88.271,88.276,151830000,8
1752520320000,1752520799000,88.275,88.276,88.25,88.26,148950000,8
1752520800000,1752521279000,88.259,88.259,88.236,88.248,97140000,8
1752521280000,1752521759000,88.248,88.248,88.229,88.235,152040000,8
1752521760000,1752522239000,88.236,88.256,88.231,88.236,187350000,8
1752522240000,1752522719000,88.238,88.269,88.236,88.265,170460000,8
1752522720000,1752523199000,88.263,88.267,88.243,88.25,350670000,8
1752523200000,1752523679000,88.253,88.272,88.248,88.255,202490000,8
1752523680000,1752524159000,88.263,88.279,88.263,88.268,91440000,8
1752524160000,1752524639000,88.268,88.27,88.259,88.263,68300000,8
1752524640000,1752525119000,88.264,88.264,88.237,88.239,91000000,8
1752525120000,1752525599000,88.241,88.257,88.24,88.242,67740000,8
1752525600000,1752526079000,88.242,88.265,88.242,88.255,101580000,8
1752526080000,1752526559000,88.256,88.264,88.231,88.241,134880000,8
1752526560000,1752527039000,88.243,88.243,88.112,88.112,142160000,8
1752527040000,1752527519000,88.092,88.141,88.092,88.137,72670000,8
1752527520000,1752527999000,88.139,88.222,88.117,88.194,68700000,8
1752528000000,1752528479000,88.194,88.215,88.173,88.214,110850000,8
1752528480000,1752528959000,88.212,88.24,88.192,88.192,174150000,8
1752528960000,1752529439000,88.192,88.192,88.183,88.185,193200000,8
1752529440000,1752529919000,88.187,88.187,88.167,88.179,108960000,8
1752529920000,1752530399000,88.177,88.189,88.17,88.171,120300000,8
1752530400000,1752530879000,88.174,88.222,88.159,88.218,169400000,8
1752530880000,1752531359000,88.217,88.244,88.217,88.233,215830000,8
1752531360000,1752531839000,88.231,88.242,88.225,88.237,756990000,8
1752531840000,1752532319000,88.237,88.241,88.22,88.234,356160000,8
1752532320000,1752532799000,88.236,88.255,88.218,88.24,110550000,8
1752532800000,1752533279000,88.241,88.249,88.23,88.242,201600000,8
1752533280000,1752533759000,88.243,88.266,88.242,88.247,189520000,8
1752533760000,1752534239000,88.246,88.262,88.237,88.262,139600000,8
1752534240000,1752534719000,88.264,88.288,88.246,88.27,213830000,8
1752534720000,1752535199000,88.271,88.297,88.271,88.278,174220000,8
1752535200000,1752535679000,88.275,88.285,88.263,88.266,113620000,8
1752535680000,1752536159000,88.269,88.269,88.248,88.267,135050000,8
1752536160000,1752536639000,88.265,88.276,88.243,88.253,154410000,8
1752536640000,1752537119000,88.253,88.257,88.231,88.25,165210000,8
1752537120000,1752537599000,88.252,88.267,88.232,88.232,242940000,8
1752537600000,1752538079000,88.23,88.314,88.22,88.31,625350000,8
1752538080000,1752538559000,88.311,88.372,88.302,88.368,469950000,8
1752538560000,1752539039000,88.364,88.366,88.276,88.289,487360000,8
1752539040000,1752539519000,88.29,88.296,88.248,88.259,353000000,8
1752539520000,1752539999000,88.259,88.274,88.229,88.274,388570000,8
1752540000000,1752540479000,88.274,88.287,88.215,88.232,449940000,8
1752540480000,1752540959000,88.231,88.267,88.219,88.24,832100000,8
1752540960000,1752541439000,88.241,88.267,88.219,88.246,691930000,8
1752541440000,1752541919000,88.246,88.265,88.205,88.254,425860000,8
1752541920000,1752542399000,88.255,88.26,88.225,88.237,400290000,8
1752542400000,1752542879000,88.239,88.26,88.232,88.236,459720000,8
1752542880000,1752543359000,88.237,88.29,88.228,88.258,490360000,8
1752543360000,1752543839000,88.259,88.293,88.257,88.267,226710000,8
1752543840000,1752544319000,88.269,88.414,88.267,88.409,833660000,8
1752544320000,1752544799000,88.407,88.445,88.389,88.392,553240000,8
1752544800000,1752545279000,88.394,88.425,88.346,88.385,640720000,8
1752545280000,1752545759000,88.384,88.393,88.333,88.334,567390000,8
1752545760000,1752546239000,88.333,88.339,88.258,88.286,599280000,8
1752546240000,1752546719000,88.284,88.341,88.274,88.305,508250000,8
1752546720000,1752547199000,88.305,88.326,88.3,88.3,384360000,8
1752547200000,1752547679000,88.3,88.31,88.233,88.24,344550000,8
1752547680000,1752548159000,88.241,88.273,88.234,88.246,419820000,8
1752548160000,1752548639000,88.244,88.245,88.198,88.202,361350000,8
1752548640000,1752549119000,88.201,88.221,88.193,88.216,329040000,8
1752549120000,1752549599000,88.214,88.222,88.195,88.217,348180000,8
1752549600000,1752550079000,88.216,88.228,88.203,88.213,416470000,8
1752550080000,1752550559000,88.217,88.262,88.213,88.252,343380000,8
1752550560000,1752551039000,88.254,88.272,88.251,88.261,299220000,8
1752551040000,1752551519000,88.262,88.265,88.246,88.249,184590000,8
1752551520000,1752551999000,88.247,88.279,88.247,88.264,275010000,8
1752552000000,1752552479000,88.265,88.296,88.264,88.267,308460000,8
1752552480000,1752552959000,88.267,88.271,88.249,88.255,308150000,8
1752552960000,1752553439000,88.254,88.27,88.246,88.256,236380000,8
1752553440000,1752553919000,88.257,88.276,88.254,88.259,244570000,8
1752553920000,1752554399000,88.256,88.272,88.24,88.266,312100000,8
1752554400000,1752554879000,88.268,88.27,88.234,88.255,341100000,8
1752554880000,1752555359000,88.255,88.263,88.245,88.249,174850000,8
1752555360000,1752555839000,88.249,88.269,88.234,88.252,296390000,8
1752555840000,1752556319000,88.254,88.268,88.247,88.261,314210000,8
1752556320000,1752556799000,88.262,88.278,88.253,88.273,271800000,8
1752556800000,1752557279000,88.275,88.298,88.272,88.278,269460000,8
1752557280000,1752557759000,88.279,88.305,88.27,88.304,352840000,8
1752557760000,1752558239000,88.302,88.311,88.28,88.293,267390000,8
1752558240000,1752558719000,88.295,88.301,88.268,88.269,259960000,8
1752558720000,1752559199000,88.275,88.31,88.265,88.288,484950000,8
1752559200000,1752559679000,88.287,88.332,88.276,88.318,497590000,8
1752559680000,1752560159000,88.318,88.329,88.305,88.323,411400000,8
1752560160000,1752560639000,88.322,88.34,88.304,88.324,367830000,8
1752560640000,1752561119000,88.325,88.358,88.317,88.355,465910000,8
1752561120000,1752561599000,88.356,88.388,88.353,88.38,433590000,8
1752561600000,1752562079000,88.382,88.393,88.358,88.377,289860000,8
1752562080000,1752562559000,88.379,88.388,88.359,88.368,342520000,8
1752562560000,1752563039000,88.371,88.392,88.332,88.356,568350000,8
1752563040000,1752563519000,88.357,88.39,88.339,88.383,398440000,8
1752563520000,1752563999000,88.381,88.407,88.369,88.406,421830000,8
1752564000000,1752564479000,88.408,88.42,88.39,88.41,523470000,8
1752564480000,1752564959000,88.412,88.455,88.399,88.426,550940000,8
1752564960000,1752565439000,88.426,88.488,88.426,88.478,464900000,8
1752565440000,1752565919000,88.479,88.488,88.458,88.482,491400000,8
1752565920000,1752566399000,88.48,88.552,88.475,88.55,496110000,8
1752566400000,1752566879000,88.549,88.59,88.52,88.575,458750000,8
1752566880000,1752567359000,88.574,88.614,88.563,88.584,342240000,8
1752567360000,1752567839000,88.584,88.603,88.566,88.578,396060000,8
1752567840000,1752568319000,88.581,88.61,88.575,88.581,372480000,8
1752568320000,1752568799000,88.58,88.584,88.501,88.501,452290000,8
1752568800000,1752569279000,88.498,88.528,88.496,88.519,365850000,8
1752569280000,1752569759000,88.52,88.537,88.502,88.521,255000000,8
1752569760000,1752570239000,88.522,88.553,88.519,88.523,296410000,8
1752570240000,1752570719000,88.522,88.539,88.504,88.516,377920000,8
1752570720000,1752571199000,88.517,88.541,88.503,88.516,326280000,8
1752571200000,1752571679000,88.514,88.516,88.488,88.504,231460000,8
1752571680000,1752572159000,88.505,88.545,88.502,88.515,361520000,8
1752572160000,1752572639000,88.517,88.58,88.515,88.545,482670000,8
1752572640000,1752573119000,88.545,88.612,88.541,88.588,451540000,8
1752573120000,1752573599000,88.589,88.592,88.559,88.575,408210000,8
1752573600000,1752574079000,88.575,88.603,88.567,88.596,331790000,8
1752574080000,1752574559000,88.598,88.616,88.587,88.597,292650000,8
1752574560000,1752575039000,88.597,88.636,88.59,88.632,353650000,8
1752575040000,1752575519000,88.634,88.653,88.627,88.653,328360000,8
1752575520000,1752575999000,88.653,88.653,88.626,88.636,243570000,8
1752576000000,1752576479000,88.636,88.659,88.626,88.645,347790000,8
1752576480000,1752576959000,88.646,88.668,88.644,88.651,314590000,8
1752576960000,1752577439000,88.651,88.66,88.637,88.651,426000000,8
1752577440000,1752577919000,88.651,88.653,88.617,88.622,459600000,8
1752577920000,1752578399000,88.623,88.667,88.615,88.659,359970000,8
1752578400000,1752578879000,88.658,88.677,88.643,88.645,383170000,8
1752578880000,1752579359000,88.646,88.657,88.635,88.644,332160000,8
1752579360000,1752579839000,88.644,88.654,88.627,88.647,258520000,8
1752579840000,1752580319000,88.645,88.66,88.631,88.645,288200000,8
1752580320000,1752580799000,88.645,88.648,88.609,88.633,414510000,8
1752580800000,1752581279000,88.633,88.638,88.599,88.622,589350000,8
1752581280000,1752581759000,88.621,88.655,88.603,88.649,418250000,8
1752581760000,1752582239000,88.648,88.687,88.622,88.671,530830000,8
1752582240000,1752582719000,88.67,88.735,88.57,88.735,1575510000,8
1752582720000,1752583199000,88.73,88.758,88.69,88.706,2820500000,8
1752583200000,1752583679000,88.707,88.769,88.674,88.732,1510180000,8
1752583680000,1752584159000,88.733,88.757,88.675,88.723,1426400000,8
1752584160000,1752584639000,88.726,88.756,88.714,88.753,1430310000,8
1752584640000,1752585119000,88.754,88.792,88.733,88.78,1280640000,8
1752585120000,1752585599000,88.782,88.867,88.775,88.858,1036110000,8
1752585600000,1752586079000,88.854,88.879,88.839,88.877,964070000,8
1752586080000,1752586559000,88.876,88.9,88.752,88.761,1791330000,8
1752586560000,1752587039000,88.761,88.765,88.671,88.688,1878610000,8
1752587040000,1752587519000,88.687,88.716,88.644,88.678,1733300000,8
1752587520000,1752587999000,88.676,88.73,88.661,88.683,1419430000,8
1752588000000,1752588479000,88.682,88.717,88.637,88.649,2457640000,8
1752588480000,1752588959000,88.65,88.695,88.623,88.692,1797920000,8
1752588960000,1752589439000,88.691,88.714,88.663,88.707,1479000000,8
1752589440000,1752589919000,88.707,88.714,88.649,88.659,1381740000,8
1752589920000,1752590399000,88.658,88.677,88.62,88.664,1250100000,8
1752590400000,1752590879000,88.662,88.68,88.616,88.643,915670000,8
1752590880000,1752591359000,88.646,88.654,88.514,88.543,1096380000,8
1752591360000,1752591839000,88.542,88.566,88.505,88.507,1273250000,8
1752591840000,1752592319000,88.508,88.522,88.473,88.505,1002840000,8
1752592320000,1752592799000,88.506,88.507,88.473,88.482,849520000,8
1752592800000,1752593279000,88.482,88.521,88.478,88.521,886040000,8
1752593280000,1752593759000,88.519,88.537,88.491,88.504,891670000,8
1752593760000,1752594239000,88.503,88.523,88.465,88.509,805270000,8
1752594240000,1752594719000,88.51,88.541,88.485,88.541,751330000,8
1752594720000,1752595199000,88.54,88.541,88.489,88.495,934890000,8
1752595200000,1752595679000,88.493,88.516,88.483,88.499,898960000,8
1752595680000,1752596159000,88.499,88.511,88.47,88.511,566490000,8
1752596160000,1752596639000,88.51,88.522,88.48,88.494,783020000,8
1752596640000,1752597119000,88.493,88.498,88.465,88.469,616500000,8
1752597120000,1752597599000,88.471,88.474,88.435,88.464,750870000,8
1752597600000,1752598079000,88.461,88.491,88.452,88.478,560220000,8
1752598080000,1752598559000,88.481,88.513,88.478,88.496,445860000,8
1752598560000,1752599039000,88.495,88.5,88.461,88.495,818160000,8
1752599040000,1752599519000,88.496,88.522,88.487,88.498,572340000,8
1752599520000,1752599999000,88.502,88.509,88.478,88.506,349540000,8
1752600000000,1752600479000,88.507,88.532,88.504,88.523,454570000,8
1752600480000,1752600959000,88.524,88.55,88.519,88.544,405250000,8
1752600960000,1752601439000,88.543,88.552,88.52,88.522,432740000,8
1752601440000,1752601919000,88.521,88.548,88.518,88.543,451030000,8
1752601920000,1752602399000,88.545,88.545,88.517,88.533,426150000,8
1752602400000,1752602879000,88.531,88.55,88.514,88.544,439860000,8
1752602880000,1752603359000,88.542,88.561,88.536,88.557,464160000,8
1752603360000,1752603839000,88.556,88.56,88.527,88.536,399820000,8
1752603840000,1752604319000,88.537,88.554,88.53,88.551,237060000,8
1752604320000,1752604799000,88.552,88.564,88.545,88.564,254070000,8
1752604800000,1752605279000,88.568,88.579,88.56,88.577,366050000,8
1752605280000,1752605759000,88.577,88.579,88.535,88.535,290170000,8
1752605760000,1752606239000,88.535,88.537,88.494,88.513,604740000,8
1752606240000,1752606719000,88.515,88.548,88.513,88.548,256040000,8
1752606720000,1752607199000,88.551,88.555,88.505,88.524,159870000,8
1752607200000,1752607679000,88.526,88.536,88.505,88.513,136200000,8
1752607680000,1752608159000,88.515,88.525,88.505,88.51,134730000,8
1752608160000,1752608639000,88.508,88.533,88.508,88.529,149730000,8
1752608640000,1752609119000,88.53,88.533,88.508,88.508,190110000,8
1752609120000,1752609599000,88.508,88.508,88.44,88.451,528930000,8
1752609600000,1752610079000,88.449,88.47,88.444,88.465,191200000,8
1752610080000,1752610559000,88.464,88.465,88.439,88.441,145950000,8
1752610560000,1752611039000,88.441,88.445,88.429,88.429,126220000,8
1752611040000,1752611519000,88.43,88.437,88.423,88.437,73200000,8
1752611520000,1752611999000,88.435,88.452,88.435,88.442,160560000,8
1752612000000,1752612479000,88.443,88.443,88.424,88.433,127860000,8
1752612480000,1752612959000,88.433,88.465,88.43,88.461,380800000,8
1752612960000,1752613439000,88.46,88.484,88.448,88.45,226760000,8
1752613440000,1752613919000,88.452,88.465,88.444,88.458,86700000,8
1752613920000,1752614399000,88.454,88.505,88.443,88.466,77840000,8
1752614400000,1752614879000,88.468,88.486,88.449,88.486,71100000,8
1752614880000,1752615359000,88.484,88.509,88.483,88.5,68250000,8
1752615360000,1752615839000,88.49,88.526,88.48,88.482,109020000,8
1752615840000,1752616319000,88.496,88.497,88.467,88.477,130350000,8
1752616320000,1752616799000,88.476,88.509,88.474,88.488,188880000,8
1752616800000,1752617279000,88.484,88.524,88.468,88.522,101680000,8
1752617280000,1752617759000,88.522,88.522,88.497,88.501,213070000,8
1752617760000,1752618239000,88.501,88.507,88.492,88.497,81200000,8
1752618240000,1752618719000,88.498,88.525,88.494,88.515,137360000,8
1752618720000,1752619199000,88.515,88.515,88.489,88.504,97330000,8
1752619200000,1752619679000,88.503,88.519,88.498,88.517,129670000,8
1752619680000,1752620159000,88.514,88.529,88.501,88.519,156840000,8
1752620160000,1752620639000,88.519,88.552,88.519,88.552,223230000,8
1752620640000,1752621119000,88.553,88.571,88.538,88.552,142950000,8
1752621120000,1752621599000,88.551,88.564,88.536,88.553,129000000,8
1752621600000,1752622079000,88.551,88.58,88.543,88.568,295610000,8
1752622080000,1752622559000,88.569,88.6,88.561,88.562,249580000,8
1752622560000,1752623039000,88.561,88.565,88.536,88.558,331120000,8
1752623040000,1752623519000,88.557,88.611,88.544,88.59,339320000,8
1752623520000,1752623999000,88.596,88.598,88.542,88.584,324030000,8
1752624000000,1752624479000,88.585,88.62,88.551,88.614,798700000,8
1752624480000,1752624959000,88.616,88.627,88.595,88.61,466520000,8
1752624960000,1752625439000,88.607,88.661,88.599,88.654,398190000,8
1752625440000,1752625919000,88.655,88.694,88.651,88.685,427370000,8
1752625920000,1752626399000,88.688,88.761,88.681,88.76,575800000,8
1752626400000,1752626879000,88.758,88.779,88.732,88.779,636750000,8
1752626880000,1752627359000,88.78,88.844,88.778,88.836,952180000,8
1752627360000,1752627839000,88.835,88.839,88.79,88.803,915660000,8
1752627840000,1752628319000,88.803,88.803,88.75,88.765,399980000,8
1752628320000,1752628799000,88.765,88.792,88.72,88.723,494190000,8
1752628800000,1752629279000,88.72,88.758,88.704,88.706,481360000,8
1752629280000,1752629759000,88.707,88.714,88.648,88.648,564880000,8
1752629760000,1752630239000,88.65,88.653,88.595,88.599,469040000,8
1752630240000,1752630719000,88.601,88.619,88.574,88.592,438820000,8
1752630720000,1752631199000,88.593,88.623,88.578,88.607,490830000,8
1752631200000,1752631679000,88.608,88.61,88.572,88.603,464570000,8
1752631680000,1752632159000,88.603,88.612,88.551,88.58,404310000,8
1752632160000,1752632639000,88.578,88.6,88.569,88.6,368590000,8
1752632640000,1752633119000,88.602,88.623,88.59,88.616,338850000,8
1752633120000,1752633599000,88.615,88.628,88.579,88.585,271560000,8
1752633600000,1752634079000,88.588,88.588,88.527,88.527,343660000,8
1752634080000,1752634559000,88.523,88.547,88.517,88.53,254090000,8
1752634560000,1752635039000,88.529,88.581,88.526,88.568,322720000,8
1752635040000,1752635519000,88.57,88.595,88.57,88.585,225560000,8
1752635520000,1752635999000,88.585,88.61,88.576,88.61,233020000,8
1752636000000,1752636479000,88.609,88.609,88.574,88.586,227040000,8
1752636480000,1752636959000,88.586,88.592,88.568,88.581,291570000,8
1752636960000,1752637439000,88.576,88.611,88.566,88.611,301560000,8
1752637440000,1752637919000,88.613,88.631,88.598,88.625,539920000,8
1752637920000,1752638399000,88.623,88.639,88.607,88.612,357950000,8
1752638400000,1752638879000,88.613,88.65,88.599,88.649,263010000,8
1752638880000,1752639359000,88.65,88.673,88.63,88.639,360220000,8
1752639360000,1752639839000,88.641,88.684,88.635,88.669,252070000,8
1752639840000,1752640319000,88.67,88.708,88.659,88.704,310320000,8
1752640320000,1752640799000,88.705,88.716,88.646,88.646,349340000,8
1752640800000,1752641279000,88.648,88.655,88.602,88.623,278920000,8
1752641280000,1752641759000,88.629,88.632,88.579,88.596,292050000,8
1752641760000,1752642239000,88.598,88.631,88.577,88.584,448080000,8
1752642240000,1752642719000,88.584,88.62,88.577,88.613,295960000,8
1752642720000,1752643199000,88.612,88.613,88.57,88.577,231070000,8
1752643200000,1752643679000,88.579,88.59,88.541,88.563,376050000,8
1752643680000,1752644159000,88.563,88.589,88.55,88.567,398500000,8
1752644160000,1752644639000,88.567,88.579,88.555,88.574,333180000,8
1752644640000,1752645119000,88.574,88.581,88.532,88.566,422970000,8
1752645120000,1752645599000,88.568,88.569,88.53,88.539,364990000,8
1752645600000,1752646079000,88.54,88.604,88.531,88.547,867950000,8
1752646080000,1752646559000,88.545,88.564,88.531,88.542,459890000,8
1752646560000,1752647039000,88.54,88.565,88.505,88.526,492220000,8
1752647040000,1752647519000,88.526,88.541,88.495,88.529,447210000,8
1752647520000,1752647999000,88.529,88.529,88.487,88.506,419630000,8
1752648000000,1752648479000,88.507,88.537,88.48,88.481,641070000,8
1752648480000,1752648959000,88.482,88.485,88.452,88.457,311570000,8
1752648960000,1752649439000,88.456,88.487,88.447,88.458,670800000,8
1752649440000,1752649919000,88.459,88.463,88.412,88.426,496620000,8
1752649920000,1752650399000,88.425,88.476,88.419,88.475,507420000,8
1752650400000,1752650879000,88.475,88.488,88.44,88.46,498290000,8
1752650880000,1752651359000,88.46,88.504,88.458,88.496,453540000,8
1752651360000,1752651839000,88.494,88.501,88.464,88.475,518610000,8
1752651840000,1752652319000,88.475,88.508,88.475,88.484,550280000,8
1752652320000,1752652799000,88.482,88.533,88.477,88.528,615960000,8
1752652800000,1752653279000,88.528,88.543,88.479,88.483,616630000,8
1752653280000,1752653759000,88.485,88.485,88.435,88.452,522020000,8
1752653760000,1752654239000,88.452,88.471,88.441,88.448,510940000,8
1752654240000,1752654719000,88.447,88.496,88.447,88.481,444920000,8
1752654720000,1752655199000,88.48,88.483,88.437,88.469,316000000,8
1752655200000,1752655679000,88.466,88.489,88.422,88.43,234270000,8
1752655680000,1752656159000,88.429,88.443,88.401,88.443,337450000,8
1752656160000,1752656639000,88.442,88.463,88.404,88.41,363770000,8
1752656640000,1752657119000,88.412,88.415,88.387,88.387,384020000,8
1752657120000,1752657599000,88.387,88.392,88.355,88.391,355440000,8
1752657600000,1752658079000,88.389,88.389,88.337,88.346,367350000,8
1752658080000,1752658559000,88.343,88.343,88.299,88.302,393570000,8
1752658560000,1752659039000,88.303,88.32,88.291,88.294,332550000,8
1752659040000,1752659519000,88.292,88.308,88.278,88.305,352800000,8
1752659520000,1752659999000,88.302,88.361,88.285,88.361,590910000,8
1752660000000,1752660479000,88.362,88.373,88.312,88.325,471810000,8
1752660480000,1752660959000,88.327,88.332,88.308,88.33,448260000,8
1752660960000,1752661439000,88.327,88.332,88.307,88.315,370230000,8
1752661440000,1752661919000,88.315,88.336,88.312,88.334,342960000,8
1752661920000,1752662399000,88.334,88.371,88.331,88.351,368910000,8
1752662400000,1752662879000,88.354,88.354,88.333,88.335,243000000,8
1752662880000,1752663359000,88.335,88.393,88.334,88.393,374470000,8
1752663360000,1752663839000,88.393,88.4,88.35,88.364,239260000,8
1752663840000,1752664319000,88.36,88.364,88.328,88.334,211320000,8
1752664320000,1752664799000,88.335,88.341,88.315,88.338,329950000,8
1752664800000,1752665279000,88.338,88.387,88.338,88.359,392580000,8
1752665280000,1752665759000,88.357,88.371,88.346,88.358,344820000,8
1752665760000,1752666239000,88.359,88.359,88.313,88.32,432600000,8
1752666240000,1752666719000,88.318,88.376,88.314,88.37,360000000,8
1752666720000,1752667199000,88.371,88.391,88.356,88.386,602410000,8
1752667200000,1752667679000,88.388,88.394,88.346,88.367,648710000,8
1752667680000,1752668159000,88.366,88.373,88.342,88.348,468900000,8
1752668160000,1752668639000,88.349,88.37,88.343,88.359,420700000,8
1752668640000,1752669119000,88.359,88.36,88.275,88.326,1444510000,8
1752669120000,1752669599000,88.327,88.332,88.289,88.316,1772140000,8
1752669600000,1752670079000,88.315,88.346,88.305,88.314,1329030000,8
1752670080000,1752670559000,88.316,88.332,88.289,88.321,993120000,8
1752670560000,1752671039000,88.321,88.331,88.304,88.317,1005830000,8
1752671040000,1752671519000,88.316,88.33,88.272,88.278,827200000,8
1752671520000,1752671999000,88.279,88.298,88.261,88.293,780070000,8
1752672000000,1752672479000,88.293,88.295,88.271,88.284,875110000,8
1752672480000,1752672959000,88.286,88.294,88.234,88.249,819700000,8
1752672960000,1752673439000,88.253,88.257,88.166,88.178,1150660000,8
1752673440000,1752673919000,88.177,88.217,88.144,88.155,1144590000,8
1752673920000,1752674399000,88.153,88.17,88.114,88.122,1084280000,8
1752674400000,1752674879000,88.124,88.141,88.066,88.085,1029110000,8
1752674880000,1752675359000,88.082,88.089,88.062,88.075,839500000,8
1752675360000,1752675839000,88.074,88.074,88.032,88.048,1120560000,8
1752675840000,1752676319000,88.047,88.048,87.999,88.003,894920000,8
1752676320000,1752676799000,88.002,88.005,87.919,87.924,824980000,8
1752676800000,1752677279000,87.924,87.96,87.923,87.959,713600000,8
1752677280000,1752677759000,87.959,88.001,87.874,87.943,2302770000,8
1752677760000,1752678239000,87.94,87.991,87.901,87.98,3272960000,8
1752678240000,1752678719000,87.98,87.994,87.918,87.957,2026110000,8
1752678720000,1752679199000,87.959,87.981,87.535,87.654,4676970000,8
1752679200000,1752679679000,87.655,87.846,87.628,87.79,4961310000,8
1752679680000,1752680159000,87.791,87.837,87.659,87.721,5287250000,8
1752680160000,1752680639000,87.72,87.765,87.663,87.762,4117550000,8
1752680640000,1752681119000,87.763,87.81,87.696,87.773,3533780000,8
1752681120000,1752681599000,87.775,88.009,87.725,87.95,5875210000,8
1752681600000,1752682079000,87.95,88.046,87.934,88.027,4117080000,8
1752682080000,1752682559000,88.026,88.032,87.929,87.961,3689680000,8
1752682560000,1752683039000,87.961,87.981,87.936,87.954,2308720000,8
1752683040000,1752683519000,87.954,87.988,87.926,87.945,1987760000,8
1752683520000,1752683999000,87.947,88.04,87.928,88.018,1556200000,8
1752684000000,1752684479000,88.016,88.032,87.965,87.985,1334430000,8
1752684480000,1752684959000,87.986,88.003,87.955,87.987,1509820000,8
1752684960000,1752685439000,87.992,88.01,87.978,87.99,1085100000,8
1752685440000,1752685919000,87.992,87.998,87.962,87.984,1281620000,8
1752685920000,1752686399000,87.985,88.007,87.95,87.954,1037060000,8
1752686400000,1752686879000,87.955,87.972,87.919,87.926,1167840000,8
1752686880000,1752687359000,87.928,87.959,87.923,87.934,1047310000,8
1752687360000,1752687839000,87.935,87.947,87.924,87.928,654250000,8
1752687840000,1752688319000,87.929,87.929,87.806,87.833,1041000000,8
1752688320000,1752688799000,87.834,87.835,87.779,87.795,926330000,8
1752688800000,1752689279000,87.796,87.806,87.743,87.75,1134910000,8
1752689280000,1752689759000,87.752,87.788,87.75,87.784,747280000,8
1752689760000,1752690239000,87.785,87.802,87.762,87.802,703100000,8
1752690240000,1752690719000,87.8,87.818,87.792,87.808,459520000,8
1752690720000,1752691199000,87.807,87.839,87.806,87.828,466930000,8
1752691200000,1752691679000,87.829,87.858,87.814,87.843,439890000,8
1752691680000,1752692159000,87.841,87.842,87.826,87.836,334420000,8
1752692160000,1752692639000,87.834,87.863,87.795,87.843,1226740000,8
1752692640000,1752693119000,87.845,87.873,87.841,87.865,497740000,8
1752693120000,1752693599000,87.865,87.873,87.846,87.852,501730000,8
1752693600000,1752694079000,87.852,87.869,87.849,87.862,615150000,8
1752694080000,1752694559000,87.861,87.874,87.848,87.869,648950000,8
1752694560000,1752695039000,87.867,87.896,87.86,87.892,379790000,8
1752695040000,1752695519000,87.89,87.896,87.87,87.874,491750000,8
1752695520000,1752695999000,87.874,87.888,87.863,87.868,353590000,8
1752696000000,1752696479000,87.87,87.879,87.862,87.87,363170000,8
1752696480000,1752696959000,87.869,87.886,87.865,87.879,246440000,8
1752696960000,1752697439000,87.879,87.885,87.866,87.868,336120000,8
1752697440000,1752697919000,87.869,87.873,87.856,87.868,220220000,8
1752697920000,1752698399000,87.866,87.879,87.85,87.876,286250000,8
1752698400000,1752698879000,87.876,87.902,87.871,87.899,854120000,8
1752698880000,1752699359000,87.899,87.923,87.889,87.904,650970000,8
1752699360000,1752699839000,87.905,87.923,87.822,87.822,330130000,8
1752699840000,1752700319000,87.592,87.88,87.592,87.873,105600000,8
1752700320000,1752700799000,87.878,87.894,87.775,87.789,98250000,8
1752700800000,1752701279000,87.789,87.939,87.789,87.915,48540000,8
1752701280000,1752701759000,87.907,87.911,87.847,87.852,31320000,8
1752701760000,1752702239000,87.853,87.869,87.833,87.837,51360000,8
1752702240000,1752702719000,87.837,87.859,87.835,87.857,43080000,8
1752702720000,1752703199000,87.853,87.904,87.793,87.811,162960000,8
1752703200000,1752703679000,87.859,87.9,87.855,87.9,118000000,8
1752703680000,1752704159000,87.9,87.9,87.852,87.889,135660000,8
1752704160000,1752704639000,87.891,87.937,87.885,87.916,194400000,8
1752704640000,1752705119000,87.917,87.939,87.865,87.866,252250000,8
1752705120000,1752705599000,87.865,87.889,87.855,87.869,184860000,8
1752705600000,1752706079000,87.872,87.913,87.869,87.906,351240000,8
1752706080000,1752706559000,87.904,87.913,87.885,87.901,157440000,8
1752706560000,1752707039000,87.901,87.915,87.887,87.906,192900000,8
1752707040000,1752707519000,87.907,87.92,87.888,87.917,158640000,8
1752707520000,1752707999000,87.916,87.916,87.857,87.881,209090000,8
1752708000000,1752708479000,87.88,87.885,87.854,87.88,207000000,8
1752708480000,1752708959000,87.88,87.897,87.873,87.892,111120000,8
1752708960000,1752709439000,87.893,87.967,87.891,87.962,308760000,8
1752709440000,1752709919000,87.962,88.022,87.961,88.014,282390000,8
1752709920000,1752710399000,88.016,88.019,87.967,87.968,546480000,8
1752710400000,1752710879000,87.969,88.01,87.967,88.008,852850000,8
1752710880000,1752711359000,88.008,88.018,87.981,88.013,519280000,8
1752711360000,1752711839000,88.014,88.016,87.983,87.991,465210000,8
1752711840000,1752712319000,87.992,88.073,87.99,88.05,700320000,8
1752712320000,1752712799000,88.049,88.051,87.955,87.978,572700000,8
1752712800000,1752713279000,87.978,88.0,87.954,87.999,549980000,8
1752713280000,1752713759000,87.998,88.041,87.99,88.004,875700000,8
1752713760000,1752714239000,88.003,88.121,87.985,88.114,987770000,8
1752714240000,1752714719000,88.115,88.151,88.091,88.133,606280000,8
1752714720000,1752715199000,88.135,88.168,88.1,88.101,639410000,8
1752715200000,1752715679000,88.101,88.144,88.087,88.096,394680000,8
1752715680000,1752716159000,88.094,88.13,87.962,87.976,1484720000,8
1752716160000,1752716639000,87.974,88.012,87.952,88.012,1006710000,8
1752716640000,1752717119000,88.01,88.066,88.003,88.026,785240000,8
1752717120000,1752717599000,88.028,88.051,87.999,88.035,919260000,8
1752717600000,1752718079000,88.034,88.047,87.939,87.941,838350000,8
1752718080000,1752718559000,87.937,87.967,87.899,87.951,657790000,8
1752718560000,1752719039000,87.951,87.951,87.875,87.892,768050000,8
1752719040000,1752719519000,87.89,87.907,87.851,87.859,524310000,8
1752719520000,1752719999000,87.854,87.871,87.834,87.852,552780000,8
1752720000000,1752720479000,87.853,87.889,87.837,87.851,561670000,8
1752720480000,1752720959000,87.851,87.862,87.806,87.813,436610000,8
1752720960000,1752721439000,87.814,87.83,87.775,87.786,465540000,8
1752721440000,1752721919000,87.788,87.831,87.782,87.816,417810000,8
1752721920000,1752722399000,87.815,87.888,87.801,87.883,334020000,8
1752722400000,1752722879000,87.884,87.976,87.884,87.969,482130000,8
1752722880000,1752723359000,87.971,87.998,87.959,87.983,564610000,8
1752723360000,1752723839000,87.985,88.036,87.985,87.999,387240000,8
1752723840000,1752724319000,88.001,88.039,87.999,88.005,412920000,8
1752724320000,1752724799000,88.006,88.027,88.002,88.007,328270000,8
1752724800000,1752725279000,88.006,88.012,87.981,88.003,282360000,8
1752725280000,1752725759000,88.001,88.004,87.978,87.98,215860000,8
1752725760000,1752726239000,87.984,87.997,87.972,87.995,255150000,8
1752726240000,1752726719000,87.999,88.005,87.964,87.977,285120000,8
1752726720000,1752727199000,87.978,87.98,87.949,87.966,306440000,8
1752727200000,1752727679000,87.967,88.003,87.967,87.984,323310000,8
1752727680000,1752728159000,87.985,87.997,87.974,87.974,347060000,8
1752728160000,1752728639000,87.973,88.027,87.968,88.027,504990000,8
1752728640000,1752729119000,88.026,88.034,88.007,88.014,361290000,8
1752729120000,1752729599000,88.01,88.03,88.003,88.014,339450000,8
1752729600000,1752730079000,88.018,88.046,88.009,88.036,358390000,8
1752730080000,1752730559000,88.036,88.052,87.994,88.017,443740000,8
1752730560000,1752731039000,88.015,88.046,87.996,88.025,369000000,8
1752731040000,1752731519000,88.025,88.031,88.004,88.022,329550000,8
1752731520000,1752731999000,88.022,88.031,87.989,87.999,518450000,8
1752732000000,1752732479000,87.999,88.056,87.966,88.053,1099230000,8
1752732480000,1752732959000,88.055,88.066,87.971,87.988,846310000,8
1752732960000,1752733439000,87.989,87.993,87.952,87.975,989370000,8
1752733440000,1752733919000,87.977,88.003,87.951,87.982,864940000,8
1752733920000,1752734399000,87.98,87.996,87.943,87.977,735920000,8
1752734400000,1752734879000,87.976,87.995,87.937,87.946,496070000,8
1752734880000,1752735359000,87.948,87.963,87.918,87.924,540990000,8
1752735360000,1752735839000,87.925,87.935,87.87,87.926,839610000,8
1752735840000,1752736319000,87.925,87.938,87.883,87.921,703560000,8
1752736320000,1752736799000,87.922,87.926,87.871,87.885,666310000,8
1752736800000,1752737279000,87.884,87.899,87.87,87.873,793610000,8
1752737280000,1752737759000,87.872,87.918,87.857,87.87,435710000,8
1752737760000,1752738239000,87.87,87.948,87.866,87.945,657780000,8
1752738240000,1752738719000,87.945,87.951,87.893,87.936,459810000,8
1752738720000,1752739199000,87.938,87.972,87.929,87.967,575250000,8
1752739200000,1752739679000,87.968,87.992,87.951,87.982,535060000,8
1752739680000,1752740159000,87.98,88.025,87.968,88.025,587820000,8
1752740160000,1752740639000,88.025,88.053,88.015,88.047,560910000,8
1752740640000,1752741119000,88.048,88.064,88.033,88.047,623550000,8
1752741120000,1752741599000,88.047,88.086,88.04,88.081,369150000,8
1752741600000,1752742079000,88.086,88.104,88.069,88.071,494370000,8
1752742080000,1752742559000,88.071,88.078,88.027,88.043,552090000,8
1752742560000,1752743039000,88.044,88.046,88.014,88.017,646950000,8
1752743040000,1752743519000,88.016,88.029,87.994,88.024,379290000,8
1752743520000,1752743999000,88.023,88.061,88.015,88.044,480540000,8
1752744000000,1752744479000,88.045,88.079,88.027,88.077,430830000,8
1752744480000,1752744959000,88.074,88.108,88.071,88.098,327570000,8
1752744960000,1752745439000,88.1,88.1,88.056,88.061,303270000,8
1752745440000,1752745919000,88.062,88.067,88.039,88.05,306400000,8
1752745920000,1752746399000,88.048,88.061,88.033,88.051,413400000,8
1752746400000,1752746879000,88.053,88.06,88.039,88.056,336840000,8
1752746880000,1752747359000,88.055,88.079,88.05,88.051,395670000,8
1752747360000,1752747839000,88.053,88.057,87.992,88.009,554860000,8
1752747840000,1752748319000,88.011,88.039,88.009,88.022,404970000,8
1752748320000,1752748799000,88.022,88.031,87.991,88.009,339600000,8
1752748800000,1752749279000,88.01,88.01,87.978,87.998,257790000,8
1752749280000,1752749759000,88.002,88.002,87.948,87.963,385980000,8
1752749760000,1752750239000,87.962,87.976,87.91,87.91,398670000,8
1752750240000,1752750719000,87.91,87.942,87.908,87.928,283230000,8
1752750720000,1752751199000,87.93,87.93,87.887,87.894,356670000,8
1752751200000,1752751679000,87.893,87.938,87.881,87.936,396690000,8
1752751680000,1752752159000,87.936,87.936,87.888,87.893,334800000,8
1752752160000,1752752639000,87.893,87.901,87.871,87.876,375720000,8
1752752640000,1752753119000,87.878,87.91,87.878,87.901,444720000,8
1752753120000,1752753599000,87.903,87.913,87.882,87.9,488430000,8
1752753600000,1752754079000,87.901,87.943,87.885,87.941,689860000,8
1752754080000,1752754559000,87.942,87.959,87.935,87.958,375490000,8
1752754560000,1752755039000,87.957,87.987,87.952,87.959,572750000,8
1752755040000,1752755519000,87.961,88.063,87.911,88.007,1475190000,8
1752755520000,1752755999000,88.004,88.037,87.981,88.017,2202850000,8
1752756000000,1752756479000,88.018,88.032,88.007,88.018,1481860000,8
1752756480000,1752756959000,88.017,88.033,87.985,88.019,1217590000,8
1752756960000,1752757439000,88.02,88.023,87.981,88.014,1336910000,8
1752757440000,1752757919000,88.013,88.024,87.902,87.905,1082280000,8
1752757920000,1752758399000,87.906,87.917,87.878,87.894,1015090000,8
1752758400000,1752758879000,87.896,87.904,87.866,87.875,720360000,8
1752758880000,1752759359000,87.873,87.905,87.823,87.845,1165190000,8
1752759360000,1752759839000,87.848,87.917,87.833,87.905,637730000,8
1752759840000,1752760319000,87.903,87.969,87.901,87.954,1111590000,8
1752760320000,1752760799000,87.954,88.027,87.949,88.012,1043950000,8
1752760800000,1752761279000,88.013,88.029,87.981,87.989,958280000,8
1752761280000,1752761759000,87.99,88.002,87.959,87.978,879540000,8
1752761760000,1752762239000,87.978,87.978,87.895,87.9,826980000,8
1752762240000,1752762719000,87.899,87.915,87.848,87.857,908490000,8
1752762720000,1752763199000,87.86,87.889,87.851,87.88,752070000,8
1752763200000,1752763679000,87.88,87.954,87.88,87.952,902320000,8
1752763680000,1752764159000,87.956,87.96,87.889,87.897,881280000,8
1752764160000,1752764639000,87.895,87.964,87.895,87.958,1336980000,8
1752764640000,1752765119000,87.957,88.0,87.949,88.0,700440000,8
1752765120000,1752765599000,87.998,88.05,87.987,88.031,661200000,8
1752765600000,1752766079000,88.032,88.044,88.017,88.04,668700000,8
1752766080000,1752766559000,88.04,88.04,87.984,87.997,420370000,8
1752766560000,1752767039000,87.995,88.074,87.987,88.067,485700000,8
1752767040000,1752767519000,88.065,88.085,88.046,88.08,446840000,8
1752767520000,1752767999000,88.082,88.089,88.062,88.067,721010000,8
1752768000000,1752768479000,88.069,88.08,88.057,88.074,514040000,8
1752768480000,1752768959000,88.072,88.082,88.058,88.072,311040000,8
1752768960000,1752769439000,88.071,88.077,88.049,88.069,398400000,8
1752769440000,1752769919000,88.068,88.074,88.044,88.053,463710000,8
1752769920000,1752770399000,88.052,88.068,88.042,88.048,303010000,8
1752770400000,1752770879000,88.05,88.05,88.021,88.047,599340000,8
1752770880000,1752771359000,88.048,88.051,88.023,88.042,607400000,8
1752771360000,1752771839000,88.041,88.06,88.036,88.044,629220000,8
1752771840000,1752772319000,88.045,88.062,88.04,88.057,479100000,8
1752772320000,1752772799000,88.058,88.08,88.056,88.066,312670000,8
1752772800000,1752773279000,88.064,88.068,88.044,88.048,307640000,8
1752773280000,1752773759000,88.048,88.065,88.046,88.058,429940000,8
1752773760000,1752774239000,88.056,88.069,88.052,88.064,359760000,8
1752774240000,1752774719000,88.063,88.081,88.058,88.079,329010000,8
1752774720000,1752775199000,88.078,88.09,88.065,88.076,450190000,8
1752775200000,1752775679000,88.075,88.094,88.072,88.094,361500000,8
1752775680000,1752776159000,88.095,88.113,88.093,88.096,198140000,8
1752776160000,1752776639000,88.097,88.112,88.09,88.111,325630000,8
1752776640000,1752777119000,88.111,88.141,88.111,88.141,312150000,8
1752777120000,1752777599000,88.143,88.15,88.133,88.134,276870000,8
1752777600000,1752778079000,88.134,88.141,88.101,88.107,320450000,8
1752778080000,1752778559000,88.108,88.123,88.093,88.097,364620000,8
1752778560000,1752779039000,88.098,88.138,88.098,88.137,485830000,8
1752779040000,1752779519000,88.137,88.138,88.112,88.12,215790000,8
1752779520000,1752779999000,88.122,88.131,88.113,88.118,243480000,8
1752780000000,1752780479000,88.119,88.129,88.11,88.12,292720000,8
1752780480000,1752780959000,88.119,88.132,88.113,88.125,321420000,8
1752780960000,1752781439000,88.126,88.133,88.111,88.111,192300000,8
1752781440000,1752781919000,88.112,88.116,88.093,88.1,221390000,8
1752781920000,1752782399000,88.101,88.118,88.088,88.114,385210000,8
1752782400000,1752782879000,88.114,88.119,88.093,88.097,281700000,8
1752782880000,1752783359000,88.094,88.11,88.094,88.108,165440000,8
1752783360000,1752783839000,88.109,88.113,88.092,88.096,103410000,8
1752783840000,1752784319000,88.095,88.113,88.089,88.107,457240000,8
1752784320000,1752784799000,88.11,88.127,88.104,88.114,110040000,8
1752784800000,1752785279000,88.116,88.121,88.105,88.121,212880000,8
1752785280000,1752785759000,88.12,88.136,88.108,88.128,310080000,8
1752785760000,1752786239000,88.129,88.135,88.113,88.113,102250000,8
1752786240000,1752786719000,87.798,88.01,87.798,88.001,21900000,8
1752786720000,1752787199000,88.001,88.039,87.971,88.018,20220000,8
1752787200000,1752787679000,88.018,88.069,88.014,88.053,42960000,8
1752787680000,1752788159000,88.071,88.137,88.062,88.126,111000000,8
1752788160000,1752788639000,88.126,88.129,88.084,88.091,73530000,8
1752788640000,1752789119000,88.089,88.102,88.086,88.092,121020000,8
1752789120000,1752789599000,88.092,88.092,88.055,88.058,289020000,8
1752789600000,1752790079000,88.055,88.129,88.043,88.122,163690000,8
1752790080000,1752790559000,88.122,88.132,88.101,88.111,133800000,8
1752790560000,1752791039000,88.115,88.153,88.11,88.14,148500000,8
1752791040000,1752791519000,88.138,88.151,88.108,88.111,194700000,8
1752791520000,1752791999000,88.109,88.132,88.086,88.118,295940000,8
1752792000000,1752792479000,88.12,88.145,88.094,88.119,331850000,8
1752792480000,1752792959000,88.118,88.144,88.109,88.121,251640000,8
1752792960000,1752793439000,88.114,88.127,88.101,88.122,240910000,8
1752793440000,1752793919000,88.123,88.137,88.115,88.135,252600000,8
1752793920000,1752794399000,88.137,88.162,88.136,88.155,308700000,8
1752794400000,1752794879000,88.153,88.169,88.151,88.169,176010000,8
1752794880000,1752795359000,88.169,88.173,88.154,88.172,242610000,8
1752795360000,1752795839000,88.173,88.184,88.167,88.172,162240000,8
1752795840000,1752796319000,88.175,88.224,88.175,88.22,119640000,8
1752796320000,1752796799000,88.221,88.231,88.217,88.225,210570000,8
1752796800000,1752797279000,88.224,88.258,88.187,88.243,757760000,8
1752797280000,1752797759000,88.242,88.282,88.241,88.28,469610000,8
1752797760000,1752798239000,88.279,88.337,88.276,88.332,466350000,8
1752798240000,1752798719000,88.331,88.374,88.331,88.343,465410000,8
1752798720000,1752799199000,88.342,88.401,88.331,88.394,444540000,8
1752799200000,1752799679000,88.393,88.416,88.362,88.408,535670000,8
1752799680000,1752800159000,88.41,88.441,88.399,88.418,1015090000,8
1752800160000,1752800639000,88.416,88.491,88.403,88.479,943940000,8
1752800640000,1752801119000,88.477,88.488,88.423,88.435,591060000,8
1752801120000,1752801599000,88.436,88.494,88.42,88.481,520530000,8
1752801600000,1752802079000,88.48,88.487,88.429,88.452,600660000,8
1752802080000,1752802559000,88.453,88.498,88.437,88.473,627320000,8
1752802560000,1752803039000,88.477,88.477,88.441,88.444,478860000,8
1752803040000,1752803519000,88.443,88.473,88.424,88.461,527450000,8
1752803520000,1752803999000,88.461,88.471,88.426,88.438,528360000,8
1752804000000,1752804479000,88.439,88.476,88.423,88.424,606840000,8
1752804480000,1752804959000,88.422,88.439,88.394,88.399,563230000,8
1752804960000,1752805439000,88.398,88.409,88.364,88.406,425920000,8
1752805440000,1752805919000,88.407,88.431,88.398,88.417,347250000,8
1752805920000,1752806399000,88.418,88.486,88.407,88.483,381000000,8
1752806400000,1752806879000,88.483,88.522,88.478,88.517,346770000,8
1752806880000,1752807359000,88.517,88.531,88.498,88.514,393750000,8
1752807360000,1752807839000,88.515,88.563,88.513,88.535,538410000,8
1752807840000,1752808319000,88.534,88.556,88.531,88.543,267850000,8
1752808320000,1752808799000,88.546,88.546,88.507,88.529,297670000,8
1752808800000,1752809279000,88.528,88.579,88.524,88.576,474990000,8
1752809280000,1752809759000,88.576,88.601,88.547,88.573,535190000,8
1752809760000,1752810239000,88.572,88.602,88.569,88.581,380920000,8
1752810240000,1752810719000,88.583,88.588,88.558,88.568,380100000,8
1752810720000,1752811199000,88.568,88.575,88.517,88.533,518400000,8
1752811200000,1752811679000,88.533,88.537,88.507,88.522,468900000,8
1752811680000,1752812159000,88.521,88.538,88.496,88.503,245400000,8
1752812160000,1752812639000,88.501,88.538,88.491,88.538,387000000,8
1752812640000,1752813119000,88.535,88.536,88.513,88.525,263920000,8
1752813120000,1752813599000,88.524,88.525,88.493,88.496,316300000,8
1752813600000,1752814079000,88.494,88.505,88.477,88.49,225510000,8
1752814080000,1752814559000,88.492,88.518,88.487,88.507,254710000,8
1752814560000,1752815039000,88.507,88.525,88.479,88.484,492440000,8
1752815040000,1752815519000,88.483,88.503,88.471,88.485,443900000,8
1752815520000,1752815999000,88.486,88.498,88.472,88.478,364180000,8
1752816000000,1752816479000,88.477,88.514,88.47,88.5,427050000,8
1752816480000,1752816959000,88.499,88.52,88.492,88.499,593330000,8
1752816960000,1752817439000,88.5,88.529,88.5,88.529,348810000,8
1752817440000,1752817919000,88.53,88.538,88.511,88.511,397620000,8
1752817920000,1752818399000,88.512,88.552,88.504,88.538,481320000,8
1752818400000,1752818879000,88.532,88.536,88.482,88.499,611130000,8
1752818880000,1752819359000,88.497,88.521,88.479,88.516,382420000,8
1752819360000,1752819839000,88.516,88.536,88.502,88.529,386520000,8
1752819840000,1752820319000,88.53,88.58,88.53,88.576,353910000,8
1752820320000,1752820799000,88.576,88.609,88.56,88.584,432000000,8
1752820800000,1752821279000,88.583,88.601,88.569,88.593,429810000,8
1752821280000,1752821759000,88.591,88.624,88.588,88.599,480780000,8
1752821760000,1752822239000,88.6,88.629,88.569,88.629,622200000,8
1752822240000,1752822719000,88.63,88.633,88.575,88.578,546800000,8
1752822720000,1752823199000,88.579,88.6,88.556,88.6,558600000,8
1752823200000,1752823679000,88.602,88.615,88.588,88.611,344280000,8
1752823680000,1752824159000,88.609,88.629,88.593,88.614,474460000,8
1752824160000,1752824639000,88.612,88.668,88.602,88.636,338310000,8
1752824640000,1752825119000,88.634,88.648,88.613,88.635,336750000,8
1752825120000,1752825599000,88.635,88.675,88.634,88.661,471720000,8
1752825600000,1752826079000,88.66,88.672,88.63,88.638,796260000,8
1752826080000,1752826559000,88.638,88.668,88.63,88.655,421020000,8
1752826560000,1752827039000,88.654,88.665,88.643,88.661,360630000,8
1752827040000,1752827519000,88.661,88.663,88.628,88.631,529620000,8
1752827520000,1752827999000,88.631,88.653,88.62,88.638,573180000,8
1752828000000,1752828479000,88.641,88.651,88.604,88.606,493830000,8
1752828480000,1752828959000,88.607,88.626,88.599,88.613,396300000,8
1752828960000,1752829439000,88.61,88.653,88.604,88.63,421290000,8
1752829440000,1752829919000,88.63,88.661,88.625,88.658,366690000,8
1752829920000,1752830399000,88.658,88.698,88.658,88.684,391530000,8
1752830400000,1752830879000,88.682,88.704,88.663,88.695,330090000,8
1752830880000,1752831359000,88.696,88.706,88.688,88.69,300840000,8
1752831360000,1752831839000,88.69,88.716,88.683,88.71,246120000,8
1752831840000,1752832319000,88.711,88.724,88.702,88.705,236790000,8
1752832320000,1752832799000,88.705,88.738,88.697,88.729,253920000,8
1752832800000,1752833279000,88.73,88.735,88.652,88.653,365070000,8
1752833280000,1752833759000,88.654,88.677,88.643,88.677,279740000,8
1752833760000,1752834239000,88.678,88.691,88.627,88.633,227400000,8
1752834240000,1752834719000,88.635,88.677,88.627,88.674,220710000,8
1752834720000,1752835199000,88.674,88.692,88.664,88.671,218730000,8
1752835200000,1752835679000,88.669,88.706,88.669,88.694,248460000,8
1752835680000,1752836159000,88.696,88.734,88.696,88.709,458800000,8
1752836160000,1752836639000,88.708,88.756,88.706,88.734,532310000,8
1752836640000,1752837119000,88.735,88.77,88.73,88.732,503630000,8
1752837120000,1752837599000,88.733,88.735,88.708,88.72,368100000,8
1752837600000,1752838079000,88.72,88.741,88.714,88.726,380460000,8
1752838080000,1752838559000,88.727,88.735,88.691,88.708,488770000,8
1752838560000,1752839039000,88.708,88.72,88.682,88.692,337500000,8
1752839040000,1752839519000,88.692,88.722,88.691,88.712,368550000,8
1752839520000,1752839999000,88.709,88.728,88.704,88.72,391080000,8
1752840000000,1752840479000,88.72,88.733,88.692,88.728,533790000,8
1752840480000,1752840959000,88.73,88.758,88.705,88.741,515520000,8
1752840960000,1752841439000,88.739,88.739,88.686,88.731,524440000,8
1752841440000,1752841919000,88.729,88.76,88.708,88.728,565530000,8
1752841920000,1752842399000,88.726,88.75,88.711,88.722,537270000,8
1752842400000,1752842879000,88.72,88.736,88.695,88.717,472330000,8
1752842880000,1752843359000,88.715,88.756,88.708,88.753,535650000,8
1752843360000,1752843839000,88.752,88.757,88.688,88.747,721870000,8
1752843840000,1752844319000,88.749,88.776,88.736,88.742,466040000,8
1752844320000,1752844799000,88.745,88.786,88.736,88.782,501990000,8
1752844800000,1752845279000,88.78,88.794,88.759,88.794,899690000,8
1752845280000,1752845759000,88.796,88.802,88.764,88.776,1050660000,8
1752845760000,1752846239000,88.772,88.778,88.733,88.748,933150000,8
1752846240000,1752846719000,88.748,88.763,88.73,88.735,1085560000,8
1752846720000,1752847199000,88.735,88.752,88.716,88.75,932020000,8
1752847200000,1752847679000,88.747,88.8,88.733,88.792,1184340000,8
1752847680000,1752848159000,88.79,88.803,88.756,88.786,1045700000,8
1752848160000,1752848639000,88.788,88.789,88.754,88.763,823950000,8
1752848640000,1752849119000,88.761,88.766,88.719,88.732,862780000,8
1752849120000,1752849599000,88.733,88.763,88.688,88.724,1108600000,8
1752849600000,1752850079000,88.726,88.754,88.723,88.729,715550000,8
1752850080000,1752850559000,88.731,88.748,88.719,88.73,1061600000,8
1752850560000,1752851039000,88.733,88.749,88.713,88.744,1156130000,8
1752851040000,1752851519000,88.744,88.746,88.701,88.71,966370000,8
1752851520000,1752851999000,88.713,88.713,88.672,88.672,623430000,8
1752852000000,1752852479000,88.674,88.746,88.669,88.735,476010000,8
1752852480000,1752852959000,88.734,88.764,88.72,88.752,541600000,8
1752852960000,1752853439000,88.746,88.77,88.728,88.744,479100000,8
1752853440000,1752853919000,88.746,88.78,88.745,88.774,464520000,8
1752853920000,1752854399000,88.78,88.791,88.77,88.779,489300000,8
1752854400000,1752854879000,88.78,88.792,88.761,88.767,507240000,8
1752854880000,1752855359000,88.765,88.773,88.751,88.758,500280000,8
1752855360000,1752855839000,88.759,88.785,88.744,88.755,768900000,8
1752855840000,1752856319000,88.754,88.757,88.704,88.737,871950000,8
1752856320000,1752856799000,88.736,88.771,88.733,88.768,415350000,8
1752856800000,1752857279000,88.766,88.786,88.717,88.717,569160000,8
1752857280000,1752857759000,88.717,88.734,88.697,88.7,535470000,8
1752857760000,1752858239000,88.701,88.713,88.67,88.69,541770000,8
1752858240000,1752858719000,88.692,88.706,88.67,88.688,425010000,8
1752858720000,1752859199000,88.69,88.706,88.677,88.679,331920000,8
1752859200000,1752859679000,88.676,88.697,88.672,88.692,328680000,8
1752859680000,1752860159000,88.69,88.708,88.687,88.706,469440000,8
1752860160000,1752860639000,88.705,88.707,88.68,88.698,339450000,8
1752860640000,1752861119000,88.694,88.715,88.683,88.695,286500000,8
1752861120000,1752861599000,88.696,88.705,88.68,88.694,341880000,8
1752861600000,1752862079000,88.695,88.713,88.684,88.704,273210000,8
1752862080000,1752862559000,88.702,88.705,88.687,88.687,228600000,8
1752862560000,1752863039000,88.688,88.714,88.682,88.714,274410000,8
1752863040000,1752863519000,88.713,88.717,88.691,88.706,335700000,8
1752863520000,1752863999000,88.704,88.707,88.679,88.681,308130000,8
1752864000000,1752864479000,88.683,88.712,88.676,88.7,237000000,8
1752864480000,1752864959000,88.7,88.709,88.692,88.7,386850000,8
1752864960000,1752865439000,88.698,88.703,88.674,88.681,383790000,8
1752865440000,1752865919000,88.682,88.696,88.667,88.67,172200000,8
1752865920000,1752866399000,88.671,88.671,88.654,88.659,293400000,8
1752866400000,1752866879000,88.657,88.686,88.65,88.676,202200000,8
1752866880000,1752867359000,88.677,88.693,88.676,88.686,171660000,8
1752867360000,1752867839000,88.685,88.689,88.669,88.672,154830000,8
1752867840000,1752868319000,88.673,88.696,88.673,88.684,177300000,8
1752868320000,1752868799000,88.683,88.696,88.666,88.672,372390000,8
1752868800000,1752869279000,88.671,88.673,88.638,88.641,193050000,8
1752869280000,1752869759000,88.643,88.677,88.643,88.664,168960000,8
1752869760000,1752870239000,88.663,88.667,88.646,88.654,253020000,8
1752870240000,1752870719000,88.652,88.668,88.65,88.667,231600000,8
1752870720000,1752871199000,88.67,88.673,88.663,88.673,82080000,8
1752871200000,1752871679000,88.673,88.691,88.662,88.69,413280000,8
1752871680000,1752872159000,88.692,88.704,88.666,88.681,638160000,8
1752872160000,1752872639000,88.676,88.69,88.646,88.654,299790000,8
1752872640000,1752873119000,88.654,88.654,88.654,88.654,0,8
1752873120000,1752873599000,88.654,88.654,88.654,88.654,0,8
1752873600000,1752874079000,88.654,88.654,88.654,88.654,0,8
1752874080000,1752874559000,88.654,88.654,88.654,88.654,0,8
1752874560000,1752875039000,88.654,88.654,88.654,88.654,0,8
1752875040000,1752875519000,88.654,88.654,88.654,88.654,0,8
1752875520000,1752875999000,88.654,88.654,88.654,88.654,0,8
1752876000000,1752876479000,88.654,88.654,88.654,88.654,0,8
1752876480000,1752876959000,88.654,88.654,88.654,88.654,0,8
1752876960000,1752877439000,88.654,88.654,88.654,88.654,0,8
1752877440000,1752877919000,88.654,88.654,88.654,88.654,0,8
1752877920000,1752878399000,88.654,88.654,88.654,88.654,0,8
1752878400000,1752878879000,88.654,88.654,88.654,88.654,0,8
1752878880000,1752879359000,88.654,88.654,88.654,88.654,0,8
1752879360000,1752879839000,88.654,88.654,88.654,88.654,0,8
1752879840000,1752880319000,88.654,88.654,88.654,88.654,0,8
1752880320000,1752880799000,88.654,88.654,88.654,88.654,0,8
1752880800000,1752881279000,88.654,88.654,88.654,88.654,0,8
1752881280000,1752881759000,88.654,88.654,88.654,88.654,0,8
1752881760000,1752882239000,88.654,88.654,88.654,88.654,0,8
1752882240000,1752882719000,88.654,88.654,88.654,88.654,0,8
1752882720000,1752883199000,88.654,88.654,88.654,88.654,0,8
1753045440000,1753045919000,88.289,88.326,88.278,88.283,79050000,8
1753046880000,1753047359000,88.22,88.252,88.214,88.249,138440000,8
1753047360000,1753047839000,88.249,88.317,88.237,88.317,187300000,8
1753047840000,1753048319000,88.326,88.437,88.318,88.425,85040000,8
1753048320000,1753048799000,88.429,88.457,88.364,88.415,196500000,8
1753048800000,1753049279000,88.418,88.576,88.418,88.451,562270000,8
1753049280000,1753049759000,88.454,88.545,88.454,88.537,369900000,8
1753049760000,1753050239000,88.537,88.647,88.536,88.583,1182600000,8
1753050240000,1753050719000,88.587,88.637,88.582,88.612,323020000,8
1753050720000,1753051199000,88.61,88.614,88.567,88.61,336900000,8
1753051200000,1753051679000,88.609,88.628,88.362,88.383,681400000,8
1753051680000,1753052159000,88.386,88.389,88.294,88.343,495780000,8
1753052160000,1753052639000,88.341,88.396,88.341,88.372,605970000,8
1753052640000,1753053119000,88.382,88.399,88.364,88.398,346340000,8
1753053120000,1753053599000,88.402,88.409,88.307,88.328,373540000,8
1753053600000,1753054079000,88.332,88.34,88.261,88.262,377810000,8
1753054080000,1753054559000,88.258,88.294,88.253,88.266,420980000,8
1753054560000,1753055039000,88.265,88.333,88.265,88.317,359850000,8
1753055040000,1753055519000,88.315,88.371,88.311,88.355,357360000,8
1753055520000,1753055999000,88.352,88.354,88.314,88.353,491850000,8
1753056000000,1753056479000,88.355,88.355,88.24,88.256,746780000,8
1753056480000,1753056959000,88.254,88.304,88.254,88.275,552690000,8
1753056960000,1753057439000,88.275,88.275,88.196,88.216,575960000,8
1753057440000,1753057919000,88.218,88.218,88.154,88.154,377490000,8
1753057920000,1753058399000,88.155,88.18,88.134,88.169,445220000,8
1753058400000,1753058879000,88.169,88.181,88.113,88.137,389190000,8
1753058880000,1753059359000,88.136,88.173,88.124,88.165,509380000,8
1753059360000,1753059839000,88.163,88.22,88.148,88.22,450480000,8
1753059840000,1753060319000,88.22,88.263,88.212,88.223,406740000,8
1753060320000,1753060799000,88.224,88.263,88.217,88.263,468470000,8
1753060800000,1753061279000,88.256,88.282,88.239,88.271,394670000,8
1753061280000,1753061759000,88.27,88.305,88.263,88.3,442570000,8
1753061760000,1753062239000,88.301,88.312,88.249,88.261,540480000,8
1753062240000,1753062719000,88.257,88.287,88.196,88.261,680320000,8
1753062720000,1753063199000,88.26,88.28,88.242,88.273,475840000,8
1753063200000,1753063679000,88.272,88.273,88.243,88.261,462150000,8
1753063680000,1753064159000,88.262,88.289,88.254,88.288,434230000,8
1753064160000,1753064639000,88.288,88.29,88.259,88.269,359920000,8
1753064640000,1753065119000,88.271,88.297,88.271,88.292,312840000,8
1753065120000,1753065599000,88.29,88.316,88.288,88.3,297460000,8
1753065600000,1753066079000,88.302,88.313,88.266,88.266,255790000,8
1753066080000,1753066559000,88.267,88.293,88.244,88.284,316860000,8
1753066560000,1753067039000,88.285,88.332,88.284,88.329,411170000,8
1753067040000,1753067519000,88.329,88.377,88.329,88.374,323920000,8
1753067520000,1753067999000,88.372,88.374,88.323,88.338,300960000,8
1753068000000,1753068479000,88.339,88.354,88.327,88.332,273490000,8
1753068480000,1753068959000,88.333,88.37,88.331,88.346,242830000,8
1753068960000,1753069439000,88.349,88.357,88.322,88.351,243010000,8
1753069440000,1753069919000,88.352,88.354,88.308,88.312,335080000,8
1753069920000,1753070399000,88.309,88.333,88.304,88.327,303660000,8
1753070400000,1753070879000,88.329,88.356,88.323,88.352,405150000,8
1753070880000,1753071359000,88.353,88.361,88.341,88.344,198280000,8
1753071360000,1753071839000,88.345,88.373,88.342,88.354,152550000,8
1753071840000,1753072319000,88.353,88.364,88.348,88.351,171820000,8
1753072320000,1753072799000,88.352,88.363,88.345,88.356,152320000,8
1753072800000,1753073279000,88.354,88.371,88.34,88.351,189000000,8
1753073280000,1753073759000,88.351,88.355,88.331,88.342,192600000,8
1753073760000,1753074239000,88.342,88.376,88.331,88.347,240160000,8
1753074240000,1753074719000,88.349,88.35,88.31,88.323,291880000,8
1753074720000,1753075199000,88.325,88.335,88.309,88.311,290530000,8
1753075200000,1753075679000,88.309,88.323,88.298,88.315,209590000,8
1753075680000,1753076159000,88.317,88.349,88.317,88.345,382480000,8
1753076160000,1753076639000,88.343,88.358,88.32,88.355,250720000,8
1753076640000,1753077119000,88.355,88.359,88.311,88.333,312610000,8
1753077120000,1753077599000,88.331,88.344,88.317,88.328,346340000,8
1753077600000,1753078079000,88.329,88.354,88.286,88.29,470250000,8
1753078080000,1753078559000,88.291,88.304,88.249,88.249,482160000,8
1753078560000,1753079039000,88.25,88.28,88.226,88.261,448180000,8
1753079040000,1753079519000,88.264,88.264,88.181,88.19,752090000,8
1753079520000,1753079999000,88.192,88.199,88.151,88.182,879750000,8
1753080000000,1753080479000,88.182,88.217,88.171,88.182,856530000,8
1753080480000,1753080959000,88.181,88.238,88.169,88.22,710060000,8
1753080960000,1753081439000,88.219,88.302,88.203,88.298,1040940000,8
1753081440000,1753081919000,88.3,88.305,88.26,88.281,910230000,8
1753081920000,1753082399000,88.279,88.337,88.271,88.318,675830000,8
1753082400000,1753082879000,88.316,88.321,88.278,88.288,489040000,8
1753082880000,1753083359000,88.29,88.312,88.257,88.262,495590000,8
1753083360000,1753083839000,88.26,88.272,88.185,88.186,489990000,8
1753083840000,1753084319000,88.185,88.215,88.179,88.19,400130000,8
1753084320000,1753084799000,88.193,88.223,88.183,88.208,529210000,8
1753084800000,1753085279000,88.207,88.233,88.164,88.176,567050000,8
1753085280000,1753085759000,88.174,88.195,88.159,88.18,514490000,8
1753085760000,1753086239000,88.179,88.182,88.138,88.151,474520000,8
1753086240000,1753086719000,88.15,88.164,88.121,88.136,429780000,8
1753086720000,1753087199000,88.135,88.138,88.088,88.113,806070000,8
1753087200000,1753087679000,88.115,88.152,88.109,88.149,679050000,8
1753087680000,1753088159000,88.149,88.182,88.138,88.172,504670000,8
1753088160000,1753088639000,88.173,88.206,88.173,88.2,535060000,8
1753088640000,1753089119000,88.197,88.203,88.161,88.162,348640000,8
1753089120000,1753089599000,88.163,88.166,88.095,88.1,259930000,8
1753089600000,1753090079000,88.098,88.116,88.09,88.111,359970000,8
1753090080000,1753090559000,88.111,88.126,88.103,88.115,396530000,8
1753090560000,1753091039000,88.112,88.126,88.102,88.121,312600000,8
1753091040000,1753091519000,88.122,88.13,88.112,88.115,304950000,8
1753091520000,1753091999000,88.115,88.123,88.091,88.095,352760000,8
1753092000000,1753092479000,88.096,88.115,88.078,88.081,344000000,8
1753092480000,1753092959000,88.081,88.086,88.058,88.075,356630000,8
1753092960000,1753093439000,88.076,88.101,88.063,88.093,459290000,8
1753093440000,1753093919000,88.094,88.119,88.093,88.111,403800000,8
1753093920000,1753094399000,88.111,88.118,88.1,88.113,286990000,8
1753094400000,1753094879000,88.114,88.132,88.092,88.103,292920000,8
1753094880000,1753095359000,88.104,88.121,88.074,88.09,392420000,8
1753095360000,1753095839000,88.092,88.104,88.066,88.097,529580000,8
1753095840000,1753096319000,88.097,88.111,88.082,88.088,517070000,8
1753096320000,1753096799000,88.087,88.112,88.053,88.064,560290000,8
1753096800000,1753097279000,88.065,88.103,88.059,88.103,636290000,8
1753097280000,1753097759000,88.103,88.111,88.081,88.086,487890000,8
1753097760000,1753098239000,88.085,88.09,88.065,88.071,542820000,8
1753098240000,1753098719000,88.069,88.094,88.064,88.086,770200000,8
1753098720000,1753099199000,88.086,88.11,88.077,88.1,552980000,8
1753099200000,1753099679000,88.098,88.103,88.047,88.054,386210000,8
1753099680000,1753100159000,88.057,88.062,88.021,88.05,740650000,8
1753100160000,1753100639000,88.049,88.056,88.027,88.028,631380000,8
1753100640000,1753101119000,88.026,88.057,88.017,88.035,504840000,8
1753101120000,1753101599000,88.037,88.073,88.03,88.061,731070000,8
1753101600000,1753102079000,88.061,88.085,88.046,88.079,555280000,8
1753102080000,1753102559000,88.078,88.1,88.063,88.091,443150000,8
1753102560000,1753103039000,88.092,88.099,88.05,88.078,468030000,8
1753103040000,1753103519000,88.076,88.08,88.024,88.029,450440000,8
1753103520000,1753103999000,88.031,88.047,88.003,88.015,391600000,8
1753104000000,1753104479000,88.012,88.047,87.998,88.045,424610000,8
1753104480000,1753104959000,88.044,88.095,88.037,88.088,644610000,8
1753104960000,1753105439000,88.089,88.111,88.059,88.063,682580000,8
1753105440000,1753105919000,88.067,88.072,88.044,88.066,682910000,8
1753105920000,1753106399000,88.067,88.067,87.989,87.996,600660000,8
1753106400000,1753106879000,87.996,88.051,87.982,88.041,1142140000,8
1753106880000,1753107359000,88.04,88.043,88.005,88.02,925600000,8
1753107360000,1753107839000,88.02,88.042,88.012,88.033,813010000,8
1753107840000,1753108319000,88.033,88.075,88.031,88.069,456890000,8
1753108320000,1753108799000,88.068,88.092,88.058,88.092,717780000,8
1753108800000,1753109279000,88.092,88.113,88.076,88.076,641980000,8
1753109280000,1753109759000,88.074,88.102,88.043,88.049,882490000,8
1753109760000,1753110239000,88.05,88.09,88.05,88.077,1082970000,8
1753110240000,1753110719000,88.078,88.087,88.049,88.069,748470000,8
1753110720000,1753111199000,88.071,88.086,88.054,88.076,522040000,8
1753111200000,1753111679000,88.075,88.131,88.068,88.116,601060000,8
1753111680000,1753112159000,88.117,88.12,88.086,88.087,453240000,8
1753112160000,1753112639000,88.087,88.098,88.072,88.079,446820000,8
1753112640000,1753113119000,88.081,88.086,88.032,88.038,456820000,8
1753113120000,1753113599000,88.041,88.046,88.016,88.023,335790000,8
1753113600000,1753114079000,88.023,88.049,88.016,88.034,550390000,8
1753114080000,1753114559000,88.034,88.038,87.978,87.996,782290000,8
1753114560000,1753115039000,87.995,87.995,87.953,87.958,526920000,8
1753115040000,1753115519000,87.96,87.963,87.915,87.953,685700000,8
1753115520000,1753115999000,87.956,87.975,87.948,87.97,268750000,8
1753116000000,1753116479000,87.968,87.969,87.938,87.962,293130000,8
1753116480000,1753116959000,87.961,87.981,87.958,87.981,465450000,8
1753116960000,1753117439000,87.981,87.991,87.967,87.987,451550000,8
1753117440000,1753117919000,87.986,88.001,87.973,87.998,321090000,8
1753117920000,1753118399000,88.001,88.027,87.993,87.999,366570000,8
1753118400000,1753118879000,87.996,88.001,87.964,87.97,283560000,8
1753118880000,1753119359000,87.97,87.988,87.96,87.987,287400000,8
1753119360000,1753119839000,87.985,87.991,87.963,87.967,287150000,8
1753119840000,1753120319000,87.968,88.002,87.967,87.99,180030000,8
1753120320000,1753120799000,87.987,87.989,87.964,87.974,282400000,8
1753120800000,1753121279000,87.974,87.992,87.971,87.992,182830000,8
1753121280000,1753121759000,87.988,87.99,87.958,87.973,189280000,8
1753121760000,1753122239000,87.973,87.988,87.97,87.986,164640000,8
1753122240000,1753122719000,87.985,88.014,87.983,88.011,188530000,8
1753122720000,1753123199000,88.014,88.035,88.011,88.027,233760000,8
1753123200000,1753123679000,88.025,88.039,88.006,88.013,339260000,8
1753123680000,1753124159000,88.015,88.04,88.006,88.03,250170000,8
1753124160000,1753124639000,88.033,88.044,88.009,88.021,735710000,8
1753124640000,1753125119000,88.021,88.031,87.994,88.002,236590000,8
1753125120000,1753125599000,88.0,88.015,87.995,88.011,182710000,8
1753125600000,1753126079000,88.01,88.022,88.007,88.013,219540000,8
1753126080000,1753126559000,88.011,88.019,87.984,87.993,283770000,8
1753126560000,1753127039000,87.994,87.994,87.95,87.957,203170000,8
1753127040000,1753127519000,87.955,87.965,87.949,87.963,226500000,8
1753127520000,1753127999000,87.965,87.986,87.956,87.965,338550000,8
1753128000000,1753128479000,87.964,87.993,87.961,87.972,178360000,8
1753128480000,1753128959000,87.974,87.996,87.967,87.991,258820000,8
1753128960000,1753129439000,87.993,88.002,87.977,87.992,139410000,8
1753129440000,1753129919000,87.992,87.996,87.979,87.994,195930000,8
1753129920000,1753130399000,87.992,87.997,87.976,87.977,188190000,8
1753130400000,1753130879000,87.977,87.99,87.954,87.963,162690000,8
1753130880000,1753131359000,87.963,87.964,87.934,87.938,200860000,8
1753131360000,1753131839000,87.939,87.942,87.857,87.857,136370000,8
1753131840000,1753132319000,87.711,87.949,87.711,87.848,138240000,8
1753132320000,1753132799000,87.849,87.85,87.657,87.799,71460000,8
1753132800000,1753133279000,87.805,87.832,87.805,87.826,48960000,8
1753133280000,1753133759000,87.823,87.832,87.821,87.831,42940000,8
1753133760000,1753134239000,87.831,87.86,87.831,87.853,92680000,8
1753134240000,1753134719000,87.853,87.853,87.84,87.853,42040000,8
1753134720000,1753135199000,87.853,87.875,87.853,87.875,49920000,8
1753135200000,1753135679000,87.866,87.926,87.866,87.907,130680000,8
1753135680000,1753136159000,87.911,87.939,87.904,87.93,102250000,8
1753136160000,1753136639000,87.932,87.933,87.916,87.916,76360000,8
1753136640000,1753137119000,87.916,87.942,87.916,87.938,83920000,8
1753137120000,1753137599000,87.939,87.939,87.92,87.92,54600000,8
1753137600000,1753138079000,87.923,87.947,87.922,87.944,104100000,8
1753138080000,1753138559000,87.944,87.958,87.927,87.952,119160000,8
1753138560000,1753139039000,87.956,87.971,87.95,87.967,97040000,8
1753139040000,1753139519000,87.965,87.979,87.962,87.974,147600000,8
1753139520000,1753139999000,87.973,87.996,87.955,87.96,220740000,8
1753140000000,1753140479000,87.958,87.979,87.949,87.968,177640000,8
1753140480000,1753140959000,87.969,87.988,87.969,87.974,146850000,8
1753140960000,1753141439000,87.972,88.002,87.968,87.985,190140000,8
1753141440000,1753141919000,87.987,88.059,87.98,88.026,382880000,8
1753141920000,1753142399000,88.024,88.03,87.976,87.976,273210000,8
1753142400000,1753142879000,87.977,88.053,87.977,88.048,804460000,8
1753142880000,1753143359000,88.049,88.088,88.039,88.071,592250000,8
1753143360000,1753143839000,88.071,88.074,87.943,87.944,728290000,8
1753143840000,1753144319000,87.942,87.944,87.907,87.907,607720000,8
1753144320000,1753144799000,87.906,87.928,87.887,87.928,528630000,8
1753144800000,1753145279000,87.928,87.928,87.894,87.907,483560000,8
1753145280000,1753145759000,87.906,87.938,87.844,87.885,903510000,8
1753145760000,1753146239000,87.888,87.999,87.881,87.99,488630000,8
1753146240000,1753146719000,87.991,88.017,87.946,87.965,472670000,8
1753146720000,1753147199000,87.967,88.009,87.959,87.975,411960000,8
1753147200000,1753147679000,87.973,87.998,87.963,87.991,443280000,8
1753147680000,1753148159000,87.99,87.99,87.933,87.963,449590000,8
1753148160000,1753148639000,87.961,87.98,87.938,87.958,649330000,8
1753148640000,1753149119000,87.956,87.956,87.893,87.902,476070000,8
1753149120000,1753149599000,87.905,87.954,87.905,87.938,544120000,8
1753149600000,1753150079000,87.939,87.96,87.918,87.927,478800000,8
1753150080000,1753150559000,87.929,87.942,87.914,87.933,318390000,8
1753150560000,1753151039000,87.932,87.972,87.904,87.957,340570000,8
1753151040000,1753151519000,87.958,87.969,87.911,87.922,320470000,8
1753151520000,1753151999000,87.923,87.935,87.903,87.914,198660000,8
1753152000000,1753152479000,87.913,87.946,87.908,87.943,291280000,8
1753152480000,1753152959000,87.941,87.954,87.913,87.925,293780000,8
1753152960000,1753153439000,87.924,87.936,87.891,87.897,361320000,8
1753153440000,1753153919000,87.898,87.94,87.894,87.935,247020000,8
1753153920000,1753154399000,87.933,87.941,87.911,87.924,296400000,8
1753154400000,1753154879000,87.922,87.93,87.889,87.925,249000000,8
1753154880000,1753155359000,87.925,87.931,87.874,87.876,339300000,8
1753155360000,1753155839000,87.878,87.902,87.878,87.902,222090000,8
1753155840000,1753156319000,87.903,87.922,87.884,87.922,336000000,8
1753156320000,1753156799000,87.922,87.972,87.921,87.946,345520000,8
1753156800000,1753157279000,87.948,87.959,87.922,87.939,298560000,8
1753157280000,1753157759000,87.938,87.964,87.93,87.957,257310000,8
1753157760000,1753158239000,87.962,88.0,87.959,87.982,259470000,8
1753158240000,1753158719000,87.982,88.01,87.98,88.009,160830000,8
1753158720000,1753159199000,88.009,88.022,87.993,87.993,235860000,8
1753159200000,1753159679000,87.993,88.028,87.993,88.021,186220000,8
1753159680000,1753160159000,88.021,88.021,87.979,87.985,299760000,8
1753160160000,1753160639000,87.985,87.992,87.953,87.972,366000000,8
1753160640000,1753161119000,87.971,87.975,87.934,87.939,300750000,8
1753161120000,1753161599000,87.94,87.954,87.906,87.949,479640000,8
1753161600000,1753162079000,87.948,87.993,87.948,87.979,426420000,8
1753162080000,1753162559000,87.98,87.995,87.962,87.979,337020000,8
1753162560000,1753163039000,87.981,88.005,87.962,87.969,399870000,8
1753163040000,1753163519000,87.97,87.973,87.936,87.972,409560000,8
1753163520000,1753163999000,87.971,87.971,87.927,87.928,421510000,8
1753164000000,1753164479000,87.929,87.954,87.911,87.938,486740000,8
1753164480000,1753164959000,87.935,87.966,87.935,87.951,263190000,8
1753164960000,1753165439000,87.95,87.95,87.914,87.932,601290000,8
1753165440000,1753165919000,87.931,87.972,87.925,87.962,558730000,8
1753165920000,1753166399000,87.962,87.969,87.916,87.937,402010000,8
1753166400000,1753166879000,87.94,87.955,87.904,87.926,566440000,8
1753166880000,1753167359000,87.927,87.937,87.88,87.882,455100000,8
1753167360000,1753167839000,87.881,87.929,87.873,87.911,732450000,8
1753167840000,1753168319000,87.909,87.926,87.88,87.922,466360000,8
1753168320000,1753168799000,87.923,87.979,87.921,87.921,429300000,8
1753168800000,1753169279000,87.923,87.939,87.888,87.895,419550000,8
1753169280000,1753169759000,87.893,87.915,87.875,87.878,295100000,8
1753169760000,1753170239000,87.876,87.888,87.858,87.866,365160000,8
1753170240000,1753170719000,87.866,87.881,87.836,87.84,459940000,8
1753170720000,1753171199000,87.844,87.845,87.757,87.758,746060000,8
1753171200000,1753171679000,87.76,87.796,87.717,87.789,814870000,8
1753171680000,1753172159000,87.789,87.8,87.746,87.8,439050000,8
1753172160000,1753172639000,87.801,87.819,87.791,87.813,368460000,8
1753172640000,1753173119000,87.813,87.841,87.794,87.841,408720000,8
1753173120000,1753173599000,87.841,87.881,87.813,87.818,506490000,8
1753173600000,1753174079000,87.817,87.821,87.791,87.806,380560000,8
1753174080000,1753174559000,87.803,87.815,87.78,87.786,340200000,8
1753174560000,1753175039000,87.785,87.787,87.723,87.766,627830000,8
1753175040000,1753175519000,87.766,87.766,87.7,87.727,617540000,8
1753175520000,1753175999000,87.726,87.742,87.717,87.722,443290000,8
1753176000000,1753176479000,87.722,87.777,87.711,87.774,410240000,8
1753176480000,1753176959000,87.773,87.788,87.748,87.769,432600000,8
1753176960000,1753177439000,87.77,87.788,87.76,87.768,314920000,8
1753177440000,1753177919000,87.771,87.797,87.749,87.779,311140000,8
1753177920000,1753178399000,87.781,87.79,87.754,87.764,416340000,8
1753178400000,1753178879000,87.765,87.791,87.751,87.791,417140000,8
1753178880000,1753179359000,87.792,87.805,87.784,87.799,291940000,8
1753179360000,1753179839000,87.801,87.809,87.782,87.792,297810000,8
1753179840000,1753180319000,87.791,87.795,87.759,87.76,285850000,8
1753180320000,1753180799000,87.76,87.788,87.752,87.785,271000000,8
1753180800000,1753181279000,87.783,87.794,87.759,87.775,216300000,8
1753181280000,1753181759000,87.777,87.786,87.759,87.768,252420000,8
1753181760000,1753182239000,87.768,87.786,87.755,87.759,520070000,8
1753182240000,1753182719000,87.76,87.763,87.741,87.757,225760000,8
1753182720000,1753183199000,87.756,87.78,87.744,87.774,257320000,8
1753183200000,1753183679000,87.774,87.807,87.772,87.807,362670000,8
1753183680000,1753184159000,87.807,87.812,87.751,87.753,274140000,8
1753184160000,1753184639000,87.754,87.762,87.648,87.688,718130000,8
1753184640000,1753185119000,87.688,87.73,87.688,87.703,685920000,8
1753185120000,1753185599000,87.703,87.731,87.679,87.702,793820000,8
1753185600000,1753186079000,87.703,87.742,87.689,87.715,561090000,8
1753186080000,1753186559000,87.712,87.724,87.663,87.719,429870000,8
1753186560000,1753187039000,87.717,87.739,87.706,87.718,545100000,8
1753187040000,1753187519000,87.716,87.745,87.705,87.71,464280000,8
1753187520000,1753187999000,87.712,87.727,87.691,87.722,482070000,8
1753188000000,1753188479000,87.72,87.737,87.593,87.645,944920000,8
1753188480000,1753188959000,87.644,87.669,87.532,87.569,1331780000,8
1753188960000,1753189439000,87.57,87.607,87.541,87.587,1158310000,8
1753189440000,1753189919000,87.587,87.643,87.583,87.637,849170000,8
1753189920000,1753190399000,87.637,87.669,87.619,87.648,888360000,8
1753190400000,1753190879000,87.651,87.673,87.616,87.653,792200000,8
1753190880000,1753191359000,87.654,87.665,87.586,87.593,873100000,8
1753191360000,1753191839000,87.592,87.616,87.577,87.61,1090230000,8
1753191840000,1753192319000,87.61,87.611,87.538,87.542,1170900000,8
1753192320000,1753192799000,87.541,87.55,87.465,87.514,1851190000,8
1753192800000,1753193279000,87.513,87.515,87.439,87.481,1550410000,8
1753193280000,1753193759000,87.481,87.517,87.465,87.506,897590000,8
1753193760000,1753194239000,87.508,87.527,87.479,87.509,796040000,8
1753194240000,1753194719000,87.509,87.599,87.474,87.594,975240000,8
1753194720000,1753195199000,87.594,87.638,87.578,87.608,896980000,8
1753195200000,1753195679000,87.608,87.638,87.6,87.629,1061340000,8
1753195680000,1753196159000,87.628,87.688,87.607,87.679,1606800000,8
1753196160000,1753196639000,87.678,87.727,87.676,87.726,1765090000,8
1753196640000,1753197119000,87.73,87.79,87.72,87.765,1060270000,8
1753197120000,1753197599000,87.764,87.79,87.731,87.787,1152230000,8
1753197600000,1753198079000,87.786,87.802,87.769,87.769,676560000,8
1753198080000,1753198559000,87.765,87.799,87.745,87.787,788010000,8
1753198560000,1753199039000,87.788,87.804,87.761,87.789,859940000,8
1753199040000,1753199519000,87.786,87.839,87.782,87.805,724280000,8
1753199520000,1753199999000,87.804,87.83,87.8,87.812,700930000,8
1753200000000,1753200479000,87.814,87.878,87.814,87.853,836250000,8
1753200480000,1753200959000,87.849,87.862,87.822,87.851,797980000,8
1753200960000,1753201439000,87.853,87.91,87.849,87.86,533010000,8
1753201440000,1753201919000,87.858,87.883,87.846,87.88,557380000,8
1753201920000,1753202399000,87.879,87.888,87.867,87.88,476410000,8
1753202400000,1753202879000,87.881,87.881,87.854,87.868,434590000,8
1753202880000,1753203359000,87.868,87.877,87.853,87.867,458520000,8
1753203360000,1753203839000,87.868,87.899,87.866,87.893,569800000,8
1753203840000,1753204319000,87.893,87.898,87.871,87.874,398550000,8
1753204320000,1753204799000,87.877,87.902,87.871,87.889,339750000,8
1753204800000,1753205279000,87.89,87.904,87.887,87.904,301390000,8
1753205280000,1753205759000,87.906,87.906,87.867,87.869,393950000,8
1753205760000,1753206239000,87.868,87.902,87.866,87.9,365610000,8
1753206240000,1753206719000,87.899,87.935,87.893,87.929,281860000,8
1753206720000,1753207199000,87.929,87.93,87.898,87.905,328360000,8
1753207200000,1753207679000,87.903,87.914,87.881,87.892,312140000,8
1753207680000,1753208159000,87.893,87.905,87.887,87.9,297260000,8
1753208160000,1753208639000,87.9,87.905,87.863,87.902,459980000,8
1753208640000,1753209119000,87.907,87.909,87.885,87.9,302790000,8
1753209120000,1753209599000,87.898,87.916,87.895,87.915,256110000,8
1753209600000,1753210079000,87.916,87.92,87.902,87.914,184090000,8
1753210080000,1753210559000,87.913,87.918,87.901,87.903,266880000,8
1753210560000,1753211039000,87.905,87.933,87.9,87.913,527260000,8
1753211040000,1753211519000,87.914,87.917,87.895,87.896,297110000,8
1753211520000,1753211999000,87.902,87.914,87.891,87.899,251040000,8
1753212000000,1753212479000,87.9,87.951,87.887,87.944,247790000,8
1753212480000,1753212959000,87.944,87.948,87.922,87.924,208540000,8
1753212960000,1753213439000,87.922,87.939,87.919,87.931,153390000,8
1753213440000,1753213919000,87.931,87.96,87.93,87.948,172410000,8
1753213920000,1753214399000,87.947,87.979,87.945,87.962,317580000,8
1753214400000,1753214879000,87.966,87.992,87.955,87.983,256770000,8
1753214880000,1753215359000,87.982,87.998,87.979,87.995,172680000,8
1753215360000,1753215839000,87.996,88.003,87.975,87.991,225060000,8
1753215840000,1753216319000,87.992,88.008,87.987,88.005,227040000,8
1753216320000,1753216799000,88.005,88.021,88.003,88.018,154980000,8
1753216800000,1753217279000,88.019,88.033,88.014,88.024,214210000,8
1753217280000,1753217759000,88.024,88.024,87.999,88.008,405140000,8
1753217760000,1753218239000,88.01,88.019,87.901,87.905,176080000,8
1753218240000,1753218719000,87.905,87.905,87.297,87.797,288700000,8
1753218720000,1753219199000,87.799,87.924,87.726,87.844,166530000,8
1753219200000,1753219679000,87.844,87.846,87.737,87.831,83690000,8
1753219680000,1753220159000,87.831,87.916,87.819,87.907,166480000,8
1753220160000,1753220639000,87.907,87.934,87.881,87.918,310520000,8
1753220640000,1753221119000,87.909,87.923,87.875,87.878,205500000,8
1753221120000,1753221599000,87.876,87.896,87.825,87.845,117530000,8
1753221600000,1753222079000,87.848,87.98,87.848,87.963,240120000,8
1753222080000,1753222559000,87.963,87.991,87.963,87.985,111810000,8
1753222560000,1753223039000,87.982,87.992,87.971,87.992,112570000,8
1753223040000,1753223519000,87.992,88.015,87.984,88.012,102280000,8
1753223520000,1753223999000,88.014,88.027,87.994,88.004,216720000,8
1753224000000,1753224479000,88.002,88.006,87.987,87.988,77400000,8
1753224480000,1753224959000,87.988,88.003,87.963,88.003,199560000,8
1753224960000,1753225439000,88.005,88.011,87.974,88.011,239600000,8
1753225440000,1753225919000,88.013,88.052,88.011,88.046,123000000,8
1753225920000,1753226399000,88.047,88.063,87.835,88.009,2270840000,8
1753226400000,1753226879000,88.012,88.123,88.011,88.054,1056380000,8
1753226880000,1753227359000,88.052,88.147,88.05,88.14,826800000,8
1753227360000,1753227839000,88.141,88.173,88.129,88.143,555920000,8
1753227840000,1753228319000,88.145,88.158,88.104,88.117,714460000,8
1753228320000,1753228799000,88.117,88.121,88.024,88.025,806710000,8
1753228800000,1753229279000,88.03,88.05,87.962,88.0,1106780000,8
1753229280000,1753229759000,87.999,88.015,87.861,87.887,1031020000,8
1753229760000,1753230239000,87.885,87.934,87.796,87.836,1282980000,8
1753230240000,1753230719000,87.837,87.846,87.768,87.834,1081040000,8
1753230720000,1753231199000,87.832,87.92,87.815,87.896,775410000,8
1753231200000,1753231679000,87.893,87.956,87.878,87.878,815280000,8
1753231680000,1753232159000,87.879,87.951,87.817,87.916,1544700000,8
1753232160000,1753232639000,87.915,87.998,87.873,87.965,1203590000,8
1753232640000,1753233119000,87.966,88.075,87.938,88.036,1169880000,8
1753233120000,1753233599000,88.036,88.059,87.952,87.953,821800000,8
1753233600000,1753234079000,87.954,87.977,87.915,87.934,735290000,8
1753234080000,1753234559000,87.934,87.983,87.909,87.978,723740000,8
1753234560000,1753235039000,87.98,88.019,87.962,88.008,790620000,8
1753235040000,1753235519000,88.009,88.035,87.956,87.984,1101480000,8
1753235520000,1753235999000,87.985,88.046,87.962,88.046,868540000,8
1753236000000,1753236479000,88.047,88.058,87.945,87.961,674770000,8
1753236480000,1753236959000,87.962,88.003,87.944,87.993,456390000,8
1753236960000,1753237439000,87.999,88.336,87.985,88.253,2612860000,8
1753237440000,1753237919000,88.257,88.336,88.198,88.314,1816560000,8
1753237920000,1753238399000,88.32,88.322,88.154,88.157,1024050000,8
1753238400000,1753238879000,88.158,88.165,88.123,88.139,591110000,8
1753238880000,1753239359000,88.136,88.194,88.134,88.159,683050000,8
1753239360000,1753239839000,88.158,88.169,88.114,88.143,557010000,8
1753239840000,1753240319000,88.144,88.236,88.144,88.227,577560000,8
1753240320000,1753240799000,88.226,88.233,88.176,88.228,323820000,8
1753240800000,1753241279000,88.228,88.25,88.21,88.246,368150000,8
1753241280000,1753241759000,88.246,88.293,88.227,88.29,555410000,8
1753241760000,1753242239000,88.288,88.295,88.215,88.262,586750000,8
1753242240000,1753242719000,88.265,88.265,88.219,88.25,509140000,8
1753242720000,1753243199000,88.25,88.271,88.233,88.249,658180000,8
1753243200000,1753243679000,88.25,88.325,88.25,88.308,449890000,8
1753243680000,1753244159000,88.306,88.365,88.306,88.357,466970000,8
1753244160000,1753244639000,88.36,88.373,88.338,88.361,461610000,8
1753244640000,1753245119000,88.359,88.385,88.355,88.377,406290000,8
1753245120000,1753245599000,88.378,88.396,88.367,88.389,303660000,8
1753245600000,1753246079000,88.392,88.432,88.392,88.424,391440000,8
1753246080000,1753246559000,88.425,88.449,88.401,88.402,479350000,8
1753246560000,1753247039000,88.399,88.435,88.376,88.415,559860000,8
1753247040000,1753247519000,88.416,88.426,88.362,88.415,398150000,8
1753247520000,1753247999000,88.416,88.465,88.401,88.448,482560000,8
1753248000000,1753248479000,88.447,88.455,88.435,88.447,258850000,8
1753248480000,1753248959000,88.447,88.52,88.431,88.514,486580000,8
1753248960000,1753249439000,88.514,88.561,88.497,88.531,664760000,8
1753249440000,1753249919000,88.53,88.563,88.503,88.517,594920000,8
1753249920000,1753250399000,88.513,88.543,88.495,88.517,753000000,8
1753250400000,1753250879000,88.518,88.568,88.517,88.525,969670000,8
1753250880000,1753251359000,88.524,88.541,88.494,88.498,707620000,8
1753251360000,1753251839000,88.497,88.497,88.46,88.468,623450000,8
1753251840000,1753252319000,88.466,88.513,88.267,88.358,1410110000,8
1753252320000,1753252799000,88.361,88.417,88.315,88.411,830380000,8
1753252800000,1753253279000,88.411,88.445,88.397,88.441,695310000,8
1753253280000,1753253759000,88.439,88.442,88.404,88.435,586890000,8
1753253760000,1753254239000,88.441,88.476,88.414,88.433,1182420000,8
1753254240000,1753254719000,88.433,88.514,88.421,88.489,910660000,8
1753254720000,1753255199000,88.489,88.501,88.456,88.482,656900000,8
1753255200000,1753255679000,88.483,88.502,88.462,88.474,718540000,8
1753255680000,1753256159000,88.476,88.505,88.426,88.486,808830000,8
1753256160000,1753256639000,88.487,88.5,88.456,88.499,553690000,8
1753256640000,1753257119000,88.5,88.518,88.474,88.475,619380000,8
1753257120000,1753257599000,88.477,88.51,88.456,88.509,687690000,8
1753257600000,1753258079000,88.507,88.522,88.465,88.512,821720000,8
1753258080000,1753258559000,88.511,88.534,88.479,88.531,544070000,8
1753258560000,1753259039000,88.529,88.565,88.529,88.554,460570000,8
1753259040000,1753259519000,88.554,88.572,88.549,88.571,467300000,8
1753259520000,1753259999000,88.575,88.639,88.572,88.608,642720000,8
1753260000000,1753260479000,88.609,88.611,88.575,88.58,536840000,8
1753260480000,1753260959000,88.584,88.594,88.531,88.553,459630000,8
1753260960000,1753261439000,88.55,88.567,88.529,88.548,701990000,8
1753261440000,1753261919000,88.549,88.554,88.501,88.513,419980000,8
1753261920000,1753262399000,88.515,88.524,88.471,88.478,455800000,8
1753262400000,1753262879000,88.484,88.487,88.426,88.454,443560000,8
1753262880000,1753263359000,88.456,88.467,88.402,88.416,588560000,8
1753263360000,1753263839000,88.42,88.442,88.413,88.428,282210000,8
1753263840000,1753264319000,88.423,88.45,88.42,88.448,483230000,8
1753264320000,1753264799000,88.448,88.472,88.443,88.459,550470000,8
1753264800000,1753265279000,88.459,88.478,88.428,88.442,459290000,8
1753265280000,1753265759000,88.439,88.471,88.417,88.455,445020000,8
1753265760000,1753266239000,88.456,88.457,88.407,88.422,481870000,8
1753266240000,1753266719000,88.421,88.467,88.419,88.464,599030000,8
1753266720000,1753267199000,88.465,88.49,88.444,88.482,432580000,8
1753267200000,1753267679000,88.483,88.519,88.481,88.497,262690000,8
1753267680000,1753268159000,88.496,88.51,88.452,88.452,391300000,8
1753268160000,1753268639000,88.454,88.464,88.391,88.404,485440000,8
1753268640000,1753269119000,88.406,88.43,88.376,88.408,677520000,8
1753269120000,1753269599000,88.406,88.41,88.367,88.369,571820000,8
1753269600000,1753270079000,88.371,88.433,88.365,88.419,346980000,8
1753270080000,1753270559000,88.42,88.432,88.409,88.43,274820000,8
1753270560000,1753271039000,88.429,88.436,88.376,88.389,562750000,8
1753271040000,1753271519000,88.388,88.396,88.325,88.328,681350000,8
1753271520000,1753271999000,88.329,88.381,88.329,88.36,649360000,8
1753272000000,1753272479000,88.36,88.395,88.345,88.374,642940000,8
1753272480000,1753272959000,88.375,88.381,88.344,88.369,503380000,8
1753272960000,1753273439000,88.369,88.413,88.364,88.385,622330000,8
1753273440000,1753273919000,88.384,88.417,88.382,88.406,575250000,8
1753273920000,1753274399000,88.404,88.425,88.388,88.399,662110000,8
1753274400000,1753274879000,88.401,88.442,88.4,88.422,638710000,8
1753274880000,1753275359000,88.42,88.441,88.359,88.381,622090000,8
1753275360000,1753275839000,88.381,88.427,88.315,88.427,907820000,8
1753275840000,1753276319000,88.429,88.448,88.408,88.444,1001340000,8
1753276320000,1753276799000,88.445,88.501,88.441,88.49,1040190000,8
1753276800000,1753277279000,88.492,88.52,88.475,88.512,882450000,8
1753277280000,1753277759000,88.514,88.516,88.449,88.493,1106760000,8
1753277760000,1753278239000,88.491,88.505,88.461,88.497,811980000,8
1753278240000,1753278719000,88.498,88.5,88.438,88.447,728390000,8
1753278720000,1753279199000,88.449,88.469,88.387,88.462,983050000,8
1753279200000,1753279679000,88.462,88.464,88.392,88.401,975410000,8
1753279680000,1753280159000,88.402,88.433,88.395,88.414,672790000,8
1753280160000,1753280639000,88.412,88.432,88.366,88.424,602520000,8
1753280640000,1753281119000,88.426,88.441,88.382,88.402,673960000,8
1753281120000,1753281599000,88.4,88.407,88.349,88.357,847550000,8
1753281600000,1753282079000,88.357,88.417,88.351,88.371,1073450000,8
1753282080000,1753282559000,88.369,88.401,88.328,88.394,1127330000,8
1753282560000,1753283039000,88.396,88.431,88.366,88.371,1203180000,8
1753283040000,1753283519000,88.373,88.384,88.334,88.357,854560000,8
1753283520000,1753283999000,88.356,88.357,88.317,88.353,680350000,8
1753284000000,1753284479000,88.351,88.378,88.345,88.345,403800000,8
1753284480000,1753284959000,88.347,88.358,88.292,88.294,695910000,8
1753284960000,1753285439000,88.294,88.325,88.294,88.313,611990000,8
1753285440000,1753285919000,88.313,88.344,88.309,88.336,445110000,8
1753285920000,1753286399000,88.335,88.559,88.334,88.476,2674730000,8
1753286400000,1753286879000,88.475,88.542,88.445,88.452,2142640000,8
1753286880000,1753287359000,88.45,88.45,88.377,88.416,1554310000,8
1753287360000,1753287839000,88.417,88.423,88.358,88.369,1116730000,8
1753287840000,1753288319000,88.367,88.415,88.356,88.373,894180000,8
1753288320000,1753288799000,88.378,88.382,88.339,88.344,919290000,8
1753288800000,1753289279000,88.341,88.376,88.337,88.369,596850000,8
1753289280000,1753289759000,88.371,88.38,88.346,88.351,502320000,8
1753289760000,1753290239000,88.355,88.396,88.343,88.393,813440000,8
1753290240000,1753290719000,88.395,88.407,88.386,88.396,942120000,8
1753290720000,1753291199000,88.397,88.439,88.388,88.434,594420000,8
1753291200000,1753291679000,88.434,88.457,88.433,88.444,454750000,8
1753291680000,1753292159000,88.444,88.461,88.432,88.46,487390000,8
1753292160000,1753292639000,88.462,88.475,88.448,88.46,400630000,8
1753292640000,1753293119000,88.46,88.476,88.363,88.382,766640000,8
1753293120000,1753293599000,88.381,88.473,88.378,88.453,970870000,8
1753293600000,1753294079000,88.455,88.465,88.423,88.434,515350000,8
1753294080000,1753294559000,88.435,88.474,88.429,88.461,363620000,8
1753294560000,1753295039000,88.469,88.501,88.468,88.478,351030000,8
1753295040000,1753295519000,88.479,88.485,88.454,88.477,502590000,8
1753295520000,1753295999000,88.478,88.489,88.473,88.489,306000000,8
1753296000000,1753296479000,88.489,88.503,88.476,88.498,333300000,8
1753296480000,1753296959000,88.498,88.505,88.486,88.49,335940000,8
1753296960000,1753297439000,88.49,88.509,88.463,88.502,629750000,8
1753297440000,1753297919000,88.505,88.508,88.487,88.499,237600000,8
1753297920000,1753298399000,88.498,88.528,88.498,88.522,289170000,8
1753298400000,1753298879000,88.521,88.541,88.518,88.536,262080000,8
1753298880000,1753299359000,88.538,88.547,88.528,88.532,270510000,8
1753299360000,1753299839000,88.531,88.537,88.515,88.534,342920000,8
1753299840000,1753300319000,88.532,88.544,88.52,88.534,294980000,8
1753300320000,1753300799000,88.532,88.546,88.514,88.535,385840000,8
1753300800000,1753301279000,88.533,88.544,88.507,88.537,273440000,8
1753301280000,1753301759000,88.537,88.548,88.524,88.543,159120000,8
1753301760000,1753302239000,88.545,88.546,88.519,88.527,142200000,8
1753302240000,1753302719000,88.535,88.539,88.505,88.53,186330000,8
1753302720000,1753303199000,88.528,88.552,88.522,88.53,275820000,8
1753303200000,1753303679000,88.531,88.542,88.52,88.532,188400000,8
1753303680000,1753304159000,88.533,88.552,88.528,88.53,383640000,8
1753304160000,1753304639000,88.525,88.549,88.494,88.502,403090000,8
1753304640000,1753305119000,88.314,88.457,88.314,88.379,65690000,8
1753305120000,1753305599000,88.379,88.428,88.377,88.407,34650000,8
1753305600000,1753306079000,88.428,88.428,88.373,88.388,47170000,8
1753306080000,1753306559000,88.372,88.472,88.372,88.403,147960000,8
1753306560000,1753307039000,88.403,88.42,88.37,88.378,138210000,8
1753307040000,1753307519000,88.384,88.464,88.376,88.458,159720000,8
1753307520000,1753307999000,88.444,88.477,88.381,88.432,660650000,8
1753308000000,1753308479000,88.436,88.548,88.436,88.515,239140000,8
1753308480000,1753308959000,88.517,88.556,88.517,88.552,96600000,8
1753308960000,1753309439000,88.551,88.552,88.497,88.5,200770000,8
1753309440000,1753309919000,88.501,88.544,88.501,88.544,217560000,8
1753309920000,1753310399000,88.544,88.558,88.539,88.548,150780000,8
1753310400000,1753310879000,88.547,88.557,88.542,88.546,92400000,8
1753310880000,1753311359000,88.548,88.548,88.524,88.539,92860000,8
1753311360000,1753311839000,88.537,88.551,88.527,88.544,232120000,8
1753311840000,1753312319000,88.543,88.559,88.535,88.556,179700000,8
1753312320000,1753312799000,88.56,88.56,88.522,88.529,215790000,8
1753312800000,1753313279000,88.531,88.533,88.455,88.476,318440000,8
1753313280000,1753313759000,88.476,88.497,88.466,88.495,256560000,8
1753313760000,1753314239000,88.495,88.512,88.467,88.503,231240000,8
1753314240000,1753314719000,88.502,88.532,88.491,88.521,453930000,8
1753314720000,1753315199000,88.523,88.523,88.488,88.497,428700000,8
1753315200000,1753315679000,88.5,88.542,88.45,88.529,996880000,8
1753315680000,1753316159000,88.529,88.532,88.499,88.508,560740000,8
1753316160000,1753316639000,88.508,88.533,88.492,88.495,512920000,8
1753316640000,1753317119000,88.496,88.508,88.465,88.467,512780000,8
1753317120000,1753317599000,88.467,88.47,88.445,88.462,533380000,8
1753317600000,1753318079000,88.463,88.483,88.447,88.477,608490000,8
1753318080000,1753318559000,88.476,88.506,88.436,88.502,1041230000,8
1753318560000,1753319039000,88.5,88.532,88.483,88.513,1003130000,8
1753319040000,1753319519000,88.513,88.535,88.48,88.481,1088230000,8
1753319520000,1753319999000,88.481,88.49,88.407,88.42,992740000,8
1753320000000,1753320479000,88.42,88.441,88.359,88.378,985550000,8
1753320480000,1753320959000,88.378,88.43,88.364,88.375,909140000,8
1753320960000,1753321439000,88.377,88.399,88.3,88.317,767530000,8
1753321440000,1753321919000,88.319,88.332,88.288,88.298,630340000,8
1753321920000,1753322399000,88.297,88.337,88.283,88.303,727870000,8
1753322400000,1753322879000,88.305,88.349,88.297,88.322,656110000,8
1753322880000,1753323359000,88.324,88.353,88.308,88.332,635430000,8
1753323360000,1753323839000,88.334,88.38,88.328,88.38,467920000,8
1753323840000,1753324319000,88.379,88.383,88.34,88.377,517890000,8
1753324320000,1753324799000,88.376,88.423,88.375,88.416,348750000,8
1753324800000,1753325279000,88.415,88.441,88.403,88.422,460020000,8
1753325280000,1753325759000,88.42,88.438,88.388,88.398,392700000,8
1753325760000,1753326239000,88.396,88.43,88.385,88.391,552900000,8
1753326240000,1753326719000,88.392,88.427,88.37,88.41,621940000,8
1753326720000,1753327199000,88.412,88.472,88.398,88.456,535350000,8
1753327200000,1753327679000,88.457,88.461,88.433,88.449,343800000,8
1753327680000,1753328159000,88.449,88.468,88.444,88.446,380100000,8
1753328160000,1753328639000,88.446,88.464,88.42,88.42,377220000,8
1753328640000,1753329119000,88.419,88.437,88.371,88.371,450050000,8
1753329120000,1753329599000,88.368,88.373,88.35,88.361,420040000,8
1753329600000,1753330079000,88.362,88.37,88.335,88.359,503790000,8
1753330080000,1753330559000,88.359,88.393,88.345,88.352,351870000,8
1753330560000,1753331039000,88.355,88.379,88.336,88.347,340420000,8
1753331040000,1753331519000,88.348,88.362,88.318,88.352,438190000,8
1753331520000,1753331999000,88.353,88.377,88.341,88.353,412940000,8
1753332000000,1753332479000,88.353,88.412,88.35,88.41,315690000,8
1753332480000,1753332959000,88.41,88.413,88.383,88.404,320320000,8
1753332960000,1753333439000,88.407,88.415,88.392,88.4,434400000,8
1753333440000,1753333919000,88.401,88.417,88.371,88.402,310500000,8
1753333920000,1753334399000,88.401,88.435,88.373,88.395,485440000,8
1753334400000,1753334879000,88.396,88.417,88.381,88.413,472610000,8
1753334880000,1753335359000,88.412,88.449,88.407,88.426,495600000,8
1753335360000,1753335839000,88.428,88.465,88.417,88.421,513590000,8
1753335840000,1753336319000,88.421,88.461,88.399,88.461,504560000,8
1753336320000,1753336799000,88.46,88.47,88.4,88.421,533780000,8
1753336800000,1753337279000,88.42,88.493,88.413,88.444,834910000,8
1753337280000,1753337759000,88.448,88.494,88.422,88.488,696210000,8
1753337760000,1753338239000,88.487,88.492,88.414,88.422,831100000,8
1753338240000,1753338719000,88.422,88.463,88.417,88.455,790310000,8
1753338720000,1753339199000,88.459,88.492,88.442,88.447,522740000,8
1753339200000,1753339679000,88.447,88.462,88.418,88.453,602040000,8
1753339680000,1753340159000,88.455,88.465,88.417,88.465,574030000,8
1753340160000,1753340639000,88.464,88.474,88.422,88.467,846210000,8
1753340640000,1753341119000,88.466,88.466,88.425,88.427,683850000,8
1753341120000,1753341599000,88.429,88.454,88.416,88.439,868160000,8
1753341600000,1753342079000,88.441,88.462,88.408,88.458,774420000,8
1753342080000,1753342559000,88.457,88.506,88.445,88.504,801840000,8
1753342560000,1753343039000,88.502,88.508,88.478,88.508,507030000,8
1753343040000,1753343519000,88.507,88.531,88.503,88.529,447720000,8
1753343520000,1753343999000,88.529,88.579,88.52,88.557,598290000,8
1753344000000,1753344479000,88.555,88.595,88.554,88.566,655870000,8
1753344480000,1753344959000,88.567,88.573,88.513,88.521,474600000,8
1753344960000,1753345439000,88.522,88.581,88.512,88.566,461790000,8
1753345440000,1753345919000,88.563,88.631,88.563,88.617,512790000,8
1753345920000,1753346399000,88.618,88.618,88.568,88.586,550890000,8
1753346400000,1753346879000,88.587,88.642,88.584,88.632,490280000,8
1753346880000,1753347359000,88.633,88.731,88.629,88.727,699920000,8
1753347360000,1753347839000,88.726,88.759,88.705,88.721,844880000,8
1753347840000,1753348319000,88.72,88.732,88.678,88.683,564950000,8
1753348320000,1753348799000,88.682,88.701,88.654,88.689,465850000,8
1753348800000,1753349279000,88.69,88.705,88.673,88.681,489910000,8
1753349280000,1753349759000,88.68,88.701,88.674,88.697,515720000,8
1753349760000,1753350239000,88.696,88.721,88.694,88.721,334620000,8
1753350240000,1753350719000,88.718,88.718,88.655,88.662,408180000,8
1753350720000,1753351199000,88.666,88.718,88.664,88.687,489650000,8
1753351200000,1753351679000,88.686,88.701,88.664,88.7,410350000,8
1753351680000,1753352159000,88.699,88.7,88.671,88.673,343120000,8
1753352160000,1753352639000,88.671,88.689,88.66,88.66,398740000,8
1753352640000,1753353119000,88.661,88.668,88.612,88.622,306420000,8
1753353120000,1753353599000,88.622,88.623,88.573,88.604,559030000,8
1753353600000,1753354079000,88.6,88.616,88.59,88.612,367050000,8
1753354080000,1753354559000,88.615,88.629,88.602,88.619,268050000,8
1753354560000,1753355039000,88.617,88.621,88.551,88.568,563050000,8
1753355040000,1753355519000,88.57,88.604,88.558,88.593,250450000,8
1753355520000,1753355999000,88.594,88.616,88.568,88.57,248470000,8
1753356000000,1753356479000,88.572,88.627,88.561,88.627,377310000,8
1753356480000,1753356959000,88.626,88.651,88.613,88.647,440240000,8
1753356960000,1753357439000,88.644,88.659,88.631,88.652,374010000,8
1753357440000,1753357919000,88.654,88.654,88.608,88.622,451480000,8
1753357920000,1753358399000,88.62,88.643,88.614,88.636,535520000,8
1753358400000,1753358879000,88.637,88.67,88.629,88.66,716300000,8
1753358880000,1753359359000,88.66,88.661,88.627,88.631,480050000,8
1753359360000,1753359839000,88.631,88.699,88.625,88.691,705660000,8
1753359840000,1753360319000,88.691,88.743,88.659,88.743,809030000,8
1753360320000,1753360799000,88.743,88.762,88.674,88.711,1024060000,8
1753360800000,1753361279000,88.709,88.751,88.701,88.72,1011360000,8
1753361280000,1753361759000,88.717,88.756,88.709,88.729,920760000,8
1753361760000,1753362239000,88.728,88.735,88.671,88.705,899200000,8
1753362240000,1753362719000,88.707,88.746,88.678,88.712,1179900000,8
1753362720000,1753363199000,88.713,88.756,88.708,88.739,1167560000,8
1753363200000,1753363679000,88.736,88.745,88.688,88.698,1021280000,8
1753363680000,1753364159000,88.699,88.716,88.627,88.637,1380250000,8
1753364160000,1753364639000,88.635,88.699,88.624,88.693,1114920000,8
1753364640000,1753365119000,88.691,88.694,88.6,88.601,1676950000,8
1753365120000,1753365599000,88.602,88.625,88.583,88.584,1205210000,8
1753365600000,1753366079000,88.585,88.636,88.568,88.631,1342840000,8
1753366080000,1753366559000,88.628,88.667,88.622,88.638,1097700000,8
1753366560000,1753367039000,88.639,88.678,88.628,88.656,1044130000,8
1753367040000,1753367519000,88.655,88.69,88.647,88.686,862790000,8
1753367520000,1753367999000,88.685,88.733,88.685,88.724,675730000,8
1753368000000,1753368479000,88.722,88.735,88.694,88.708,732430000,8
1753368480000,1753368959000,88.709,88.731,88.686,88.687,983920000,8
1753368960000,1753369439000,88.683,88.747,88.678,88.724,1349370000,8
1753369440000,1753369919000,88.726,88.755,88.706,88.73,1036560000,8
1753369920000,1753370399000,88.729,88.73,88.665,88.673,648390000,8
1753370400000,1753370879000,88.674,88.705,88.665,88.698,694260000,8
1753370880000,1753371359000,88.699,88.728,88.699,88.721,715410000,8
1753371360000,1753371839000,88.72,88.721,88.678,88.695,728370000,8
1753371840000,1753372319000,88.695,88.709,88.685,88.705,633690000,8
1753372320000,1753372799000,88.705,88.738,88.694,88.738,539740000,8
1753372800000,1753373279000,88.738,88.745,88.707,88.731,729330000,8
1753373280000,1753373759000,88.729,88.738,88.707,88.71,629640000,8
1753373760000,1753374239000,88.706,88.721,88.68,88.683,394620000,8
1753374240000,1753374719000,88.683,88.696,88.664,88.674,580050000,8
1753374720000,1753375199000,88.676,88.679,88.637,88.668,511760000,8
1753375200000,1753375679000,88.668,88.678,88.658,88.66,406290000,8
1753375680000,1753376159000,88.658,88.681,88.652,88.669,515070000,8
1753376160000,1753376639000,88.669,88.713,88.666,88.674,590550000,8
1753376640000,1753377119000,88.673,88.704,88.668,88.698,491550000,8
1753377120000,1753377599000,88.701,88.701,88.676,88.683,435990000,8
1753377600000,1753378079000,88.682,88.684,88.667,88.667,317900000,8
1753378080000,1753378559000,88.664,88.693,88.656,88.686,304350000,8
1753378560000,1753379039000,88.687,88.699,88.677,88.695,316370000,8
1753379040000,1753379519000,88.697,88.715,88.679,88.697,435040000,8
1753379520000,1753379999000,88.699,88.704,88.684,88.7,403590000,8
1753380000000,1753380479000,88.701,88.709,88.69,88.697,368110000,8
1753380480000,1753380959000,88.698,88.718,88.696,88.712,315150000,8
1753380960000,1753381439000,88.711,88.722,88.707,88.713,177780000,8
1753381440000,1753381919000,88.715,88.743,88.706,88.735,290100000,8
1753381920000,1753382399000,88.734,88.737,88.721,88.733,233760000,8
1753382400000,1753382879000,88.732,88.74,88.715,88.731,317940000,8
1753382880000,1753383359000,88.73,88.748,88.722,88.748,282000000,8
1753383360000,1753383839000,88.746,88.764,88.722,88.73,564660000,8
1753383840000,1753384319000,88.733,88.733,88.708,88.72,289870000,8
1753384320000,1753384799000,88.721,88.735,88.71,88.713,275130000,8
1753384800000,1753385279000,88.714,88.724,88.711,88.714,250430000,8
1753385280000,1753385759000,88.715,88.735,88.714,88.732,238410000,8
1753385760000,1753386239000,88.73,88.731,88.693,88.7,180030000,8
1753386240000,1753386719000,88.701,88.704,88.684,88.692,125700000,8
1753386720000,1753387199000,88.693,88.695,88.667,88.67,338530000,8
1753387200000,1753387679000,88.669,88.672,88.634,88.665,348900000,8
1753387680000,1753388159000,88.662,88.668,88.587,88.601,411600000,8
1753388160000,1753388639000,88.602,88.616,88.595,88.614,192000000,8
1753388640000,1753389119000,88.613,88.616,88.582,88.588,269220000,8
1753389120000,1753389599000,88.59,88.59,88.564,88.583,422160000,8
1753389600000,1753390079000,88.584,88.598,88.576,88.578,363570000,8
1753390080000,1753390559000,88.58,88.601,88.578,88.6,219600000,8
1753390560000,1753391039000,88.601,88.608,88.552,88.552,326010000,8
1753391040000,1753391519000,88.545,88.564,88.544,88.551,41250000,8
1753391520000,1753391999000,88.558,88.573,88.551,88.559,193200000,8
1753392000000,1753392479000,88.56,88.583,88.546,88.583,69150000,8
1753392480000,1753392959000,88.583,88.622,88.583,88.611,195750000,8
1753392960000,1753393439000,88.613,88.626,88.585,88.588,292350000,8
1753393440000,1753393919000,88.588,88.651,88.565,88.639,255450000,8
1753393920000,1753394399000,88.641,88.674,88.624,88.665,145800000,8
1753394400000,1753394879000,88.671,88.729,88.651,88.728,277320000,8
1753394880000,1753395359000,88.726,88.731,88.681,88.687,128100000,8
1753395360000,1753395839000,88.687,88.7,88.672,88.683,132820000,8
1753395840000,1753396319000,88.685,88.69,88.66,88.678,130420000,8
1753396320000,1753396799000,88.679,88.701,88.679,88.697,135980000,8
1753396800000,1753397279000,88.7,88.712,88.697,88.701,93170000,8
1753397280000,1753397759000,88.703,88.707,88.683,88.684,102180000,8
1753397760000,1753398239000,88.685,88.706,88.676,88.692,166130000,8
1753398240000,1753398719000,88.694,88.716,88.688,88.693,120370000,8
1753398720000,1753399199000,88.693,88.703,88.678,88.688,131210000,8
1753399200000,1753399679000,88.689,88.714,88.688,88.711,127420000,8
1753399680000,1753400159000,88.71,88.759,88.705,88.74,396270000,8
1753400160000,1753400639000,88.74,88.741,88.702,88.716,220900000,8
1753400640000,1753401119000,88.713,88.753,88.701,88.749,328530000,8
1753401120000,1753401599000,88.752,88.752,88.713,88.726,456850000,8
1753401600000,1753402079000,88.725,88.844,88.722,88.833,954540000,8
1753402080000,1753402559000,88.833,88.849,88.821,88.828,664210000,8
1753402560000,1753403039000,88.829,88.839,88.806,88.816,441340000,8
1753403040000,1753403519000,88.817,88.823,88.778,88.796,461460000,8
1753403520000,1753403999000,88.797,88.801,88.784,88.79,374080000,8
1753404000000,1753404479000,88.789,88.815,88.771,88.811,483610000,8
1753404480000,1753404959000,88.81,88.884,88.799,88.837,871280000,8
1753404960000,1753405439000,88.835,88.848,88.801,88.824,727190000,8
1753405440000,1753405919000,88.825,88.893,88.82,88.866,565140000,8
1753405920000,1753406399000,88.867,88.878,88.831,88.85,810330000,8
1753406400000,1753406879000,88.85,88.868,88.815,88.823,665820000,8
1753406880000,1753407359000,88.825,88.836,88.795,88.822,687750000,8
1753407360000,1753407839000,88.822,88.853,88.807,88.851,613740000,8
1753407840000,1753408319000,88.849,88.854,88.8,88.804,565240000,8
1753408320000,1753408799000,88.806,88.82,88.792,88.804,683840000,8
1753408800000,1753409279000,88.804,88.834,88.797,88.817,519740000,8
1753409280000,1753409759000,88.818,88.846,88.793,88.796,447940000,8
1753409760000,1753410239000,88.793,88.802,88.773,88.783,357690000,8
1753410240000,1753410719000,88.782,88.822,88.773,88.82,482850000,8
1753410720000,1753411199000,88.819,88.826,88.803,88.815,471930000,8
1753411200000,1753411679000,88.816,88.831,88.787,88.791,444520000,8
1753411680000,1753412159000,88.795,88.808,88.778,88.806,419340000,8
1753412160000,1753412639000,88.806,88.816,88.784,88.788,390800000,8
1753412640000,1753413119000,88.789,88.798,88.775,88.778,286680000,8
1753413120000,1753413599000,88.779,88.787,88.754,88.76,240550000,8
1753413600000,1753414079000,88.761,88.784,88.758,88.765,297000000,8
1753414080000,1753414559000,88.766,88.771,88.727,88.735,339620000,8
1753414560000,1753415039000,88.735,88.753,88.734,88.742,318280000,8
1753415040000,1753415519000,88.742,88.759,88.737,88.749,283650000,8
1753415520000,1753415999000,88.746,88.75,88.721,88.739,456380000,8
1753416000000,1753416479000,88.739,88.761,88.733,88.735,454760000,8
1753416480000,1753416959000,88.737,88.759,88.721,88.735,395340000,8
1753416960000,1753417439000,88.733,88.738,88.715,88.734,349290000,8
1753417440000,1753417919000,88.732,88.746,88.724,88.725,217890000,8
1753417920000,1753418399000,88.726,88.727,88.616,88.619,502370000,8
1753418400000,1753418879000,88.619,88.619,88.56,88.57,595410000,8
1753418880000,1753419359000,88.571,88.59,88.559,88.575,412460000,8
1753419360000,1753419839000,88.577,88.594,88.554,88.58,446770000,8
1753419840000,1753420319000,88.58,88.596,88.569,88.585,444960000,8
1753420320000,1753420799000,88.586,88.605,88.579,88.602,423880000,8
1753420800000,1753421279000,88.604,88.682,88.594,88.681,370260000,8
1753421280000,1753421759000,88.682,88.697,88.649,88.659,437790000,8
1753421760000,1753422239000,88.665,88.679,88.64,88.643,374930000,8
1753422240000,1753422719000,88.641,88.67,88.641,88.666,258630000,8
1753422720000,1753423199000,88.664,88.674,88.524,88.552,1434150000,8
1753423200000,1753423679000,88.547,88.571,88.522,88.544,1030020000,8
1753423680000,1753424159000,88.542,88.568,88.519,88.544,787890000,8
1753424160000,1753424639000,88.547,88.596,88.542,88.557,739690000,8
1753424640000,1753425119000,88.554,88.568,88.517,88.564,781200000,8
1753425120000,1753425599000,88.566,88.589,88.535,88.55,752190000,8
1753425600000,1753426079000,88.551,88.601,88.537,88.591,528180000,8
1753426080000,1753426559000,88.59,88.606,88.579,88.598,532470000,8
1753426560000,1753427039000,88.599,88.617,88.569,88.587,799600000,8
1753427040000,1753427519000,88.59,88.63,88.577,88.6,748690000,8
1753427520000,1753427999000,88.599,88.6,88.536,88.549,781350000,8
1753428000000,1753428479000,88.551,88.574,88.541,88.553,688530000,8
1753428480000,1753428959000,88.553,88.584,88.527,88.56,897710000,8
1753428960000,1753429439000,88.561,88.614,88.545,88.603,829330000,8
1753429440000,1753429919000,88.604,88.62,88.588,88.619,664530000,8
1753429920000,1753430399000,88.621,88.635,88.586,88.599,765280000,8
1753430400000,1753430879000,88.6,88.747,88.594,88.705,1008830000,8
1753430880000,1753431359000,88.704,88.787,88.704,88.761,1321310000,8
1753431360000,1753431839000,88.761,88.813,88.748,88.757,1202060000,8
1753431840000,1753432319000,88.757,88.803,88.737,88.771,807080000,8
1753432320000,1753432799000,88.771,88.827,88.757,88.795,702170000,8
1753432800000,1753433279000,88.796,88.826,88.769,88.777,618420000,8
1753433280000,1753433759000,88.779,88.809,88.748,88.801,557130000,8
1753433760000,1753434239000,88.801,88.818,88.774,88.81,653160000,8
1753434240000,1753434719000,88.809,88.83,88.803,88.804,563250000,8
1753434720000,1753435199000,88.805,88.808,88.777,88.779,397570000,8
1753435200000,1753435679000,88.778,88.789,88.762,88.77,350370000,8
1753435680000,1753436159000,88.77,88.817,88.764,88.816,550020000,8
1753436160000,1753436639000,88.815,88.836,88.809,88.813,346800000,8
1753436640000,1753437119000,88.813,88.837,88.803,88.827,452880000,8
1753437120000,1753437599000,88.827,88.873,88.816,88.866,460920000,8
1753437600000,1753438079000,88.867,88.874,88.816,88.822,411540000,8
1753438080000,1753438559000,88.822,88.876,88.82,88.843,435120000,8
1753438560000,1753439039000,88.849,88.851,88.813,88.826,418740000,8
1753439040000,1753439519000,88.826,88.838,88.818,88.82,437840000,8
1753439520000,1753439999000,88.822,88.838,88.811,88.816,291720000,8
1753440000000,1753440479000,88.815,88.827,88.803,88.816,239610000,8
1753440480000,1753440959000,88.814,88.855,88.801,88.851,446430000,8
1753440960000,1753441439000,88.851,88.876,88.827,88.858,370860000,8
1753441440000,1753441919000,88.86,88.865,88.829,88.84,374280000,8
1753441920000,1753442399000,88.841,88.85,88.809,88.817,436560000,8
1753442400000,1753442879000,88.815,88.848,88.81,88.824,587130000,8
1753442880000,1753443359000,88.826,88.86,88.816,88.851,457860000,8
1753443360000,1753443839000,88.851,88.876,88.846,88.86,330630000,8
1753443840000,1753444319000,88.859,88.86,88.83,88.838,366530000,8
1753444320000,1753444799000,88.838,88.855,88.82,88.822,480090000,8
1753444800000,1753445279000,88.819,88.825,88.773,88.783,450400000,8
1753445280000,1753445759000,88.784,88.788,88.757,88.757,327120000,8
1753445760000,1753446239000,88.758,88.79,88.755,88.787,412470000,8
1753446240000,1753446719000,88.788,88.796,88.764,88.793,459430000,8
1753446720000,1753447199000,88.79,88.805,88.76,88.798,586200000,8
1753447200000,1753447679000,88.796,88.814,88.771,88.798,675550000,8
1753447680000,1753448159000,88.799,88.831,88.791,88.825,613240000,8
1753448160000,1753448639000,88.822,88.826,88.76,88.773,994650000,8
1753448640000,1753449119000,88.768,88.775,88.648,88.725,2544310000,8
1753449120000,1753449599000,88.725,88.76,88.71,88.718,1592570000,8
1753449600000,1753450079000,88.718,88.784,88.708,88.779,1619980000,8
1753450080000,1753450559000,88.777,88.798,88.747,88.763,1167810000,8
1753450560000,1753451039000,88.763,88.763,88.677,88.726,1179510000,8
1753451040000,1753451519000,88.725,88.788,88.715,88.753,1447710000,8
1753451520000,1753451999000,88.754,88.757,88.709,88.73,1661490000,8
1753452000000,1753452479000,88.732,88.766,88.712,88.742,1230010000,8
1753452480000,1753452959000,88.745,88.775,88.694,88.704,821750000,8
1753452960000,1753453439000,88.7,88.75,88.697,88.734,1003600000,8
1753453440000,1753453919000,88.734,88.813,88.729,88.776,826370000,8
1753453920000,1753454399000,88.771,88.802,88.718,88.718,957930000,8
1753454400000,1753454879000,88.718,88.738,88.682,88.733,790230000,8
1753454880000,1753455359000,88.733,88.77,88.725,88.751,549700000,8
1753455360000,1753455839000,88.747,88.77,88.711,88.721,1118450000,8
1753455840000,1753456319000,88.718,88.748,88.697,88.742,986640000,8
1753456320000,1753456799000,88.742,88.754,88.727,88.746,663240000,8
1753456800000,1753457279000,88.745,88.749,88.719,88.749,588440000,8
1753457280000,1753457759000,88.749,88.765,88.741,88.756,625740000,8
1753457760000,1753458239000,88.759,88.762,88.71,88.722,708900000,8
1753458240000,1753458719000,88.722,88.76,88.719,88.754,521790000,8
1753458720000,1753459199000,88.757,88.778,88.752,88.755,574520000,8
1753459200000,1753459679000,88.754,88.763,88.735,88.745,566260000,8
1753459680000,1753460159000,88.746,88.77,88.722,88.754,501600000,8
1753460160000,1753460639000,88.755,88.775,88.747,88.758,441920000,8
1753460640000,1753461119000,88.759,88.773,88.746,88.758,529390000,8
1753461120000,1753461599000,88.76,88.762,88.74,88.744,347560000,8
1753461600000,1753462079000,88.744,88.776,88.737,88.773,363320000,8
1753462080000,1753462559000,88.775,88.786,88.766,88.779,215740000,8
1753462560000,1753463039000,88.779,88.812,88.778,88.79,474550000,8
1753463040000,1753463519000,88.791,88.815,88.783,88.791,302140000,8
1753463520000,1753463999000,88.789,88.797,88.779,88.779,266830000,8
1753464000000,1753464479000,88.78,88.805,88.78,88.792,202320000,8
1753464480000,1753464959000,88.793,88.801,88.778,88.794,351520000,8
1753464960000,1753465439000,88.795,88.803,88.776,88.778,233700000,8
1753465440000,1753465919000,88.779,88.793,88.771,88.775,212830000,8
1753465920000,1753466399000,88.776,88.792,88.772,88.776,245800000,8
1753466400000,1753466879000,88.776,88.778,88.747,88.757,229470000,8
1753466880000,1753467359000,88.76,88.779,88.757,88.772,236350000,8
1753467360000,1753467839000,88.771,88.779,88.767,88.77,213750000,8
1753467840000,1753468319000,88.77,88.77,88.75,88.763,225750000,8
1753468320000,1753468799000,88.764,88.779,88.763,88.773,214920000,8
1753468800000,1753469279000,88.774,88.787,88.768,88.776,187720000,8
1753469280000,1753469759000,88.777,88.782,88.76,88.76,316320000,8
1753469760000,1753470239000,88.761,88.769,88.74,88.75,255300000,8
1753470240000,1753470719000,88.749,88.758,88.743,88.746,154500000,8
1753470720000,1753471199000,88.747,88.756,88.733,88.756,159150000,8
1753471200000,1753471679000,88.757,88.76,88.743,88.755,138300000,8
1753471680000,1753472159000,88.753,88.774,88.75,88.767,181920000,8
1753472160000,1753472639000,88.769,88.776,88.76,88.763,161720000,8
1753472640000,1753473119000,88.761,88.772,88.751,88.761,171600000,8
1753473120000,1753473599000,88.762,88.792,88.742,88.792,367770000,8
1753473600000,1753474079000,88.789,88.795,88.773,88.782,303720000,8
1753474080000,1753474559000,88.782,88.807,88.782,88.803,159060000,8
1753474560000,1753475039000,88.803,88.811,88.797,88.808,161520000,8
1753475040000,1753475519000,88.808,88.832,88.808,88.831,222600000,8
1753475520000,1753475999000,88.83,88.83,88.812,88.814,248730000,8
1753476000000,1753476479000,88.812,88.847,88.812,88.843,354150000,8
1753476480000,1753476959000,88.842,88.844,88.81,88.823,439200000,8
1753476960000,1753477439000,88.821,88.843,88.798,88.81,339970000,8
1753477440000,1753477919000,88.81,88.81,88.81,88.81,0,8
1753477920000,1753478399000,88.81,88.81,88.81,88.81,0,8
1753478400000,1753478879000,88.81,88.81,88.81,88.81,0,8
1753478880000,1753479359000,88.81,88.81,88.81,88.81,0,8
1753479360000,1753479839000,88.81,88.81,88.81,88.81,0,8
1753479840000,1753480319000,88.81,88.81,88.81,88.81,0,8
1753480320000,1753480799000,88.81,88.81,88.81,88.81,0,8
1753480800000,1753481279000,88.81,88.81,88.81,88.81,0,8
1753481280000,1753481759000,88.81,88.81,88.81,88.81,0,8
1753481760000,1753482239000,88.81,88.81,88.81,88.81,0,8
1753482240000,1753482719000,88.81,88.81,88.81,88.81,0,8
1753482720000,1753483199000,88.81,88.81,88.81,88.81,0,8
1753483200000,1753483679000,88.81,88.81,88.81,88.81,0,8
1753483680000,1753484159000,88.81,88.81,88.81,88.81,0,8
1753484160000,1753484639000,88.81,88.81,88.81,88.81,0,8
1753484640000,1753485119000,88.81,88.81,88.81,88.81,0,8
1753485120000,1753485599000,88.81,88.81,88.81,88.81,0,8
1753485600000,1753486079000,88.81,88.81,88.81,88.81,0,8
1753486080000,1753486559000,88.81,88.81,88.81,88.81,0,8
1753486560000,1753487039000,88.81,88.81,88.81,88.81,0,8
1753487040000,1753487519000,88.81,88.81,88.81,88.81,0,8
1753487520000,1753487999000,88.81,88.81,88.81,88.81,0,8
1753650240000,1753650719000,88.755,88.764,88.738,88.758,82350000,8
1753650720000,1753651199000,88.775,88.776,88.743,88.744,132000000,8
1753651200000,1753651679000,88.742,88.75,88.742,88.749,51600000,8
1753651680000,1753652159000,88.749,88.803,88.743,88.789,116250000,8
1753652160000,1753652639000,88.789,88.824,88.789,88.817,43200000,8
1753653600000,1753654079000,88.81,88.946,88.805,88.921,369330000,8
1753654080000,1753654559000,88.914,88.936,88.886,88.888,445610000,8
1753654560000,1753655039000,88.888,88.912,88.875,88.877,519110000,8
1753655040000,1753655519000,88.877,88.897,88.858,88.881,419990000,8
1753655520000,1753655999000,88.885,88.915,88.879,88.892,324570000,8
1753656000000,1753656479000,88.892,88.937,88.891,88.923,327830000,8
1753656480000,1753656959000,88.924,88.943,88.917,88.936,368400000,8
1753656960000,1753657439000,88.935,88.977,88.931,88.947,490810000,8
1753657440000,1753657919000,88.946,88.988,88.943,88.968,330360000,8
1753657920000,1753658399000,88.971,88.984,88.962,88.982,359290000,8
1753658400000,1753658879000,88.982,89.005,88.978,88.994,200170000,8
1753658880000,1753659359000,88.992,89.009,88.975,88.981,262710000,8
1753659360000,1753659839000,88.982,89.02,88.982,89.008,209320000,8
1753659840000,1753660319000,89.009,89.016,88.98,88.999,341200000,8
1753660320000,1753660799000,88.999,88.999,88.936,88.941,341670000,8
1753660800000,1753661279000,88.942,88.985,88.935,88.968,1094000000,8
1753661280000,1753661759000,88.968,88.989,88.938,88.98,1033370000,8
1753661760000,1753662239000,88.981,89.013,88.976,88.987,841720000,8
1753662240000,1753662719000,88.988,89.033,88.967,88.985,774620000,8
1753662720000,1753663199000,88.987,88.996,88.932,88.968,1016550000,8
1753663200000,1753663679000,88.966,89.022,88.966,89.013,666000000,8
1753663680000,1753664159000,89.014,89.02,88.956,88.965,1138690000,8
1753664160000,1753664639000,88.966,88.999,88.945,88.986,979610000,8
1753664640000,1753665119000,88.987,89.006,88.948,88.95,796010000,8
1753665120000,1753665599000,88.949,88.985,88.941,88.951,480510000,8
1753665600000,1753666079000,88.953,88.998,88.931,88.998,613980000,8
1753666080000,1753666559000,88.997,89.012,88.957,88.961,563460000,8
1753666560000,1753667039000,88.962,88.966,88.926,88.929,571230000,8
1753667040000,1753667519000,88.928,88.941,88.899,88.92,650920000,8
1753667520000,1753667999000,88.918,88.931,88.89,88.916,829180000,8
1753668000000,1753668479000,88.918,88.976,88.889,88.954,777250000,8
1753668480000,1753668959000,88.952,89.035,88.952,88.978,801460000,8
1753668960000,1753669439000,88.978,89.01,88.952,89.005,582050000,8
1753669440000,1753669919000,89.007,89.031,88.998,89.023,412070000,8
1753669920000,1753670399000,89.024,89.063,89.018,89.033,439460000,8
1753670400000,1753670879000,89.033,89.038,89.017,89.02,260670000,8
1753670880000,1753671359000,89.021,89.029,89.001,89.008,342220000,8
1753671360000,1753671839000,89.014,89.024,88.984,89.004,472890000,8
1753671840000,1753672319000,89.004,89.012,88.933,88.934,283800000,8
1753672320000,1753672799000,88.932,88.952,88.926,88.933,211800000,8
1753672800000,1753673279000,88.932,88.932,88.881,88.887,352500000,8
1753673280000,1753673759000,88.886,88.892,88.825,88.831,526550000,8
1753673760000,1753674239000,88.831,88.841,88.814,88.826,344340000,8
1753674240000,1753674719000,88.827,88.855,88.815,88.831,326290000,8
1753674720000,1753675199000,88.832,88.848,88.829,88.839,435710000,8
1753675200000,1753675679000,88.838,88.838,88.78,88.794,490510000,8
1753675680000,1753676159000,88.798,88.8,88.766,88.774,330070000,8
1753676160000,1753676639000,88.773,88.79,88.765,88.783,325360000,8
1753676640000,1753677119000,88.782,88.813,88.77,88.806,345920000,8
1753677120000,1753677599000,88.807,88.826,88.789,88.8,353170000,8
1753677600000,1753678079000,88.798,88.809,88.781,88.806,431770000,8
1753678080000,1753678559000,88.806,88.821,88.794,88.818,365630000,8
1753678560000,1753679039000,88.82,88.862,88.794,88.862,318720000,8
1753679040000,1753679519000,88.861,88.861,88.826,88.83,324310000,8
1753679520000,1753679999000,88.828,88.829,88.789,88.801,366690000,8
1753680000000,1753680479000,88.801,88.816,88.79,88.807,402590000,8
1753680480000,1753680959000,88.806,88.807,88.774,88.787,327760000,8
1753680960000,1753681439000,88.785,88.806,88.781,88.802,286650000,8
1753681440000,1753681919000,88.8,88.815,88.776,88.802,386310000,8
1753681920000,1753682399000,88.801,88.835,88.784,88.835,367270000,8
1753682400000,1753682879000,88.836,88.879,88.819,88.866,564610000,8
1753682880000,1753683359000,88.865,88.901,88.839,88.878,608470000,8
1753683360000,1753683839000,88.879,88.896,88.853,88.863,840240000,8
1753683840000,1753684319000,88.864,88.866,88.806,88.83,941690000,8
1753684320000,1753684799000,88.83,88.859,88.812,88.856,606700000,8
1753684800000,1753685279000,88.857,88.878,88.848,88.864,316450000,8
1753685280000,1753685759000,88.865,88.865,88.829,88.838,417150000,8
1753685760000,1753686239000,88.837,88.856,88.765,88.771,1024920000,8
1753686240000,1753686719000,88.773,88.79,88.747,88.755,902930000,8
1753686720000,1753687199000,88.753,88.759,88.716,88.734,946340000,8
1753687200000,1753687679000,88.734,88.759,88.696,88.701,893910000,8
1753687680000,1753688159000,88.701,88.709,88.594,88.634,1245880000,8
1753688160000,1753688639000,88.632,88.644,88.573,88.585,1009720000,8
1753688640000,1753689119000,88.584,88.625,88.583,88.599,827920000,8
1753689120000,1753689599000,88.601,88.651,88.569,88.577,1161520000,8
1753689600000,1753690079000,88.577,88.598,88.525,88.555,1132720000,8
1753690080000,1753690559000,88.553,88.571,88.52,88.542,910330000,8
1753690560000,1753691039000,88.541,88.595,88.537,88.58,755310000,8
1753691040000,1753691519000,88.58,88.614,88.572,88.61,640360000,8
1753691520000,1753691999000,88.61,88.643,88.601,88.633,498360000,8
1753692000000,1753692479000,88.631,88.637,88.568,88.579,518400000,8
1753692480000,1753692959000,88.576,88.625,88.562,88.61,691630000,8
1753692960000,1753693439000,88.612,88.624,88.586,88.59,703050000,8
1753693440000,1753693919000,88.588,88.622,88.574,88.617,479510000,8
1753693920000,1753694399000,88.616,88.668,88.599,88.658,656550000,8
1753694400000,1753694879000,88.66,88.661,88.611,88.616,685190000,8
1753694880000,1753695359000,88.617,88.651,88.61,88.631,529890000,8
1753695360000,1753695839000,88.629,88.655,88.62,88.646,546410000,8
1753695840000,1753696319000,88.646,88.658,88.63,88.656,419110000,8
1753696320000,1753696799000,88.656,88.675,88.65,88.675,490140000,8
1753696800000,1753697279000,88.676,88.708,88.637,88.649,599620000,8
1753697280000,1753697759000,88.65,88.666,88.64,88.666,412050000,8
1753697760000,1753698239000,88.666,88.686,88.655,88.668,398600000,8
1753698240000,1753698719000,88.666,88.7,88.664,88.69,450190000,8
1753698720000,1753699199000,88.693,88.721,88.686,88.716,458570000,8
1753699200000,1753699679000,88.715,88.758,88.708,88.751,496270000,8
1753699680000,1753700159000,88.75,88.753,88.709,88.723,480490000,8
1753700160000,1753700639000,88.721,88.725,88.695,88.707,696050000,8
1753700640000,1753701119000,88.705,88.739,88.705,88.718,490330000,8
1753701120000,1753701599000,88.72,88.734,88.683,88.688,773930000,8
1753701600000,1753702079000,88.688,88.7,88.661,88.685,699300000,8
1753702080000,1753702559000,88.685,88.687,88.649,88.66,659090000,8
1753702560000,1753703039000,88.658,88.706,88.657,88.706,403060000,8
1753703040000,1753703519000,88.706,88.716,88.69,88.704,724280000,8
1753703520000,1753703999000,88.704,88.704,88.587,88.609,1214720000,8
1753704000000,1753704479000,88.61,88.645,88.564,88.584,1803840000,8
1753704480000,1753704959000,88.584,88.61,88.574,88.586,735920000,8
1753704960000,1753705439000,88.587,88.614,88.57,88.61,593350000,8
1753705440000,1753705919000,88.607,88.628,88.596,88.617,599020000,8
1753705920000,1753706399000,88.617,88.623,88.593,88.616,782410000,8
1753706400000,1753706879000,88.615,88.617,88.587,88.597,657120000,8
1753706880000,1753707359000,88.597,88.616,88.563,88.587,564410000,8
1753707360000,1753707839000,88.589,88.617,88.573,88.584,789560000,8
1753707840000,1753708319000,88.585,88.619,88.577,88.584,762250000,8
1753708320000,1753708799000,88.585,88.59,88.547,88.553,729580000,8
1753708800000,1753709279000,88.552,88.554,88.502,88.545,1006500000,8
1753709280000,1753709759000,88.543,88.572,88.53,88.564,1096400000,8
1753709760000,1753710239000,88.564,88.592,88.552,88.554,926770000,8
1753710240000,1753710719000,88.553,88.58,88.497,88.563,997120000,8
1753710720000,1753711199000,88.565,88.585,88.545,88.573,1045170000,8
1753711200000,1753711679000,88.572,88.636,88.563,88.635,1012010000,8
1753711680000,1753712159000,88.636,88.637,88.587,88.616,754160000,8
1753712160000,1753712639000,88.618,88.641,88.591,88.631,793320000,8
1753712640000,1753713119000,88.629,88.656,88.587,88.64,1213410000,8
1753713120000,1753713599000,88.641,88.669,88.624,88.653,877060000,8
1753713600000,1753714079000,88.653,88.682,88.64,88.682,687770000,8
1753714080000,1753714559000,88.683,88.686,88.626,88.686,875130000,8
1753714560000,1753715039000,88.683,88.696,88.657,88.696,1164880000,8
1753715040000,1753715519000,88.696,88.704,88.674,88.692,907730000,8
1753715520000,1753715999000,88.693,88.738,88.682,88.683,693300000,8
1753716000000,1753716479000,88.685,88.717,88.667,88.715,686910000,8
1753716480000,1753716959000,88.715,88.726,88.702,88.716,630120000,8
1753716960000,1753717439000,88.714,88.719,88.666,88.673,735400000,8
1753717440000,1753717919000,88.673,88.684,88.648,88.659,498820000,8
1753717920000,1753718399000,88.661,88.677,88.657,88.66,507780000,8
1753718400000,1753718879000,88.659,88.669,88.631,88.654,680010000,8
1753718880000,1753719359000,88.654,88.654,88.627,88.644,454130000,8
1753719360000,1753719839000,88.645,88.683,88.634,88.666,602120000,8
1753719840000,1753720319000,88.666,88.681,88.653,88.669,472110000,8
1753720320000,1753720799000,88.669,88.671,88.647,88.656,379010000,8
1753720800000,1753721279000,88.656,88.677,88.648,88.673,460400000,8
1753721280000,1753721759000,88.673,88.68,88.657,88.67,556660000,8
1753721760000,1753722239000,88.67,88.681,88.659,88.662,453190000,8
1753722240000,1753722719000,88.663,88.68,88.648,88.66,529020000,8
1753722720000,1753723199000,88.66,88.665,88.618,88.621,337740000,8
1753723200000,1753723679000,88.62,88.631,88.595,88.627,477090000,8
1753723680000,1753724159000,88.625,88.659,88.619,88.651,392640000,8
1753724160000,1753724639000,88.649,88.651,88.625,88.632,313460000,8
1753724640000,1753725119000,88.631,88.643,88.623,88.623,370650000,8
1753725120000,1753725599000,88.621,88.648,88.615,88.639,431710000,8
1753725600000,1753726079000,88.638,88.65,88.621,88.636,366770000,8
1753726080000,1753726559000,88.635,88.646,88.629,88.645,214720000,8
1753726560000,1753727039000,88.646,88.649,88.633,88.641,324210000,8
1753727040000,1753727519000,88.639,88.657,88.63,88.655,392980000,8
1753727520000,1753727999000,88.655,88.679,88.654,88.673,174360000,8
1753728000000,1753728479000,88.674,88.694,88.673,88.675,249600000,8
1753728480000,1753728959000,88.676,88.683,88.668,88.67,232920000,8
1753728960000,1753729439000,88.673,88.681,88.641,88.641,641130000,8
1753729440000,1753729919000,88.641,88.654,88.635,88.644,126810000,8
1753729920000,1753730399000,88.643,88.643,88.625,88.634,186360000,8
1753730400000,1753730879000,88.632,88.647,88.632,88.638,166060000,8
1753730880000,1753731359000,88.635,88.639,88.62,88.626,226360000,8
1753731360000,1753731839000,88.626,88.645,88.621,88.644,176610000,8
1753731840000,1753732319000,88.643,88.657,88.641,88.652,172830000,8
1753732320000,1753732799000,88.653,88.701,88.653,88.7,298830000,8
1753732800000,1753733279000,88.7,88.71,88.684,88.696,270660000,8
1753733280000,1753733759000,88.697,88.705,88.691,88.692,121650000,8
1753733760000,1753734239000,88.691,88.704,88.682,88.683,97200000,8
1753734240000,1753734719000,88.683,88.697,88.674,88.691,209560000,8
1753734720000,1753735199000,88.694,88.707,88.69,88.695,138600000,8
1753735200000,1753735679000,88.694,88.697,88.68,88.685,272100000,8
1753735680000,1753736159000,88.686,88.692,88.654,88.666,362060000,8
1753736160000,1753736639000,88.664,88.67,88.619,88.619,101680000,8
1753736640000,1753737119000,88.403,88.539,88.403,88.52,85640000,8
1753737120000,1753737599000,88.519,88.522,88.467,88.507,75300000,8
1753737600000,1753738079000,88.514,88.654,88.514,88.648,79940000,8
1753738080000,1753738559000,88.648,88.662,88.639,88.662,128540000,8
1753738560000,1753739039000,88.66,88.678,88.654,88.678,101320000,8
1753739040000,1753739519000,88.676,88.678,88.655,88.663,61500000,8
1753739520000,1753739999000,88.66,88.667,88.655,88.662,50840000,8
1753740000000,1753740479000,88.661,88.72,88.659,88.72,88840000,8
1753740480000,1753740959000,88.717,88.743,88.716,88.731,88650000,8
1753740960000,1753741439000,88.732,88.732,88.701,88.701,158140000,8
1753741440000,1753741919000,88.704,88.72,88.695,88.711,153340000,8
1753741920000,1753742399000,88.711,88.727,88.695,88.696,123290000,8
1753742400000,1753742879000,88.698,88.708,88.696,88.708,100410000,8
1753742880000,1753743359000,88.71,88.712,88.703,88.71,102120000,8
1753743360000,1753743839000,88.708,88.713,88.694,88.702,136880000,8
1753743840000,1753744319000,88.701,88.711,88.692,88.7,97200000,8
1753744320000,1753744799000,88.7,88.74,88.699,88.74,182880000,8
1753744800000,1753745279000,88.74,88.74,88.712,88.722,214800000,8
1753745280000,1753745759000,88.722,88.746,88.721,88.737,201390000,8
1753745760000,1753746239000,88.736,88.74,88.692,88.694,206160000,8
1753746240000,1753746719000,88.695,88.702,88.68,88.692,234400000,8
1753746720000,1753747199000,88.694,88.706,88.642,88.657,297690000,8
1753747200000,1753747679000,88.658,88.684,88.631,88.683,537530000,8
1753747680000,1753748159000,88.683,88.689,88.63,88.646,424950000,8
1753748160000,1753748639000,88.647,88.656,88.615,88.65,438530000,8
1753748640000,1753749119000,88.652,88.663,88.635,88.649,417820000,8
1753749120000,1753749599000,88.647,88.654,88.607,88.611,456990000,8
1753749600000,1753750079000,88.614,88.63,88.59,88.594,485780000,8
1753750080000,1753750559000,88.598,88.623,88.539,88.587,1013070000,8
1753750560000,1753751039000,88.588,88.667,88.588,88.642,831610000,8
1753751040000,1753751519000,88.644,88.655,88.608,88.633,615460000,8
1753751520000,1753751999000,88.632,88.689,88.627,88.683,484580000,8
1753752000000,1753752479000,88.683,88.716,88.667,88.682,380950000,8
1753752480000,1753752959000,88.68,88.723,88.675,88.695,543910000,8
1753752960000,1753753439000,88.693,88.714,88.669,88.674,615440000,8
1753753440000,1753753919000,88.674,88.702,88.661,88.696,374570000,8
1753753920000,1753754399000,88.699,88.733,88.679,88.687,561160000,8
1753754400000,1753754879000,88.685,88.717,88.67,88.716,589420000,8
1753754880000,1753755359000,88.716,88.728,88.674,88.687,632980000,8
1753755360000,1753755839000,88.686,88.691,88.638,88.654,386720000,8
1753755840000,1753756319000,88.655,88.663,88.588,88.602,622040000,8
1753756320000,1753756799000,88.601,88.632,88.597,88.619,308970000,8
1753756800000,1753757279000,88.617,88.645,88.614,88.641,425670000,8
1753757280000,1753757759000,88.639,88.646,88.611,88.623,368620000,8
1753757760000,1753758239000,88.624,88.64,88.609,88.629,436360000,8
1753758240000,1753758719000,88.628,88.637,88.602,88.625,351050000,8
1753758720000,1753759199000,88.626,88.635,88.608,88.631,229430000,8
1753759200000,1753759679000,88.632,88.634,88.607,88.61,241140000,8
1753759680000,1753760159000,88.609,88.617,88.545,88.563,390160000,8
1753760160000,1753760639000,88.568,88.571,88.518,88.547,464750000,8
1753760640000,1753761119000,88.545,88.545,88.512,88.518,349620000,8
1753761120000,1753761599000,88.52,88.534,88.495,88.53,363340000,8
1753761600000,1753762079000,88.531,88.572,88.531,88.546,312460000,8
1753762080000,1753762559000,88.547,88.57,88.536,88.56,280350000,8
1753762560000,1753763039000,88.561,88.588,88.547,88.551,450640000,8
1753763040000,1753763519000,88.551,88.556,88.525,88.541,308450000,8
1753763520000,1753763999000,88.542,88.555,88.518,88.544,331800000,8
1753764000000,1753764479000,88.547,88.577,88.54,88.555,300090000,8
1753764480000,1753764959000,88.555,88.563,88.517,88.535,300150000,8
1753764960000,1753765439000,88.537,88.559,88.525,88.547,349850000,8
1753765440000,1753765919000,88.546,88.552,88.511,88.518,296760000,8
1753765920000,1753766399000,88.517,88.543,88.512,88.525,218110000,8
1753766400000,1753766879000,88.526,88.534,88.473,88.473,387020000,8
1753766880000,1753767359000,88.471,88.513,88.462,88.5,379410000,8
1753767360000,1753767839000,88.5,88.501,88.468,88.494,351630000,8
1753767840000,1753768319000,88.494,88.538,88.493,88.533,351280000,8
1753768320000,1753768799000,88.534,88.538,88.47,88.501,500880000,8
1753768800000,1753769279000,88.506,88.507,88.436,88.449,786180000,8
1753769280000,1753769759000,88.449,88.49,88.431,88.486,677250000,8
1753769760000,1753770239000,88.485,88.507,88.476,88.482,484200000,8
1753770240000,1753770719000,88.482,88.499,88.476,88.482,499780000,8
1753770720000,1753771199000,88.48,88.483,88.428,88.459,998790000,8
1753771200000,1753771679000,88.458,88.478,88.44,88.449,638910000,8
1753771680000,1753772159000,88.45,88.463,88.386,88.39,1121980000,8
1753772160000,1753772639000,88.388,88.431,88.376,88.396,1420160000,8
1753772640000,1753773119000,88.402,88.417,88.392,88.403,1091370000,8
1753773120000,1753773599000,88.402,88.453,88.393,88.446,1008270000,8
1753773600000,1753774079000,88.448,88.459,88.425,88.445,825750000,8
1753774080000,1753774559000,88.445,88.449,88.394,88.449,718880000,8
1753774560000,1753775039000,88.448,88.45,88.41,88.414,665020000,8
1753775040000,1753775519000,88.412,88.43,88.399,88.418,562020000,8
1753775520000,1753775999000,88.419,88.42,88.383,88.384,491640000,8
1753776000000,1753776479000,88.385,88.387,88.342,88.349,715300000,8
1753776480000,1753776959000,88.348,88.395,88.341,88.393,565030000,8
1753776960000,1753777439000,88.393,88.401,88.372,88.393,717510000,8
1753777440000,1753777919000,88.393,88.405,88.379,88.389,455960000,8
1753777920000,1753778399000,88.387,88.438,88.387,88.438,439170000,8
1753778400000,1753778879000,88.439,88.465,88.432,88.456,570660000,8
1753778880000,1753779359000,88.453,88.519,88.442,88.516,588900000,8
1753779360000,1753779839000,88.516,88.545,88.479,88.485,702340000,8
1753779840000,1753780319000,88.487,88.518,88.481,88.499,513300000,8
1753780320000,1753780799000,88.502,88.514,88.491,88.499,409350000,8
1753780800000,1753781279000,88.501,88.537,88.491,88.537,521100000,8
1753781280000,1753781759000,88.537,88.586,88.528,88.532,618420000,8
1753781760000,1753782239000,88.533,88.557,88.515,88.515,469160000,8
1753782240000,1753782719000,88.516,88.553,88.513,88.526,447310000,8
1753782720000,1753783199000,88.526,88.531,88.495,88.512,502190000,8
1753783200000,1753783679000,88.513,88.527,88.501,88.505,561670000,8
1753783680000,1753784159000,88.504,88.518,88.498,88.498,423350000,8
1753784160000,1753784639000,88.496,88.516,88.475,88.481,444430000,8
1753784640000,1753785119000,88.481,88.492,88.447,88.489,522480000,8
1753785120000,1753785599000,88.49,88.505,88.461,88.484,403600000,8
1753785600000,1753786079000,88.485,88.505,88.471,88.502,308400000,8
1753786080000,1753786559000,88.503,88.508,88.477,88.492,352800000,8
1753786560000,1753787039000,88.492,88.492,88.461,88.466,560080000,8
1753787040000,1753787519000,88.468,88.474,88.437,88.463,529390000,8
1753787520000,1753787999000,88.465,88.475,88.448,88.465,436530000,8
1753788000000,1753788479000,88.465,88.481,88.457,88.479,345760000,8
1753788480000,1753788959000,88.479,88.515,88.479,88.512,450800000,8
1753788960000,1753789439000,88.511,88.512,88.436,88.46,947840000,8
1753789440000,1753789919000,88.459,88.498,88.459,88.492,624090000,8
1753789920000,1753790399000,88.493,88.495,88.426,88.452,872320000,8
1753790400000,1753790879000,88.446,88.461,88.425,88.447,904050000,8
1753790880000,1753791359000,88.449,88.454,88.426,88.428,576360000,8
1753791360000,1753791839000,88.429,88.449,88.377,88.38,883950000,8
1753791840000,1753792319000,88.379,88.433,88.377,88.429,726340000,8
1753792320000,1753792799000,88.429,88.445,88.392,88.403,563410000,8
1753792800000,1753793279000,88.403,88.458,88.39,88.453,673100000,8
1753793280000,1753793759000,88.454,88.454,88.421,88.431,615400000,8
1753793760000,1753794239000,88.429,88.432,88.37,88.394,735310000,8
1753794240000,1753794719000,88.396,88.436,88.387,88.416,601680000,8
1753794720000,1753795199000,88.417,88.419,88.379,88.388,473020000,8
1753795200000,1753795679000,88.389,88.427,88.389,88.406,524530000,8
1753795680000,1753796159000,88.408,88.439,88.406,88.439,716870000,8
1753796160000,1753796639000,88.434,88.439,88.385,88.416,689100000,8
1753796640000,1753797119000,88.416,88.427,88.398,88.422,906360000,8
1753797120000,1753797599000,88.423,88.44,88.405,88.413,810160000,8
1753797600000,1753798079000,88.405,88.452,88.391,88.4,1608290000,8
1753798080000,1753798559000,88.399,88.41,88.374,88.399,1102200000,8
1753798560000,1753799039000,88.396,88.418,88.375,88.402,1126920000,8
1753799040000,1753799519000,88.405,88.45,88.4,88.442,1110490000,8
1753799520000,1753799999000,88.444,88.447,88.393,88.43,1157430000,8
1753800000000,1753800479000,88.43,88.465,88.425,88.456,1011750000,8
1753800480000,1753800959000,88.455,88.459,88.363,88.397,1502400000,8
1753800960000,1753801439000,88.396,88.405,88.338,88.35,1681510000,8
1753801440000,1753801919000,88.35,88.377,88.344,88.351,1183080000,8
1753801920000,1753802399000,88.349,88.389,88.347,88.379,917970000,8
1753802400000,1753802879000,88.38,88.386,88.358,88.382,746520000,8
1753802880000,1753803359000,88.383,88.406,88.364,88.387,873320000,8
1753803360000,1753803839000,88.389,88.409,88.373,88.391,609630000,8
1753803840000,1753804319000,88.389,88.478,88.389,88.463,947920000,8
1753804320000,1753804799000,88.462,88.474,88.435,88.444,758280000,8
1753804800000,1753805279000,88.445,88.456,88.412,88.433,642100000,8
1753805280000,1753805759000,88.433,88.448,88.418,88.444,577700000,8
1753805760000,1753806239000,88.445,88.468,88.42,88.425,580230000,8
1753806240000,1753806719000,88.427,88.435,88.406,88.427,693570000,8
1753806720000,1753807199000,88.426,88.431,88.393,88.408,507460000,8
1753807200000,1753807679000,88.407,88.443,88.397,88.433,533340000,8
1753807680000,1753808159000,88.431,88.445,88.413,88.418,496220000,8
1753808160000,1753808639000,88.415,88.46,88.415,88.445,732680000,8
1753808640000,1753809119000,88.447,88.452,88.427,88.434,537550000,8
1753809120000,1753809599000,88.429,88.458,88.422,88.442,726810000,8
1753809600000,1753810079000,88.443,88.456,88.415,88.42,622410000,8
1753810080000,1753810559000,88.419,88.44,88.41,88.416,567560000,8
1753810560000,1753811039000,88.415,88.43,88.385,88.387,688070000,8
1753811040000,1753811519000,88.391,88.407,88.383,88.403,426960000,8
1753811520000,1753811999000,88.402,88.415,88.389,88.401,407390000,8
1753812000000,1753812479000,88.402,88.435,88.401,88.419,429910000,8
1753812480000,1753812959000,88.42,88.42,88.399,88.417,337200000,8
1753812960000,1753813439000,88.417,88.435,88.415,88.418,278510000,8
1753813440000,1753813919000,88.418,88.431,88.41,88.429,282610000,8
1753813920000,1753814399000,88.43,88.465,88.428,88.463,232780000,8
1753814400000,1753814879000,88.464,88.486,88.463,88.473,226870000,8
1753814880000,1753815359000,88.473,88.476,88.434,88.439,278610000,8
1753815360000,1753815839000,88.441,88.441,88.408,88.412,664460000,8
1753815840000,1753816319000,88.413,88.426,88.397,88.403,505660000,8
1753816320000,1753816799000,88.403,88.417,88.396,88.408,452620000,8
1753816800000,1753817279000,88.406,88.414,88.391,88.403,294680000,8
1753817280000,1753817759000,88.407,88.41,88.396,88.396,329760000,8
1753817760000,1753818239000,88.398,88.4,88.383,88.391,364050000,8
1753818240000,1753818719000,88.391,88.421,88.391,88.416,226470000,8
1753818720000,1753819199000,88.416,88.446,88.414,88.443,393880000,8
1753819200000,1753819679000,88.443,88.452,88.428,88.438,231290000,8
1753819680000,1753820159000,88.439,88.445,88.428,88.432,107280000,8
1753820160000,1753820639000,88.43,88.43,88.395,88.398,95040000,8
1753820640000,1753821119000,88.398,88.408,88.392,88.403,135900000,8
1753821120000,1753821599000,88.402,88.428,88.401,88.425,146250000,8
1753821600000,1753822079000,88.424,88.428,88.396,88.405,219480000,8
1753822080000,1753822559000,88.405,88.408,88.387,88.387,176400000,8
1753822560000,1753823039000,88.386,88.402,88.371,88.371,135680000,8
1753823040000,1753823519000,88.227,88.32,88.227,88.283,46720000,8
1753823520000,1753823999000,88.283,88.309,88.275,88.298,42970000,8
1753824000000,1753824479000,88.298,88.303,88.275,88.298,19720000,8
1753824480000,1753824959000,88.298,88.337,88.297,88.308,125780000,8
1753824960000,1753825439000,88.31,88.353,88.305,88.352,448930000,8
1753825440000,1753825919000,88.352,88.378,88.321,88.377,204420000,8
1753825920000,1753826399000,88.376,88.378,88.352,88.366,181410000,8
1753826400000,1753826879000,88.369,88.446,88.364,88.414,164480000,8
1753826880000,1753827359000,88.413,88.416,88.395,88.411,130980000,8
1753827360000,1753827839000,88.413,88.42,88.397,88.401,87200000,8
1753827840000,1753828319000,88.4,88.417,88.397,88.412,82380000,8
1753828320000,1753828799000,88.412,88.416,88.402,88.411,73650000,8
1753828800000,1753829279000,88.413,88.413,88.379,88.393,107850000,8
1753829280000,1753829759000,88.391,88.407,88.377,88.401,126390000,8
1753829760000,1753830239000,88.4,88.411,88.379,88.407,127460000,8
1753830240000,1753830719000,88.408,88.425,88.404,88.423,98100000,8
1753830720000,1753831199000,88.422,88.424,88.404,88.414,110540000,8
1753831200000,1753831679000,88.412,88.417,88.404,88.406,101040000,8
1753831680000,1753832159000,88.406,88.421,88.394,88.421,143610000,8
1753832160000,1753832639000,88.42,88.422,88.391,88.394,91870000,8
1753832640000,1753833119000,88.394,88.396,88.379,88.379,180930000,8
1753833120000,1753833599000,88.378,88.39,88.357,88.376,443470000,8
1753833600000,1753834079000,88.377,88.434,88.371,88.412,912750000,8
1753834080000,1753834559000,88.412,88.433,88.398,88.398,514420000,8
1753834560000,1753835039000,88.397,88.414,88.39,88.411,478390000,8
1753835040000,1753835519000,88.413,88.419,88.388,88.393,450520000,8
1753835520000,1753835999000,88.393,88.414,88.381,88.398,596270000,8
1753836000000,1753836479000,88.399,88.419,88.39,88.409,463470000,8
1753836480000,1753836959000,88.411,88.455,88.361,88.364,927770000,8
1753836960000,1753837439000,88.364,88.394,88.324,88.361,1062650000,8
1753837440000,1753837919000,88.361,88.363,88.325,88.331,683590000,8
1753837920000,1753838399000,88.333,88.355,88.304,88.337,741200000,8
1753838400000,1753838879000,88.337,88.364,88.326,88.328,718960000,8
1753838880000,1753839359000,88.331,88.348,88.227,88.308,1484090000,8
1753839360000,1753839839000,88.307,88.357,88.307,88.338,932420000,8
1753839840000,1753840319000,88.338,88.399,88.331,88.382,747260000,8
1753840320000,1753840799000,88.381,88.391,88.345,88.371,740690000,8
1753840800000,1753841279000,88.373,88.383,88.33,88.333,692700000,8
1753841280000,1753841759000,88.334,88.38,88.33,88.363,530970000,8
1753841760000,1753842239000,88.363,88.37,88.334,88.36,414240000,8
1753842240000,1753842719000,88.359,88.366,88.323,88.342,365980000,8
1753842720000,1753843199000,88.343,88.36,88.326,88.343,413520000,8
1753843200000,1753843679000,88.342,88.354,88.318,88.336,334930000,8
1753843680000,1753844159000,88.338,88.352,88.334,88.35,410200000,8
1753844160000,1753844639000,88.349,88.364,88.311,88.331,553650000,8
1753844640000,1753845119000,88.331,88.339,88.291,88.292,426320000,8
1753845120000,1753845599000,88.292,88.311,88.26,88.267,516390000,8
1753845600000,1753846079000,88.267,88.285,88.252,88.277,462570000,8
1753846080000,1753846559000,88.275,88.289,88.25,88.266,442860000,8
1753846560000,1753847039000,88.266,88.313,88.259,88.303,463560000,8
1753847040000,1753847519000,88.303,88.307,88.276,88.284,290550000,8
1753847520000,1753847999000,88.281,88.287,88.252,88.281,311010000,8
1753848000000,1753848479000,88.282,88.317,88.277,88.297,479070000,8
1753848480000,1753848959000,88.297,88.345,88.291,88.332,504040000,8
1753848960000,1753849439000,88.332,88.34,88.31,88.318,270870000,8
1753849440000,1753849919000,88.317,88.343,88.315,88.342,228120000,8
1753849920000,1753850399000,88.34,88.35,88.304,88.304,221160000,8
1753850400000,1753850879000,88.303,88.312,88.294,88.305,199200000,8
1753850880000,1753851359000,88.303,88.314,88.288,88.304,279760000,8
1753851360000,1753851839000,88.303,88.318,88.275,88.285,336600000,8
1753851840000,1753852319000,88.285,88.285,88.236,88.242,370170000,8
1753852320000,1753852799000,88.242,88.255,88.227,88.233,324000000,8
1753852800000,1753853279000,88.233,88.233,88.187,88.204,556640000,8
1753853280000,1753853759000,88.206,88.241,88.197,88.212,511410000,8
1753853760000,1753854239000,88.211,88.257,88.211,88.219,427890000,8
1753854240000,1753854719000,88.219,88.235,88.199,88.229,464460000,8
1753854720000,1753855199000,88.228,88.25,88.215,88.25,567030000,8
1753855200000,1753855679000,88.25,88.282,88.226,88.268,977650000,8
1753855680000,1753856159000,88.269,88.288,88.241,88.285,614860000,8
1753856160000,1753856639000,88.283,88.288,88.227,88.24,571100000,8
1753856640000,1753857119000,88.239,88.284,88.218,88.257,742750000,8
1753857120000,1753857599000,88.256,88.269,88.216,88.221,494300000,8
1753857600000,1753858079000,88.219,88.227,88.184,88.19,393610000,8
1753858080000,1753858559000,88.189,88.197,88.151,88.164,569700000,8
1753858560000,1753859039000,88.164,88.201,88.148,88.187,600790000,8
1753859040000,1753859519000,88.186,88.215,88.17,88.195,797980000,8
1753859520000,1753859999000,88.191,88.203,88.164,88.193,755910000,8
1753860000000,1753860479000,88.193,88.22,88.181,88.2,741490000,8
1753860480000,1753860959000,88.199,88.206,88.178,88.192,510390000,8
1753860960000,1753861439000,88.193,88.212,88.187,88.193,470100000,8
1753861440000,1753861919000,88.192,88.203,88.174,88.197,421100000,8
1753861920000,1753862399000,88.196,88.214,88.186,88.21,410290000,8
1753862400000,1753862879000,88.211,88.233,88.204,88.222,557250000,8
1753862880000,1753863359000,88.222,88.229,88.174,88.183,533790000,8
1753863360000,1753863839000,88.185,88.194,88.136,88.15,576390000,8
1753863840000,1753864319000,88.15,88.166,88.128,88.16,655380000,8
1753864320000,1753864799000,88.158,88.158,88.104,88.13,430080000,8
1753864800000,1753865279000,88.133,88.152,88.12,88.152,348570000,8
1753865280000,1753865759000,88.153,88.165,88.129,88.152,305940000,8
1753865760000,1753866239000,88.151,88.163,88.134,88.163,347220000,8
1753866240000,1753866719000,88.163,88.167,88.111,88.115,475110000,8
1753866720000,1753867199000,88.116,88.153,88.112,88.15,407730000,8
1753867200000,1753867679000,88.15,88.177,88.142,88.175,490160000,8
1753867680000,1753868159000,88.176,88.181,88.151,88.151,483960000,8
1753868160000,1753868639000,88.151,88.154,88.135,88.143,391190000,8
1753868640000,1753869119000,88.143,88.158,88.121,88.157,604510000,8
1753869120000,1753869599000,88.159,88.183,88.142,88.18,545530000,8
1753869600000,1753870079000,88.179,88.188,88.144,88.163,520680000,8
1753870080000,1753870559000,88.165,88.18,88.149,88.173,423210000,8
1753870560000,1753871039000,88.175,88.188,88.169,88.172,397110000,8
1753871040000,1753871519000,88.171,88.204,88.165,88.203,317370000,8
1753871520000,1753871999000,88.203,88.208,88.163,88.171,347880000,8
1753872000000,1753872479000,88.172,88.191,88.159,88.167,305800000,8
1753872480000,1753872959000,88.166,88.184,88.16,88.17,285000000,8
1753872960000,1753873439000,88.168,88.168,88.101,88.113,316440000,8
1753873440000,1753873919000,88.114,88.137,88.099,88.131,389880000,8
1753873920000,1753874399000,88.129,88.157,88.129,88.134,360000000,8
1753874400000,1753874879000,88.137,88.167,88.136,88.161,458890000,8
1753874880000,1753875359000,88.16,88.183,88.15,88.176,504150000,8
1753875360000,1753875839000,88.175,88.186,88.153,88.168,394040000,8
1753875840000,1753876319000,88.169,88.193,88.169,88.175,403740000,8
1753876320000,1753876799000,88.174,88.185,88.151,88.184,563140000,8
1753876800000,1753877279000,88.182,88.19,88.16,88.184,618430000,8
1753877280000,1753877759000,88.184,88.192,88.119,88.154,983310000,8
1753877760000,1753878239000,88.152,88.181,88.142,88.148,889180000,8
1753878240000,1753878719000,88.15,88.181,88.072,88.149,1311140000,8
1753878720000,1753879199000,88.15,88.247,88.145,88.235,2047160000,8
1753879200000,1753879679000,88.236,88.262,88.221,88.247,1366060000,8
1753879680000,1753880159000,88.25,88.259,88.205,88.214,1490130000,8
1753880160000,1753880639000,88.215,88.222,88.186,88.206,1676100000,8
1753880640000,1753881119000,88.206,88.221,88.157,88.168,996750000,8
1753881120000,1753881599000,88.169,88.221,88.16,88.217,1128200000,8
1753881600000,1753882079000,88.221,88.23,88.168,88.174,1037010000,8
1753882080000,1753882559000,88.175,88.216,88.145,88.21,1338730000,8
1753882560000,1753883039000,88.21,88.247,88.209,88.221,1044970000,8
1753883040000,1753883519000,88.223,88.231,88.137,88.147,1255530000,8
1753883520000,1753883999000,88.148,88.161,88.118,88.146,1132670000,8
1753884000000,1753884479000,88.148,88.177,88.123,88.163,1223470000,8
1753884480000,1753884959000,88.159,88.178,88.147,88.169,969370000,8
1753884960000,1753885439000,88.169,88.169,88.121,88.138,846110000,8
1753885440000,1753885919000,88.14,88.143,88.086,88.097,710750000,8
1753885920000,1753886399000,88.098,88.106,88.052,88.074,723760000,8
1753886400000,1753886879000,88.076,88.137,88.059,88.125,725060000,8
1753886880000,1753887359000,88.125,88.14,88.078,88.111,880280000,8
1753887360000,1753887839000,88.116,88.169,88.116,88.126,1151620000,8
1753887840000,1753888319000,88.128,88.14,88.108,88.111,680960000,8
1753888320000,1753888799000,88.112,88.112,88.069,88.073,554460000,8
1753888800000,1753889279000,88.072,88.12,88.072,88.098,589610000,8
1753889280000,1753889759000,88.099,88.124,88.086,88.117,585690000,8
1753889760000,1753890239000,88.117,88.125,88.098,88.11,516190000,8
1753890240000,1753890719000,88.109,88.121,88.096,88.115,323410000,8
1753890720000,1753891199000,88.114,88.121,88.099,88.114,457230000,8
1753891200000,1753891679000,88.113,88.137,88.109,88.12,537440000,8
1753891680000,1753892159000,88.118,88.13,88.104,88.11,400430000,8
1753892160000,1753892639000,88.11,88.146,88.11,88.131,406320000,8
1753892640000,1753893119000,88.132,88.145,88.123,88.129,345580000,8
1753893120000,1753893599000,88.127,88.142,88.106,88.106,238590000,8
1753893600000,1753894079000,88.105,88.116,88.095,88.096,269210000,8
1753894080000,1753894559000,88.097,88.127,88.095,88.111,360860000,8
1753894560000,1753895039000,88.11,88.112,88.091,88.1,511920000,8
1753895040000,1753895519000,88.101,88.106,88.089,88.103,383340000,8
1753895520000,1753895999000,88.103,88.112,88.09,88.106,512190000,8
1753896000000,1753896479000,88.104,88.118,88.102,88.11,454470000,8
1753896480000,1753896959000,88.11,88.135,88.104,88.125,395950000,8
1753896960000,1753897439000,88.125,88.157,88.119,88.154,260140000,8
1753897440000,1753897919000,88.154,88.168,88.144,88.155,485720000,8
1753897920000,1753898399000,88.156,88.185,88.102,88.102,628850000,8
1753898400000,1753898879000,88.097,88.176,88.069,88.092,2976740000,8
1753898880000,1753899359000,88.093,88.099,88.059,88.093,2188290000,8
1753899360000,1753899839000,88.095,88.1,88.064,88.08,1401200000,8
1753899840000,1753900319000,88.082,88.105,88.055,88.092,1505150000,8
1753900320000,1753900799000,88.09,88.104,88.025,88.053,4148110000,8
1753900800000,1753901279000,88.051,88.103,88.011,88.096,3345730000,8
1753901280000,1753901759000,88.096,88.104,87.991,88.016,3009380000,8
1753901760000,1753902239000,88.014,88.039,87.961,87.978,2904730000,8
1753902240000,1753902719000,87.976,87.984,87.901,87.928,2237280000,8
1753902720000,1753903199000,87.928,87.977,87.922,87.971,1276580000,8
1753903200000,1753903679000,87.97,88.007,87.948,88.004,1032220000,8
1753903680000,1753904159000,88.003,88.037,87.988,88.021,849900000,8
1753904160000,1753904639000,88.018,88.022,87.95,87.972,773580000,8
1753904640000,1753905119000,87.973,88.032,87.964,88.031,731250000,8
1753905120000,1753905599000,88.029,88.033,87.991,88.015,1017180000,8
1753905600000,1753906079000,88.016,88.085,87.999,88.071,654870000,8
1753906080000,1753906559000,88.07,88.077,88.05,88.058,431200000,8
1753906560000,1753907039000,88.06,88.078,88.054,88.075,458980000,8
1753907040000,1753907519000,88.078,88.101,88.071,88.101,357560000,8
1753907520000,1753907999000,88.103,88.168,88.103,88.165,347640000,8
1753908000000,1753908479000,88.159,88.172,88.122,88.123,240590000,8
1753908480000,1753908959000,88.124,88.133,88.107,88.128,374110000,8
1753908960000,1753909439000,88.124,88.136,88.037,88.062,283400000,8
1753909440000,1753909919000,88.057,88.097,88.057,88.097,26320000,8
1753909920000,1753910399000,88.097,88.1,88.097,88.098,48400000,8
1753910400000,1753910879000,88.098,88.104,88.097,88.103,35400000,8
1753910880000,1753911359000,88.104,88.114,88.077,88.077,65920000,8
1753911360000,1753911839000,88.081,88.084,88.069,88.08,78000000,8
1753911840000,1753912319000,88.079,88.093,88.068,88.075,90000000,8
1753912320000,1753912799000,88.073,88.091,88.062,88.091,77820000,8
1753912800000,1753913279000,88.089,88.16,88.082,88.128,105840000,8
1753913280000,1753913759000,88.13,88.142,88.118,88.139,152100000,8
1753913760000,1753914239000,88.141,88.178,88.132,88.155,256580000,8
1753914240000,1753914719000,88.153,88.16,88.139,88.157,204930000,8
1753914720000,1753915199000,88.155,88.172,88.137,88.137,272400000,8
1753915200000,1753915679000,88.137,88.192,88.134,88.19,284140000,8
1753915680000,1753916159000,88.192,88.192,88.159,88.175,250180000,8
1753916160000,1753916639000,88.172,88.179,88.134,88.161,383540000,8
1753916640000,1753917119000,88.163,88.179,88.145,88.177,233490000,8
1753917120000,1753917599000,88.175,88.195,88.164,88.195,268800000,8
1753917600000,1753918079000,88.191,88.209,88.169,88.197,263020000,8
1753918080000,1753918559000,88.199,88.212,88.17,88.191,305400000,8
1753918560000,1753919039000,88.192,88.225,88.192,88.217,308800000,8
1753919040000,1753919519000,88.218,88.219,88.174,88.185,400530000,8
1753919520000,1753919999000,88.186,88.205,88.137,88.148,407490000,8
1753920000000,1753920479000,88.148,88.199,88.126,88.179,908810000,8
1753920480000,1753920959000,88.18,88.228,88.159,88.159,785290000,8
1753920960000,1753921439000,88.159,88.175,88.138,88.172,692970000,8
1753921440000,1753921919000,88.17,88.193,88.149,88.164,745290000,8
1753921920000,1753922399000,88.166,88.221,88.155,88.207,516260000,8
1753922400000,1753922879000,88.209,88.218,88.18,88.197,586020000,8
1753922880000,1753923359000,88.194,88.204,88.125,88.127,823570000,8
1753923360000,1753923839000,88.125,88.187,88.113,88.129,748740000,8
1753923840000,1753924319000,88.128,88.132,88.06,88.063,717000000,8
1753924320000,1753924799000,88.065,88.098,88.035,88.073,794220000,8
1753924800000,1753925279000,88.075,88.128,88.07,88.119,694100000,8
1753925280000,1753925759000,88.119,88.15,88.1,88.134,650880000,8
1753925760000,1753926239000,88.132,88.136,88.068,88.097,707030000,8
1753926240000,1753926719000,88.1,88.104,88.014,88.016,767080000,8
1753926720000,1753927199000,88.019,88.033,87.97,87.995,974500000,8
1753927200000,1753927679000,87.994,88.018,87.956,88.007,969690000,8
1753927680000,1753928159000,88.007,88.035,87.994,88.021,813400000,8
1753928160000,1753928639000,88.021,88.027,87.996,87.996,598060000,8
1753928640000,1753929119000,87.996,88.015,87.963,87.972,676570000,8
1753929120000,1753929599000,87.974,87.986,87.956,87.978,517170000,8
1753929600000,1753930079000,87.978,88.016,87.968,88.007,512930000,8
1753930080000,1753930559000,88.007,88.028,87.981,88.026,386950000,8
1753930560000,1753931039000,88.024,88.08,87.904,87.956,1152150000,8
1753931040000,1753931519000,87.956,87.97,87.857,87.97,843830000,8
1753931520000,1753931999000,87.97,88.02,87.964,87.99,545880000,8
1753932000000,1753932479000,87.988,87.997,87.948,87.981,663510000,8
1753932480000,1753932959000,87.979,88.017,87.967,87.988,700170000,8
1753932960000,1753933439000,87.985,88.0,87.94,87.995,578070000,8
1753933440000,1753933919000,87.992,87.992,87.947,87.981,546000000,8
1753933920000,1753934399000,87.98,87.989,87.945,87.987,447710000,8
1753934400000,1753934879000,87.989,88.046,87.989,88.043,556900000,8
1753934880000,1753935359000,88.04,88.049,88.018,88.032,517000000,8
1753935360000,1753935839000,88.033,88.072,88.025,88.059,594240000,8
1753935840000,1753936319000,88.058,88.08,88.027,88.055,661530000,8
1753936320000,1753936799000,88.056,88.15,88.037,88.149,636640000,8
1753936800000,1753937279000,88.151,88.197,88.143,88.196,392220000,8
1753937280000,1753937759000,88.197,88.197,88.15,88.178,495390000,8
1753937760000,1753938239000,88.178,88.237,88.173,88.204,653020000,8
1753938240000,1753938719000,88.202,88.212,88.144,88.164,531720000,8
1753938720000,1753939199000,88.167,88.207,88.156,88.2,490200000,8
1753939200000,1753939679000,88.201,88.218,88.189,88.215,494100000,8
1753939680000,1753940159000,88.212,88.213,88.167,88.187,481070000,8
1753940160000,1753940639000,88.188,88.201,88.172,88.181,464760000,8
1753940640000,1753941119000,88.179,88.207,88.168,88.189,412000000,8
1753941120000,1753941599000,88.193,88.222,88.185,88.209,600790000,8
1753941600000,1753942079000,88.215,88.231,88.174,88.175,871430000,8
1753942080000,1753942559000,88.176,88.278,88.163,88.274,653770000,8
1753942560000,1753943039000,88.274,88.313,88.258,88.306,713200000,8
1753943040000,1753943519000,88.306,88.316,88.26,88.291,616800000,8
1753943520000,1753943999000,88.293,88.316,88.215,88.29,1247280000,8
1753944000000,1753944479000,88.292,88.374,88.258,88.355,1207370000,8
1753944480000,1753944959000,88.355,88.355,88.25,88.25,831170000,8
1753944960000,1753945439000,88.249,88.341,88.231,88.314,1262870000,8
1753945440000,1753945919000,88.311,88.354,88.259,88.275,1002150000,8
1753945920000,1753946399000,88.274,88.38,88.272,88.376,1090820000,8
1753946400000,1753946879000,88.378,88.401,88.349,88.389,1182030000,8
1753946880000,1753947359000,88.389,88.437,88.362,88.434,946480000,8
1753947360000,1753947839000,88.434,88.517,88.433,88.517,917470000,8
1753947840000,1753948319000,88.517,88.603,88.502,88.502,1071710000,8
1753948320000,1753948799000,88.5,88.515,88.429,88.451,795870000,8
1753948800000,1753949279000,88.447,88.465,88.376,88.395,919890000,8
1753949280000,1753949759000,88.393,88.413,88.377,88.398,698700000,8
1753949760000,1753950239000,88.395,88.403,88.365,88.372,676520000,8
1753950240000,1753950719000,88.373,88.408,88.36,88.406,674520000,8
1753950720000,1753951199000,88.409,88.479,88.407,88.458,747750000,8
1753951200000,1753951679000,88.459,88.476,88.438,88.454,626510000,8
1753951680000,1753952159000,88.452,88.511,88.444,88.494,719310000,8
1753952160000,1753952639000,88.493,88.509,88.448,88.457,652920000,8
1753952640000,1753953119000,88.457,88.524,88.457,88.52,630680000,8
1753953120000,1753953599000,88.519,88.522,88.462,88.462,427200000,8
1753953600000,1753954079000,88.461,88.481,88.452,88.48,446520000,8
1753954080000,1753954559000,88.48,88.509,88.471,88.485,594810000,8
1753954560000,1753955039000,88.484,88.526,88.479,88.523,477930000,8
1753955040000,1753955519000,88.523,88.55,88.507,88.548,331350000,8
1753955520000,1753955999000,88.546,88.568,88.542,88.548,443610000,8
1753956000000,1753956479000,88.549,88.571,88.51,88.521,452160000,8
1753956480000,1753956959000,88.523,88.53,88.506,88.509,399510000,8
1753956960000,1753957439000,88.508,88.524,88.489,88.512,517070000,8
1753957440000,1753957919000,88.511,88.519,88.456,88.456,576810000,8
1753957920000,1753958399000,88.457,88.457,88.413,88.42,653430000,8
1753958400000,1753958879000,88.424,88.489,88.419,88.47,392670000,8
1753958880000,1753959359000,88.47,88.524,88.462,88.511,473030000,8
1753959360000,1753959839000,88.513,88.526,88.471,88.499,844110000,8
1753959840000,1753960319000,88.498,88.498,88.43,88.453,634350000,8
1753960320000,1753960799000,88.454,88.537,88.454,88.531,588000000,8
1753960800000,1753961279000,88.534,88.592,88.524,88.543,586700000,8
1753961280000,1753961759000,88.542,88.551,88.49,88.522,604830000,8
1753961760000,1753962239000,88.522,88.522,88.478,88.482,534000000,8
1753962240000,1753962719000,88.483,88.516,88.476,88.498,578900000,8
1753962720000,1753963199000,88.498,88.567,88.498,88.552,749760000,8
1753963200000,1753963679000,88.551,88.562,88.513,88.527,700290000,8
1753963680000,1753964159000,88.526,88.559,88.511,88.538,614040000,8
1753964160000,1753964639000,88.538,88.581,88.526,88.578,662250000,8
1753964640000,1753965119000,88.581,88.606,88.494,88.591,1122450000,8
1753965120000,1753965599000,88.593,88.614,88.576,88.605,1624920000,8
1753965600000,1753966079000,88.606,88.647,88.598,88.609,1150320000,8
1753966080000,1753966559000,88.61,88.659,88.599,88.654,973840000,8
1753966560000,1753967039000,88.652,88.659,88.596,88.65,1114410000,8
1753967040000,1753967519000,88.648,88.679,88.611,88.628,1235310000,8
1753967520000,1753967999000,88.627,88.654,88.619,88.624,752460000,8
1753968000000,1753968479000,88.622,88.629,88.598,88.614,663240000,8
1753968480000,1753968959000,88.612,88.636,88.585,88.612,1096200000,8
1753968960000,1753969439000,88.614,88.649,88.598,88.624,862350000,8
1753969440000,1753969919000,88.623,88.671,88.604,88.659,1012760000,8
1753969920000,1753970399000,88.659,88.73,88.651,88.708,1147270000,8
1753970400000,1753970879000,88.709,88.77,88.672,88.753,1120710000,8
1753970880000,1753971359000,88.753,88.753,88.689,88.73,1324130000,8
1753971360000,1753971839000,88.73,88.778,88.722,88.768,1107220000,8
1753971840000,1753972319000,88.769,88.819,88.757,88.794,989880000,8
1753972320000,1753972799000,88.795,88.829,88.757,88.805,992850000,8
1753972800000,1753973279000,88.807,88.817,88.765,88.777,1017300000,8
1753973280000,1753973759000,88.778,88.782,88.737,88.773,1301390000,8
1753973760000,1753974239000,88.776,88.874,88.751,88.823,2299670000,8
1753974240000,1753974719000,88.822,88.83,88.723,88.734,1424390000,8
1753974720000,1753975199000,88.733,88.743,88.672,88.698,1189670000,8
1753975200000,1753975679000,88.697,88.72,88.686,88.714,810270000,8
1753975680000,1753976159000,88.714,88.775,88.713,88.765,713770000,8
1753976160000,1753976639000,88.766,88.813,88.757,88.763,866000000,8
1753976640000,1753977119000,88.763,88.765,88.728,88.743,922980000,8
1753977120000,1753977599000,88.741,88.755,88.73,88.749,812870000,8
1753977600000,1753978079000,88.749,88.81,88.734,88.809,789690000,8
1753978080000,1753978559000,88.809,88.849,88.797,88.843,586050000,8
1753978560000,1753979039000,88.842,88.851,88.808,88.847,688250000,8
1753979040000,1753979519000,88.844,88.849,88.819,88.837,533350000,8
1753979520000,1753979999000,88.838,88.861,88.829,88.851,527160000,8
1753980000000,1753980479000,88.854,88.868,88.814,88.816,637250000,8
1753980480000,1753980959000,88.817,88.858,88.816,88.847,573750000,8
1753980960000,1753981439000,88.846,88.853,88.79,88.799,717050000,8
1753981440000,1753981919000,88.798,88.816,88.791,88.815,483980000,8
1753981920000,1753982399000,88.816,88.826,88.787,88.803,457480000,8
1753982400000,1753982879000,88.801,88.81,88.748,88.749,528240000,8
1753982880000,1753983359000,88.748,88.754,88.718,88.744,646140000,8
1753983360000,1753983839000,88.743,88.779,88.741,88.763,497760000,8
1753983840000,1753984319000,88.764,88.785,88.704,88.72,570220000,8
1753984320000,1753984799000,88.722,88.733,88.684,88.733,758700000,8
1753984800000,1753985279000,88.734,88.767,88.73,88.753,550530000,8
1753985280000,1753985759000,88.754,88.794,88.746,88.763,491910000,8
1753985760000,1753986239000,88.76,88.817,88.741,88.798,471950000,8
1753986240000,1753986719000,88.8,88.843,88.799,88.843,373200000,8
1753986720000,1753987199000,88.843,88.859,88.829,88.848,442530000,8
1753987200000,1753987679000,88.849,88.886,88.847,88.878,460320000,8
1753987680000,1753988159000,88.882,88.894,88.853,88.866,340470000,8
1753988160000,1753988639000,88.867,88.887,88.831,88.873,573840000,8
1753988640000,1753989119000,88.874,88.889,88.864,88.876,259800000,8
1753989120000,1753989599000,88.878,88.88,88.857,88.874,297390000,8
1753989600000,1753990079000,88.873,88.888,88.863,88.877,329670000,8
1753990080000,1753990559000,88.877,88.882,88.858,88.874,296130000,8
1753990560000,1753991039000,88.876,88.892,88.866,88.886,289320000,8
1753991040000,1753991519000,88.884,88.888,88.819,88.824,406320000,8
1753991520000,1753991999000,88.822,88.834,88.804,88.818,922500000,8
1753992000000,1753992479000,88.816,88.853,88.804,88.808,717240000,8
1753992480000,1753992959000,88.807,88.815,88.783,88.793,318600000,8
1753992960000,1753993439000,88.793,88.813,88.788,88.791,239700000,8
1753993440000,1753993919000,88.796,88.833,88.791,88.819,329700000,8
1753993920000,1753994399000,88.825,88.836,88.811,88.816,349590000,8
1753994400000,1753994879000,88.816,88.832,88.806,88.814,634110000,8
1753994880000,1753995359000,88.823,88.823,88.794,88.794,467100000,8
1753995360000,1753995839000,88.796,88.826,88.702,88.702,223980000,8
1753995840000,1753996319000,88.588,88.757,88.573,88.7,86300000,8
1753996320000,1753996799000,88.719,88.762,88.7,88.7,70200000,8
1753996800000,1753997279000,88.701,88.763,88.701,88.724,104080000,8
1753997280000,1753997759000,88.729,88.74,88.727,88.729,53010000,8
1753997760000,1753998239000,88.732,88.758,88.719,88.748,89040000,8
1753998240000,1753998719000,88.748,88.748,88.726,88.733,79820000,8
1753998720000,1753999199000,88.733,88.751,88.726,88.747,108730000,8
1753999200000,1753999679000,88.748,88.775,88.73,88.759,304510000,8
1753999680000,1754000159000,88.761,88.769,88.739,88.742,235700000,8
1754000160000,1754000639000,88.741,88.758,88.692,88.693,268430000,8
1754000640000,1754001119000,88.695,88.773,88.695,88.769,163810000,8
1754001120000,1754001599000,88.771,88.786,88.753,88.762,215130000,8
1754001600000,1754002079000,88.766,88.79,88.758,88.788,211850000,8
1754002080000,1754002559000,88.789,88.816,88.781,88.782,198490000,8
1754002560000,1754003039000,88.782,88.81,88.723,88.796,888310000,8
1754003040000,1754003519000,88.8,88.826,88.775,88.777,493720000,8
1754003520000,1754003999000,88.779,88.786,88.751,88.762,466090000,8
1754004000000,1754004479000,88.764,88.799,88.732,88.75,498660000,8
1754004480000,1754004959000,88.749,88.78,88.727,88.776,431940000,8
1754004960000,1754005439000,88.775,88.775,88.739,88.749,302140000,8
1754005440000,1754005919000,88.747,88.794,88.745,88.787,461010000,8
1754005920000,1754006399000,88.789,88.799,88.755,88.78,444590000,8
