openEpochMillis,closeEpochMillis,open,high,low,close,volume,sourceBars
1614556800000,1614557279000,1.06626,1.06637,1.0657,1.06574,996330000,8
1614557280000,1614557759000,1.06573,1.06583,1.0649,1.0649,1267450000,8
1614557760000,1614558239000,1.0649,1.06626,1.06433,1.06615,1225360000,8
1614558240000,1614558719000,1.06614,1.06629,1.06591,1.06592,733130000,8
1614558720000,1614559199000,1.06593,1.06619,1.06581,1.06608,720500000,8
1614559200000,1614559679000,1.06608,1.06615,1.0654,1.06543,717680000,8
1614559680000,1614560159000,1.06544,1.0655,1.06459,1.06496,1768120000,8
1614560160000,1614560639000,1.065,1.06551,1.065,1.06541,989850000,8
1614560640000,1614561119000,1.06541,1.06574,1.06506,1.06534,742510000,8
1614561120000,1614561599000,1.06531,1.06592,1.06531,1.06589,856140000,8
1614561600000,1614562079000,1.06588,1.06667,1.06587,1.06655,1135590000,8
1614562080000,1614562559000,1.06656,1.06678,1.06558,1.06571,964320000,8
1614562560000,1614563039000,1.06571,1.06618,1.0655,1.06553,743980000,8
1614563040000,1614563519000,1.06555,1.06592,1.06551,1.06553,528560000,8
1614563520000,1614563999000,1.0655,1.06557,1.0653,1.06534,1357580000,8
1614564000000,1614564479000,1.06535,1.0657,1.06531,1.06564,650000000,8
1614564480000,1614564959000,1.06564,1.06583,1.06544,1.0655,564250000,8
1614564960000,1614565439000,1.0655,1.0662,1.06547,1.06614,568620000,8
1614565440000,1614565919000,1.06614,1.06627,1.0653,1.0653,1364090000,8
1614565920000,1614566399000,1.0653,1.06555,1.06514,1.06533,2005140000,8
1614566400000,1614566879000,1.06536,1.066,1.06526,1.06592,721320000,8
1614566880000,1614567359000,1.0659,1.0661,1.06566,1.06578,566000000,8
1614567360000,1614567839000,1.06577,1.06585,1.06531,1.0658,698920000,8
1614567840000,1614568319000,1.06582,1.06626,1.06568,1.06615,470830000,8
1614568320000,1614568799000,1.06614,1.06623,1.066,1.06605,217500000,8
1614568800000,1614569279000,1.06607,1.06613,1.06582,1.06601,282500000,8
1614569280000,1614569759000,1.06599,1.06614,1.06562,1.06562,222490000,8
1614569760000,1614570239000,1.06565,1.06599,1.06558,1.06596,310630000,8
1614570240000,1614570719000,1.06597,1.06617,1.06584,1.06592,266130000,8
1614570720000,1614571199000,1.06592,1.06592,1.06522,1.06551,478550000,8
1614571200000,1614571679000,1.06549,1.06555,1.065,1.06505,228250000,8
1614571680000,1614572159000,1.06506,1.0653,1.06497,1.06523,189000000,8
1614572160000,1614572639000,1.06524,1.06542,1.06517,1.06542,252640000,8
1614572640000,1614573119000,1.06542,1.0657,1.06523,1.06542,339370000,8
1614573120000,1614573599000,1.06543,1.06546,1.06494,1.06497,372980000,8
1614573600000,1614574079000,1.06499,1.0656,1.06493,1.06541,596910000,8
1614574080000,1614574559000,1.06542,1.06563,1.06526,1.0656,493150000,8
1614574560000,1614575039000,1.06558,1.0657,1.06516,1.0653,573290000,8
1614575040000,1614575519000,1.0653,1.06551,1.0652,1.06548,498800000,8
1614575520000,1614575999000,1.0655,1.06556,1.06534,1.0654,270700000,8
1614576000000,1614576479000,1.06537,1.06563,1.06526,1.0656,160750000,8
1614576480000,1614576959000,1.0656,1.06581,1.06545,1.06559,426500000,8
1614576960000,1614577439000,1.06557,1.06583,1.06548,1.06574,494400000,8
1614577440000,1614577919000,1.06574,1.06603,1.0657,1.06592,441070000,8
1614577920000,1614578399000,1.06594,1.06611,1.06589,1.06592,362350000,8
1614578400000,1614578879000,1.06596,1.06609,1.06593,1.06602,187750000,8
1614578880000,1614579359000,1.06601,1.06606,1.0657,1.06571,234320000,8
1614579360000,1614579839000,1.0657,1.06595,1.06567,1.06593,186360000,8
1614579840000,1614580319000,1.06592,1.06597,1.06543,1.06559,279000000,8
1614580320000,1614580799000,1.06559,1.06583,1.06557,1.0658,273000000,8
1614580800000,1614581279000,1.0658,1.06615,1.06577,1.06606,342240000,8
1614581280000,1614581759000,1.06605,1.06609,1.06537,1.06544,781500000,8
1614581760000,1614582239000,1.06546,1.06588,1.06543,1.06563,501060000,8
1614582240000,1614582719000,1.06564,1.06596,1.0655,1.06595,781090000,8
1614582720000,1614583199000,1.06595,1.06613,1.06554,1.06598,1043500000,8
1614583200000,1614583679000,1.06599,1.0663,1.0656,1.06575,1018630000,8
1614583680000,1614584159000,1.06566,1.06602,1.06559,1.06559,982330000,8
1614584160000,1614584639000,1.06558,1.06586,1.06546,1.06581,988330000,8
1614584640000,1614585119000,1.06581,1.06595,1.06561,1.06569,908970000,8
1614585120000,1614585599000,1.06569,1.06615,1.06561,1.06583,1158760000,8
1614585600000,1614586079000,1.06586,1.06616,1.06566,1.06573,1854030000,8
1614586080000,1614586559000,1.06572,1.06629,1.06534,1.06617,1271060000,8
1614586560000,1614587039000,1.06618,1.06669,1.06615,1.06635,1028580000,8
1614587040000,1614587519000,1.06637,1.06653,1.06618,1.06638,891710000,8
1614587520000,1614587999000,1.06639,1.06655,1.06608,1.06641,1264360000,8
1614588000000,1614588479000,1.06641,1.06687,1.06628,1.0666,1180760000,8
1614588480000,1614588959000,1.06659,1.06694,1.06651,1.06686,764550000,8
1614588960000,1614589439000,1.06685,1.06728,1.06673,1.0672,881770000,8
1614589440000,1614589919000,1.06717,1.06752,1.06706,1.06752,717430000,8
1614589920000,1614590399000,1.06749,1.06785,1.06735,1.06774,835060000,8
1614590400000,1614590879000,1.06774,1.06776,1.06738,1.06747,824510000,8
1614590880000,1614591359000,1.06748,1.06844,1.06748,1.06844,793500000,8
1614591360000,1614591839000,1.06844,1.06876,1.06777,1.06785,846630000,8
1614591840000,1614592319000,1.06784,1.06798,1.0676,1.06761,664390000,8
1614592320000,1614592799000,1.06764,1.06848,1.06762,1.06836,483060000,8
1614592800000,1614593279000,1.06834,1.06871,1.06829,1.0685,577890000,8
1614593280000,1614593759000,1.06848,1.0686,1.06804,1.06807,747980000,8
1614593760000,1614594239000,1.06807,1.06896,1.06799,1.0689,659870000,8
1614594240000,1614594719000,1.06892,1.06928,1.06882,1.06901,572210000,8
1614594720000,1614595199000,1.06899,1.06933,1.0689,1.0693,746060000,8
1614595200000,1614595679000,1.06931,1.0696,1.06914,1.06951,632010000,8
1614595680000,1614596159000,1.06951,1.0697,1.06949,1.06952,531630000,8
1614596160000,1614596639000,1.06953,1.06961,1.06908,1.06914,919810000,8
1614596640000,1614597119000,1.06913,1.06926,1.06865,1.06915,868150000,8
1614597120000,1614597599000,1.06915,1.06929,1.06871,1.06871,655200000,8
1614597600000,1614598079000,1.06875,1.06883,1.0686,1.06872,828560000,8
1614598080000,1614598559000,1.0687,1.0688,1.06847,1.0686,1352140000,8
1614598560000,1614599039000,1.06857,1.06881,1.06854,1.06867,1017210000,8
1614599040000,1614599519000,1.06865,1.06878,1.06838,1.06871,710760000,8
1614599520000,1614599999000,1.0687,1.06888,1.06836,1.06888,761670000,8
1614600000000,1614600479000,1.06887,1.06897,1.0685,1.06852,866720000,8
1614600480000,1614600959000,1.06852,1.06881,1.06841,1.06851,914210000,8
1614600960000,1614601439000,1.0685,1.06892,1.0684,1.06892,955190000,8
1614601440000,1614601919000,1.06892,1.06904,1.0685,1.06858,1017210000,8
1614601920000,1614602399000,1.06858,1.06869,1.06831,1.06848,845120000,8
1614602400000,1614602879000,1.06849,1.06874,1.06834,1.06863,650760000,8
1614602880000,1614603359000,1.06866,1.06881,1.06833,1.06835,890360000,8
1614603360000,1614603839000,1.06835,1.06855,1.0682,1.06844,504160000,8
1614603840000,1614604319000,1.06841,1.06852,1.06815,1.06835,1099550000,8
1614604320000,1614604799000,1.06834,1.06835,1.06775,1.06808,1050570000,8
1614604800000,1614605279000,1.06809,1.06837,1.06768,1.06836,983450000,8
1614605280000,1614605759000,1.06836,1.06836,1.06791,1.06799,909880000,8
1614605760000,1614606239000,1.06798,1.06806,1.06761,1.06763,1270040000,8
1614606240000,1614606719000,1.06763,1.06768,1.06724,1.06731,1413750000,8
1614606720000,1614607199000,1.06734,1.06734,1.06701,1.06718,972550000,8
1614607200000,1614607679000,1.06719,1.06793,1.06707,1.06775,2044220000,8
1614607680000,1614608159000,1.06776,1.06819,1.06767,1.06778,1998700000,8
1614608160000,1614608639000,1.06778,1.0683,1.06775,1.06821,1185140000,8
1614608640000,1614609119000,1.0682,1.06842,1.068,1.06828,1497600000,8
1614609120000,1614609599000,1.06829,1.06841,1.06762,1.06771,3111010000,8
1614609600000,1614610079000,1.06772,1.06784,1.06707,1.06728,2074050000,8
1614610080000,1614610559000,1.06728,1.06759,1.06696,1.0673,2103460000,8
1614610560000,1614611039000,1.06731,1.0678,1.06693,1.06774,1906780000,8
1614611040000,1614611519000,1.06775,1.068,1.06732,1.06759,2269360000,8
1614611520000,1614611999000,1.0676,1.06822,1.0673,1.06798,1604920000,8
1614612000000,1614612479000,1.06799,1.06859,1.06778,1.06797,2017160000,8
1614612480000,1614612959000,1.06798,1.06848,1.06768,1.06841,1557970000,8
1614612960000,1614613439000,1.06839,1.06865,1.06817,1.06829,1165600000,8
1614613440000,1614613919000,1.0683,1.06906,1.068,1.06904,1819810000,8
1614613920000,1614614399000,1.06904,1.06964,1.06857,1.06948,2072340000,8
1614614400000,1614614879000,1.06948,1.0695,1.06876,1.06879,1980950000,8
1614614880000,1614615359000,1.06879,1.0692,1.06864,1.06909,1100300000,8
1614615360000,1614615839000,1.06907,1.06941,1.06899,1.06931,1246540000,8
1614615840000,1614616319000,1.06929,1.06958,1.06914,1.06936,1137420000,8
1614616320000,1614616799000,1.06937,1.06951,1.06912,1.06935,1245700000,8
1614616800000,1614617279000,1.06936,1.06948,1.06887,1.06888,1326200000,8
1614617280000,1614617759000,1.06885,1.06907,1.06883,1.06902,749290000,8
1614617760000,1614618239000,1.06902,1.06935,1.06894,1.06923,1179250000,8
1614618240000,1614618719000,1.06923,1.06936,1.06901,1.06934,881930000,8
1614618720000,1614619199000,1.06934,1.06944,1.06902,1.06911,929130000,8
1614619200000,1614619679000,1.06913,1.0694,1.06908,1.06935,1015080000,8
1614619680000,1614620159000,1.06938,1.06983,1.06933,1.06969,703420000,8
1614620160000,1614620639000,1.06972,1.06983,1.06937,1.06937,878550000,8
1614620640000,1614621119000,1.06937,1.06978,1.06934,1.06963,810900000,8
1614621120000,1614621599000,1.06965,1.06972,1.06912,1.06916,840320000,8
1614621600000,1614622079000,1.06902,1.06952,1.06858,1.06913,1077170000,8
1614622080000,1614622559000,1.06913,1.06931,1.06895,1.06931,926880000,8
1614622560000,1614623039000,1.06929,1.06979,1.06928,1.06974,826000000,8
1614623040000,1614623519000,1.06974,1.06983,1.06962,1.06968,809040000,8
1614623520000,1614623999000,1.06969,1.06979,1.06961,1.0697,614310000,8
1614624000000,1614624479000,1.0697,1.06978,1.06955,1.06973,593750000,8
1614624480000,1614624959000,1.06972,1.06983,1.06938,1.06957,835370000,8
1614624960000,1614625439000,1.06958,1.0696,1.06926,1.06926,811520000,8
1614625440000,1614625919000,1.06926,1.0695,1.0692,1.06944,674670000,8
1614625920000,1614626399000,1.06944,1.06974,1.06922,1.06971,742140000,8
1614626400000,1614626879000,1.0697,1.06989,1.06961,1.0697,613390000,8
1614626880000,1614627359000,1.06971,1.07007,1.0696,1.06998,930680000,8
1614627360000,1614627839000,1.06998,1.07013,1.06982,1.06995,677150000,8
1614627840000,1614628319000,1.06993,1.07,1.06975,1.06984,744370000,8
1614628320000,1614628799000,1.06984,1.07024,1.06969,1.07013,1142920000,8
1614628800000,1614629279000,1.07011,1.07011,1.06934,1.06943,1068900000,8
1614629280000,1614629759000,1.06943,1.06956,1.0693,1.06955,572310000,8
1614629760000,1614630239000,1.06954,1.06955,1.06926,1.06933,534790000,8
1614630240000,1614630719000,1.06934,1.06961,1.06932,1.06941,658590000,8
1614630720000,1614631199000,1.06942,1.06949,1.06926,1.06942,751400000,8
1614631200000,1614631679000,1.06942,1.06946,1.06924,1.06944,736680000,8
1614631680000,1614632159000,1.06943,1.06957,1.06937,1.06947,769000000,8
1614632160000,1614632639000,1.06948,1.06964,1.06926,1.06958,479440000,8
1614632640000,1614633119000,1.06959,1.06991,1.06956,1.06991,155360000,8
1614633120000,1614633599000,1.06989,1.06995,1.06972,1.06986,435710000,8
1614633600000,1614634079000,1.06986,1.06998,1.06974,1.06975,233070000,8
1614634080000,1614634559000,1.06974,1.0699,1.06969,1.06975,307290000,8
1614634560000,1614635039000,1.06974,1.06986,1.06974,1.06985,148690000,8
1614635040000,1614635519000,1.06984,1.06985,1.06967,1.06977,208360000,8
1614635520000,1614635999000,1.06976,1.0698,1.06907,1.06907,310360000,8
1614636000000,1614636479000,1.06912,1.06968,1.06868,1.0688,24440000,8
1614636480000,1614636959000,1.06868,1.07006,1.06867,1.06956,240200000,8
1614636960000,1614637439000,1.06948,1.07004,1.06931,1.06965,39750000,8
1614637440000,1614637919000,1.06964,1.07027,1.0688,1.06973,271650000,8
1614637920000,1614638399000,1.06977,1.07093,1.06869,1.0694,729160000,8
1614638400000,1614638879000,1.06939,1.0694,1.06905,1.06913,124000000,8
1614638880000,1614639359000,1.06913,1.06942,1.06912,1.06918,98000000,8
1614639360000,1614639839000,1.06919,1.06961,1.0689,1.06941,550190000,8
1614639840000,1614640319000,1.0694,1.06951,1.06914,1.06917,296750000,8
1614640320000,1614640799000,1.06917,1.06917,1.06884,1.06888,319420000,8
1614640800000,1614641279000,1.06889,1.06906,1.06882,1.06888,170850000,8
1614641280000,1614641759000,1.06887,1.069,1.0688,1.06887,229070000,8
1614641760000,1614642239000,1.06884,1.06906,1.06849,1.06859,364310000,8
1614642240000,1614642719000,1.06857,1.06866,1.06834,1.06843,417740000,8
1614642720000,1614643199000,1.06837,1.06858,1.06824,1.06858,218700000,8
1614643200000,1614643679000,1.06854,1.06871,1.0681,1.06812,820900000,8
1614643680000,1614644159000,1.06818,1.06825,1.06775,1.06792,841910000,8
1614644160000,1614644639000,1.06793,1.06793,1.06757,1.06761,491190000,8
1614644640000,1614645119000,1.06766,1.06825,1.0676,1.06785,595460000,8
1614645120000,1614645599000,1.06784,1.06823,1.06781,1.06814,476380000,8
1614645600000,1614646079000,1.06814,1.0685,1.06809,1.06848,325140000,8
1614646080000,1614646559000,1.06849,1.06871,1.06844,1.06871,476490000,8
1614646560000,1614647039000,1.06873,1.06888,1.06861,1.06878,424720000,8
1614647040000,1614647519000,1.0688,1.06899,1.06873,1.06882,291660000,8
1614647520000,1614647999000,1.06881,1.06883,1.06861,1.06875,307190000,8
1614648000000,1614648479000,1.06876,1.06885,1.06852,1.06853,611010000,8
1614648480000,1614648959000,1.06855,1.06873,1.06824,1.06829,673580000,8
1614648960000,1614649439000,1.06828,1.06853,1.06813,1.06845,883400000,8
1614649440000,1614649919000,1.06844,1.06924,1.06842,1.06918,897840000,8
1614649920000,1614650399000,1.06918,1.06935,1.06892,1.06926,852070000,8
1614650400000,1614650879000,1.06924,1.06929,1.06888,1.06922,744580000,8
1614650880000,1614651359000,1.06923,1.06958,1.06906,1.06929,655930000,8
1614651360000,1614651839000,1.0693,1.06941,1.06897,1.06902,689720000,8
1614651840000,1614652319000,1.06904,1.06913,1.06872,1.06903,733110000,8
1614652320000,1614652799000,1.06901,1.06915,1.06867,1.06867,671850000,8
1614652800000,1614653279000,1.06867,1.069,1.06862,1.06895,810150000,8
1614653280000,1614653759000,1.06894,1.06898,1.06823,1.06856,1160980000,8
1614653760000,1614654239000,1.06856,1.06884,1.06835,1.06877,1001730000,8
1614654240000,1614654719000,1.0688,1.06896,1.06858,1.06883,966340000,8
1614654720000,1614655199000,1.06883,1.06897,1.06847,1.06854,1030110000,8
1614655200000,1614655679000,1.06852,1.06893,1.06843,1.06872,1048270000,8
1614655680000,1614656159000,1.06872,1.06946,1.06809,1.06934,2076750000,8
1614656160000,1614656639000,1.06933,1.07051,1.06932,1.06993,1439670000,8
1614656640000,1614657119000,1.06993,1.07031,1.06957,1.07014,691830000,8
1614657120000,1614657599000,1.07014,1.07056,1.07003,1.07042,712290000,8
1614657600000,1614658079000,1.07043,1.07074,1.07033,1.07059,789050000,8
1614658080000,1614658559000,1.0706,1.07087,1.07046,1.07079,564840000,8
1614658560000,1614659039000,1.07081,1.07088,1.07063,1.07069,530560000,8
1614659040000,1614659519000,1.07068,1.07087,1.07035,1.07044,689670000,8
1614659520000,1614659999000,1.07044,1.07075,1.07039,1.07061,474490000,8
1614660000000,1614660479000,1.07059,1.07098,1.07057,1.07073,713000000,8
1614660480000,1614660959000,1.07074,1.07109,1.07033,1.07041,535270000,8
1614660960000,1614661439000,1.07042,1.07062,1.0703,1.07033,638200000,8
1614661440000,1614661919000,1.07033,1.07042,1.07018,1.07033,384610000,8
1614661920000,1614662399000,1.07031,1.07048,1.07015,1.07019,332290000,8
1614662400000,1614662879000,1.07019,1.0703,1.06988,1.0701,464860000,8
1614662880000,1614663359000,1.0701,1.07031,1.06997,1.07013,480110000,8
1614663360000,1614663839000,1.07013,1.07021,1.07002,1.07012,475320000,8
1614663840000,1614664319000,1.07012,1.07035,1.07008,1.07031,356510000,8
1614664320000,1614664799000,1.07032,1.07043,1.07009,1.07009,504810000,8
1614664800000,1614665279000,1.07009,1.07024,1.06991,1.07024,634000000,8
1614665280000,1614665759000,1.07026,1.07075,1.07021,1.07056,709620000,8
1614665760000,1614666239000,1.07056,1.07088,1.07051,1.07059,449620000,8
1614666240000,1614666719000,1.07059,1.07099,1.07057,1.07099,410000000,8
1614666720000,1614667199000,1.07101,1.07111,1.07093,1.07103,408500000,8
1614667200000,1614667679000,1.07102,1.07126,1.07096,1.07124,367000000,8
1614667680000,1614668159000,1.07124,1.07137,1.07108,1.07133,374840000,8
1614668160000,1614668639000,1.07133,1.0715,1.0712,1.07138,688950000,8
1614668640000,1614669119000,1.07137,1.07161,1.07125,1.0715,664520000,8
1614669120000,1614669599000,1.07149,1.07165,1.07119,1.07136,729170000,8
1614669600000,1614670079000,1.07138,1.07175,1.07123,1.07161,934100000,8
1614670080000,1614670559000,1.07162,1.07172,1.07138,1.07154,1012690000,8
1614670560000,1614671039000,1.07154,1.0728,1.07154,1.07252,786640000,8
1614671040000,1614671519000,1.07251,1.07255,1.07209,1.0721,1345390000,8
1614671520000,1614671999000,1.07209,1.07293,1.07206,1.07276,768650000,8
1614672000000,1614672479000,1.07274,1.07294,1.07248,1.07261,1304200000,8
1614672480000,1614672959000,1.07264,1.07293,1.07261,1.07289,1327370000,8
1614672960000,1614673439000,1.0729,1.07293,1.07247,1.07253,1542080000,8
1614673440000,1614673919000,1.07252,1.07288,1.0725,1.07262,1278620000,8
1614673920000,1614674399000,1.07264,1.07363,1.07262,1.07347,1279280000,8
1614674400000,1614674879000,1.07346,1.07362,1.07327,1.07346,816930000,8
1614674880000,1614675359000,1.07345,1.07362,1.0733,1.07337,887310000,8
1614675360000,1614675839000,1.07336,1.07345,1.07275,1.07303,1181090000,8
1614675840000,1614676319000,1.07304,1.07342,1.07282,1.07289,1487670000,8
1614676320000,1614676799000,1.07289,1.07322,1.07262,1.07309,1193540000,8
1614676800000,1614677279000,1.0731,1.07332,1.07277,1.07302,895140000,8
1614677280000,1614677759000,1.07303,1.0737,1.07301,1.07347,932510000,8
1614677760000,1614678239000,1.07349,1.07355,1.07258,1.07266,1678680000,8
1614678240000,1614678719000,1.07266,1.0727,1.07221,1.07255,1278520000,8
1614678720000,1614679199000,1.0725,1.0726,1.07208,1.07218,978820000,8
1614679200000,1614679679000,1.07218,1.07252,1.07198,1.07205,1084340000,8
1614679680000,1614680159000,1.07205,1.07232,1.07185,1.07227,927250000,8
1614680160000,1614680639000,1.07229,1.07254,1.07174,1.07202,1096210000,8
1614680640000,1614681119000,1.072,1.07207,1.07152,1.07204,1120070000,8
1614681120000,1614681599000,1.07201,1.07263,1.07198,1.07257,746130000,8
1614681600000,1614682079000,1.07255,1.0729,1.07231,1.07275,780060000,8
1614682080000,1614682559000,1.07273,1.07328,1.07256,1.07317,960680000,8
1614682560000,1614683039000,1.07315,1.07329,1.07268,1.07272,983060000,8
1614683040000,1614683519000,1.07272,1.07313,1.07269,1.07305,722930000,8
1614683520000,1614683999000,1.07307,1.07329,1.07289,1.07311,827120000,8
1614684000000,1614684479000,1.0731,1.07403,1.0731,1.074,749510000,8
1614684480000,1614684959000,1.07399,1.0741,1.0738,1.07394,688270000,8
1614684960000,1614685439000,1.07394,1.07427,1.07383,1.07408,690080000,8
1614685440000,1614685919000,1.07408,1.07416,1.07369,1.07379,897600000,8
1614685920000,1614686399000,1.0738,1.0742,1.07366,1.07397,971560000,8
1614686400000,1614686879000,1.07397,1.07399,1.07362,1.07372,1123520000,8
1614686880000,1614687359000,1.07374,1.07381,1.07357,1.07372,901030000,8
1614687360000,1614687839000,1.07373,1.07428,1.07364,1.07417,819330000,8
1614687840000,1614688319000,1.07417,1.07432,1.07408,1.07417,765220000,8
1614688320000,1614688799000,1.07418,1.07428,1.07397,1.07424,801190000,8
1614688800000,1614689279000,1.07422,1.07433,1.07376,1.07403,932460000,8
1614689280000,1614689759000,1.07402,1.07413,1.07378,1.07398,651710000,8
1614689760000,1614690239000,1.07397,1.07406,1.07368,1.07375,993070000,8
1614690240000,1614690719000,1.07374,1.07436,1.07357,1.07436,953340000,8
1614690720000,1614691199000,1.07436,1.07459,1.07405,1.07448,733710000,8
1614691200000,1614691679000,1.07446,1.0745,1.07401,1.07422,617340000,8
1614691680000,1614692159000,1.07424,1.07425,1.07377,1.07404,920700000,8
1614692160000,1614692639000,1.07401,1.07444,1.07398,1.07434,753720000,8
1614692640000,1614693119000,1.07434,1.07462,1.0741,1.07456,1223560000,8
1614693120000,1614693599000,1.07456,1.07467,1.07413,1.07417,1017360000,8
1614693600000,1614694079000,1.07418,1.07438,1.0738,1.07407,1058840000,8
1614694080000,1614694559000,1.07407,1.07424,1.07364,1.07368,1254760000,8
1614694560000,1614695039000,1.07368,1.07396,1.07363,1.07369,1044080000,8
1614695040000,1614695519000,1.0737,1.07415,1.07344,1.07406,1205750000,8
1614695520000,1614695999000,1.07406,1.07431,1.07344,1.07356,2380920000,8
1614696000000,1614696479000,1.07355,1.07388,1.07346,1.07382,1832250000,8
1614696480000,1614696959000,1.07385,1.07403,1.07339,1.07403,1840270000,8
1614696960000,1614697439000,1.07404,1.0747,1.07384,1.07447,2267730000,8
1614697440000,1614697919000,1.07446,1.07449,1.07354,1.07363,1799740000,8
1614697920000,1614698399000,1.07361,1.07373,1.07318,1.07327,1871420000,8
1614698400000,1614698879000,1.07328,1.07352,1.07314,1.07349,1870700000,8
1614698880000,1614699359000,1.07348,1.07367,1.07324,1.07361,1648600000,8
1614699360000,1614699839000,1.07364,1.07365,1.07296,1.07301,1810460000,8
1614699840000,1614700319000,1.07299,1.07337,1.07296,1.07327,2443830000,8
1614700320000,1614700799000,1.07328,1.07355,1.07307,1.07321,3506890000,8
1614700800000,1614701279000,1.0732,1.07335,1.07259,1.07261,2303410000,8
1614701280000,1614701759000,1.07261,1.07275,1.07207,1.07218,1580150000,8
1614701760000,1614702239000,1.07218,1.07242,1.07195,1.07202,1657210000,8
1614702240000,1614702719000,1.07201,1.07241,1.07176,1.07235,1625220000,8
1614702720000,1614703199000,1.07238,1.07263,1.07222,1.07254,1611220000,8
1614703200000,1614703679000,1.07254,1.07254,1.07196,1.0724,1644620000,8
1614703680000,1614704159000,1.0724,1.07279,1.07227,1.07266,1610990000,8
1614704160000,1614704639000,1.07264,1.07291,1.07259,1.07264,1629330000,8
1614704640000,1614705119000,1.07266,1.07275,1.0722,1.07241,1551330000,8
1614705120000,1614705599000,1.07239,1.07266,1.07228,1.07264,1196120000,8
1614705600000,1614706079000,1.07264,1.07286,1.07253,1.07266,1003340000,8
1614706080000,1614706559000,1.07263,1.07293,1.07258,1.0727,830320000,8
1614706560000,1614707039000,1.07269,1.07296,1.07266,1.07286,869270000,8
1614707040000,1614707519000,1.07286,1.07301,1.07266,1.07282,789850000,8
1614707520000,1614707999000,1.07282,1.07309,1.07254,1.0729,948780000,8
1614708000000,1614708479000,1.07293,1.07701,1.07172,1.07273,1250940000,8
1614708480000,1614708959000,1.07271,1.07286,1.07253,1.07273,818470000,8
1614708960000,1614709439000,1.07272,1.0729,1.07251,1.0729,655170000,8
1614709440000,1614709919000,1.07292,1.07302,1.07276,1.07295,830150000,8
1614709920000,1614710399000,1.07296,1.07311,1.07286,1.073,1302830000,8
1614710400000,1614710879000,1.07299,1.073,1.07246,1.07253,934880000,8
1614710880000,1614711359000,1.07252,1.07267,1.0724,1.07247,682020000,8
1614711360000,1614711839000,1.07246,1.07276,1.07233,1.07268,1121750000,8
1614711840000,1614712319000,1.07267,1.0728,1.07244,1.07265,1123620000,8
1614712320000,1614712799000,1.07264,1.07298,1.07258,1.07291,892530000,8
1614712800000,1614713279000,1.07289,1.07313,1.07289,1.07293,712620000,8
1614713280000,1614713759000,1.07294,1.07321,1.07289,1.07292,809880000,8
1614713760000,1614714239000,1.07293,1.07308,1.07274,1.07281,715840000,8
1614714240000,1614714719000,1.07281,1.07311,1.07271,1.07273,755090000,8
1614714720000,1614715199000,1.07273,1.07295,1.07249,1.07284,999130000,8
1614715200000,1614715679000,1.0729,1.0729,1.07238,1.07256,1002730000,8
1614715680000,1614716159000,1.07256,1.07277,1.07239,1.07267,651380000,8
1614716160000,1614716639000,1.07267,1.07277,1.07228,1.0723,784990000,8
1614716640000,1614717119000,1.07231,1.07255,1.0723,1.07248,862730000,8
1614717120000,1614717599000,1.07249,1.07259,1.07236,1.07237,572670000,8
1614717600000,1614718079000,1.07238,1.07261,1.07237,1.07246,698690000,8
1614718080000,1614718559000,1.07246,1.07248,1.07218,1.07221,819890000,8
1614718560000,1614719039000,1.07221,1.0726,1.07216,1.07255,449920000,8
1614719040000,1614719519000,1.07253,1.07276,1.07245,1.07252,233750000,8
1614719520000,1614719999000,1.07257,1.07261,1.07237,1.07238,256880000,8
1614720000000,1614720479000,1.07239,1.07251,1.07231,1.07242,310580000,8
1614720480000,1614720959000,1.0724,1.07255,1.07238,1.07248,263950000,8
1614720960000,1614721439000,1.07246,1.07246,1.07225,1.07232,238010000,8
1614721440000,1614721919000,1.07232,1.0724,1.07223,1.07229,256150000,8
1614721920000,1614722399000,1.07231,1.07249,1.07185,1.07188,448490000,8
1614722400000,1614722879000,1.07239,1.07367,1.07236,1.07274,47040000,8
1614722880000,1614723359000,1.07273,1.07302,1.0726,1.0726,14000000,8
1614723360000,1614723839000,1.0726,1.07277,1.07255,1.07273,10000000,8
1614723840000,1614724319000,1.07276,1.07344,1.07218,1.07292,154200000,8
1614724320000,1614724799000,1.07292,1.07314,1.07204,1.07309,222220000,8
1614724800000,1614725279000,1.07273,1.07274,1.0723,1.0726,105440000,8
1614725280000,1614725759000,1.07264,1.07287,1.07244,1.07287,265740000,8
1614725760000,1614726239000,1.07279,1.07332,1.07243,1.07278,381140000,8
1614726240000,1614726719000,1.0728,1.07299,1.07257,1.07269,325740000,8
1614726720000,1614727199000,1.0727,1.07279,1.07263,1.07273,283460000,8
1614727200000,1614727679000,1.07273,1.07292,1.07271,1.07288,212700000,8
1614727680000,1614728159000,1.0729,1.07308,1.07275,1.07293,315080000,8
1614728160000,1614728639000,1.07292,1.07316,1.07274,1.07311,470720000,8
1614728640000,1614729119000,1.07311,1.07329,1.07295,1.07326,232930000,8
1614729120000,1614729599000,1.07329,1.07329,1.07285,1.07285,322560000,8
1614729600000,1614730079000,1.07286,1.073,1.07265,1.07269,381020000,8
1614730080000,1614730559000,1.07269,1.07283,1.07255,1.0727,204270000,8
1614730560000,1614731039000,1.0727,1.07278,1.07247,1.07254,351160000,8
1614731040000,1614731519000,1.07253,1.07355,1.07244,1.07322,962330000,8
1614731520000,1614731999000,1.07321,1.07324,1.07291,1.07303,414440000,8
1614732000000,1614732479000,1.07303,1.07319,1.0729,1.07302,293350000,8
1614732480000,1614732959000,1.07303,1.07349,1.07292,1.07337,382250000,8
1614732960000,1614733439000,1.07339,1.07364,1.07315,1.07353,403070000,8
1614733440000,1614733919000,1.07353,1.07369,1.07344,1.07358,400360000,8
1614733920000,1614734399000,1.07359,1.07369,1.07324,1.07324,346750000,8
1614734400000,1614734879000,1.07324,1.07331,1.07298,1.07299,347810000,8
1614734880000,1614735359000,1.07299,1.07325,1.07294,1.07306,337550000,8
1614735360000,1614735839000,1.07306,1.07335,1.07275,1.07275,349750000,8
1614735840000,1614736319000,1.07276,1.07294,1.07258,1.07266,288690000,8
1614736320000,1614736799000,1.07265,1.07286,1.0726,1.07265,229720000,8
1614736800000,1614737279000,1.07263,1.07325,1.07259,1.07317,359100000,8
1614737280000,1614737759000,1.07317,1.07332,1.07307,1.0731,301000000,8
1614737760000,1614738239000,1.07311,1.07343,1.07309,1.07328,193320000,8
1614738240000,1614738719000,1.07327,1.07335,1.0731,1.07328,298100000,8
1614738720000,1614739199000,1.07328,1.0735,1.07328,1.07336,295200000,8
1614739200000,1614739679000,1.07338,1.07347,1.07324,1.07338,264250000,8
1614739680000,1614740159000,1.07338,1.07342,1.07323,1.07337,312000000,8
1614740160000,1614740639000,1.07337,1.07344,1.07323,1.07335,342320000,8
1614740640000,1614741119000,1.07337,1.07344,1.07331,1.07342,311590000,8
1614741120000,1614741599000,1.07343,1.07376,1.07337,1.07368,348800000,8
1614741600000,1614742079000,1.07369,1.0737,1.0734,1.0734,153970000,8
1614742080000,1614742559000,1.0734,1.07357,1.07326,1.07354,244180000,8
1614742560000,1614743039000,1.07355,1.07369,1.0735,1.07366,169000000,8
1614743040000,1614743519000,1.07368,1.07373,1.07358,1.07367,179000000,8
1614743520000,1614743999000,1.07367,1.07377,1.07366,1.07373,169940000,8
1614744000000,1614744479000,1.07373,1.07375,1.07363,1.07364,125380000,8
1614744480000,1614744959000,1.07365,1.0738,1.07365,1.07374,145780000,8
1614744960000,1614745439000,1.07374,1.07377,1.07365,1.07368,142010000,8
1614745440000,1614745919000,1.07369,1.0737,1.07365,1.07365,37000000,8
1614745920000,1614746399000,1.07365,1.07376,1.07362,1.0737,49600000,8
1614746400000,1614746879000,1.07371,1.07372,1.07358,1.07364,81630000,8
1614746880000,1614747359000,1.07365,1.07369,1.07343,1.07349,124940000,8
1614747360000,1614747839000,1.07352,1.07381,1.07352,1.07372,211390000,8
1614747840000,1614748319000,1.07372,1.07378,1.07363,1.07369,153080000,8
1614748320000,1614748799000,1.07371,1.07372,1.07325,1.07334,170670000,8
1614748800000,1614749279000,1.07332,1.07336,1.07288,1.07291,310500000,8
1614749280000,1614749759000,1.07291,1.07318,1.07289,1.0731,340100000,8
1614749760000,1614750239000,1.0731,1.0733,1.07302,1.07313,300030000,8
1614750240000,1614750719000,1.07313,1.07325,1.07303,1.07313,238000000,8
1614750720000,1614751199000,1.07311,1.07326,1.07296,1.07314,266120000,8
1614751200000,1614751679000,1.07315,1.07336,1.07305,1.0733,249620000,8
1614751680000,1614752159000,1.0733,1.0733,1.07298,1.07313,245950000,8
1614752160000,1614752639000,1.07315,1.07319,1.07297,1.07303,171950000,8
1614752640000,1614753119000,1.07303,1.07314,1.07286,1.07294,200590000,8
1614753120000,1614753599000,1.07294,1.07303,1.07278,1.07279,212880000,8
1614753600000,1614754079000,1.07277,1.07333,1.0727,1.07331,288600000,8
1614754080000,1614754559000,1.07332,1.07344,1.07323,1.07323,254450000,8
1614754560000,1614755039000,1.07322,1.07334,1.07304,1.07307,317290000,8
1614755040000,1614755519000,1.07306,1.07378,1.07305,1.07359,425730000,8
1614755520000,1614755999000,1.07359,1.07396,1.07354,1.0737,530230000,8
1614756000000,1614756479000,1.07369,1.07375,1.07331,1.07359,1056820000,8
1614756480000,1614756959000,1.07366,1.07366,1.07319,1.07333,1067510000,8
1614756960000,1614757439000,1.07336,1.07367,1.07325,1.07353,1217530000,8
1614757440000,1614757919000,1.07352,1.07389,1.07326,1.07369,815710000,8
1614757920000,1614758399000,1.07369,1.07406,1.0736,1.07392,736830000,8
1614758400000,1614758879000,1.0739,1.074,1.07301,1.07301,1485890000,8
1614758880000,1614759359000,1.07301,1.07339,1.07296,1.0731,1036820000,8
1614759360000,1614759839000,1.0731,1.07311,1.07286,1.07295,810720000,8
1614759840000,1614760319000,1.07296,1.07296,1.07265,1.07282,583410000,8
1614760320000,1614760799000,1.07281,1.07301,1.07266,1.07301,641380000,8
1614760800000,1614761279000,1.07301,1.07319,1.07294,1.07306,675810000,8
1614761280000,1614761759000,1.07309,1.07322,1.07272,1.07305,952250000,8
1614761760000,1614762239000,1.07305,1.07328,1.07291,1.07313,939090000,8
1614762240000,1614762719000,1.07312,1.07359,1.07309,1.07326,637430000,8
1614762720000,1614763199000,1.07326,1.07329,1.07279,1.07283,833020000,8
1614763200000,1614763679000,1.07282,1.07283,1.07234,1.07235,638040000,8
1614763680000,1614764159000,1.07234,1.07265,1.0721,1.07262,1098390000,8
1614764160000,1614764639000,1.07263,1.07282,1.07241,1.07255,1872630000,8
1614764640000,1614765119000,1.07252,1.07277,1.07243,1.07262,1572330000,8
1614765120000,1614765599000,1.07265,1.07283,1.07245,1.07268,804360000,8
1614765600000,1614766079000,1.07268,1.0729,1.07256,1.0727,902230000,8
1614766080000,1614766559000,1.07271,1.07277,1.07223,1.07227,623010000,8
1614766560000,1614767039000,1.07228,1.07242,1.07223,1.07232,864940000,8
1614767040000,1614767519000,1.07234,1.07253,1.07228,1.07247,744520000,8
1614767520000,1614767999000,1.07246,1.07291,1.07245,1.07287,955460000,8
1614768000000,1614768479000,1.07286,1.0732,1.07279,1.07309,1084670000,8
1614768480000,1614768959000,1.0731,1.07313,1.07267,1.07281,819500000,8
1614768960000,1614769439000,1.0728,1.07301,1.07255,1.07284,614310000,8
1614769440000,1614769919000,1.07284,1.07296,1.0727,1.07293,617690000,8
1614769920000,1614770399000,1.07296,1.07316,1.07257,1.07267,493620000,8
1614770400000,1614770879000,1.07266,1.07281,1.07255,1.07257,561500000,8
1614770880000,1614771359000,1.07257,1.07263,1.07232,1.07254,522820000,8
1614771360000,1614771839000,1.0725,1.07287,1.07232,1.07287,888560000,8
1614771840000,1614772319000,1.07284,1.07318,1.0728,1.07311,709430000,8
1614772320000,1614772799000,1.07308,1.07313,1.07284,1.07307,711900000,8
1614772800000,1614773279000,1.07308,1.07347,1.07284,1.07341,666060000,8
1614773280000,1614773759000,1.0734,1.07349,1.07288,1.07288,733100000,8
1614773760000,1614774239000,1.07289,1.07317,1.07286,1.07308,557340000,8
1614774240000,1614774719000,1.07308,1.07316,1.07265,1.07271,707670000,8
1614774720000,1614775199000,1.07273,1.07283,1.07254,1.07264,654270000,8
1614775200000,1614775679000,1.07263,1.07294,1.07261,1.07272,479710000,8
1614775680000,1614776159000,1.07271,1.07299,1.07269,1.0729,472160000,8
1614776160000,1614776639000,1.07289,1.07304,1.0726,1.07278,999370000,8
1614776640000,1614777119000,1.07276,1.07298,1.0725,1.07284,1928540000,8
1614777120000,1614777599000,1.07284,1.07324,1.07231,1.07249,1928470000,8
1614777600000,1614778079000,1.07252,1.07304,1.07244,1.0729,1561680000,8
1614778080000,1614778559000,1.0729,1.07377,1.0729,1.07333,1651430000,8
1614778560000,1614779039000,1.07333,1.07359,1.07328,1.07349,1019120000,8
1614779040000,1614779519000,1.07351,1.07357,1.07304,1.07336,1466640000,8
1614779520000,1614779999000,1.07338,1.07367,1.0733,1.07333,1245590000,8
1614780000000,1614780479000,1.07333,1.07352,1.07314,1.07324,743240000,8
1614780480000,1614780959000,1.07322,1.07329,1.07285,1.07299,1191210000,8
1614780960000,1614781439000,1.07304,1.0732,1.0724,1.07273,1265100000,8
1614781440000,1614781919000,1.07271,1.07298,1.0726,1.07292,1486850000,8
1614781920000,1614782399000,1.0729,1.0732,1.07282,1.07294,2494860000,8
1614782400000,1614782879000,1.07294,1.07296,1.07251,1.07272,2223860000,8
1614782880000,1614783359000,1.07271,1.07325,1.07263,1.07308,2526640000,8
1614783360000,1614783839000,1.07308,1.07375,1.0729,1.07356,2358360000,8
1614783840000,1614784319000,1.07356,1.0739,1.07322,1.07363,2412880000,8
1614784320000,1614784799000,1.07358,1.07421,1.07342,1.07418,2479770000,8
1614784800000,1614785279000,1.0742,1.07436,1.07378,1.07393,2707180000,8
1614785280000,1614785759000,1.07391,1.07446,1.07385,1.07444,1968130000,8
1614785760000,1614786239000,1.07445,1.07446,1.07399,1.07424,2047170000,8
1614786240000,1614786719000,1.07421,1.07462,1.07392,1.0746,2169920000,8
1614786720000,1614787199000,1.07461,1.07482,1.07436,1.07442,2342050000,8
1614787200000,1614787679000,1.07446,1.07456,1.07377,1.07384,2173980000,8
1614787680000,1614788159000,1.07382,1.07402,1.07362,1.07363,2300190000,8
1614788160000,1614788639000,1.07362,1.0741,1.07361,1.07406,1704260000,8
1614788640000,1614789119000,1.07408,1.07436,1.07398,1.07417,1128720000,8
1614789120000,1614789599000,1.07417,1.07451,1.07409,1.07445,1655290000,8
1614789600000,1614790079000,1.07448,1.07473,1.07433,1.07463,1472740000,8
1614790080000,1614790559000,1.07464,1.0752,1.07464,1.0752,1342400000,8
1614790560000,1614791039000,1.07519,1.07535,1.07476,1.07484,1354870000,8
1614791040000,1614791519000,1.07487,1.07504,1.07462,1.07466,1125620000,8
1614791520000,1614791999000,1.07467,1.07473,1.07449,1.07456,1657730000,8
1614792000000,1614792479000,1.07457,1.07491,1.0745,1.07465,1170400000,8
1614792480000,1614792959000,1.07465,1.07499,1.07463,1.0749,978090000,8
1614792960000,1614793439000,1.0749,1.07546,1.07487,1.0754,1419540000,8
1614793440000,1614793919000,1.07538,1.07559,1.07509,1.0754,1181800000,8
1614793920000,1614794399000,1.07539,1.07554,1.07495,1.07495,1317570000,8
1614794400000,1614794879000,1.0749,1.07506,1.07434,1.07436,999890000,8
1614794880000,1614795359000,1.07437,1.07467,1.07434,1.07467,916440000,8
1614795360000,1614795839000,1.07465,1.07491,1.07464,1.07478,724210000,8
1614795840000,1614796319000,1.07478,1.07489,1.07473,1.07478,764820000,8
1614796320000,1614796799000,1.0748,1.07494,1.07469,1.07482,787560000,8
1614796800000,1614797279000,1.07483,1.07484,1.07452,1.07463,745910000,8
1614797280000,1614797759000,1.07462,1.07482,1.0746,1.07464,607120000,8
1614797760000,1614798239000,1.07465,1.07494,1.07459,1.07484,382450000,8
1614798240000,1614798719000,1.07485,1.07496,1.07474,1.0748,1189320000,8
1614798720000,1614799199000,1.07479,1.07487,1.07461,1.0747,658560000,8
1614799200000,1614799679000,1.07471,1.07475,1.07436,1.07445,784290000,8
1614799680000,1614800159000,1.07443,1.07446,1.07397,1.07403,983260000,8
1614800160000,1614800639000,1.07405,1.07417,1.07378,1.07381,1576490000,8
1614800640000,1614801119000,1.0738,1.07393,1.07358,1.07363,1109430000,8
1614801120000,1614801599000,1.07364,1.07378,1.07321,1.07352,1245810000,8
1614801600000,1614802079000,1.07353,1.07362,1.07317,1.07338,1386070000,8
1614802080000,1614802559000,1.07339,1.07343,1.07298,1.07306,1052980000,8
1614802560000,1614803039000,1.07306,1.07334,1.07262,1.07262,755190000,8
1614803040000,1614803519000,1.07262,1.07269,1.07232,1.07256,773410000,8
1614803520000,1614803999000,1.07255,1.07324,1.07254,1.07324,772390000,8
1614804000000,1614804479000,1.07324,1.07344,1.07315,1.07329,678250000,8
1614804480000,1614804959000,1.07329,1.07379,1.0732,1.07374,963620000,8
1614804960000,1614805439000,1.07375,1.0738,1.07341,1.07342,441650000,8
1614805440000,1614805919000,1.07343,1.07348,1.07322,1.07322,225060000,8
1614805920000,1614806399000,1.07322,1.07339,1.07322,1.07332,152000000,8
1614806400000,1614806879000,1.07332,1.07332,1.07289,1.0731,177490000,8
1614806880000,1614807359000,1.07309,1.0732,1.07301,1.07317,334330000,8
1614807360000,1614807839000,1.07316,1.07316,1.07279,1.07285,189050000,8
1614807840000,1614808319000,1.07283,1.07304,1.07273,1.07293,272330000,8
1614808320000,1614808799000,1.07293,1.07294,1.0724,1.07246,239060000,8
1614808800000,1614809279000,1.07245,1.07307,1.07193,1.07225,36370000,8
1614809280000,1614809759000,1.07214,1.07221,1.07214,1.07218,36000000,8
1614809760000,1614810239000,1.07219,1.07221,1.07192,1.07209,85500000,8
1614810240000,1614810719000,1.07209,1.07221,1.0719,1.0722,105300000,8
1614810720000,1614811199000,1.0722,1.07225,1.07192,1.07216,138200000,8
1614811200000,1614811679000,1.07215,1.07222,1.07188,1.07217,95420000,8
1614811680000,1614812159000,1.07216,1.07245,1.07211,1.07244,82310000,8
1614812160000,1614812639000,1.07257,1.07366,1.07248,1.07297,588140000,8
1614812640000,1614813119000,1.07294,1.07338,1.07291,1.0732,195750000,8
1614813120000,1614813599000,1.0732,1.0734,1.07247,1.07259,490730000,8
1614813600000,1614814079000,1.07255,1.07291,1.07202,1.07273,789760000,8
1614814080000,1614814559000,1.07273,1.07307,1.07214,1.07257,621830000,8
1614814560000,1614815039000,1.07261,1.07289,1.07231,1.07284,382740000,8
1614815040000,1614815519000,1.07284,1.0729,1.07242,1.07263,456580000,8
1614815520000,1614815999000,1.07264,1.07297,1.07252,1.07264,596430000,8
1614816000000,1614816479000,1.07265,1.07287,1.07229,1.0726,885100000,8
1614816480000,1614816959000,1.07263,1.07271,1.07229,1.07245,520230000,8
1614816960000,1614817439000,1.07244,1.07259,1.07209,1.07215,415860000,8
1614817440000,1614817919000,1.07216,1.0724,1.07201,1.07218,685980000,8
1614817920000,1614818399000,1.07217,1.0724,1.07202,1.07227,793600000,8
1614818400000,1614818879000,1.07227,1.07227,1.07192,1.07208,434100000,8
1614818880000,1614819359000,1.07212,1.0726,1.07198,1.07228,707500000,8
1614819360000,1614819839000,1.07228,1.07283,1.07225,1.07282,741880000,8
1614819840000,1614820319000,1.0728,1.07295,1.07235,1.07258,790160000,8
1614820320000,1614820799000,1.07257,1.07268,1.07226,1.07266,610840000,8
1614820800000,1614821279000,1.07264,1.07267,1.07237,1.07267,665690000,8
1614821280000,1614821759000,1.07266,1.07313,1.07266,1.07293,507120000,8
1614821760000,1614822239000,1.07291,1.07339,1.07266,1.07332,471680000,8
1614822240000,1614822719000,1.07332,1.07356,1.0731,1.07332,471500000,8
1614822720000,1614823199000,1.07332,1.0736,1.0731,1.07329,441600000,8
1614823200000,1614823679000,1.0733,1.07341,1.07306,1.07327,460000000,8
1614823680000,1614824159000,1.07327,1.07329,1.07301,1.07306,308570000,8
1614824160000,1614824639000,1.07303,1.0735,1.07294,1.07332,324000000,8
1614824640000,1614825119000,1.07331,1.07357,1.07325,1.07351,382020000,8
1614825120000,1614825599000,1.0735,1.07394,1.07345,1.07383,529360000,8
1614825600000,1614826079000,1.07385,1.0742,1.07383,1.07419,277000000,8
1614826080000,1614826559000,1.07418,1.07421,1.07405,1.07414,209750000,8
1614826560000,1614827039000,1.07414,1.07437,1.07407,1.0743,368560000,8
1614827040000,1614827519000,1.07431,1.07446,1.07424,1.07425,263000000,8
1614827520000,1614827999000,1.07427,1.07437,1.07419,1.07433,200120000,8
1614828000000,1614828479000,1.07434,1.07447,1.07395,1.07413,357120000,8
1614828480000,1614828959000,1.07415,1.07441,1.07408,1.07419,314860000,8
1614828960000,1614829439000,1.07418,1.07447,1.07418,1.07436,229610000,8
1614829440000,1614829919000,1.07436,1.07439,1.07389,1.07411,326950000,8
1614829920000,1614830399000,1.07412,1.07418,1.07406,1.07411,197000000,8
1614830400000,1614830879000,1.0741,1.07414,1.07368,1.07385,439000000,8
1614830880000,1614831359000,1.07384,1.07415,1.07377,1.07413,454250000,8
1614831360000,1614831839000,1.07415,1.07448,1.07408,1.07444,394500000,8
1614831840000,1614832319000,1.07445,1.07454,1.07417,1.07454,290500000,8
1614832320000,1614832799000,1.07449,1.07459,1.07417,1.07432,279500000,8
1614832800000,1614833279000,1.07432,1.07443,1.07404,1.07404,235500000,8
1614833280000,1614833759000,1.07403,1.07415,1.07383,1.07415,280000000,8
1614833760000,1614834239000,1.07415,1.07463,1.07398,1.07451,488000000,8
1614834240000,1614834719000,1.0745,1.07478,1.07447,1.07469,302000000,8
1614834720000,1614835199000,1.0747,1.07494,1.0747,1.07484,433420000,8
1614835200000,1614835679000,1.07484,1.07497,1.07431,1.07436,506920000,8
1614835680000,1614836159000,1.07435,1.0746,1.07434,1.0746,372000000,8
1614836160000,1614836639000,1.07461,1.07488,1.07449,1.07484,423500000,8
1614836640000,1614837119000,1.07486,1.07503,1.0748,1.07491,382500000,8
1614837120000,1614837599000,1.07493,1.07504,1.07455,1.07456,426000000,8
1614837600000,1614838079000,1.07456,1.07475,1.07445,1.07466,460990000,8
1614838080000,1614838559000,1.07467,1.07478,1.07439,1.07444,442140000,8
1614838560000,1614839039000,1.07445,1.0745,1.07423,1.07425,220000000,8
1614839040000,1614839519000,1.07425,1.0746,1.07413,1.07419,571090000,8
1614839520000,1614839999000,1.07419,1.07423,1.07359,1.07381,557560000,8
1614840000000,1614840479000,1.07382,1.074,1.0737,1.07395,349500000,8
1614840480000,1614840959000,1.07395,1.07408,1.07373,1.07395,281500000,8
1614840960000,1614841439000,1.07393,1.0742,1.07381,1.07411,754400000,8
1614841440000,1614841919000,1.07408,1.07459,1.07405,1.07455,390100000,8
1614841920000,1614842399000,1.07456,1.07467,1.07414,1.0742,557100000,8
1614842400000,1614842879000,1.0742,1.07454,1.07419,1.0745,452510000,8
1614842880000,1614843359000,1.0745,1.07466,1.07424,1.07454,702780000,8
1614843360000,1614843839000,1.0745,1.07473,1.07435,1.07442,633630000,8
1614843840000,1614844319000,1.07441,1.07482,1.07422,1.0748,563590000,8
1614844320000,1614844799000,1.07479,1.07486,1.07442,1.07446,557390000,8
1614844800000,1614845279000,1.07446,1.07454,1.07409,1.07414,1328600000,8
1614845280000,1614845759000,1.07416,1.07453,1.07406,1.07418,1007700000,8
1614845760000,1614846239000,1.07415,1.07424,1.07399,1.07409,823350000,8
1614846240000,1614846719000,1.07407,1.07425,1.07375,1.07392,898540000,8
1614846720000,1614847199000,1.07393,1.07399,1.07346,1.07347,1103480000,8
1614847200000,1614847679000,1.07347,1.07409,1.07344,1.0738,947940000,8
1614847680000,1614848159000,1.07377,1.07431,1.0736,1.07423,1168520000,8
1614848160000,1614848639000,1.0743,1.0743,1.07367,1.07373,972810000,8
1614848640000,1614849119000,1.07374,1.07391,1.07351,1.07366,911000000,8
1614849120000,1614849599000,1.07368,1.07379,1.0731,1.07317,1185150000,8
1614849600000,1614850079000,1.07316,1.07382,1.07311,1.07367,1197520000,8
1614850080000,1614850559000,1.07367,1.0737,1.07313,1.07329,1139020000,8
1614850560000,1614851039000,1.07328,1.07368,1.07308,1.07364,853040000,8
1614851040000,1614851519000,1.07364,1.0737,1.07316,1.07348,1061170000,8
1614851520000,1614851999000,1.07346,1.07359,1.07308,1.07336,721880000,8
1614852000000,1614852479000,1.07338,1.07367,1.07311,1.07311,634950000,8
1614852480000,1614852959000,1.07311,1.07357,1.07307,1.07315,776280000,8
1614852960000,1614853439000,1.07315,1.07361,1.07314,1.07343,937170000,8
1614853440000,1614853919000,1.07342,1.07364,1.07324,1.07336,838250000,8
1614853920000,1614854399000,1.07335,1.0738,1.07332,1.07352,839710000,8
1614854400000,1614854879000,1.07353,1.07365,1.07315,1.07338,930940000,8
1614854880000,1614855359000,1.07339,1.07358,1.07313,1.07349,719200000,8
1614855360000,1614855839000,1.07349,1.07367,1.07295,1.07295,1272720000,8
1614855840000,1614856319000,1.07295,1.07306,1.07276,1.07296,749060000,8
1614856320000,1614856799000,1.07295,1.07347,1.07293,1.07318,811900000,8
1614856800000,1614857279000,1.07319,1.07344,1.07317,1.07322,561200000,8
1614857280000,1614857759000,1.07318,1.07354,1.07313,1.07349,618950000,8
1614857760000,1614858239000,1.07347,1.07366,1.07336,1.07341,637950000,8
1614858240000,1614858719000,1.07341,1.0735,1.0732,1.07347,619230000,8
1614858720000,1614859199000,1.07349,1.07402,1.07341,1.07376,853460000,8
1614859200000,1614859679000,1.07377,1.07409,1.07377,1.07393,744560000,8
1614859680000,1614860159000,1.07392,1.07431,1.07391,1.07402,537800000,8
1614860160000,1614860639000,1.07401,1.07416,1.07379,1.07392,738490000,8
1614860640000,1614861119000,1.07392,1.07427,1.07378,1.07418,877110000,8
1614861120000,1614861599000,1.07417,1.0743,1.07389,1.07409,806910000,8
1614861600000,1614862079000,1.07411,1.07444,1.07389,1.07427,793900000,8
1614862080000,1614862559000,1.07425,1.07459,1.07405,1.07437,662500000,8
1614862560000,1614863039000,1.07439,1.0746,1.07401,1.07441,1141860000,8
1614863040000,1614863519000,1.07441,1.07449,1.07405,1.07411,1021380000,8
1614863520000,1614863999000,1.07411,1.07439,1.07385,1.07392,951670000,8
1614864000000,1614864479000,1.07391,1.07429,1.07376,1.07426,706440000,8
1614864480000,1614864959000,1.07425,1.07433,1.07389,1.07429,967270000,8
1614864960000,1614865439000,1.07429,1.07452,1.07393,1.07422,1416390000,8
1614865440000,1614865919000,1.07422,1.07464,1.07406,1.07456,1157670000,8
1614865920000,1614866399000,1.07456,1.07468,1.07409,1.07411,930320000,8
1614866400000,1614866879000,1.07415,1.07444,1.07397,1.07435,820590000,8
1614866880000,1614867359000,1.07435,1.07449,1.07401,1.07414,995740000,8
1614867360000,1614867839000,1.07417,1.07462,1.07396,1.07461,990400000,8
1614867840000,1614868319000,1.07459,1.07481,1.07441,1.07472,869060000,8
1614868320000,1614868799000,1.07472,1.07475,1.07425,1.07451,1806410000,8
1614868800000,1614869279000,1.07453,1.07461,1.07418,1.07453,1651290000,8
1614869280000,1614869759000,1.07452,1.07456,1.07357,1.07431,2881870000,8
1614869760000,1614870239000,1.07428,1.07449,1.07386,1.0739,1760960000,8
1614870240000,1614870719000,1.0739,1.07403,1.07351,1.07359,2526990000,8
1614870720000,1614871199000,1.0736,1.07423,1.07351,1.07413,2492820000,8
1614871200000,1614871679000,1.07413,1.07418,1.07372,1.0741,2088880000,8
1614871680000,1614872159000,1.07408,1.07444,1.07401,1.07419,1545340000,8
1614872160000,1614872639000,1.07423,1.07436,1.07383,1.07397,1297530000,8
1614872640000,1614873119000,1.07396,1.07441,1.07368,1.07435,1486470000,8
1614873120000,1614873599000,1.07435,1.07476,1.07384,1.07469,2573190000,8
1614873600000,1614874079000,1.07468,1.07487,1.07386,1.0739,2595660000,8
1614874080000,1614874559000,1.07391,1.07419,1.07375,1.07381,1708390000,8
1614874560000,1614875039000,1.07383,1.07405,1.07365,1.074,1055700000,8
1614875040000,1614875519000,1.07402,1.07438,1.074,1.07422,1331120000,8
1614875520000,1614875999000,1.07422,1.07433,1.07401,1.07432,1557930000,8
1614876000000,1614876479000,1.07431,1.07447,1.07406,1.07411,1199140000,8
1614876480000,1614876959000,1.0741,1.07453,1.07399,1.07439,986120000,8
1614876960000,1614877439000,1.07438,1.07445,1.07402,1.07419,945920000,8
1614877440000,1614877919000,1.07417,1.07464,1.07417,1.07443,1399210000,8
1614877920000,1614878399000,1.07443,1.07455,1.07402,1.07428,2893270000,8
1614878400000,1614878879000,1.07429,1.07443,1.07375,1.074,4085520000,8
1614878880000,1614879359000,1.074,1.07421,1.0736,1.07398,4002720000,8
1614879360000,1614879839000,1.07397,1.07452,1.07339,1.07426,4000040000,8
1614879840000,1614880319000,1.07423,1.0743,1.07366,1.07412,3510050000,8
1614880320000,1614880799000,1.07412,1.07437,1.07306,1.07354,3279470000,8
1614880800000,1614881279000,1.0734,1.07386,1.07301,1.07369,2815700000,8
1614881280000,1614881759000,1.0737,1.07496,1.07366,1.07424,3010230000,8
1614881760000,1614882239000,1.07421,1.07437,1.07363,1.07411,2702940000,8
1614882240000,1614882719000,1.07413,1.07428,1.07376,1.07409,2724790000,8
1614882720000,1614883199000,1.07408,1.07441,1.07367,1.07393,2291030000,8
1614883200000,1614883679000,1.07396,1.07418,1.07371,1.07407,1905400000,8
1614883680000,1614884159000,1.07404,1.0743,1.07363,1.07385,2425920000,8
1614884160000,1614884639000,1.07381,1.07469,1.07363,1.0746,3026890000,8
1614884640000,1614885119000,1.07458,1.0753,1.0744,1.07524,1970170000,8
1614885120000,1614885599000,1.07521,1.07538,1.07474,1.0752,2134300000,8
1614885600000,1614886079000,1.0752,1.07535,1.07497,1.07528,1313500000,8
1614886080000,1614886559000,1.0753,1.07536,1.07467,1.07475,1681510000,8
1614886560000,1614887039000,1.07475,1.07479,1.07447,1.07469,1564920000,8
1614887040000,1614887519000,1.07468,1.07479,1.07428,1.07442,1650130000,8
1614887520000,1614887999000,1.07444,1.07458,1.07403,1.07445,1907960000,8
1614888000000,1614888479000,1.07445,1.07445,1.07377,1.07396,2036250000,8
1614888480000,1614888959000,1.07397,1.07417,1.0736,1.0741,1847920000,8
1614888960000,1614889439000,1.07409,1.07441,1.07375,1.07377,1669220000,8
1614889440000,1614889919000,1.07377,1.07457,1.07372,1.07431,1787150000,8
1614889920000,1614890399000,1.0743,1.07437,1.07383,1.07398,1394460000,8
1614890400000,1614890879000,1.07397,1.07402,1.07364,1.07382,1332270000,8
1614890880000,1614891359000,1.07385,1.07437,1.07382,1.07425,1504910000,8
1614891360000,1614891839000,1.07423,1.07451,1.07397,1.0742,1050810000,8
1614891840000,1614892319000,1.0742,1.07434,1.07399,1.07401,430540000,8
1614892320000,1614892799000,1.07403,1.07417,1.07388,1.07415,217350000,8
1614892800000,1614893279000,1.07412,1.07414,1.07398,1.07412,96400000,8
1614893280000,1614893759000,1.07412,1.07417,1.07385,1.07389,261200000,8
1614893760000,1614894239000,1.07389,1.07407,1.07379,1.07388,470130000,8
1614894240000,1614894719000,1.07389,1.0742,1.07381,1.07415,324710000,8
1614894720000,1614895199000,1.07415,1.07436,1.07336,1.07368,529120000,8
1614895200000,1614895679000,1.07371,1.07443,1.07291,1.07388,97400000,8
1614895680000,1614896159000,1.07388,1.07449,1.0734,1.07368,342040000,8
1614896160000,1614896639000,1.07368,1.07436,1.0734,1.07366,252970000,8
1614896640000,1614897119000,1.07366,1.07455,1.0734,1.07448,99820000,8
1614897120000,1614897599000,1.07401,1.07451,1.07351,1.0738,189310000,8
1614897600000,1614898079000,1.07379,1.07398,1.07357,1.07386,288200000,8
1614898080000,1614898559000,1.07386,1.07412,1.07332,1.07394,555930000,8
1614898560000,1614899039000,1.07376,1.07444,1.07359,1.07419,645580000,8
1614899040000,1614899519000,1.07418,1.07435,1.07377,1.07426,881460000,8
1614899520000,1614899999000,1.07423,1.0746,1.07412,1.07443,628390000,8
1614900000000,1614900479000,1.07443,1.07481,1.07441,1.07472,444720000,8
1614900480000,1614900959000,1.0747,1.07483,1.07466,1.0748,362020000,8
1614900960000,1614901439000,1.07482,1.07489,1.07452,1.07454,345610000,8
1614901440000,1614901919000,1.07453,1.07496,1.07434,1.07482,526550000,8
1614901920000,1614902399000,1.07483,1.07493,1.07443,1.07479,506910000,8
1614902400000,1614902879000,1.07478,1.0749,1.07452,1.0747,729100000,8
1614902880000,1614903359000,1.07472,1.07473,1.07393,1.07435,967330000,8
1614903360000,1614903839000,1.07435,1.07439,1.07387,1.07411,653890000,8
1614903840000,1614904319000,1.0741,1.07413,1.07386,1.07409,515740000,8
1614904320000,1614904799000,1.0741,1.0742,1.0738,1.07418,659120000,8
1614904800000,1614905279000,1.07417,1.07456,1.07398,1.07445,503850000,8
1614905280000,1614905759000,1.07446,1.07505,1.07446,1.07483,665930000,8
1614905760000,1614906239000,1.07482,1.0752,1.07441,1.07479,1044370000,8
1614906240000,1614906719000,1.0748,1.07511,1.07446,1.07478,1225590000,8
1614906720000,1614907199000,1.07476,1.07481,1.07427,1.07447,1100940000,8
1614907200000,1614907679000,1.07446,1.07459,1.07417,1.07432,1004500000,8
1614907680000,1614908159000,1.07438,1.07441,1.07376,1.07416,1232150000,8
1614908160000,1614908639000,1.07413,1.07444,1.07388,1.07393,1099600000,8
1614908640000,1614909119000,1.07392,1.07415,1.07375,1.07398,1040350000,8
1614909120000,1614909599000,1.07398,1.07407,1.07363,1.07401,1006410000,8
1614909600000,1614910079000,1.07401,1.07439,1.074,1.07432,832880000,8
1614910080000,1614910559000,1.07429,1.07466,1.07418,1.07463,870590000,8
1614910560000,1614911039000,1.07462,1.07471,1.07442,1.0747,639570000,8
1614911040000,1614911519000,1.07471,1.07475,1.07438,1.07444,604940000,8
1614911520000,1614911999000,1.07443,1.07486,1.07443,1.07479,646750000,8
1614912000000,1614912479000,1.0748,1.07499,1.07476,1.07497,527590000,8
1614912480000,1614912959000,1.07497,1.07517,1.07468,1.07513,608280000,8
1614912960000,1614913439000,1.07514,1.07537,1.07505,1.07508,632340000,8
1614913440000,1614913919000,1.0751,1.0751,1.07466,1.07478,726260000,8
1614913920000,1614914399000,1.07479,1.07516,1.0747,1.07473,865020000,8
1614914400000,1614914879000,1.07472,1.07481,1.07448,1.07474,595610000,8
1614914880000,1614915359000,1.07473,1.07485,1.07451,1.07457,682650000,8
1614915360000,1614915839000,1.07456,1.07517,1.07454,1.07509,674640000,8
1614915840000,1614916319000,1.07507,1.07528,1.07501,1.07524,479490000,8
1614916320000,1614916799000,1.07523,1.07534,1.0752,1.07521,394230000,8
1614916800000,1614917279000,1.07522,1.07527,1.07483,1.07527,483030000,8
1614917280000,1614917759000,1.07526,1.07533,1.0749,1.07524,360840000,8
1614917760000,1614918239000,1.07523,1.07526,1.07498,1.0752,414750000,8
1614918240000,1614918719000,1.07521,1.07539,1.07511,1.07529,422870000,8
1614918720000,1614919199000,1.0753,1.07531,1.07508,1.07523,409000000,8
1614919200000,1614919679000,1.07523,1.0755,1.07515,1.07536,369080000,8
1614919680000,1614920159000,1.07534,1.07538,1.07493,1.07506,461630000,8
1614920160000,1614920639000,1.07507,1.07521,1.07487,1.07514,570000000,8
1614920640000,1614921119000,1.07513,1.07551,1.07507,1.07549,688620000,8
1614921120000,1614921599000,1.07549,1.07555,1.07523,1.07534,484000000,8
1614921600000,1614922079000,1.07533,1.07533,1.07511,1.0753,414600000,8
1614922080000,1614922559000,1.07531,1.07571,1.07529,1.07561,618500000,8
1614922560000,1614923039000,1.07562,1.07602,1.0756,1.07595,511120000,8
1614923040000,1614923519000,1.07597,1.07616,1.07589,1.07615,642960000,8
1614923520000,1614923999000,1.07616,1.07642,1.076,1.07641,673040000,8
1614924000000,1614924479000,1.07647,1.07648,1.0762,1.07636,646830000,8
1614924480000,1614924959000,1.07637,1.07656,1.07597,1.07618,557030000,8
1614924960000,1614925439000,1.07617,1.07632,1.07607,1.07622,531020000,8
1614925440000,1614925919000,1.07623,1.07648,1.07616,1.07642,455100000,8
1614925920000,1614926399000,1.07642,1.07656,1.07635,1.07637,462560000,8
1614926400000,1614926879000,1.07638,1.07669,1.07638,1.07655,401040000,8
1614926880000,1614927359000,1.07656,1.07662,1.07635,1.07649,384420000,8
1614927360000,1614927839000,1.07648,1.0765,1.07595,1.0761,619010000,8
1614927840000,1614928319000,1.07609,1.07609,1.07551,1.07592,685570000,8
1614928320000,1614928799000,1.07591,1.07594,1.07569,1.07576,502800000,8
1614928800000,1614929279000,1.07575,1.07597,1.07553,1.07554,537650000,8
1614929280000,1614929759000,1.07553,1.07595,1.07551,1.07572,867060000,8
1614929760000,1614930239000,1.07573,1.07587,1.07558,1.07572,805500000,8
1614930240000,1614930719000,1.07573,1.07588,1.07554,1.07562,949220000,8
1614930720000,1614931199000,1.07562,1.07574,1.0754,1.07568,979300000,8
1614931200000,1614931679000,1.07572,1.07589,1.07539,1.0755,1609020000,8
1614931680000,1614932159000,1.07552,1.07573,1.07486,1.07506,1541510000,8
1614932160000,1614932639000,1.07506,1.07547,1.07468,1.07545,1406000000,8
1614932640000,1614933119000,1.07542,1.07543,1.07483,1.07509,1289220000,8
1614933120000,1614933599000,1.07509,1.07517,1.0748,1.07487,1101500000,8
1614933600000,1614934079000,1.0749,1.07495,1.07444,1.07451,993810000,8
1614934080000,1614934559000,1.07451,1.0747,1.07402,1.07456,841220000,8
1614934560000,1614935039000,1.07456,1.07472,1.07402,1.07442,932290000,8
1614935040000,1614935519000,1.07442,1.07468,1.07408,1.07426,1085520000,8
1614935520000,1614935999000,1.07427,1.07461,1.07347,1.07424,1481230000,8
1614936000000,1614936479000,1.07423,1.07461,1.07358,1.07358,1022490000,8
1614936480000,1614936959000,1.07359,1.07403,1.07354,1.07394,1094260000,8
1614936960000,1614937439000,1.07394,1.07446,1.07385,1.07422,1010450000,8
1614937440000,1614937919000,1.07418,1.07479,1.07414,1.0747,1049060000,8
1614937920000,1614938399000,1.07472,1.0751,1.07472,1.07492,747960000,8
1614938400000,1614938879000,1.07491,1.07508,1.07461,1.07487,778790000,8
1614938880000,1614939359000,1.07488,1.07505,1.07462,1.0749,769030000,8
1614939360000,1614939839000,1.0749,1.07524,1.07478,1.07515,731680000,8
1614939840000,1614940319000,1.07515,1.07527,1.07467,1.0747,691000000,8
1614940320000,1614940799000,1.0747,1.07503,1.07436,1.07497,856210000,8
1614940800000,1614941279000,1.07498,1.07511,1.07469,1.07472,851300000,8
1614941280000,1614941759000,1.07471,1.07515,1.07462,1.07475,745450000,8
1614941760000,1614942239000,1.07474,1.07493,1.07447,1.07469,589140000,8
1614942240000,1614942719000,1.0747,1.07521,1.07464,1.0751,463500000,8
1614942720000,1614943199000,1.07511,1.0752,1.07464,1.07482,542620000,8
1614943200000,1614943679000,1.07483,1.07501,1.07452,1.07467,649800000,8
1614943680000,1614944159000,1.07468,1.07512,1.07461,1.0748,1558940000,8
1614944160000,1614944639000,1.07481,1.07564,1.07474,1.07543,1149990000,8
1614944640000,1614945119000,1.07544,1.07555,1.07507,1.07527,914430000,8
1614945120000,1614945599000,1.07526,1.07555,1.07476,1.07482,945670000,8
1614945600000,1614946079000,1.0748,1.07531,1.0748,1.07516,865860000,8
1614946080000,1614946559000,1.07517,1.07524,1.0749,1.0751,640300000,8
1614946560000,1614947039000,1.0751,1.07513,1.07472,1.07483,638250000,8
1614947040000,1614947519000,1.07483,1.0749,1.07468,1.07484,717120000,8
1614947520000,1614947999000,1.07483,1.075,1.07459,1.07488,661890000,8
1614948000000,1614948479000,1.07488,1.07522,1.07479,1.07503,765040000,8
1614948480000,1614948959000,1.07502,1.07515,1.07471,1.07479,1041380000,8
1614948960000,1614949439000,1.07479,1.07509,1.07447,1.07507,1284860000,8
1614949440000,1614949919000,1.07507,1.07521,1.07479,1.07516,1126360000,8
1614949920000,1614950399000,1.07514,1.07519,1.07462,1.07469,849720000,8
1614950400000,1614950879000,1.07468,1.07476,1.07442,1.07462,1031520000,8
1614950880000,1614951359000,1.0746,1.0747,1.07264,1.07451,3760340000,8
1614951360000,1614951839000,1.07449,1.07464,1.07384,1.07421,3185560000,8
1614951840000,1614952319000,1.07419,1.07492,1.07395,1.07475,2337960000,8
1614952320000,1614952799000,1.07475,1.07513,1.0746,1.07503,1652190000,8
1614952800000,1614953279000,1.07503,1.07538,1.07473,1.07533,1797030000,8
1614953280000,1614953759000,1.0753,1.07586,1.07453,1.07472,2645920000,8
1614953760000,1614954239000,1.07471,1.07513,1.07426,1.07452,2202000000,8
1614954240000,1614954719000,1.07453,1.07501,1.07423,1.07474,2190570000,8
1614954720000,1614955199000,1.07474,1.07508,1.07436,1.07442,2755110000,8
1614955200000,1614955679000,1.07441,1.07464,1.07403,1.07425,3512470000,8
1614955680000,1614956159000,1.07424,1.07451,1.074,1.07425,3541810000,8
1614956160000,1614956639000,1.07431,1.07458,1.0739,1.0741,2890430000,8
1614956640000,1614957119000,1.07412,1.07463,1.07386,1.07426,2910980000,8
1614957120000,1614957599000,1.07427,1.07439,1.07378,1.07389,2973620000,8
1614957600000,1614958079000,1.07388,1.07403,1.07354,1.07372,3020770000,8
1614958080000,1614958559000,1.07374,1.07408,1.07358,1.07378,3168390000,8
1614958560000,1614959039000,1.07376,1.07425,1.07347,1.07411,2893230000,8
1614959040000,1614959519000,1.07414,1.07427,1.07375,1.07389,2708020000,8
1614959520000,1614959999000,1.07386,1.0739,1.07294,1.07308,2693350000,8
1614960000000,1614960479000,1.07307,1.07373,1.07303,1.07347,2769080000,8
1614960480000,1614960959000,1.07346,1.07357,1.07304,1.07325,2135930000,8
1614960960000,1614961439000,1.07324,1.07354,1.07313,1.07335,1899300000,8
1614961440000,1614961919000,1.07334,1.07356,1.07313,1.07348,2124540000,8
1614961920000,1614962399000,1.07349,1.07353,1.07293,1.0733,2191940000,8
1614962400000,1614962879000,1.07331,1.07355,1.07232,1.07257,2666090000,8
1614962880000,1614963359000,1.07257,1.07292,1.07246,1.07291,2117390000,8
1614963360000,1614963839000,1.0729,1.07293,1.07225,1.07242,2094500000,8
1614963840000,1614964319000,1.07242,1.07272,1.07239,1.07255,1609670000,8
1614964320000,1614964799000,1.07256,1.07264,1.07206,1.07223,1588580000,8
1614964800000,1614965279000,1.07224,1.07275,1.07218,1.07242,1491710000,8
1614965280000,1614965759000,1.07244,1.07283,1.07234,1.0724,1416750000,8
1614965760000,1614966239000,1.07239,1.07258,1.07225,1.07248,1342990000,8
1614966240000,1614966719000,1.07249,1.07258,1.072,1.07214,1308010000,8
1614966720000,1614967199000,1.07214,1.07233,1.07202,1.07209,1259150000,8
1614967200000,1614967679000,1.07215,1.07232,1.07191,1.07216,1371730000,8
1614967680000,1614968159000,1.07218,1.07226,1.07203,1.0722,1369270000,8
1614968160000,1614968639000,1.07222,1.07258,1.07215,1.07251,1344420000,8
1614968640000,1614969119000,1.07249,1.07267,1.07218,1.07223,1157760000,8
1614969120000,1614969599000,1.07224,1.07242,1.07206,1.07242,1173800000,8
1614969600000,1614970079000,1.07242,1.07272,1.07223,1.07253,855180000,8
1614970080000,1614970559000,1.07254,1.07265,1.07211,1.07232,768880000,8
1614970560000,1614971039000,1.07232,1.07255,1.07225,1.07247,896210000,8
1614971040000,1614971519000,1.07249,1.07266,1.07228,1.07229,1119050000,8
1614971520000,1614971999000,1.07233,1.0727,1.07226,1.07239,1183900000,8
1614972000000,1614972479000,1.07248,1.07257,1.07228,1.07228,846400000,8
1614972480000,1614972959000,1.07229,1.07269,1.07228,1.07259,629420000,8
1614972960000,1614973439000,1.07259,1.07293,1.07251,1.07288,711550000,8
1614973440000,1614973919000,1.07289,1.07306,1.07274,1.07297,771200000,8
1614973920000,1614974399000,1.07297,1.07297,1.07246,1.0725,743120000,8
1614974400000,1614974879000,1.07251,1.07265,1.07222,1.07238,632930000,8
1614974880000,1614975359000,1.07236,1.07258,1.07199,1.07206,514910000,8
1614975360000,1614975839000,1.07205,1.0724,1.07198,1.07221,1123600000,8
1614975840000,1614976319000,1.07228,1.07255,1.07223,1.0725,664840000,8
1614976320000,1614976799000,1.07253,1.07262,1.07242,1.07262,580630000,8
1614976800000,1614977279000,1.07259,1.07285,1.0725,1.07278,710780000,8
1614977280000,1614977759000,1.07277,1.073,1.07259,1.07278,823100000,8
1614977760000,1614978239000,1.07278,1.07309,1.07274,1.07306,596490000,8
1614978240000,1614978719000,1.07306,1.07316,1.07238,1.07249,236230000,8
1614978720000,1614979199000,1.07249,1.0726,1.07242,1.07245,244700000,8
1614979200000,1614979679000,1.07247,1.07265,1.07245,1.07257,170370000,8
1614979680000,1614980159000,1.07256,1.07264,1.07242,1.07246,333630000,8
1614980160000,1614980639000,1.07246,1.07247,1.07242,1.07242,202560000,8
1614980640000,1614981119000,1.07243,1.07248,1.07218,1.07238,364000000,8
1614981120000,1614981599000,1.07238,1.07296,1.07165,1.0728,1226890000,8
1614981600000,1614982079000,1.0728,1.0728,1.0728,1.0728,0,8
1614982080000,1614982559000,1.0728,1.0728,1.0728,1.0728,0,8
1614982560000,1614983039000,1.0728,1.0728,1.0728,1.0728,0,8
1614983040000,1614983519000,1.0728,1.0728,1.0728,1.0728,0,8
1614983520000,1614983999000,1.0728,1.0728,1.0728,1.0728,0,8
1614984000000,1614984479000,1.0728,1.0728,1.0728,1.0728,0,8
1614984480000,1614984959000,1.0728,1.0728,1.0728,1.0728,0,8
1614984960000,1614985439000,1.0728,1.0728,1.0728,1.0728,0,8
1614985440000,1614985919000,1.0728,1.0728,1.0728,1.0728,0,8
1614985920000,1614986399000,1.0728,1.0728,1.0728,1.0728,0,8
1614986400000,1614986879000,1.0728,1.0728,1.0728,1.0728,0,8
1614986880000,1614987359000,1.0728,1.0728,1.0728,1.0728,0,8
1614987360000,1614987839000,1.0728,1.0728,1.0728,1.0728,0,8
1614987840000,1614988319000,1.0728,1.0728,1.0728,1.0728,0,8
1614988320000,1614988799000,1.0728,1.0728,1.0728,1.0728,0,8
1615155360000,1615155839000,1.07263,1.07263,1.07199,1.07199,40120000,8
1615155840000,1615156319000,1.07199,1.0723,1.07199,1.0723,106740000,8
1615156320000,1615156799000,1.07228,1.07255,1.07226,1.07255,38250000,8
1615156800000,1615157279000,1.07254,1.0728,1.07254,1.0727,46500000,8
1615157760000,1615158239000,1.07334,1.07345,1.07294,1.07304,1017510000,8
1615158240000,1615158719000,1.07301,1.07392,1.07297,1.0732,1557270000,8
1615158720000,1615159199000,1.07319,1.07373,1.07303,1.07357,692070000,8
1615159200000,1615159679000,1.0736,1.07381,1.07317,1.07351,980230000,8
1615159680000,1615160159000,1.0735,1.07385,1.07334,1.07361,758360000,8
1615160160000,1615160639000,1.07361,1.07399,1.0734,1.07388,483840000,8
1615160640000,1615161119000,1.07388,1.07405,1.07327,1.07345,631540000,8
1615161120000,1615161599000,1.07345,1.07402,1.07345,1.07387,473300000,8
1615161600000,1615162079000,1.07383,1.07408,1.07338,1.07348,707070000,8
1615162080000,1615162559000,1.0735,1.07355,1.07305,1.07324,553980000,8
1615162560000,1615163039000,1.07324,1.07324,1.07295,1.0731,692150000,8
1615163040000,1615163519000,1.07309,1.0731,1.0728,1.0728,558440000,8
1615163520000,1615163999000,1.07283,1.07291,1.07269,1.07287,444240000,8
1615164000000,1615164479000,1.07287,1.07311,1.07261,1.07309,519410000,8
1615164480000,1615164959000,1.07306,1.07339,1.0728,1.07328,586750000,8
1615164960000,1615165439000,1.0733,1.07332,1.07285,1.07322,752460000,8
1615165440000,1615165919000,1.07322,1.07323,1.07286,1.07309,658430000,8
1615165920000,1615166399000,1.07309,1.07352,1.073,1.07337,628000000,8
1615166400000,1615166879000,1.07339,1.07377,1.07335,1.07375,811130000,8
1615166880000,1615167359000,1.07376,1.07391,1.0737,1.0739,871540000,8
1615167360000,1615167839000,1.07392,1.07408,1.07378,1.07396,897270000,8
1615167840000,1615168319000,1.07395,1.0741,1.07373,1.07403,915230000,8
1615168320000,1615168799000,1.07405,1.07411,1.0735,1.07374,981010000,8
1615168800000,1615169279000,1.07375,1.07406,1.07361,1.07367,802240000,8
1615169280000,1615169759000,1.07368,1.07419,1.07367,1.07385,515720000,8
1615169760000,1615170239000,1.07387,1.07407,1.07368,1.07394,667080000,8
1615170240000,1615170719000,1.07393,1.07414,1.07359,1.07393,1102570000,8
1615170720000,1615171199000,1.07397,1.07407,1.07384,1.07399,815460000,8
1615171200000,1615171679000,1.07401,1.07412,1.07377,1.07382,1103840000,8
1615171680000,1615172159000,1.07383,1.07407,1.07373,1.0739,1040580000,8
1615172160000,1615172639000,1.07389,1.07396,1.07357,1.07368,986840000,8
1615172640000,1615173119000,1.07369,1.07414,1.07363,1.07404,773650000,8
1615173120000,1615173599000,1.07404,1.07409,1.07339,1.07393,1107930000,8
1615173600000,1615174079000,1.07391,1.07424,1.07383,1.07411,759280000,8
1615174080000,1615174559000,1.07405,1.07457,1.07402,1.07438,1055110000,8
1615174560000,1615175039000,1.07439,1.07478,1.0743,1.07457,659080000,8
1615175040000,1615175519000,1.07456,1.07471,1.07445,1.07462,629250000,8
1615175520000,1615175999000,1.07462,1.07478,1.07448,1.07455,580960000,8
1615176000000,1615176479000,1.07455,1.07478,1.07444,1.07468,536150000,8
1615176480000,1615176959000,1.07468,1.07476,1.07456,1.07466,423590000,8
1615176960000,1615177439000,1.07466,1.07478,1.07466,1.07471,468430000,8
1615177440000,1615177919000,1.0747,1.07495,1.0747,1.07487,408180000,8
1615177920000,1615178399000,1.07487,1.07495,1.0747,1.07489,440810000,8
1615178400000,1615178879000,1.07489,1.07492,1.07467,1.07477,405170000,8
1615178880000,1615179359000,1.07479,1.07504,1.07476,1.07501,481500000,8
1615179360000,1615179839000,1.07504,1.07564,1.07496,1.07558,1954100000,8
1615179840000,1615180319000,1.07557,1.07591,1.07527,1.07551,996060000,8
1615180320000,1615180799000,1.07552,1.07579,1.0754,1.07553,688100000,8
1615180800000,1615181279000,1.07552,1.07578,1.07546,1.07568,513670000,8
1615181280000,1615181759000,1.07567,1.07595,1.07559,1.07586,861660000,8
1615181760000,1615182239000,1.07584,1.07596,1.07568,1.0759,742150000,8
1615182240000,1615182719000,1.0759,1.07601,1.07585,1.07594,621450000,8
1615182720000,1615183199000,1.07595,1.07601,1.07585,1.0759,628830000,8
1615183200000,1615183679000,1.07588,1.07595,1.07573,1.07581,959060000,8
1615183680000,1615184159000,1.07579,1.07587,1.07553,1.07567,811740000,8
1615184160000,1615184639000,1.07567,1.07585,1.0756,1.07582,579110000,8
1615184640000,1615185119000,1.0758,1.07587,1.07575,1.07577,591400000,8
1615185120000,1615185599000,1.07577,1.07583,1.07563,1.07578,536720000,8
1615185600000,1615186079000,1.07579,1.07587,1.0754,1.07541,739780000,8
1615186080000,1615186559000,1.07542,1.07565,1.07534,1.07547,725250000,8
1615186560000,1615187039000,1.07549,1.07586,1.07539,1.07556,1193690000,8
1615187040000,1615187519000,1.07557,1.07586,1.07554,1.07574,1107330000,8
1615187520000,1615187999000,1.07575,1.07577,1.07522,1.07528,1087550000,8
1615188000000,1615188479000,1.07527,1.07561,1.07502,1.0755,1005880000,8
1615188480000,1615188959000,1.07549,1.07562,1.07487,1.07502,920590000,8
1615188960000,1615189439000,1.07502,1.07554,1.07501,1.07536,968930000,8
1615189440000,1615189919000,1.07536,1.07571,1.07524,1.07531,678700000,8
1615189920000,1615190399000,1.07531,1.07561,1.07521,1.07537,981880000,8
1615190400000,1615190879000,1.07535,1.07537,1.07497,1.07513,1550970000,8
1615190880000,1615191359000,1.07513,1.07517,1.07453,1.07482,1310700000,8
1615191360000,1615191839000,1.0748,1.07515,1.0748,1.07506,848380000,8
1615191840000,1615192319000,1.07506,1.07507,1.07463,1.07468,1044100000,8
1615192320000,1615192799000,1.07468,1.07484,1.07424,1.07453,1073170000,8
1615192800000,1615193279000,1.07455,1.07455,1.0738,1.07409,957880000,8
1615193280000,1615193759000,1.07411,1.07468,1.0741,1.07465,1197530000,8
1615193760000,1615194239000,1.07464,1.07489,1.07452,1.07471,963420000,8
1615194240000,1615194719000,1.07474,1.07487,1.0745,1.07483,777640000,8
1615194720000,1615195199000,1.07482,1.07524,1.07468,1.07523,920120000,8
1615195200000,1615195679000,1.07522,1.07537,1.07473,1.07474,1221090000,8
1615195680000,1615196159000,1.07474,1.0749,1.07437,1.07445,1079660000,8
1615196160000,1615196639000,1.07447,1.07515,1.07432,1.07495,966450000,8
1615196640000,1615197119000,1.07493,1.07549,1.07491,1.07531,830570000,8
1615197120000,1615197599000,1.07531,1.07569,1.07498,1.07517,881920000,8
1615197600000,1615198079000,1.07517,1.0752,1.0749,1.07503,690020000,8
1615198080000,1615198559000,1.07502,1.07511,1.07485,1.07489,825090000,8
1615198560000,1615199039000,1.0749,1.07521,1.07476,1.07516,893180000,8
1615199040000,1615199519000,1.07517,1.07548,1.07508,1.07546,751460000,8
1615199520000,1615199999000,1.07547,1.07595,1.0754,1.07565,925850000,8
1615200000000,1615200479000,1.07566,1.07592,1.07555,1.07562,706990000,8
1615200480000,1615200959000,1.07563,1.07602,1.0756,1.07591,634270000,8
1615200960000,1615201439000,1.07594,1.07638,1.07592,1.07632,752990000,8
1615201440000,1615201919000,1.07631,1.07646,1.07598,1.07608,688730000,8
1615201920000,1615202399000,1.07607,1.07627,1.07595,1.07602,633020000,8
1615202400000,1615202879000,1.07601,1.07622,1.0759,1.07605,555060000,8
1615202880000,1615203359000,1.07605,1.07612,1.07571,1.07572,851410000,8
1615203360000,1615203839000,1.07579,1.07579,1.07541,1.07549,630910000,8
1615203840000,1615204319000,1.07548,1.07597,1.07543,1.07563,853340000,8
1615204320000,1615204799000,1.07563,1.07607,1.0756,1.07589,925520000,8
1615204800000,1615205279000,1.0759,1.07625,1.07564,1.07568,1125220000,8
1615205280000,1615205759000,1.07569,1.07637,1.07562,1.07615,828550000,8
1615205760000,1615206239000,1.07616,1.07646,1.07609,1.07636,708450000,8
1615206240000,1615206719000,1.07633,1.07646,1.07588,1.07595,875530000,8
1615206720000,1615207199000,1.07594,1.07609,1.07579,1.07602,790100000,8
1615207200000,1615207679000,1.07601,1.07607,1.07578,1.07604,787370000,8
1615207680000,1615208159000,1.07604,1.07605,1.07571,1.0758,770020000,8
1615208160000,1615208639000,1.0758,1.07586,1.07556,1.07573,1011000000,8
1615208640000,1615209119000,1.07572,1.07603,1.07558,1.07562,1298750000,8
1615209120000,1615209599000,1.07561,1.07569,1.07541,1.07543,2165930000,8
1615209600000,1615210079000,1.07545,1.07557,1.0752,1.07539,1886450000,8
1615210080000,1615210559000,1.0754,1.07577,1.0753,1.07561,1407060000,8
1615210560000,1615211039000,1.07561,1.0757,1.0752,1.07528,1101630000,8
1615211040000,1615211519000,1.07526,1.07556,1.07494,1.07494,1228840000,8
1615211520000,1615211999000,1.07495,1.07514,1.0749,1.07492,1361090000,8
1615212000000,1615212479000,1.07498,1.07538,1.07491,1.07523,1168300000,8
1615212480000,1615212959000,1.07523,1.07542,1.07502,1.07506,1204910000,8
1615212960000,1615213439000,1.07505,1.07512,1.07479,1.07485,1190380000,8
1615213440000,1615213919000,1.07489,1.07534,1.07482,1.07507,1753550000,8
1615213920000,1615214399000,1.07506,1.07528,1.07482,1.07516,2709800000,8
1615214400000,1615214879000,1.07517,1.07547,1.07472,1.07485,2334130000,8
1615214880000,1615215359000,1.07486,1.07507,1.07435,1.07498,3071390000,8
1615215360000,1615215839000,1.07498,1.07531,1.07459,1.0748,3485180000,8
1615215840000,1615216319000,1.07482,1.07523,1.07455,1.07493,3353950000,8
1615216320000,1615216799000,1.07493,1.075,1.07433,1.07471,2877060000,8
1615216800000,1615217279000,1.0747,1.07479,1.0744,1.07451,2629820000,8
1615217280000,1615217759000,1.07452,1.07471,1.0744,1.07457,1933970000,8
1615217760000,1615218239000,1.07458,1.0747,1.07422,1.07426,1791940000,8
1615218240000,1615218719000,1.07427,1.07478,1.07412,1.07441,2231110000,8
1615218720000,1615219199000,1.0744,1.07464,1.07404,1.07434,1680310000,8
1615219200000,1615219679000,1.07434,1.0746,1.0743,1.07455,1815210000,8
1615219680000,1615220159000,1.07457,1.07467,1.07435,1.07446,1205540000,8
1615220160000,1615220639000,1.07446,1.07453,1.07422,1.07447,1444890000,8
1615220640000,1615221119000,1.07445,1.07458,1.07387,1.07394,1017740000,8
1615221120000,1615221599000,1.0739,1.07407,1.07343,1.07368,1405470000,8
1615221600000,1615222079000,1.07366,1.07405,1.07349,1.07401,1547090000,8
1615222080000,1615222559000,1.07399,1.07409,1.07374,1.07391,1585220000,8
1615222560000,1615223039000,1.07391,1.07442,1.07383,1.07415,1467110000,8
1615223040000,1615223519000,1.07415,1.07441,1.07412,1.07422,1550050000,8
1615223520000,1615223999000,1.07419,1.07447,1.07414,1.07421,1194840000,8
1615224000000,1615224479000,1.07421,1.07448,1.07414,1.07437,1203180000,8
1615224480000,1615224959000,1.07436,1.0747,1.07431,1.07456,905540000,8
1615224960000,1615225439000,1.07455,1.07473,1.07442,1.07448,936100000,8
1615225440000,1615225919000,1.07445,1.07455,1.07432,1.07438,794420000,8
1615225920000,1615226399000,1.07438,1.07441,1.07405,1.07423,699520000,8
1615226400000,1615226879000,1.07412,1.07447,1.07388,1.07426,905990000,8
1615226880000,1615227359000,1.07424,1.07433,1.07366,1.07385,733350000,8
1615227360000,1615227839000,1.07384,1.07394,1.07371,1.07381,640440000,8
1615227840000,1615228319000,1.07383,1.07386,1.07349,1.07366,798060000,8
1615228320000,1615228799000,1.07368,1.07409,1.07362,1.07404,735140000,8
1615228800000,1615229279000,1.07401,1.07415,1.0739,1.07406,628670000,8
1615229280000,1615229759000,1.07409,1.07426,1.07381,1.07394,1107500000,8
1615229760000,1615230239000,1.07394,1.07405,1.07379,1.07395,903890000,8
1615230240000,1615230719000,1.07392,1.07407,1.07377,1.07388,799530000,8
1615230720000,1615231199000,1.07389,1.074,1.07379,1.07398,553690000,8
1615231200000,1615231679000,1.07398,1.07428,1.07396,1.07409,837770000,8
1615231680000,1615232159000,1.07407,1.07416,1.07378,1.07396,628970000,8
1615232160000,1615232639000,1.07398,1.07422,1.07319,1.07327,863100000,8
1615232640000,1615233119000,1.07325,1.07348,1.07322,1.07327,639180000,8
1615233120000,1615233599000,1.07327,1.07332,1.07306,1.07315,475700000,8
1615233600000,1615234079000,1.07316,1.0732,1.07293,1.07295,854660000,8
1615234080000,1615234559000,1.07295,1.07311,1.07294,1.07294,676800000,8
1615234560000,1615235039000,1.07295,1.07317,1.07277,1.07312,842970000,8
1615235040000,1615235519000,1.07312,1.07331,1.07305,1.07326,640230000,8
1615235520000,1615235999000,1.07326,1.07339,1.07314,1.07325,479930000,8
1615236000000,1615236479000,1.07324,1.07339,1.07307,1.07318,767820000,8
1615236480000,1615236959000,1.07316,1.07329,1.07281,1.07283,647630000,8
1615236960000,1615237439000,1.07288,1.0733,1.07282,1.07328,434840000,8
1615237440000,1615237919000,1.07327,1.07339,1.0732,1.07328,256470000,8
1615237920000,1615238399000,1.07327,1.07358,1.07317,1.07325,356950000,8
1615238400000,1615238879000,1.07326,1.07355,1.07326,1.07331,240210000,8
1615238880000,1615239359000,1.07331,1.07343,1.07313,1.0732,366870000,8
1615239360000,1615239839000,1.0732,1.07332,1.07316,1.07321,289920000,8
1615239840000,1615240319000,1.07321,1.07342,1.0732,1.07339,368060000,8
1615240320000,1615240799000,1.07337,1.07378,1.07335,1.07347,395640000,8
1615240800000,1615241279000,1.07347,1.07347,1.0732,1.0732,400000,8
1615241280000,1615241759000,1.0732,1.07388,1.07214,1.07297,36100000,8
1615241760000,1615242239000,1.07297,1.07308,1.07297,1.07299,7650000,8
1615242240000,1615242719000,1.07299,1.074,1.07214,1.07396,295160000,8
1615242720000,1615243199000,1.07396,1.07396,1.07325,1.07336,48800000,8
1615243200000,1615243679000,1.07336,1.07349,1.07336,1.07336,9800000,8
1615243680000,1615244159000,1.07336,1.07434,1.07336,1.07417,164470000,8
1615244160000,1615244639000,1.07417,1.07432,1.07341,1.07392,553310000,8
1615244640000,1615245119000,1.07391,1.07405,1.07373,1.07376,292220000,8
1615245120000,1615245599000,1.07375,1.07407,1.07369,1.07388,323630000,8
1615245600000,1615246079000,1.07387,1.0739,1.07345,1.07358,227110000,8
1615246080000,1615246559000,1.07358,1.07372,1.07338,1.07354,224330000,8
1615246560000,1615247039000,1.07353,1.07358,1.07335,1.07343,187500000,8
1615247040000,1615247519000,1.07342,1.07368,1.07334,1.0735,215190000,8
1615247520000,1615247999000,1.07352,1.07367,1.0734,1.0734,340470000,8
1615248000000,1615248479000,1.0734,1.07345,1.07298,1.07321,883120000,8
1615248480000,1615248959000,1.0732,1.07356,1.07319,1.07345,592880000,8
1615248960000,1615249439000,1.07345,1.07354,1.07323,1.07349,565500000,8
1615249440000,1615249919000,1.07347,1.0739,1.07344,1.07372,804790000,8
1615249920000,1615250399000,1.07372,1.07396,1.07339,1.07346,817250000,8
1615250400000,1615250879000,1.07345,1.0736,1.07296,1.07347,646250000,8
1615250880000,1615251359000,1.07348,1.07378,1.07337,1.07368,654820000,8
1615251360000,1615251839000,1.07368,1.07384,1.07329,1.0733,812440000,8
1615251840000,1615252319000,1.07331,1.07384,1.0733,1.0737,867270000,8
1615252320000,1615252799000,1.07369,1.07381,1.07355,1.07366,545790000,8
1615252800000,1615253279000,1.07365,1.07384,1.07328,1.07361,959240000,8
1615253280000,1615253759000,1.07361,1.07381,1.07284,1.07294,1300630000,8
1615253760000,1615254239000,1.07295,1.07335,1.0728,1.0733,1550390000,8
1615254240000,1615254719000,1.07328,1.0736,1.07315,1.0732,1122580000,8
1615254720000,1615255199000,1.0732,1.07355,1.07292,1.07302,1132230000,8
1615255200000,1615255679000,1.07302,1.07345,1.07299,1.0733,1423070000,8
1615255680000,1615256159000,1.07328,1.07333,1.07277,1.07292,1275910000,8
1615256160000,1615256639000,1.07294,1.07318,1.07286,1.07292,1028310000,8
1615256640000,1615257119000,1.07293,1.07333,1.07291,1.07302,980480000,8
1615257120000,1615257599000,1.073,1.07314,1.07271,1.07288,912990000,8
1615257600000,1615258079000,1.07286,1.07334,1.0728,1.07318,1143100000,8
1615258080000,1615258559000,1.07318,1.07378,1.07305,1.07376,1062930000,8
1615258560000,1615259039000,1.07375,1.07396,1.07356,1.07391,911480000,8
1615259040000,1615259519000,1.07391,1.07432,1.07373,1.07403,852610000,8
1615259520000,1615259999000,1.07403,1.07419,1.07376,1.0741,809660000,8
1615260000000,1615260479000,1.07409,1.07418,1.07388,1.07407,806440000,8
1615260480000,1615260959000,1.07406,1.07438,1.07404,1.07434,621630000,8
1615260960000,1615261439000,1.07434,1.07462,1.0742,1.07421,720060000,8
1615261440000,1615261919000,1.0742,1.0745,1.07419,1.0744,731610000,8
1615261920000,1615262399000,1.07438,1.07474,1.07417,1.07472,982110000,8
1615262400000,1615262879000,1.07471,1.0751,1.07448,1.07457,696670000,8
1615262880000,1615263359000,1.07456,1.07493,1.07447,1.07486,516930000,8
1615263360000,1615263839000,1.07486,1.07494,1.07471,1.07474,526730000,8
1615263840000,1615264319000,1.07475,1.0748,1.0746,1.07476,505050000,8
1615264320000,1615264799000,1.07478,1.07519,1.07473,1.07513,515510000,8
1615264800000,1615265279000,1.07513,1.0757,1.07509,1.07567,585840000,8
1615265280000,1615265759000,1.07566,1.07584,1.07555,1.07556,453900000,8
1615265760000,1615266239000,1.07556,1.07578,1.07545,1.07574,722970000,8
1615266240000,1615266719000,1.07573,1.07578,1.07534,1.07538,686810000,8
1615266720000,1615267199000,1.07539,1.07582,1.07537,1.07573,542320000,8
1615267200000,1615267679000,1.07572,1.07582,1.0756,1.0758,477710000,8
1615267680000,1615268159000,1.07581,1.07587,1.07563,1.07579,383740000,8
1615268160000,1615268639000,1.07579,1.07579,1.07555,1.07568,579710000,8
1615268640000,1615269119000,1.07568,1.07578,1.07555,1.07566,611380000,8
1615269120000,1615269599000,1.0757,1.07582,1.07555,1.07559,680970000,8
1615269600000,1615270079000,1.07559,1.07559,1.07539,1.07553,601010000,8
1615270080000,1615270559000,1.07553,1.07554,1.07521,1.07531,588430000,8
1615270560000,1615271039000,1.07533,1.07572,1.07529,1.07571,455600000,8
1615271040000,1615271519000,1.07571,1.07573,1.07528,1.07549,513420000,8
1615271520000,1615271999000,1.07549,1.07552,1.07517,1.07542,407160000,8
1615272000000,1615272479000,1.07543,1.07553,1.07526,1.07529,547440000,8
1615272480000,1615272959000,1.07529,1.07552,1.07526,1.07529,575470000,8
1615272960000,1615273439000,1.0753,1.07547,1.07453,1.07456,906880000,8
1615273440000,1615273919000,1.07455,1.07525,1.07455,1.07512,810800000,8
1615273920000,1615274399000,1.07514,1.07541,1.0751,1.07536,1259040000,8
1615274400000,1615274879000,1.07535,1.07546,1.07514,1.07523,1224980000,8
1615274880000,1615275359000,1.07523,1.07543,1.07508,1.07532,1095890000,8
1615275360000,1615275839000,1.07533,1.07548,1.07521,1.07543,711650000,8
1615275840000,1615276319000,1.07545,1.07548,1.07508,1.0754,967990000,8
1615276320000,1615276799000,1.0754,1.0759,1.07539,1.07567,1071430000,8
1615276800000,1615277279000,1.07568,1.07577,1.07517,1.07535,1373800000,8
1615277280000,1615277759000,1.07534,1.07599,1.07531,1.07559,1024550000,8
1615277760000,1615278239000,1.07558,1.07591,1.07552,1.07577,1093910000,8
1615278240000,1615278719000,1.07578,1.07594,1.07558,1.07576,1055850000,8
1615278720000,1615279199000,1.07573,1.0764,1.07563,1.07608,1203700000,8
1615279200000,1615279679000,1.0761,1.07627,1.07553,1.07559,1168560000,8
1615279680000,1615280159000,1.07558,1.07577,1.07505,1.07516,1468680000,8
1615280160000,1615280639000,1.07514,1.07542,1.07486,1.07533,1275350000,8
1615280640000,1615281119000,1.07532,1.07534,1.07463,1.07471,1134030000,8
1615281120000,1615281599000,1.0747,1.07503,1.0747,1.075,1217810000,8
1615281600000,1615282079000,1.07498,1.07523,1.07496,1.07504,781660000,8
1615282080000,1615282559000,1.07504,1.07525,1.07483,1.07493,657160000,8
1615282560000,1615283039000,1.07493,1.07508,1.0747,1.07472,665990000,8
1615283040000,1615283519000,1.07472,1.07482,1.07444,1.07473,688260000,8
1615283520000,1615283999000,1.07475,1.07504,1.07474,1.07489,663380000,8
1615284000000,1615284479000,1.07491,1.07508,1.07475,1.07479,606840000,8
1615284480000,1615284959000,1.07478,1.07499,1.0746,1.07485,613810000,8
1615284960000,1615285439000,1.07486,1.07509,1.07472,1.07494,643330000,8
1615285440000,1615285919000,1.07493,1.07507,1.07463,1.07476,732400000,8
1615285920000,1615286399000,1.07476,1.07526,1.07471,1.07512,859670000,8
1615286400000,1615286879000,1.07515,1.07527,1.07497,1.07508,737950000,8
1615286880000,1615287359000,1.0751,1.07541,1.07503,1.07529,698780000,8
1615287360000,1615287839000,1.0753,1.0753,1.07466,1.07474,746650000,8
1615287840000,1615288319000,1.07473,1.07483,1.07453,1.07462,847060000,8
1615288320000,1615288799000,1.07461,1.07525,1.07461,1.07514,799980000,8
1615288800000,1615289279000,1.07514,1.07543,1.07507,1.07534,742610000,8
1615289280000,1615289759000,1.07535,1.07539,1.07489,1.07509,728470000,8
1615289760000,1615290239000,1.0751,1.07519,1.07497,1.07518,574780000,8
1615290240000,1615290719000,1.07517,1.07541,1.07491,1.07537,737000000,8
1615290720000,1615291199000,1.07537,1.07551,1.07517,1.07541,713200000,8
1615291200000,1615291679000,1.07542,1.07548,1.07514,1.07522,699640000,8
1615291680000,1615292159000,1.07522,1.07553,1.07508,1.07547,711160000,8
1615292160000,1615292639000,1.07546,1.07559,1.07542,1.07544,836870000,8
1615292640000,1615293119000,1.07543,1.07553,1.07522,1.07547,751870000,8
1615293120000,1615293599000,1.07545,1.07563,1.07523,1.07559,626440000,8
1615293600000,1615294079000,1.0756,1.07578,1.07553,1.07565,613760000,8
1615294080000,1615294559000,1.07566,1.07587,1.07548,1.07566,1015550000,8
1615294560000,1615295039000,1.07567,1.07584,1.07527,1.07542,1177420000,8
1615295040000,1615295519000,1.07542,1.07558,1.07525,1.07546,1069830000,8
1615295520000,1615295999000,1.07544,1.07572,1.07537,1.07545,1166400000,8
1615296000000,1615296479000,1.07549,1.07558,1.07522,1.07533,1137490000,8
1615296480000,1615296959000,1.07534,1.07554,1.07524,1.07546,1282130000,8
1615296960000,1615297439000,1.07545,1.07556,1.07508,1.07519,1303600000,8
1615297440000,1615297919000,1.07519,1.07524,1.07479,1.07511,1072650000,8
1615297920000,1615298399000,1.0751,1.07529,1.07498,1.07518,1194180000,8
1615298400000,1615298879000,1.07522,1.07565,1.07515,1.07552,1168870000,8
1615298880000,1615299359000,1.07554,1.07602,1.07542,1.0759,802930000,8
1615299360000,1615299839000,1.07592,1.07594,1.07564,1.07583,828730000,8
1615299840000,1615300319000,1.07583,1.07585,1.07554,1.07565,1377720000,8
1615300320000,1615300799000,1.07568,1.07573,1.07536,1.07559,2411090000,8
1615300800000,1615301279000,1.07561,1.07572,1.07527,1.07559,2286390000,8
1615301280000,1615301759000,1.07559,1.07586,1.07549,1.07575,1747010000,8
1615301760000,1615302239000,1.07576,1.0759,1.07534,1.07561,2055720000,8
1615302240000,1615302719000,1.07563,1.07645,1.07549,1.07638,1995710000,8
1615302720000,1615303199000,1.07638,1.07694,1.07633,1.07687,1552670000,8
1615303200000,1615303679000,1.07685,1.07694,1.07658,1.07676,1244030000,8
1615303680000,1615304159000,1.07677,1.0769,1.07651,1.07689,1624440000,8
1615304160000,1615304639000,1.0769,1.07709,1.07664,1.07674,1305960000,8
1615304640000,1615305119000,1.07676,1.07696,1.07662,1.0768,1441710000,8
1615305120000,1615305599000,1.07677,1.07679,1.07613,1.07646,1462190000,8
1615305600000,1615306079000,1.07646,1.07658,1.07603,1.07618,1389850000,8
1615306080000,1615306559000,1.07617,1.0763,1.07583,1.07602,1267710000,8
1615306560000,1615307039000,1.07602,1.07621,1.07585,1.07619,894680000,8
1615307040000,1615307519000,1.07622,1.07624,1.076,1.07622,933570000,8
1615307520000,1615307999000,1.0762,1.07649,1.07611,1.07624,871710000,8
1615308000000,1615308479000,1.07624,1.07643,1.07608,1.07626,1003350000,8
1615308480000,1615308959000,1.07626,1.07627,1.07593,1.07607,713720000,8
1615308960000,1615309439000,1.07607,1.07615,1.07591,1.07599,639170000,8
1615309440000,1615309919000,1.07601,1.0762,1.07592,1.07603,698680000,8
1615309920000,1615310399000,1.07602,1.07616,1.0759,1.0759,696480000,8
1615310400000,1615310879000,1.0759,1.07611,1.07572,1.07576,793870000,8
1615310880000,1615311359000,1.07577,1.07603,1.07576,1.076,498100000,8
1615311360000,1615311839000,1.07601,1.07605,1.07586,1.07596,426880000,8
1615311840000,1615312319000,1.07597,1.07621,1.07594,1.07605,568180000,8
1615312320000,1615312799000,1.07604,1.07627,1.07588,1.07619,588140000,8
1615312800000,1615313279000,1.07619,1.07645,1.07561,1.07616,1169040000,8
1615313280000,1615313759000,1.07615,1.07655,1.07614,1.0764,714220000,8
1615313760000,1615314239000,1.07641,1.07655,1.07631,1.07648,637820000,8
1615314240000,1615314719000,1.07648,1.07654,1.07624,1.07636,535160000,8
1615314720000,1615315199000,1.07635,1.07646,1.07611,1.07642,497170000,8
1615315200000,1615315679000,1.07645,1.07653,1.07629,1.07633,415920000,8
1615315680000,1615316159000,1.07634,1.07639,1.07622,1.07628,300060000,8
1615316160000,1615316639000,1.0762,1.07645,1.07612,1.07645,401110000,8
1615316640000,1615317119000,1.07647,1.07651,1.07626,1.07645,451950000,8
1615317120000,1615317599000,1.07641,1.07644,1.07617,1.07627,245640000,8
1615317600000,1615318079000,1.07626,1.07636,1.07622,1.07632,258990000,8
1615318080000,1615318559000,1.07631,1.07644,1.0762,1.07624,383130000,8
1615318560000,1615319039000,1.07626,1.07657,1.07609,1.07613,683520000,8
1615319040000,1615319519000,1.07613,1.07622,1.07592,1.07596,549800000,8
1615319520000,1615319999000,1.07596,1.07605,1.07572,1.07578,687620000,8
1615320000000,1615320479000,1.07576,1.07604,1.07554,1.07576,612990000,8
1615320480000,1615320959000,1.07575,1.07585,1.07558,1.07571,507500000,8
1615320960000,1615321439000,1.07572,1.07585,1.07554,1.07563,472440000,8
1615321440000,1615321919000,1.07563,1.07566,1.07551,1.07562,363020000,8
1615321920000,1615322399000,1.07563,1.07569,1.07545,1.0755,523840000,8
1615322400000,1615322879000,1.07552,1.07562,1.07542,1.07562,603160000,8
1615322880000,1615323359000,1.07561,1.07587,1.07541,1.07578,705320000,8
1615323360000,1615323839000,1.07578,1.07628,1.07571,1.07621,599710000,8
1615323840000,1615324319000,1.0762,1.07631,1.0758,1.07584,221460000,8
1615324320000,1615324799000,1.07583,1.07589,1.07561,1.07587,308130000,8
1615324800000,1615325279000,1.07587,1.07592,1.07579,1.07587,121100000,8
1615325280000,1615325759000,1.07587,1.07599,1.07583,1.07585,394590000,8
1615325760000,1615326239000,1.07587,1.07597,1.07582,1.07583,316660000,8
1615326240000,1615326719000,1.07585,1.07604,1.07583,1.07597,372440000,8
1615326720000,1615327199000,1.07596,1.0761,1.07556,1.07556,378650000,8
1615327200000,1615327679000,1.07556,1.07556,1.07476,1.07478,34650000,8
1615327680000,1615328159000,1.07478,1.07498,1.07398,1.07475,127010000,8
1615328160000,1615328639000,1.07475,1.07514,1.07453,1.07485,80430000,8
1615328640000,1615329119000,1.07485,1.07489,1.07413,1.07417,60070000,8
1615329120000,1615329599000,1.07417,1.07438,1.07392,1.07405,221870000,8
1615329600000,1615330079000,1.074,1.07478,1.07394,1.07434,434110000,8
1615330080000,1615330559000,1.07434,1.07503,1.07418,1.07472,178030000,8
1615330560000,1615331039000,1.07472,1.07498,1.0744,1.07488,461790000,8
1615331040000,1615331519000,1.07482,1.07493,1.07463,1.07492,263890000,8
1615331520000,1615331999000,1.07493,1.07506,1.07472,1.07502,198260000,8
1615332000000,1615332479000,1.07502,1.07506,1.07488,1.07498,232210000,8
1615332480000,1615332959000,1.07498,1.07505,1.0747,1.07473,255510000,8
1615332960000,1615333439000,1.07475,1.07484,1.07456,1.07465,364710000,8
1615333440000,1615333919000,1.07467,1.07475,1.07438,1.07463,234500000,8
1615333920000,1615334399000,1.07461,1.07476,1.07459,1.0747,151240000,8
1615334400000,1615334879000,1.0747,1.07497,1.07465,1.07486,501300000,8
1615334880000,1615335359000,1.07484,1.07489,1.07444,1.07465,449660000,8
1615335360000,1615335839000,1.07463,1.07502,1.07462,1.07488,394750000,8
1615335840000,1615336319000,1.07491,1.07499,1.07472,1.07496,414000000,8
1615336320000,1615336799000,1.07497,1.07499,1.07479,1.07483,289000000,8
1615336800000,1615337279000,1.07484,1.07507,1.07483,1.07506,302320000,8
1615337280000,1615337759000,1.07504,1.07532,1.07495,1.07501,512330000,8
1615337760000,1615338239000,1.07499,1.07508,1.07478,1.07491,384950000,8
1615338240000,1615338719000,1.07492,1.07537,1.07485,1.07515,374600000,8
1615338720000,1615339199000,1.07517,1.07521,1.07504,1.07516,356750000,8
1615339200000,1615339679000,1.07516,1.07542,1.07508,1.07535,406500000,8
1615339680000,1615340159000,1.07535,1.07537,1.07488,1.07515,606500000,8
1615340160000,1615340639000,1.07516,1.07522,1.0748,1.07509,891420000,8
1615340640000,1615341119000,1.07509,1.07512,1.07461,1.07482,633500000,8
1615341120000,1615341599000,1.07481,1.07503,1.07451,1.07494,518170000,8
1615341600000,1615342079000,1.07492,1.07506,1.07437,1.07444,596160000,8
1615342080000,1615342559000,1.07443,1.07521,1.07428,1.07494,620100000,8
1615342560000,1615343039000,1.07494,1.07514,1.07486,1.075,491750000,8
1615343040000,1615343519000,1.07502,1.07504,1.07437,1.0747,434000000,8
1615343520000,1615343999000,1.07467,1.07469,1.07443,1.07446,449000000,8
1615344000000,1615344479000,1.07444,1.07508,1.07437,1.07502,616280000,8
1615344480000,1615344959000,1.07503,1.07517,1.07473,1.07473,370820000,8
1615344960000,1615345439000,1.07473,1.07495,1.07463,1.07495,368750000,8
1615345440000,1615345919000,1.07495,1.07504,1.07483,1.07488,317100000,8
1615345920000,1615346399000,1.07488,1.07503,1.0746,1.07465,318000000,8
1615346400000,1615346879000,1.07467,1.0749,1.07463,1.07465,316500000,8
1615346880000,1615347359000,1.07465,1.07512,1.07464,1.07496,321000000,8
1615347360000,1615347839000,1.07494,1.07502,1.07484,1.07493,215250000,8
1615347840000,1615348319000,1.07489,1.07489,1.07461,1.07461,343500000,8
1615348320000,1615348799000,1.07462,1.0749,1.07459,1.07489,191500000,8
1615348800000,1615349279000,1.0749,1.07519,1.07487,1.07509,321180000,8
1615349280000,1615349759000,1.0751,1.07512,1.07495,1.07511,146250000,8
1615349760000,1615350239000,1.0751,1.07516,1.07502,1.07511,101570000,8
1615350240000,1615350719000,1.07511,1.07514,1.07501,1.07513,69200000,8
1615350720000,1615351199000,1.07514,1.07544,1.07513,1.07541,277410000,8
1615351200000,1615351679000,1.07542,1.07589,1.0753,1.07572,349780000,8
1615351680000,1615352159000,1.07579,1.07594,1.07561,1.07592,296410000,8
1615352160000,1615352639000,1.07592,1.07593,1.07559,1.0758,331100000,8
1615352640000,1615353119000,1.0758,1.0758,1.07557,1.07566,362250000,8
1615353120000,1615353599000,1.07566,1.07579,1.07547,1.07567,254500000,8
1615353600000,1615354079000,1.07565,1.07576,1.07556,1.07559,188500000,8
1615354080000,1615354559000,1.07558,1.07562,1.07527,1.07531,410100000,8
1615354560000,1615355039000,1.07532,1.0755,1.07523,1.07531,391560000,8
1615355040000,1615355519000,1.07531,1.07545,1.07506,1.07538,503410000,8
1615355520000,1615355999000,1.07536,1.07551,1.07518,1.07548,420500000,8
1615356000000,1615356479000,1.07547,1.07553,1.07524,1.07534,367550000,8
1615356480000,1615356959000,1.07535,1.07554,1.07532,1.07532,439660000,8
1615356960000,1615357439000,1.07532,1.07557,1.07507,1.07513,609020000,8
1615357440000,1615357919000,1.07512,1.07512,1.07464,1.07467,666220000,8
1615357920000,1615358399000,1.07467,1.07489,1.07437,1.07445,695340000,8
1615358400000,1615358879000,1.07446,1.07489,1.07446,1.07484,582960000,8
1615358880000,1615359359000,1.07483,1.07499,1.07474,1.07494,425390000,8
1615359360000,1615359839000,1.07494,1.07496,1.07444,1.07467,681790000,8
1615359840000,1615360319000,1.07466,1.07482,1.07453,1.07476,340750000,8
1615360320000,1615360799000,1.07475,1.07488,1.07454,1.07484,260190000,8
1615360800000,1615361279000,1.07483,1.0749,1.07473,1.07475,280440000,8
1615361280000,1615361759000,1.07473,1.07486,1.07453,1.07466,542050000,8
1615361760000,1615362239000,1.07465,1.07493,1.07465,1.07481,576020000,8
1615362240000,1615362719000,1.0748,1.07493,1.07475,1.07475,640600000,8
1615362720000,1615363199000,1.07478,1.07499,1.07473,1.07482,594500000,8
1615363200000,1615363679000,1.07482,1.07485,1.07471,1.07481,991790000,8
1615363680000,1615364159000,1.07481,1.07531,1.07476,1.07526,950640000,8
1615364160000,1615364639000,1.07527,1.07553,1.07517,1.07542,738120000,8
1615364640000,1615365119000,1.07543,1.07571,1.07532,1.0757,775190000,8
1615365120000,1615365599000,1.0757,1.07577,1.07535,1.07542,751510000,8
1615365600000,1615366079000,1.07542,1.07574,1.07538,1.07566,743440000,8
1615366080000,1615366559000,1.07567,1.07595,1.07561,1.07593,749320000,8
1615366560000,1615367039000,1.07592,1.07611,1.07584,1.07599,766140000,8
1615367040000,1615367519000,1.076,1.07606,1.07583,1.07604,797430000,8
1615367520000,1615367999000,1.07606,1.07612,1.0759,1.07591,623440000,8
1615368000000,1615368479000,1.07591,1.07602,1.07557,1.0757,538300000,8
1615368480000,1615368959000,1.07567,1.07569,1.07548,1.07552,471970000,8
1615368960000,1615369439000,1.07551,1.07563,1.07545,1.07555,523880000,8
1615369440000,1615369919000,1.07553,1.07563,1.07543,1.07558,535030000,8
1615369920000,1615370399000,1.07549,1.07594,1.07546,1.07556,482590000,8
1615370400000,1615370879000,1.07557,1.07594,1.07557,1.0759,540850000,8
1615370880000,1615371359000,1.07591,1.07591,1.07549,1.07554,461120000,8
1615371360000,1615371839000,1.07553,1.07567,1.0755,1.07557,559320000,8
1615371840000,1615372319000,1.07554,1.07572,1.07536,1.0754,644010000,8
1615372320000,1615372799000,1.07538,1.07554,1.0751,1.07518,606030000,8
1615372800000,1615373279000,1.07517,1.07524,1.07494,1.075,768110000,8
1615373280000,1615373759000,1.07501,1.07516,1.07492,1.07502,779460000,8
1615373760000,1615374239000,1.07501,1.07523,1.07488,1.075,807670000,8
1615374240000,1615374719000,1.075,1.07521,1.07491,1.07518,709470000,8
1615374720000,1615375199000,1.07521,1.07527,1.07491,1.07495,453530000,8
1615375200000,1615375679000,1.07495,1.07508,1.07483,1.07505,487250000,8
1615375680000,1615376159000,1.07503,1.07537,1.07496,1.07532,604880000,8
1615376160000,1615376639000,1.07537,1.07537,1.07503,1.07512,471890000,8
1615376640000,1615377119000,1.0751,1.07538,1.07505,1.07532,471170000,8
1615377120000,1615377599000,1.0753,1.07537,1.07489,1.07504,645620000,8
1615377600000,1615378079000,1.07507,1.07517,1.07499,1.07515,668340000,8
1615378080000,1615378559000,1.07514,1.07548,1.07511,1.07547,575400000,8
1615378560000,1615379039000,1.07546,1.07567,1.07535,1.0756,891780000,8
1615379040000,1615379519000,1.07561,1.0757,1.07549,1.07551,787530000,8
1615379520000,1615379999000,1.07553,1.07576,1.07547,1.07574,610550000,8
1615380000000,1615380479000,1.07574,1.07585,1.07561,1.07566,470090000,8
1615380480000,1615380959000,1.07565,1.07576,1.07552,1.07553,737140000,8
1615380960000,1615381439000,1.07555,1.0761,1.07547,1.07563,1511600000,8
1615381440000,1615381919000,1.07564,1.07583,1.07501,1.07502,1970950000,8
1615381920000,1615382399000,1.07504,1.07539,1.07503,1.07529,1095080000,8
1615382400000,1615382879000,1.07529,1.07545,1.07486,1.07496,767360000,8
1615382880000,1615383359000,1.07495,1.07539,1.07461,1.07504,2531470000,8
1615383360000,1615383839000,1.07503,1.07542,1.07499,1.07512,1896750000,8
1615383840000,1615384319000,1.07512,1.07542,1.075,1.07524,1647710000,8
1615384320000,1615384799000,1.07525,1.07546,1.07507,1.07538,1606270000,8
1615384800000,1615385279000,1.07539,1.07571,1.07522,1.07535,1746530000,8
1615385280000,1615385759000,1.07535,1.07575,1.07529,1.07544,1747160000,8
1615385760000,1615386239000,1.07545,1.07573,1.07534,1.0757,1251950000,8
1615386240000,1615386719000,1.07569,1.07569,1.07542,1.07544,1425590000,8
1615386720000,1615387199000,1.07546,1.07574,1.07532,1.07564,1837860000,8
1615387200000,1615387679000,1.07562,1.07572,1.07528,1.07531,1595370000,8
1615387680000,1615388159000,1.07529,1.07574,1.07517,1.07572,1197420000,8
1615388160000,1615388639000,1.07571,1.07602,1.07562,1.0757,1666750000,8
1615388640000,1615389119000,1.07568,1.07575,1.07523,1.07537,1641220000,8
1615389120000,1615389599000,1.07536,1.07549,1.07516,1.07525,1385860000,8
1615389600000,1615390079000,1.07526,1.07554,1.0751,1.07536,1397300000,8
1615390080000,1615390559000,1.07534,1.07552,1.07485,1.07509,1719580000,8
1615390560000,1615391039000,1.07508,1.07557,1.07504,1.07545,1567690000,8
1615391040000,1615391519000,1.07548,1.07577,1.0752,1.07525,1723710000,8
1615391520000,1615391999000,1.07525,1.07552,1.07503,1.07534,1649620000,8
1615392000000,1615392479000,1.07531,1.07563,1.07515,1.07553,1723270000,8
1615392480000,1615392959000,1.07554,1.07554,1.0752,1.07524,1036970000,8
1615392960000,1615393439000,1.07526,1.0754,1.07504,1.07514,1060820000,8
1615393440000,1615393919000,1.07513,1.07546,1.07501,1.07544,989600000,8
1615393920000,1615394399000,1.07542,1.07552,1.07524,1.07531,1013050000,8
1615394400000,1615394879000,1.07531,1.07551,1.07512,1.07549,1009650000,8
1615394880000,1615395359000,1.07549,1.07564,1.07539,1.07551,1073060000,8
1615395360000,1615395839000,1.07552,1.07568,1.0753,1.0754,1155520000,8
1615395840000,1615396319000,1.07543,1.07556,1.07529,1.07549,962340000,8
1615396320000,1615396799000,1.07553,1.07579,1.07535,1.07568,867290000,8
1615396800000,1615397279000,1.07568,1.07573,1.07557,1.07564,525600000,8
1615397280000,1615397759000,1.07563,1.07565,1.07547,1.07562,757880000,8
1615397760000,1615398239000,1.07563,1.07564,1.07527,1.07527,749580000,8
1615398240000,1615398719000,1.07526,1.07567,1.07522,1.07565,715340000,8
1615398720000,1615399199000,1.07564,1.07578,1.07536,1.07541,713010000,8
1615399200000,1615399679000,1.07528,1.07592,1.07488,1.07577,2623380000,8
1615399680000,1615400159000,1.07576,1.07609,1.07542,1.07556,2080880000,8
1615400160000,1615400639000,1.07555,1.07591,1.07535,1.07565,1631420000,8
1615400640000,1615401119000,1.07565,1.07574,1.07522,1.07538,1723560000,8
1615401120000,1615401599000,1.07537,1.07558,1.0753,1.07543,1137980000,8
1615401600000,1615402079000,1.07546,1.07566,1.07531,1.07545,692970000,8
1615402080000,1615402559000,1.07544,1.07546,1.0751,1.07511,1333150000,8
1615402560000,1615403039000,1.0751,1.07539,1.0751,1.07534,963620000,8
1615403040000,1615403519000,1.07534,1.07554,1.07519,1.07523,890240000,8
1615403520000,1615403999000,1.07521,1.07537,1.07513,1.07523,649840000,8
1615404000000,1615404479000,1.07522,1.07539,1.07522,1.07531,661030000,8
1615404480000,1615404959000,1.07536,1.07587,1.07529,1.07578,687760000,8
1615404960000,1615405439000,1.07576,1.07603,1.07547,1.07548,564170000,8
1615405440000,1615405919000,1.07548,1.07567,1.07531,1.07557,830160000,8
1615405920000,1615406399000,1.07555,1.07574,1.07502,1.07514,684810000,8
1615406400000,1615406879000,1.07514,1.07532,1.075,1.07505,777370000,8
1615406880000,1615407359000,1.07509,1.07513,1.07488,1.075,1133620000,8
1615407360000,1615407839000,1.075,1.07513,1.075,1.07504,713800000,8
1615407840000,1615408319000,1.07504,1.07522,1.075,1.07506,445070000,8
1615408320000,1615408799000,1.07505,1.07531,1.07505,1.07522,251840000,8
1615408800000,1615409279000,1.07523,1.07534,1.075,1.07526,430950000,8
1615409280000,1615409759000,1.07524,1.07535,1.07515,1.07531,426050000,8
1615409760000,1615410239000,1.07527,1.07537,1.0751,1.07518,367810000,8
1615410240000,1615410719000,1.07519,1.0752,1.075,1.075,523540000,8
1615410720000,1615411199000,1.075,1.075,1.0748,1.07481,402360000,8
1615411200000,1615411679000,1.075,1.07512,1.075,1.075,282130000,8
1615411680000,1615412159000,1.075,1.07512,1.075,1.07508,388150000,8
1615412160000,1615412639000,1.07508,1.07511,1.075,1.075,385310000,8
1615412640000,1615413119000,1.075,1.075,1.07474,1.075,415930000,8
1615413120000,1615413599000,1.075,1.075,1.07471,1.07474,444970000,8
1615413600000,1615414079000,1.07475,1.07514,1.07378,1.0746,60950000,8
1615414080000,1615414559000,1.07482,1.0753,1.0746,1.07521,46500000,8
1615414560000,1615415039000,1.07524,1.07565,1.0749,1.07524,64750000,8
1615415040000,1615415519000,1.07506,1.07562,1.07471,1.07479,169500000,8
1615415520000,1615415999000,1.07484,1.07544,1.07461,1.0751,561760000,8
1615416000000,1615416479000,1.0751,1.07528,1.07487,1.07504,256400000,8
1615416480000,1615416959000,1.07504,1.07535,1.07504,1.07534,43200000,8
1615416960000,1615417439000,1.07519,1.07538,1.07446,1.07505,517030000,8
1615417440000,1615417919000,1.07505,1.07537,1.07505,1.07528,141840000,8
1615417920000,1615418399000,1.07524,1.07524,1.07495,1.07515,157040000,8
1615418400000,1615418879000,1.07517,1.07525,1.07508,1.07518,130130000,8
1615418880000,1615419359000,1.07518,1.0753,1.07513,1.0753,204320000,8
1615419360000,1615419839000,1.07529,1.07548,1.07521,1.07548,203020000,8
1615419840000,1615420319000,1.07549,1.07555,1.07497,1.075,210180000,8
1615420320000,1615420799000,1.075,1.07503,1.07459,1.07462,292690000,8
1615420800000,1615421279000,1.07462,1.07544,1.07462,1.07541,378590000,8
1615421280000,1615421759000,1.07539,1.07544,1.07517,1.07522,303170000,8
1615421760000,1615422239000,1.07523,1.07528,1.07486,1.07493,355080000,8
1615422240000,1615422719000,1.07491,1.07495,1.07444,1.07444,459100000,8
1615422720000,1615423199000,1.07445,1.07451,1.07427,1.0744,380780000,8
1615423200000,1615423679000,1.07439,1.07446,1.07417,1.07428,341080000,8
1615423680000,1615424159000,1.07428,1.07457,1.07419,1.07438,293120000,8
1615424160000,1615424639000,1.07437,1.07439,1.07394,1.07405,369300000,8
1615424640000,1615425119000,1.07407,1.07417,1.07392,1.07407,186900000,8
1615425120000,1615425599000,1.07406,1.07436,1.07395,1.07433,409850000,8
1615425600000,1615426079000,1.07433,1.07442,1.07428,1.07441,401000000,8
1615426080000,1615426559000,1.07439,1.0746,1.07429,1.07447,465560000,8
1615426560000,1615427039000,1.07445,1.0748,1.07438,1.07462,389000000,8
1615427040000,1615427519000,1.07462,1.07483,1.07453,1.07462,566380000,8
1615427520000,1615427999000,1.07463,1.07474,1.07451,1.07459,390750000,8
1615428000000,1615428479000,1.07457,1.07486,1.0745,1.07455,564460000,8
1615428480000,1615428959000,1.07454,1.07481,1.07444,1.07472,543570000,8
1615428960000,1615429439000,1.07473,1.07491,1.07465,1.07465,435790000,8
1615429440000,1615429919000,1.07466,1.0751,1.07463,1.07496,633700000,8
1615429920000,1615430399000,1.07493,1.0751,1.07476,1.07482,659920000,8
1615430400000,1615430879000,1.07482,1.07489,1.07442,1.07466,387850000,8
1615430880000,1615431359000,1.07465,1.07481,1.07435,1.07438,459730000,8
1615431360000,1615431839000,1.07437,1.07448,1.07424,1.07424,411930000,8
1615431840000,1615432319000,1.07424,1.07456,1.07417,1.07434,415040000,8
1615432320000,1615432799000,1.07435,1.0746,1.07432,1.0745,424230000,8
1615432800000,1615433279000,1.0745,1.07461,1.07439,1.0745,414260000,8
1615433280000,1615433759000,1.07451,1.0746,1.07433,1.07441,332200000,8
1615433760000,1615434239000,1.07443,1.07453,1.0743,1.07451,350340000,8
1615434240000,1615434719000,1.07454,1.07466,1.07444,1.07451,392830000,8
1615434720000,1615435199000,1.07451,1.07467,1.07446,1.07451,354350000,8
1615435200000,1615435679000,1.07451,1.07455,1.07419,1.07423,492830000,8
1615435680000,1615436159000,1.07424,1.07445,1.07419,1.07422,397410000,8
1615436160000,1615436639000,1.07421,1.0743,1.0739,1.07402,325970000,8
1615436640000,1615437119000,1.07402,1.07437,1.07395,1.07437,254480000,8
1615437120000,1615437599000,1.07437,1.07462,1.07427,1.07455,354830000,8
1615437600000,1615438079000,1.07452,1.07473,1.0745,1.07472,260370000,8
1615438080000,1615438559000,1.07472,1.07489,1.07468,1.0748,366920000,8
1615438560000,1615439039000,1.07481,1.07511,1.0748,1.0751,352770000,8
1615439040000,1615439519000,1.0751,1.07517,1.07494,1.07505,339620000,8
1615439520000,1615439999000,1.07508,1.07519,1.07501,1.07502,352370000,8
1615440000000,1615440479000,1.07502,1.0752,1.07497,1.07518,223570000,8
1615440480000,1615440959000,1.07516,1.07531,1.07505,1.07528,294510000,8
1615440960000,1615441439000,1.07525,1.07541,1.07522,1.07528,404490000,8
1615441440000,1615441919000,1.07527,1.0757,1.07525,1.07567,434870000,8
1615441920000,1615442399000,1.07564,1.07595,1.07557,1.07561,424310000,8
1615442400000,1615442879000,1.07561,1.07568,1.07531,1.0755,593170000,8
1615442880000,1615443359000,1.07546,1.07559,1.07538,1.07547,298890000,8
1615443360000,1615443839000,1.07546,1.07561,1.0754,1.07554,309480000,8
1615443840000,1615444319000,1.07553,1.07581,1.07545,1.07559,437350000,8
1615444320000,1615444799000,1.0756,1.07589,1.07555,1.07577,637140000,8
1615444800000,1615445279000,1.07577,1.07601,1.07571,1.07589,370880000,8
1615445280000,1615445759000,1.07586,1.07589,1.07549,1.07563,389190000,8
1615445760000,1615446239000,1.07563,1.07595,1.07556,1.07583,546770000,8
1615446240000,1615446719000,1.07584,1.07587,1.07532,1.07537,754490000,8
1615446720000,1615447199000,1.07536,1.07578,1.07531,1.07574,688080000,8
1615447200000,1615447679000,1.07574,1.07587,1.07544,1.07545,778220000,8
1615447680000,1615448159000,1.07547,1.07566,1.07529,1.07559,802580000,8
1615448160000,1615448639000,1.07562,1.0759,1.07556,1.07571,725210000,8
1615448640000,1615449119000,1.07568,1.0758,1.07547,1.07569,787470000,8
1615449120000,1615449599000,1.0757,1.07582,1.07541,1.07572,787450000,8
1615449600000,1615450079000,1.07572,1.07581,1.07529,1.07539,989410000,8
1615450080000,1615450559000,1.07538,1.07553,1.0752,1.07552,841780000,8
1615450560000,1615451039000,1.07551,1.07572,1.07527,1.07551,675850000,8
1615451040000,1615451519000,1.0755,1.07561,1.07521,1.07549,1031970000,8
1615451520000,1615451999000,1.07546,1.07554,1.07495,1.07526,1076480000,8
1615452000000,1615452479000,1.07526,1.0755,1.07496,1.07508,971400000,8
1615452480000,1615452959000,1.07507,1.07507,1.0745,1.0746,1384260000,8
1615452960000,1615453439000,1.07461,1.07518,1.07456,1.07505,855030000,8
1615453440000,1615453919000,1.07507,1.0751,1.07477,1.07492,543940000,8
1615453920000,1615454399000,1.07494,1.07516,1.07484,1.07514,549760000,8
1615454400000,1615454879000,1.07513,1.07524,1.07492,1.07503,666390000,8
1615454880000,1615455359000,1.07503,1.07571,1.07495,1.07571,744760000,8
1615455360000,1615455839000,1.07572,1.07581,1.07539,1.07573,649850000,8
1615455840000,1615456319000,1.07572,1.07578,1.07526,1.07531,753730000,8
1615456320000,1615456799000,1.07532,1.0756,1.07516,1.07536,613250000,8
1615456800000,1615457279000,1.07537,1.07544,1.07519,1.07522,482130000,8
1615457280000,1615457759000,1.07522,1.07544,1.0752,1.07529,504080000,8
1615457760000,1615458239000,1.07527,1.07544,1.07521,1.07539,388750000,8
1615458240000,1615458719000,1.07538,1.0755,1.07526,1.07543,273250000,8
1615458720000,1615459199000,1.07545,1.07547,1.07528,1.07535,334500000,8
1615459200000,1615459679000,1.07536,1.07536,1.07519,1.0753,245500000,8
1615459680000,1615460159000,1.07529,1.07559,1.07518,1.07548,452490000,8
1615460160000,1615460639000,1.07546,1.0756,1.07523,1.07533,598720000,8
1615460640000,1615461119000,1.07533,1.07546,1.07526,1.07539,585470000,8
1615461120000,1615461599000,1.0754,1.07544,1.07526,1.07536,456060000,8
1615461600000,1615462079000,1.07538,1.07544,1.07523,1.07538,492150000,8
1615462080000,1615462559000,1.0754,1.07541,1.07516,1.07528,385990000,8
1615462560000,1615463039000,1.07527,1.07538,1.07516,1.07528,400230000,8
1615463040000,1615463519000,1.07526,1.0754,1.07523,1.07535,344540000,8
1615463520000,1615463999000,1.07534,1.07546,1.07507,1.07537,463500000,8
1615464000000,1615464479000,1.07535,1.07576,1.07531,1.07572,901510000,8
1615464480000,1615464959000,1.07572,1.07583,1.07541,1.07548,715110000,8
1615464960000,1615465439000,1.07548,1.0758,1.07534,1.07571,624440000,8
1615465440000,1615465919000,1.07569,1.07581,1.0755,1.07578,576740000,8
1615465920000,1615466399000,1.07577,1.07588,1.07557,1.07569,443610000,8
1615466400000,1615466879000,1.07568,1.0761,1.07565,1.07589,664430000,8
1615466880000,1615467359000,1.07589,1.07609,1.07569,1.0757,794710000,8
1615467360000,1615467839000,1.07569,1.0761,1.0756,1.07585,1204490000,8
1615467840000,1615468319000,1.07583,1.07588,1.07537,1.07547,1244190000,8
1615468320000,1615468799000,1.07546,1.07562,1.07515,1.07532,1886790000,8
1615468800000,1615469279000,1.07533,1.07602,1.07531,1.07595,950080000,8
1615469280000,1615469759000,1.07596,1.07601,1.07557,1.07566,1031840000,8
1615469760000,1615470239000,1.07565,1.07598,1.07552,1.0758,1567020000,8
1615470240000,1615470719000,1.0758,1.07606,1.07555,1.07588,1770750000,8
1615470720000,1615471199000,1.07586,1.07586,1.07528,1.07528,1330650000,8
1615471200000,1615471679000,1.07529,1.07545,1.0751,1.07518,1522270000,8
1615471680000,1615472159000,1.0752,1.07535,1.07494,1.07499,1258770000,8
1615472160000,1615472639000,1.07497,1.07529,1.07495,1.07517,997980000,8
1615472640000,1615473119000,1.07518,1.07544,1.07512,1.07534,1538660000,8
1615473120000,1615473599000,1.07534,1.07581,1.07524,1.07581,1650790000,8
1615473600000,1615474079000,1.07581,1.07583,1.07509,1.07545,1830640000,8
1615474080000,1615474559000,1.07547,1.0755,1.07513,1.07525,1378990000,8
1615474560000,1615475039000,1.07529,1.07574,1.07516,1.07557,1532790000,8
1615475040000,1615475519000,1.07556,1.0765,1.07556,1.07647,1268540000,8
1615475520000,1615475999000,1.07646,1.0769,1.07642,1.07679,1879690000,8
1615476000000,1615476479000,1.07679,1.07757,1.07653,1.07753,1281590000,8
1615476480000,1615476959000,1.07753,1.07753,1.07681,1.0772,1146580000,8
1615476960000,1615477439000,1.07718,1.07724,1.07686,1.07713,1029920000,8
1615477440000,1615477919000,1.07712,1.07725,1.07702,1.07712,1175040000,8
1615477920000,1615478399000,1.07713,1.07768,1.07693,1.07754,1393830000,8
1615478400000,1615478879000,1.07754,1.0777,1.07716,1.07742,919740000,8
1615478880000,1615479359000,1.07744,1.07772,1.07738,1.07769,558180000,8
1615479360000,1615479839000,1.07767,1.0778,1.07739,1.07739,421720000,8
1615479840000,1615480319000,1.07739,1.07747,1.07723,1.07741,635610000,8
1615480320000,1615480799000,1.07741,1.07751,1.07713,1.0772,683040000,8
1615480800000,1615481279000,1.0772,1.07732,1.07715,1.07725,715980000,8
1615481280000,1615481759000,1.07726,1.07753,1.07722,1.07736,885150000,8
1615481760000,1615482239000,1.07739,1.07749,1.07707,1.07718,906470000,8
1615482240000,1615482719000,1.07719,1.07741,1.0771,1.07711,938990000,8
1615482720000,1615483199000,1.07713,1.07724,1.07705,1.07709,601320000,8
1615483200000,1615483679000,1.0771,1.0772,1.07706,1.07712,501340000,8
1615483680000,1615484159000,1.0771,1.07754,1.0771,1.0775,626600000,8
1615484160000,1615484639000,1.07751,1.07757,1.07728,1.07728,673050000,8
1615484640000,1615485119000,1.07729,1.07739,1.07713,1.07735,682440000,8
1615485120000,1615485599000,1.07735,1.07758,1.07725,1.07749,499170000,8
1615485600000,1615486079000,1.07751,1.07776,1.07738,1.07757,1504400000,8
1615486080000,1615486559000,1.07758,1.07772,1.07748,1.07765,1023650000,8
1615486560000,1615487039000,1.07764,1.07776,1.07757,1.07767,980050000,8
1615487040000,1615487519000,1.07767,1.0781,1.07765,1.07807,764530000,8
1615487520000,1615487999000,1.07807,1.07824,1.07801,1.07819,405320000,8
1615488000000,1615488479000,1.07817,1.07837,1.07817,1.07833,356250000,8
1615488480000,1615488959000,1.07835,1.07843,1.07826,1.07832,338330000,8
1615488960000,1615489439000,1.07831,1.07843,1.07781,1.07783,776150000,8
1615489440000,1615489919000,1.07783,1.07786,1.07748,1.07749,640940000,8
1615489920000,1615490399000,1.07751,1.07771,1.0774,1.07751,613800000,8
1615490400000,1615490879000,1.07751,1.07768,1.07744,1.07764,381600000,8
1615490880000,1615491359000,1.07767,1.07767,1.07715,1.07721,626080000,8
1615491360000,1615491839000,1.07719,1.07762,1.07715,1.07758,552020000,8
1615491840000,1615492319000,1.0775,1.07762,1.07731,1.07746,398790000,8
1615492320000,1615492799000,1.07738,1.0777,1.07721,1.0777,479960000,8
1615492800000,1615493279000,1.0777,1.0777,1.07733,1.0774,332990000,8
1615493280000,1615493759000,1.07742,1.07756,1.07734,1.07754,401660000,8
1615493760000,1615494239000,1.07753,1.07759,1.07747,1.07749,411550000,8
1615494240000,1615494719000,1.07748,1.07757,1.07724,1.07729,394250000,8
1615494720000,1615495199000,1.07731,1.07755,1.0771,1.07751,327360000,8
1615495200000,1615495679000,1.07749,1.07768,1.07739,1.07754,410290000,8
1615495680000,1615496159000,1.07756,1.07764,1.07746,1.0776,326890000,8
1615496160000,1615496639000,1.07762,1.07766,1.07734,1.07745,391200000,8
1615496640000,1615497119000,1.07745,1.07763,1.07734,1.07739,195290000,8
1615497120000,1615497599000,1.07738,1.0775,1.07729,1.07738,354420000,8
1615497600000,1615498079000,1.07738,1.0774,1.07725,1.07725,201590000,8
1615498080000,1615498559000,1.07723,1.07752,1.07712,1.07747,284170000,8
1615498560000,1615499039000,1.0775,1.07761,1.07722,1.07739,337840000,8
1615499040000,1615499519000,1.0774,1.07752,1.07716,1.07728,467870000,8
1615499520000,1615499999000,1.07727,1.07743,1.0771,1.07729,585090000,8
1615500000000,1615500479000,1.07723,1.07848,1.07723,1.07761,37550000,8
1615500480000,1615500959000,1.07761,1.0782,1.07748,1.07788,66650000,8
1615500960000,1615501439000,1.07774,1.07799,1.07754,1.07793,33700000,8
1615501440000,1615501919000,1.07787,1.07801,1.07756,1.07756,49600000,8
1615501920000,1615502399000,1.07756,1.07788,1.07756,1.07783,117200000,8
1615502400000,1615502879000,1.07783,1.0781,1.0774,1.07748,160070000,8
1615502880000,1615503359000,1.07749,1.07773,1.0771,1.07752,18750000,8
1615503360000,1615503839000,1.07752,1.07799,1.07714,1.07735,621740000,8
1615503840000,1615504319000,1.07735,1.07755,1.07728,1.07751,224060000,8
1615504320000,1615504799000,1.07751,1.07764,1.07743,1.07744,195750000,8
1615504800000,1615505279000,1.07743,1.07745,1.07719,1.07734,153690000,8
1615505280000,1615505759000,1.07734,1.0774,1.0771,1.0771,249400000,8
1615505760000,1615506239000,1.0771,1.07742,1.0771,1.07724,230740000,8
1615506240000,1615506719000,1.07723,1.07732,1.07717,1.07727,243420000,8
1615506720000,1615507199000,1.0773,1.07753,1.0772,1.07745,281520000,8
1615507200000,1615507679000,1.07746,1.07784,1.07744,1.07767,488500000,8
1615507680000,1615508159000,1.07765,1.07786,1.07756,1.07771,250500000,8
1615508160000,1615508639000,1.07769,1.07787,1.0776,1.07763,375000000,8
1615508640000,1615509119000,1.07762,1.07784,1.07761,1.07776,277250000,8
1615509120000,1615509599000,1.07776,1.07794,1.07766,1.07766,170390000,8
1615509600000,1615510079000,1.07766,1.07767,1.07743,1.07765,309130000,8
1615510080000,1615510559000,1.07765,1.07814,1.07764,1.07796,466970000,8
1615510560000,1615511039000,1.07798,1.07813,1.07785,1.07794,354310000,8
1615511040000,1615511519000,1.07795,1.07812,1.07778,1.07801,322630000,8
1615511520000,1615511999000,1.07801,1.07827,1.07795,1.0782,528060000,8
1615512000000,1615512479000,1.07818,1.07844,1.07816,1.07842,273120000,8
1615512480000,1615512959000,1.07842,1.07844,1.07831,1.07839,232920000,8
1615512960000,1615513439000,1.0784,1.07855,1.07802,1.07818,496130000,8
1615513440000,1615513919000,1.07819,1.07865,1.07803,1.07817,530550000,8
1615513920000,1615514399000,1.07816,1.0782,1.07803,1.07811,408280000,8
1615514400000,1615514879000,1.07815,1.07839,1.07809,1.07835,403310000,8
1615514880000,1615515359000,1.07834,1.07844,1.07789,1.0782,603060000,8
1615515360000,1615515839000,1.0782,1.07831,1.07774,1.07782,604320000,8
1615515840000,1615516319000,1.07783,1.07784,1.07748,1.07752,867190000,8
1615516320000,1615516799000,1.07754,1.0778,1.0775,1.07773,667700000,8
1615516800000,1615517279000,1.07774,1.07786,1.07751,1.07774,887850000,8
1615517280000,1615517759000,1.07769,1.07782,1.07733,1.0776,950260000,8
1615517760000,1615518239000,1.0776,1.07778,1.07744,1.07769,631750000,8
1615518240000,1615518719000,1.07769,1.07774,1.07751,1.07755,396500000,8
1615518720000,1615519199000,1.07755,1.07779,1.07751,1.07779,348190000,8
1615519200000,1615519679000,1.07778,1.07827,1.07777,1.07813,316000000,8
1615519680000,1615520159000,1.07813,1.07819,1.07797,1.07798,344770000,8
1615520160000,1615520639000,1.07797,1.07821,1.07793,1.07812,197060000,8
1615520640000,1615521119000,1.07813,1.07828,1.07801,1.07801,280300000,8
1615521120000,1615521599000,1.07803,1.07831,1.07799,1.07828,208370000,8
1615521600000,1615522079000,1.07829,1.07833,1.07812,1.07813,180250000,8
1615522080000,1615522559000,1.07814,1.07831,1.07814,1.07828,169500000,8
1615522560000,1615523039000,1.07829,1.07833,1.07822,1.07831,207940000,8
1615523040000,1615523519000,1.07827,1.07852,1.07826,1.07832,282330000,8
1615523520000,1615523999000,1.07836,1.07847,1.07823,1.07845,322490000,8
1615524000000,1615524479000,1.07844,1.07858,1.0784,1.07858,212000000,8
1615524480000,1615524959000,1.07855,1.07862,1.07852,1.07853,108100000,8
1615524960000,1615525439000,1.07854,1.07863,1.07834,1.07861,192690000,8
1615525440000,1615525919000,1.0786,1.07876,1.07855,1.07876,203790000,8
1615525920000,1615526399000,1.07876,1.07878,1.07839,1.07844,228600000,8
1615526400000,1615526879000,1.07845,1.07855,1.07842,1.07853,197090000,8
1615526880000,1615527359000,1.07855,1.07876,1.07855,1.07863,177540000,8
1615527360000,1615527839000,1.07865,1.07873,1.07852,1.07852,226650000,8
1615527840000,1615528319000,1.07852,1.07855,1.07826,1.07853,399020000,8
1615528320000,1615528799000,1.07853,1.07863,1.07816,1.07816,415320000,8
1615528800000,1615529279000,1.07815,1.07837,1.07802,1.07826,521950000,8
1615529280000,1615529759000,1.07826,1.07861,1.07806,1.07841,878590000,8
1615529760000,1615530239000,1.07842,1.07848,1.07783,1.07784,841310000,8
1615530240000,1615530719000,1.07784,1.07832,1.07783,1.07807,685310000,8
1615530720000,1615531199000,1.07806,1.07831,1.07795,1.07825,600390000,8
1615531200000,1615531679000,1.07823,1.07833,1.07801,1.07813,697320000,8
1615531680000,1615532159000,1.07812,1.0784,1.07796,1.07838,831280000,8
1615532160000,1615532639000,1.07835,1.07849,1.0783,1.07845,538960000,8
1615532640000,1615533119000,1.07841,1.07847,1.07821,1.07841,499370000,8
1615533120000,1615533599000,1.07841,1.07843,1.0783,1.07833,601050000,8
1615533600000,1615534079000,1.07835,1.07873,1.07832,1.07851,1036670000,8
1615534080000,1615534559000,1.07851,1.07862,1.07817,1.07827,803300000,8
1615534560000,1615535039000,1.07829,1.07852,1.07814,1.07833,850760000,8
1615535040000,1615535519000,1.07832,1.07834,1.07802,1.07819,873870000,8
1615535520000,1615535999000,1.07819,1.07839,1.0781,1.07818,821010000,8
1615536000000,1615536479000,1.07818,1.07836,1.07804,1.07817,1716950000,8
1615536480000,1615536959000,1.07815,1.07819,1.07784,1.07793,1405990000,8
1615536960000,1615537439000,1.07792,1.07815,1.07784,1.07785,1213790000,8
1615537440000,1615537919000,1.07787,1.07821,1.0778,1.07818,1131480000,8
1615537920000,1615538399000,1.07817,1.0784,1.07806,1.07824,926580000,8
1615538400000,1615538879000,1.07827,1.07851,1.07816,1.07851,698510000,8
1615538880000,1615539359000,1.07852,1.07869,1.07836,1.07852,804210000,8
1615539360000,1615539839000,1.07852,1.07889,1.07851,1.07881,1268500000,8
1615539840000,1615540319000,1.0788,1.07897,1.0787,1.07892,907570000,8
1615540320000,1615540799000,1.07892,1.07924,1.07881,1.07923,857750000,8
1615540800000,1615541279000,1.07921,1.07929,1.07903,1.07909,1099800000,8
1615541280000,1615541759000,1.07909,1.07921,1.07875,1.07894,1093810000,8
1615541760000,1615542239000,1.07897,1.07913,1.0785,1.07891,986740000,8
1615542240000,1615542719000,1.07895,1.07922,1.07883,1.07916,892110000,8
1615542720000,1615543199000,1.07916,1.07952,1.07908,1.0795,981720000,8
1615543200000,1615543679000,1.0795,1.07982,1.07941,1.07955,728750000,8
1615543680000,1615544159000,1.07954,1.08014,1.07951,1.08008,812400000,8
1615544160000,1615544639000,1.08009,1.08034,1.07995,1.0802,606800000,8
1615544640000,1615545119000,1.08019,1.08052,1.08017,1.08023,747250000,8
1615545120000,1615545599000,1.08024,1.08046,1.08021,1.08032,670680000,8
1615545600000,1615546079000,1.08032,1.08058,1.08031,1.08047,516560000,8
1615546080000,1615546559000,1.08045,1.08054,1.08028,1.08047,657070000,8
1615546560000,1615547039000,1.08048,1.08052,1.08028,1.08029,902790000,8
1615547040000,1615547519000,1.08029,1.0803,1.07984,1.08004,935330000,8
1615547520000,1615547999000,1.08001,1.08037,1.07983,1.07984,1052600000,8
1615548000000,1615548479000,1.07986,1.08007,1.07979,1.08005,1166490000,8
1615548480000,1615548959000,1.08004,1.08014,1.07946,1.07951,1265830000,8
1615548960000,1615549439000,1.07951,1.0798,1.07911,1.07915,1208360000,8
1615549440000,1615549919000,1.07915,1.0792,1.0786,1.07895,1345200000,8
1615549920000,1615550399000,1.07895,1.07969,1.0789,1.07962,839900000,8
1615550400000,1615550879000,1.07964,1.07978,1.0792,1.0793,794040000,8
1615550880000,1615551359000,1.07929,1.07988,1.07929,1.07983,792340000,8
1615551360000,1615551839000,1.07985,1.07993,1.07935,1.07952,727550000,8
1615551840000,1615552319000,1.07948,1.07969,1.07938,1.07943,713210000,8
1615552320000,1615552799000,1.07943,1.07961,1.07934,1.0796,618550000,8
1615552800000,1615553279000,1.0796,1.07991,1.07958,1.07971,538730000,8
1615553280000,1615553759000,1.07971,1.08007,1.07956,1.07994,789020000,8
1615553760000,1615554239000,1.07995,1.0801,1.07985,1.08001,1160090000,8
1615554240000,1615554719000,1.07998,1.08022,1.07994,1.08014,786580000,8
1615554720000,1615555199000,1.08014,1.08048,1.08014,1.08024,607950000,8
1615555200000,1615555679000,1.08025,1.08044,1.08009,1.08031,907080000,8
1615555680000,1615556159000,1.08031,1.08033,1.0797,1.07973,1342650000,8
1615556160000,1615556639000,1.07974,1.08043,1.07963,1.08031,1203960000,8
1615556640000,1615557119000,1.08031,1.08045,1.07992,1.08008,1324610000,8
1615557120000,1615557599000,1.08007,1.08034,1.07987,1.07998,1339190000,8
1615557600000,1615558079000,1.07999,1.08066,1.07996,1.08042,1313010000,8
1615558080000,1615558559000,1.08042,1.08044,1.08007,1.08036,1062160000,8
1615558560000,1615559039000,1.08035,1.08065,1.0799,1.07994,1130970000,8
1615559040000,1615559519000,1.07993,1.08044,1.07986,1.08034,1350020000,8
1615559520000,1615559999000,1.08034,1.08056,1.07986,1.08021,2111590000,8
1615560000000,1615560479000,1.08022,1.08048,1.07963,1.07969,2191020000,8
1615560480000,1615560959000,1.07971,1.0803,1.07962,1.08025,1534480000,8
1615560960000,1615561439000,1.08027,1.08067,1.08019,1.08042,1208920000,8
1615561440000,1615561919000,1.08043,1.0809,1.08037,1.08048,1538770000,8
1615561920000,1615562399000,1.0805,1.08074,1.08039,1.08056,1502910000,8
1615562400000,1615562879000,1.08053,1.0808,1.08034,1.08037,1355120000,8
1615562880000,1615563359000,1.08037,1.08042,1.07978,1.07985,1656180000,8
1615563360000,1615563839000,1.07986,1.08017,1.0798,1.07997,1254480000,8
1615563840000,1615564319000,1.07997,1.08029,1.07978,1.08026,1285920000,8
1615564320000,1615564799000,1.08028,1.0807,1.08012,1.08041,1364990000,8
1615564800000,1615565279000,1.08039,1.08078,1.08033,1.08059,1452060000,8
1615565280000,1615565759000,1.0806,1.08086,1.08053,1.08084,1186770000,8
1615565760000,1615566239000,1.08085,1.08094,1.08072,1.08082,845170000,8
1615566240000,1615566719000,1.0808,1.08118,1.0808,1.08093,608020000,8
1615566720000,1615567199000,1.08093,1.08118,1.08072,1.08106,624630000,8
1615567200000,1615567679000,1.08106,1.08127,1.0809,1.08113,855460000,8
1615567680000,1615568159000,1.08114,1.08131,1.08098,1.08124,789290000,8
1615568160000,1615568639000,1.08123,1.08155,1.0812,1.08136,698520000,8
1615568640000,1615569119000,1.08134,1.08144,1.08112,1.08113,757090000,8
1615569120000,1615569599000,1.08113,1.08148,1.08113,1.08127,425970000,8
1615569600000,1615570079000,1.08128,1.08129,1.08078,1.08087,446310000,8
1615570080000,1615570559000,1.08086,1.081,1.08074,1.08077,548130000,8
1615570560000,1615571039000,1.08077,1.08142,1.08077,1.08134,554700000,8
1615571040000,1615571519000,1.08135,1.08138,1.08098,1.08114,730630000,8
1615571520000,1615571999000,1.08115,1.08132,1.08084,1.08096,495440000,8
1615572000000,1615572479000,1.08095,1.08108,1.08071,1.08077,678190000,8
1615572480000,1615572959000,1.08079,1.08103,1.08075,1.08087,560260000,8
1615572960000,1615573439000,1.08088,1.08125,1.08084,1.08099,449500000,8
1615573440000,1615573919000,1.08099,1.08107,1.08086,1.08098,522050000,8
1615573920000,1615574399000,1.08097,1.08104,1.08081,1.08094,519040000,8
1615574400000,1615574879000,1.08095,1.08111,1.08092,1.08099,302170000,8
1615574880000,1615575359000,1.08099,1.08111,1.08093,1.08107,288320000,8
1615575360000,1615575839000,1.08106,1.08107,1.08089,1.08098,440850000,8
1615575840000,1615576319000,1.08098,1.08108,1.0809,1.08094,307740000,8
1615576320000,1615576799000,1.08094,1.08113,1.08079,1.08084,246580000,8
1615576800000,1615577279000,1.08085,1.08087,1.08073,1.08076,233410000,8
1615577280000,1615577759000,1.08075,1.08087,1.08073,1.08081,288830000,8
1615577760000,1615578239000,1.0808,1.08109,1.08077,1.08106,315900000,8
1615578240000,1615578719000,1.08107,1.08134,1.08097,1.08134,432220000,8
1615578720000,1615579199000,1.08134,1.08153,1.08111,1.08119,718350000,8
1615579200000,1615579679000,1.08119,1.08147,1.08107,1.08144,523200000,8
1615579680000,1615580159000,1.08146,1.08183,1.08141,1.08172,386730000,8
1615580160000,1615580639000,1.0817,1.08175,1.08137,1.08151,344440000,8
1615580640000,1615581119000,1.08151,1.08152,1.081,1.08106,294200000,8
1615581120000,1615581599000,1.08106,1.08127,1.0808,1.08125,491000000,8
1615581600000,1615582079000,1.08126,1.08145,1.08116,1.08133,385290000,8
1615582080000,1615582559000,1.08135,1.08137,1.08109,1.08127,304270000,8
1615582560000,1615583039000,1.08134,1.08143,1.08105,1.08135,321320000,8
1615583040000,1615583519000,1.08134,1.08142,1.08123,1.08129,242690000,8
1615583520000,1615583999000,1.08129,1.08137,1.08111,1.08114,214750000,8
1615584000000,1615584479000,1.08115,1.08116,1.08075,1.08077,130800000,8
1615584480000,1615584959000,1.08077,1.081,1.08072,1.08092,282760000,8
1615584960000,1615585439000,1.08093,1.08098,1.0808,1.08081,180360000,8
1615585440000,1615585919000,1.08082,1.08092,1.0807,1.08077,277960000,8
1615585920000,1615586399000,1.08074,1.08132,1.08058,1.08064,675620000,8
1615586400000,1615586879000,1.08064,1.08064,1.08064,1.08064,0,8
1615586880000,1615587359000,1.08064,1.08064,1.08064,1.08064,0,8
1615587360000,1615587839000,1.08064,1.08064,1.08064,1.08064,0,8
1615587840000,1615588319000,1.08064,1.08064,1.08064,1.08064,0,8
1615588320000,1615588799000,1.08064,1.08064,1.08064,1.08064,0,8
1615588800000,1615589279000,1.08064,1.08064,1.08064,1.08064,0,8
1615589280000,1615589759000,1.08064,1.08064,1.08064,1.08064,0,8
1615589760000,1615590239000,1.08064,1.08064,1.08064,1.08064,0,8
1615590240000,1615590719000,1.08064,1.08064,1.08064,1.08064,0,8
1615590720000,1615591199000,1.08064,1.08064,1.08064,1.08064,0,8
1615591200000,1615591679000,1.08064,1.08064,1.08064,1.08064,0,8
1615591680000,1615592159000,1.08064,1.08064,1.08064,1.08064,0,8
1615592160000,1615592639000,1.08064,1.08064,1.08064,1.08064,0,8
1615592640000,1615593119000,1.08064,1.08064,1.08064,1.08064,0,8
1615593120000,1615593599000,1.08064,1.08064,1.08064,1.08064,0,8
1615759200000,1615759679000,1.0805,1.08098,1.07987,1.08015,535570000,8
1615759680000,1615760159000,1.08016,1.08032,1.07991,1.08001,473750000,8
1615760160000,1615760639000,1.08002,1.0801,1.0795,1.07953,225870000,8
1615760640000,1615761119000,1.07959,1.07986,1.07913,1.07952,392140000,8
1615761120000,1615761599000,1.07951,1.07987,1.07939,1.07944,261470000,8
1615761600000,1615762079000,1.07944,1.08012,1.07941,1.08004,352560000,8
1615762080000,1615762559000,1.08004,1.08012,1.07985,1.07997,174280000,8
1615762560000,1615763039000,1.07998,1.08032,1.07972,1.07978,747320000,8
1615763040000,1615763519000,1.07977,1.08025,1.07964,1.07985,633110000,8
1615763520000,1615763999000,1.07985,1.08017,1.07965,1.08002,613500000,8
1615764000000,1615764479000,1.08001,1.08013,1.07983,1.08001,286690000,8
1615764480000,1615764959000,1.07997,1.08013,1.07993,1.0801,209750000,8
1615764960000,1615765439000,1.08008,1.08015,1.07994,1.08004,264140000,8
1615765440000,1615765919000,1.08001,1.08012,1.07994,1.08005,282340000,8
1615765920000,1615766399000,1.08008,1.08014,1.07996,1.07996,242670000,8
1615766400000,1615766879000,1.07992,1.08001,1.07946,1.07978,675430000,8
1615766880000,1615767359000,1.0798,1.07981,1.07943,1.07948,335710000,8
1615767360000,1615767839000,1.07946,1.07961,1.07941,1.07954,365370000,8
1615767840000,1615768319000,1.07953,1.07985,1.07953,1.0797,358330000,8
1615768320000,1615768799000,1.07969,1.0798,1.0796,1.07968,463140000,8
1615768800000,1615769279000,1.07965,1.07995,1.07962,1.07985,393790000,8
1615769280000,1615769759000,1.07985,1.07985,1.07912,1.07927,450640000,8
1615769760000,1615770239000,1.07927,1.0793,1.07845,1.07846,769480000,8
1615770240000,1615770719000,1.07847,1.07852,1.07789,1.07803,708230000,8
1615770720000,1615771199000,1.07804,1.07812,1.07788,1.07793,667740000,8
1615771200000,1615771679000,1.07797,1.078,1.0774,1.07751,473760000,8
1615771680000,1615772159000,1.0775,1.07762,1.07719,1.07725,777940000,8
1615772160000,1615772639000,1.07724,1.0773,1.07676,1.07684,585970000,8
1615772640000,1615773119000,1.07683,1.07701,1.07659,1.07665,623310000,8
1615773120000,1615773599000,1.07664,1.07666,1.07636,1.07645,442140000,8
1615773600000,1615774079000,1.07645,1.0767,1.07635,1.07645,964220000,8
1615774080000,1615774559000,1.07644,1.07655,1.07638,1.07645,454770000,8
1615774560000,1615775039000,1.07646,1.07649,1.07614,1.07637,569500000,8
1615775040000,1615775519000,1.07639,1.07655,1.07601,1.07613,550890000,8
1615775520000,1615775999000,1.0761,1.07626,1.07589,1.07605,437750000,8
1615776000000,1615776479000,1.07605,1.07616,1.0759,1.07593,289820000,8
1615776480000,1615776959000,1.07592,1.07605,1.0758,1.07598,361500000,8
1615776960000,1615777439000,1.07599,1.07627,1.07594,1.07611,266870000,8
1615777440000,1615777919000,1.07612,1.07625,1.07604,1.0761,377500000,8
1615777920000,1615778399000,1.07607,1.0761,1.07592,1.07608,383000000,8
1615778400000,1615778879000,1.07607,1.07619,1.07595,1.07619,260970000,8
1615778880000,1615779359000,1.0762,1.07639,1.07616,1.07626,342350000,8
1615779360000,1615779839000,1.07627,1.07633,1.07618,1.07626,198000000,8
1615779840000,1615780319000,1.07628,1.07629,1.07614,1.07615,186000000,8
1615780320000,1615780799000,1.07615,1.07627,1.07612,1.07627,141500000,8
1615780800000,1615781279000,1.07625,1.07627,1.07616,1.07623,115500000,8
1615781280000,1615781759000,1.07623,1.07629,1.07614,1.07614,78000000,8
1615781760000,1615782239000,1.07613,1.07623,1.07609,1.07623,89000000,8
1615782240000,1615782719000,1.07622,1.07631,1.07608,1.07625,173120000,8
1615782720000,1615783199000,1.07625,1.07633,1.07608,1.07618,215500000,8
1615783200000,1615783679000,1.07617,1.07621,1.0761,1.0761,261000000,8
1615783680000,1615784159000,1.0761,1.0761,1.0759,1.07595,191500000,8
1615784160000,1615784639000,1.07601,1.07625,1.07597,1.07623,279100000,8
1615784640000,1615785119000,1.07622,1.07629,1.07611,1.07618,320460000,8
1615785120000,1615785599000,1.07618,1.07631,1.07607,1.07617,391130000,8
1615785600000,1615786079000,1.0762,1.07643,1.07612,1.07636,463980000,8
1615786080000,1615786559000,1.07635,1.07649,1.07624,1.0763,748890000,8
1615786560000,1615787039000,1.0763,1.07644,1.07619,1.07634,1122790000,8
1615787040000,1615787519000,1.07636,1.07641,1.07606,1.07611,620010000,8
1615787520000,1615787999000,1.07612,1.07623,1.07579,1.07585,668280000,8
1615788000000,1615788479000,1.07585,1.07612,1.07582,1.0759,483200000,8
1615788480000,1615788959000,1.0759,1.07593,1.07532,1.0755,575460000,8
1615788960000,1615789439000,1.07549,1.0755,1.07489,1.07493,362700000,8
1615789440000,1615789919000,1.07494,1.07499,1.07468,1.0748,484320000,8
1615789920000,1615790399000,1.07479,1.07488,1.07458,1.07463,465210000,8
1615790400000,1615790879000,1.07462,1.07471,1.07434,1.07438,409960000,8
1615790880000,1615791359000,1.07436,1.07451,1.07421,1.07432,670680000,8
1615791360000,1615791839000,1.07433,1.07483,1.07432,1.0747,476380000,8
1615791840000,1615792319000,1.07469,1.075,1.07459,1.07496,596250000,8
1615792320000,1615792799000,1.07493,1.0755,1.07493,1.07549,427200000,8
1615792800000,1615793279000,1.0755,1.07562,1.07532,1.07549,407000000,8
1615793280000,1615793759000,1.07548,1.07571,1.07523,1.0753,696440000,8
1615793760000,1615794239000,1.07532,1.07566,1.07525,1.07562,655850000,8
1615794240000,1615794719000,1.07562,1.07607,1.07562,1.0758,685060000,8
1615794720000,1615795199000,1.07582,1.07594,1.07561,1.07579,662980000,8
1615795200000,1615795679000,1.07577,1.07586,1.07532,1.0755,1170080000,8
1615795680000,1615796159000,1.0755,1.0759,1.07542,1.07569,1018870000,8
1615796160000,1615796639000,1.07571,1.0759,1.07565,1.07575,848460000,8
1615796640000,1615797119000,1.0758,1.07598,1.07554,1.07594,822170000,8
1615797120000,1615797599000,1.07594,1.07613,1.07584,1.07598,868670000,8
1615797600000,1615798079000,1.07596,1.07641,1.07588,1.07607,728440000,8
1615798080000,1615798559000,1.07607,1.07621,1.07591,1.07607,1004010000,8
1615798560000,1615799039000,1.07604,1.07625,1.07579,1.07598,1005140000,8
1615799040000,1615799519000,1.07598,1.07622,1.07576,1.07582,923370000,8
1615799520000,1615799999000,1.07581,1.07608,1.07555,1.07607,898440000,8
1615800000000,1615800479000,1.07607,1.07631,1.07605,1.07628,539390000,8
1615800480000,1615800959000,1.07626,1.07649,1.07607,1.07607,827790000,8
1615800960000,1615801439000,1.07608,1.07618,1.07592,1.07601,647110000,8
1615801440000,1615801919000,1.07598,1.07624,1.07589,1.07611,560660000,8
1615801920000,1615802399000,1.07611,1.07648,1.07608,1.07639,349130000,8
1615802400000,1615802879000,1.07642,1.07644,1.07608,1.07637,468130000,8
1615802880000,1615803359000,1.07634,1.07656,1.07632,1.07648,429700000,8
1615803360000,1615803839000,1.07648,1.07668,1.0764,1.07659,539920000,8
1615803840000,1615804319000,1.0766,1.07685,1.07646,1.07685,443620000,8
1615804320000,1615804799000,1.07682,1.07692,1.07673,1.07678,476260000,8
1615804800000,1615805279000,1.07681,1.07695,1.07669,1.0769,506020000,8
1615805280000,1615805759000,1.07693,1.07693,1.07659,1.07668,527550000,8
1615805760000,1615806239000,1.07668,1.07677,1.07661,1.07663,466270000,8
1615806240000,1615806719000,1.07662,1.07689,1.07653,1.07689,540730000,8
1615806720000,1615807199000,1.07684,1.07689,1.07665,1.07668,483730000,8
1615807200000,1615807679000,1.07665,1.07668,1.07648,1.07655,614350000,8
1615807680000,1615808159000,1.07655,1.07673,1.07624,1.07632,678140000,8
1615808160000,1615808639000,1.07633,1.07646,1.07618,1.07639,511930000,8
1615808640000,1615809119000,1.07639,1.07666,1.07625,1.07637,566850000,8
1615809120000,1615809599000,1.07636,1.07655,1.07625,1.07647,635410000,8
1615809600000,1615810079000,1.07646,1.0765,1.07616,1.07617,772190000,8
1615810080000,1615810559000,1.07617,1.07624,1.07582,1.07607,679080000,8
1615810560000,1615811039000,1.07607,1.07609,1.07551,1.07572,823450000,8
1615811040000,1615811519000,1.07573,1.07579,1.07551,1.07563,678190000,8
1615811520000,1615811999000,1.07562,1.0758,1.07544,1.07572,807820000,8
1615812000000,1615812479000,1.07573,1.07573,1.07491,1.07507,908300000,8
1615812480000,1615812959000,1.07508,1.07535,1.07494,1.07521,859660000,8
1615812960000,1615813439000,1.0752,1.07571,1.07512,1.07568,1082570000,8
1615813440000,1615813919000,1.07568,1.07581,1.07539,1.07572,855510000,8
1615813920000,1615814399000,1.07573,1.07597,1.07563,1.07597,860110000,8
1615814400000,1615814879000,1.07598,1.07621,1.07581,1.07598,692660000,8
1615814880000,1615815359000,1.07598,1.07604,1.07555,1.07575,1352830000,8
1615815360000,1615815839000,1.07577,1.07606,1.07548,1.07598,1457210000,8
1615815840000,1615816319000,1.07598,1.07603,1.0754,1.07548,1446780000,8
1615816320000,1615816799000,1.07549,1.07566,1.07527,1.07553,1213650000,8
1615816800000,1615817279000,1.07554,1.07561,1.07511,1.07547,1069640000,8
1615817280000,1615817759000,1.07546,1.0757,1.07541,1.07564,1150640000,8
1615817760000,1615818239000,1.07562,1.0761,1.07561,1.07603,1179090000,8
1615818240000,1615818719000,1.07602,1.07603,1.0757,1.07583,1183240000,8
1615818720000,1615819199000,1.07583,1.07608,1.07582,1.07592,918510000,8
1615819200000,1615819679000,1.07593,1.07603,1.07578,1.07581,937970000,8
1615819680000,1615820159000,1.07582,1.07614,1.07572,1.07614,640660000,8
1615820160000,1615820639000,1.07612,1.07626,1.07577,1.07579,877850000,8
1615820640000,1615821119000,1.07581,1.07593,1.07555,1.0759,567610000,8
1615821120000,1615821599000,1.07589,1.07618,1.07584,1.07615,688460000,8
1615821600000,1615822079000,1.07616,1.07628,1.07583,1.07587,727500000,8
1615822080000,1615822559000,1.07588,1.076,1.07486,1.07503,1168690000,8
1615822560000,1615823039000,1.07502,1.07529,1.0749,1.07523,1282930000,8
1615823040000,1615823519000,1.07522,1.07579,1.07505,1.07578,1158500000,8
1615823520000,1615823999000,1.07578,1.07633,1.07561,1.0763,1909720000,8
1615824000000,1615824479000,1.07626,1.07637,1.07584,1.07617,1863460000,8
1615824480000,1615824959000,1.07616,1.07659,1.07602,1.07619,1023970000,8
1615824960000,1615825439000,1.07618,1.07642,1.076,1.07606,808000000,8
1615825440000,1615825919000,1.07608,1.07638,1.07601,1.0761,623400000,8
1615825920000,1615826399000,1.07609,1.07644,1.07609,1.07637,532080000,8
1615826400000,1615826879000,1.07638,1.07645,1.07616,1.07627,439780000,8
1615826880000,1615827359000,1.07627,1.07661,1.07625,1.07657,424720000,8
1615827360000,1615827839000,1.07655,1.07674,1.07645,1.07657,510490000,8
1615827840000,1615828319000,1.07658,1.07685,1.07649,1.07674,392780000,8
1615828320000,1615828799000,1.07676,1.07702,1.07657,1.07665,590890000,8
1615828800000,1615829279000,1.07667,1.07675,1.07649,1.07656,574380000,8
1615829280000,1615829759000,1.07652,1.07666,1.07632,1.07661,401300000,8
1615829760000,1615830239000,1.07657,1.07674,1.07644,1.07645,349070000,8
1615830240000,1615830719000,1.07645,1.07663,1.0764,1.0765,414610000,8
1615830720000,1615831199000,1.07648,1.07678,1.07647,1.07661,303560000,8
1615831200000,1615831679000,1.07646,1.07664,1.07602,1.07628,389720000,8
1615831680000,1615832159000,1.07627,1.07654,1.07618,1.07653,236760000,8
1615832160000,1615832639000,1.07652,1.07685,1.07651,1.07681,275180000,8
1615832640000,1615833119000,1.0768,1.07695,1.0768,1.07684,206300000,8
1615833120000,1615833599000,1.07681,1.07702,1.07681,1.07696,162520000,8
1615833600000,1615834079000,1.07696,1.07701,1.07681,1.07684,181890000,8
1615834080000,1615834559000,1.07684,1.07695,1.0767,1.07675,255820000,8
1615834560000,1615835039000,1.07676,1.077,1.07666,1.07693,464680000,8
1615835040000,1615835519000,1.07696,1.07703,1.07685,1.07702,159840000,8
1615835520000,1615835999000,1.077,1.07704,1.07692,1.07699,246590000,8
1615836000000,1615836479000,1.07699,1.07723,1.07697,1.07714,338200000,8
1615836480000,1615836959000,1.07713,1.07723,1.07679,1.07689,372930000,8
1615836960000,1615837439000,1.0769,1.07692,1.0767,1.07674,252720000,8
1615837440000,1615837919000,1.07673,1.07701,1.07652,1.07699,445550000,8
1615837920000,1615838399000,1.07699,1.07735,1.07699,1.07725,350000000,8
1615838400000,1615838879000,1.07722,1.07732,1.07706,1.07725,311660000,8
1615838880000,1615839359000,1.07729,1.07738,1.07725,1.07735,116290000,8
1615839360000,1615839839000,1.07733,1.07753,1.0773,1.07741,104090000,8
1615839840000,1615840319000,1.07741,1.0775,1.07707,1.07709,128950000,8
1615840320000,1615840799000,1.07708,1.07724,1.07708,1.07723,138680000,8
1615840800000,1615841279000,1.07722,1.0773,1.07711,1.07711,109850000,8
1615841280000,1615841759000,1.07714,1.07716,1.07676,1.0768,366040000,8
1615841760000,1615842239000,1.07679,1.0768,1.07671,1.07671,161520000,8
1615842240000,1615842719000,1.07671,1.07731,1.07671,1.07726,14600000,8
1615842720000,1615843199000,1.07728,1.07758,1.07702,1.07702,11800000,8
1615843200000,1615843679000,1.07702,1.07702,1.07681,1.07681,1600000,8
1615843680000,1615844159000,1.07681,1.07739,1.07662,1.07694,37850000,8
1615844160000,1615844639000,1.07695,1.07706,1.07648,1.07697,97350000,8
1615844640000,1615845119000,1.07699,1.07792,1.07674,1.0777,149750000,8
1615845120000,1615845599000,1.07771,1.07787,1.07679,1.07679,169420000,8
1615845600000,1615846079000,1.07678,1.07709,1.07622,1.07622,236740000,8
1615846080000,1615846559000,1.07623,1.07633,1.07618,1.07627,87220000,8
1615846560000,1615847039000,1.07628,1.07628,1.07614,1.07624,118870000,8
1615847040000,1615847519000,1.07624,1.0764,1.07607,1.07607,149440000,8
1615847520000,1615847999000,1.07608,1.07627,1.07587,1.07598,200030000,8
1615848000000,1615848479000,1.07594,1.07598,1.07557,1.07557,215180000,8
1615848480000,1615848959000,1.07558,1.07573,1.07549,1.07549,127060000,8
1615848960000,1615849439000,1.0755,1.07561,1.07522,1.0754,416710000,8
1615849440000,1615849919000,1.07539,1.07556,1.07537,1.07552,119690000,8
1615849920000,1615850399000,1.07554,1.07573,1.07554,1.07565,184250000,8
1615850400000,1615850879000,1.07562,1.07581,1.07562,1.07569,112370000,8
1615850880000,1615851359000,1.07569,1.07589,1.07559,1.07565,152360000,8
1615851360000,1615851839000,1.07566,1.07586,1.07556,1.07576,119670000,8
1615851840000,1615852319000,1.07575,1.07583,1.07561,1.0758,183170000,8
1615852320000,1615852799000,1.07577,1.07578,1.07561,1.07575,181950000,8
1615852800000,1615853279000,1.07579,1.07605,1.07574,1.07593,266000000,8
1615853280000,1615853759000,1.07591,1.07597,1.07579,1.07586,205500000,8
1615853760000,1615854239000,1.07588,1.07588,1.07562,1.0757,275910000,8
1615854240000,1615854719000,1.07569,1.07579,1.07553,1.07555,306950000,8
1615854720000,1615855199000,1.07555,1.07568,1.07545,1.07557,362550000,8
1615855200000,1615855679000,1.07559,1.07581,1.07559,1.07568,261940000,8
1615855680000,1615856159000,1.07566,1.07581,1.07563,1.0757,314650000,8
1615856160000,1615856639000,1.07569,1.07593,1.0756,1.07583,363820000,8
1615856640000,1615857119000,1.07581,1.07594,1.07571,1.07587,325620000,8
1615857120000,1615857599000,1.07586,1.07593,1.07563,1.07568,444750000,8
1615857600000,1615858079000,1.07568,1.07594,1.07554,1.07585,505690000,8
1615858080000,1615858559000,1.07585,1.07614,1.07584,1.07608,418260000,8
1615858560000,1615859039000,1.07607,1.07632,1.07599,1.07622,421340000,8
1615859040000,1615859519000,1.0762,1.0763,1.07603,1.0762,372860000,8
1615859520000,1615859999000,1.07621,1.07643,1.07611,1.07624,406100000,8
1615860000000,1615860479000,1.07624,1.0766,1.07604,1.07606,606830000,8
1615860480000,1615860959000,1.07606,1.07626,1.07606,1.07614,416320000,8
1615860960000,1615861439000,1.07613,1.07623,1.07607,1.07618,331000000,8
1615861440000,1615861919000,1.07619,1.07629,1.07599,1.07621,379600000,8
1615861920000,1615862399000,1.0762,1.0762,1.07593,1.07607,365000000,8
1615862400000,1615862879000,1.0761,1.07631,1.076,1.07614,345000000,8
1615862880000,1615863359000,1.07615,1.0762,1.07595,1.07618,237250000,8
1615863360000,1615863839000,1.07619,1.07632,1.07611,1.07616,271000000,8
1615863840000,1615864319000,1.07616,1.07629,1.07611,1.07628,319000000,8
1615864320000,1615864799000,1.07628,1.07635,1.07613,1.07631,258930000,8
1615864800000,1615865279000,1.0763,1.07667,1.07606,1.07663,444410000,8
1615865280000,1615865759000,1.0766,1.07689,1.07651,1.07671,657880000,8
1615865760000,1615866239000,1.07664,1.07679,1.07656,1.07665,289630000,8
1615866240000,1615866719000,1.07666,1.07689,1.07658,1.07687,259650000,8
1615866720000,1615867199000,1.07687,1.07725,1.07679,1.07705,456510000,8
1615867200000,1615867679000,1.07707,1.07714,1.07683,1.0769,282640000,8
1615867680000,1615868159000,1.07691,1.07711,1.07682,1.07695,233600000,8
1615868160000,1615868639000,1.07694,1.07707,1.07684,1.07704,233950000,8
1615868640000,1615869119000,1.07703,1.07725,1.07697,1.07723,229000000,8
1615869120000,1615869599000,1.07723,1.07744,1.07719,1.07739,336690000,8
1615869600000,1615870079000,1.07742,1.07747,1.07678,1.07693,486530000,8
1615870080000,1615870559000,1.07694,1.07697,1.07666,1.07681,262680000,8
1615870560000,1615871039000,1.07681,1.07692,1.07667,1.0768,318720000,8
1615871040000,1615871519000,1.0768,1.07703,1.07671,1.07673,307640000,8
1615871520000,1615871999000,1.07678,1.07688,1.07671,1.07671,164750000,8
1615872000000,1615872479000,1.0767,1.07692,1.07665,1.07675,278380000,8
1615872480000,1615872959000,1.07674,1.07679,1.07643,1.07643,260210000,8
1615872960000,1615873439000,1.07644,1.07649,1.07631,1.07634,409690000,8
1615873440000,1615873919000,1.07632,1.07647,1.07631,1.07644,284190000,8
1615873920000,1615874399000,1.07642,1.07642,1.07616,1.07618,320350000,8
1615874400000,1615874879000,1.0762,1.0766,1.07619,1.0765,418940000,8
1615874880000,1615875359000,1.0765,1.07659,1.07622,1.07631,374250000,8
1615875360000,1615875839000,1.07631,1.07654,1.07631,1.07648,261000000,8
1615875840000,1615876319000,1.07648,1.07656,1.07637,1.07645,319250000,8
1615876320000,1615876799000,1.07646,1.0767,1.07637,1.07641,323260000,8
1615876800000,1615877279000,1.0764,1.07647,1.07613,1.07627,400470000,8
1615877280000,1615877759000,1.07627,1.0766,1.07625,1.07651,347490000,8
1615877760000,1615878239000,1.0765,1.07675,1.07643,1.07647,515140000,8
1615878240000,1615878719000,1.07646,1.0767,1.07636,1.07647,601170000,8
1615878720000,1615879199000,1.07646,1.07657,1.07603,1.07628,995160000,8
1615879200000,1615879679000,1.07629,1.07634,1.07597,1.07598,587000000,8
1615879680000,1615880159000,1.07598,1.07623,1.0757,1.07575,607000000,8
1615880160000,1615880639000,1.07576,1.07589,1.07556,1.07573,626560000,8
1615880640000,1615881119000,1.07574,1.07582,1.07537,1.07553,568130000,8
1615881120000,1615881599000,1.07552,1.0756,1.07534,1.07539,691670000,8
1615881600000,1615882079000,1.07538,1.07572,1.07515,1.07522,1298120000,8
1615882080000,1615882559000,1.07522,1.07558,1.07504,1.07511,871760000,8
1615882560000,1615883039000,1.07511,1.07517,1.07477,1.07498,733340000,8
1615883040000,1615883519000,1.07498,1.07536,1.07498,1.07522,636030000,8
1615883520000,1615883999000,1.07522,1.07541,1.07479,1.07481,704330000,8
1615884000000,1615884479000,1.07482,1.07512,1.07475,1.0751,434790000,8
1615884480000,1615884959000,1.07511,1.07538,1.07507,1.07535,496320000,8
1615884960000,1615885439000,1.07537,1.07556,1.07514,1.07556,824960000,8
1615885440000,1615885919000,1.07556,1.07575,1.07544,1.07551,608020000,8
1615885920000,1615886399000,1.07551,1.07592,1.07548,1.0759,599740000,8
1615886400000,1615886879000,1.0759,1.07601,1.07566,1.07599,804960000,8
1615886880000,1615887359000,1.07597,1.07635,1.07575,1.07582,914750000,8
1615887360000,1615887839000,1.07581,1.07605,1.07548,1.07588,730580000,8
1615887840000,1615888319000,1.07588,1.07592,1.07561,1.07578,521070000,8
1615888320000,1615888799000,1.07578,1.07642,1.07567,1.07633,457760000,8
1615888800000,1615889279000,1.07633,1.07651,1.0762,1.07636,424520000,8
1615889280000,1615889759000,1.07636,1.0766,1.07633,1.07655,548420000,8
1615889760000,1615890239000,1.07655,1.07679,1.07639,1.07669,638020000,8
1615890240000,1615890719000,1.07667,1.07681,1.07646,1.07656,471790000,8
1615890720000,1615891199000,1.07653,1.07674,1.0763,1.07665,593420000,8
1615891200000,1615891679000,1.07666,1.07673,1.07623,1.07627,470030000,8
1615891680000,1615892159000,1.07628,1.07646,1.0761,1.07636,463410000,8
1615892160000,1615892639000,1.07636,1.07655,1.07616,1.07633,589830000,8
1615892640000,1615893119000,1.07631,1.07654,1.07626,1.0765,350840000,8
1615893120000,1615893599000,1.07651,1.07674,1.07644,1.07666,380760000,8
1615893600000,1615894079000,1.07668,1.07698,1.07668,1.07696,521420000,8
1615894080000,1615894559000,1.07696,1.07703,1.07656,1.0767,745910000,8
1615894560000,1615895039000,1.0767,1.07693,1.07643,1.07646,667190000,8
1615895040000,1615895519000,1.07647,1.07685,1.07643,1.07657,534810000,8
1615895520000,1615895999000,1.07657,1.07675,1.07647,1.07667,557620000,8
1615896000000,1615896479000,1.07667,1.07685,1.07635,1.07647,778040000,8
1615896480000,1615896959000,1.07647,1.07648,1.07587,1.0759,968330000,8
1615896960000,1615897439000,1.07588,1.07639,1.07585,1.07635,716580000,8
1615897440000,1615897919000,1.07635,1.07697,1.07625,1.0767,1164880000,8
1615897920000,1615898399000,1.07671,1.07675,1.0764,1.07658,1220330000,8
1615898400000,1615898879000,1.07657,1.07688,1.07644,1.07667,1030050000,8
1615898880000,1615899359000,1.07669,1.07679,1.07626,1.07631,967070000,8
1615899360000,1615899839000,1.07632,1.0765,1.07612,1.07646,917600000,8
1615899840000,1615900319000,1.07647,1.07671,1.07635,1.07668,853380000,8
1615900320000,1615900799000,1.07667,1.07705,1.07658,1.07664,899650000,8
1615900800000,1615901279000,1.07664,1.07691,1.07661,1.07671,766000000,8
1615901280000,1615901759000,1.07669,1.07676,1.07639,1.07672,1337420000,8
1615901760000,1615902239000,1.07671,1.07682,1.07655,1.0767,915240000,8
1615902240000,1615902719000,1.07668,1.07712,1.07657,1.07704,1581620000,8
1615902720000,1615903199000,1.07705,1.07715,1.07665,1.0771,2037370000,8
1615903200000,1615903679000,1.07708,1.07717,1.07649,1.07659,1396860000,8
1615903680000,1615904159000,1.07662,1.07685,1.07652,1.07675,739670000,8
1615904160000,1615904639000,1.07678,1.07717,1.07672,1.07704,604010000,8
1615904640000,1615905119000,1.07703,1.07711,1.07667,1.07667,697910000,8
1615905120000,1615905599000,1.07668,1.07709,1.07662,1.07688,968220000,8
1615905600000,1615906079000,1.0769,1.07703,1.0767,1.07681,815350000,8
1615906080000,1615906559000,1.07682,1.07708,1.07677,1.07699,532680000,8
1615906560000,1615907039000,1.07702,1.07702,1.07654,1.07684,517780000,8
1615907040000,1615907519000,1.07683,1.07707,1.07648,1.07698,652330000,8
1615907520000,1615907999000,1.07699,1.07718,1.0769,1.07705,461110000,8
1615908000000,1615908479000,1.07702,1.07709,1.07651,1.07676,807100000,8
1615908480000,1615908959000,1.07676,1.07692,1.07659,1.07677,788210000,8
1615908960000,1615909439000,1.07677,1.07693,1.07667,1.07685,820580000,8
1615909440000,1615909919000,1.07683,1.07713,1.07683,1.07709,817920000,8
1615909920000,1615910399000,1.07707,1.07743,1.07705,1.07731,1200530000,8
1615910400000,1615910879000,1.07732,1.07746,1.07703,1.0771,1268840000,8
1615910880000,1615911359000,1.07711,1.07724,1.07703,1.07715,1180340000,8
1615911360000,1615911839000,1.07715,1.0773,1.07706,1.07726,843260000,8
1615911840000,1615912319000,1.07726,1.07743,1.07721,1.07728,1034260000,8
1615912320000,1615912799000,1.07728,1.07748,1.07726,1.07742,1048630000,8
1615912800000,1615913279000,1.07741,1.07751,1.07726,1.0774,1294050000,8
1615913280000,1615913759000,1.07741,1.07761,1.07735,1.07745,1476600000,8
1615913760000,1615914239000,1.07745,1.07754,1.07721,1.07723,1247040000,8
1615914240000,1615914719000,1.07723,1.07739,1.07695,1.07699,1844850000,8
1615914720000,1615915199000,1.07699,1.07746,1.07695,1.07722,1247130000,8
1615915200000,1615915679000,1.07722,1.07728,1.07706,1.07724,784440000,8
1615915680000,1615916159000,1.07725,1.0773,1.07691,1.07697,930280000,8
1615916160000,1615916639000,1.07698,1.07716,1.07685,1.07705,1115180000,8
1615916640000,1615917119000,1.07704,1.07731,1.07703,1.07714,956010000,8
1615917120000,1615917599000,1.07714,1.07728,1.07701,1.07715,706820000,8
1615917600000,1615918079000,1.07696,1.07735,1.07693,1.07724,675720000,8
1615918080000,1615918559000,1.07724,1.07729,1.07691,1.07701,569350000,8
1615918560000,1615919039000,1.07705,1.07723,1.07694,1.07698,622630000,8
1615919040000,1615919519000,1.077,1.07713,1.07691,1.07705,413780000,8
1615919520000,1615919999000,1.07707,1.07714,1.07696,1.07704,282000000,8
1615920000000,1615920479000,1.07705,1.07714,1.07684,1.07693,406620000,8
1615920480000,1615920959000,1.07692,1.07695,1.07678,1.07683,277460000,8
1615920960000,1615921439000,1.07681,1.07699,1.07665,1.0767,510940000,8
1615921440000,1615921919000,1.07671,1.07696,1.07666,1.07694,407250000,8
1615921920000,1615922399000,1.07695,1.0771,1.07694,1.07703,265230000,8
1615922400000,1615922879000,1.07703,1.07716,1.07694,1.07712,378380000,8
1615922880000,1615923359000,1.0771,1.0772,1.07695,1.07709,388850000,8
1615923360000,1615923839000,1.07708,1.07722,1.077,1.07703,432010000,8
1615923840000,1615924319000,1.07704,1.07726,1.07702,1.07719,371130000,8
1615924320000,1615924799000,1.0772,1.07727,1.07695,1.07713,352660000,8
1615924800000,1615925279000,1.07712,1.07719,1.07696,1.07699,326200000,8
1615925280000,1615925759000,1.07698,1.07704,1.07691,1.07697,209620000,8
1615925760000,1615926239000,1.07701,1.07703,1.0769,1.07698,98000000,8
1615926240000,1615926719000,1.07698,1.07699,1.07687,1.07698,106740000,8
1615926720000,1615927199000,1.07697,1.07712,1.07697,1.07706,111140000,8
1615927200000,1615927679000,1.07706,1.07712,1.07702,1.07707,89250000,8
1615927680000,1615928159000,1.07707,1.07709,1.07692,1.07694,164030000,8
1615928160000,1615928639000,1.07695,1.07732,1.0768,1.0772,180410000,8
1615928640000,1615929119000,1.0772,1.07792,1.0772,1.07785,16500000,8
1615929120000,1615929599000,1.07745,1.07813,1.07729,1.07734,59250000,8
1615929600000,1615930079000,1.07734,1.07734,1.07618,1.07692,42440000,8
1615930080000,1615930559000,1.07683,1.07729,1.07682,1.07694,37620000,8
1615930560000,1615931039000,1.07693,1.07712,1.07682,1.07682,24500000,8
1615931040000,1615931519000,1.07682,1.07682,1.0768,1.0768,500000,8
1615931520000,1615931999000,1.0768,1.07693,1.0766,1.0768,135440000,8
1615932000000,1615932479000,1.07682,1.07724,1.07671,1.07675,143390000,8
1615932480000,1615932959000,1.07673,1.07685,1.07672,1.07685,95500000,8
1615932960000,1615933439000,1.07685,1.07685,1.07685,1.07685,157750000,8
1615933440000,1615933919000,1.07685,1.077,1.07651,1.07657,191120000,8
1615933920000,1615934399000,1.07658,1.07678,1.07649,1.07654,166810000,8
1615934400000,1615934879000,1.07656,1.07677,1.07654,1.07672,190380000,8
1615934880000,1615935359000,1.07674,1.07679,1.07654,1.07663,202200000,8
1615935360000,1615935839000,1.07666,1.07674,1.07639,1.07661,548840000,8
1615935840000,1615936319000,1.07662,1.07667,1.0765,1.07657,304360000,8
1615936320000,1615936799000,1.07656,1.0767,1.0765,1.07668,201600000,8
1615936800000,1615937279000,1.07668,1.07675,1.07662,1.07668,106750000,8
1615937280000,1615937759000,1.07668,1.07679,1.0766,1.07674,186310000,8
1615937760000,1615938239000,1.0767,1.07678,1.07664,1.07672,209670000,8
1615938240000,1615938719000,1.07671,1.07687,1.07668,1.07671,201840000,8
1615938720000,1615939199000,1.0767,1.07684,1.07664,1.07682,223210000,8
1615939200000,1615939679000,1.0768,1.0769,1.0767,1.07688,256450000,8
1615939680000,1615940159000,1.07688,1.07692,1.07661,1.07662,162210000,8
1615940160000,1615940639000,1.07662,1.07662,1.07622,1.07623,379230000,8
1615940640000,1615941119000,1.07624,1.07643,1.07623,1.07638,240890000,8
1615941120000,1615941599000,1.07637,1.07652,1.07633,1.07643,228010000,8
1615941600000,1615942079000,1.07642,1.07645,1.07613,1.07618,221200000,8
1615942080000,1615942559000,1.07616,1.07643,1.07611,1.07629,430020000,8
1615942560000,1615943039000,1.07632,1.07648,1.0762,1.07645,416720000,8
1615943040000,1615943519000,1.07645,1.07668,1.07629,1.07667,494350000,8
1615943520000,1615943999000,1.07668,1.07673,1.07629,1.07645,394580000,8
1615944000000,1615944479000,1.07646,1.07667,1.0764,1.07661,297440000,8
1615944480000,1615944959000,1.07662,1.07662,1.07626,1.07627,449950000,8
1615944960000,1615945439000,1.07627,1.07637,1.07606,1.0762,390090000,8
1615945440000,1615945919000,1.07619,1.07629,1.07609,1.07622,310370000,8
1615945920000,1615946399000,1.07622,1.07633,1.07608,1.07625,410450000,8
1615946400000,1615946879000,1.07623,1.0765,1.07616,1.07638,216850000,8
1615946880000,1615947359000,1.0764,1.07654,1.07629,1.07634,180000000,8
1615947360000,1615947839000,1.07633,1.07641,1.07628,1.07639,168000000,8
1615947840000,1615948319000,1.07637,1.07653,1.07633,1.07646,171250000,8
1615948320000,1615948799000,1.07646,1.07668,1.07646,1.07653,175650000,8
1615948800000,1615949279000,1.07653,1.07664,1.07637,1.0764,190800000,8
1615949280000,1615949759000,1.07641,1.07655,1.07635,1.07646,235000000,8
1615949760000,1615950239000,1.07646,1.07662,1.0764,1.07651,209250000,8
1615950240000,1615950719000,1.07653,1.07654,1.07624,1.07631,204000000,8
1615950720000,1615951199000,1.0763,1.07641,1.07626,1.0763,153500000,8
1615951200000,1615951679000,1.07631,1.0764,1.07626,1.07634,112250000,8
1615951680000,1615952159000,1.07634,1.0764,1.07622,1.0763,168510000,8
1615952160000,1615952639000,1.07629,1.07635,1.07621,1.07633,150000000,8
1615952640000,1615953119000,1.07633,1.07653,1.0763,1.07644,112000000,8
1615953120000,1615953599000,1.07643,1.07651,1.07639,1.07644,154000000,8
1615953600000,1615954079000,1.07647,1.07657,1.07634,1.07647,142250000,8
1615954080000,1615954559000,1.07649,1.07654,1.07645,1.07654,47110000,8
1615954560000,1615955039000,1.07653,1.07678,1.07651,1.07676,77000000,8
1615955040000,1615955519000,1.07676,1.07684,1.07667,1.07671,73000000,8
1615955520000,1615955999000,1.07671,1.07671,1.07659,1.07661,82500000,8
1615956000000,1615956479000,1.07659,1.0768,1.07653,1.07678,114000000,8
1615956480000,1615956959000,1.07677,1.07687,1.07671,1.07687,142500000,8
1615956960000,1615957439000,1.07687,1.07692,1.07675,1.07684,122250000,8
1615957440000,1615957919000,1.07684,1.07694,1.07684,1.0769,92000000,8
1615957920000,1615958399000,1.07689,1.07714,1.07686,1.07701,223980000,8
1615958400000,1615958879000,1.07703,1.07708,1.07695,1.07701,223330000,8
1615958880000,1615959359000,1.07701,1.07705,1.07691,1.07694,191540000,8
1615959360000,1615959839000,1.07694,1.07726,1.07693,1.07724,187370000,8
1615959840000,1615960319000,1.07725,1.07739,1.07723,1.07731,186360000,8
1615960320000,1615960799000,1.07731,1.07732,1.07703,1.07703,138000000,8
1615960800000,1615961279000,1.07701,1.07712,1.07671,1.07677,283690000,8
1615961280000,1615961759000,1.07675,1.077,1.07663,1.0769,230000000,8
1615961760000,1615962239000,1.0769,1.077,1.07684,1.07699,166250000,8
1615962240000,1615962719000,1.07699,1.07707,1.0769,1.07692,138250000,8
1615962720000,1615963199000,1.07694,1.07717,1.07693,1.07699,183060000,8
1615963200000,1615963679000,1.077,1.07707,1.07694,1.077,178500000,8
1615963680000,1615964159000,1.07698,1.07702,1.07682,1.07689,121450000,8
1615964160000,1615964639000,1.07691,1.07693,1.07669,1.07674,223000000,8
1615964640000,1615965119000,1.07676,1.07678,1.07644,1.07648,237750000,8
1615965120000,1615965599000,1.07649,1.07676,1.07646,1.07666,273010000,8
1615965600000,1615966079000,1.07665,1.07687,1.07653,1.07664,536150000,8
1615966080000,1615966559000,1.07662,1.07687,1.07653,1.07671,607330000,8
1615966560000,1615967039000,1.07672,1.07684,1.07653,1.07656,525440000,8
1615967040000,1615967519000,1.07656,1.07659,1.07646,1.07653,360250000,8
1615967520000,1615967999000,1.07652,1.07652,1.07617,1.07622,778560000,8
1615968000000,1615968479000,1.07622,1.07648,1.07618,1.07635,1012150000,8
1615968480000,1615968959000,1.07635,1.07651,1.07618,1.07621,741920000,8
1615968960000,1615969439000,1.07619,1.07623,1.07601,1.07611,563960000,8
1615969440000,1615969919000,1.07613,1.07628,1.076,1.07624,698290000,8
1615969920000,1615970399000,1.07624,1.07638,1.07609,1.07615,499620000,8
1615970400000,1615970879000,1.07615,1.07616,1.07601,1.07608,404180000,8
1615970880000,1615971359000,1.0761,1.07612,1.07586,1.0761,878960000,8
1615971360000,1615971839000,1.07609,1.07647,1.076,1.07645,789990000,8
1615971840000,1615972319000,1.07643,1.07663,1.07638,1.07642,585890000,8
1615972320000,1615972799000,1.07641,1.07655,1.07621,1.07625,622510000,8
1615972800000,1615973279000,1.07626,1.07641,1.0761,1.07629,622810000,8
1615973280000,1615973759000,1.07629,1.07643,1.07628,1.07634,549410000,8
1615973760000,1615974239000,1.07633,1.07655,1.07632,1.07638,419570000,8
1615974240000,1615974719000,1.07638,1.07655,1.07618,1.07621,409390000,8
1615974720000,1615975199000,1.0762,1.07628,1.07612,1.07625,265200000,8
1615975200000,1615975679000,1.07625,1.07627,1.07608,1.07616,351820000,8
1615975680000,1615976159000,1.07616,1.07641,1.07614,1.07639,396110000,8
1615976160000,1615976639000,1.07639,1.07661,1.07617,1.07653,517330000,8
1615976640000,1615977119000,1.07652,1.07658,1.07636,1.07645,594910000,8
1615977120000,1615977599000,1.07643,1.07652,1.07625,1.07638,465870000,8
1615977600000,1615978079000,1.07637,1.07643,1.07628,1.0763,552490000,8
1615978080000,1615978559000,1.0763,1.07641,1.07617,1.07621,318410000,8
1615978560000,1615979039000,1.07621,1.07655,1.07615,1.07642,638630000,8
1615979040000,1615979519000,1.07642,1.07642,1.07615,1.07623,649120000,8
1615979520000,1615979999000,1.07624,1.07639,1.07612,1.07618,866640000,8
1615980000000,1615980479000,1.07619,1.07635,1.076,1.07615,947300000,8
1615980480000,1615980959000,1.07616,1.07625,1.076,1.07601,1619890000,8
1615980960000,1615981439000,1.07601,1.07628,1.076,1.07618,623740000,8
1615981440000,1615981919000,1.07619,1.07634,1.07605,1.07622,725610000,8
1615981920000,1615982399000,1.07622,1.07634,1.07602,1.07634,460650000,8
1615982400000,1615982879000,1.07634,1.07646,1.07623,1.07638,809070000,8
1615982880000,1615983359000,1.07638,1.07653,1.07626,1.07641,919550000,8
1615983360000,1615983839000,1.07642,1.0768,1.0764,1.07679,703120000,8
1615983840000,1615984319000,1.07679,1.07713,1.07678,1.07693,763300000,8
1615984320000,1615984799000,1.07694,1.07738,1.07694,1.07725,1280600000,8
1615984800000,1615985279000,1.07725,1.07727,1.07667,1.07684,1031330000,8
1615985280000,1615985759000,1.07684,1.07711,1.07677,1.07711,914330000,8
1615985760000,1615986239000,1.07708,1.07727,1.0768,1.07687,985240000,8
1615986240000,1615986719000,1.07686,1.07722,1.07684,1.07702,813620000,8
1615986720000,1615987199000,1.07703,1.07722,1.07697,1.07702,797690000,8
1615987200000,1615987679000,1.07702,1.07704,1.07677,1.07691,900910000,8
1615987680000,1615988159000,1.07691,1.07724,1.07688,1.07712,1219600000,8
1615988160000,1615988639000,1.07712,1.07716,1.07693,1.07715,1095200000,8
1615988640000,1615989119000,1.07715,1.07725,1.07697,1.07722,650320000,8
1615989120000,1615989599000,1.07722,1.07744,1.07698,1.07733,920190000,8
1615989600000,1615990079000,1.07734,1.07735,1.07705,1.07716,1422000000,8
1615990080000,1615990559000,1.07716,1.07744,1.07691,1.07722,963320000,8
1615990560000,1615991039000,1.07724,1.0773,1.07694,1.07699,750880000,8
1615991040000,1615991519000,1.07701,1.0771,1.07675,1.07682,669480000,8
1615991520000,1615991999000,1.07683,1.07688,1.07669,1.07676,550450000,8
1615992000000,1615992479000,1.07676,1.07701,1.07676,1.07694,1021710000,8
1615992480000,1615992959000,1.07694,1.07708,1.07678,1.077,842930000,8
1615992960000,1615993439000,1.077,1.07706,1.07659,1.0766,824590000,8
1615993440000,1615993919000,1.07661,1.07683,1.07653,1.0766,945230000,8
1615993920000,1615994399000,1.07659,1.07694,1.07653,1.07674,899990000,8
1615994400000,1615994879000,1.07674,1.07698,1.07659,1.07693,957910000,8
1615994880000,1615995359000,1.07693,1.07727,1.07669,1.077,1191820000,8
1615995360000,1615995839000,1.07701,1.07704,1.0766,1.07672,1113020000,8
1615995840000,1615996319000,1.07673,1.07723,1.07663,1.07689,1048740000,8
1615996320000,1615996799000,1.07691,1.07694,1.07629,1.0764,2919430000,8
1615996800000,1615997279000,1.07639,1.07659,1.07612,1.07624,927060000,8
1615997280000,1615997759000,1.07625,1.07648,1.07616,1.07633,828010000,8
1615997760000,1615998239000,1.07635,1.07649,1.07618,1.07621,515520000,8
1615998240000,1615998719000,1.0762,1.07639,1.07618,1.07633,405880000,8
1615998720000,1615999199000,1.07632,1.07638,1.07598,1.07612,514430000,8
1615999200000,1615999679000,1.07613,1.07628,1.07601,1.07603,647100000,8
1615999680000,1616000159000,1.07602,1.0762,1.076,1.07613,487000000,8
1616000160000,1616000639000,1.07613,1.0763,1.07612,1.07621,648620000,8
1616000640000,1616001119000,1.07619,1.07628,1.07608,1.07618,641140000,8
1616001120000,1616001599000,1.07618,1.07634,1.07611,1.07616,557010000,8
1616001600000,1616002079000,1.07615,1.0763,1.07613,1.07624,397040000,8
1616002080000,1616002559000,1.07624,1.07631,1.07609,1.07623,500230000,8
1616002560000,1616003039000,1.07623,1.07629,1.07606,1.07611,492780000,8
1616003040000,1616003519000,1.07611,1.07616,1.07597,1.07605,682910000,8
1616003520000,1616003999000,1.07605,1.07639,1.07574,1.07574,740180000,8
1616004000000,1616004479000,1.07584,1.07804,1.07535,1.07691,4110690000,8
1616004480000,1616004959000,1.0769,1.07715,1.07617,1.07679,3192830000,8
1616004960000,1616005439000,1.0768,1.07733,1.07662,1.07717,3676810000,8
1616005440000,1616005919000,1.07717,1.07733,1.0765,1.07658,2624100000,8
1616005920000,1616006399000,1.07661,1.07704,1.07637,1.07688,4023180000,8
1616006400000,1616006879000,1.07688,1.07726,1.07637,1.0769,3035750000,8
1616006880000,1616007359000,1.0769,1.07715,1.07647,1.07661,2516720000,8
1616007360000,1616007839000,1.0766,1.07673,1.07629,1.0766,2174370000,8
1616007840000,1616008319000,1.0766,1.07704,1.07631,1.07667,1585060000,8
1616008320000,1616008799000,1.07664,1.07697,1.07652,1.0767,1425310000,8
1616008800000,1616009279000,1.07671,1.07674,1.07622,1.07634,1569780000,8
1616009280000,1616009759000,1.07634,1.07639,1.07478,1.07567,2418250000,8
1616009760000,1616010239000,1.07566,1.07642,1.0756,1.07607,1326660000,8
1616010240000,1616010719000,1.07607,1.07691,1.07574,1.07678,1117460000,8
1616010720000,1616011199000,1.07678,1.07793,1.07646,1.07788,1502660000,8
1616011200000,1616011679000,1.07789,1.07796,1.07684,1.07689,1068120000,8
1616011680000,1616012159000,1.07689,1.07715,1.0768,1.07691,358520000,8
1616012160000,1616012639000,1.07692,1.0775,1.0768,1.07744,387010000,8
1616012640000,1616013119000,1.07743,1.0775,1.0773,1.07738,212370000,8
1616013120000,1616013599000,1.07738,1.07755,1.07738,1.0775,239180000,8
1616013600000,1616014079000,1.0775,1.0775,1.07702,1.07724,492250000,8
1616014080000,1616014559000,1.07727,1.07735,1.07691,1.07691,468090000,8
1616014560000,1616015039000,1.07691,1.07692,1.07618,1.07665,178100000,8
1616015040000,1616015519000,1.07662,1.07753,1.07638,1.07724,111220000,8
1616015520000,1616015999000,1.0771,1.07771,1.07683,1.07768,190860000,8
1616016000000,1616016479000,1.07769,1.07775,1.07692,1.07738,117740000,8
1616016480000,1616016959000,1.07684,1.07708,1.07657,1.07674,52700000,8
1616016960000,1616017439000,1.07674,1.07733,1.07661,1.07683,76250000,8
1616017440000,1616017919000,1.07684,1.07866,1.07627,1.07858,505260000,8
1616017920000,1616018399000,1.07855,1.0786,1.07838,1.07845,166100000,8
1616018400000,1616018879000,1.07844,1.07852,1.07716,1.07776,687630000,8
1616018880000,1616019359000,1.07776,1.0778,1.07688,1.07697,279270000,8
1616019360000,1616019839000,1.077,1.07702,1.07656,1.07665,227500000,8
1616019840000,1616020319000,1.07666,1.07719,1.07659,1.0769,334890000,8
1616020320000,1616020799000,1.07691,1.07707,1.07667,1.07678,173870000,8
1616020800000,1616021279000,1.07676,1.07726,1.07676,1.07711,208770000,8
1616021280000,1616021759000,1.07709,1.07743,1.0769,1.07718,287600000,8
1616021760000,1616022239000,1.07718,1.07757,1.07713,1.07731,402600000,8
1616022240000,1616022719000,1.07729,1.07733,1.07704,1.07717,355910000,8
1616022720000,1616023199000,1.07716,1.07737,1.07714,1.07735,371420000,8
1616023200000,1616023679000,1.07738,1.07757,1.07729,1.07747,184260000,8
1616023680000,1616024159000,1.07748,1.07767,1.0774,1.07759,242410000,8
1616024160000,1616024639000,1.07758,1.0778,1.07728,1.0774,298960000,8
1616024640000,1616025119000,1.07739,1.07761,1.07739,1.0776,163690000,8
1616025120000,1616025599000,1.07762,1.07764,1.07733,1.07748,310200000,8
1616025600000,1616026079000,1.07749,1.07791,1.07739,1.07784,543560000,8
1616026080000,1616026559000,1.07786,1.07793,1.07734,1.07775,1244310000,8
1616026560000,1616027039000,1.0778,1.0779,1.07739,1.07739,922180000,8
1616027040000,1616027519000,1.07742,1.07955,1.07733,1.07904,1674050000,8
1616027520000,1616027999000,1.07903,1.0792,1.07854,1.0791,745200000,8
1616028000000,1616028479000,1.07908,1.07967,1.07898,1.07957,684780000,8
1616028480000,1616028959000,1.07957,1.0799,1.07917,1.07979,726590000,8
1616028960000,1616029439000,1.07979,1.08001,1.07956,1.07982,917210000,8
1616029440000,1616029919000,1.07981,1.07995,1.07929,1.07967,863760000,8
1616029920000,1616030399000,1.07969,1.07987,1.07948,1.07968,517480000,8
1616030400000,1616030879000,1.07969,1.07969,1.07935,1.07943,668930000,8
1616030880000,1616031359000,1.07946,1.08005,1.07938,1.07938,814940000,8
1616031360000,1616031839000,1.07938,1.07996,1.07937,1.07955,602400000,8
1616031840000,1616032319000,1.07955,1.08003,1.07953,1.07985,646550000,8
1616032320000,1616032799000,1.07985,1.08022,1.07982,1.08015,403910000,8
1616032800000,1616033279000,1.08016,1.08025,1.07998,1.08016,314020000,8
1616033280000,1616033759000,1.08013,1.08028,1.08007,1.08015,324980000,8
1616033760000,1616034239000,1.08015,1.08018,1.07993,1.08,249100000,8
1616034240000,1616034719000,1.07999,1.08012,1.07989,1.07996,249800000,8
1616034720000,1616035199000,1.08,1.08039,1.0799,1.08029,380940000,8
1616035200000,1616035679000,1.08031,1.08052,1.08019,1.08047,379800000,8
1616035680000,1616036159000,1.08046,1.08056,1.08036,1.08037,190920000,8
1616036160000,1616036639000,1.08038,1.08039,1.08011,1.08024,364860000,8
1616036640000,1616037119000,1.08026,1.0805,1.08013,1.08033,1144520000,8
1616037120000,1616037599000,1.08032,1.08067,1.08032,1.08051,1011410000,8
1616037600000,1616038079000,1.0805,1.08053,1.08026,1.08026,504250000,8
1616038080000,1616038559000,1.08027,1.08042,1.08007,1.08031,618930000,8
1616038560000,1616039039000,1.0803,1.08033,1.07992,1.08004,430260000,8
1616039040000,1616039519000,1.08004,1.08023,1.07994,1.07996,408600000,8
1616039520000,1616039999000,1.07995,1.08037,1.07995,1.08008,341520000,8
1616040000000,1616040479000,1.08014,1.08032,1.07998,1.07998,322240000,8
1616040480000,1616040959000,1.07998,1.08039,1.07998,1.08037,353750000,8
1616040960000,1616041439000,1.08039,1.08046,1.07999,1.08006,393020000,8
1616041440000,1616041919000,1.08007,1.08008,1.07984,1.07985,289080000,8
1616041920000,1616042399000,1.07985,1.07995,1.07978,1.0798,141380000,8
1616042400000,1616042879000,1.0798,1.07982,1.07963,1.07981,147850000,8
1616042880000,1616043359000,1.07981,1.08012,1.07979,1.08009,248440000,8
1616043360000,1616043839000,1.08009,1.08021,1.08004,1.08016,275610000,8
1616043840000,1616044319000,1.08018,1.08034,1.08016,1.08028,169750000,8
1616044320000,1616044799000,1.08028,1.08033,1.0802,1.08029,214860000,8
1616044800000,1616045279000,1.08029,1.08029,1.07989,1.07994,312120000,8
1616045280000,1616045759000,1.07995,1.08006,1.07967,1.0797,288100000,8
1616045760000,1616046239000,1.0797,1.07983,1.07961,1.07983,212000000,8
1616046240000,1616046719000,1.07984,1.07992,1.07966,1.07978,499000000,8
1616046720000,1616047199000,1.07978,1.07992,1.07953,1.07989,382360000,8
1616047200000,1616047679000,1.07988,1.07993,1.07966,1.07993,438910000,8
1616047680000,1616048159000,1.07992,1.07999,1.07975,1.07975,271920000,8
1616048160000,1616048639000,1.07975,1.07979,1.07942,1.07949,242560000,8
1616048640000,1616049119000,1.07948,1.07969,1.07939,1.07956,381540000,8
1616049120000,1616049599000,1.07955,1.0796,1.07934,1.07957,239910000,8
1616049600000,1616050079000,1.07957,1.07961,1.07931,1.07945,450110000,8
1616050080000,1616050559000,1.07945,1.0796,1.07923,1.07934,425710000,8
1616050560000,1616051039000,1.07933,1.07989,1.07932,1.07949,707900000,8
1616051040000,1616051519000,1.07951,1.0799,1.07946,1.07974,568970000,8
1616051520000,1616051999000,1.07974,1.07989,1.0794,1.0798,539770000,8
1616052000000,1616052479000,1.07981,1.0799,1.07917,1.07932,2094020000,8
1616052480000,1616052959000,1.07933,1.0797,1.07924,1.07928,1391210000,8
1616052960000,1616053439000,1.07928,1.07964,1.07922,1.07963,1658730000,8
1616053440000,1616053919000,1.07963,1.07966,1.07896,1.07909,2288990000,8
1616053920000,1616054399000,1.07908,1.07934,1.07895,1.07916,1457060000,8
1616054400000,1616054879000,1.07917,1.07975,1.07915,1.07944,1188350000,8
1616054880000,1616055359000,1.07944,1.07979,1.07937,1.07977,1038830000,8
1616055360000,1616055839000,1.07977,1.07986,1.07953,1.07974,1095610000,8
1616055840000,1616056319000,1.07974,1.0798,1.07923,1.07929,1087620000,8
1616056320000,1616056799000,1.07928,1.07963,1.07914,1.07941,1057720000,8
1616056800000,1616057279000,1.07947,1.07958,1.07914,1.07915,1428690000,8
1616057280000,1616057759000,1.07914,1.07968,1.07912,1.07946,1378370000,8
1616057760000,1616058239000,1.07946,1.07965,1.07911,1.07946,1515290000,8
1616058240000,1616058719000,1.07945,1.07963,1.07944,1.07951,840280000,8
1616058720000,1616059199000,1.07952,1.0802,1.07947,1.07997,1049290000,8
1616059200000,1616059679000,1.07998,1.08032,1.07986,1.08014,825620000,8
1616059680000,1616060159000,1.08016,1.0803,1.07992,1.08013,758550000,8
1616060160000,1616060639000,1.08014,1.08043,1.08003,1.08037,819150000,8
1616060640000,1616061119000,1.08037,1.08067,1.08032,1.08035,989420000,8
1616061120000,1616061599000,1.08035,1.08079,1.08032,1.08056,1352630000,8
1616061600000,1616062079000,1.08057,1.08083,1.08039,1.08083,750930000,8
1616062080000,1616062559000,1.08083,1.08106,1.08082,1.08092,645570000,8
1616062560000,1616063039000,1.08092,1.08097,1.08073,1.08096,978460000,8
1616063040000,1616063519000,1.08097,1.08106,1.0807,1.08078,917580000,8
1616063520000,1616063999000,1.08076,1.08095,1.08063,1.08087,863890000,8
1616064000000,1616064479000,1.08088,1.08109,1.08069,1.08074,627140000,8
1616064480000,1616064959000,1.08074,1.08083,1.08033,1.08034,1044430000,8
1616064960000,1616065439000,1.08035,1.08057,1.08018,1.08057,1257550000,8
1616065440000,1616065919000,1.08054,1.08096,1.08036,1.08091,1196820000,8
1616065920000,1616066399000,1.08092,1.08093,1.0801,1.0802,1082220000,8
1616066400000,1616066879000,1.0802,1.08061,1.08008,1.0804,877140000,8
1616066880000,1616067359000,1.08041,1.08065,1.08032,1.08033,937910000,8
1616067360000,1616067839000,1.08032,1.08057,1.07989,1.07998,1909710000,8
1616067840000,1616068319000,1.07997,1.08018,1.07989,1.0799,1100360000,8
1616068320000,1616068799000,1.07991,1.08006,1.07976,1.07997,1190260000,8
1616068800000,1616069279000,1.08002,1.08011,1.0798,1.08005,1398790000,8
1616069280000,1616069759000,1.08006,1.08034,1.08004,1.08021,1621620000,8
1616069760000,1616070239000,1.08025,1.08026,1.07948,1.07971,2593960000,8
1616070240000,1616070719000,1.07972,1.07987,1.07884,1.07935,1325690000,8
1616070720000,1616071199000,1.07936,1.07966,1.07915,1.07928,1510030000,8
1616071200000,1616071679000,1.07927,1.07959,1.07903,1.07916,1744340000,8
1616071680000,1616072159000,1.07917,1.07968,1.07906,1.07967,1226170000,8
1616072160000,1616072639000,1.07968,1.07975,1.07934,1.07966,1326470000,8
1616072640000,1616073119000,1.07968,1.08015,1.07961,1.0799,1409160000,8
1616073120000,1616073599000,1.0799,1.08015,1.07929,1.07963,1768770000,8
1616073600000,1616074079000,1.07962,1.0801,1.07961,1.08008,1029510000,8
1616074080000,1616074559000,1.08009,1.08057,1.08004,1.08048,1506400000,8
1616074560000,1616075039000,1.08051,1.08072,1.08033,1.08066,1678690000,8
1616075040000,1616075519000,1.08066,1.08153,1.08062,1.08142,1809010000,8
1616075520000,1616075999000,1.08141,1.08246,1.08141,1.0824,2468680000,8
1616076000000,1616076479000,1.0824,1.08325,1.08212,1.08299,2271710000,8
1616076480000,1616076959000,1.083,1.08341,1.08269,1.08293,1953480000,8
1616076960000,1616077439000,1.08292,1.08323,1.08271,1.08302,1880470000,8
1616077440000,1616077919000,1.08301,1.08345,1.08293,1.08318,2131290000,8
1616077920000,1616078399000,1.08319,1.08336,1.08299,1.08304,1986020000,8
1616078400000,1616078879000,1.08307,1.0837,1.08303,1.08327,1944020000,8
1616078880000,1616079359000,1.08327,1.08338,1.08288,1.08295,1620430000,8
1616079360000,1616079839000,1.08297,1.08303,1.0826,1.08278,1358600000,8
1616079840000,1616080319000,1.08277,1.08315,1.08258,1.08289,897380000,8
1616080320000,1616080799000,1.0829,1.0831,1.08279,1.08279,970570000,8
1616080800000,1616081279000,1.08279,1.08282,1.08259,1.0827,778470000,8
1616081280000,1616081759000,1.08271,1.08305,1.08263,1.0829,877140000,8
1616081760000,1616082239000,1.08291,1.08308,1.08285,1.08295,607120000,8
1616082240000,1616082719000,1.08295,1.08344,1.08288,1.08336,871550000,8
1616082720000,1616083199000,1.08336,1.08377,1.08319,1.08356,1501240000,8
1616083200000,1616083679000,1.08356,1.08359,1.08323,1.08332,1761780000,8
1616083680000,1616084159000,1.0833,1.08354,1.08315,1.0835,1037580000,8
1616084160000,1616084639000,1.0835,1.08368,1.08324,1.08341,733330000,8
1616084640000,1616085119000,1.08341,1.08384,1.08335,1.08366,737600000,8
1616085120000,1616085599000,1.08367,1.08379,1.08349,1.0836,1222950000,8
1616085600000,1616086079000,1.08359,1.08382,1.0835,1.08374,1026740000,8
1616086080000,1616086559000,1.08373,1.08381,1.0836,1.08374,1294230000,8
1616086560000,1616087039000,1.08373,1.08381,1.08327,1.08332,1767930000,8
1616087040000,1616087519000,1.08333,1.08373,1.08329,1.08354,1204360000,8
1616087520000,1616087999000,1.08353,1.08366,1.08336,1.0834,1512470000,8
1616088000000,1616088479000,1.08339,1.08365,1.08327,1.08357,1372630000,8
1616088480000,1616088959000,1.08358,1.08369,1.0835,1.08367,983540000,8
1616088960000,1616089439000,1.08366,1.0837,1.08337,1.08337,711190000,8
1616089440000,1616089919000,1.08337,1.08368,1.08326,1.08364,873200000,8
1616089920000,1616090399000,1.08366,1.08369,1.08335,1.08346,650390000,8
1616090400000,1616090879000,1.08345,1.08403,1.08321,1.08399,747370000,8
1616090880000,1616091359000,1.08399,1.08402,1.08371,1.08378,650610000,8
1616091360000,1616091839000,1.08377,1.08388,1.0832,1.08335,940300000,8
1616091840000,1616092319000,1.08336,1.08361,1.08312,1.0835,786890000,8
1616092320000,1616092799000,1.0835,1.08356,1.08316,1.08338,949170000,8
1616092800000,1616093279000,1.0834,1.08354,1.08299,1.08338,1086430000,8
1616093280000,1616093759000,1.08338,1.08349,1.08295,1.08297,654120000,8
1616093760000,1616094239000,1.08299,1.08346,1.08263,1.08266,1169870000,8
1616094240000,1616094719000,1.08264,1.08303,1.0824,1.08299,1303170000,8
1616094720000,1616095199000,1.08299,1.08318,1.08277,1.08295,1195720000,8
1616095200000,1616095679000,1.08295,1.08335,1.08287,1.08287,899260000,8
1616095680000,1616096159000,1.08288,1.08296,1.08238,1.08275,1183210000,8
1616096160000,1616096639000,1.08273,1.08276,1.08219,1.0823,818720000,8
1616096640000,1616097119000,1.08226,1.08266,1.08204,1.08222,863190000,8
1616097120000,1616097599000,1.0822,1.08278,1.08218,1.08263,1640470000,8
1616097600000,1616098079000,1.08263,1.08305,1.08245,1.08304,920840000,8
1616098080000,1616098559000,1.08305,1.08351,1.08297,1.083,714200000,8
1616098560000,1616099039000,1.083,1.08333,1.08292,1.08309,234860000,8
1616099040000,1616099519000,1.08308,1.08314,1.08278,1.08297,320620000,8
1616099520000,1616099999000,1.083,1.08328,1.08299,1.08325,273900000,8
1616100000000,1616100479000,1.08324,1.08345,1.08315,1.08328,252820000,8
1616100480000,1616100959000,1.08327,1.08333,1.08284,1.08284,461180000,8
1616100960000,1616101439000,1.08284,1.08284,1.0821,1.08249,64470000,8
1616101440000,1616101919000,1.08284,1.08297,1.08164,1.08233,240740000,8
1616101920000,1616102399000,1.08235,1.08291,1.08226,1.08274,66470000,8
1616102400000,1616102879000,1.08275,1.08308,1.08232,1.08266,108950000,8
1616102880000,1616103359000,1.08269,1.08306,1.0819,1.08302,147650000,8
1616103360000,1616103839000,1.083,1.08302,1.08262,1.08262,38500000,8
1616103840000,1616104319000,1.08262,1.08275,1.08193,1.08211,78380000,8
1616104320000,1616104799000,1.08211,1.08222,1.08193,1.08212,55090000,8
1616104800000,1616105279000,1.08214,1.08269,1.082,1.08222,309570000,8
1616105280000,1616105759000,1.08222,1.08249,1.0822,1.08226,411110000,8
1616105760000,1616106239000,1.0823,1.08238,1.08202,1.08221,316300000,8
1616106240000,1616106719000,1.08221,1.08225,1.08184,1.08223,290430000,8
1616106720000,1616107199000,1.08223,1.08256,1.08221,1.08244,197500000,8
1616107200000,1616107679000,1.08243,1.08245,1.08215,1.08242,202720000,8
1616107680000,1616108159000,1.0824,1.08256,1.08225,1.08244,185750000,8
1616108160000,1616108639000,1.08244,1.08244,1.08204,1.08237,376680000,8
1616108640000,1616109119000,1.08237,1.08289,1.08237,1.08261,226170000,8
1616109120000,1616109599000,1.0826,1.08261,1.08232,1.0824,346870000,8
1616109600000,1616110079000,1.0824,1.08248,1.08234,1.08244,242360000,8
1616110080000,1616110559000,1.08244,1.08246,1.08195,1.08207,295150000,8
1616110560000,1616111039000,1.08207,1.08217,1.08177,1.0818,284880000,8
1616111040000,1616111519000,1.08182,1.08184,1.08161,1.08173,276270000,8
1616111520000,1616111999000,1.08171,1.08178,1.0816,1.08174,219600000,8
1616112000000,1616112479000,1.08175,1.08227,1.08166,1.08206,519520000,8
1616112480000,1616112959000,1.08206,1.08242,1.08206,1.08217,323120000,8
1616112960000,1616113439000,1.08217,1.08219,1.08182,1.08207,301590000,8
1616113440000,1616113919000,1.08208,1.08237,1.08159,1.08172,585080000,8
1616113920000,1616114399000,1.08172,1.08172,1.08081,1.08117,733800000,8
1616114400000,1616114879000,1.08118,1.08142,1.08083,1.08109,507440000,8
1616114880000,1616115359000,1.08112,1.08174,1.08112,1.08141,510860000,8
1616115360000,1616115839000,1.08144,1.08171,1.0814,1.08159,541000000,8
1616115840000,1616116319000,1.0816,1.08199,1.08153,1.08167,493490000,8
1616116320000,1616116799000,1.08166,1.08169,1.0808,1.08098,727060000,8
1616116800000,1616117279000,1.08098,1.081,1.07994,1.07995,714530000,8
1616117280000,1616117759000,1.07996,1.08003,1.079,1.07989,796550000,8
1616117760000,1616118239000,1.07987,1.08038,1.07986,1.08029,517500000,8
1616118240000,1616118719000,1.0803,1.08082,1.08029,1.0807,549910000,8
1616118720000,1616119199000,1.08069,1.08087,1.08039,1.0806,520590000,8
1616119200000,1616119679000,1.0806,1.0807,1.08045,1.08059,596460000,8
1616119680000,1616120159000,1.08058,1.08081,1.08058,1.08075,540660000,8
1616120160000,1616120639000,1.08076,1.08079,1.08028,1.08029,515700000,8
1616120640000,1616121119000,1.08028,1.08068,1.08026,1.08051,519080000,8
1616121120000,1616121599000,1.08051,1.08058,1.08035,1.08036,355150000,8
1616121600000,1616122079000,1.08034,1.08042,1.07998,1.08007,318580000,8
1616122080000,1616122559000,1.08006,1.08035,1.08005,1.08015,323180000,8
1616122560000,1616123039000,1.08013,1.08013,1.07977,1.08,583220000,8
1616123040000,1616123519000,1.07999,1.08023,1.07993,1.08017,430340000,8
1616123520000,1616123999000,1.08016,1.08052,1.08015,1.08032,735010000,8
1616124000000,1616124479000,1.08032,1.08039,1.07985,1.08018,591590000,8
1616124480000,1616124959000,1.08018,1.08021,1.07994,1.08012,400670000,8
1616124960000,1616125439000,1.08018,1.08055,1.08005,1.08045,825800000,8
1616125440000,1616125919000,1.08045,1.08052,1.08022,1.08027,534220000,8
1616125920000,1616126399000,1.08028,1.08074,1.08022,1.08072,575000000,8
1616126400000,1616126879000,1.08072,1.08074,1.08028,1.08034,381000000,8
1616126880000,1616127359000,1.08036,1.08045,1.08012,1.08022,273020000,8
1616127360000,1616127839000,1.08023,1.08039,1.08011,1.08028,280350000,8
1616127840000,1616128319000,1.08026,1.08032,1.08012,1.08024,352530000,8
1616128320000,1616128799000,1.08026,1.0804,1.08016,1.08036,320560000,8
1616128800000,1616129279000,1.08034,1.0806,1.08027,1.08052,237660000,8
1616129280000,1616129759000,1.08054,1.08068,1.08039,1.08049,350670000,8
1616129760000,1616130239000,1.08048,1.08073,1.0804,1.08058,379330000,8
1616130240000,1616130719000,1.08057,1.08062,1.08025,1.08036,299610000,8
1616130720000,1616131199000,1.08035,1.08045,1.08018,1.08019,294430000,8
1616131200000,1616131679000,1.08019,1.08039,1.08017,1.08037,282400000,8
1616131680000,1616132159000,1.08038,1.08059,1.08038,1.08052,434390000,8
1616132160000,1616132639000,1.08053,1.08057,1.08031,1.08034,243940000,8
1616132640000,1616133119000,1.08035,1.08047,1.08028,1.08042,567710000,8
1616133120000,1616133599000,1.08045,1.08048,1.07993,1.0801,559360000,8
1616133600000,1616134079000,1.08013,1.08036,1.08001,1.08003,561540000,8
1616134080000,1616134559000,1.08003,1.08032,1.07988,1.08012,628750000,8
1616134560000,1616135039000,1.08012,1.08018,1.07979,1.08018,494350000,8
1616135040000,1616135519000,1.08016,1.08049,1.08012,1.08042,712560000,8
1616135520000,1616135999000,1.08042,1.08054,1.08017,1.08024,792970000,8
1616136000000,1616136479000,1.08022,1.08062,1.08018,1.08056,878880000,8
1616136480000,1616136959000,1.08056,1.08074,1.08037,1.08041,861190000,8
1616136960000,1616137439000,1.08042,1.08082,1.0802,1.08074,802930000,8
1616137440000,1616137919000,1.08072,1.08116,1.08072,1.08116,328250000,8
1616137920000,1616138399000,1.08116,1.08127,1.08087,1.08089,482850000,8
1616138400000,1616138879000,1.08087,1.08093,1.08059,1.08062,487010000,8
1616138880000,1616139359000,1.08062,1.08078,1.08057,1.08066,760120000,8
1616139360000,1616139839000,1.08065,1.08087,1.08042,1.08071,824020000,8
1616139840000,1616140319000,1.0807,1.08085,1.08048,1.08084,647570000,8
1616140320000,1616140799000,1.08085,1.08091,1.08053,1.08072,864620000,8
1616140800000,1616141279000,1.08071,1.0811,1.08061,1.08106,1097870000,8
1616141280000,1616141759000,1.08105,1.08111,1.08089,1.08105,699230000,8
1616141760000,1616142239000,1.08105,1.08149,1.08097,1.08111,666410000,8
1616142240000,1616142719000,1.08111,1.08123,1.08091,1.08119,767050000,8
1616142720000,1616143199000,1.0812,1.0815,1.08103,1.08107,1092790000,8
1616143200000,1616143679000,1.08105,1.08115,1.08091,1.08091,1390390000,8
1616143680000,1616144159000,1.08094,1.08134,1.08086,1.08132,921590000,8
1616144160000,1616144639000,1.08132,1.08176,1.08131,1.08161,851880000,8
1616144640000,1616145119000,1.08162,1.08186,1.08159,1.08177,835900000,8
1616145120000,1616145599000,1.0818,1.08185,1.08155,1.08176,971830000,8
1616145600000,1616146079000,1.08178,1.08188,1.08165,1.08176,777110000,8
1616146080000,1616146559000,1.0818,1.08203,1.08168,1.08192,786030000,8
1616146560000,1616147039000,1.08192,1.08208,1.08181,1.08202,647050000,8
1616147040000,1616147519000,1.08201,1.08221,1.08197,1.08218,787880000,8
1616147520000,1616147999000,1.08217,1.08231,1.08204,1.0822,971260000,8
1616148000000,1616148479000,1.08221,1.08252,1.08218,1.08247,639880000,8
1616148480000,1616148959000,1.08247,1.08257,1.08206,1.08211,445620000,8
1616148960000,1616149439000,1.08212,1.08232,1.08173,1.08177,646480000,8
1616149440000,1616149919000,1.08175,1.08183,1.08158,1.0817,623090000,8
1616149920000,1616150399000,1.08168,1.08186,1.08166,1.08169,511780000,8
1616150400000,1616150879000,1.08172,1.08209,1.0817,1.08186,477660000,8
1616150880000,1616151359000,1.08187,1.08194,1.08165,1.0817,727020000,8
1616151360000,1616151839000,1.08169,1.08207,1.0816,1.08204,785450000,8
1616151840000,1616152319000,1.08199,1.08207,1.08186,1.08197,390500000,8
1616152320000,1616152799000,1.08197,1.08205,1.08186,1.082,540590000,8
1616152800000,1616153279000,1.08199,1.08199,1.08172,1.08195,610350000,8
1616153280000,1616153759000,1.08195,1.08216,1.08193,1.08199,526990000,8
1616153760000,1616154239000,1.08199,1.08224,1.08188,1.08195,818220000,8
1616154240000,1616154719000,1.08195,1.08226,1.08189,1.08201,924550000,8
1616154720000,1616155199000,1.08202,1.08221,1.08195,1.08212,614870000,8
1616155200000,1616155679000,1.08211,1.08221,1.08184,1.08195,886360000,8
1616155680000,1616156159000,1.08196,1.08203,1.08146,1.08166,949860000,8
1616156160000,1616156639000,1.08167,1.08206,1.08165,1.08185,1115080000,8
1616156640000,1616157119000,1.0819,1.08193,1.08122,1.08151,1046950000,8
1616157120000,1616157599000,1.0815,1.08164,1.08136,1.08136,736170000,8
1616157600000,1616158079000,1.08141,1.08151,1.08126,1.08135,890100000,8
1616158080000,1616158559000,1.08137,1.08146,1.08095,1.08119,1019830000,8
1616158560000,1616159039000,1.08119,1.08142,1.08046,1.08057,2775410000,8
1616159040000,1616159519000,1.08059,1.081,1.08025,1.08034,2734730000,8
1616159520000,1616159999000,1.08036,1.08048,1.08009,1.0802,1508440000,8
1616160000000,1616160479000,1.08022,1.08032,1.07994,1.08032,1731790000,8
1616160480000,1616160959000,1.0803,1.0806,1.08025,1.08036,2107090000,8
1616160960000,1616161439000,1.08034,1.08093,1.0801,1.08052,2527270000,8
1616161440000,1616161919000,1.08054,1.08077,1.08033,1.08071,1993790000,8
1616161920000,1616162399000,1.08072,1.08079,1.08032,1.08053,1484430000,8
1616162400000,1616162879000,1.08055,1.08128,1.08045,1.08124,1595530000,8
1616162880000,1616163359000,1.08126,1.08134,1.08086,1.08128,2284080000,8
1616163360000,1616163839000,1.08128,1.08135,1.08103,1.08111,1989750000,8
1616163840000,1616164319000,1.08111,1.08169,1.08105,1.08143,1649520000,8
1616164320000,1616164799000,1.08143,1.08147,1.08097,1.08124,1734140000,8
1616164800000,1616165279000,1.08125,1.08211,1.08115,1.08211,1682290000,8
1616165280000,1616165759000,1.08211,1.08253,1.082,1.08225,1701000000,8
1616165760000,1616166239000,1.08225,1.08231,1.08164,1.08213,2243290000,8
1616166240000,1616166719000,1.08214,1.08242,1.08211,1.08229,1090910000,8
1616166720000,1616167199000,1.08225,1.08226,1.08195,1.08213,1418610000,8
1616167200000,1616167679000,1.08215,1.08215,1.08172,1.08177,1592010000,8
1616167680000,1616168159000,1.08177,1.0822,1.08173,1.08217,1163480000,8
1616168160000,1616168639000,1.08217,1.08227,1.0819,1.0819,815770000,8
1616168640000,1616169119000,1.08191,1.08202,1.08142,1.08152,1293230000,8
1616169120000,1616169599000,1.08152,1.08161,1.08086,1.08094,1430890000,8
1616169600000,1616170079000,1.08092,1.08119,1.08081,1.08088,1211200000,8
1616170080000,1616170559000,1.08088,1.08115,1.08088,1.081,872600000,8
1616170560000,1616171039000,1.08096,1.08099,1.08071,1.08089,979370000,8
1616171040000,1616171519000,1.0809,1.08094,1.08076,1.08085,892320000,8
1616171520000,1616171999000,1.0809,1.0809,1.08063,1.0807,925810000,8
1616172000000,1616172479000,1.0807,1.08076,1.08056,1.08067,801560000,8
1616172480000,1616172959000,1.08065,1.08085,1.08057,1.08074,626320000,8
1616172960000,1616173439000,1.08072,1.08098,1.08066,1.08086,603860000,8
1616173440000,1616173919000,1.08085,1.08092,1.08047,1.08048,828210000,8
1616173920000,1616174399000,1.08047,1.08076,1.08046,1.08058,672570000,8
1616174400000,1616174879000,1.0806,1.0806,1.08034,1.08034,563170000,8
1616174880000,1616175359000,1.08035,1.08054,1.08027,1.08032,909550000,8
1616175360000,1616175839000,1.08031,1.08038,1.08007,1.08014,767560000,8
1616175840000,1616176319000,1.08016,1.08029,1.08007,1.08027,579280000,8
1616176320000,1616176799000,1.08026,1.08044,1.08016,1.08026,366540000,8
1616176800000,1616177279000,1.08026,1.08048,1.08022,1.08038,575060000,8
1616177280000,1616177759000,1.08038,1.08064,1.08034,1.08062,444170000,8
1616177760000,1616178239000,1.08062,1.08062,1.08041,1.08044,357980000,8
1616178240000,1616178719000,1.08044,1.08072,1.0804,1.08072,334890000,8
1616178720000,1616179199000,1.0807,1.08074,1.08059,1.08063,298660000,8
1616179200000,1616179679000,1.08061,1.0807,1.08045,1.0805,588090000,8
1616179680000,1616180159000,1.0805,1.08054,1.08033,1.0804,510550000,8
1616180160000,1616180639000,1.0804,1.08052,1.08024,1.08051,881870000,8
1616180640000,1616181119000,1.08052,1.08053,1.0803,1.08052,704890000,8
1616181120000,1616181599000,1.08056,1.08065,1.08019,1.08019,606340000,8
1616181600000,1616182079000,1.08019,1.08047,1.08018,1.08044,811150000,8
1616182080000,1616182559000,1.08041,1.08057,1.08037,1.08044,915720000,8
1616182560000,1616183039000,1.08044,1.08062,1.08039,1.0806,685480000,8
1616183040000,1616183519000,1.0806,1.08067,1.08052,1.08052,690460000,8
1616183520000,1616183999000,1.08053,1.08062,1.08045,1.0805,778310000,8
1616184000000,1616184479000,1.08048,1.08077,1.08044,1.0806,647450000,8
1616184480000,1616184959000,1.08059,1.08064,1.08049,1.08052,284070000,8
1616184960000,1616185439000,1.08051,1.08067,1.08048,1.08061,121590000,8
1616185440000,1616185919000,1.0806,1.08063,1.08046,1.08056,181080000,8
1616185920000,1616186399000,1.08055,1.08082,1.08054,1.08074,270350000,8
1616186400000,1616186879000,1.08073,1.08077,1.08056,1.08064,226410000,8
1616186880000,1616187359000,1.08063,1.08096,1.08028,1.0805,734820000,8
1616187360000,1616187839000,1.0805,1.08069,1.07975,1.07979,867310000,8
1616187840000,1616188319000,1.07979,1.07979,1.07979,1.07979,0,8
1616188320000,1616188799000,1.07979,1.07979,1.07979,1.07979,0,8
1616188800000,1616189279000,1.07979,1.07979,1.07979,1.07979,0,8
1616189280000,1616189759000,1.07979,1.07979,1.07979,1.07979,0,8
1616189760000,1616190239000,1.07979,1.07979,1.07979,1.07979,0,8
1616190240000,1616190719000,1.07979,1.07979,1.07979,1.07979,0,8
1616190720000,1616191199000,1.07979,1.07979,1.07979,1.07979,0,8
1616191200000,1616191679000,1.07979,1.07979,1.07979,1.07979,0,8
1616191680000,1616192159000,1.07979,1.07979,1.07979,1.07979,0,8
1616192160000,1616192639000,1.07979,1.07979,1.07979,1.07979,0,8
1616192640000,1616193119000,1.07979,1.07979,1.07979,1.07979,0,8
1616193120000,1616193599000,1.07979,1.07979,1.07979,1.07979,0,8
1616193600000,1616194079000,1.07979,1.07979,1.07979,1.07979,0,8
1616194080000,1616194559000,1.07979,1.07979,1.07979,1.07979,0,8
1616194560000,1616195039000,1.07979,1.07979,1.07979,1.07979,0,8
1616195040000,1616195519000,1.07979,1.07979,1.07979,1.07979,0,8
1616195520000,1616195999000,1.07979,1.07979,1.07979,1.07979,0,8
1616196000000,1616196479000,1.07979,1.07979,1.07979,1.07979,0,8
1616196480000,1616196959000,1.07979,1.07979,1.07979,1.07979,0,8
1616196960000,1616197439000,1.07979,1.07979,1.07979,1.07979,0,8
1616197440000,1616197919000,1.07979,1.07979,1.07979,1.07979,0,8
1616197920000,1616198399000,1.07979,1.07979,1.07979,1.07979,0,8
1616360640000,1616361119000,1.07893,1.07967,1.07886,1.07923,54000000,8
1616361120000,1616361599000,1.07923,1.07971,1.07909,1.0795,100250000,8
1616361600000,1616362079000,1.07951,1.07995,1.07914,1.07966,159730000,8
1616362080000,1616362559000,1.07967,1.08,1.07949,1.07994,108250000,8
1616362560000,1616363039000,1.07994,1.08007,1.07957,1.07995,105990000,8
1616364000000,1616364479000,1.0798,1.08056,1.07939,1.08032,381900000,8
1616364480000,1616364959000,1.0803,1.08044,1.07988,1.07991,218030000,8
1616364960000,1616365439000,1.07992,1.0802,1.07991,1.08015,274380000,8
1616365440000,1616365919000,1.08015,1.08021,1.07994,1.08011,215350000,8
1616365920000,1616366399000,1.08011,1.08011,1.07979,1.07983,219750000,8
1616366400000,1616366879000,1.07982,1.0799,1.07954,1.07971,280200000,8
1616366880000,1616367359000,1.07972,1.08002,1.07967,1.07994,270990000,8
1616367360000,1616367839000,1.07991,1.07996,1.07958,1.07979,271550000,8
1616367840000,1616368319000,1.0798,1.08,1.07961,1.08,199500000,8
1616368320000,1616368799000,1.07999,1.08019,1.07992,1.08003,110750000,8
1616368800000,1616369279000,1.08002,1.08004,1.07978,1.07991,161320000,8
1616369280000,1616369759000,1.07991,1.07997,1.07963,1.0797,179810000,8
1616369760000,1616370239000,1.0797,1.07985,1.07961,1.0798,194670000,8
1616370240000,1616370719000,1.07978,1.07995,1.07965,1.07988,183520000,8
1616370720000,1616371199000,1.07988,1.08002,1.07971,1.07973,238120000,8
1616371200000,1616371679000,1.07975,1.08023,1.07969,1.08017,482300000,8
1616371680000,1616372159000,1.08017,1.08019,1.07955,1.07972,374200000,8
1616372160000,1616372639000,1.07972,1.07974,1.07949,1.07962,297500000,8
1616372640000,1616373119000,1.07962,1.07973,1.07952,1.07957,368500000,8
1616373120000,1616373599000,1.07957,1.0796,1.0794,1.07954,390000000,8
1616373600000,1616374079000,1.07954,1.07962,1.0793,1.0796,336340000,8
1616374080000,1616374559000,1.07959,1.07965,1.07932,1.07959,419460000,8
1616374560000,1616375039000,1.0796,1.07974,1.07926,1.07963,543180000,8
1616375040000,1616375519000,1.0796,1.07974,1.07951,1.0796,360000000,8
1616375520000,1616375999000,1.07958,1.07994,1.07954,1.07974,695750000,8
1616376000000,1616376479000,1.07975,1.07979,1.07915,1.0792,628510000,8
1616376480000,1616376959000,1.0792,1.0793,1.07885,1.07902,541680000,8
1616376960000,1616377439000,1.07901,1.07946,1.07892,1.07944,542360000,8
1616377440000,1616377919000,1.07945,1.07963,1.07911,1.07917,450840000,8
1616377920000,1616378399000,1.07917,1.07968,1.07911,1.07963,627700000,8
1616378400000,1616378879000,1.07963,1.07969,1.07906,1.07929,431800000,8
1616378880000,1616379359000,1.0793,1.07957,1.07926,1.07929,481020000,8
1616379360000,1616379839000,1.07928,1.07942,1.07918,1.07931,357170000,8
1616379840000,1616380319000,1.07931,1.07956,1.07931,1.07948,468570000,8
1616380320000,1616380799000,1.07948,1.0797,1.07942,1.07965,425030000,8
1616380800000,1616381279000,1.07965,1.07987,1.07964,1.07982,299080000,8
1616381280000,1616381759000,1.07981,1.07992,1.07963,1.07965,248620000,8
1616381760000,1616382239000,1.07964,1.07975,1.07949,1.07966,389340000,8
1616382240000,1616382719000,1.07967,1.07969,1.07936,1.07955,255720000,8
1616382720000,1616383199000,1.07955,1.07962,1.07948,1.07956,166200000,8
1616383200000,1616383679000,1.07955,1.07988,1.07955,1.07976,367340000,8
1616383680000,1616384159000,1.07976,1.07985,1.07967,1.07976,210190000,8
1616384160000,1616384639000,1.07977,1.07989,1.07967,1.07984,211440000,8
1616384640000,1616385119000,1.07981,1.07996,1.07972,1.07987,241010000,8
1616385120000,1616385599000,1.07988,1.08004,1.07974,1.0799,227190000,8
1616385600000,1616386079000,1.07989,1.08014,1.07987,1.08003,207300000,8
1616386080000,1616386559000,1.08003,1.08023,1.07983,1.07988,212220000,8
1616386560000,1616387039000,1.07989,1.07989,1.07965,1.0798,311160000,8
1616387040000,1616387519000,1.07979,1.08003,1.07979,1.07987,229500000,8
1616387520000,1616387999000,1.07986,1.08006,1.07975,1.08001,221040000,8
1616388000000,1616388479000,1.08,1.08001,1.07964,1.07975,442760000,8
1616388480000,1616388959000,1.07974,1.07981,1.07954,1.07961,262730000,8
1616388960000,1616389439000,1.07962,1.07962,1.0794,1.07948,307680000,8
1616389440000,1616389919000,1.07948,1.07959,1.07932,1.07934,321600000,8
1616389920000,1616390399000,1.07935,1.07956,1.07934,1.07943,247950000,8
1616390400000,1616390879000,1.07941,1.07964,1.07941,1.07958,193570000,8
1616390880000,1616391359000,1.0796,1.07969,1.07953,1.07963,279190000,8
1616391360000,1616391839000,1.07963,1.07969,1.07955,1.07965,236570000,8
1616391840000,1616392319000,1.07964,1.07969,1.07949,1.07963,380640000,8
1616392320000,1616392799000,1.07962,1.07964,1.07918,1.07954,420110000,8
1616392800000,1616393279000,1.07954,1.07977,1.07943,1.07957,495180000,8
1616393280000,1616393759000,1.07957,1.07974,1.07939,1.07943,243420000,8
1616393760000,1616394239000,1.07943,1.07952,1.07934,1.07939,331400000,8
1616394240000,1616394719000,1.07939,1.07941,1.07923,1.07931,353080000,8
1616394720000,1616395199000,1.07931,1.07946,1.07916,1.07929,460100000,8
1616395200000,1616395679000,1.07928,1.07933,1.07898,1.07911,358840000,8
1616395680000,1616396159000,1.07911,1.07953,1.07906,1.07943,321700000,8
1616396160000,1616396639000,1.07942,1.07945,1.07909,1.07917,701270000,8
1616396640000,1616397119000,1.07919,1.07932,1.07909,1.07911,546540000,8
1616397120000,1616397599000,1.0791,1.07917,1.07883,1.07916,488300000,8
1616397600000,1616398079000,1.07915,1.07937,1.079,1.07908,507380000,8
1616398080000,1616398559000,1.07909,1.07925,1.07899,1.0792,560100000,8
1616398560000,1616399039000,1.07921,1.07927,1.07903,1.07911,726840000,8
1616399040000,1616399519000,1.07912,1.07948,1.07906,1.07917,993020000,8
1616399520000,1616399999000,1.07917,1.07947,1.07903,1.07911,1086860000,8
1616400000000,1616400479000,1.07911,1.07924,1.07885,1.07901,1162340000,8
1616400480000,1616400959000,1.079,1.07916,1.07892,1.07904,750210000,8
1616400960000,1616401439000,1.07904,1.07935,1.07883,1.07886,1140510000,8
1616401440000,1616401919000,1.07885,1.07908,1.07872,1.07872,1035340000,8
1616401920000,1616402399000,1.07873,1.07886,1.07848,1.07854,1006390000,8
1616402400000,1616402879000,1.07856,1.07875,1.07847,1.07862,983200000,8
1616402880000,1616403359000,1.0786,1.07875,1.07848,1.07871,568400000,8
1616403360000,1616403839000,1.0787,1.07903,1.07867,1.07893,758520000,8
1616403840000,1616404319000,1.07893,1.07901,1.07864,1.07866,665510000,8
1616404320000,1616404799000,1.07867,1.07875,1.0785,1.07857,1006400000,8
1616404800000,1616405279000,1.07857,1.07875,1.07847,1.07859,1059580000,8
1616405280000,1616405759000,1.07859,1.07873,1.07852,1.07868,703820000,8
1616405760000,1616406239000,1.07868,1.07871,1.07853,1.07859,584790000,8
1616406240000,1616406719000,1.07858,1.07873,1.0785,1.0786,361260000,8
1616406720000,1616407199000,1.07859,1.07872,1.07831,1.07845,495920000,8
1616407200000,1616407679000,1.07846,1.07883,1.07845,1.0788,604500000,8
1616407680000,1616408159000,1.0788,1.07891,1.07872,1.07881,626830000,8
1616408160000,1616408639000,1.07884,1.07885,1.0783,1.07833,799890000,8
1616408640000,1616409119000,1.07835,1.07854,1.07828,1.07848,463050000,8
1616409120000,1616409599000,1.07848,1.07854,1.0782,1.07824,348080000,8
1616409600000,1616410079000,1.07824,1.0786,1.07822,1.07849,397750000,8
1616410080000,1616410559000,1.0785,1.07866,1.07828,1.07852,365200000,8
1616410560000,1616411039000,1.07852,1.07874,1.07846,1.07869,491600000,8
1616411040000,1616411519000,1.0787,1.07878,1.07856,1.07872,539110000,8
1616411520000,1616411999000,1.07872,1.07894,1.07866,1.07891,613850000,8
1616412000000,1616412479000,1.07892,1.07906,1.07883,1.0789,681050000,8
1616412480000,1616412959000,1.07889,1.07895,1.07852,1.07852,855880000,8
1616412960000,1616413439000,1.07853,1.07859,1.07836,1.07846,1121100000,8
1616413440000,1616413919000,1.07846,1.07868,1.07845,1.07857,851580000,8
1616413920000,1616414399000,1.07857,1.07876,1.07841,1.07859,506000000,8
1616414400000,1616414879000,1.07861,1.07892,1.07854,1.07855,875240000,8
1616414880000,1616415359000,1.07855,1.07866,1.07835,1.07836,839660000,8
1616415360000,1616415839000,1.07836,1.07885,1.0783,1.07876,949310000,8
1616415840000,1616416319000,1.07876,1.07889,1.07833,1.07856,747060000,8
1616416320000,1616416799000,1.07854,1.07861,1.07832,1.07832,869450000,8
1616416800000,1616417279000,1.07832,1.07868,1.0783,1.07857,629380000,8
1616417280000,1616417759000,1.07857,1.07897,1.07855,1.07882,592470000,8
1616417760000,1616418239000,1.07883,1.07901,1.07862,1.0789,583440000,8
1616418240000,1616418719000,1.0789,1.07898,1.07878,1.07884,743390000,8
1616418720000,1616419199000,1.07883,1.07927,1.07872,1.0792,857340000,8
1616419200000,1616419679000,1.0792,1.07942,1.07919,1.07927,1017770000,8
1616419680000,1616420159000,1.07927,1.07944,1.07923,1.07926,1713820000,8
1616420160000,1616420639000,1.07926,1.07939,1.07895,1.07913,1866980000,8
1616420640000,1616421119000,1.0791,1.07929,1.079,1.07927,1490500000,8
1616421120000,1616421599000,1.07928,1.07941,1.07916,1.07929,1249770000,8
1616421600000,1616422079000,1.07929,1.0795,1.07896,1.07949,1079600000,8
1616422080000,1616422559000,1.07948,1.07981,1.07938,1.07976,928190000,8
1616422560000,1616423039000,1.07976,1.08005,1.07959,1.07983,1007290000,8
1616423040000,1616423519000,1.07986,1.07986,1.07935,1.07958,1279920000,8
1616423520000,1616423999000,1.07959,1.07974,1.07949,1.07956,942820000,8
1616424000000,1616424479000,1.07957,1.0799,1.07945,1.07948,712990000,8
1616424480000,1616424959000,1.07948,1.07976,1.07943,1.07969,597820000,8
1616424960000,1616425439000,1.07968,1.07983,1.0795,1.07967,847940000,8
1616425440000,1616425919000,1.07965,1.07967,1.07924,1.07937,668060000,8
1616425920000,1616426399000,1.07936,1.07975,1.07933,1.07952,632100000,8
1616426400000,1616426879000,1.07951,1.07962,1.07946,1.07962,370920000,8
1616426880000,1616427359000,1.07962,1.07989,1.07962,1.07986,776890000,8
1616427360000,1616427839000,1.07983,1.07992,1.07957,1.07974,799640000,8
1616427840000,1616428319000,1.07973,1.07985,1.07932,1.0794,1031190000,8
1616428320000,1616428799000,1.07941,1.07974,1.07931,1.07952,632780000,8
1616428800000,1616429279000,1.07953,1.0798,1.07951,1.07979,413980000,8
1616429280000,1616429759000,1.07979,1.07988,1.07968,1.07986,313660000,8
1616429760000,1616430239000,1.07985,1.07985,1.07931,1.07931,575820000,8
1616430240000,1616430719000,1.07931,1.07953,1.07931,1.07943,461830000,8
1616430720000,1616431199000,1.07944,1.07967,1.07932,1.07956,519320000,8
1616431200000,1616431679000,1.07957,1.07976,1.07952,1.07972,523930000,8
1616431680000,1616432159000,1.0797,1.07981,1.07967,1.07977,494280000,8
1616432160000,1616432639000,1.07977,1.07988,1.07971,1.07973,296370000,8
1616432640000,1616433119000,1.07974,1.07985,1.07972,1.07982,327250000,8
1616433120000,1616433599000,1.07983,1.07994,1.07971,1.07994,424680000,8
1616433600000,1616434079000,1.07994,1.08002,1.07986,1.07992,425790000,8
1616434080000,1616434559000,1.07993,1.07996,1.07987,1.07993,394910000,8
1616434560000,1616435039000,1.07992,1.07997,1.07988,1.07992,374940000,8
1616435040000,1616435519000,1.07991,1.07996,1.07979,1.07982,335290000,8
1616435520000,1616435999000,1.07982,1.07999,1.07965,1.0798,409170000,8
1616436000000,1616436479000,1.07947,1.08003,1.07919,1.07995,322370000,8
1616436480000,1616436959000,1.07994,1.07998,1.07982,1.07986,216870000,8
1616436960000,1616437439000,1.07986,1.07996,1.07981,1.07995,281060000,8
1616437440000,1616437919000,1.07994,1.08017,1.0799,1.08013,427650000,8
1616437920000,1616438399000,1.08013,1.08023,1.07999,1.08,340330000,8
1616438400000,1616438879000,1.08002,1.0802,1.0799,1.08016,191510000,8
1616438880000,1616439359000,1.08017,1.0802,1.08004,1.08005,199940000,8
1616439360000,1616439839000,1.08005,1.08034,1.08004,1.08022,303970000,8
1616439840000,1616440319000,1.08021,1.08028,1.08018,1.08028,235960000,8
1616440320000,1616440799000,1.08027,1.08033,1.08005,1.0801,363460000,8
1616440800000,1616441279000,1.08009,1.08033,1.08005,1.08024,405820000,8
1616441280000,1616441759000,1.08024,1.08043,1.08015,1.08033,376500000,8
1616441760000,1616442239000,1.08034,1.08046,1.08034,1.08039,193050000,8
1616442240000,1616442719000,1.08039,1.08043,1.08026,1.08032,177050000,8
1616442720000,1616443199000,1.08031,1.08037,1.08016,1.08028,504600000,8
1616443200000,1616443679000,1.08031,1.08099,1.08028,1.08094,414810000,8
1616443680000,1616444159000,1.08094,1.08109,1.08093,1.081,313110000,8
1616444160000,1616444639000,1.08103,1.08118,1.08097,1.08106,191090000,8
1616444640000,1616445119000,1.08106,1.0811,1.08059,1.08098,192060000,8
1616445120000,1616445599000,1.081,1.08121,1.08096,1.08115,155760000,8
1616445600000,1616446079000,1.08115,1.08189,1.08114,1.08176,376480000,8
1616446080000,1616446559000,1.08177,1.08184,1.08118,1.08118,591140000,8
1616446560000,1616447039000,1.08125,1.08139,1.08077,1.08091,123070000,8
1616447040000,1616447519000,1.08091,1.08132,1.08081,1.08119,27570000,8
1616447520000,1616447999000,1.08111,1.08162,1.08107,1.08161,90340000,8
1616448000000,1616448479000,1.08161,1.08249,1.08129,1.08237,280590000,8
1616448480000,1616448959000,1.08232,1.08259,1.0814,1.08171,266810000,8
1616448960000,1616449439000,1.08171,1.08178,1.08165,1.08171,66680000,8
1616449440000,1616449919000,1.08171,1.08173,1.08171,1.08172,6000000,8
1616449920000,1616450399000,1.08172,1.08185,1.08169,1.0817,13560000,8
1616450400000,1616450879000,1.08171,1.08281,1.08167,1.08263,246990000,8
1616450880000,1616451359000,1.08264,1.08312,1.08262,1.08301,181470000,8
1616451360000,1616451839000,1.08301,1.08326,1.08275,1.08326,177500000,8
1616451840000,1616452319000,1.08324,1.08394,1.08313,1.08357,215260000,8
1616452320000,1616452799000,1.08359,1.08384,1.08332,1.08367,285850000,8
1616452800000,1616453279000,1.08368,1.08427,1.08367,1.08402,349940000,8
1616453280000,1616453759000,1.08405,1.08413,1.08372,1.08378,248260000,8
1616453760000,1616454239000,1.08377,1.0841,1.08365,1.08408,301010000,8
1616454240000,1616454719000,1.08409,1.08478,1.08408,1.08475,161920000,8
1616454720000,1616455199000,1.08476,1.08615,1.08467,1.08597,480680000,8
1616455200000,1616455679000,1.08598,1.08598,1.08571,1.08578,168220000,8
1616455680000,1616456159000,1.08578,1.08598,1.08554,1.0857,251130000,8
1616456160000,1616456639000,1.08567,1.08575,1.08551,1.08552,185090000,8
1616456640000,1616457119000,1.08551,1.08641,1.08546,1.08628,259240000,8
1616457120000,1616457599000,1.08619,1.08625,1.0858,1.08588,362000000,8
1616457600000,1616458079000,1.08589,1.0861,1.0857,1.08583,325380000,8
1616458080000,1616458559000,1.08584,1.08613,1.08583,1.08595,298880000,8
1616458560000,1616459039000,1.08594,1.0862,1.08566,1.0862,328740000,8
1616459040000,1616459519000,1.08623,1.08635,1.08603,1.08609,389810000,8
1616459520000,1616459999000,1.08609,1.08613,1.08585,1.0859,187500000,8
1616460000000,1616460479000,1.0859,1.08657,1.08588,1.0865,338270000,8
1616460480000,1616460959000,1.0865,1.08704,1.08637,1.08699,606210000,8
1616460960000,1616461439000,1.08698,1.08701,1.08643,1.08658,286790000,8
1616461440000,1616461919000,1.08659,1.08659,1.08594,1.08636,553790000,8
1616461920000,1616462399000,1.08635,1.08685,1.08622,1.08679,400550000,8
1616462400000,1616462879000,1.0868,1.0871,1.08656,1.08705,298840000,8
1616462880000,1616463359000,1.08705,1.08728,1.08665,1.08673,399640000,8
1616463360000,1616463839000,1.08674,1.08692,1.08638,1.08648,305800000,8
1616463840000,1616464319000,1.08651,1.08653,1.08609,1.08628,330200000,8
1616464320000,1616464799000,1.08628,1.08665,1.08623,1.08626,357700000,8
1616464800000,1616465279000,1.08626,1.08635,1.08592,1.08618,655740000,8
1616465280000,1616465759000,1.08619,1.08621,1.08549,1.08553,399340000,8
1616465760000,1616466239000,1.08553,1.08572,1.08536,1.08546,295210000,8
1616466240000,1616466719000,1.08545,1.08577,1.08535,1.08562,354000000,8
1616466720000,1616467199000,1.08562,1.08568,1.08523,1.08552,466780000,8
1616467200000,1616467679000,1.08555,1.08719,1.08552,1.08706,824090000,8
1616467680000,1616468159000,1.08707,1.08755,1.08678,1.08706,606640000,8
1616468160000,1616468639000,1.08706,1.08714,1.08665,1.08674,348520000,8
1616468640000,1616469119000,1.08677,1.08692,1.08654,1.08686,293840000,8
1616469120000,1616469599000,1.08685,1.087,1.08668,1.08674,285910000,8
1616469600000,1616470079000,1.08673,1.0868,1.08655,1.08672,226120000,8
1616470080000,1616470559000,1.08674,1.08718,1.08674,1.0871,244170000,8
1616470560000,1616471039000,1.0871,1.08719,1.08693,1.08718,145910000,8
1616471040000,1616471519000,1.0872,1.08723,1.08682,1.08689,214640000,8
1616471520000,1616471999000,1.08689,1.08694,1.08655,1.0869,264650000,8
1616472000000,1616472479000,1.08689,1.08696,1.08679,1.08682,238830000,8
1616472480000,1616472959000,1.08682,1.08689,1.0868,1.08689,72900000,8
1616472960000,1616473439000,1.08689,1.08705,1.08689,1.08698,98960000,8
1616473440000,1616473919000,1.08698,1.08706,1.08665,1.08677,299850000,8
1616473920000,1616474399000,1.08675,1.08697,1.08662,1.08691,275140000,8
1616474400000,1616474879000,1.08692,1.08698,1.08647,1.08661,251020000,8
1616474880000,1616475359000,1.08661,1.08692,1.08633,1.0868,331470000,8
1616475360000,1616475839000,1.08679,1.08679,1.08637,1.08641,289910000,8
1616475840000,1616476319000,1.08642,1.08663,1.08622,1.08637,308500000,8
1616476320000,1616476799000,1.08637,1.08642,1.08579,1.08579,296620000,8
1616476800000,1616477279000,1.0858,1.08588,1.08557,1.0856,400860000,8
1616477280000,1616477759000,1.08562,1.08582,1.08558,1.08563,377250000,8
1616477760000,1616478239000,1.08563,1.08586,1.08523,1.08586,366940000,8
1616478240000,1616478719000,1.08584,1.08587,1.08536,1.08543,384760000,8
1616478720000,1616479199000,1.08545,1.08612,1.0854,1.08607,372040000,8
1616479200000,1616479679000,1.08606,1.08606,1.0853,1.08573,579900000,8
1616479680000,1616480159000,1.08574,1.08584,1.08527,1.08545,493540000,8
1616480160000,1616480639000,1.08544,1.0856,1.0852,1.08543,452840000,8
1616480640000,1616481119000,1.08544,1.08622,1.08544,1.08622,399450000,8
1616481120000,1616481599000,1.0862,1.08631,1.08594,1.08617,301490000,8
1616481600000,1616482079000,1.08616,1.08634,1.08603,1.08629,285770000,8
1616482080000,1616482559000,1.0863,1.08645,1.08629,1.08636,196000000,8
1616482560000,1616483039000,1.08636,1.08653,1.08596,1.08615,284600000,8
1616483040000,1616483519000,1.08616,1.0864,1.08602,1.08617,380700000,8
1616483520000,1616483999000,1.08618,1.08663,1.08616,1.08651,455430000,8
1616484000000,1616484479000,1.0865,1.08715,1.08645,1.08705,597250000,8
1616484480000,1616484959000,1.08707,1.08801,1.08705,1.08789,567390000,8
1616484960000,1616485439000,1.08789,1.08814,1.08726,1.08727,1080990000,8
1616485440000,1616485919000,1.08729,1.08776,1.08691,1.08762,704810000,8
1616485920000,1616486399000,1.08765,1.08848,1.08764,1.08845,877340000,8
1616486400000,1616486879000,1.08844,1.08847,1.0879,1.08833,1071260000,8
1616486880000,1616487359000,1.08834,1.08842,1.08811,1.08816,842200000,8
1616487360000,1616487839000,1.08815,1.08819,1.08762,1.08765,700590000,8
1616487840000,1616488319000,1.08768,1.08796,1.08758,1.0878,1321340000,8
1616488320000,1616488799000,1.0878,1.08795,1.08762,1.08762,645650000,8
1616488800000,1616489279000,1.08768,1.08798,1.08752,1.08776,441760000,8
1616489280000,1616489759000,1.08777,1.08784,1.08762,1.08774,549020000,8
1616489760000,1616490239000,1.08772,1.08785,1.08749,1.08777,562190000,8
1616490240000,1616490719000,1.08779,1.08797,1.08777,1.08794,349690000,8
1616490720000,1616491199000,1.08792,1.08877,1.0879,1.08866,692240000,8
1616491200000,1616491679000,1.08865,1.0888,1.08835,1.08855,595900000,8
1616491680000,1616492159000,1.08857,1.08874,1.08782,1.08786,927110000,8
1616492160000,1616492639000,1.08786,1.08859,1.08777,1.08807,896660000,8
1616492640000,1616493119000,1.08809,1.08825,1.08795,1.08808,641190000,8
1616493120000,1616493599000,1.0881,1.08856,1.08789,1.08855,905600000,8
1616493600000,1616494079000,1.08856,1.08893,1.08834,1.08891,1617330000,8
1616494080000,1616494559000,1.0889,1.08928,1.08884,1.08921,824250000,8
1616494560000,1616495039000,1.08922,1.0894,1.08913,1.08927,784000000,8
1616495040000,1616495519000,1.08929,1.09005,1.0892,1.08987,1011240000,8
1616495520000,1616495999000,1.08987,1.08993,1.0895,1.08986,455890000,8
1616496000000,1616496479000,1.08985,1.09009,1.0891,1.0892,962890000,8
1616496480000,1616496959000,1.08921,1.0893,1.08882,1.08912,911920000,8
1616496960000,1616497439000,1.08912,1.08955,1.08907,1.0891,744630000,8
1616497440000,1616497919000,1.08907,1.08913,1.08894,1.08905,909330000,8
1616497920000,1616498399000,1.08905,1.08927,1.08897,1.08905,1147100000,8
1616498400000,1616498879000,1.08904,1.08922,1.08894,1.08903,809130000,8
1616498880000,1616499359000,1.08903,1.08933,1.08891,1.08916,1051650000,8
1616499360000,1616499839000,1.08916,1.08943,1.089,1.08914,906180000,8
1616499840000,1616500319000,1.08915,1.08938,1.08899,1.08906,887090000,8
1616500320000,1616500799000,1.08905,1.08968,1.089,1.08963,842470000,8
1616500800000,1616501279000,1.08966,1.09021,1.08955,1.0902,1563470000,8
1616501280000,1616501759000,1.0902,1.09102,1.0902,1.09086,2877950000,8
1616501760000,1616502239000,1.09087,1.09128,1.09083,1.09112,1479890000,8
1616502240000,1616502719000,1.09112,1.0913,1.09095,1.09124,1313430000,8
1616502720000,1616503199000,1.09124,1.09149,1.09113,1.09139,1001540000,8
1616503200000,1616503679000,1.09139,1.09164,1.09128,1.0915,926230000,8
1616503680000,1616504159000,1.09151,1.09195,1.0915,1.09189,856460000,8
1616504160000,1616504639000,1.0919,1.09194,1.09153,1.09184,937620000,8
1616504640000,1616505119000,1.09184,1.09196,1.09173,1.09183,1161710000,8
1616505120000,1616505599000,1.09185,1.09203,1.09178,1.09192,674460000,8
1616505600000,1616506079000,1.09193,1.09228,1.09186,1.09222,634170000,8
1616506080000,1616506559000,1.09221,1.09244,1.09208,1.09242,1310660000,8
1616506560000,1616507039000,1.0924,1.09247,1.09208,1.09235,1208200000,8
1616507040000,1616507519000,1.09234,1.09248,1.09225,1.09239,1410460000,8
1616507520000,1616507999000,1.09239,1.09307,1.09234,1.09291,718860000,8
1616508000000,1616508479000,1.09294,1.09307,1.09275,1.09284,1074820000,8
1616508480000,1616508959000,1.09283,1.09323,1.09274,1.0932,920280000,8
1616508960000,1616509439000,1.09319,1.09365,1.09314,1.09349,1182040000,8
1616509440000,1616509919000,1.0935,1.09364,1.09313,1.09314,880590000,8
1616509920000,1616510399000,1.09315,1.09322,1.09292,1.09304,911210000,8
1616510400000,1616510879000,1.09304,1.09305,1.09215,1.09229,1143640000,8
1616510880000,1616511359000,1.09228,1.09247,1.09199,1.09207,847100000,8
1616511360000,1616511839000,1.09209,1.09209,1.09159,1.09169,1119700000,8
1616511840000,1616512319000,1.09169,1.09271,1.09156,1.09253,1221170000,8
1616512320000,1616512799000,1.09253,1.09292,1.09246,1.09279,678150000,8
1616512800000,1616513279000,1.09279,1.09326,1.09264,1.09316,714850000,8
1616513280000,1616513759000,1.09313,1.09334,1.09295,1.09324,976930000,8
1616513760000,1616514239000,1.09324,1.09358,1.09266,1.09272,1182760000,8
1616514240000,1616514719000,1.09274,1.0928,1.09216,1.09247,1020200000,8
1616514720000,1616515199000,1.09247,1.09295,1.09213,1.09228,1152000000,8
1616515200000,1616515679000,1.0923,1.09233,1.09158,1.09166,1171200000,8
1616515680000,1616516159000,1.09165,1.0918,1.09132,1.09158,959530000,8
1616516160000,1616516639000,1.09158,1.09188,1.09134,1.0918,911860000,8
1616516640000,1616517119000,1.0918,1.09186,1.09155,1.09161,878810000,8
1616517120000,1616517599000,1.09163,1.09181,1.09132,1.09177,993500000,8
1616517600000,1616518079000,1.09176,1.09228,1.09167,1.09224,1066290000,8
1616518080000,1616518559000,1.09224,1.09247,1.0922,1.09246,682710000,8
1616518560000,1616519039000,1.09246,1.09249,1.09185,1.09195,477130000,8
1616519040000,1616519519000,1.09193,1.09209,1.0919,1.09203,706410000,8
1616519520000,1616519999000,1.09208,1.09231,1.09127,1.09158,911940000,8
1616520000000,1616520479000,1.09159,1.09187,1.0912,1.09169,585370000,8
1616520480000,1616520959000,1.09172,1.09186,1.09143,1.09155,708970000,8
1616520960000,1616521439000,1.09154,1.09175,1.09139,1.09153,479710000,8
1616521440000,1616521919000,1.09157,1.09194,1.0915,1.09194,501180000,8
1616521920000,1616522399000,1.09193,1.09212,1.09164,1.09164,595730000,8
1616522400000,1616522879000,1.09168,1.09207,1.09126,1.09197,840290000,8
1616522880000,1616523359000,1.09199,1.09217,1.09192,1.09203,447940000,8
1616523360000,1616523839000,1.09204,1.09236,1.09198,1.09229,706730000,8
1616523840000,1616524319000,1.09229,1.09239,1.09218,1.09226,554300000,8
1616524320000,1616524799000,1.09224,1.09258,1.09224,1.09248,467970000,8
1616524800000,1616525279000,1.0925,1.09252,1.09202,1.09219,582950000,8
1616525280000,1616525759000,1.09218,1.09234,1.09204,1.09206,824550000,8
1616525760000,1616526239000,1.09206,1.09213,1.0914,1.09155,1020770000,8
1616526240000,1616526719000,1.09155,1.0916,1.09086,1.09117,768100000,8
1616526720000,1616527199000,1.09119,1.0913,1.09048,1.0905,550210000,8
1616527200000,1616527679000,1.09046,1.09063,1.09018,1.09049,712420000,8
1616527680000,1616528159000,1.09046,1.09078,1.09009,1.09021,688760000,8
1616528160000,1616528639000,1.09021,1.09036,1.08979,1.08992,813560000,8
1616528640000,1616529119000,1.08993,1.09097,1.08981,1.0908,888490000,8
1616529120000,1616529599000,1.09078,1.09082,1.08981,1.08991,787050000,8
1616529600000,1616530079000,1.08992,1.09005,1.0894,1.0896,776090000,8
1616530080000,1616530559000,1.08959,1.08977,1.0893,1.08948,399670000,8
1616530560000,1616531039000,1.08947,1.09001,1.08921,1.08964,324820000,8
1616531040000,1616531519000,1.08964,1.08974,1.08953,1.08961,167000000,8
1616531520000,1616531999000,1.08958,1.08962,1.08924,1.08929,236500000,8
1616532000000,1616532479000,1.0893,1.08937,1.08915,1.08935,238920000,8
1616532480000,1616532959000,1.08935,1.08946,1.08906,1.08936,466460000,8
1616532960000,1616533439000,1.08936,1.08953,1.08885,1.08894,328780000,8
1616533440000,1616533919000,1.08894,1.08894,1.08801,1.08802,13870000,8
1616533920000,1616534399000,1.08865,1.0896,1.08844,1.08882,248100000,8
1616534400000,1616534879000,1.08884,1.08924,1.08871,1.08924,154990000,8
1616534880000,1616535359000,1.0893,1.0894,1.08854,1.08877,161460000,8
1616535360000,1616535839000,1.08877,1.08892,1.0885,1.08877,117870000,8
1616535840000,1616536319000,1.08877,1.08935,1.08854,1.08877,262990000,8
1616536320000,1616536799000,1.08877,1.08954,1.08853,1.08918,347120000,8
1616536800000,1616537279000,1.08919,1.08919,1.08863,1.08865,155910000,8
1616537280000,1616537759000,1.08876,1.08886,1.08841,1.08865,287880000,8
1616537760000,1616538239000,1.08864,1.08886,1.08847,1.08875,217550000,8
1616538240000,1616538719000,1.08876,1.08903,1.0887,1.08897,189500000,8
1616538720000,1616539199000,1.08899,1.08914,1.08889,1.08914,181720000,8
1616539200000,1616539679000,1.08914,1.08937,1.08912,1.08937,165050000,8
1616539680000,1616540159000,1.08936,1.08952,1.08915,1.08931,140390000,8
1616540160000,1616540639000,1.08933,1.08939,1.0887,1.08879,338100000,8
1616540640000,1616541119000,1.08879,1.0891,1.08871,1.08895,219870000,8
1616541120000,1616541599000,1.08894,1.08932,1.08894,1.08915,300250000,8
1616541600000,1616542079000,1.08916,1.08932,1.0889,1.08892,178250000,8
1616542080000,1616542559000,1.08897,1.08898,1.08846,1.08854,341430000,8
1616542560000,1616543039000,1.08855,1.08855,1.08809,1.08816,392770000,8
1616543040000,1616543519000,1.08816,1.08837,1.08766,1.08775,817290000,8
1616543520000,1616543999000,1.08773,1.08793,1.08762,1.08772,604790000,8
1616544000000,1616544479000,1.08771,1.08838,1.08769,1.08787,1144300000,8
1616544480000,1616544959000,1.08788,1.0884,1.08785,1.08815,533480000,8
1616544960000,1616545439000,1.08814,1.08831,1.0877,1.08779,483230000,8
1616545440000,1616545919000,1.08776,1.08804,1.08771,1.08792,292360000,8
1616545920000,1616546399000,1.08791,1.08839,1.08785,1.08808,222350000,8
1616546400000,1616546879000,1.08811,1.08814,1.08792,1.08793,382000000,8
1616546880000,1616547359000,1.08792,1.08801,1.08775,1.08783,408920000,8
1616547360000,1616547839000,1.08781,1.08829,1.0873,1.08819,553690000,8
1616547840000,1616548319000,1.08819,1.08855,1.08818,1.08834,324220000,8
1616548320000,1616548799000,1.08832,1.08843,1.08788,1.08825,309650000,8
1616548800000,1616549279000,1.08826,1.08854,1.08815,1.08846,323470000,8
1616549280000,1616549759000,1.08845,1.08849,1.08807,1.08811,427300000,8
1616549760000,1616550239000,1.0881,1.08895,1.08809,1.08895,444280000,8
1616550240000,1616550719000,1.08894,1.08909,1.08873,1.08894,454620000,8
1616550720000,1616551199000,1.08894,1.08948,1.08883,1.08939,491890000,8
1616551200000,1616551679000,1.08935,1.08942,1.08873,1.08886,526400000,8
1616551680000,1616552159000,1.08884,1.08956,1.0888,1.08883,586920000,8
1616552160000,1616552639000,1.08881,1.08924,1.08874,1.08916,1001500000,8
1616552640000,1616553119000,1.08915,1.08936,1.0887,1.08908,790510000,8
1616553120000,1616553599000,1.08911,1.08921,1.08881,1.08896,468170000,8
1616553600000,1616554079000,1.08897,1.08921,1.08887,1.08894,332820000,8
1616554080000,1616554559000,1.08895,1.08952,1.08895,1.08952,343420000,8
1616554560000,1616555039000,1.0895,1.08961,1.08938,1.08948,345300000,8
1616555040000,1616555519000,1.08948,1.08948,1.08923,1.08928,359020000,8
1616555520000,1616555999000,1.08928,1.08933,1.08906,1.08913,273770000,8
1616556000000,1616556479000,1.08913,1.08928,1.08901,1.08911,174190000,8
1616556480000,1616556959000,1.08912,1.0896,1.08912,1.08957,253030000,8
1616556960000,1616557439000,1.08958,1.08967,1.08938,1.08947,246140000,8
1616557440000,1616557919000,1.0895,1.08952,1.08907,1.08945,206580000,8
1616557920000,1616558399000,1.08945,1.08959,1.08927,1.08935,274880000,8
1616558400000,1616558879000,1.08938,1.0896,1.08927,1.0896,209100000,8
1616558880000,1616559359000,1.0896,1.08979,1.08955,1.08976,212080000,8
1616559360000,1616559839000,1.08976,1.08986,1.08928,1.08928,190950000,8
1616559840000,1616560319000,1.08927,1.08941,1.08918,1.08937,143220000,8
1616560320000,1616560799000,1.08938,1.08938,1.08908,1.08909,153400000,8
1616560800000,1616561279000,1.08909,1.08917,1.0888,1.08894,267960000,8
1616561280000,1616561759000,1.08894,1.08918,1.08874,1.08883,286680000,8
1616561760000,1616562239000,1.08884,1.08901,1.08865,1.08867,202680000,8
1616562240000,1616562719000,1.08868,1.08872,1.08849,1.08852,247370000,8
1616562720000,1616563199000,1.08851,1.08862,1.08845,1.08852,186750000,8
1616563200000,1616563679000,1.08849,1.08861,1.08843,1.0886,147100000,8
1616563680000,1616564159000,1.0886,1.08872,1.08853,1.08869,220250000,8
1616564160000,1616564639000,1.08873,1.08882,1.08859,1.08865,323480000,8
1616564640000,1616565119000,1.08864,1.08872,1.08848,1.08867,184030000,8
1616565120000,1616565599000,1.08864,1.08874,1.08821,1.08841,438220000,8
1616565600000,1616566079000,1.0884,1.08868,1.0879,1.08799,607090000,8
1616566080000,1616566559000,1.08799,1.08867,1.08799,1.08838,659530000,8
1616566560000,1616567039000,1.08838,1.08839,1.08765,1.08801,764690000,8
1616567040000,1616567519000,1.088,1.08838,1.08799,1.0881,467500000,8
1616567520000,1616567999000,1.0881,1.08857,1.08808,1.08857,245110000,8
1616568000000,1616568479000,1.08858,1.08876,1.08853,1.08871,263200000,8
1616568480000,1616568959000,1.08871,1.08881,1.08856,1.08871,293290000,8
1616568960000,1616569439000,1.08871,1.08906,1.08864,1.08887,439980000,8
1616569440000,1616569919000,1.08888,1.08929,1.08877,1.08897,428950000,8
1616569920000,1616570399000,1.08895,1.08962,1.08895,1.08953,466800000,8
1616570400000,1616570879000,1.08952,1.08953,1.08858,1.08872,962700000,8
1616570880000,1616571359000,1.08871,1.08899,1.08861,1.08877,482250000,8
1616571360000,1616571839000,1.08872,1.08906,1.08872,1.08877,485750000,8
1616571840000,1616572319000,1.08876,1.08879,1.08825,1.0884,500190000,8
1616572320000,1616572799000,1.0884,1.08949,1.08823,1.08928,778010000,8
1616572800000,1616573279000,1.08929,1.0897,1.0889,1.08957,660610000,8
1616573280000,1616573759000,1.0896,1.08968,1.08918,1.08964,884200000,8
1616573760000,1616574239000,1.08965,1.09005,1.0896,1.0898,542210000,8
1616574240000,1616574719000,1.08979,1.08986,1.08921,1.08956,678280000,8
1616574720000,1616575199000,1.08957,1.09022,1.08957,1.09022,753670000,8
1616575200000,1616575679000,1.09023,1.09032,1.09011,1.09012,335280000,8
1616575680000,1616576159000,1.09011,1.09014,1.0896,1.0897,621110000,8
1616576160000,1616576639000,1.08971,1.08998,1.08958,1.08964,764910000,8
1616576640000,1616577119000,1.08965,1.08989,1.08958,1.0898,399250000,8
1616577120000,1616577599000,1.0898,1.09012,1.08934,1.08945,751530000,8
1616577600000,1616578079000,1.08944,1.09011,1.0894,1.09011,981740000,8
1616578080000,1616578559000,1.09011,1.09016,1.08968,1.09001,626540000,8
1616578560000,1616579039000,1.09001,1.09015,1.08955,1.08994,763760000,8
1616579040000,1616579519000,1.08994,1.09024,1.08975,1.08998,530210000,8
1616579520000,1616579999000,1.08998,1.0901,1.08977,1.09001,481520000,8
1616580000000,1616580479000,1.09002,1.09015,1.08984,1.08991,454940000,8
1616580480000,1616580959000,1.08991,1.09008,1.08977,1.08999,619940000,8
1616580960000,1616581439000,1.08997,1.09014,1.08978,1.09007,468720000,8
1616581440000,1616581919000,1.09007,1.09016,1.08974,1.08984,522890000,8
1616581920000,1616582399000,1.08982,1.09005,1.08978,1.08988,361080000,8
1616582400000,1616582879000,1.08991,1.09015,1.08981,1.08998,350940000,8
1616582880000,1616583359000,1.08997,1.09002,1.08968,1.08992,565260000,8
1616583360000,1616583839000,1.08992,1.09023,1.08975,1.08988,669300000,8
1616583840000,1616584319000,1.08987,1.09016,1.08971,1.08976,738940000,8
1616584320000,1616584799000,1.08976,1.08995,1.08974,1.08988,664930000,8
1616584800000,1616585279000,1.08989,1.0899,1.0897,1.08973,520550000,8
1616585280000,1616585759000,1.08975,1.09006,1.08967,1.09001,584110000,8
1616585760000,1616586239000,1.09001,1.09008,1.08977,1.08992,437260000,8
1616586240000,1616586719000,1.08993,1.09003,1.08974,1.08975,265750000,8
1616586720000,1616587199000,1.08976,1.09003,1.08976,1.09001,266380000,8
1616587200000,1616587679000,1.09002,1.09018,1.0898,1.09016,559770000,8
1616587680000,1616588159000,1.09005,1.09042,1.09005,1.09031,309060000,8
1616588160000,1616588639000,1.09034,1.09037,1.09022,1.09028,175630000,8
1616588640000,1616589119000,1.09026,1.09089,1.09024,1.09086,390540000,8
1616589120000,1616589599000,1.09085,1.09126,1.09071,1.09126,359490000,8
1616589600000,1616590079000,1.09126,1.09153,1.09124,1.09148,536980000,8
1616590080000,1616590559000,1.09148,1.09148,1.09095,1.09122,491910000,8
1616590560000,1616591039000,1.09122,1.09134,1.09092,1.09126,527260000,8
1616591040000,1616591519000,1.09127,1.092,1.09127,1.092,1029370000,8
1616591520000,1616591999000,1.092,1.0922,1.09192,1.09209,954110000,8
1616592000000,1616592479000,1.09209,1.09283,1.09191,1.09279,1167500000,8
1616592480000,1616592959000,1.09275,1.09306,1.0927,1.09284,1139210000,8
1616592960000,1616593439000,1.09282,1.09294,1.09245,1.09255,998070000,8
1616593440000,1616593919000,1.09258,1.09262,1.09193,1.09239,1508950000,8
1616593920000,1616594399000,1.09237,1.09239,1.09173,1.09179,1195500000,8
1616594400000,1616594879000,1.09179,1.09196,1.0916,1.09175,954550000,8
1616594880000,1616595359000,1.09176,1.09183,1.09137,1.09163,859770000,8
1616595360000,1616595839000,1.09164,1.09198,1.09134,1.09185,780250000,8
1616595840000,1616596319000,1.09186,1.09221,1.09163,1.09194,664100000,8
1616596320000,1616596799000,1.09195,1.09213,1.09179,1.09196,637380000,8
1616596800000,1616597279000,1.09195,1.09234,1.09192,1.09226,660920000,8
1616597280000,1616597759000,1.09226,1.09257,1.09223,1.09248,649940000,8
1616597760000,1616598239000,1.09249,1.09262,1.09209,1.09218,663660000,8
1616598240000,1616598719000,1.09219,1.09247,1.09197,1.09247,619060000,8
1616598720000,1616599199000,1.09249,1.0926,1.09229,1.09234,617570000,8
1616599200000,1616599679000,1.09234,1.09241,1.09175,1.09188,622180000,8
1616599680000,1616600159000,1.09188,1.09242,1.09188,1.09198,840010000,8
1616600160000,1616600639000,1.09197,1.09209,1.09172,1.09172,859980000,8
1616600640000,1616601119000,1.09173,1.09182,1.09107,1.09112,1016610000,8
1616601120000,1616601599000,1.09113,1.09132,1.09083,1.09131,829880000,8
1616601600000,1616602079000,1.09132,1.09138,1.09091,1.09101,1134480000,8
1616602080000,1616602559000,1.09099,1.09116,1.0908,1.09089,805790000,8
1616602560000,1616603039000,1.09089,1.09109,1.09084,1.09088,548620000,8
1616603040000,1616603519000,1.09087,1.09094,1.09051,1.09067,868970000,8
1616603520000,1616603999000,1.09067,1.09083,1.09055,1.09074,619440000,8
1616604000000,1616604479000,1.09076,1.09088,1.09065,1.09066,528410000,8
1616604480000,1616604959000,1.09066,1.09084,1.09047,1.09072,971020000,8
1616604960000,1616605439000,1.09072,1.09085,1.09056,1.09083,928960000,8
1616605440000,1616605919000,1.09085,1.09093,1.09073,1.09084,769330000,8
1616605920000,1616606399000,1.09084,1.09085,1.09028,1.09035,873230000,8
1616606400000,1616606879000,1.09035,1.09047,1.09012,1.09039,595840000,8
1616606880000,1616607359000,1.09038,1.09063,1.09027,1.09031,856380000,8
1616607360000,1616607839000,1.09031,1.09033,1.08991,1.08995,901560000,8
1616607840000,1616608319000,1.08995,1.09002,1.08978,1.08983,1029040000,8
1616608320000,1616608799000,1.08982,1.09011,1.08971,1.0899,470210000,8
1616608800000,1616609279000,1.08987,1.09136,1.08923,1.08964,1063150000,8
1616609280000,1616609759000,1.08965,1.08993,1.08952,1.08981,644470000,8
1616609760000,1616610239000,1.0898,1.08984,1.08947,1.08966,437820000,8
1616610240000,1616610719000,1.08964,1.08992,1.08932,1.08944,728110000,8
1616610720000,1616611199000,1.08944,1.08978,1.08942,1.08951,841800000,8
1616611200000,1616611679000,1.08949,1.08968,1.08895,1.08921,1070920000,8
1616611680000,1616612159000,1.08919,1.0892,1.08864,1.08883,878530000,8
1616612160000,1616612639000,1.08881,1.08917,1.08878,1.08907,1282140000,8
1616612640000,1616613119000,1.08907,1.08914,1.0888,1.08884,773020000,8
1616613120000,1616613599000,1.08883,1.08898,1.08856,1.08896,687900000,8
1616613600000,1616614079000,1.08891,1.08895,1.08868,1.08883,838110000,8
1616614080000,1616614559000,1.08884,1.08889,1.0886,1.08867,855740000,8
1616614560000,1616615039000,1.08868,1.0888,1.08848,1.08854,670370000,8
1616615040000,1616615519000,1.08854,1.08866,1.08843,1.08843,547930000,8
1616615520000,1616615999000,1.08844,1.08914,1.08841,1.08901,466700000,8
1616616000000,1616616479000,1.08902,1.08902,1.08868,1.08873,283000000,8
1616616480000,1616616959000,1.08872,1.0888,1.08867,1.08875,186100000,8
1616616960000,1616617439000,1.08875,1.08908,1.08875,1.08903,158860000,8
1616617440000,1616617919000,1.08904,1.08914,1.08885,1.08889,136700000,8
1616617920000,1616618399000,1.0889,1.08893,1.08849,1.0885,202240000,8
1616618400000,1616618879000,1.08849,1.08885,1.08848,1.08871,302380000,8
1616618880000,1616619359000,1.0887,1.08889,1.08858,1.08865,253180000,8
1616619360000,1616619839000,1.08865,1.08878,1.08848,1.08852,200800000,8
1616619840000,1616620319000,1.08852,1.08907,1.08838,1.08851,32800000,8
1616620320000,1616620799000,1.08851,1.08921,1.08851,1.08897,79680000,8
1616620800000,1616621279000,1.08888,1.08893,1.08873,1.08875,83810000,8
1616621280000,1616621759000,1.08875,1.08877,1.08837,1.08838,36410000,8
1616621760000,1616622239000,1.08839,1.08872,1.08827,1.08827,91820000,8
1616622240000,1616622719000,1.08827,1.08872,1.08827,1.08828,65690000,8
1616622720000,1616623199000,1.08825,1.0888,1.08812,1.08818,233720000,8
1616623200000,1616623679000,1.08819,1.0892,1.08815,1.08909,317280000,8
1616623680000,1616624159000,1.08908,1.08919,1.08882,1.08896,407000000,8
1616624160000,1616624639000,1.08894,1.08905,1.08884,1.08892,163100000,8
1616624640000,1616625119000,1.0889,1.08909,1.08877,1.0889,170350000,8
1616625120000,1616625599000,1.08888,1.08894,1.08862,1.08894,126000000,8
1616625600000,1616626079000,1.08895,1.08908,1.08867,1.08876,76440000,8
1616626080000,1616626559000,1.08878,1.0889,1.0886,1.08861,90600000,8
1616626560000,1616627039000,1.08862,1.0888,1.08858,1.08876,178250000,8
1616627040000,1616627519000,1.08878,1.08888,1.08878,1.08886,71000000,8
1616627520000,1616627999000,1.08884,1.08894,1.08876,1.08876,89070000,8
1616628000000,1616628479000,1.08874,1.08884,1.08859,1.08872,118720000,8
1616628480000,1616628959000,1.08873,1.08895,1.08873,1.08895,143010000,8
1616628960000,1616629439000,1.08895,1.08907,1.08895,1.08904,89960000,8
1616629440000,1616629919000,1.08906,1.08926,1.08888,1.08905,245910000,8
1616629920000,1616630399000,1.08906,1.08929,1.08906,1.08921,171620000,8
1616630400000,1616630879000,1.08922,1.08957,1.08908,1.08951,342090000,8
1616630880000,1616631359000,1.08951,1.08976,1.08941,1.0897,283600000,8
1616631360000,1616631839000,1.08968,1.08985,1.08941,1.08985,429550000,8
1616631840000,1616632319000,1.08986,1.08989,1.08929,1.08937,215300000,8
1616632320000,1616632799000,1.08929,1.0894,1.08905,1.08917,153650000,8
1616632800000,1616633279000,1.08917,1.08931,1.08879,1.08882,244500000,8
1616633280000,1616633759000,1.08883,1.08907,1.08865,1.08882,433370000,8
1616633760000,1616634239000,1.08884,1.08923,1.08872,1.0891,361570000,8
1616634240000,1616634719000,1.08909,1.08949,1.08897,1.08916,256450000,8
1616634720000,1616635199000,1.08914,1.08943,1.08903,1.08939,244190000,8
1616635200000,1616635679000,1.08938,1.08976,1.08938,1.08968,204780000,8
1616635680000,1616636159000,1.0897,1.08986,1.08938,1.08968,616550000,8
1616636160000,1616636639000,1.08967,1.08988,1.08941,1.08978,491090000,8
1616636640000,1616637119000,1.08977,1.08977,1.08953,1.08966,301750000,8
1616637120000,1616637599000,1.08965,1.0897,1.08951,1.0896,283250000,8
1616637600000,1616638079000,1.0896,1.09034,1.08958,1.09023,517860000,8
1616638080000,1616638559000,1.09023,1.09061,1.09018,1.09018,438390000,8
1616638560000,1616639039000,1.09018,1.09029,1.09002,1.09011,318220000,8
1616639040000,1616639519000,1.0901,1.09021,1.08992,1.08994,336230000,8
1616639520000,1616639999000,1.08992,1.08994,1.0898,1.08985,174970000,8
1616640000000,1616640479000,1.08987,1.09,1.08973,1.08974,174960000,8
1616640480000,1616640959000,1.08969,1.08981,1.08962,1.08965,205260000,8
1616640960000,1616641439000,1.08965,1.08969,1.08946,1.08951,264300000,8
1616641440000,1616641919000,1.08951,1.08964,1.08929,1.08933,154060000,8
1616641920000,1616642399000,1.08933,1.08951,1.08926,1.08939,163190000,8
1616642400000,1616642879000,1.08941,1.08954,1.08924,1.08952,172840000,8
1616642880000,1616643359000,1.0895,1.08952,1.08922,1.08936,151610000,8
1616643360000,1616643839000,1.08934,1.08962,1.08913,1.08952,262500000,8
1616643840000,1616644319000,1.08953,1.08998,1.08947,1.08993,239550000,8
1616644320000,1616644799000,1.08993,1.09006,1.08976,1.08979,282640000,8
1616644800000,1616645279000,1.08982,1.09006,1.08973,1.08992,182430000,8
1616645280000,1616645759000,1.08991,1.08994,1.08965,1.08965,397920000,8
1616645760000,1616646239000,1.08966,1.08968,1.08936,1.08948,247990000,8
1616646240000,1616646719000,1.0895,1.08953,1.08921,1.08926,210620000,8
1616646720000,1616647199000,1.08924,1.08932,1.08896,1.08907,207100000,8
1616647200000,1616647679000,1.08909,1.08911,1.08855,1.08859,226800000,8
1616647680000,1616648159000,1.08859,1.08873,1.08855,1.08855,101100000,8
1616648160000,1616648639000,1.08858,1.08877,1.08844,1.08876,164000000,8
1616648640000,1616649119000,1.08877,1.08882,1.08863,1.0887,179000000,8
1616649120000,1616649599000,1.0887,1.089,1.08861,1.08891,225000000,8
1616649600000,1616650079000,1.08894,1.08909,1.0888,1.08905,145000000,8
1616650080000,1616650559000,1.08899,1.08917,1.08894,1.08917,155250000,8
1616650560000,1616651039000,1.08918,1.08926,1.08901,1.08906,114500000,8
1616651040000,1616651519000,1.08907,1.08913,1.08886,1.08901,244500000,8
1616651520000,1616651999000,1.08901,1.08918,1.08883,1.08891,227250000,8
1616652000000,1616652479000,1.08891,1.08938,1.08884,1.08917,289750000,8
1616652480000,1616652959000,1.08916,1.08922,1.08898,1.08921,231580000,8
1616652960000,1616653439000,1.08919,1.08933,1.08911,1.08926,296250000,8
1616653440000,1616653919000,1.08929,1.0893,1.08877,1.08878,286590000,8
1616653920000,1616654399000,1.08878,1.08883,1.08856,1.08856,212270000,8
1616654400000,1616654879000,1.08854,1.08868,1.08837,1.08847,159200000,8
1616654880000,1616655359000,1.08844,1.08848,1.08823,1.08823,168050000,8
1616655360000,1616655839000,1.08822,1.08841,1.088,1.08832,334360000,8
1616655840000,1616656319000,1.08832,1.0886,1.0883,1.08856,308000000,8
1616656320000,1616656799000,1.08856,1.08898,1.0885,1.08891,251000000,8
1616656800000,1616657279000,1.08892,1.08895,1.08875,1.08884,386730000,8
1616657280000,1616657759000,1.08883,1.08905,1.08881,1.089,545130000,8
1616657760000,1616658239000,1.08901,1.08969,1.08895,1.08964,505190000,8
1616658240000,1616658719000,1.08963,1.08972,1.08945,1.08957,375590000,8
1616658720000,1616659199000,1.08956,1.08987,1.08954,1.08985,445660000,8
1616659200000,1616659679000,1.08984,1.08987,1.08933,1.0895,1176970000,8
1616659680000,1616660159000,1.0895,1.08994,1.08945,1.0896,736620000,8
1616660160000,1616660639000,1.08961,1.08995,1.08955,1.08989,714090000,8
1616660640000,1616661119000,1.08991,1.08995,1.08978,1.08986,472600000,8
1616661120000,1616661599000,1.08985,1.08994,1.08967,1.08981,751700000,8
1616661600000,1616662079000,1.08982,1.08989,1.0895,1.08951,497880000,8
1616662080000,1616662559000,1.08952,1.0896,1.08928,1.08935,434230000,8
1616662560000,1616663039000,1.08933,1.08991,1.08924,1.08991,456730000,8
1616663040000,1616663519000,1.08989,1.09011,1.08984,1.09006,376030000,8
1616663520000,1616663999000,1.09008,1.09008,1.08993,1.09,331680000,8
1616664000000,1616664479000,1.08998,1.09019,1.08997,1.09008,387550000,8
1616664480000,1616664959000,1.09008,1.09021,1.08996,1.09004,621410000,8
1616664960000,1616665439000,1.09003,1.09037,1.08984,1.09037,488560000,8
1616665440000,1616665919000,1.09037,1.0906,1.09011,1.09016,529210000,8
1616665920000,1616666399000,1.09015,1.09018,1.0897,1.08971,501380000,8
1616666400000,1616666879000,1.08968,1.09003,1.08968,1.09001,515560000,8
1616666880000,1616667359000,1.09001,1.09008,1.08975,1.08976,804900000,8
1616667360000,1616667839000,1.08978,1.09018,1.08977,1.08987,756420000,8
1616667840000,1616668319000,1.08986,1.08989,1.0895,1.08952,522560000,8
1616668320000,1616668799000,1.08951,1.08953,1.0892,1.08926,708810000,8
1616668800000,1616669279000,1.08927,1.08968,1.08924,1.08963,686210000,8
1616669280000,1616669759000,1.08963,1.08986,1.08959,1.08984,581540000,8
1616669760000,1616670239000,1.08984,1.08988,1.08952,1.08965,485310000,8
1616670240000,1616670719000,1.08965,1.09031,1.08958,1.09013,358560000,8
1616670720000,1616671199000,1.09013,1.09079,1.09011,1.09028,635090000,8
1616671200000,1616671679000,1.09027,1.09029,1.08992,1.09014,631150000,8
1616671680000,1616672159000,1.09015,1.09018,1.08993,1.08996,705870000,8
1616672160000,1616672639000,1.08996,1.09009,1.08967,1.08989,784190000,8
1616672640000,1616673119000,1.08987,1.09005,1.08981,1.08982,468280000,8
1616673120000,1616673599000,1.08981,1.08996,1.08968,1.08986,585890000,8
1616673600000,1616674079000,1.08985,1.08995,1.08963,1.08979,607080000,8
1616674080000,1616674559000,1.0898,1.08991,1.08951,1.08954,826210000,8
1616674560000,1616675039000,1.08953,1.08973,1.08929,1.08932,881840000,8
1616675040000,1616675519000,1.08936,1.0903,1.08936,1.09,700470000,8
1616675520000,1616675999000,1.08999,1.09034,1.08966,1.08975,648780000,8
1616676000000,1616676479000,1.08976,1.08996,1.08957,1.08969,790460000,8
1616676480000,1616676959000,1.0897,1.08991,1.08955,1.08983,776690000,8
1616676960000,1616677439000,1.08983,1.09026,1.08967,1.08996,849600000,8
1616677440000,1616677919000,1.08994,1.09028,1.0897,1.09028,749830000,8
1616677920000,1616678399000,1.09026,1.09035,1.08981,1.08982,659550000,8
1616678400000,1616678879000,1.08982,1.0901,1.08939,1.08978,778100000,8
1616678880000,1616679359000,1.08978,1.09036,1.08976,1.09031,1196960000,8
1616679360000,1616679839000,1.09032,1.09076,1.08993,1.09006,1413510000,8
1616679840000,1616680319000,1.09009,1.09039,1.08992,1.09033,1289940000,8
1616680320000,1616680799000,1.09033,1.09035,1.08981,1.08996,1439720000,8
1616680800000,1616681279000,1.08996,1.09003,1.08977,1.08996,1521130000,8
1616681280000,1616681759000,1.08996,1.09016,1.08971,1.08997,1248910000,8
1616681760000,1616682239000,1.08998,1.09019,1.08977,1.09017,1182250000,8
1616682240000,1616682719000,1.09017,1.09037,1.09,1.09006,1209830000,8
1616682720000,1616683199000,1.09007,1.09051,1.09,1.0903,975440000,8
1616683200000,1616683679000,1.0903,1.09059,1.08976,1.08981,1063810000,8
1616683680000,1616684159000,1.0898,1.08995,1.08944,1.08981,1072860000,8
1616684160000,1616684639000,1.08983,1.08984,1.08917,1.08921,1347610000,8
1616684640000,1616685119000,1.08922,1.08958,1.089,1.08954,968690000,8
1616685120000,1616685599000,1.08951,1.08961,1.08907,1.0895,920150000,8
1616685600000,1616686079000,1.08949,1.08963,1.08918,1.08948,794420000,8
1616686080000,1616686559000,1.08947,1.08984,1.08945,1.08978,1056300000,8
1616686560000,1616687039000,1.08978,1.08981,1.08932,1.0894,902280000,8
1616687040000,1616687519000,1.08939,1.08962,1.08915,1.08916,897870000,8
1616687520000,1616687999000,1.08914,1.08958,1.08908,1.08934,1413930000,8
1616688000000,1616688479000,1.08936,1.08979,1.0893,1.08942,994660000,8
1616688480000,1616688959000,1.08943,1.08986,1.08942,1.08964,781790000,8
1616688960000,1616689439000,1.0896,1.09016,1.08955,1.09002,626840000,8
1616689440000,1616689919000,1.09001,1.09034,1.08997,1.0902,824670000,8
1616689920000,1616690399000,1.09023,1.09044,1.09018,1.09034,758730000,8
1616690400000,1616690879000,1.09034,1.09067,1.0902,1.09064,874190000,8
1616690880000,1616691359000,1.09064,1.09078,1.09042,1.0905,857920000,8
1616691360000,1616691839000,1.09049,1.09066,1.09,1.09003,1392230000,8
1616691840000,1616692319000,1.09003,1.09009,1.08944,1.08957,1245040000,8
1616692320000,1616692799000,1.08957,1.08984,1.08946,1.08972,1461770000,8
1616692800000,1616693279000,1.08973,1.08991,1.08967,1.08974,1012350000,8
1616693280000,1616693759000,1.08974,1.09013,1.0897,1.08991,1116520000,8
1616693760000,1616694239000,1.08992,1.09044,1.08989,1.09043,1430970000,8
1616694240000,1616694719000,1.09044,1.09057,1.09017,1.09019,1145690000,8
1616694720000,1616695199000,1.09019,1.09029,1.08974,1.08977,1115340000,8
1616695200000,1616695679000,1.0896,1.09003,1.0895,1.08984,912430000,8
1616695680000,1616696159000,1.08985,1.09003,1.08971,1.08978,896120000,8
1616696160000,1616696639000,1.08976,1.0899,1.08961,1.0897,1016980000,8
1616696640000,1616697119000,1.0897,1.08989,1.08964,1.08986,922790000,8
1616697120000,1616697599000,1.08986,1.09027,1.08981,1.09021,814120000,8
1616697600000,1616698079000,1.09022,1.09029,1.08975,1.08978,838260000,8
1616698080000,1616698559000,1.08976,1.09008,1.08976,1.08992,780490000,8
1616698560000,1616699039000,1.0899,1.09,1.08973,1.08987,1273850000,8
1616699040000,1616699519000,1.08992,1.08992,1.08949,1.08958,663660000,8
1616699520000,1616699999000,1.08957,1.08992,1.08948,1.08951,827720000,8
1616700000000,1616700479000,1.08953,1.08967,1.08928,1.08954,641160000,8
1616700480000,1616700959000,1.08954,1.08983,1.08937,1.08972,512990000,8
1616700960000,1616701439000,1.0897,1.09007,1.0897,1.08991,426800000,8
1616701440000,1616701919000,1.08993,1.09015,1.08989,1.08999,425000000,8
1616701920000,1616702399000,1.08999,1.09013,1.08972,1.08988,561050000,8
1616702400000,1616702879000,1.08989,1.0902,1.08987,1.09017,369140000,8
1616702880000,1616703359000,1.09015,1.0903,1.09015,1.09022,225100000,8
1616703360000,1616703839000,1.09022,1.09037,1.09018,1.09029,128080000,8
1616703840000,1616704319000,1.09027,1.09031,1.09022,1.0903,78500000,8
1616704320000,1616704799000,1.09028,1.0905,1.09024,1.09044,236640000,8
1616704800000,1616705279000,1.09044,1.09055,1.09042,1.09055,225460000,8
1616705280000,1616705759000,1.09053,1.09055,1.09016,1.09041,311290000,8
1616705760000,1616706239000,1.0904,1.09047,1.09007,1.09026,272360000,8
1616706240000,1616706719000,1.08997,1.09033,1.08997,1.08997,26920000,8
1616706720000,1616707199000,1.08997,1.09049,1.08997,1.09014,70060000,8
1616707200000,1616707679000,1.09018,1.09028,1.08997,1.08997,23500000,8
1616707680000,1616708159000,1.08999,1.09013,1.08991,1.08991,41320000,8
1616708160000,1616708639000,1.08991,1.08991,1.08962,1.08962,18250000,8
1616708640000,1616709119000,1.08962,1.0901,1.08954,1.0901,78250000,8
1616709120000,1616709599000,1.09019,1.09044,1.08962,1.08962,128470000,8
1616709600000,1616710079000,1.08963,1.09043,1.08957,1.09038,543300000,8
1616710080000,1616710559000,1.09038,1.0907,1.09027,1.09033,449750000,8
1616710560000,1616711039000,1.09036,1.09038,1.09006,1.09023,217000000,8
1616711040000,1616711519000,1.0902,1.09024,1.09014,1.09014,93750000,8
1616711520000,1616711999000,1.09013,1.09025,1.09013,1.09019,72000000,8
1616712000000,1616712479000,1.09016,1.09025,1.0899,1.08997,212750000,8
1616712480000,1616712959000,1.08999,1.09032,1.08995,1.09031,110750000,8
1616712960000,1616713439000,1.09032,1.09043,1.08998,1.09007,201990000,8
1616713440000,1616713919000,1.09007,1.09017,1.09003,1.09011,149000000,8
1616713920000,1616714399000,1.09012,1.09023,1.09,1.09019,213960000,8
1616714400000,1616714879000,1.09019,1.09021,1.08995,1.08996,126850000,8
1616714880000,1616715359000,1.08997,1.0901,1.08959,1.08972,328490000,8
1616715360000,1616715839000,1.08973,1.09002,1.08973,1.08991,227790000,8
1616715840000,1616716319000,1.0899,1.0901,1.08984,1.08987,204350000,8
1616716320000,1616716799000,1.08986,1.08999,1.08981,1.08996,164080000,8
1616716800000,1616717279000,1.08996,1.08996,1.08934,1.08985,818550000,8
1616717280000,1616717759000,1.08984,1.09031,1.08984,1.08993,502190000,8
1616717760000,1616718239000,1.08995,1.08995,1.08965,1.08981,511330000,8
1616718240000,1616718719000,1.08986,1.09002,1.08982,1.09,320980000,8
1616718720000,1616719199000,1.09001,1.09005,1.08982,1.0899,281110000,8
1616719200000,1616719679000,1.08992,1.09008,1.0899,1.08992,242320000,8
1616719680000,1616720159000,1.08992,1.09,1.08945,1.08979,512590000,8
1616720160000,1616720639000,1.0898,1.08995,1.08967,1.0899,276260000,8
1616720640000,1616721119000,1.08989,1.08996,1.08962,1.08985,286090000,8
1616721120000,1616721599000,1.08984,1.08987,1.08923,1.08951,338430000,8
1616721600000,1616722079000,1.08951,1.08973,1.08951,1.08969,244780000,8
1616722080000,1616722559000,1.08967,1.08997,1.08957,1.08964,425130000,8
1616722560000,1616723039000,1.08962,1.08998,1.08957,1.08986,414810000,8
1616723040000,1616723519000,1.08988,1.0904,1.08984,1.0902,449470000,8
1616723520000,1616723999000,1.0902,1.09037,1.09003,1.09035,566400000,8
1616724000000,1616724479000,1.09037,1.09059,1.09021,1.09037,500970000,8
1616724480000,1616724959000,1.09038,1.09065,1.09035,1.09055,326180000,8
1616724960000,1616725439000,1.09059,1.0909,1.09057,1.09084,204940000,8
1616725440000,1616725919000,1.09088,1.09097,1.09068,1.09075,369110000,8
1616725920000,1616726399000,1.09075,1.09113,1.09066,1.09106,410900000,8
1616726400000,1616726879000,1.09108,1.09132,1.091,1.0913,328240000,8
1616726880000,1616727359000,1.09129,1.09133,1.09104,1.09111,271300000,8
1616727360000,1616727839000,1.09112,1.09123,1.09104,1.09114,193190000,8
1616727840000,1616728319000,1.09114,1.09124,1.09107,1.09111,128270000,8
1616728320000,1616728799000,1.09111,1.09132,1.0911,1.09126,171060000,8
1616728800000,1616729279000,1.09126,1.09154,1.09125,1.0915,231650000,8
1616729280000,1616729759000,1.09149,1.09174,1.09146,1.09171,185660000,8
1616729760000,1616730239000,1.0917,1.09188,1.09164,1.09174,258300000,8
1616730240000,1616730719000,1.09176,1.09205,1.09171,1.09205,592660000,8
1616730720000,1616731199000,1.09205,1.09232,1.09192,1.09196,425380000,8
1616731200000,1616731679000,1.09197,1.09207,1.09188,1.09205,305280000,8
1616731680000,1616732159000,1.09203,1.09228,1.09203,1.09226,272790000,8
1616732160000,1616732639000,1.09226,1.09235,1.0922,1.0922,74500000,8
1616732640000,1616733119000,1.09222,1.09225,1.0919,1.0919,197220000,8
1616733120000,1616733599000,1.0919,1.09202,1.09184,1.09189,404310000,8
1616733600000,1616734079000,1.09189,1.09194,1.09164,1.09174,355760000,8
1616734080000,1616734559000,1.09174,1.09175,1.09131,1.09131,237830000,8
1616734560000,1616735039000,1.09132,1.09152,1.0913,1.09149,129560000,8
1616735040000,1616735519000,1.09149,1.09149,1.09117,1.09143,175870000,8
1616735520000,1616735999000,1.09141,1.09141,1.09122,1.09139,121200000,8
1616736000000,1616736479000,1.09137,1.09137,1.09122,1.09124,67250000,8
1616736480000,1616736959000,1.09123,1.09138,1.0912,1.09136,134800000,8
1616736960000,1616737439000,1.09134,1.09162,1.09126,1.09128,313290000,8
1616737440000,1616737919000,1.09129,1.09153,1.09129,1.09136,388510000,8
1616737920000,1616738399000,1.09139,1.09163,1.09134,1.0916,345450000,8
1616738400000,1616738879000,1.09158,1.0918,1.09153,1.09165,479570000,8
1616738880000,1616739359000,1.09164,1.09175,1.09142,1.0915,239720000,8
1616739360000,1616739839000,1.09149,1.0918,1.09145,1.09159,180250000,8
1616739840000,1616740319000,1.09161,1.09162,1.09124,1.0914,193750000,8
1616740320000,1616740799000,1.09139,1.09162,1.09131,1.09156,218250000,8
1616740800000,1616741279000,1.09157,1.09191,1.09152,1.09182,465820000,8
1616741280000,1616741759000,1.09182,1.09182,1.09136,1.09144,377310000,8
1616741760000,1616742239000,1.09144,1.092,1.09144,1.09184,751000000,8
1616742240000,1616742719000,1.09184,1.09223,1.09169,1.09223,603340000,8
1616742720000,1616743199000,1.09221,1.09259,1.09214,1.09254,281050000,8
1616743200000,1616743679000,1.09256,1.09269,1.09237,1.09258,494600000,8
1616743680000,1616744159000,1.0926,1.09272,1.09247,1.09271,578170000,8
1616744160000,1616744639000,1.0927,1.09296,1.0924,1.0924,515360000,8
1616744640000,1616745119000,1.0924,1.09248,1.09211,1.09221,742920000,8
1616745120000,1616745599000,1.0922,1.09233,1.09198,1.09213,521250000,8
1616745600000,1616746079000,1.09214,1.09236,1.09174,1.09176,840190000,8
1616746080000,1616746559000,1.09178,1.09184,1.0915,1.09163,739920000,8
1616746560000,1616747039000,1.09163,1.09175,1.09139,1.09145,727950000,8
1616747040000,1616747519000,1.09143,1.09172,1.0914,1.09172,733850000,8
1616747520000,1616747999000,1.09172,1.09172,1.09057,1.0908,858030000,8
1616748000000,1616748479000,1.09079,1.09122,1.09067,1.09122,537280000,8
1616748480000,1616748959000,1.09122,1.09124,1.091,1.09106,356930000,8
1616748960000,1616749439000,1.09106,1.09108,1.09067,1.09073,739820000,8
1616749440000,1616749919000,1.09075,1.09082,1.0904,1.09052,772900000,8
1616749920000,1616750399000,1.09053,1.0909,1.0905,1.09076,882070000,8
1616750400000,1616750879000,1.09077,1.09088,1.09038,1.09043,681800000,8
1616750880000,1616751359000,1.09043,1.09049,1.09003,1.09023,654180000,8
1616751360000,1616751839000,1.09023,1.09028,1.09001,1.09025,626710000,8
1616751840000,1616752319000,1.09024,1.09038,1.09011,1.09018,461010000,8
1616752320000,1616752799000,1.09018,1.09025,1.08935,1.08946,583890000,8
1616752800000,1616753279000,1.08948,1.08965,1.08931,1.08934,556380000,8
1616753280000,1616753759000,1.08933,1.08941,1.08909,1.08937,477920000,8
1616753760000,1616754239000,1.08937,1.08947,1.08929,1.08939,418890000,8
1616754240000,1616754719000,1.08938,1.08948,1.08918,1.0893,679730000,8
1616754720000,1616755199000,1.0893,1.08947,1.08917,1.08934,502710000,8
1616755200000,1616755679000,1.08935,1.08954,1.08913,1.08921,428300000,8
1616755680000,1616756159000,1.0892,1.08937,1.08906,1.08936,445360000,8
1616756160000,1616756639000,1.08937,1.09026,1.08932,1.09017,920030000,8
1616756640000,1616757119000,1.09019,1.0902,1.08969,1.08974,781530000,8
1616757120000,1616757599000,1.08974,1.09004,1.08957,1.08964,675670000,8
1616757600000,1616758079000,1.08966,1.08982,1.08938,1.08976,791000000,8
1616758080000,1616758559000,1.08976,1.09005,1.08972,1.08976,522380000,8
1616758560000,1616759039000,1.08976,1.08996,1.08973,1.08986,471810000,8
1616759040000,1616759519000,1.08988,1.09008,1.08977,1.08981,525590000,8
1616759520000,1616759999000,1.08982,1.09036,1.08976,1.09027,621830000,8
1616760000000,1616760479000,1.09027,1.09027,1.08994,1.08997,569890000,8
1616760480000,1616760959000,1.08997,1.09002,1.08962,1.08974,403980000,8
1616760960000,1616761439000,1.08974,1.08993,1.08963,1.08988,683880000,8
1616761440000,1616761919000,1.08984,1.08998,1.0894,1.08958,781370000,8
1616761920000,1616762399000,1.08958,1.09009,1.08944,1.09004,1065880000,8
1616762400000,1616762879000,1.09003,1.09042,1.09002,1.09033,843600000,8
1616762880000,1616763359000,1.09032,1.09035,1.0901,1.09024,687460000,8
1616763360000,1616763839000,1.09025,1.09058,1.09014,1.09046,436280000,8
1616763840000,1616764319000,1.09045,1.09054,1.08994,1.0905,713570000,8
1616764320000,1616764799000,1.09051,1.09074,1.09029,1.09041,750510000,8
1616764800000,1616765279000,1.0904,1.09053,1.09021,1.09043,1003830000,8
1616765280000,1616765759000,1.09044,1.09093,1.09039,1.09091,871170000,8
1616765760000,1616766239000,1.09091,1.09107,1.0906,1.0908,719310000,8
1616766240000,1616766719000,1.0908,1.09134,1.09077,1.09113,657600000,8
1616766720000,1616767199000,1.09117,1.09117,1.09056,1.0908,1013940000,8
1616767200000,1616767679000,1.09078,1.09116,1.09066,1.09116,897680000,8
1616767680000,1616768159000,1.09115,1.09117,1.09068,1.09109,728180000,8
1616768160000,1616768639000,1.09108,1.09127,1.09091,1.09097,754220000,8
1616768640000,1616769119000,1.09098,1.09166,1.09093,1.09166,694350000,8
1616769120000,1616769599000,1.09163,1.09167,1.09116,1.09117,691600000,8
1616769600000,1616770079000,1.09118,1.09123,1.09078,1.09083,703260000,8
1616770080000,1616770559000,1.09082,1.09108,1.09058,1.09069,677180000,8
1616770560000,1616771039000,1.09069,1.09092,1.09053,1.09072,768610000,8
1616771040000,1616771519000,1.0907,1.09081,1.09055,1.09069,586740000,8
1616771520000,1616771999000,1.09069,1.09076,1.09036,1.09045,930090000,8
1616772000000,1616772479000,1.09045,1.09073,1.0904,1.09063,566090000,8
1616772480000,1616772959000,1.09062,1.09076,1.09055,1.09067,686050000,8
1616772960000,1616773439000,1.09067,1.09069,1.09039,1.0905,439280000,8
1616773440000,1616773919000,1.09049,1.09097,1.09045,1.09064,727220000,8
1616773920000,1616774399000,1.09065,1.09092,1.09021,1.0903,1069420000,8
1616774400000,1616774879000,1.09031,1.09046,1.09015,1.09037,889370000,8
1616774880000,1616775359000,1.09036,1.09051,1.09015,1.09049,630340000,8
1616775360000,1616775839000,1.09049,1.09058,1.09038,1.0905,318210000,8
1616775840000,1616776319000,1.09046,1.09064,1.09026,1.09032,284950000,8
1616776320000,1616776799000,1.09031,1.09069,1.09028,1.09055,442670000,8
1616776800000,1616777279000,1.09055,1.09089,1.09054,1.09085,347700000,8
1616777280000,1616777759000,1.09086,1.09105,1.0908,1.09097,462300000,8
1616777760000,1616778239000,1.09098,1.091,1.09075,1.09098,502770000,8
1616778240000,1616778719000,1.09098,1.09118,1.09098,1.09114,469220000,8
1616778720000,1616779199000,1.09114,1.09121,1.09103,1.09113,450530000,8
1616779200000,1616779679000,1.09112,1.09115,1.09101,1.09103,438450000,8
1616779680000,1616780159000,1.09103,1.09129,1.09094,1.09122,572990000,8
1616780160000,1616780639000,1.09124,1.09159,1.09111,1.09119,443780000,8
1616780640000,1616781119000,1.09118,1.09166,1.09118,1.09146,793310000,8
1616781120000,1616781599000,1.09145,1.09148,1.09109,1.09125,807030000,8
1616781600000,1616782079000,1.09122,1.09137,1.09097,1.09106,704440000,8
1616782080000,1616782559000,1.09107,1.09127,1.09088,1.09094,632130000,8
1616782560000,1616783039000,1.09095,1.091,1.09072,1.09076,550000000,8
1616783040000,1616783519000,1.09076,1.09091,1.09045,1.09056,513320000,8
1616783520000,1616783999000,1.09056,1.09084,1.09049,1.09074,550560000,8
1616784000000,1616784479000,1.09074,1.09089,1.09064,1.09073,684940000,8
1616784480000,1616784959000,1.09073,1.09095,1.09065,1.09084,466880000,8
1616784960000,1616785439000,1.09084,1.09089,1.09038,1.09084,882640000,8
1616785440000,1616785919000,1.09082,1.09089,1.09057,1.09072,453020000,8
1616785920000,1616786399000,1.09071,1.09092,1.09056,1.09081,592100000,8
1616786400000,1616786879000,1.09082,1.09096,1.09062,1.09066,752990000,8
1616786880000,1616787359000,1.09065,1.09099,1.09065,1.09098,532890000,8
1616787360000,1616787839000,1.09099,1.09113,1.0909,1.09109,410340000,8
1616787840000,1616788319000,1.09109,1.09145,1.09109,1.09137,471020000,8
1616788320000,1616788799000,1.09136,1.09183,1.09125,1.09182,887840000,8
1616788800000,1616789279000,1.09182,1.09209,1.09164,1.09199,451450000,8
1616789280000,1616789759000,1.092,1.09213,1.0919,1.09209,225870000,8
1616789760000,1616790239000,1.09209,1.09225,1.09208,1.09221,132100000,8
1616790240000,1616790719000,1.09221,1.09229,1.09216,1.09229,175080000,8
1616790720000,1616791199000,1.09229,1.0923,1.09153,1.09156,216360000,8
1616791200000,1616791679000,1.09155,1.09165,1.09112,1.0912,335130000,8
1616791680000,1616792159000,1.09121,1.09167,1.09121,1.09151,513480000,8
1616792160000,1616792639000,1.09152,1.09179,1.09109,1.09119,530370000,8
1616792640000,1616793119000,1.09119,1.09119,1.09119,1.09119,0,8
1616793120000,1616793599000,1.09119,1.09119,1.09119,1.09119,0,8
1616793600000,1616794079000,1.09119,1.09119,1.09119,1.09119,0,8
1616794080000,1616794559000,1.09119,1.09119,1.09119,1.09119,0,8
1616794560000,1616795039000,1.09119,1.09119,1.09119,1.09119,0,8
1616795040000,1616795519000,1.09119,1.09119,1.09119,1.09119,0,8
1616795520000,1616795999000,1.09119,1.09119,1.09119,1.09119,0,8
1616796000000,1616796479000,1.09119,1.09119,1.09119,1.09119,0,8
1616796480000,1616796959000,1.09119,1.09119,1.09119,1.09119,0,8
1616796960000,1616797439000,1.09119,1.09119,1.09119,1.09119,0,8
1616797440000,1616797919000,1.09119,1.09119,1.09119,1.09119,0,8
1616797920000,1616798399000,1.09119,1.09119,1.09119,1.09119,0,8
1616798400000,1616798879000,1.09119,1.09119,1.09119,1.09119,0,8
1616798880000,1616799359000,1.09119,1.09119,1.09119,1.09119,0,8
1616799360000,1616799839000,1.09119,1.09119,1.09119,1.09119,0,8
1616799840000,1616800319000,1.09119,1.09119,1.09119,1.09119,0,8
1616800320000,1616800799000,1.09119,1.09119,1.09119,1.09119,0,8
1616800800000,1616801279000,1.09119,1.09119,1.09119,1.09119,0,8
1616801280000,1616801759000,1.09119,1.09119,1.09119,1.09119,0,8
1616801760000,1616802239000,1.09119,1.09119,1.09119,1.09119,0,8
1616802240000,1616802719000,1.09119,1.09119,1.09119,1.09119,0,8
1616802720000,1616803199000,1.09119,1.09119,1.09119,1.09119,0,8
1616965920000,1616966399000,1.09164,1.09188,1.09161,1.09166,44500000,8
1616966400000,1616966879000,1.09164,1.09177,1.09017,1.09086,86430000,8
1616966880000,1616967359000,1.09087,1.0915,1.09084,1.0911,110250000,8
1616967360000,1616967839000,1.09116,1.09182,1.09113,1.09144,79370000,8
1616967840000,1616968319000,1.09145,1.09189,1.09096,1.09128,67580000,8
1616968800000,1616969279000,1.09157,1.09181,1.09137,1.09168,232700000,8
1616969280000,1616969759000,1.09163,1.092,1.09136,1.0917,464250000,8
1616969760000,1616970239000,1.0917,1.09209,1.09162,1.09183,260500000,8
1616970240000,1616970719000,1.09184,1.09212,1.09182,1.09204,205000000,8
1616970720000,1616971199000,1.09203,1.09216,1.09179,1.09187,277000000,8
1616971200000,1616971679000,1.09188,1.09207,1.09153,1.09202,327000000,8
1616971680000,1616972159000,1.09196,1.09216,1.09176,1.09214,151250000,8
1616972160000,1616972639000,1.09214,1.09228,1.09184,1.09195,410150000,8
1616972640000,1616973119000,1.09195,1.09228,1.09193,1.09224,248230000,8
1616973120000,1616973599000,1.09226,1.09236,1.09212,1.09213,257970000,8
1616973600000,1616974079000,1.09212,1.09233,1.09211,1.09214,232740000,8
1616974080000,1616974559000,1.09214,1.09225,1.09202,1.09224,359540000,8
1616974560000,1616975039000,1.09225,1.09241,1.09212,1.09229,309490000,8
1616975040000,1616975519000,1.09228,1.09229,1.09199,1.09214,346490000,8
1616975520000,1616975999000,1.09214,1.0922,1.09195,1.09197,179000000,8
1616976000000,1616976479000,1.09194,1.09215,1.09184,1.09201,265760000,8
1616976480000,1616976959000,1.09204,1.09209,1.09167,1.09181,217870000,8
1616976960000,1616977439000,1.09177,1.09189,1.09158,1.09165,256480000,8
1616977440000,1616977919000,1.09164,1.09169,1.09144,1.09159,385220000,8
1616977920000,1616978399000,1.09159,1.09204,1.09156,1.09197,370900000,8
1616978400000,1616978879000,1.09196,1.09217,1.09191,1.09214,251750000,8
1616978880000,1616979359000,1.09214,1.09252,1.09214,1.09239,693770000,8
1616979360000,1616979839000,1.09239,1.09243,1.09216,1.0923,314970000,8
1616979840000,1616980319000,1.09225,1.0925,1.09213,1.09242,388720000,8
1616980320000,1616980799000,1.09243,1.09261,1.09227,1.09231,554660000,8
1616980800000,1616981279000,1.09231,1.09239,1.092,1.09213,492050000,8
1616981280000,1616981759000,1.09214,1.09218,1.09172,1.09175,368380000,8
1616981760000,1616982239000,1.09176,1.09227,1.09176,1.09216,514370000,8
1616982240000,1616982719000,1.09216,1.09243,1.09204,1.09233,599410000,8
1616982720000,1616983199000,1.09232,1.09261,1.09214,1.09238,461740000,8
1616983200000,1616983679000,1.09238,1.09268,1.09234,1.0925,424460000,8
1616983680000,1616984159000,1.09249,1.09265,1.0923,1.09243,438270000,8
1616984160000,1616984639000,1.09244,1.09261,1.09235,1.09242,372250000,8
1616984640000,1616985119000,1.09241,1.09276,1.09227,1.09273,469230000,8
1616985120000,1616985599000,1.09271,1.0928,1.09255,1.09279,397690000,8
1616985600000,1616986079000,1.09279,1.09292,1.0926,1.0926,258100000,8
1616986080000,1616986559000,1.0926,1.09281,1.0925,1.09261,275480000,8
1616986560000,1616987039000,1.09259,1.09275,1.09258,1.09262,210460000,8
1616987040000,1616987519000,1.09262,1.0929,1.09257,1.09275,250170000,8
1616987520000,1616987999000,1.09273,1.09275,1.09248,1.09254,365290000,8
1616988000000,1616988479000,1.09255,1.09264,1.09249,1.09256,180360000,8
1616988480000,1616988959000,1.09258,1.09267,1.09254,1.09261,161160000,8
1616988960000,1616989439000,1.09261,1.09287,1.09259,1.09273,254920000,8
1616989440000,1616989919000,1.09273,1.09284,1.0927,1.09281,118110000,8
1616989920000,1616990399000,1.09282,1.09288,1.09279,1.09283,114540000,8
1616990400000,1616990879000,1.09283,1.09295,1.09273,1.09275,169180000,8
1616990880000,1616991359000,1.09276,1.0928,1.09234,1.09237,192610000,8
1616991360000,1616991839000,1.09237,1.09254,1.09209,1.09223,204500000,8
1616991840000,1616992319000,1.09221,1.09241,1.09212,1.0922,156850000,8
1616992320000,1616992799000,1.09218,1.09251,1.09218,1.09236,146380000,8
1616992800000,1616993279000,1.09236,1.09256,1.09227,1.09245,212420000,8
1616993280000,1616993759000,1.09244,1.09255,1.09238,1.09247,183030000,8
1616993760000,1616994239000,1.09248,1.09266,1.09233,1.09242,281250000,8
1616994240000,1616994719000,1.09243,1.0926,1.09224,1.09224,570480000,8
1616994720000,1616995199000,1.09225,1.09227,1.09183,1.09203,562800000,8
1616995200000,1616995679000,1.09202,1.0921,1.09189,1.09197,535210000,8
1616995680000,1616996159000,1.09197,1.09219,1.09179,1.09179,448360000,8
1616996160000,1616996639000,1.09179,1.09184,1.09152,1.09156,441710000,8
1616996640000,1616997119000,1.09156,1.09195,1.09152,1.09188,486490000,8
1616997120000,1616997599000,1.09186,1.09219,1.09183,1.09214,581030000,8
1616997600000,1616998079000,1.0922,1.09243,1.09215,1.0924,754470000,8
1616998080000,1616998559000,1.0924,1.09255,1.09235,1.09239,530590000,8
1616998560000,1616999039000,1.09239,1.09284,1.09228,1.09275,339500000,8
1616999040000,1616999519000,1.09277,1.09279,1.0923,1.09265,465750000,8
1616999520000,1616999999000,1.09265,1.09265,1.09224,1.09246,394260000,8
1617000000000,1617000479000,1.09247,1.09259,1.09241,1.09259,374190000,8
1617000480000,1617000959000,1.09258,1.09316,1.09257,1.09312,300100000,8
1617000960000,1617001439000,1.09314,1.09404,1.09313,1.09372,702750000,8
1617001440000,1617001919000,1.09371,1.09399,1.09366,1.09399,483550000,8
1617001920000,1617002399000,1.09399,1.09434,1.09394,1.0943,525280000,8
1617002400000,1617002879000,1.09428,1.09449,1.09428,1.09442,515320000,8
1617002880000,1617003359000,1.0944,1.0946,1.09413,1.09414,631610000,8
1617003360000,1617003839000,1.09415,1.09421,1.09395,1.09395,367720000,8
1617003840000,1617004319000,1.09396,1.09411,1.09373,1.09386,726640000,8
1617004320000,1617004799000,1.09386,1.0939,1.09343,1.09352,607680000,8
1617004800000,1617005279000,1.09351,1.09356,1.09326,1.09345,510560000,8
1617005280000,1617005759000,1.09346,1.09351,1.09325,1.09351,587580000,8
1617005760000,1617006239000,1.0935,1.09396,1.09333,1.09366,960550000,8
1617006240000,1617006719000,1.09366,1.09408,1.09364,1.09401,702510000,8
1617006720000,1617007199000,1.09401,1.09405,1.0933,1.09334,741810000,8
1617007200000,1617007679000,1.09333,1.09368,1.09312,1.09366,521460000,8
1617007680000,1617008159000,1.09367,1.09382,1.09365,1.09375,494450000,8
1617008160000,1617008639000,1.09374,1.09379,1.09354,1.09366,445710000,8
1617008640000,1617009119000,1.09366,1.09381,1.09355,1.09375,557340000,8
1617009120000,1617009599000,1.09374,1.0938,1.09348,1.09351,500750000,8
1617009600000,1617010079000,1.09356,1.09358,1.09335,1.09342,328600000,8
1617010080000,1617010559000,1.09342,1.09348,1.09322,1.0933,393060000,8
1617010560000,1617011039000,1.09332,1.09341,1.09284,1.09292,451960000,8
1617011040000,1617011519000,1.09291,1.09315,1.09286,1.09313,552500000,8
1617011520000,1617011999000,1.09311,1.09314,1.09287,1.09297,690330000,8
1617012000000,1617012479000,1.09294,1.093,1.09275,1.09287,315200000,8
1617012480000,1617012959000,1.09285,1.09302,1.09277,1.09288,465810000,8
1617012960000,1617013439000,1.09289,1.09314,1.09222,1.09245,772790000,8
1617013440000,1617013919000,1.09246,1.09279,1.09234,1.09272,439820000,8
1617013920000,1617014399000,1.09274,1.09281,1.09241,1.09242,372570000,8
1617014400000,1617014879000,1.09243,1.09269,1.09242,1.09257,294620000,8
1617014880000,1617015359000,1.09255,1.09274,1.09245,1.09249,224750000,8
1617015360000,1617015839000,1.09247,1.09248,1.09203,1.09211,347390000,8
1617015840000,1617016319000,1.09212,1.09242,1.09209,1.09237,257000000,8
1617016320000,1617016799000,1.09237,1.09279,1.09222,1.09273,393680000,8
1617016800000,1617017279000,1.09273,1.09301,1.09269,1.09288,347210000,8
1617017280000,1617017759000,1.09291,1.09294,1.09261,1.09278,588790000,8
1617017760000,1617018239000,1.09278,1.09278,1.09235,1.09235,367490000,8
1617018240000,1617018719000,1.09236,1.09273,1.09236,1.09254,288400000,8
1617018720000,1617019199000,1.09253,1.09267,1.0924,1.0926,306480000,8
1617019200000,1617019679000,1.09259,1.09262,1.09206,1.09208,534110000,8
1617019680000,1617020159000,1.09209,1.09212,1.0912,1.09154,605330000,8
1617020160000,1617020639000,1.09155,1.09159,1.09088,1.09124,579380000,8
1617020640000,1617021119000,1.09124,1.0916,1.09122,1.09153,542490000,8
1617021120000,1617021599000,1.09153,1.09197,1.09143,1.09174,558200000,8
1617021600000,1617022079000,1.09175,1.0918,1.09145,1.09147,451230000,8
1617022080000,1617022559000,1.09149,1.09155,1.09131,1.09136,492780000,8
1617022560000,1617023039000,1.09136,1.09162,1.09126,1.0915,562830000,8
1617023040000,1617023519000,1.0915,1.09199,1.09149,1.09197,639490000,8
1617023520000,1617023999000,1.09195,1.09202,1.09149,1.09151,479760000,8
1617024000000,1617024479000,1.09151,1.0916,1.09134,1.09148,478830000,8
1617024480000,1617024959000,1.09148,1.09177,1.09134,1.09141,1298580000,8
1617024960000,1617025439000,1.0914,1.09184,1.09132,1.09179,1011200000,8
1617025440000,1617025919000,1.09181,1.09219,1.09175,1.09208,1102880000,8
1617025920000,1617026399000,1.09209,1.0921,1.09152,1.09179,1515290000,8
1617026400000,1617026879000,1.09179,1.09184,1.09099,1.091,1623220000,8
1617026880000,1617027359000,1.091,1.09109,1.09072,1.09076,519120000,8
1617027360000,1617027839000,1.09077,1.09085,1.09061,1.09067,735680000,8
1617027840000,1617028319000,1.09067,1.09082,1.09043,1.09046,702870000,8
1617028320000,1617028799000,1.09044,1.09053,1.09006,1.09048,1133790000,8
1617028800000,1617029279000,1.09049,1.09079,1.09036,1.09048,1466490000,8
1617029280000,1617029759000,1.09048,1.09048,1.09013,1.09029,1394900000,8
1617029760000,1617030239000,1.09032,1.09079,1.09006,1.09071,1186770000,8
1617030240000,1617030719000,1.09069,1.09083,1.09033,1.09047,820390000,8
1617030720000,1617031199000,1.09047,1.09053,1.0902,1.09044,960470000,8
1617031200000,1617031679000,1.09044,1.09046,1.08989,1.08989,786070000,8
1617031680000,1617032159000,1.08994,1.09016,1.08982,1.08988,669550000,8
1617032160000,1617032639000,1.08988,1.08996,1.08935,1.08943,681350000,8
1617032640000,1617033119000,1.08943,1.08972,1.08937,1.08937,682510000,8
1617033120000,1617033599000,1.08937,1.08969,1.08928,1.08966,467600000,8
1617033600000,1617034079000,1.08967,1.08981,1.08956,1.08964,696790000,8
1617034080000,1617034559000,1.08963,1.08968,1.08921,1.08922,636440000,8
1617034560000,1617035039000,1.08922,1.08934,1.08901,1.08921,480050000,8
1617035040000,1617035519000,1.08918,1.0893,1.08912,1.08913,474180000,8
1617035520000,1617035999000,1.08913,1.08944,1.08903,1.08934,480520000,8
1617036000000,1617036479000,1.08933,1.08944,1.08923,1.08923,487160000,8
1617036480000,1617036959000,1.08923,1.08963,1.08921,1.08953,613430000,8
1617036960000,1617037439000,1.08952,1.08972,1.08941,1.0897,655180000,8
1617037440000,1617037919000,1.08971,1.08993,1.08967,1.08979,435040000,8
1617037920000,1617038399000,1.0898,1.08985,1.08962,1.08963,437120000,8
1617038400000,1617038879000,1.08964,1.08965,1.08949,1.08963,441740000,8
1617038880000,1617039359000,1.08964,1.08983,1.08955,1.08982,524100000,8
1617039360000,1617039839000,1.08984,1.09008,1.08982,1.09001,339070000,8
1617039840000,1617040319000,1.09002,1.09009,1.08993,1.09002,338540000,8
1617040320000,1617040799000,1.09003,1.09014,1.08978,1.08998,453480000,8
1617040800000,1617041279000,1.08983,1.09213,1.08945,1.09002,752450000,8
1617041280000,1617041759000,1.09001,1.09003,1.08968,1.08989,471090000,8
1617041760000,1617042239000,1.0899,1.09023,1.08983,1.09013,369390000,8
1617042240000,1617042719000,1.09012,1.09032,1.09012,1.09014,559080000,8
1617042720000,1617043199000,1.09013,1.09031,1.09007,1.09019,576550000,8
1617043200000,1617043679000,1.09018,1.09038,1.09011,1.09027,529690000,8
1617043680000,1617044159000,1.09027,1.09046,1.09014,1.09043,737820000,8
1617044160000,1617044639000,1.09043,1.09067,1.09027,1.09063,765830000,8
1617044640000,1617045119000,1.09063,1.09104,1.09057,1.09104,518430000,8
1617045120000,1617045599000,1.09104,1.09115,1.09092,1.09097,414430000,8
1617045600000,1617046079000,1.09097,1.09109,1.09074,1.09085,492370000,8
1617046080000,1617046559000,1.09083,1.09095,1.09071,1.09073,361790000,8
1617046560000,1617047039000,1.09075,1.0908,1.09063,1.09068,336970000,8
1617047040000,1617047519000,1.09069,1.09083,1.09058,1.0906,442660000,8
1617047520000,1617047999000,1.09059,1.09064,1.09028,1.09044,509830000,8
1617048000000,1617048479000,1.09043,1.09072,1.09039,1.09046,338670000,8
1617048480000,1617048959000,1.09045,1.09052,1.09036,1.0904,196100000,8
1617048960000,1617049439000,1.09039,1.09052,1.09037,1.09039,97760000,8
1617049440000,1617049919000,1.09039,1.09057,1.09036,1.09051,129170000,8
1617049920000,1617050399000,1.0905,1.09056,1.09047,1.09048,70400000,8
1617050400000,1617050879000,1.09048,1.09065,1.09041,1.09059,186040000,8
1617050880000,1617051359000,1.09062,1.09067,1.09034,1.0904,353360000,8
1617051360000,1617051839000,1.09038,1.09046,1.09009,1.09009,154000000,8
1617051840000,1617052319000,1.09009,1.09023,1.09009,1.09023,6250000,8
1617052320000,1617052799000,1.09023,1.09023,1.09017,1.09017,8750000,8
1617052800000,1617053279000,1.09017,1.09095,1.09017,1.09057,52540000,8
1617053280000,1617053759000,1.09057,1.09063,1.09057,1.09063,25600000,8
1617053760000,1617054239000,1.09062,1.09085,1.09057,1.09057,17750000,8
1617054240000,1617054719000,1.09057,1.09094,1.09057,1.09082,43000000,8
1617054720000,1617055199000,1.09079,1.09106,1.09074,1.0909,47750000,8
1617055200000,1617055679000,1.09088,1.09104,1.0905,1.09067,327620000,8
1617055680000,1617056159000,1.0907,1.0907,1.09024,1.09039,189620000,8
1617056160000,1617056639000,1.09039,1.09045,1.09037,1.09038,82740000,8
1617056640000,1617057119000,1.09035,1.09047,1.09015,1.0902,101440000,8
1617057120000,1617057599000,1.09019,1.09019,1.08984,1.08991,116850000,8
1617057600000,1617058079000,1.0899,1.08999,1.08974,1.08981,143100000,8
1617058080000,1617058559000,1.08984,1.09,1.08978,1.08983,93100000,8
1617058560000,1617059039000,1.08983,1.08999,1.0897,1.08994,175960000,8
1617059040000,1617059519000,1.08994,1.09003,1.08994,1.09002,118620000,8
1617059520000,1617059999000,1.09001,1.09018,1.08998,1.09018,178580000,8
1617060000000,1617060479000,1.0902,1.09039,1.0902,1.09039,100470000,8
1617060480000,1617060959000,1.09037,1.09053,1.09036,1.09053,152090000,8
1617060960000,1617061439000,1.09052,1.09061,1.0904,1.0904,116500000,8
1617061440000,1617061919000,1.0904,1.0904,1.08984,1.09019,233670000,8
1617061920000,1617062399000,1.09018,1.09019,1.08979,1.08979,180420000,8
1617062400000,1617062879000,1.08979,1.08987,1.08957,1.08958,264290000,8
1617062880000,1617063359000,1.08959,1.08982,1.0895,1.08962,264930000,8
1617063360000,1617063839000,1.08961,1.08987,1.0896,1.08982,244180000,8
1617063840000,1617064319000,1.08983,1.08983,1.08953,1.08958,486780000,8
1617064320000,1617064799000,1.08953,1.09001,1.08947,1.08991,520960000,8
1617064800000,1617065279000,1.08992,1.08994,1.08961,1.08961,396610000,8
1617065280000,1617065759000,1.08961,1.08968,1.08922,1.08935,350020000,8
1617065760000,1617066239000,1.08936,1.08965,1.08929,1.08957,332850000,8
1617066240000,1617066719000,1.08956,1.08981,1.08952,1.08975,200550000,8
1617066720000,1617067199000,1.08975,1.08985,1.08968,1.08978,312980000,8
1617067200000,1617067679000,1.08978,1.08992,1.08975,1.08983,295010000,8
1617067680000,1617068159000,1.08984,1.09017,1.08983,1.09017,463650000,8
1617068160000,1617068639000,1.09014,1.09015,1.08998,1.09007,287520000,8
1617068640000,1617069119000,1.09006,1.09038,1.08999,1.09029,435760000,8
1617069120000,1617069599000,1.09028,1.09048,1.09028,1.09039,481970000,8
1617069600000,1617070079000,1.0904,1.09043,1.09025,1.09033,351650000,8
1617070080000,1617070559000,1.09032,1.09049,1.0903,1.0903,248470000,8
1617070560000,1617071039000,1.0903,1.09045,1.09024,1.09025,363040000,8
1617071040000,1617071519000,1.09023,1.09032,1.08976,1.08979,566500000,8
1617071520000,1617071999000,1.08979,1.08985,1.0894,1.08943,277320000,8
1617072000000,1617072479000,1.08947,1.08952,1.08908,1.08916,359260000,8
1617072480000,1617072959000,1.08916,1.08917,1.08875,1.08895,331770000,8
1617072960000,1617073439000,1.08895,1.08901,1.08864,1.08871,225460000,8
1617073440000,1617073919000,1.08874,1.08886,1.08844,1.08885,264720000,8
1617073920000,1617074399000,1.08884,1.08968,1.08883,1.08962,488340000,8
1617074400000,1617074879000,1.08961,1.08961,1.089,1.08903,317030000,8
1617074880000,1617075359000,1.08905,1.08923,1.08886,1.08914,337830000,8
1617075360000,1617075839000,1.08913,1.08928,1.08898,1.08922,291820000,8
1617075840000,1617076319000,1.08921,1.0894,1.08917,1.08938,378490000,8
1617076320000,1617076799000,1.0894,1.08943,1.08927,1.0893,347160000,8
1617076800000,1617077279000,1.08929,1.08942,1.08914,1.08925,286310000,8
1617077280000,1617077759000,1.08926,1.08939,1.08919,1.08927,208050000,8
1617077760000,1617078239000,1.08926,1.08934,1.08913,1.08926,200200000,8
1617078240000,1617078719000,1.08927,1.0893,1.08905,1.08928,169120000,8
1617078720000,1617079199000,1.08929,1.08932,1.08909,1.0892,215510000,8
1617079200000,1617079679000,1.0892,1.08947,1.08917,1.08929,184000000,8
1617079680000,1617080159000,1.08929,1.08933,1.08913,1.08924,184500000,8
1617080160000,1617080639000,1.08924,1.08924,1.08892,1.08921,240010000,8
1617080640000,1617081119000,1.08918,1.08927,1.08897,1.08926,193610000,8
1617081120000,1617081599000,1.08923,1.08945,1.08914,1.08945,218790000,8
1617081600000,1617082079000,1.08943,1.08954,1.08934,1.08944,230120000,8
1617082080000,1617082559000,1.08944,1.08954,1.08936,1.0894,201000000,8
1617082560000,1617083039000,1.08942,1.0895,1.08936,1.08937,160000000,8
1617083040000,1617083519000,1.08936,1.08948,1.08927,1.08927,241000000,8
1617083520000,1617083999000,1.08927,1.08944,1.08923,1.08939,169000000,8
1617084000000,1617084479000,1.08939,1.08952,1.08924,1.08949,345660000,8
1617084480000,1617084959000,1.08948,1.08988,1.08936,1.08987,382700000,8
1617084960000,1617085439000,1.08987,1.0899,1.08936,1.0897,387200000,8
1617085440000,1617085919000,1.08968,1.08991,1.08953,1.08986,684600000,8
1617085920000,1617086399000,1.08987,1.09004,1.08969,1.08969,540720000,8
1617086400000,1617086879000,1.08972,1.09004,1.08972,1.08979,871510000,8
1617086880000,1617087359000,1.08983,1.09002,1.08979,1.08979,685230000,8
1617087360000,1617087839000,1.0898,1.08984,1.08894,1.08942,1157280000,8
1617087840000,1617088319000,1.08941,1.08959,1.08887,1.08893,907860000,8
1617088320000,1617088799000,1.08892,1.08899,1.08866,1.08871,704260000,8
1617088800000,1617089279000,1.08872,1.08913,1.08862,1.08903,624680000,8
1617089280000,1617089759000,1.08903,1.08915,1.0889,1.08911,564700000,8
1617089760000,1617090239000,1.08909,1.08934,1.08898,1.08923,531360000,8
1617090240000,1617090719000,1.08923,1.0893,1.08893,1.08913,862450000,8
1617090720000,1617091199000,1.08911,1.08947,1.08883,1.08941,649540000,8
1617091200000,1617091679000,1.0894,1.08958,1.08928,1.08942,464290000,8
1617091680000,1617092159000,1.08941,1.08944,1.08924,1.08943,561930000,8
1617092160000,1617092639000,1.08943,1.08951,1.08904,1.08929,453740000,8
1617092640000,1617093119000,1.08929,1.08946,1.0891,1.08943,335910000,8
1617093120000,1617093599000,1.08942,1.08978,1.08929,1.08975,489460000,8
1617093600000,1617094079000,1.08973,1.08983,1.08949,1.08955,404300000,8
1617094080000,1617094559000,1.08955,1.08961,1.08938,1.08947,315930000,8
1617094560000,1617095039000,1.0895,1.08962,1.08941,1.08951,402540000,8
1617095040000,1617095519000,1.08951,1.08961,1.08927,1.08955,309190000,8
1617095520000,1617095999000,1.08953,1.08992,1.08953,1.08964,233000000,8
1617096000000,1617096479000,1.08963,1.08973,1.08951,1.08962,144350000,8
1617096480000,1617096959000,1.08963,1.08963,1.08927,1.0895,277470000,8
1617096960000,1617097439000,1.08948,1.09009,1.08948,1.09004,372750000,8
1617097440000,1617097919000,1.09004,1.09026,1.08991,1.09015,328220000,8
1617097920000,1617098399000,1.09014,1.09021,1.08991,1.08992,338380000,8
1617098400000,1617098879000,1.08989,1.09,1.08974,1.08982,433030000,8
1617098880000,1617099359000,1.08982,1.09002,1.08968,1.08972,461170000,8
1617099360000,1617099839000,1.08972,1.08977,1.08956,1.08959,366500000,8
1617099840000,1617100319000,1.08957,1.08969,1.08945,1.08961,412170000,8
1617100320000,1617100799000,1.08962,1.08991,1.08957,1.08989,289110000,8
1617100800000,1617101279000,1.08989,1.08993,1.08954,1.08958,504500000,8
1617101280000,1617101759000,1.08957,1.08983,1.08913,1.08949,789500000,8
1617101760000,1617102239000,1.0895,1.08969,1.0894,1.08941,599050000,8
1617102240000,1617102719000,1.08941,1.09002,1.08939,1.09,828280000,8
1617102720000,1617103199000,1.08999,1.09019,1.08959,1.09014,919410000,8
1617103200000,1617103679000,1.09015,1.09029,1.08981,1.08983,721410000,8
1617103680000,1617104159000,1.08982,1.09002,1.08971,1.08988,478160000,8
1617104160000,1617104639000,1.08988,1.09032,1.08937,1.08945,940690000,8
1617104640000,1617105119000,1.08944,1.08962,1.08932,1.08951,621740000,8
1617105120000,1617105599000,1.08951,1.0896,1.08933,1.08934,343600000,8
1617105600000,1617106079000,1.08931,1.08968,1.08916,1.08957,639250000,8
1617106080000,1617106559000,1.08956,1.08958,1.08901,1.08911,838880000,8
1617106560000,1617107039000,1.08909,1.08995,1.08909,1.08988,680730000,8
1617107040000,1617107519000,1.08988,1.09003,1.08977,1.08995,471350000,8
1617107520000,1617107999000,1.08994,1.09,1.08966,1.0897,460550000,8
1617108000000,1617108479000,1.08971,1.0899,1.08962,1.08981,567840000,8
1617108480000,1617108959000,1.08981,1.09012,1.08981,1.09003,639300000,8
1617108960000,1617109439000,1.09003,1.09013,1.08963,1.08971,728110000,8
1617109440000,1617109919000,1.08972,1.08992,1.08956,1.08982,510640000,8
1617109920000,1617110399000,1.0898,1.09004,1.08962,1.0899,498030000,8
1617110400000,1617110879000,1.08989,1.09008,1.08978,1.08987,726670000,8
1617110880000,1617111359000,1.08986,1.09013,1.08954,1.08967,1023100000,8
1617111360000,1617111839000,1.08967,1.09024,1.08958,1.09007,811750000,8
1617111840000,1617112319000,1.09009,1.09027,1.08956,1.08968,841230000,8
1617112320000,1617112799000,1.08969,1.09014,1.08949,1.09014,919060000,8
1617112800000,1617113279000,1.09011,1.09043,1.08975,1.08997,1729980000,8
1617113280000,1617113759000,1.08996,1.09052,1.08994,1.09033,957610000,8
1617113760000,1617114239000,1.09031,1.09032,1.09001,1.09013,1012530000,8
1617114240000,1617114719000,1.09013,1.09015,1.08963,1.09001,815620000,8
1617114720000,1617115199000,1.09001,1.09005,1.08959,1.08985,794820000,8
1617115200000,1617115679000,1.08987,1.08997,1.08938,1.08976,852600000,8
1617115680000,1617116159000,1.08975,1.08991,1.08917,1.08928,916540000,8
1617116160000,1617116639000,1.0893,1.08936,1.08786,1.08868,2643850000,8
1617116640000,1617117119000,1.08868,1.08914,1.08854,1.08899,780750000,8
1617117120000,1617117599000,1.08899,1.08916,1.0888,1.08911,586940000,8
1617117600000,1617118079000,1.08912,1.08929,1.08899,1.08906,610300000,8
1617118080000,1617118559000,1.08907,1.0891,1.08838,1.08876,606290000,8
1617118560000,1617119039000,1.08877,1.08887,1.08858,1.08862,487580000,8
1617119040000,1617119519000,1.0886,1.08896,1.08856,1.08867,727760000,8
1617119520000,1617119999000,1.08864,1.08869,1.08838,1.08858,580470000,8
1617120000000,1617120479000,1.08856,1.08858,1.08829,1.08831,671890000,8
1617120480000,1617120959000,1.08831,1.08837,1.08821,1.08826,345320000,8
1617120960000,1617121439000,1.08827,1.08865,1.08827,1.08843,611020000,8
1617121440000,1617121919000,1.08842,1.0885,1.08832,1.08835,613830000,8
1617121920000,1617122399000,1.08836,1.08838,1.088,1.08808,660810000,8
1617122400000,1617122879000,1.08809,1.08837,1.08804,1.08826,442140000,8
1617122880000,1617123359000,1.08826,1.08841,1.08809,1.08812,517640000,8
1617123360000,1617123839000,1.08812,1.08819,1.08802,1.08806,400540000,8
1617123840000,1617124319000,1.08805,1.08809,1.08786,1.08798,268200000,8
1617124320000,1617124799000,1.08798,1.08805,1.08776,1.08803,339780000,8
1617124800000,1617125279000,1.08803,1.08808,1.08775,1.0878,386900000,8
1617125280000,1617125759000,1.08782,1.08782,1.08757,1.08762,436140000,8
1617125760000,1617126239000,1.08762,1.08783,1.0876,1.08764,483140000,8
1617126240000,1617126719000,1.08765,1.08771,1.08754,1.08764,377090000,8
1617126720000,1617127199000,1.08764,1.08783,1.08754,1.08754,413260000,8
1617127200000,1617127679000,1.08745,1.08773,1.0873,1.08769,617370000,8
1617127680000,1617128159000,1.08768,1.08783,1.08757,1.08767,370500000,8
1617128160000,1617128639000,1.08766,1.08783,1.08758,1.08783,300000000,8
1617128640000,1617129119000,1.08786,1.08796,1.08776,1.08789,335290000,8
1617129120000,1617129599000,1.08788,1.08796,1.08779,1.08789,276060000,8
1617129600000,1617130079000,1.08789,1.08789,1.08741,1.08741,308490000,8
1617130080000,1617130559000,1.08741,1.08766,1.08736,1.08761,346380000,8
1617130560000,1617131039000,1.0876,1.08789,1.08757,1.08764,563150000,8
1617131040000,1617131519000,1.08764,1.08778,1.08755,1.08758,386690000,8
1617131520000,1617131999000,1.08757,1.08776,1.0875,1.08776,335210000,8
1617132000000,1617132479000,1.08774,1.08775,1.08743,1.08745,252410000,8
1617132480000,1617132959000,1.08747,1.08748,1.08678,1.08684,459200000,8
1617132960000,1617133439000,1.08686,1.08705,1.08681,1.08704,232360000,8
1617133440000,1617133919000,1.08701,1.08709,1.08685,1.08688,307970000,8
1617133920000,1617134399000,1.08688,1.08703,1.08682,1.08692,479730000,8
1617134400000,1617134879000,1.08693,1.08708,1.08691,1.08694,325150000,8
1617134880000,1617135359000,1.08694,1.08711,1.08693,1.08703,128080000,8
1617135360000,1617135839000,1.08704,1.08718,1.08702,1.08712,95540000,8
1617135840000,1617136319000,1.0871,1.08714,1.08689,1.0871,142410000,8
1617136320000,1617136799000,1.0871,1.08711,1.08699,1.08702,84870000,8
1617136800000,1617137279000,1.08702,1.08731,1.08691,1.0873,260360000,8
1617137280000,1617137759000,1.08731,1.08764,1.08724,1.08762,283720000,8
1617137760000,1617138239000,1.08761,1.08762,1.08691,1.08691,117760000,8
1617138240000,1617138719000,1.08699,1.08762,1.08699,1.08761,11960000,8
1617138720000,1617139199000,1.08761,1.08761,1.08723,1.08744,21890000,8
1617139200000,1617139679000,1.08765,1.08785,1.08753,1.08778,35190000,8
1617139680000,1617140159000,1.08781,1.08786,1.08772,1.08786,38000000,8
1617140160000,1617140639000,1.08784,1.08788,1.08756,1.08767,41000000,8
1617140640000,1617141119000,1.08761,1.08773,1.08759,1.08773,55450000,8
1617141120000,1617141599000,1.08772,1.088,1.08766,1.08777,76000000,8
1617141600000,1617142079000,1.08774,1.08813,1.08757,1.08782,132710000,8
1617142080000,1617142559000,1.08786,1.08799,1.08772,1.08779,104000000,8
1617142560000,1617143039000,1.08778,1.08797,1.08767,1.08796,134750000,8
1617143040000,1617143519000,1.08797,1.08821,1.08795,1.08795,105750000,8
1617143520000,1617143999000,1.08795,1.08797,1.08775,1.08781,116000000,8
1617144000000,1617144479000,1.0878,1.08812,1.08779,1.08804,131750000,8
1617144480000,1617144959000,1.08805,1.08814,1.08791,1.08798,93250000,8
1617144960000,1617145439000,1.08797,1.08802,1.08772,1.08782,217750000,8
1617145440000,1617145919000,1.08783,1.08791,1.08778,1.08785,109690000,8
1617145920000,1617146399000,1.08784,1.08817,1.08784,1.08815,158500000,8
1617146400000,1617146879000,1.08815,1.0885,1.08815,1.08844,120250000,8
1617146880000,1617147359000,1.08845,1.08859,1.08839,1.0884,219250000,8
1617147360000,1617147839000,1.0884,1.08841,1.08818,1.08831,139500000,8
1617147840000,1617148319000,1.0883,1.08857,1.08827,1.08853,222500000,8
1617148320000,1617148799000,1.08853,1.08854,1.08813,1.08817,203250000,8
1617148800000,1617149279000,1.08816,1.0884,1.08801,1.08824,416430000,8
1617149280000,1617149759000,1.08826,1.08849,1.08826,1.08848,319280000,8
1617149760000,1617150239000,1.08847,1.08851,1.08824,1.08849,232280000,8
1617150240000,1617150719000,1.0885,1.08854,1.08816,1.0883,524090000,8
1617150720000,1617151199000,1.08836,1.0891,1.08834,1.08892,429190000,8
1617151200000,1617151679000,1.08892,1.08913,1.08878,1.0889,362830000,8
1617151680000,1617152159000,1.08889,1.08959,1.08864,1.08919,798940000,8
1617152160000,1617152639000,1.08919,1.08927,1.08878,1.08911,619590000,8
1617152640000,1617153119000,1.08912,1.08934,1.08903,1.08904,277540000,8
1617153120000,1617153599000,1.08904,1.08917,1.08888,1.08888,299070000,8
1617153600000,1617154079000,1.08888,1.08911,1.08872,1.08898,356200000,8
1617154080000,1617154559000,1.08899,1.08899,1.0886,1.08872,380250000,8
1617154560000,1617155039000,1.08871,1.08893,1.08868,1.08893,307810000,8
1617155040000,1617155519000,1.0889,1.08909,1.08882,1.08891,399920000,8
1617155520000,1617155999000,1.08892,1.08907,1.08886,1.08901,208830000,8
1617156000000,1617156479000,1.08904,1.08908,1.08885,1.08897,255960000,8
1617156480000,1617156959000,1.08896,1.0892,1.08892,1.08911,238270000,8
1617156960000,1617157439000,1.08912,1.08915,1.08898,1.08914,182440000,8
1617157440000,1617157919000,1.08914,1.08949,1.08901,1.08942,371680000,8
1617157920000,1617158399000,1.08945,1.08949,1.08902,1.08916,323320000,8
1617158400000,1617158879000,1.08916,1.08925,1.0891,1.08923,187570000,8
1617158880000,1617159359000,1.08921,1.08933,1.08909,1.08917,129700000,8
1617159360000,1617159839000,1.08917,1.08925,1.08898,1.08914,351950000,8
1617159840000,1617160319000,1.08913,1.08929,1.08903,1.08918,368790000,8
1617160320000,1617160799000,1.08918,1.08926,1.08905,1.08915,258560000,8
1617160800000,1617161279000,1.08915,1.08968,1.08914,1.08964,195020000,8
1617161280000,1617161759000,1.08966,1.08966,1.08931,1.08939,199150000,8
1617161760000,1617162239000,1.0894,1.08961,1.08938,1.08942,160740000,8
1617162240000,1617162719000,1.08941,1.08941,1.08916,1.08921,148520000,8
1617162720000,1617163199000,1.0892,1.08922,1.08908,1.0892,213740000,8
1617163200000,1617163679000,1.0892,1.08929,1.08904,1.08913,221040000,8
1617163680000,1617164159000,1.08914,1.08944,1.08912,1.08941,178080000,8
1617164160000,1617164639000,1.08941,1.08949,1.08923,1.08926,123400000,8
1617164640000,1617165119000,1.08927,1.08932,1.08912,1.08912,103450000,8
1617165120000,1617165599000,1.08915,1.08915,1.089,1.08908,104120000,8
1617165600000,1617166079000,1.08907,1.08925,1.089,1.08912,188650000,8
1617166080000,1617166559000,1.08908,1.08926,1.08906,1.0891,202020000,8
1617166560000,1617167039000,1.08909,1.08942,1.08905,1.08941,254900000,8
1617167040000,1617167519000,1.08939,1.08944,1.08912,1.08925,344590000,8
1617167520000,1617167999000,1.08926,1.08949,1.08919,1.08941,200970000,8
1617168000000,1617168479000,1.08942,1.08963,1.08912,1.08912,217650000,8
1617168480000,1617168959000,1.08912,1.08934,1.08905,1.08931,188520000,8
1617168960000,1617169439000,1.08932,1.08934,1.08915,1.08921,154580000,8
1617169440000,1617169919000,1.0892,1.08931,1.08904,1.0891,195020000,8
1617169920000,1617170399000,1.08909,1.08923,1.08895,1.08909,271780000,8
1617170400000,1617170879000,1.08909,1.08965,1.08899,1.08959,484240000,8
1617170880000,1617171359000,1.08961,1.08981,1.08954,1.0897,416230000,8
1617171360000,1617171839000,1.0897,1.09001,1.08969,1.08988,510140000,8
1617171840000,1617172319000,1.08986,1.09015,1.08983,1.08991,533170000,8
1617172320000,1617172799000,1.08991,1.09015,1.08978,1.09007,674690000,8
1617172800000,1617173279000,1.09004,1.09006,1.08955,1.08968,826720000,8
1617173280000,1617173759000,1.08968,1.08981,1.08949,1.08957,492320000,8
1617173760000,1617174239000,1.08957,1.08961,1.08926,1.08929,581830000,8
1617174240000,1617174719000,1.08927,1.08942,1.08922,1.08936,463490000,8
1617174720000,1617175199000,1.08937,1.08952,1.08912,1.08929,844930000,8
1617175200000,1617175679000,1.08929,1.0894,1.08897,1.08918,530410000,8
1617175680000,1617176159000,1.08917,1.08929,1.08902,1.0891,391600000,8
1617176160000,1617176639000,1.0891,1.08911,1.08868,1.08869,236860000,8
1617176640000,1617177119000,1.08868,1.08883,1.08857,1.08875,299480000,8
1617177120000,1617177599000,1.08875,1.08886,1.08861,1.08883,440210000,8
1617177600000,1617178079000,1.08882,1.08887,1.08811,1.08819,431600000,8
1617178080000,1617178559000,1.08821,1.0888,1.08815,1.0888,537010000,8
1617178560000,1617179039000,1.08883,1.08885,1.08847,1.08869,464370000,8
1617179040000,1617179519000,1.08867,1.089,1.08862,1.08893,419270000,8
1617179520000,1617179999000,1.08894,1.08916,1.08873,1.08884,519380000,8
1617180000000,1617180479000,1.08884,1.08932,1.08882,1.08924,533980000,8
1617180480000,1617180959000,1.08921,1.08942,1.08907,1.08913,524370000,8
1617180960000,1617181439000,1.08911,1.08934,1.08905,1.0891,422640000,8
1617181440000,1617181919000,1.0891,1.08918,1.08898,1.08899,523950000,8
1617181920000,1617182399000,1.08897,1.089,1.08879,1.08898,510790000,8
1617182400000,1617182879000,1.08899,1.08917,1.08893,1.08913,364390000,8
1617182880000,1617183359000,1.08913,1.08913,1.08887,1.08894,295100000,8
1617183360000,1617183839000,1.08894,1.08918,1.08875,1.08881,268500000,8
1617183840000,1617184319000,1.08881,1.08913,1.08877,1.08882,550290000,8
1617184320000,1617184799000,1.08882,1.08888,1.08842,1.08843,341090000,8
1617184800000,1617185279000,1.08843,1.08874,1.08826,1.08868,319790000,8
1617185280000,1617185759000,1.08867,1.08882,1.08859,1.08876,351050000,8
1617185760000,1617186239000,1.08875,1.08875,1.08839,1.0884,277710000,8
1617186240000,1617186719000,1.0884,1.08841,1.08804,1.08811,288720000,8
1617186720000,1617187199000,1.08811,1.08826,1.08787,1.0881,210410000,8
1617187200000,1617187679000,1.0881,1.08826,1.08796,1.08818,248370000,8
1617187680000,1617188159000,1.08818,1.08836,1.08803,1.08835,214800000,8
1617188160000,1617188639000,1.08836,1.08853,1.08834,1.08849,284660000,8
1617188640000,1617189119000,1.08849,1.08849,1.08835,1.08847,267040000,8
1617189120000,1617189599000,1.08847,1.08851,1.08814,1.08819,420510000,8
1617189600000,1617190079000,1.0882,1.08831,1.0879,1.08793,488180000,8
1617190080000,1617190559000,1.08792,1.08808,1.08782,1.08785,498600000,8
1617190560000,1617191039000,1.08785,1.08804,1.08782,1.08794,495210000,8
1617191040000,1617191519000,1.08795,1.08805,1.08772,1.08781,457660000,8
1617191520000,1617191999000,1.08781,1.08807,1.08776,1.08798,473270000,8
1617192000000,1617192479000,1.08799,1.08808,1.08788,1.08794,322670000,8
1617192480000,1617192959000,1.08795,1.08799,1.08769,1.08787,370150000,8
1617192960000,1617193439000,1.08787,1.08811,1.08784,1.08789,937940000,8
1617193440000,1617193919000,1.0879,1.08805,1.08762,1.0879,645000000,8
1617193920000,1617194399000,1.0879,1.08798,1.08723,1.08723,579780000,8
1617194400000,1617194879000,1.08725,1.08755,1.0872,1.08755,461060000,8
1617194880000,1617195359000,1.08753,1.08764,1.08726,1.08742,480780000,8
1617195360000,1617195839000,1.08743,1.08743,1.08689,1.0869,627120000,8
1617195840000,1617196319000,1.0869,1.08705,1.08671,1.08697,633020000,8
1617196320000,1617196799000,1.08697,1.08735,1.0869,1.08726,365080000,8
1617196800000,1617197279000,1.08726,1.08726,1.08687,1.08703,446350000,8
1617197280000,1617197759000,1.08703,1.08719,1.08693,1.08697,675770000,8
1617197760000,1617198239000,1.08698,1.08723,1.08681,1.08708,748790000,8
1617198240000,1617198719000,1.08709,1.08717,1.08689,1.08706,907540000,8
1617198720000,1617199199000,1.08708,1.08757,1.08708,1.08728,822330000,8
1617199200000,1617199679000,1.08731,1.08786,1.08723,1.08752,1265360000,8
1617199680000,1617200159000,1.08751,1.08785,1.08728,1.08779,826860000,8
1617200160000,1617200639000,1.08778,1.08785,1.0871,1.0873,1150810000,8
1617200640000,1617201119000,1.08727,1.08741,1.08656,1.08678,1002970000,8
1617201120000,1617201599000,1.0868,1.08682,1.0864,1.08649,933480000,8
1617201600000,1617202079000,1.08648,1.08715,1.08637,1.08698,889540000,8
1617202080000,1617202559000,1.08698,1.08719,1.08633,1.0871,1192000000,8
1617202560000,1617203039000,1.08709,1.08771,1.08671,1.08754,2672830000,8
1617203040000,1617203519000,1.08756,1.08835,1.08754,1.08785,1197370000,8
1617203520000,1617203999000,1.08785,1.08826,1.08775,1.08822,841410000,8
1617204000000,1617204479000,1.08821,1.08888,1.0882,1.0886,664720000,8
1617204480000,1617204959000,1.08862,1.08898,1.08859,1.08887,942690000,8
1617204960000,1617205439000,1.08886,1.08933,1.08883,1.08926,825630000,8
1617205440000,1617205919000,1.08921,1.08951,1.08913,1.0895,841440000,8
1617205920000,1617206399000,1.0895,1.08956,1.08908,1.08911,1013510000,8
1617206400000,1617206879000,1.08914,1.08915,1.08859,1.08861,800480000,8
1617206880000,1617207359000,1.08859,1.08874,1.08854,1.08863,614160000,8
1617207360000,1617207839000,1.08864,1.0887,1.08844,1.08852,474740000,8
1617207840000,1617208319000,1.08848,1.08877,1.08843,1.08875,729620000,8
1617208320000,1617208799000,1.08874,1.08886,1.08847,1.08851,474160000,8
1617208800000,1617209279000,1.08853,1.08866,1.0884,1.0886,414830000,8
1617209280000,1617209759000,1.08857,1.08882,1.08841,1.08882,441670000,8
1617209760000,1617210239000,1.08884,1.08884,1.08843,1.08854,461330000,8
1617210240000,1617210719000,1.08855,1.08859,1.0881,1.0883,416000000,8
1617210720000,1617211199000,1.0883,1.08832,1.08812,1.08827,493160000,8
1617211200000,1617211679000,1.08828,1.08835,1.08815,1.08818,299030000,8
1617211680000,1617212159000,1.08819,1.08829,1.08802,1.08814,385420000,8
1617212160000,1617212639000,1.08813,1.08821,1.08793,1.08801,434450000,8
1617212640000,1617213119000,1.088,1.08832,1.088,1.08827,587160000,8
1617213120000,1617213599000,1.08828,1.08835,1.08791,1.08803,498730000,8
1617213600000,1617214079000,1.0878,1.08814,1.08763,1.08781,596280000,8
1617214080000,1617214559000,1.08781,1.08802,1.08771,1.08788,415280000,8
1617214560000,1617215039000,1.08788,1.08806,1.08788,1.08791,231830000,8
1617215040000,1617215519000,1.08791,1.08804,1.08784,1.08785,364450000,8
1617215520000,1617215999000,1.08784,1.08808,1.08776,1.08804,259180000,8
1617216000000,1617216479000,1.08805,1.0882,1.08781,1.08795,415200000,8
1617216480000,1617216959000,1.08794,1.08815,1.08792,1.08798,439770000,8
1617216960000,1617217439000,1.08799,1.08816,1.08765,1.08795,806090000,8
1617217440000,1617217919000,1.08795,1.08805,1.08747,1.08766,537930000,8
1617217920000,1617218399000,1.08768,1.08785,1.0875,1.08774,359650000,8
1617218400000,1617218879000,1.08775,1.08785,1.08745,1.08748,363080000,8
1617218880000,1617219359000,1.08747,1.08786,1.08734,1.08769,615320000,8
1617219360000,1617219839000,1.08766,1.08791,1.08764,1.0878,352440000,8
1617219840000,1617220319000,1.08779,1.08803,1.08765,1.088,331420000,8
1617220320000,1617220799000,1.088,1.08811,1.0874,1.08753,494690000,8
1617220800000,1617221279000,1.08753,1.08759,1.08714,1.08716,304540000,8
1617221280000,1617221759000,1.08714,1.08724,1.08701,1.08716,155510000,8
1617221760000,1617222239000,1.08715,1.08739,1.08714,1.08739,124820000,8
1617222240000,1617222719000,1.0874,1.08762,1.08727,1.08753,228160000,8
1617222720000,1617223199000,1.08753,1.08775,1.08748,1.08761,308880000,8
1617223200000,1617223679000,1.0876,1.08768,1.0874,1.08744,271460000,8
1617223680000,1617224159000,1.08742,1.08773,1.0874,1.08767,445860000,8
1617224160000,1617224639000,1.08766,1.08772,1.08708,1.08729,162240000,8
1617224640000,1617225119000,1.08731,1.08774,1.0873,1.0873,12570000,8
1617225120000,1617225599000,1.0873,1.0877,1.0873,1.08768,23150000,8
1617225600000,1617226079000,1.08767,1.08773,1.08764,1.08773,12500000,8
1617226080000,1617226559000,1.08772,1.08779,1.08758,1.0877,62750000,8
1617226560000,1617227039000,1.08773,1.08776,1.08772,1.08772,22000000,8
1617227040000,1617227519000,1.08772,1.08772,1.08764,1.08768,10000000,8
1617227520000,1617227999000,1.08769,1.0879,1.08769,1.08789,67250000,8
1617228000000,1617228479000,1.08782,1.08796,1.08762,1.08763,149050000,8
1617228480000,1617228959000,1.08764,1.08772,1.08762,1.08764,73250000,8
1617228960000,1617229439000,1.08766,1.08799,1.08766,1.0877,92000000,8
1617229440000,1617229919000,1.08772,1.08779,1.08756,1.08756,139750000,8
1617229920000,1617230399000,1.08756,1.08766,1.0874,1.0875,210000000,8
1617230400000,1617230879000,1.0875,1.08768,1.08744,1.08758,216750000,8
1617230880000,1617231359000,1.08758,1.08787,1.08751,1.08784,200000000,8
1617231360000,1617231839000,1.08785,1.08794,1.08732,1.08737,387650000,8
1617231840000,1617232319000,1.08737,1.08752,1.08726,1.08749,126000000,8
1617232320000,1617232799000,1.08748,1.08766,1.08741,1.0875,137850000,8
1617232800000,1617233279000,1.08753,1.08758,1.0874,1.08746,106570000,8
1617233280000,1617233759000,1.08747,1.0877,1.08742,1.08758,97460000,8
1617233760000,1617234239000,1.08759,1.08763,1.08743,1.08754,108750000,8
1617234240000,1617234719000,1.08754,1.08779,1.08735,1.08778,162330000,8
1617234720000,1617235199000,1.08779,1.08782,1.08749,1.08749,92750000,8
