openEpochMillis,closeEpochMillis,open,high,low,close,volume,sourceBars
1677628800000,1677629279000,1.08784,1.08835,1.08779,1.08807,1179950000,8
1677629280000,1677629759000,1.08808,1.08816,1.08773,1.08807,735810000,8
1677629760000,1677630239000,1.08807,1.0882,1.08778,1.08788,987360000,8
1677630240000,1677630719000,1.0879,1.0879,1.08474,1.08572,1426420000,8
1677630720000,1677631199000,1.0857,1.08645,1.0854,1.08612,1978500000,8
1677631200000,1677631679000,1.08614,1.08646,1.0858,1.08584,1434200000,8
1677631680000,1677632159000,1.08586,1.08593,1.08527,1.08541,1618640000,8
1677632160000,1677632639000,1.08543,1.08641,1.08534,1.08626,1454990000,8
1677632640000,1677633119000,1.08629,1.08645,1.08594,1.08601,1364170000,8
1677633120000,1677633599000,1.08602,1.08623,1.08529,1.08532,996420000,8
1677633600000,1677634079000,1.08533,1.08632,1.08529,1.08631,888010000,8
1677634080000,1677634559000,1.08632,1.08727,1.0859,1.08707,1908220000,8
1677634560000,1677635039000,1.08707,1.08752,1.08701,1.0875,1543850000,8
1677635040000,1677635519000,1.08749,1.08772,1.08724,1.08763,1623830000,8
1677635520000,1677635999000,1.08761,1.08774,1.0874,1.0876,1755300000,8
1677636000000,1677636479000,1.08758,1.088,1.08737,1.08796,1146620000,8
1677636480000,1677636959000,1.088,1.08814,1.08764,1.08766,1088850000,8
1677636960000,1677637439000,1.08767,1.08768,1.08707,1.08724,1058480000,8
1677637440000,1677637919000,1.08723,1.08782,1.08723,1.08777,892560000,8
1677637920000,1677638399000,1.08777,1.08784,1.08725,1.08731,943890000,8
1677638400000,1677638879000,1.0873,1.08759,1.08715,1.08753,1071540000,8
1677638880000,1677639359000,1.08754,1.08777,1.0874,1.08777,892220000,8
1677639360000,1677639839000,1.08777,1.08788,1.08746,1.08785,888410000,8
1677639840000,1677640319000,1.08787,1.08794,1.08729,1.08765,858700000,8
1677640320000,1677640799000,1.08766,1.08788,1.08734,1.08737,842210000,8
1677640800000,1677641279000,1.08737,1.08813,1.08715,1.08775,1238640000,8
1677641280000,1677641759000,1.08777,1.08807,1.0876,1.08761,1057120000,8
1677641760000,1677642239000,1.08762,1.08786,1.0874,1.08745,743310000,8
1677642240000,1677642719000,1.08745,1.08754,1.08726,1.08729,850180000,8
1677642720000,1677643199000,1.08729,1.08747,1.08722,1.08747,677200000,8
1677643200000,1677643679000,1.08749,1.08785,1.08724,1.08772,907760000,8
1677643680000,1677644159000,1.08773,1.08783,1.08727,1.08732,494020000,8
1677644160000,1677644639000,1.0873,1.08743,1.08694,1.08706,706900000,8
1677644640000,1677645119000,1.08706,1.08725,1.08698,1.08707,744750000,8
1677645120000,1677645599000,1.08709,1.08733,1.08684,1.08694,626820000,8
1677645600000,1677646079000,1.08694,1.08704,1.08681,1.087,617780000,8
1677646080000,1677646559000,1.08703,1.08708,1.08674,1.08698,534110000,8
1677646560000,1677647039000,1.08699,1.08727,1.08666,1.08678,656170000,8
1677647040000,1677647519000,1.08679,1.08683,1.08616,1.08624,817770000,8
1677647520000,1677647999000,1.08624,1.0863,1.08528,1.08541,1051090000,8
1677648000000,1677648479000,1.08542,1.08592,1.08539,1.08562,1181660000,8
1677648480000,1677648959000,1.08562,1.08598,1.08554,1.08577,1088750000,8
1677648960000,1677649439000,1.08578,1.08607,1.08562,1.08585,1011750000,8
1677649440000,1677649919000,1.08585,1.08587,1.08561,1.08561,866010000,8
1677649920000,1677650399000,1.08561,1.08585,1.08545,1.08585,632250000,8
1677650400000,1677650879000,1.08584,1.08587,1.08541,1.08554,891400000,8
1677650880000,1677651359000,1.08553,1.0857,1.08534,1.08537,1058960000,8
1677651360000,1677651839000,1.08536,1.08585,1.08535,1.08583,1067580000,8
1677651840000,1677652319000,1.08582,1.08603,1.08556,1.08567,1525000000,8
1677652320000,1677652799000,1.08568,1.08641,1.08563,1.08624,1388820000,8
1677652800000,1677653279000,1.08624,1.0866,1.0861,1.08623,659470000,8
1677653280000,1677653759000,1.08623,1.08628,1.08605,1.08611,842270000,8
1677653760000,1677654239000,1.08608,1.08632,1.08562,1.08566,1132600000,8
1677654240000,1677654719000,1.08565,1.08569,1.08503,1.08506,1606080000,8
1677654720000,1677655199000,1.08504,1.08529,1.08444,1.08457,1299650000,8
1677655200000,1677655679000,1.08459,1.08484,1.08417,1.08446,1477330000,8
1677655680000,1677656159000,1.0845,1.08456,1.08393,1.08397,1423970000,8
1677656160000,1677656639000,1.08396,1.0844,1.0839,1.08427,1597570000,8
1677656640000,1677657119000,1.08426,1.08454,1.08409,1.08446,1503190000,8
1677657120000,1677657599000,1.08447,1.08472,1.08418,1.08458,2409070000,8
1677657600000,1677658079000,1.08459,1.08461,1.08404,1.08405,2819180000,8
1677658080000,1677658559000,1.08405,1.08459,1.08402,1.08427,2495590000,8
1677658560000,1677659039000,1.08425,1.08433,1.08377,1.08384,1943730000,8
1677659040000,1677659519000,1.08386,1.08386,1.08234,1.08245,1806510000,8
1677659520000,1677659999000,1.08245,1.08271,1.08225,1.0823,2210050000,8
1677660000000,1677660479000,1.08231,1.08263,1.08222,1.08257,1640670000,8
1677660480000,1677660959000,1.08258,1.08363,1.08253,1.0833,1857550000,8
1677660960000,1677661439000,1.0833,1.0833,1.08184,1.08213,2482540000,8
1677661440000,1677661919000,1.08212,1.08216,1.08123,1.08162,2114040000,8
1677661920000,1677662399000,1.0816,1.08198,1.08149,1.08188,1651690000,8
1677662400000,1677662879000,1.08191,1.08219,1.08176,1.08183,1294190000,8
1677662880000,1677663359000,1.08183,1.08201,1.08154,1.08159,1492380000,8
1677663360000,1677663839000,1.08158,1.08173,1.08138,1.08144,1391880000,8
1677663840000,1677664319000,1.08143,1.08201,1.08142,1.08143,1169460000,8
1677664320000,1677664799000,1.08144,1.08154,1.0809,1.081,1274190000,8
1677664800000,1677665279000,1.081,1.08153,1.08087,1.0814,1741610000,8
1677665280000,1677665759000,1.08142,1.08171,1.08091,1.08092,1811240000,8
1677665760000,1677666239000,1.08094,1.08121,1.08081,1.08098,1621970000,8
1677666240000,1677666719000,1.08099,1.0812,1.08078,1.08111,1533670000,8
1677666720000,1677667199000,1.0811,1.08132,1.08098,1.08116,1494040000,8
1677667200000,1677667679000,1.08117,1.08141,1.08105,1.08124,1079420000,8
1677667680000,1677668159000,1.08124,1.0813,1.08087,1.08102,1589400000,8
1677668160000,1677668639000,1.08102,1.08104,1.08054,1.08078,1772550000,8
1677668640000,1677669119000,1.08082,1.08086,1.08048,1.0807,1348700000,8
1677669120000,1677669599000,1.0807,1.08107,1.08045,1.0806,1207300000,8
1677669600000,1677670079000,1.0806,1.0808,1.08029,1.08041,1289750000,8
1677670080000,1677670559000,1.08043,1.08121,1.08038,1.08114,1537580000,8
1677670560000,1677671039000,1.08114,1.08161,1.08112,1.08158,1212340000,8
1677671040000,1677671519000,1.08156,1.0816,1.08096,1.08127,1244790000,8
1677671520000,1677671999000,1.08125,1.08146,1.08055,1.08057,1094790000,8
1677672000000,1677672479000,1.08058,1.08067,1.08014,1.08054,1446050000,8
1677672480000,1677672959000,1.08055,1.08074,1.08022,1.08068,1468180000,8
1677672960000,1677673439000,1.08069,1.08069,1.08034,1.0805,1604130000,8
1677673440000,1677673919000,1.08049,1.08092,1.08021,1.0808,1667430000,8
1677673920000,1677674399000,1.08079,1.08108,1.08068,1.08106,1322880000,8
1677674400000,1677674879000,1.08107,1.08118,1.08093,1.08096,1398370000,8
1677674880000,1677675359000,1.08096,1.08106,1.08065,1.08066,1313400000,8
1677675360000,1677675839000,1.08065,1.08085,1.08058,1.08073,1300090000,8
1677675840000,1677676319000,1.08073,1.08078,1.0805,1.08069,1469320000,8
1677676320000,1677676799000,1.08069,1.08072,1.08043,1.08045,1342700000,8
1677676800000,1677677279000,1.08043,1.08123,1.08039,1.08104,1899880000,8
1677677280000,1677677759000,1.08105,1.08129,1.08081,1.08107,2212190000,8
1677677760000,1677678239000,1.08108,1.08142,1.08093,1.0814,1743810000,8
1677678240000,1677678719000,1.0814,1.08147,1.08098,1.08101,1978380000,8
1677678720000,1677679199000,1.081,1.08112,1.08082,1.0811,1768880000,8
1677679200000,1677679679000,1.08109,1.08126,1.08082,1.08098,2283840000,8
1677679680000,1677680159000,1.08097,1.08126,1.08094,1.08104,1881570000,8
1677680160000,1677680639000,1.08104,1.08118,1.08058,1.0806,1689880000,8
1677680640000,1677681119000,1.0806,1.08104,1.08048,1.08099,2756830000,8
1677681120000,1677681599000,1.08102,1.08116,1.08072,1.08104,2764350000,8
1677681600000,1677682079000,1.08104,1.08137,1.08039,1.08063,1860690000,8
1677682080000,1677682559000,1.08063,1.08096,1.08053,1.08091,2342190000,8
1677682560000,1677683039000,1.0809,1.0809,1.08004,1.08054,3862420000,8
1677683040000,1677683519000,1.08055,1.08124,1.08045,1.08069,4893610000,8
1677683520000,1677683999000,1.08067,1.08105,1.08038,1.08058,3293410000,8
1677684000000,1677684479000,1.08056,1.08113,1.08049,1.08077,2767920000,8
1677684480000,1677684959000,1.08077,1.08084,1.08022,1.08068,2783580000,8
1677684960000,1677685439000,1.08068,1.08099,1.0804,1.08065,3131540000,8
1677685440000,1677685919000,1.08065,1.08082,1.08045,1.0808,2717550000,8
1677685920000,1677686399000,1.08079,1.08109,1.0806,1.08101,2749590000,8
1677686400000,1677686879000,1.08101,1.08147,1.08096,1.08112,2554350000,8
1677686880000,1677687359000,1.08111,1.08133,1.08079,1.08119,2731900000,8
1677687360000,1677687839000,1.08118,1.0815,1.08114,1.08137,2248520000,8
1677687840000,1677688319000,1.08138,1.08154,1.08109,1.08148,2015430000,8
1677688320000,1677688799000,1.08147,1.08151,1.08106,1.08119,1687080000,8
1677688800000,1677689279000,1.08117,1.08134,1.08097,1.08101,1920530000,8
1677689280000,1677689759000,1.08101,1.0811,1.08077,1.0808,1916840000,8
1677689760000,1677690239000,1.0808,1.08088,1.08055,1.08067,1853380000,8
1677690240000,1677690719000,1.08066,1.08072,1.08025,1.08046,1931060000,8
1677690720000,1677691199000,1.08045,1.08056,1.08019,1.08035,1633100000,8
1677691200000,1677691679000,1.08034,1.08034,1.08008,1.08017,1558210000,8
1677691680000,1677692159000,1.08013,1.08018,1.07981,1.07994,1590800000,8
1677692160000,1677692639000,1.07996,1.08014,1.07981,1.07987,1168490000,8
1677692640000,1677693119000,1.07988,1.07997,1.07963,1.07964,1119120000,8
1677693120000,1677693599000,1.07964,1.07979,1.0795,1.0796,894680000,8
1677693600000,1677694079000,1.07968,1.0801,1.07959,1.07999,1053880000,8
1677694080000,1677694559000,1.07998,1.08033,1.07998,1.08029,794440000,8
1677694560000,1677695039000,1.0803,1.08031,1.07977,1.07992,756190000,8
1677695040000,1677695519000,1.07991,1.08016,1.07964,1.07996,849600000,8
1677695520000,1677695999000,1.07993,1.08003,1.07953,1.07981,720810000,8
1677696000000,1677696479000,1.07984,1.08033,1.07974,1.08025,806380000,8
1677696480000,1677696959000,1.08025,1.08029,1.08005,1.0802,704330000,8
1677696960000,1677697439000,1.08017,1.08039,1.08,1.0801,896770000,8
1677697440000,1677697919000,1.08013,1.08013,1.07965,1.07969,1187420000,8
1677697920000,1677698399000,1.07971,1.08028,1.07956,1.08017,1116120000,8
1677698400000,1677698879000,1.08018,1.08027,1.08005,1.08021,1070930000,8
1677698880000,1677699359000,1.08021,1.08034,1.08001,1.08024,861600000,8
1677699360000,1677699839000,1.08022,1.08057,1.08018,1.08044,821040000,8
1677699840000,1677700319000,1.08044,1.08056,1.08036,1.08044,903960000,8
1677700320000,1677700799000,1.08045,1.08048,1.08014,1.08028,950370000,8
1677700800000,1677701279000,1.0803,1.08049,1.08026,1.08044,852220000,8
1677701280000,1677701759000,1.08045,1.08048,1.08024,1.08038,872980000,8
1677701760000,1677702239000,1.08038,1.08059,1.08034,1.08052,840390000,8
1677702240000,1677702719000,1.08049,1.08064,1.0804,1.0806,878150000,8
1677702720000,1677703199000,1.08056,1.08067,1.08041,1.08046,661430000,8
1677703200000,1677703679000,1.08046,1.08056,1.08034,1.08047,569550000,8
1677703680000,1677704159000,1.08046,1.08066,1.08041,1.08061,688840000,8
1677704160000,1677704639000,1.0806,1.08069,1.08031,1.08036,446460000,8
1677704640000,1677705119000,1.08038,1.08038,1.08016,1.08023,296940000,8
1677705120000,1677705599000,1.08023,1.08046,1.08018,1.0804,295510000,8
1677705600000,1677706079000,1.08041,1.08046,1.08002,1.08003,374640000,8
1677706080000,1677706559000,1.08003,1.08027,1.07989,1.08014,449410000,8
1677706560000,1677707039000,1.08014,1.0803,1.08011,1.08021,256640000,8
1677707040000,1677707519000,1.0802,1.08042,1.08018,1.08025,325450000,8
1677707520000,1677707999000,1.08026,1.08054,1.07988,1.08009,423110000,8
1677708000000,1677708479000,1.08005,1.08015,1.07996,1.08015,6720000,8
1677708480000,1677708959000,1.08014,1.08037,1.08014,1.08015,16800000,8
1677708960000,1677709439000,1.08021,1.08025,1.07962,1.07973,71440000,8
1677709440000,1677709919000,1.07973,1.08004,1.07973,1.07996,75600000,8
1677709920000,1677710399000,1.07998,1.08038,1.07994,1.08029,93000000,8
1677710400000,1677710879000,1.08024,1.08027,1.0795,1.08003,231460000,8
1677710880000,1677711359000,1.07997,1.08015,1.07985,1.07991,161480000,8
1677711360000,1677711839000,1.07992,1.08035,1.07992,1.08016,355810000,8
1677711840000,1677712319000,1.0802,1.0804,1.08009,1.08018,326820000,8
1677712320000,1677712799000,1.08022,1.08061,1.08022,1.08044,571240000,8
1677712800000,1677713279000,1.08041,1.08049,1.08034,1.08043,277210000,8
1677713280000,1677713759000,1.08042,1.08049,1.08031,1.08037,356780000,8
1677713760000,1677714239000,1.08037,1.08052,1.08031,1.0804,238010000,8
1677714240000,1677714719000,1.0804,1.0807,1.08038,1.08061,231450000,8
1677714720000,1677715199000,1.08056,1.08076,1.08052,1.08074,197120000,8
1677715200000,1677715679000,1.08073,1.08108,1.08064,1.08085,583480000,8
1677715680000,1677716159000,1.08084,1.08117,1.08077,1.0811,498610000,8
1677716160000,1677716639000,1.08111,1.08151,1.08106,1.08138,720140000,8
1677716640000,1677717119000,1.08136,1.08166,1.08132,1.08143,640260000,8
1677717120000,1677717599000,1.08145,1.08172,1.08133,1.08162,395040000,8
1677717600000,1677718079000,1.08161,1.08179,1.08115,1.08149,530160000,8
1677718080000,1677718559000,1.08151,1.08153,1.08106,1.08115,928980000,8
1677718560000,1677719039000,1.08113,1.08136,1.08094,1.08132,1377400000,8
1677719040000,1677719519000,1.08131,1.08138,1.08102,1.08129,1091880000,8
1677719520000,1677719999000,1.08126,1.08155,1.08122,1.08135,1015160000,8
1677720000000,1677720479000,1.08132,1.08146,1.08114,1.08114,859110000,8
1677720480000,1677720959000,1.08112,1.08137,1.08112,1.08129,913660000,8
1677720960000,1677721439000,1.08128,1.08142,1.08092,1.08112,1934880000,8
1677721440000,1677721919000,1.08109,1.08154,1.08095,1.08139,1696440000,8
1677721920000,1677722399000,1.08138,1.0814,1.08094,1.08109,1552710000,8
1677722400000,1677722879000,1.08109,1.08161,1.08086,1.0816,1665820000,8
1677722880000,1677723359000,1.08162,1.08204,1.08135,1.08198,1198410000,8
1677723360000,1677723839000,1.08198,1.082,1.08156,1.08174,854980000,8
1677723840000,1677724319000,1.08174,1.08219,1.08169,1.0821,1033060000,8
1677724320000,1677724799000,1.08211,1.08212,1.08172,1.08189,990040000,8
1677724800000,1677725279000,1.0819,1.08203,1.08169,1.08187,970860000,8
1677725280000,1677725759000,1.08186,1.08218,1.08173,1.08211,917960000,8
1677725760000,1677726239000,1.08208,1.08224,1.08157,1.08193,1103810000,8
1677726240000,1677726719000,1.08194,1.08236,1.08192,1.08211,1263300000,8
1677726720000,1677727199000,1.08211,1.08234,1.08188,1.08218,1215200000,8
1677727200000,1677727679000,1.08223,1.08243,1.08208,1.0823,965170000,8
1677727680000,1677728159000,1.0823,1.08264,1.08219,1.08257,745130000,8
1677728160000,1677728639000,1.08257,1.08281,1.08245,1.08263,856420000,8
1677728640000,1677729119000,1.08264,1.08276,1.08256,1.0826,726960000,8
1677729120000,1677729599000,1.08259,1.08271,1.08249,1.08268,503210000,8
1677729600000,1677730079000,1.08267,1.08273,1.08237,1.08273,623200000,8
1677730080000,1677730559000,1.08273,1.0829,1.0827,1.0828,327710000,8
1677730560000,1677731039000,1.08281,1.08283,1.08244,1.08247,726880000,8
1677731040000,1677731519000,1.08246,1.08266,1.08229,1.08243,636540000,8
1677731520000,1677731999000,1.08243,1.08257,1.08227,1.08245,609790000,8
1677732000000,1677732479000,1.08246,1.08254,1.08226,1.08245,458360000,8
1677732480000,1677732959000,1.08244,1.08255,1.08227,1.08234,394800000,8
1677732960000,1677733439000,1.08234,1.08246,1.08225,1.08229,498660000,8
1677733440000,1677733919000,1.08229,1.08237,1.08213,1.08225,638870000,8
1677733920000,1677734399000,1.08226,1.0824,1.08217,1.08236,639120000,8
1677734400000,1677734879000,1.08235,1.08257,1.08227,1.0823,569030000,8
1677734880000,1677735359000,1.0823,1.08238,1.08202,1.08203,570650000,8
1677735360000,1677735839000,1.08203,1.08208,1.08188,1.08207,568770000,8
1677735840000,1677736319000,1.08204,1.08216,1.08178,1.08181,678810000,8
1677736320000,1677736799000,1.08182,1.08194,1.08157,1.08194,878420000,8
1677736800000,1677737279000,1.08191,1.08206,1.08163,1.08167,1118440000,8
1677737280000,1677737759000,1.08167,1.08176,1.0815,1.08165,901000000,8
1677737760000,1677738239000,1.08166,1.08195,1.08162,1.08182,737900000,8
1677738240000,1677738719000,1.08183,1.08216,1.08176,1.08211,1011130000,8
1677738720000,1677739199000,1.08212,1.08226,1.08193,1.08217,582070000,8
1677739200000,1677739679000,1.08215,1.08259,1.08214,1.08249,733990000,8
1677739680000,1677740159000,1.08252,1.0828,1.08249,1.0827,734750000,8
1677740160000,1677740639000,1.08273,1.08273,1.08218,1.08218,1141540000,8
1677740640000,1677741119000,1.08219,1.08235,1.08212,1.08228,1353920000,8
1677741120000,1677741599000,1.08228,1.08242,1.082,1.08236,1308670000,8
1677741600000,1677742079000,1.08234,1.08256,1.08215,1.08217,1366960000,8
1677742080000,1677742559000,1.08217,1.0826,1.08207,1.08244,1364440000,8
1677742560000,1677743039000,1.08247,1.08258,1.08205,1.08209,1019340000,8
1677743040000,1677743519000,1.08209,1.08212,1.0818,1.08183,1165990000,8
1677743520000,1677743999000,1.08183,1.08216,1.0818,1.08216,1005570000,8
1677744000000,1677744479000,1.08216,1.0827,1.08213,1.08253,2119440000,8
1677744480000,1677744959000,1.08252,1.08302,1.08239,1.08284,1722510000,8
1677744960000,1677745439000,1.08284,1.0832,1.0828,1.08315,1810220000,8
1677745440000,1677745919000,1.08315,1.08332,1.08251,1.08252,1581260000,8
1677745920000,1677746399000,1.08253,1.08266,1.08242,1.08259,1480750000,8
1677746400000,1677746879000,1.08259,1.08272,1.08202,1.08242,2586540000,8
1677746880000,1677747359000,1.08241,1.08259,1.08234,1.08247,1954360000,8
1677747360000,1677747839000,1.08245,1.08261,1.08232,1.08236,1458430000,8
1677747840000,1677748319000,1.08235,1.08269,1.08229,1.08264,1753820000,8
1677748320000,1677748799000,1.08266,1.08278,1.08254,1.08268,1151410000,8
1677748800000,1677749279000,1.08268,1.08283,1.08248,1.08251,1109910000,8
1677749280000,1677749759000,1.08251,1.08261,1.08239,1.0825,1351470000,8
1677749760000,1677750239000,1.0825,1.08258,1.0821,1.08216,1402390000,8
1677750240000,1677750719000,1.08216,1.08234,1.08207,1.08219,1116090000,8
1677750720000,1677751199000,1.0822,1.08243,1.08214,1.08239,1078910000,8
1677751200000,1677751679000,1.08239,1.08245,1.08158,1.08168,2241680000,8
1677751680000,1677752159000,1.08168,1.0817,1.08137,1.08147,1604180000,8
1677752160000,1677752639000,1.08146,1.0815,1.08119,1.08141,1367270000,8
1677752640000,1677753119000,1.08143,1.08185,1.08143,1.08183,1228770000,8
1677753120000,1677753599000,1.08178,1.08211,1.08162,1.08191,1442280000,8
1677753600000,1677754079000,1.0819,1.08196,1.08157,1.08163,1305750000,8
1677754080000,1677754559000,1.08164,1.08167,1.08138,1.08145,1040750000,8
1677754560000,1677755039000,1.08145,1.08187,1.08138,1.08163,1193290000,8
1677755040000,1677755519000,1.08162,1.08183,1.08148,1.0817,1227940000,8
1677755520000,1677755999000,1.0817,1.0819,1.08156,1.08167,1116150000,8
1677756000000,1677756479000,1.08169,1.08174,1.08144,1.08159,1134300000,8
1677756480000,1677756959000,1.08161,1.08164,1.08122,1.08126,1237950000,8
1677756960000,1677757439000,1.08126,1.08149,1.08117,1.08134,1164260000,8
1677757440000,1677757919000,1.08138,1.08161,1.08129,1.08138,936780000,8
1677757920000,1677758399000,1.08137,1.08163,1.0813,1.08146,1060190000,8
1677758400000,1677758879000,1.08149,1.08157,1.08125,1.08133,1222030000,8
1677758880000,1677759359000,1.08132,1.0814,1.08116,1.08119,1071140000,8
1677759360000,1677759839000,1.08118,1.08133,1.08093,1.08109,1102560000,8
1677759840000,1677760319000,1.0811,1.08162,1.08096,1.08153,1112610000,8
1677760320000,1677760799000,1.08151,1.0816,1.0811,1.08113,1618800000,8
1677760800000,1677761279000,1.08112,1.08122,1.08094,1.08097,1595030000,8
1677761280000,1677761759000,1.08099,1.08136,1.08077,1.08106,1853960000,8
1677761760000,1677762239000,1.08109,1.08123,1.08097,1.08116,1901970000,8
1677762240000,1677762719000,1.0812,1.08134,1.08094,1.0813,1736240000,8
1677762720000,1677763199000,1.08129,1.08174,1.08128,1.08169,1509570000,8
1677763200000,1677763679000,1.08172,1.08214,1.08162,1.08191,1320080000,8
1677763680000,1677764159000,1.0819,1.08246,1.08156,1.08198,2719140000,8
1677764160000,1677764639000,1.08199,1.0822,1.08184,1.08209,2411750000,8
1677764640000,1677765119000,1.08211,1.08243,1.08185,1.08191,2237410000,8
1677765120000,1677765599000,1.08191,1.08196,1.08162,1.08168,2220350000,8
1677765600000,1677766079000,1.08167,1.08192,1.08159,1.08167,2273860000,8
1677766080000,1677766559000,1.08167,1.08183,1.08157,1.08181,2151840000,8
1677766560000,1677767039000,1.08179,1.08227,1.08179,1.08224,2004760000,8
1677767040000,1677767519000,1.08221,1.08241,1.08182,1.08193,2145780000,8
1677767520000,1677767999000,1.08192,1.08194,1.08162,1.08171,3423130000,8
1677768000000,1677768479000,1.0817,1.08192,1.08159,1.0817,2980160000,8
1677768480000,1677768959000,1.08171,1.08209,1.08169,1.08193,3362650000,8
1677768960000,1677769439000,1.08191,1.08228,1.08171,1.08187,3546210000,8
1677769440000,1677769919000,1.08186,1.08187,1.08148,1.08153,3061240000,8
1677769920000,1677770399000,1.08152,1.08161,1.08128,1.08137,2661140000,8
1677770400000,1677770879000,1.08137,1.0818,1.0813,1.08177,2890500000,8
1677770880000,1677771359000,1.08175,1.08201,1.08169,1.0819,2342630000,8
1677771360000,1677771839000,1.08192,1.08202,1.08168,1.08169,2495090000,8
1677771840000,1677772319000,1.08169,1.08183,1.08153,1.08159,2835260000,8
1677772320000,1677772799000,1.08159,1.08178,1.08143,1.08166,2879060000,8
1677772800000,1677773279000,1.08166,1.08198,1.08154,1.08189,2486430000,8
1677773280000,1677773759000,1.08188,1.08209,1.08174,1.08193,1721450000,8
1677773760000,1677774239000,1.08192,1.08212,1.08185,1.08191,1515510000,8
1677774240000,1677774719000,1.08192,1.08207,1.08173,1.08183,1895020000,8
1677774720000,1677775199000,1.08184,1.08198,1.08146,1.08171,1470060000,8
1677775200000,1677775679000,1.08172,1.08201,1.08165,1.08188,1090140000,8
1677775680000,1677776159000,1.08189,1.08206,1.08186,1.08193,990540000,8
1677776160000,1677776639000,1.08193,1.08203,1.08185,1.08192,1005870000,8
1677776640000,1677777119000,1.08192,1.08201,1.08185,1.08191,839180000,8
1677777120000,1677777599000,1.08194,1.08202,1.08183,1.0819,1042320000,8
1677777600000,1677778079000,1.08191,1.08209,1.08181,1.08195,854040000,8
1677778080000,1677778559000,1.08196,1.08217,1.08192,1.08207,1015980000,8
1677778560000,1677779039000,1.0821,1.08214,1.08193,1.08199,813900000,8
1677779040000,1677779519000,1.08199,1.08211,1.08192,1.08193,890840000,8
1677779520000,1677779999000,1.08193,1.0821,1.08192,1.08197,719290000,8
1677780000000,1677780479000,1.08198,1.08219,1.08193,1.08213,581550000,8
1677780480000,1677780959000,1.08214,1.08221,1.08196,1.08199,458150000,8
1677780960000,1677781439000,1.08199,1.082,1.08176,1.08181,716250000,8
1677781440000,1677781919000,1.08182,1.08193,1.08166,1.0818,621770000,8
1677781920000,1677782399000,1.08179,1.08206,1.08152,1.08172,1735720000,8
1677782400000,1677782879000,1.08175,1.08193,1.08163,1.08188,1321140000,8
1677782880000,1677783359000,1.08188,1.08192,1.08164,1.08176,1332660000,8
1677783360000,1677783839000,1.08174,1.08203,1.08169,1.08197,1573830000,8
1677783840000,1677784319000,1.08197,1.08208,1.08171,1.08195,1183100000,8
1677784320000,1677784799000,1.08195,1.08221,1.0818,1.08206,987080000,8
1677784800000,1677785279000,1.08209,1.08242,1.08202,1.08239,822760000,8
1677785280000,1677785759000,1.08237,1.08252,1.08203,1.08207,884290000,8
1677785760000,1677786239000,1.08205,1.08231,1.082,1.0821,884090000,8
1677786240000,1677786719000,1.08216,1.08234,1.08182,1.08186,658350000,8
1677786720000,1677787199000,1.08187,1.0822,1.08176,1.08203,940770000,8
1677787200000,1677787679000,1.08201,1.08225,1.082,1.08212,766560000,8
1677787680000,1677788159000,1.08213,1.08217,1.08188,1.08196,723210000,8
1677788160000,1677788639000,1.08196,1.08218,1.08193,1.08212,670690000,8
1677788640000,1677789119000,1.08213,1.08221,1.08198,1.08208,552120000,8
1677789120000,1677789599000,1.08209,1.08234,1.08197,1.08215,974050000,8
1677789600000,1677790079000,1.08215,1.08233,1.08209,1.08226,897040000,8
1677790080000,1677790559000,1.08225,1.08231,1.082,1.082,891460000,8
1677790560000,1677791039000,1.082,1.0822,1.08191,1.08193,547570000,8
1677791040000,1677791519000,1.08193,1.08213,1.08191,1.08193,239740000,8
1677791520000,1677791999000,1.08193,1.08206,1.08188,1.08198,227180000,8
1677792000000,1677792479000,1.08197,1.08212,1.08197,1.08209,163670000,8
1677792480000,1677792959000,1.08208,1.08245,1.08203,1.08211,304940000,8
1677792960000,1677793439000,1.08213,1.08242,1.08206,1.08227,224790000,8
1677793440000,1677793919000,1.08229,1.08236,1.08211,1.08219,175260000,8
1677793920000,1677794399000,1.08217,1.08221,1.08183,1.08183,129890000,8
1677794400000,1677794879000,1.08168,1.08213,1.08139,1.08178,20990000,8
1677794880000,1677795359000,1.08207,1.08212,1.08068,1.08206,52650000,8
1677795360000,1677795839000,1.08205,1.08229,1.08047,1.08207,182580000,8
1677795840000,1677796319000,1.08201,1.08213,1.07994,1.08189,150830000,8
1677796320000,1677796799000,1.08187,1.08193,1.08157,1.0818,65300000,8
1677796800000,1677797279000,1.08177,1.08186,1.08132,1.08162,84080000,8
1677797280000,1677797759000,1.08162,1.08172,1.08152,1.08161,152740000,8
1677797760000,1677798239000,1.08159,1.08218,1.08138,1.08184,528950000,8
1677798240000,1677798719000,1.08183,1.08216,1.08161,1.0821,470250000,8
1677798720000,1677799199000,1.0821,1.08216,1.08199,1.08209,298930000,8
1677799200000,1677799679000,1.08209,1.08243,1.08209,1.08236,169040000,8
1677799680000,1677800159000,1.08232,1.08244,1.08196,1.08227,292150000,8
1677800160000,1677800639000,1.08231,1.08246,1.0822,1.08232,289810000,8
1677800640000,1677801119000,1.0823,1.0824,1.0822,1.08233,272930000,8
1677801120000,1677801599000,1.08233,1.08236,1.08215,1.08227,281220000,8
1677801600000,1677802079000,1.08227,1.08275,1.08224,1.08257,467760000,8
1677802080000,1677802559000,1.08255,1.08255,1.08209,1.08215,355540000,8
1677802560000,1677803039000,1.08214,1.08263,1.08202,1.08228,500870000,8
1677803040000,1677803519000,1.08228,1.08236,1.08192,1.08214,733010000,8
1677803520000,1677803999000,1.08214,1.08271,1.08212,1.08261,548110000,8
1677804000000,1677804479000,1.0826,1.08268,1.08232,1.08268,548430000,8
1677804480000,1677804959000,1.08268,1.08291,1.08243,1.08281,868780000,8
1677804960000,1677805439000,1.0828,1.08307,1.08266,1.08271,951300000,8
1677805440000,1677805919000,1.08274,1.08291,1.08244,1.08258,1119270000,8
1677805920000,1677806399000,1.08258,1.08273,1.08212,1.08219,1236370000,8
1677806400000,1677806879000,1.0822,1.08253,1.08205,1.08235,1017490000,8
1677806880000,1677807359000,1.08238,1.08259,1.08199,1.08222,1344250000,8
1677807360000,1677807839000,1.08221,1.08258,1.08214,1.08257,1027900000,8
1677807840000,1677808319000,1.08257,1.08269,1.08218,1.08251,1690120000,8
1677808320000,1677808799000,1.0825,1.08253,1.08217,1.08238,1366470000,8
1677808800000,1677809279000,1.08237,1.083,1.08237,1.08277,1326470000,8
1677809280000,1677809759000,1.08275,1.08277,1.08207,1.08235,1385830000,8
1677809760000,1677810239000,1.08235,1.08273,1.08227,1.08227,1525070000,8
1677810240000,1677810719000,1.08225,1.08292,1.08225,1.08288,1322520000,8
1677810720000,1677811199000,1.08288,1.08317,1.08286,1.08306,993410000,8
1677811200000,1677811679000,1.08304,1.08316,1.08269,1.08291,1281220000,8
1677811680000,1677812159000,1.08294,1.08336,1.08288,1.08313,1089630000,8
1677812160000,1677812639000,1.08312,1.08324,1.08282,1.08289,808220000,8
1677812640000,1677813119000,1.08288,1.08323,1.08287,1.08297,872780000,8
1677813120000,1677813599000,1.08298,1.08319,1.08294,1.08306,689670000,8
1677813600000,1677814079000,1.08307,1.08322,1.08297,1.08301,683180000,8
1677814080000,1677814559000,1.08301,1.08342,1.08298,1.0834,571980000,8
1677814560000,1677815039000,1.08341,1.08356,1.08325,1.08335,912300000,8
1677815040000,1677815519000,1.08334,1.08337,1.08314,1.08326,848960000,8
1677815520000,1677815999000,1.08325,1.08335,1.08294,1.08303,869720000,8
1677816000000,1677816479000,1.08303,1.08315,1.08291,1.08293,983760000,8
1677816480000,1677816959000,1.08292,1.08318,1.08292,1.08315,363720000,8
1677816960000,1677817439000,1.08314,1.08332,1.08299,1.08324,414080000,8
1677817440000,1677817919000,1.08325,1.08338,1.08317,1.08334,416800000,8
1677817920000,1677818399000,1.08335,1.08346,1.08322,1.08338,390010000,8
1677818400000,1677818879000,1.08339,1.08345,1.08316,1.08328,394470000,8
1677818880000,1677819359000,1.08327,1.08336,1.08309,1.08331,512960000,8
1677819360000,1677819839000,1.0833,1.08348,1.0833,1.08333,361190000,8
1677819840000,1677820319000,1.0833,1.08352,1.0832,1.08337,400150000,8
1677820320000,1677820799000,1.08335,1.0835,1.0833,1.08346,300960000,8
1677820800000,1677821279000,1.08343,1.08361,1.08343,1.08356,307310000,8
1677821280000,1677821759000,1.08354,1.08364,1.08345,1.08354,378900000,8
1677821760000,1677822239000,1.08355,1.08364,1.08331,1.08346,515360000,8
1677822240000,1677822719000,1.08343,1.08359,1.08329,1.08337,470810000,8
1677822720000,1677823199000,1.08337,1.08359,1.0833,1.08349,515780000,8
1677823200000,1677823679000,1.08351,1.08358,1.08333,1.08346,1006150000,8
1677823680000,1677824159000,1.08346,1.08363,1.08339,1.08354,866410000,8
1677824160000,1677824639000,1.08354,1.08373,1.08349,1.08362,677620000,8
1677824640000,1677825119000,1.08362,1.08392,1.08362,1.0839,768470000,8
1677825120000,1677825599000,1.08389,1.08435,1.08386,1.08409,798650000,8
1677825600000,1677826079000,1.08409,1.08436,1.08402,1.0841,802760000,8
1677826080000,1677826559000,1.08409,1.08426,1.08397,1.08425,914760000,8
1677826560000,1677827039000,1.08424,1.08431,1.08386,1.08405,919350000,8
1677827040000,1677827519000,1.08408,1.08429,1.08401,1.08424,1154660000,8
1677827520000,1677827999000,1.08422,1.08448,1.08406,1.08432,1060620000,8
1677828000000,1677828479000,1.08433,1.08441,1.08414,1.0842,1327210000,8
1677828480000,1677828959000,1.08418,1.08432,1.08402,1.08406,1197910000,8
1677828960000,1677829439000,1.08405,1.08419,1.08393,1.08398,924030000,8
1677829440000,1677829919000,1.08399,1.08424,1.08386,1.08406,766970000,8
1677829920000,1677830399000,1.08409,1.08461,1.08406,1.0845,862280000,8
1677830400000,1677830879000,1.08452,1.08457,1.08405,1.08405,2345160000,8
1677830880000,1677831359000,1.08405,1.08432,1.08401,1.08429,1229250000,8
1677831360000,1677831839000,1.08428,1.08433,1.08407,1.08427,1413830000,8
1677831840000,1677832319000,1.08427,1.08435,1.08402,1.08413,1440680000,8
1677832320000,1677832799000,1.08414,1.08443,1.08403,1.08421,1385870000,8
1677832800000,1677833279000,1.0842,1.08446,1.08406,1.08413,1454880000,8
1677833280000,1677833759000,1.08413,1.08462,1.08405,1.08429,1219220000,8
1677833760000,1677834239000,1.08432,1.08453,1.08416,1.08443,1359440000,8
1677834240000,1677834719000,1.08444,1.08448,1.08413,1.08426,1545820000,8
1677834720000,1677835199000,1.08426,1.0844,1.08403,1.08405,1331990000,8
1677835200000,1677835679000,1.08408,1.08423,1.08399,1.08403,815110000,8
1677835680000,1677836159000,1.08406,1.08434,1.08389,1.08399,990230000,8
1677836160000,1677836639000,1.08398,1.08415,1.08385,1.08389,1280910000,8
1677836640000,1677837119000,1.08389,1.08406,1.08381,1.08388,1231360000,8
1677837120000,1677837599000,1.08389,1.08406,1.08382,1.0839,1449670000,8
1677837600000,1677838079000,1.08391,1.08407,1.08375,1.08402,1498300000,8
1677838080000,1677838559000,1.08399,1.08404,1.08368,1.08379,1130670000,8
1677838560000,1677839039000,1.08378,1.08413,1.08375,1.08404,1037790000,8
1677839040000,1677839519000,1.08404,1.08433,1.08402,1.08429,821420000,8
1677839520000,1677839999000,1.08428,1.08457,1.08424,1.08452,1084400000,8
1677840000000,1677840479000,1.0845,1.08476,1.08436,1.08465,940680000,8
1677840480000,1677840959000,1.08468,1.08501,1.08461,1.08492,804770000,8
1677840960000,1677841439000,1.08492,1.08509,1.0847,1.08482,1003300000,8
1677841440000,1677841919000,1.08479,1.08493,1.08463,1.08467,997280000,8
1677841920000,1677842399000,1.08466,1.08495,1.08452,1.08482,1017120000,8
1677842400000,1677842879000,1.08483,1.08496,1.08457,1.08458,1006230000,8
1677842880000,1677843359000,1.08458,1.08514,1.08446,1.08501,889540000,8
1677843360000,1677843839000,1.08503,1.0853,1.0849,1.08504,926790000,8
1677843840000,1677844319000,1.08502,1.08532,1.08497,1.08524,814270000,8
1677844320000,1677844799000,1.08524,1.08546,1.08519,1.08535,733260000,8
1677844800000,1677845279000,1.08535,1.08572,1.08527,1.08561,952440000,8
1677845280000,1677845759000,1.08562,1.08602,1.08559,1.08582,1151260000,8
1677845760000,1677846239000,1.08583,1.08586,1.08532,1.08541,1133720000,8
1677846240000,1677846719000,1.08542,1.08568,1.08537,1.08539,1103370000,8
1677846720000,1677847199000,1.0854,1.08566,1.08528,1.08563,880450000,8
1677847200000,1677847679000,1.08561,1.0859,1.08557,1.08571,951080000,8
1677847680000,1677848159000,1.0857,1.08579,1.08544,1.0856,1121190000,8
1677848160000,1677848639000,1.0856,1.08562,1.08521,1.08539,1265100000,8
1677848640000,1677849119000,1.08537,1.08547,1.08521,1.08521,1088720000,8
1677849120000,1677849599000,1.08523,1.08551,1.08504,1.08509,1070000000,8
1677849600000,1677850079000,1.08507,1.08534,1.08502,1.0853,1335870000,8
1677850080000,1677850559000,1.08533,1.08548,1.08522,1.08543,1223470000,8
1677850560000,1677851039000,1.08544,1.08559,1.0852,1.08541,1606730000,8
1677851040000,1677851519000,1.08541,1.08568,1.08518,1.08554,1804550000,8
1677851520000,1677851999000,1.0855,1.08576,1.08536,1.08559,1951770000,8
1677852000000,1677852479000,1.08558,1.0859,1.08531,1.08587,2060730000,8
1677852480000,1677852959000,1.08588,1.08604,1.08579,1.08601,1345780000,8
1677852960000,1677853439000,1.08599,1.08609,1.08584,1.08593,1408530000,8
1677853440000,1677853919000,1.08592,1.08616,1.08578,1.08589,1907760000,8
1677853920000,1677854399000,1.08589,1.08623,1.08586,1.08613,2401150000,8
1677854400000,1677854879000,1.08608,1.08634,1.08589,1.08628,2098230000,8
1677854880000,1677855359000,1.08628,1.08688,1.08621,1.08683,2313160000,8
1677855360000,1677855839000,1.08683,1.08718,1.08649,1.08664,3009280000,8
1677855840000,1677856319000,1.08664,1.0871,1.08652,1.08672,4025170000,8
1677856320000,1677856799000,1.08671,1.08753,1.08648,1.08728,2839940000,8
1677856800000,1677857279000,1.08726,1.08783,1.08716,1.08776,1951660000,8
1677857280000,1677857759000,1.08776,1.08808,1.08756,1.08804,2098230000,8
1677857760000,1677858239000,1.08804,1.08843,1.0877,1.08827,1926940000,8
1677858240000,1677858719000,1.08827,1.08861,1.08791,1.08795,2450610000,8
1677858720000,1677859199000,1.08796,1.08806,1.08758,1.08776,1960760000,8
1677859200000,1677859679000,1.08775,1.08835,1.08775,1.08828,1765520000,8
1677859680000,1677860159000,1.08828,1.08843,1.08798,1.08812,1664480000,8
1677860160000,1677860639000,1.08812,1.08849,1.08811,1.08838,1112110000,8
1677860640000,1677861119000,1.08837,1.08869,1.0883,1.08865,1144020000,8
1677861120000,1677861599000,1.08863,1.08872,1.08845,1.08866,1610240000,8
1677861600000,1677862079000,1.08866,1.0887,1.08825,1.08854,1708980000,8
1677862080000,1677862559000,1.08853,1.08869,1.08838,1.08849,1489620000,8
1677862560000,1677863039000,1.0885,1.08855,1.08824,1.08833,1523330000,8
1677863040000,1677863519000,1.08831,1.08842,1.0881,1.08829,977360000,8
1677863520000,1677863999000,1.08827,1.08836,1.08809,1.08814,959630000,8
1677864000000,1677864479000,1.08814,1.08815,1.0878,1.08792,1320510000,8
1677864480000,1677864959000,1.08793,1.08795,1.0876,1.08763,1010470000,8
1677864960000,1677865439000,1.08763,1.08782,1.0876,1.08773,1108960000,8
1677865440000,1677865919000,1.08779,1.08784,1.08761,1.0878,1018870000,8
1677865920000,1677866399000,1.08781,1.08785,1.08757,1.08759,730370000,8
1677866400000,1677866879000,1.08757,1.08758,1.0874,1.08747,653650000,8
1677866880000,1677867359000,1.08746,1.08751,1.08727,1.08735,799620000,8
1677867360000,1677867839000,1.08735,1.0876,1.08731,1.08744,602290000,8
1677867840000,1677868319000,1.08745,1.0876,1.08721,1.0873,492940000,8
1677868320000,1677868799000,1.0873,1.08759,1.0873,1.08742,433240000,8
1677868800000,1677869279000,1.0874,1.08749,1.08728,1.08729,366260000,8
1677869280000,1677869759000,1.08729,1.08742,1.08716,1.08739,448400000,8
1677869760000,1677870239000,1.08738,1.08739,1.08692,1.08701,579080000,8
1677870240000,1677870719000,1.08702,1.08747,1.08697,1.0872,761890000,8
1677870720000,1677871199000,1.08719,1.08744,1.08712,1.08741,759850000,8
1677871200000,1677871679000,1.0874,1.08761,1.08737,1.08741,437440000,8
1677871680000,1677872159000,1.08741,1.08749,1.08719,1.0873,516830000,8
1677872160000,1677872639000,1.0873,1.08771,1.08729,1.08758,498690000,8
1677872640000,1677873119000,1.08758,1.08763,1.08734,1.08741,435890000,8
1677873120000,1677873599000,1.08744,1.08761,1.0873,1.0874,822250000,8
1677873600000,1677874079000,1.08738,1.08768,1.08734,1.0875,689700000,8
1677874080000,1677874559000,1.08751,1.08767,1.08741,1.08755,875590000,8
1677874560000,1677875039000,1.08755,1.08805,1.08751,1.08796,900710000,8
1677875040000,1677875519000,1.08798,1.0883,1.08792,1.0881,635840000,8
1677875520000,1677875999000,1.08811,1.08818,1.08789,1.08791,342150000,8
1677876000000,1677876479000,1.08793,1.08799,1.08776,1.08781,422000000,8
1677876480000,1677876959000,1.08781,1.08787,1.0874,1.08765,612990000,8
1677876960000,1677877439000,1.08764,1.08796,1.08748,1.08778,475410000,8
1677877440000,1677877919000,1.08779,1.08801,1.08775,1.0879,154700000,8
1677877920000,1677878399000,1.0879,1.08801,1.08783,1.08791,151360000,8
1677878400000,1677878879000,1.08792,1.08797,1.08771,1.08771,167550000,8
1677878880000,1677879359000,1.08768,1.08784,1.08767,1.0878,173400000,8
1677879360000,1677879839000,1.08782,1.08809,1.0878,1.08805,76800000,8
1677879840000,1677880319000,1.08804,1.08804,1.08758,1.08764,538250000,8
1677880320000,1677880799000,1.08767,1.08783,1.08735,1.08747,347700000,8
1677880800000,1677881279000,1.08747,1.08747,1.08747,1.08747,0,8
1677881280000,1677881759000,1.08747,1.08747,1.08747,1.08747,0,8
1677881760000,1677882239000,1.08747,1.08747,1.08747,1.08747,0,8
1677882240000,1677882719000,1.08747,1.08747,1.08747,1.08747,0,8
1677882720000,1677883199000,1.08747,1.08747,1.08747,1.08747,0,8
1677883200000,1677883679000,1.08747,1.08747,1.08747,1.08747,0,8
1677883680000,1677884159000,1.08747,1.08747,1.08747,1.08747,0,8
1677884160000,1677884639000,1.08747,1.08747,1.08747,1.08747,0,8
1677884640000,1677885119000,1.08747,1.08747,1.08747,1.08747,0,8
1677885120000,1677885599000,1.08747,1.08747,1.08747,1.08747,0,8
1677885600000,1677886079000,1.08747,1.08747,1.08747,1.08747,0,8
1677886080000,1677886559000,1.08747,1.08747,1.08747,1.08747,0,8
1677886560000,1677887039000,1.08747,1.08747,1.08747,1.08747,0,8
1677887040000,1677887519000,1.08747,1.08747,1.08747,1.08747,0,8
1677887520000,1677887999000,1.08747,1.08747,1.08747,1.08747,0,8
1678054080000,1678054559000,1.08498,1.08635,1.08498,1.08613,70650000,8
1678054560000,1678055039000,1.08585,1.08686,1.0855,1.08627,167130000,8
1678055040000,1678055519000,1.0863,1.08669,1.08579,1.08639,162100000,8
1678055520000,1678055999000,1.08643,1.08663,1.08589,1.08648,124500000,8
1678056000000,1678056479000,1.08648,1.08655,1.08559,1.08561,263050000,8
1678056480000,1678056959000,1.08562,1.08655,1.0856,1.08654,213310000,8
1678056960000,1678057439000,1.08653,1.08745,1.08632,1.08685,776430000,8
1678057440000,1678057919000,1.08684,1.08725,1.08655,1.0868,813900000,8
1678057920000,1678058399000,1.08674,1.08757,1.08674,1.08729,613760000,8
1678058400000,1678058879000,1.08726,1.08757,1.08709,1.08736,646470000,8
1678058880000,1678059359000,1.08736,1.08764,1.08724,1.08757,420390000,8
1678059360000,1678059839000,1.08759,1.08785,1.08758,1.08777,279630000,8
1678059840000,1678060319000,1.08779,1.08805,1.08759,1.08777,448460000,8
1678060320000,1678060799000,1.08777,1.08796,1.08755,1.08766,469990000,8
1678060800000,1678061279000,1.08763,1.0877,1.08692,1.0872,536280000,8
1678061280000,1678061759000,1.0872,1.08727,1.08678,1.08689,888360000,8
1678061760000,1678062239000,1.0869,1.08698,1.08664,1.08675,869930000,8
1678062240000,1678062719000,1.08672,1.08685,1.08641,1.08643,551790000,8
1678062720000,1678063199000,1.08641,1.08647,1.08605,1.08637,505570000,8
1678063200000,1678063679000,1.08636,1.0865,1.08625,1.08629,445450000,8
1678063680000,1678064159000,1.0863,1.0865,1.08608,1.08609,631650000,8
1678064160000,1678064639000,1.08612,1.08633,1.08567,1.08569,1035770000,8
1678064640000,1678065119000,1.0857,1.08606,1.08564,1.08589,861410000,8
1678065120000,1678065599000,1.08589,1.08606,1.08561,1.08583,913240000,8
1678065600000,1678066079000,1.08585,1.08599,1.08562,1.08579,822110000,8
1678066080000,1678066559000,1.08578,1.08591,1.08563,1.08583,923920000,8
1678066560000,1678067039000,1.08585,1.08617,1.08575,1.08605,990380000,8
1678067040000,1678067519000,1.08606,1.08629,1.08601,1.08621,914450000,8
1678067520000,1678067999000,1.08623,1.08654,1.08623,1.08652,862750000,8
1678068000000,1678068479000,1.08655,1.0869,1.08649,1.08682,911980000,8
1678068480000,1678068959000,1.08682,1.08704,1.08675,1.087,908810000,8
1678068960000,1678069439000,1.087,1.08712,1.08673,1.08685,587750000,8
1678069440000,1678069919000,1.08682,1.08718,1.08677,1.08718,994090000,8
1678069920000,1678070399000,1.08719,1.08719,1.0868,1.0869,994150000,8
1678070400000,1678070879000,1.08689,1.08734,1.08685,1.08731,1526100000,8
1678070880000,1678071359000,1.08731,1.08739,1.08707,1.08728,1647140000,8
1678071360000,1678071839000,1.08729,1.08761,1.08703,1.08705,1158440000,8
1678071840000,1678072319000,1.08703,1.08791,1.08703,1.08776,1142270000,8
1678072320000,1678072799000,1.08774,1.08799,1.08755,1.08767,667450000,8
1678072800000,1678073279000,1.08771,1.08784,1.08754,1.08759,951860000,8
1678073280000,1678073759000,1.08758,1.08768,1.08733,1.08737,816640000,8
1678073760000,1678074239000,1.08737,1.0875,1.0872,1.08733,531400000,8
1678074240000,1678074719000,1.08734,1.08761,1.08728,1.08752,529130000,8
1678074720000,1678075199000,1.08755,1.08765,1.08747,1.08757,446710000,8
1678075200000,1678075679000,1.08759,1.08764,1.08733,1.08738,416970000,8
1678075680000,1678076159000,1.08741,1.08743,1.08718,1.08742,333070000,8
1678076160000,1678076639000,1.08738,1.08762,1.08737,1.0875,542070000,8
1678076640000,1678077119000,1.0875,1.08763,1.08714,1.08728,553610000,8
1678077120000,1678077599000,1.08724,1.08734,1.08711,1.08724,645790000,8
1678077600000,1678078079000,1.08722,1.0873,1.08712,1.08714,395110000,8
1678078080000,1678078559000,1.08713,1.08726,1.087,1.08713,387100000,8
1678078560000,1678079039000,1.08712,1.08757,1.08685,1.08697,732590000,8
1678079040000,1678079519000,1.08696,1.087,1.0867,1.08698,1044950000,8
1678079520000,1678079999000,1.08695,1.08708,1.08672,1.08684,552580000,8
1678080000000,1678080479000,1.08682,1.08724,1.08679,1.08704,410750000,8
1678080480000,1678080959000,1.08706,1.08717,1.08692,1.08694,685780000,8
1678080960000,1678081439000,1.08691,1.08705,1.08684,1.08704,564350000,8
1678081440000,1678081919000,1.08706,1.08731,1.08699,1.08724,727580000,8
1678081920000,1678082399000,1.08722,1.08747,1.08709,1.08747,662710000,8
1678082400000,1678082879000,1.08748,1.08752,1.08708,1.08719,532020000,8
1678082880000,1678083359000,1.08721,1.0875,1.08716,1.08743,897230000,8
1678083360000,1678083839000,1.08743,1.0875,1.08716,1.08742,719040000,8
1678083840000,1678084319000,1.08741,1.08759,1.08723,1.08724,758410000,8
1678084320000,1678084799000,1.08724,1.08743,1.08717,1.0874,854130000,8
1678084800000,1678085279000,1.08736,1.08762,1.08728,1.08753,753980000,8
1678085280000,1678085759000,1.08749,1.08759,1.08712,1.08714,619850000,8
1678085760000,1678086239000,1.08715,1.08728,1.08702,1.08712,1014790000,8
1678086240000,1678086719000,1.08712,1.08739,1.08701,1.08705,987280000,8
1678086720000,1678087199000,1.08707,1.0872,1.08702,1.08714,1151640000,8
1678087200000,1678087679000,1.08714,1.08715,1.08667,1.08672,840970000,8
1678087680000,1678088159000,1.08671,1.0868,1.0866,1.08664,747500000,8
1678088160000,1678088639000,1.08665,1.08683,1.0866,1.08672,1106880000,8
1678088640000,1678089119000,1.08673,1.08702,1.08658,1.08662,1239570000,8
1678089120000,1678089599000,1.0866,1.08677,1.08652,1.08668,942120000,8
1678089600000,1678090079000,1.0867,1.08711,1.08667,1.08707,1458030000,8
1678090080000,1678090559000,1.08704,1.0871,1.08655,1.08668,1413470000,8
1678090560000,1678091039000,1.08669,1.08697,1.08666,1.08689,1253660000,8
1678091040000,1678091519000,1.08687,1.08779,1.08685,1.08774,1501560000,8
1678091520000,1678091999000,1.0877,1.08867,1.0877,1.08842,1713890000,8
1678092000000,1678092479000,1.08841,1.08859,1.08802,1.08811,1002150000,8
1678092480000,1678092959000,1.08815,1.08843,1.08787,1.08795,1067020000,8
1678092960000,1678093439000,1.08794,1.08826,1.08786,1.08802,1687700000,8
1678093440000,1678093919000,1.08803,1.08853,1.08781,1.08848,1310510000,8
1678093920000,1678094399000,1.08852,1.08923,1.08844,1.08887,1027180000,8
1678094400000,1678094879000,1.08887,1.08887,1.08813,1.08821,1282980000,8
1678094880000,1678095359000,1.08821,1.08828,1.08785,1.0879,1285160000,8
1678095360000,1678095839000,1.0879,1.08821,1.08788,1.08798,896460000,8
1678095840000,1678096319000,1.08798,1.08823,1.08789,1.08806,840650000,8
1678096320000,1678096799000,1.08808,1.08814,1.08767,1.08794,930880000,8
1678096800000,1678097279000,1.08794,1.08824,1.08786,1.08818,981350000,8
1678097280000,1678097759000,1.08818,1.08822,1.0879,1.08796,700060000,8
1678097760000,1678098239000,1.08795,1.08803,1.08769,1.0878,989290000,8
1678098240000,1678098719000,1.08783,1.08793,1.08756,1.08777,864620000,8
1678098720000,1678099199000,1.08779,1.08793,1.08765,1.08766,922570000,8
1678099200000,1678099679000,1.08767,1.08797,1.08747,1.08795,702180000,8
1678099680000,1678100159000,1.08794,1.08802,1.08771,1.08773,677770000,8
1678100160000,1678100639000,1.08776,1.0879,1.08759,1.08773,797030000,8
1678100640000,1678101119000,1.0877,1.08799,1.08751,1.08789,845510000,8
1678101120000,1678101599000,1.0879,1.08811,1.08783,1.08807,913620000,8
1678101600000,1678102079000,1.08809,1.08819,1.08786,1.08805,890260000,8
1678102080000,1678102559000,1.08804,1.08806,1.08762,1.08786,837370000,8
1678102560000,1678103039000,1.08785,1.08801,1.08776,1.08797,710500000,8
1678103040000,1678103519000,1.08796,1.08812,1.08767,1.08796,1341960000,8
1678103520000,1678103999000,1.08798,1.08822,1.08781,1.0882,1389230000,8
1678104000000,1678104479000,1.08819,1.08834,1.08806,1.08814,868780000,8
1678104480000,1678104959000,1.08814,1.08839,1.08789,1.08803,901380000,8
1678104960000,1678105439000,1.08804,1.08812,1.0877,1.08775,860440000,8
1678105440000,1678105919000,1.08773,1.08799,1.0876,1.0876,742900000,8
1678105920000,1678106399000,1.0876,1.08782,1.08743,1.08751,1025120000,8
1678106400000,1678106879000,1.08752,1.08767,1.08735,1.08746,928380000,8
1678106880000,1678107359000,1.08747,1.08771,1.08738,1.08764,958870000,8
1678107360000,1678107839000,1.08763,1.08805,1.08749,1.08768,1237430000,8
1678107840000,1678108319000,1.08767,1.08774,1.08712,1.0875,1392760000,8
1678108320000,1678108799000,1.08751,1.08764,1.0871,1.08733,1546940000,8
1678108800000,1678109279000,1.08736,1.08742,1.08699,1.08717,1609820000,8
1678109280000,1678109759000,1.08717,1.08735,1.08682,1.08734,1398790000,8
1678109760000,1678110239000,1.0873,1.08762,1.0872,1.08757,1005680000,8
1678110240000,1678110719000,1.08753,1.08765,1.08739,1.08747,942140000,8
1678110720000,1678111199000,1.08743,1.08782,1.08741,1.08755,1060340000,8
1678111200000,1678111679000,1.08754,1.08809,1.08744,1.08804,1186410000,8
1678111680000,1678112159000,1.08806,1.08814,1.08766,1.08794,1190720000,8
1678112160000,1678112639000,1.08795,1.08823,1.08788,1.08821,1345510000,8
1678112640000,1678113119000,1.08819,1.08835,1.08809,1.08822,1571270000,8
1678113120000,1678113599000,1.08822,1.0885,1.08796,1.08809,2310630000,8
1678113600000,1678114079000,1.08808,1.0884,1.08808,1.08812,1912600000,8
1678114080000,1678114559000,1.08813,1.08819,1.08761,1.08807,2280170000,8
1678114560000,1678115039000,1.08805,1.08816,1.08764,1.08771,2051850000,8
1678115040000,1678115519000,1.08771,1.08795,1.0874,1.08749,2260950000,8
1678115520000,1678115999000,1.08753,1.0878,1.08674,1.08675,2360440000,8
1678116000000,1678116479000,1.08674,1.08749,1.08674,1.08744,1815050000,8
1678116480000,1678116959000,1.08743,1.08763,1.08739,1.08759,1879350000,8
1678116960000,1678117439000,1.08758,1.08793,1.08748,1.08776,1446670000,8
1678117440000,1678117919000,1.08776,1.08826,1.08765,1.08823,1714210000,8
1678117920000,1678118399000,1.08823,1.08834,1.08762,1.08778,2318980000,8
1678118400000,1678118879000,1.0878,1.08824,1.08771,1.08805,1787940000,8
1678118880000,1678119359000,1.08807,1.08827,1.08795,1.0882,1092050000,8
1678119360000,1678119839000,1.0882,1.08864,1.08811,1.08823,987120000,8
1678119840000,1678120319000,1.08823,1.08826,1.08774,1.08774,1173380000,8
1678120320000,1678120799000,1.08773,1.08795,1.08772,1.08772,995880000,8
1678120800000,1678121279000,1.08773,1.08775,1.08753,1.08758,914300000,8
1678121280000,1678121759000,1.08758,1.08788,1.08753,1.0878,1279870000,8
1678121760000,1678122239000,1.08783,1.08804,1.08775,1.08777,1028370000,8
1678122240000,1678122719000,1.08779,1.08798,1.0877,1.08796,780580000,8
1678122720000,1678123199000,1.08794,1.08814,1.08788,1.08791,684180000,8
1678123200000,1678123679000,1.08791,1.08799,1.08771,1.08783,865990000,8
1678123680000,1678124159000,1.08783,1.08791,1.0876,1.08762,877320000,8
1678124160000,1678124639000,1.08762,1.08806,1.08762,1.088,585940000,8
1678124640000,1678125119000,1.08801,1.08806,1.08773,1.08776,979650000,8
1678125120000,1678125599000,1.08777,1.08802,1.08775,1.08777,735160000,8
1678125600000,1678126079000,1.0878,1.08802,1.08774,1.08783,825000000,8
1678126080000,1678126559000,1.08787,1.0879,1.08761,1.08769,817520000,8
1678126560000,1678127039000,1.0877,1.08784,1.08752,1.08777,637890000,8
1678127040000,1678127519000,1.08777,1.08784,1.0876,1.08781,560800000,8
1678127520000,1678127999000,1.0878,1.08782,1.08741,1.08743,700700000,8
1678128000000,1678128479000,1.08743,1.08756,1.08742,1.08743,733230000,8
1678128480000,1678128959000,1.08743,1.08758,1.08719,1.0872,749450000,8
1678128960000,1678129439000,1.0872,1.08739,1.08718,1.08725,697830000,8
1678129440000,1678129919000,1.08726,1.08737,1.08711,1.08729,688780000,8
1678129920000,1678130399000,1.08729,1.08734,1.08712,1.08721,575920000,8
1678130400000,1678130879000,1.08721,1.08729,1.08705,1.08707,521890000,8
1678130880000,1678131359000,1.08707,1.08732,1.08702,1.08724,578620000,8
1678131360000,1678131839000,1.08725,1.08747,1.08721,1.08741,513050000,8
1678131840000,1678132319000,1.08743,1.08749,1.08726,1.08732,458630000,8
1678132320000,1678132799000,1.08734,1.08745,1.0872,1.08723,575120000,8
1678132800000,1678133279000,1.08721,1.08741,1.0872,1.08731,546760000,8
1678133280000,1678133759000,1.0873,1.08747,1.08715,1.08739,579390000,8
1678133760000,1678134239000,1.08739,1.08743,1.08723,1.08738,493120000,8
1678134240000,1678134719000,1.08736,1.08745,1.08718,1.0873,501470000,8
1678134720000,1678135199000,1.08731,1.08744,1.08724,1.08733,471340000,8
1678135200000,1678135679000,1.08734,1.08736,1.08696,1.08704,390000000,8
1678135680000,1678136159000,1.08702,1.08719,1.08681,1.08681,521000000,8
1678136160000,1678136639000,1.0868,1.08709,1.08676,1.08677,395100000,8
1678136640000,1678137119000,1.08677,1.0869,1.08674,1.08686,190150000,8
1678137120000,1678137599000,1.08688,1.08688,1.08665,1.08666,234010000,8
1678137600000,1678138079000,1.08665,1.08672,1.08637,1.08639,411960000,8
1678138080000,1678138559000,1.08639,1.08651,1.08598,1.08606,175600000,8
1678138560000,1678139039000,1.08607,1.0863,1.08606,1.0862,154920000,8
1678139040000,1678139519000,1.0862,1.0863,1.08594,1.08615,205560000,8
1678139520000,1678139999000,1.08614,1.08626,1.08579,1.08579,327760000,8
1678140000000,1678140479000,1.0858,1.0858,1.08433,1.08544,59760000,8
1678140480000,1678140959000,1.08553,1.08618,1.08552,1.08579,84120000,8
1678140960000,1678141439000,1.08579,1.08597,1.08568,1.08597,98640000,8
1678141440000,1678141919000,1.08597,1.08626,1.08586,1.08609,92060000,8
1678141920000,1678142399000,1.08609,1.08653,1.08602,1.08642,349340000,8
1678142400000,1678142879000,1.08641,1.08654,1.08603,1.08605,104400000,8
1678142880000,1678143359000,1.08604,1.0862,1.08586,1.08589,112200000,8
1678143360000,1678143839000,1.08586,1.08624,1.08579,1.08597,251670000,8
1678143840000,1678144319000,1.08596,1.08631,1.08595,1.08611,192400000,8
1678144320000,1678144799000,1.08612,1.08633,1.08607,1.08619,303980000,8
1678144800000,1678145279000,1.0862,1.08621,1.08587,1.08615,355660000,8
1678145280000,1678145759000,1.08611,1.08625,1.08603,1.08607,362830000,8
1678145760000,1678146239000,1.08608,1.08616,1.08594,1.08603,287920000,8
1678146240000,1678146719000,1.08603,1.08613,1.08598,1.08604,177800000,8
1678146720000,1678147199000,1.08606,1.08613,1.08589,1.08595,207710000,8
1678147200000,1678147679000,1.08596,1.0864,1.0859,1.08615,614580000,8
1678147680000,1678148159000,1.08617,1.08652,1.08605,1.08631,504830000,8
1678148160000,1678148639000,1.08633,1.08655,1.08624,1.08647,337280000,8
1678148640000,1678149119000,1.08647,1.08666,1.08633,1.08659,401820000,8
1678149120000,1678149599000,1.08656,1.08665,1.08647,1.08661,430670000,8
1678149600000,1678150079000,1.08661,1.08661,1.08639,1.08645,505260000,8
1678150080000,1678150559000,1.08645,1.08669,1.0864,1.08642,685760000,8
1678150560000,1678151039000,1.08644,1.08669,1.08625,1.08658,1036450000,8
1678151040000,1678151519000,1.08658,1.08687,1.08657,1.08679,520440000,8
1678151520000,1678151999000,1.08678,1.08678,1.08635,1.08644,604850000,8
1678152000000,1678152479000,1.08644,1.08653,1.08618,1.08618,643070000,8
1678152480000,1678152959000,1.08616,1.08629,1.08581,1.08594,1327080000,8
1678152960000,1678153439000,1.08594,1.08604,1.08574,1.08582,1091810000,8
1678153440000,1678153919000,1.08583,1.08624,1.08583,1.08616,862970000,8
1678153920000,1678154399000,1.08616,1.08645,1.08606,1.08638,879600000,8
1678154400000,1678154879000,1.08637,1.08641,1.08568,1.08579,1180800000,8
1678154880000,1678155359000,1.08579,1.08601,1.0854,1.08572,1375030000,8
1678155360000,1678155839000,1.08575,1.08618,1.08557,1.08617,863920000,8
1678155840000,1678156319000,1.08615,1.08627,1.08599,1.08612,843820000,8
1678156320000,1678156799000,1.08613,1.08624,1.0858,1.08583,731320000,8
1678156800000,1678157279000,1.08585,1.08586,1.08558,1.08561,904370000,8
1678157280000,1678157759000,1.0856,1.08576,1.08542,1.08552,855900000,8
1678157760000,1678158239000,1.08552,1.08567,1.08539,1.08561,683600000,8
1678158240000,1678158719000,1.08563,1.08565,1.08527,1.08549,571960000,8
1678158720000,1678159199000,1.0855,1.08589,1.08546,1.08575,640690000,8
1678159200000,1678159679000,1.08575,1.08589,1.08559,1.08565,574600000,8
1678159680000,1678160159000,1.08567,1.08591,1.08256,1.08297,2813320000,8
1678160160000,1678160639000,1.08299,1.08343,1.08192,1.08201,2361320000,8
1678160640000,1678161119000,1.08198,1.08206,1.08026,1.0808,2254930000,8
1678161120000,1678161599000,1.0808,1.08132,1.08045,1.08119,1551900000,8
1678161600000,1678162079000,1.08123,1.08151,1.08091,1.08138,1493540000,8
1678162080000,1678162559000,1.08139,1.08149,1.08105,1.0812,1162350000,8
1678162560000,1678163039000,1.08117,1.08136,1.08106,1.0813,1105530000,8
1678163040000,1678163519000,1.08133,1.08153,1.08109,1.08112,735330000,8
1678163520000,1678163999000,1.08112,1.08157,1.08095,1.08149,465790000,8
1678164000000,1678164479000,1.08148,1.08223,1.08145,1.08223,773670000,8
1678164480000,1678164959000,1.08226,1.08233,1.08191,1.08213,618470000,8
1678164960000,1678165439000,1.08214,1.08218,1.08172,1.08207,705660000,8
1678165440000,1678165919000,1.08207,1.08213,1.08179,1.08197,566640000,8
1678165920000,1678166399000,1.08202,1.08205,1.08162,1.08165,561670000,8
1678166400000,1678166879000,1.08163,1.08187,1.08155,1.08183,467090000,8
1678166880000,1678167359000,1.08182,1.08189,1.08147,1.08155,632970000,8
1678167360000,1678167839000,1.08155,1.08173,1.08142,1.08167,985180000,8
1678167840000,1678168319000,1.08168,1.08173,1.08128,1.08141,707690000,8
1678168320000,1678168799000,1.08141,1.08183,1.08133,1.08176,695140000,8
1678168800000,1678169279000,1.08176,1.08193,1.08152,1.0816,984510000,8
1678169280000,1678169759000,1.0816,1.08166,1.08124,1.08131,875560000,8
1678169760000,1678170239000,1.08131,1.08135,1.08085,1.08085,953380000,8
1678170240000,1678170719000,1.08084,1.08093,1.08062,1.08067,973260000,8
1678170720000,1678171199000,1.08067,1.08103,1.08064,1.08073,565590000,8
1678171200000,1678171679000,1.08072,1.08073,1.08026,1.0805,695570000,8
1678171680000,1678172159000,1.08051,1.08059,1.08025,1.08046,685130000,8
1678172160000,1678172639000,1.08046,1.08084,1.0802,1.08053,1045120000,8
1678172640000,1678173119000,1.08052,1.08059,1.08015,1.08026,983510000,8
1678173120000,1678173599000,1.08025,1.08051,1.08002,1.08003,1481710000,8
1678173600000,1678174079000,1.08003,1.08006,1.0797,1.07977,1240620000,8
1678174080000,1678174559000,1.07977,1.08023,1.07964,1.08013,1412680000,8
1678174560000,1678175039000,1.08013,1.08026,1.07949,1.07974,969770000,8
1678175040000,1678175519000,1.07973,1.07993,1.07944,1.07954,1077420000,8
1678175520000,1678175999000,1.07955,1.0797,1.07876,1.07882,1503900000,8
1678176000000,1678176479000,1.07879,1.0791,1.07865,1.07873,2034820000,8
1678176480000,1678176959000,1.0787,1.07875,1.07779,1.07786,2181660000,8
1678176960000,1678177439000,1.07786,1.0782,1.07748,1.078,1813500000,8
1678177440000,1678177919000,1.07803,1.07832,1.07778,1.07824,1591590000,8
1678177920000,1678178399000,1.07823,1.0783,1.07784,1.07811,1489760000,8
1678178400000,1678178879000,1.07811,1.07825,1.07752,1.07761,1760570000,8
1678178880000,1678179359000,1.07759,1.0779,1.07704,1.07709,1375990000,8
1678179360000,1678179839000,1.0771,1.07713,1.07646,1.07663,1450070000,8
1678179840000,1678180319000,1.07663,1.07679,1.07626,1.07632,1782090000,8
1678180320000,1678180799000,1.07633,1.07715,1.0763,1.07707,1457480000,8
1678180800000,1678181279000,1.07708,1.07741,1.07686,1.07735,1710480000,8
1678181280000,1678181759000,1.07736,1.07794,1.07728,1.07788,1391840000,8
1678181760000,1678182239000,1.07788,1.07811,1.07779,1.07805,1372110000,8
1678182240000,1678182719000,1.07807,1.0783,1.07785,1.07795,1442360000,8
1678182720000,1678183199000,1.07795,1.078,1.07723,1.07736,1089900000,8
1678183200000,1678183679000,1.07738,1.07753,1.07714,1.07731,1116340000,8
1678183680000,1678184159000,1.0773,1.0774,1.07671,1.07683,1020370000,8
1678184160000,1678184639000,1.07683,1.07687,1.07671,1.07684,782420000,8
1678184640000,1678185119000,1.07683,1.07696,1.07563,1.07565,1337510000,8
1678185120000,1678185599000,1.07566,1.07573,1.07538,1.07566,1080980000,8
1678185600000,1678186079000,1.07564,1.07593,1.07559,1.07582,953300000,8
1678186080000,1678186559000,1.07582,1.07597,1.0757,1.0759,973270000,8
1678186560000,1678187039000,1.07589,1.07598,1.07544,1.07575,1393400000,8
1678187040000,1678187519000,1.07577,1.07589,1.07566,1.07579,984020000,8
1678187520000,1678187999000,1.07579,1.07594,1.07561,1.07594,1041820000,8
1678188000000,1678188479000,1.0759,1.07636,1.07584,1.07631,930120000,8
1678188480000,1678188959000,1.07631,1.07638,1.07584,1.07614,1293500000,8
1678188960000,1678189439000,1.07616,1.07633,1.07589,1.07593,1299470000,8
1678189440000,1678189919000,1.07592,1.07655,1.07592,1.07627,1186520000,8
1678189920000,1678190399000,1.07628,1.07662,1.07615,1.0762,1079710000,8
1678190400000,1678190879000,1.07621,1.07665,1.07596,1.07632,1284600000,8
1678190880000,1678191359000,1.07631,1.07634,1.07601,1.0762,1054800000,8
1678191360000,1678191839000,1.07619,1.07669,1.07615,1.07665,1062710000,8
1678191840000,1678192319000,1.07663,1.07673,1.07638,1.07656,1345590000,8
1678192320000,1678192799000,1.07656,1.07679,1.07645,1.07662,1149970000,8
1678192800000,1678193279000,1.07662,1.07702,1.07662,1.07688,927080000,8
1678193280000,1678193759000,1.07688,1.07717,1.0765,1.07655,1398660000,8
1678193760000,1678194239000,1.07657,1.07689,1.0765,1.07664,1142020000,8
1678194240000,1678194719000,1.07665,1.07678,1.07653,1.07667,1021720000,8
1678194720000,1678195199000,1.07667,1.07672,1.07641,1.07641,1187520000,8
1678195200000,1678195679000,1.07638,1.07642,1.07581,1.07586,1451640000,8
1678195680000,1678196159000,1.07586,1.07626,1.07585,1.07612,1545430000,8
1678196160000,1678196639000,1.07613,1.07641,1.07611,1.07639,1210560000,8
1678196640000,1678197119000,1.07639,1.07643,1.076,1.07603,1350510000,8
1678197120000,1678197599000,1.07604,1.0761,1.0759,1.07592,1292010000,8
1678197600000,1678198079000,1.0759,1.07638,1.0759,1.07618,1848890000,8
1678198080000,1678198559000,1.07619,1.07624,1.07591,1.07595,1314410000,8
1678198560000,1678199039000,1.07595,1.07612,1.07577,1.0758,1293600000,8
1678199040000,1678199519000,1.0758,1.07596,1.07561,1.07563,1631220000,8
1678199520000,1678199999000,1.07562,1.07582,1.0754,1.07572,1934400000,8
1678200000000,1678200479000,1.07573,1.07573,1.07511,1.07546,2155530000,8
1678200480000,1678200959000,1.07546,1.07551,1.07468,1.0748,1886090000,8
1678200960000,1678201439000,1.07481,1.07514,1.07424,1.07495,3864720000,8
1678201440000,1678201919000,1.07496,1.07583,1.07416,1.07575,5222960000,8
1678201920000,1678202399000,1.07581,1.07593,1.07489,1.0758,4679300000,8
1678202400000,1678202879000,1.07584,1.07601,1.07561,1.07598,4281260000,8
1678202880000,1678203359000,1.07596,1.07645,1.07583,1.07598,4269850000,8
1678203360000,1678203839000,1.07597,1.07647,1.07584,1.07587,3854820000,8
1678203840000,1678204319000,1.07589,1.07608,1.07571,1.07572,3773720000,8
1678204320000,1678204799000,1.07572,1.0761,1.07543,1.07573,3752290000,8
1678204800000,1678205279000,1.07573,1.07701,1.07571,1.0766,2859120000,8
1678205280000,1678205759000,1.07657,1.07668,1.07604,1.07608,2617710000,8
1678205760000,1678206239000,1.07608,1.07745,1.07581,1.07737,2610000000,8
1678206240000,1678206719000,1.0774,1.0774,1.07688,1.077,2109610000,8
1678206720000,1678207199000,1.07702,1.07718,1.07672,1.07711,2227950000,8
1678207200000,1678207679000,1.07712,1.07724,1.07678,1.07713,2350620000,8
1678207680000,1678208159000,1.07713,1.0774,1.077,1.07704,2678790000,8
1678208160000,1678208639000,1.07704,1.07721,1.07694,1.07701,1833520000,8
1678208640000,1678209119000,1.077,1.07717,1.07661,1.07681,1777270000,8
1678209120000,1678209599000,1.07685,1.07743,1.07676,1.07736,1480740000,8
1678209600000,1678210079000,1.07736,1.07737,1.07703,1.07715,3654100000,8
1678210080000,1678210559000,1.07708,1.0773,1.07683,1.07719,2528640000,8
1678210560000,1678211039000,1.07719,1.07729,1.07698,1.07703,2330370000,8
1678211040000,1678211519000,1.07702,1.0776,1.077,1.07757,2295700000,8
1678211520000,1678211999000,1.07757,1.07765,1.07727,1.07728,1827050000,8
1678212000000,1678212479000,1.07728,1.0775,1.07708,1.07744,1712430000,8
1678212480000,1678212959000,1.07744,1.07787,1.07723,1.07776,1388850000,8
1678212960000,1678213439000,1.07778,1.07811,1.07764,1.07811,1276450000,8
1678213440000,1678213919000,1.07812,1.07814,1.07781,1.07797,1178910000,8
1678213920000,1678214399000,1.07799,1.07803,1.07765,1.07772,1184190000,8
1678214400000,1678214879000,1.07773,1.07842,1.07764,1.07835,1410810000,8
1678214880000,1678215359000,1.07831,1.07861,1.07819,1.07825,1298710000,8
1678215360000,1678215839000,1.07826,1.07854,1.07823,1.07827,1221230000,8
1678215840000,1678216319000,1.07828,1.07847,1.07818,1.07835,1083930000,8
1678216320000,1678216799000,1.07834,1.07855,1.07833,1.0785,874660000,8
1678216800000,1678217279000,1.07847,1.07861,1.07793,1.07795,1154280000,8
1678217280000,1678217759000,1.07796,1.07808,1.07775,1.07798,1155200000,8
1678217760000,1678218239000,1.07796,1.07798,1.07784,1.07788,811970000,8
1678218240000,1678218719000,1.07789,1.07832,1.07773,1.07831,918700000,8
1678218720000,1678219199000,1.07834,1.07849,1.07785,1.07792,888540000,8
1678219200000,1678219679000,1.07791,1.07811,1.07774,1.07787,1031980000,8
1678219680000,1678220159000,1.07791,1.07797,1.07771,1.07779,833970000,8
1678220160000,1678220639000,1.07781,1.07798,1.07765,1.07769,895300000,8
1678220640000,1678221119000,1.07769,1.07773,1.07746,1.07748,635280000,8
1678221120000,1678221599000,1.07751,1.07769,1.07738,1.07754,644840000,8
1678221600000,1678222079000,1.07753,1.07783,1.07753,1.07771,805310000,8
1678222080000,1678222559000,1.07772,1.07808,1.07766,1.078,689280000,8
1678222560000,1678223039000,1.07801,1.07821,1.07784,1.0779,335430000,8
1678223040000,1678223519000,1.0779,1.07824,1.07786,1.07796,298590000,8
1678223520000,1678223999000,1.07795,1.07813,1.07786,1.07808,241850000,8
1678224000000,1678224479000,1.0781,1.07827,1.07804,1.07811,171430000,8
1678224480000,1678224959000,1.07812,1.07818,1.07802,1.07805,278310000,8
1678224960000,1678225439000,1.07804,1.0784,1.07796,1.07836,260680000,8
1678225440000,1678225919000,1.07835,1.07855,1.07821,1.07842,237750000,8
1678225920000,1678226399000,1.07842,1.07853,1.07733,1.07752,858460000,8
1678226400000,1678226879000,1.07736,1.07739,1.0757,1.07689,25700000,8
1678226880000,1678227359000,1.07688,1.07739,1.07671,1.07726,87300000,8
1678227360000,1678227839000,1.07726,1.07767,1.07726,1.07755,84000000,8
1678227840000,1678228319000,1.0774,1.07827,1.07712,1.07755,198380000,8
1678228320000,1678228799000,1.07752,1.07797,1.0774,1.07758,276730000,8
1678228800000,1678229279000,1.07755,1.07777,1.07733,1.07776,164400000,8
1678229280000,1678229759000,1.07776,1.07809,1.07744,1.07786,378410000,8
1678229760000,1678230239000,1.07785,1.07856,1.07782,1.07846,291020000,8
1678230240000,1678230719000,1.07845,1.0787,1.07781,1.07795,294600000,8
1678230720000,1678231199000,1.0779,1.0782,1.07744,1.07757,642660000,8
1678231200000,1678231679000,1.07756,1.07757,1.07724,1.07729,446920000,8
1678231680000,1678232159000,1.07727,1.07817,1.07709,1.07796,498900000,8
1678232160000,1678232639000,1.07797,1.07797,1.07764,1.07773,494740000,8
1678232640000,1678233119000,1.07771,1.07806,1.07766,1.07796,366580000,8
1678233120000,1678233599000,1.07795,1.07829,1.0778,1.0782,494170000,8
1678233600000,1678234079000,1.07818,1.07824,1.07781,1.07814,874640000,8
1678234080000,1678234559000,1.07813,1.07843,1.07803,1.07841,684840000,8
1678234560000,1678235039000,1.07842,1.07872,1.07833,1.07856,856150000,8
1678235040000,1678235519000,1.07855,1.07872,1.07838,1.07845,638600000,8
1678235520000,1678235999000,1.07846,1.07874,1.07816,1.07847,1035980000,8
1678236000000,1678236479000,1.07848,1.07849,1.07813,1.07815,779910000,8
1678236480000,1678236959000,1.07815,1.07819,1.07787,1.07792,921740000,8
1678236960000,1678237439000,1.07789,1.07809,1.07779,1.07795,902470000,8
1678237440000,1678237919000,1.07793,1.07826,1.07783,1.07798,1133170000,8
1678237920000,1678238399000,1.07799,1.07831,1.07794,1.07819,1139920000,8
1678238400000,1678238879000,1.07827,1.07861,1.07804,1.0786,981020000,8
1678238880000,1678239359000,1.07859,1.07874,1.07835,1.07866,1104850000,8
1678239360000,1678239839000,1.07863,1.07882,1.07849,1.07863,1297290000,8
1678239840000,1678240319000,1.07863,1.07882,1.07857,1.07865,1254950000,8
1678240320000,1678240799000,1.07865,1.07872,1.07837,1.07846,1063410000,8
1678240800000,1678241279000,1.07847,1.07855,1.07812,1.07831,958790000,8
1678241280000,1678241759000,1.07829,1.0784,1.07812,1.07837,741210000,8
1678241760000,1678242239000,1.07839,1.07889,1.07832,1.07887,730440000,8
1678242240000,1678242719000,1.07887,1.07894,1.07866,1.07873,816530000,8
1678242720000,1678243199000,1.07873,1.07911,1.07865,1.07907,647090000,8
1678243200000,1678243679000,1.07908,1.07931,1.07893,1.07929,697130000,8
1678243680000,1678244159000,1.07929,1.07964,1.07912,1.07924,1139860000,8
1678244160000,1678244639000,1.07926,1.07953,1.07901,1.07911,1438860000,8
1678244640000,1678245119000,1.07909,1.07958,1.07904,1.0794,1016730000,8
1678245120000,1678245599000,1.0794,1.07965,1.07925,1.07942,783070000,8
1678245600000,1678246079000,1.0794,1.07961,1.07924,1.07941,1091700000,8
1678246080000,1678246559000,1.07941,1.07948,1.07909,1.07937,657750000,8
1678246560000,1678247039000,1.07937,1.0795,1.07913,1.07922,541130000,8
1678247040000,1678247519000,1.07922,1.07938,1.07904,1.0792,586710000,8
1678247520000,1678247999000,1.07922,1.07962,1.07915,1.07943,788140000,8
1678248000000,1678248479000,1.07943,1.07951,1.0791,1.07946,871580000,8
1678248480000,1678248959000,1.07947,1.07959,1.07919,1.07933,855360000,8
1678248960000,1678249439000,1.07932,1.07945,1.07914,1.0794,896790000,8
1678249440000,1678249919000,1.07941,1.07954,1.07929,1.07939,733060000,8
1678249920000,1678250399000,1.07939,1.07961,1.07926,1.0795,769220000,8
1678250400000,1678250879000,1.0795,1.07973,1.07949,1.07954,530000000,8
1678250880000,1678251359000,1.07955,1.08004,1.0795,1.07992,1024110000,8
1678251360000,1678251839000,1.07992,1.08071,1.07992,1.08037,1823180000,8
1678251840000,1678252319000,1.08039,1.08093,1.08033,1.08087,1068510000,8
1678252320000,1678252799000,1.08086,1.08089,1.08041,1.08047,857220000,8
1678252800000,1678253279000,1.08049,1.08071,1.08038,1.08055,695170000,8
1678253280000,1678253759000,1.08055,1.08077,1.08049,1.08065,801510000,8
1678253760000,1678254239000,1.08065,1.08105,1.08065,1.08099,583550000,8
1678254240000,1678254719000,1.08099,1.081,1.08055,1.08086,671240000,8
1678254720000,1678255199000,1.08084,1.08103,1.08057,1.08081,647930000,8
1678255200000,1678255679000,1.08081,1.08087,1.08047,1.08055,869500000,8
1678255680000,1678256159000,1.08057,1.08074,1.0804,1.0804,527990000,8
1678256160000,1678256639000,1.08042,1.08052,1.08024,1.08033,664540000,8
1678256640000,1678257119000,1.08031,1.0804,1.08022,1.08029,451090000,8
1678257120000,1678257599000,1.08031,1.08039,1.0802,1.08026,503100000,8
1678257600000,1678258079000,1.08029,1.08043,1.08014,1.08031,428020000,8
1678258080000,1678258559000,1.08034,1.08045,1.08024,1.08032,580710000,8
1678258560000,1678259039000,1.08032,1.08045,1.08012,1.08024,968210000,8
1678259040000,1678259519000,1.08023,1.08047,1.08012,1.08023,1316430000,8
1678259520000,1678259999000,1.08022,1.08036,1.08002,1.08002,1158440000,8
1678260000000,1678260479000,1.08002,1.08023,1.07974,1.08016,875570000,8
1678260480000,1678260959000,1.08012,1.08021,1.07972,1.0799,1595850000,8
1678260960000,1678261439000,1.07991,1.08024,1.07958,1.08016,1549700000,8
1678261440000,1678261919000,1.08016,1.08027,1.07967,1.07968,1165260000,8
1678261920000,1678262399000,1.07968,1.07985,1.07914,1.07936,1173970000,8
1678262400000,1678262879000,1.07933,1.07933,1.07858,1.0786,1633120000,8
1678262880000,1678263359000,1.07862,1.07866,1.07807,1.07835,1441380000,8
1678263360000,1678263839000,1.07834,1.07859,1.07813,1.07827,1339570000,8
1678263840000,1678264319000,1.07827,1.07858,1.07819,1.07833,1565860000,8
1678264320000,1678264799000,1.07832,1.07859,1.07825,1.07833,1161860000,8
1678264800000,1678265279000,1.07836,1.07866,1.07811,1.07844,871410000,8
1678265280000,1678265759000,1.07847,1.07874,1.07835,1.07839,988680000,8
1678265760000,1678266239000,1.07843,1.07863,1.07826,1.07859,1060580000,8
1678266240000,1678266719000,1.07859,1.07872,1.07839,1.0786,1258060000,8
1678266720000,1678267199000,1.07859,1.07879,1.07848,1.07855,1100850000,8
1678267200000,1678267679000,1.07852,1.07873,1.07839,1.07873,953620000,8
1678267680000,1678268159000,1.07872,1.07878,1.0784,1.07855,1106220000,8
1678268160000,1678268639000,1.07857,1.07895,1.07836,1.07889,1248110000,8
1678268640000,1678269119000,1.07886,1.07897,1.07843,1.07846,1038030000,8
1678269120000,1678269599000,1.07844,1.07898,1.07841,1.07885,1061360000,8
1678269600000,1678270079000,1.07886,1.07905,1.07882,1.07894,896570000,8
1678270080000,1678270559000,1.07893,1.07948,1.0788,1.07944,994680000,8
1678270560000,1678271039000,1.07944,1.08004,1.07939,1.08001,1117950000,8
1678271040000,1678271519000,1.07998,1.08002,1.07941,1.07946,841740000,8
1678271520000,1678271999000,1.07946,1.07982,1.07942,1.07979,823210000,8
1678272000000,1678272479000,1.07982,1.07995,1.07964,1.07964,930100000,8
1678272480000,1678272959000,1.07965,1.07973,1.07962,1.07965,718370000,8
1678272960000,1678273439000,1.07965,1.07979,1.07935,1.07939,899080000,8
1678273440000,1678273919000,1.0794,1.07941,1.07924,1.07924,740790000,8
1678273920000,1678274399000,1.07925,1.07936,1.07906,1.07916,871160000,8
1678274400000,1678274879000,1.07919,1.07933,1.07884,1.07886,850610000,8
1678274880000,1678275359000,1.07884,1.07913,1.07884,1.07893,881040000,8
1678275360000,1678275839000,1.07893,1.07899,1.07881,1.07889,581820000,8
1678275840000,1678276319000,1.07889,1.07911,1.07882,1.07884,808060000,8
1678276320000,1678276799000,1.07885,1.079,1.07879,1.0788,494350000,8
1678276800000,1678277279000,1.07878,1.07895,1.07874,1.07882,810680000,8
1678277280000,1678277759000,1.07883,1.07885,1.07864,1.07875,672750000,8
1678277760000,1678278239000,1.07875,1.07882,1.07862,1.07873,566430000,8
1678278240000,1678278719000,1.07874,1.07889,1.07858,1.07887,768760000,8
1678278720000,1678279199000,1.07886,1.07905,1.07858,1.07864,668300000,8
1678279200000,1678279679000,1.07865,1.07879,1.07853,1.07857,696320000,8
1678279680000,1678280159000,1.07857,1.07876,1.07854,1.07874,505330000,8
1678280160000,1678280639000,1.07875,1.07882,1.07855,1.07858,1091680000,8
1678280640000,1678281119000,1.0786,1.07914,1.07855,1.0791,1282090000,8
1678281120000,1678281599000,1.07908,1.07912,1.07847,1.07897,1935470000,8
1678281600000,1678282079000,1.07897,1.07903,1.07852,1.07854,3292510000,8
1678282080000,1678282559000,1.07854,1.07871,1.07835,1.07866,1848130000,8
1678282560000,1678283039000,1.07867,1.07893,1.07865,1.07878,2147370000,8
1678283040000,1678283519000,1.07877,1.079,1.07865,1.07876,1295010000,8
1678283520000,1678283999000,1.07876,1.07902,1.07856,1.07861,1359180000,8
1678284000000,1678284479000,1.0786,1.0789,1.07848,1.07857,1998610000,8
1678284480000,1678284959000,1.0786,1.07881,1.07848,1.07862,1557290000,8
1678284960000,1678285439000,1.07861,1.07873,1.07844,1.07848,1531580000,8
1678285440000,1678285919000,1.07846,1.07863,1.0784,1.07847,2251830000,8
1678285920000,1678286399000,1.07847,1.07859,1.07824,1.07841,3376560000,8
1678286400000,1678286879000,1.07841,1.07872,1.07829,1.07843,2285730000,8
1678286880000,1678287359000,1.07842,1.07895,1.07836,1.07884,2194840000,8
1678287360000,1678287839000,1.07882,1.07986,1.07865,1.07942,2790880000,8
1678287840000,1678288319000,1.07942,1.08037,1.07925,1.08023,4077930000,8
1678288320000,1678288799000,1.08025,1.08034,1.07977,1.07995,3193640000,8
1678288800000,1678289279000,1.07996,1.08017,1.07978,1.07988,4355780000,8
1678289280000,1678289759000,1.07985,1.08009,1.07967,1.07989,3391540000,8
1678289760000,1678290239000,1.0799,1.08018,1.07978,1.08001,2980000000,8
1678290240000,1678290719000,1.08003,1.08024,1.07961,1.07965,3022960000,8
1678290720000,1678291199000,1.07966,1.08038,1.07946,1.08027,2651960000,8
1678291200000,1678291679000,1.08027,1.08036,1.07999,1.08009,1883300000,8
1678291680000,1678292159000,1.0801,1.08023,1.07991,1.07991,1658020000,8
1678292160000,1678292639000,1.07993,1.0804,1.07989,1.08016,1784350000,8
1678292640000,1678293119000,1.08015,1.08029,1.07994,1.08017,1813160000,8
1678293120000,1678293599000,1.08017,1.08017,1.07983,1.07993,1457830000,8
1678293600000,1678294079000,1.07994,1.08016,1.07985,1.07998,1305390000,8
1678294080000,1678294559000,1.07998,1.08004,1.07973,1.0799,1263790000,8
1678294560000,1678295039000,1.0799,1.08023,1.07986,1.08005,994030000,8
1678295040000,1678295519000,1.08007,1.08025,1.0799,1.08,886480000,8
1678295520000,1678295999000,1.07999,1.08006,1.07976,1.07978,1040740000,8
1678296000000,1678296479000,1.07977,1.08002,1.07977,1.07989,995700000,8
1678296480000,1678296959000,1.07988,1.07995,1.0796,1.07968,1046510000,8
1678296960000,1678297439000,1.07965,1.07973,1.07944,1.07948,1031300000,8
1678297440000,1678297919000,1.07947,1.07959,1.07933,1.07936,804440000,8
1678297920000,1678298399000,1.07936,1.07946,1.07918,1.07925,779950000,8
1678298400000,1678298879000,1.07926,1.07962,1.0791,1.07943,1725330000,8
1678298880000,1678299359000,1.07943,1.07949,1.07923,1.07946,905710000,8
1678299360000,1678299839000,1.07942,1.07949,1.07916,1.07923,750260000,8
1678299840000,1678300319000,1.0792,1.07934,1.07902,1.07924,972370000,8
1678300320000,1678300799000,1.07924,1.07941,1.07897,1.07925,582050000,8
1678300800000,1678301279000,1.07926,1.07948,1.07915,1.07918,602400000,8
1678301280000,1678301759000,1.07921,1.07945,1.079,1.07932,688350000,8
1678301760000,1678302239000,1.07932,1.07954,1.0792,1.07936,779000000,8
1678302240000,1678302719000,1.07935,1.0796,1.07935,1.07943,780400000,8
1678302720000,1678303199000,1.07943,1.07951,1.07903,1.07911,778160000,8
1678303200000,1678303679000,1.07912,1.07934,1.07906,1.07914,527450000,8
1678303680000,1678304159000,1.07912,1.07918,1.0786,1.07875,685270000,8
1678304160000,1678304639000,1.07875,1.079,1.07832,1.07835,796510000,8
1678304640000,1678305119000,1.07835,1.07887,1.07827,1.07872,617840000,8
1678305120000,1678305599000,1.0787,1.07913,1.07868,1.07902,684000000,8
1678305600000,1678306079000,1.07899,1.07913,1.0789,1.07894,563580000,8
1678306080000,1678306559000,1.07895,1.07904,1.07883,1.07884,385990000,8
1678306560000,1678307039000,1.07884,1.07894,1.07873,1.07878,367150000,8
1678307040000,1678307519000,1.07876,1.07899,1.07857,1.07875,629910000,8
1678307520000,1678307999000,1.07875,1.07883,1.07861,1.07872,426710000,8
1678308000000,1678308479000,1.07873,1.07879,1.0786,1.07867,496790000,8
1678308480000,1678308959000,1.07868,1.07888,1.07831,1.07837,573950000,8
1678308960000,1678309439000,1.07837,1.07869,1.0783,1.07861,365280000,8
1678309440000,1678309919000,1.0786,1.0786,1.0782,1.07833,158100000,8
1678309920000,1678310399000,1.07833,1.07836,1.07818,1.07825,186750000,8
1678310400000,1678310879000,1.07824,1.07847,1.07822,1.07828,144750000,8
1678310880000,1678311359000,1.07828,1.07856,1.07818,1.07854,256800000,8
1678311360000,1678311839000,1.07855,1.07861,1.07841,1.07857,156600000,8
1678311840000,1678312319000,1.07857,1.07898,1.07855,1.07882,289350000,8
1678312320000,1678312799000,1.07881,1.07895,1.0785,1.07868,222650000,8
1678312800000,1678313279000,1.07868,1.07868,1.07672,1.07789,57790000,8
1678313280000,1678313759000,1.07798,1.07872,1.07758,1.0781,244340000,8
1678313760000,1678314239000,1.07811,1.07847,1.07809,1.07844,103590000,8
1678314240000,1678314719000,1.07857,1.07867,1.07841,1.07842,110900000,8
1678314720000,1678315199000,1.07842,1.0787,1.07841,1.07863,115240000,8
1678315200000,1678315679000,1.07863,1.07871,1.07862,1.07863,289900000,8
1678315680000,1678316159000,1.07862,1.07863,1.07817,1.07827,100900000,8
1678316160000,1678316639000,1.07826,1.07852,1.07796,1.07836,572030000,8
1678316640000,1678317119000,1.07838,1.07878,1.07808,1.07818,328530000,8
1678317120000,1678317599000,1.07817,1.07844,1.07817,1.07831,137440000,8
1678317600000,1678318079000,1.07834,1.07851,1.07825,1.07827,232110000,8
1678318080000,1678318559000,1.07827,1.0784,1.07818,1.07821,278510000,8
1678318560000,1678319039000,1.07822,1.07845,1.0782,1.07845,261230000,8
1678319040000,1678319519000,1.07843,1.07851,1.07807,1.0784,253450000,8
1678319520000,1678319999000,1.07841,1.07863,1.07833,1.07841,329710000,8
1678320000000,1678320479000,1.07841,1.07858,1.07825,1.07825,689510000,8
1678320480000,1678320959000,1.07826,1.0784,1.07809,1.07816,594500000,8
1678320960000,1678321439000,1.07815,1.07822,1.078,1.078,579740000,8
1678321440000,1678321919000,1.07797,1.07845,1.07794,1.07843,722350000,8
1678321920000,1678322399000,1.07843,1.07862,1.07819,1.07854,825080000,8
1678322400000,1678322879000,1.07855,1.07874,1.07845,1.07862,486690000,8
1678322880000,1678323359000,1.0786,1.07886,1.07852,1.07874,633190000,8
1678323360000,1678323839000,1.07869,1.07886,1.07843,1.07846,691710000,8
1678323840000,1678324319000,1.07846,1.07882,1.07846,1.07882,734460000,8
1678324320000,1678324799000,1.07883,1.07892,1.07859,1.07883,707920000,8
1678324800000,1678325279000,1.07883,1.0789,1.0784,1.07845,561780000,8
1678325280000,1678325759000,1.07849,1.07868,1.07835,1.07847,994000000,8
1678325760000,1678326239000,1.07847,1.0786,1.07819,1.07819,890000000,8
1678326240000,1678326719000,1.07821,1.07832,1.0779,1.07831,1085800000,8
1678326720000,1678327199000,1.07831,1.07856,1.07819,1.07844,754790000,8
1678327200000,1678327679000,1.07843,1.07865,1.07835,1.07859,782300000,8
1678327680000,1678328159000,1.0786,1.07879,1.07846,1.07859,650190000,8
1678328160000,1678328639000,1.07861,1.07864,1.07825,1.07825,874570000,8
1678328640000,1678329119000,1.07826,1.0785,1.07822,1.0785,745890000,8
1678329120000,1678329599000,1.07847,1.07861,1.07835,1.07841,498490000,8
1678329600000,1678330079000,1.07838,1.07869,1.07837,1.07855,370540000,8
1678330080000,1678330559000,1.07855,1.07867,1.07833,1.07835,393590000,8
1678330560000,1678331039000,1.07834,1.07843,1.07822,1.07827,528470000,8
1678331040000,1678331519000,1.07825,1.07873,1.0782,1.0786,402180000,8
1678331520000,1678331999000,1.0786,1.07868,1.0785,1.0786,429980000,8
1678332000000,1678332479000,1.07859,1.07872,1.0785,1.07863,468920000,8
1678332480000,1678332959000,1.07864,1.07873,1.0784,1.07854,502770000,8
1678332960000,1678333439000,1.07853,1.0788,1.07847,1.07861,554730000,8
1678333440000,1678333919000,1.07862,1.07884,1.07847,1.07856,422750000,8
1678333920000,1678334399000,1.07855,1.07879,1.07853,1.07857,395300000,8
1678334400000,1678334879000,1.07857,1.07866,1.07842,1.07851,323670000,8
1678334880000,1678335359000,1.07851,1.07875,1.07834,1.07868,287190000,8
1678335360000,1678335839000,1.07868,1.07887,1.07855,1.07872,392970000,8
1678335840000,1678336319000,1.07871,1.07886,1.07853,1.07869,450110000,8
1678336320000,1678336799000,1.07869,1.07885,1.07854,1.07857,448050000,8
1678336800000,1678337279000,1.07857,1.07891,1.07852,1.07879,310060000,8
1678337280000,1678337759000,1.0788,1.0793,1.07872,1.07906,951170000,8
1678337760000,1678338239000,1.07903,1.0794,1.07886,1.07911,1099670000,8
1678338240000,1678338719000,1.07911,1.07915,1.07881,1.07888,639560000,8
1678338720000,1678339199000,1.07892,1.07941,1.07889,1.07895,977440000,8
1678339200000,1678339679000,1.07895,1.07925,1.07893,1.07894,542170000,8
1678339680000,1678340159000,1.07894,1.07907,1.07873,1.07883,409610000,8
1678340160000,1678340639000,1.07881,1.07901,1.07876,1.07887,567160000,8
1678340640000,1678341119000,1.07887,1.07909,1.07877,1.07906,540330000,8
1678341120000,1678341599000,1.07908,1.07918,1.07892,1.07898,463670000,8
1678341600000,1678342079000,1.07897,1.07918,1.07893,1.07903,456080000,8
1678342080000,1678342559000,1.07902,1.07942,1.079,1.0794,439270000,8
1678342560000,1678343039000,1.07938,1.0797,1.07935,1.07966,494540000,8
1678343040000,1678343519000,1.07965,1.07989,1.07949,1.07983,488710000,8
1678343520000,1678343999000,1.07982,1.08013,1.07973,1.08008,367270000,8
1678344000000,1678344479000,1.08007,1.08015,1.07994,1.08005,531010000,8
1678344480000,1678344959000,1.08003,1.08031,1.07997,1.08012,406100000,8
1678344960000,1678345439000,1.08015,1.08043,1.07991,1.08034,941400000,8
1678345440000,1678345919000,1.08035,1.08051,1.0802,1.08048,831040000,8
1678345920000,1678346399000,1.08048,1.08061,1.08028,1.0804,828310000,8
1678346400000,1678346879000,1.08039,1.08049,1.0803,1.08033,1011830000,8
1678346880000,1678347359000,1.08035,1.08041,1.08001,1.08027,1128770000,8
1678347360000,1678347839000,1.0803,1.08038,1.08016,1.08026,709440000,8
1678347840000,1678348319000,1.08027,1.08043,1.08014,1.08042,653170000,8
1678348320000,1678348799000,1.0804,1.0805,1.08025,1.08025,626560000,8
1678348800000,1678349279000,1.08025,1.08042,1.08008,1.08035,1286300000,8
1678349280000,1678349759000,1.08035,1.08059,1.08021,1.08053,860860000,8
1678349760000,1678350239000,1.08055,1.08077,1.08029,1.08061,959640000,8
1678350240000,1678350719000,1.08059,1.0807,1.0802,1.08039,1381320000,8
1678350720000,1678351199000,1.08036,1.08045,1.07998,1.08011,1702140000,8
1678351200000,1678351679000,1.08013,1.08022,1.07973,1.07987,1423370000,8
1678351680000,1678352159000,1.07987,1.08003,1.07966,1.07986,1045580000,8
1678352160000,1678352639000,1.07984,1.08014,1.07978,1.07987,987540000,8
1678352640000,1678353119000,1.07985,1.08004,1.07971,1.07978,914060000,8
1678353120000,1678353599000,1.07979,1.07985,1.07947,1.07949,831550000,8
1678353600000,1678354079000,1.07948,1.07964,1.07933,1.07948,1081860000,8
1678354080000,1678354559000,1.07949,1.07956,1.07908,1.07936,1070240000,8
1678354560000,1678355039000,1.07936,1.07936,1.07862,1.07875,1430560000,8
1678355040000,1678355519000,1.07875,1.07933,1.07875,1.07909,1028820000,8
1678355520000,1678355999000,1.07906,1.07923,1.07876,1.07909,1046090000,8
1678356000000,1678356479000,1.07906,1.07909,1.07863,1.07869,1131350000,8
1678356480000,1678356959000,1.0787,1.07907,1.07862,1.07895,895990000,8
1678356960000,1678357439000,1.07893,1.07895,1.07862,1.07863,807110000,8
1678357440000,1678357919000,1.07865,1.07893,1.07861,1.07864,841570000,8
1678357920000,1678358399000,1.07865,1.07876,1.07838,1.07851,939660000,8
1678358400000,1678358879000,1.07849,1.07875,1.07842,1.07866,790510000,8
1678358880000,1678359359000,1.07865,1.07881,1.07847,1.0786,697000000,8
1678359360000,1678359839000,1.07858,1.0786,1.07832,1.07841,738350000,8
1678359840000,1678360319000,1.07839,1.07845,1.07812,1.07829,999390000,8
1678360320000,1678360799000,1.07831,1.07833,1.07801,1.07815,733040000,8
1678360800000,1678361279000,1.07816,1.07838,1.07809,1.07832,763560000,8
1678361280000,1678361759000,1.07829,1.07853,1.07822,1.07847,849370000,8
1678361760000,1678362239000,1.07846,1.07857,1.07831,1.07843,877090000,8
1678362240000,1678362719000,1.07844,1.07855,1.07831,1.07837,785030000,8
1678362720000,1678363199000,1.07836,1.07848,1.07821,1.07847,793510000,8
1678363200000,1678363679000,1.07848,1.0786,1.0783,1.07858,934790000,8
1678363680000,1678364159000,1.07855,1.0787,1.07846,1.07854,930060000,8
1678364160000,1678364639000,1.07851,1.07857,1.0782,1.07851,1077030000,8
1678364640000,1678365119000,1.0785,1.07872,1.07842,1.07854,609020000,8
1678365120000,1678365599000,1.07854,1.07872,1.07848,1.07853,828070000,8
1678365600000,1678366079000,1.07855,1.0788,1.0785,1.07856,669300000,8
1678366080000,1678366559000,1.07857,1.0788,1.07848,1.07861,632340000,8
1678366560000,1678367039000,1.07861,1.07894,1.07855,1.07876,729270000,8
1678367040000,1678367519000,1.07877,1.07901,1.07863,1.07895,930120000,8
1678367520000,1678367999000,1.07897,1.07923,1.07878,1.07895,1250730000,8
1678368000000,1678368479000,1.07895,1.07913,1.07849,1.07855,1658780000,8
1678368480000,1678368959000,1.07856,1.07904,1.07806,1.079,2811390000,8
1678368960000,1678369439000,1.07901,1.07901,1.07851,1.07875,2722240000,8
1678369440000,1678369919000,1.07875,1.07895,1.07867,1.07881,2048150000,8
1678369920000,1678370399000,1.07879,1.07902,1.0786,1.07873,2027900000,8
1678370400000,1678370879000,1.07872,1.07917,1.07859,1.07913,2578130000,8
1678370880000,1678371359000,1.07915,1.07921,1.07897,1.0791,2012550000,8
1678371360000,1678371839000,1.0791,1.07948,1.07896,1.07942,1855660000,8
1678371840000,1678372319000,1.07944,1.07955,1.07916,1.07941,2289440000,8
1678372320000,1678372799000,1.07942,1.07975,1.07936,1.07944,2246880000,8
1678372800000,1678373279000,1.07943,1.07957,1.07934,1.07954,2394170000,8
1678373280000,1678373759000,1.07957,1.07974,1.07936,1.0796,2241390000,8
1678373760000,1678374239000,1.07961,1.07973,1.07926,1.07928,2105940000,8
1678374240000,1678374719000,1.07927,1.07949,1.0786,1.0788,2525830000,8
1678374720000,1678375199000,1.07879,1.07889,1.07841,1.07868,2458750000,8
1678375200000,1678375679000,1.07867,1.07874,1.0785,1.07855,1732900000,8
1678375680000,1678376159000,1.07855,1.07875,1.07841,1.07869,1825620000,8
1678376160000,1678376639000,1.07868,1.07889,1.07837,1.0785,1650010000,8
1678376640000,1678377119000,1.07852,1.07898,1.07833,1.07875,1732020000,8
1678377120000,1678377599000,1.07875,1.07902,1.07857,1.07887,1632470000,8
1678377600000,1678378079000,1.07885,1.0793,1.07877,1.07903,1264770000,8
1678378080000,1678378559000,1.07904,1.07917,1.07889,1.079,1205930000,8
1678378560000,1678379039000,1.07901,1.07913,1.0787,1.07887,1132000000,8
1678379040000,1678379519000,1.07886,1.07912,1.07852,1.07852,1750550000,8
1678379520000,1678379999000,1.07852,1.07862,1.07832,1.07837,1762200000,8
1678380000000,1678380479000,1.07839,1.07844,1.07807,1.07814,1332210000,8
1678380480000,1678380959000,1.07815,1.07848,1.07807,1.07845,1173860000,8
1678380960000,1678381439000,1.07847,1.07869,1.07841,1.07848,1560680000,8
1678381440000,1678381919000,1.07847,1.07853,1.07816,1.0783,1357390000,8
1678381920000,1678382399000,1.07831,1.07838,1.07817,1.07822,1166850000,8
1678382400000,1678382879000,1.07822,1.07837,1.07811,1.07825,1056340000,8
1678382880000,1678383359000,1.07825,1.07836,1.07811,1.07814,1015430000,8
1678383360000,1678383839000,1.07815,1.0782,1.07797,1.07798,1122840000,8
1678383840000,1678384319000,1.078,1.07804,1.07757,1.0776,1419770000,8
1678384320000,1678384799000,1.07761,1.07787,1.07755,1.07783,739120000,8
1678384800000,1678385279000,1.07788,1.07792,1.07758,1.07778,1512200000,8
1678385280000,1678385759000,1.07776,1.07782,1.07741,1.07759,1250470000,8
1678385760000,1678386239000,1.07758,1.07764,1.07726,1.07726,1138850000,8
1678386240000,1678386719000,1.07727,1.07767,1.0772,1.07728,1221820000,8
1678386720000,1678387199000,1.07729,1.07797,1.07714,1.0778,1007180000,8
1678387200000,1678387679000,1.07781,1.07832,1.07749,1.07816,1299430000,8
1678387680000,1678388159000,1.07818,1.07845,1.07809,1.07831,1187490000,8
1678388160000,1678388639000,1.07832,1.07863,1.07819,1.07838,1056130000,8
1678388640000,1678389119000,1.07838,1.07841,1.07802,1.07808,1260590000,8
1678389120000,1678389599000,1.07809,1.07815,1.07794,1.07807,1287710000,8
1678389600000,1678390079000,1.07806,1.07816,1.07786,1.07797,1137590000,8
1678390080000,1678390559000,1.07797,1.07803,1.07778,1.078,1190960000,8
1678390560000,1678391039000,1.07799,1.07856,1.07793,1.07852,819550000,8
1678391040000,1678391519000,1.07855,1.0788,1.0785,1.07866,950030000,8
1678391520000,1678391999000,1.0787,1.07881,1.0783,1.07851,1504240000,8
1678392000000,1678392479000,1.0785,1.07916,1.07844,1.07915,1737630000,8
1678392480000,1678392959000,1.07916,1.07942,1.0788,1.07886,1290870000,8
1678392960000,1678393439000,1.07888,1.07906,1.07865,1.07873,1412250000,8
1678393440000,1678393919000,1.07874,1.07874,1.07837,1.07856,1644330000,8
1678393920000,1678394399000,1.07855,1.0786,1.07816,1.0784,1670220000,8
1678394400000,1678394879000,1.0784,1.07848,1.07815,1.07828,1072500000,8
1678394880000,1678395359000,1.07828,1.07908,1.07826,1.07897,1375860000,8
1678395360000,1678395839000,1.07897,1.07971,1.07886,1.07967,597920000,8
1678395840000,1678396319000,1.07969,1.07969,1.07898,1.079,519300000,8
1678396320000,1678396799000,1.07899,1.07922,1.07895,1.07916,381220000,8
1678396800000,1678397279000,1.07915,1.07984,1.07912,1.07976,394770000,8
1678397280000,1678397759000,1.07975,1.07987,1.07966,1.07975,232340000,8
1678397760000,1678398239000,1.07975,1.07982,1.07943,1.07974,295900000,8
1678398240000,1678398719000,1.07974,1.08018,1.07972,1.08013,305800000,8
1678398720000,1678399199000,1.08014,1.08035,1.07988,1.08001,443910000,8
1678399200000,1678399679000,1.08002,1.08014,1.07904,1.08014,15400000,8
1678399680000,1678400159000,1.08014,1.08014,1.07929,1.07951,107040000,8
1678400160000,1678400639000,1.07951,1.07981,1.0795,1.07976,118720000,8
1678400640000,1678401119000,1.07976,1.07979,1.07946,1.07973,136600000,8
1678401120000,1678401599000,1.07961,1.08021,1.07961,1.08008,147600000,8
1678401600000,1678402079000,1.08011,1.08024,1.08005,1.08018,164700000,8
1678402080000,1678402559000,1.08019,1.0804,1.07988,1.08024,187550000,8
1678402560000,1678403039000,1.08024,1.0804,1.07976,1.0801,803960000,8
1678403040000,1678403519000,1.08011,1.08012,1.07914,1.07968,956500000,8
1678403520000,1678403999000,1.07969,1.08085,1.07963,1.08065,905800000,8
1678404000000,1678404479000,1.08064,1.08105,1.07998,1.08,1207400000,8
1678404480000,1678404959000,1.08001,1.08023,1.07973,1.08013,590740000,8
1678404960000,1678405439000,1.08014,1.08029,1.07978,1.07978,524020000,8
1678405440000,1678405919000,1.0798,1.07995,1.07947,1.07947,1058240000,8
1678405920000,1678406399000,1.07948,1.07999,1.07943,1.07985,1451190000,8
1678406400000,1678406879000,1.07983,1.07993,1.07951,1.07977,1661490000,8
1678406880000,1678407359000,1.07975,1.08001,1.07918,1.07935,1006160000,8
1678407360000,1678407839000,1.07938,1.07952,1.07873,1.07876,1017430000,8
1678407840000,1678408319000,1.07874,1.07886,1.07845,1.07851,1284980000,8
1678408320000,1678408799000,1.07851,1.07902,1.07848,1.07893,827450000,8
1678408800000,1678409279000,1.07894,1.07936,1.07893,1.07925,702080000,8
1678409280000,1678409759000,1.07927,1.07955,1.07913,1.07916,770900000,8
1678409760000,1678410239000,1.07913,1.07913,1.07824,1.07835,1149500000,8
1678410240000,1678410719000,1.07834,1.07835,1.07773,1.07774,1136480000,8
1678410720000,1678411199000,1.07773,1.07802,1.07745,1.07793,1009620000,8
1678411200000,1678411679000,1.07795,1.07807,1.07774,1.0779,1085830000,8
1678411680000,1678412159000,1.07788,1.07796,1.07757,1.07785,1142480000,8
1678412160000,1678412639000,1.07787,1.07817,1.07767,1.07812,1167030000,8
1678412640000,1678413119000,1.07813,1.07816,1.07764,1.07776,1035450000,8
1678413120000,1678413599000,1.07776,1.07789,1.0776,1.07763,934200000,8
1678413600000,1678414079000,1.07765,1.07768,1.07738,1.07755,1036720000,8
1678414080000,1678414559000,1.07755,1.07765,1.07731,1.07739,934510000,8
1678414560000,1678415039000,1.07736,1.07756,1.07692,1.07747,1408080000,8
1678415040000,1678415519000,1.07745,1.07749,1.07661,1.07696,2034190000,8
1678415520000,1678415999000,1.07698,1.07761,1.07697,1.07731,2523740000,8
1678416000000,1678416479000,1.07733,1.07764,1.07704,1.07724,2005000000,8
1678416480000,1678416959000,1.07725,1.07769,1.07719,1.07738,1302480000,8
1678416960000,1678417439000,1.07736,1.07771,1.07705,1.07723,1165650000,8
1678417440000,1678417919000,1.07724,1.07803,1.07718,1.07782,1169210000,8
1678417920000,1678418399000,1.07783,1.07795,1.07761,1.07772,916750000,8
1678418400000,1678418879000,1.07773,1.07788,1.07755,1.07782,751280000,8
1678418880000,1678419359000,1.07782,1.07796,1.07767,1.07785,797580000,8
1678419360000,1678419839000,1.07782,1.07802,1.07773,1.07776,898940000,8
1678419840000,1678420319000,1.07775,1.07796,1.07759,1.0779,859930000,8
1678420320000,1678420799000,1.07789,1.07831,1.07777,1.0783,662170000,8
1678420800000,1678421279000,1.07832,1.07866,1.07825,1.07842,810670000,8
1678421280000,1678421759000,1.07843,1.07868,1.07808,1.07862,737590000,8
1678421760000,1678422239000,1.07858,1.07864,1.07829,1.0786,694860000,8
1678422240000,1678422719000,1.07864,1.07909,1.07854,1.079,722190000,8
1678422720000,1678423199000,1.079,1.0791,1.0787,1.07873,775420000,8
1678423200000,1678423679000,1.07875,1.07903,1.07856,1.079,787410000,8
1678423680000,1678424159000,1.07902,1.07986,1.07893,1.07978,1056650000,8
1678424160000,1678424639000,1.07978,1.08021,1.07968,1.0799,1323710000,8
1678424640000,1678425119000,1.07986,1.07999,1.07971,1.07993,1119230000,8
1678425120000,1678425599000,1.07994,1.08007,1.07957,1.07984,966760000,8
1678425600000,1678426079000,1.07986,1.07999,1.07952,1.07987,997930000,8
1678426080000,1678426559000,1.07988,1.08,1.07971,1.07974,1051150000,8
1678426560000,1678427039000,1.07975,1.07991,1.07966,1.0797,870320000,8
1678427040000,1678427519000,1.0797,1.07985,1.07948,1.07977,660000000,8
1678427520000,1678427999000,1.07979,1.07994,1.07965,1.07986,569640000,8
1678428000000,1678428479000,1.07984,1.07995,1.07965,1.07969,936580000,8
1678428480000,1678428959000,1.07971,1.08,1.07964,1.07986,881860000,8
1678428960000,1678429439000,1.07986,1.08023,1.07974,1.08018,797740000,8
1678429440000,1678429919000,1.08018,1.08023,1.0798,1.08014,754750000,8
1678429920000,1678430399000,1.08017,1.08029,1.08001,1.08004,611040000,8
1678430400000,1678430879000,1.08003,1.08049,1.07993,1.08028,715010000,8
1678430880000,1678431359000,1.08027,1.08027,1.07948,1.07963,760230000,8
1678431360000,1678431839000,1.07965,1.07983,1.0792,1.07935,1510530000,8
1678431840000,1678432319000,1.07935,1.07965,1.07925,1.07945,1669570000,8
1678432320000,1678432799000,1.07945,1.07957,1.07926,1.07957,1420270000,8
1678432800000,1678433279000,1.07958,1.07965,1.07934,1.07947,1315870000,8
1678433280000,1678433759000,1.07947,1.07967,1.07896,1.07911,1486220000,8
1678433760000,1678434239000,1.07913,1.07936,1.0789,1.07926,1518000000,8
1678434240000,1678434719000,1.07928,1.07953,1.07917,1.07927,1495550000,8
1678434720000,1678435199000,1.0793,1.0796,1.07925,1.07938,1245320000,8
1678435200000,1678435679000,1.07935,1.07952,1.07891,1.07896,1947120000,8
1678435680000,1678436159000,1.07896,1.07905,1.07833,1.07838,2386140000,8
1678436160000,1678436639000,1.07837,1.07843,1.07803,1.07806,2139770000,8
1678436640000,1678437119000,1.07806,1.07812,1.07723,1.0773,2104410000,8
1678437120000,1678437599000,1.0773,1.07731,1.07676,1.07696,1660590000,8
1678437600000,1678438079000,1.07696,1.07699,1.07669,1.07685,2071920000,8
1678438080000,1678438559000,1.07687,1.07717,1.07659,1.07667,1637240000,8
1678438560000,1678439039000,1.07666,1.07733,1.07666,1.07731,1563600000,8
1678439040000,1678439519000,1.07731,1.07791,1.07727,1.0779,1318520000,8
1678439520000,1678439999000,1.07793,1.07827,1.07781,1.07819,982160000,8
1678440000000,1678440479000,1.07819,1.07838,1.07802,1.07824,1175690000,8
1678440480000,1678440959000,1.07824,1.07837,1.0781,1.07816,1052170000,8
1678440960000,1678441439000,1.07816,1.07829,1.07802,1.07812,1016450000,8
1678441440000,1678441919000,1.07814,1.07821,1.07772,1.07783,1443310000,8
1678441920000,1678442399000,1.07782,1.07802,1.07771,1.07786,1538470000,8
1678442400000,1678442879000,1.07788,1.07813,1.0777,1.07793,1349360000,8
1678442880000,1678443359000,1.0779,1.07807,1.07773,1.07798,1110740000,8
1678443360000,1678443839000,1.07801,1.07874,1.07798,1.07867,888150000,8
1678443840000,1678444319000,1.07868,1.07896,1.07861,1.07878,753150000,8
1678444320000,1678444799000,1.07877,1.07895,1.0786,1.07862,1128130000,8
1678444800000,1678445279000,1.07863,1.07884,1.07835,1.07839,882440000,8
1678445280000,1678445759000,1.0784,1.07867,1.07834,1.07842,855880000,8
1678445760000,1678446239000,1.07842,1.07855,1.07818,1.07847,735070000,8
1678446240000,1678446719000,1.0785,1.07859,1.07806,1.07822,762260000,8
1678446720000,1678447199000,1.07822,1.07844,1.07812,1.07821,624020000,8
1678447200000,1678447679000,1.07821,1.07832,1.07803,1.07814,845870000,8
1678447680000,1678448159000,1.07815,1.07832,1.07805,1.07822,1141290000,8
1678448160000,1678448639000,1.07826,1.07826,1.07806,1.0782,1045680000,8
1678448640000,1678449119000,1.0782,1.0783,1.07776,1.07788,855970000,8
1678449120000,1678449599000,1.07787,1.07798,1.07768,1.07779,926810000,8
1678449600000,1678450079000,1.07778,1.07845,1.07774,1.07836,1094000000,8
1678450080000,1678450559000,1.07836,1.07846,1.07821,1.07836,860430000,8
1678450560000,1678451039000,1.0784,1.07841,1.07813,1.07821,1015070000,8
1678451040000,1678451519000,1.07817,1.0782,1.07788,1.07788,1396980000,8
1678451520000,1678451999000,1.0779,1.078,1.07769,1.07786,1736700000,8
1678452000000,1678452479000,1.07786,1.07786,1.07726,1.07732,1510870000,8
1678452480000,1678452959000,1.07732,1.07742,1.0767,1.07703,1383570000,8
1678452960000,1678453439000,1.07702,1.07707,1.07622,1.07666,2294660000,8
1678453440000,1678453919000,1.07667,1.07676,1.07631,1.07642,2160470000,8
1678453920000,1678454399000,1.07642,1.07651,1.07625,1.07636,1911020000,8
1678454400000,1678454879000,1.07637,1.07638,1.07568,1.07573,2009100000,8
1678454880000,1678455359000,1.07571,1.07759,1.07502,1.07757,5101250000,8
1678455360000,1678455839000,1.07753,1.07762,1.07659,1.07718,4692590000,8
1678455840000,1678456319000,1.07719,1.07765,1.07709,1.07732,3564280000,8
1678456320000,1678456799000,1.07733,1.07761,1.07702,1.07711,4234350000,8
1678456800000,1678457279000,1.07711,1.07739,1.07662,1.07727,5851220000,8
1678457280000,1678457759000,1.07726,1.07739,1.07636,1.07641,5012950000,8
1678457760000,1678458239000,1.07641,1.0765,1.07601,1.07605,3746100000,8
1678458240000,1678458719000,1.07605,1.07633,1.07584,1.076,4052700000,8
1678458720000,1678459199000,1.07601,1.07623,1.0754,1.0754,6567720000,8
1678459200000,1678459679000,1.0754,1.07578,1.07512,1.07578,4403230000,8
1678459680000,1678460159000,1.07577,1.0759,1.07516,1.07572,4154630000,8
1678460160000,1678460639000,1.07568,1.07581,1.07531,1.07531,4381860000,8
1678460640000,1678461119000,1.07532,1.07542,1.07467,1.07487,4358390000,8
1678461120000,1678461599000,1.07489,1.07502,1.07415,1.07424,4167700000,8
1678461600000,1678462079000,1.07421,1.07431,1.07353,1.0742,4375030000,8
1678462080000,1678462559000,1.07419,1.07473,1.07406,1.07457,4464600000,8
1678462560000,1678463039000,1.07457,1.07477,1.07431,1.07452,4182980000,8
1678463040000,1678463519000,1.07453,1.07458,1.07392,1.07402,3511430000,8
1678463520000,1678463999000,1.07403,1.07425,1.07356,1.0742,3278140000,8
1678464000000,1678464479000,1.0742,1.07459,1.07404,1.07452,3112050000,8
1678464480000,1678464959000,1.07452,1.07511,1.07449,1.07489,3122050000,8
1678464960000,1678465439000,1.07491,1.07518,1.07475,1.07515,3097430000,8
1678465440000,1678465919000,1.07514,1.07539,1.07504,1.07537,3170740000,8
1678465920000,1678466399000,1.07536,1.07591,1.07513,1.07543,3366960000,8
1678466400000,1678466879000,1.07544,1.07557,1.07502,1.07505,4107040000,8
1678466880000,1678467359000,1.07504,1.07535,1.07498,1.07531,3586570000,8
1678467360000,1678467839000,1.07532,1.07532,1.0748,1.07483,3234580000,8
1678467840000,1678468319000,1.07483,1.07505,1.07465,1.07477,2992400000,8
1678468320000,1678468799000,1.07475,1.07484,1.0745,1.07468,2365390000,8
1678468800000,1678469279000,1.07466,1.07478,1.07448,1.07451,2170930000,8
1678469280000,1678469759000,1.0745,1.07467,1.07438,1.07444,2346990000,8
1678469760000,1678470239000,1.07443,1.07478,1.07442,1.07462,2003810000,8
1678470240000,1678470719000,1.07461,1.07482,1.0745,1.07476,1894460000,8
1678470720000,1678471199000,1.07474,1.07486,1.07455,1.0747,1466520000,8
1678471200000,1678471679000,1.07472,1.07497,1.07457,1.07477,1435030000,8
1678471680000,1678472159000,1.07477,1.07489,1.07452,1.07454,1314470000,8
1678472160000,1678472639000,1.07454,1.07503,1.07434,1.07479,1625370000,8
1678472640000,1678473119000,1.07479,1.07491,1.07429,1.07441,1498560000,8
1678473120000,1678473599000,1.0744,1.07465,1.07415,1.07432,1882360000,8
1678473600000,1678474079000,1.07433,1.0744,1.07294,1.07315,2008900000,8
1678474080000,1678474559000,1.07314,1.07362,1.07308,1.07348,1404170000,8
1678474560000,1678475039000,1.07347,1.07379,1.07324,1.07341,1701390000,8
1678475040000,1678475519000,1.07343,1.07365,1.07336,1.07347,2346760000,8
1678475520000,1678475999000,1.07347,1.07357,1.07326,1.07339,1757790000,8
1678476000000,1678476479000,1.07337,1.07367,1.07335,1.07347,2038630000,8
1678476480000,1678476959000,1.07346,1.07363,1.07332,1.0735,2647580000,8
1678476960000,1678477439000,1.07351,1.07393,1.07333,1.07341,3269120000,8
1678477440000,1678477919000,1.07344,1.07355,1.07308,1.07333,2362300000,8
1678477920000,1678478399000,1.07335,1.07361,1.07284,1.07287,2920070000,8
1678478400000,1678478879000,1.07286,1.07333,1.07281,1.07312,2580170000,8
1678478880000,1678479359000,1.07315,1.07338,1.073,1.07326,2155320000,8
1678479360000,1678479839000,1.07327,1.07339,1.073,1.07306,2408000000,8
1678479840000,1678480319000,1.07306,1.07322,1.07286,1.07295,1951230000,8
1678480320000,1678480799000,1.07296,1.07315,1.07276,1.07292,1637840000,8
1678480800000,1678481279000,1.07292,1.07299,1.07268,1.07277,1010280000,8
1678481280000,1678481759000,1.07275,1.0728,1.07238,1.07249,1251290000,8
1678481760000,1678482239000,1.07247,1.07286,1.07229,1.07284,736440000,8
1678482240000,1678482719000,1.07285,1.07305,1.07275,1.07297,514820000,8
1678482720000,1678483199000,1.07297,1.07304,1.07234,1.07249,298200000,8
1678483200000,1678483679000,1.07251,1.07272,1.07251,1.07264,136280000,8
1678483680000,1678484159000,1.07264,1.07271,1.07244,1.07247,373830000,8
1678484160000,1678484639000,1.07247,1.07262,1.07226,1.07236,346140000,8
1678484640000,1678485119000,1.07235,1.07286,1.07234,1.07282,276320000,8
1678485120000,1678485599000,1.07284,1.07303,1.0722,1.07247,848650000,8
1678485600000,1678486079000,1.07247,1.07247,1.07247,1.07247,0,8
1678486080000,1678486559000,1.07247,1.07247,1.07247,1.07247,0,8
1678486560000,1678487039000,1.07247,1.07247,1.07247,1.07247,0,8
1678487040000,1678487519000,1.07247,1.07247,1.07247,1.07247,0,8
1678487520000,1678487999000,1.07247,1.07247,1.07247,1.07247,0,8
1678488000000,1678488479000,1.07247,1.07247,1.07247,1.07247,0,8
1678488480000,1678488959000,1.07247,1.07247,1.07247,1.07247,0,8
1678488960000,1678489439000,1.07247,1.07247,1.07247,1.07247,0,8
1678489440000,1678489919000,1.07247,1.07247,1.07247,1.07247,0,8
1678489920000,1678490399000,1.07247,1.07247,1.07247,1.07247,0,8
1678490400000,1678490879000,1.07247,1.07247,1.07247,1.07247,0,8
1678490880000,1678491359000,1.07247,1.07247,1.07247,1.07247,0,8
1678491360000,1678491839000,1.07247,1.07247,1.07247,1.07247,0,8
1678491840000,1678492319000,1.07247,1.07247,1.07247,1.07247,0,8
1678492320000,1678492799000,1.07247,1.07247,1.07247,1.07247,0,8
1678655040000,1678655519000,1.0746,1.07538,1.0724,1.07422,206770000,8
1678656000000,1678656479000,1.07507,1.07566,1.07466,1.07538,132410000,8
1678656480000,1678656959000,1.07538,1.07584,1.07499,1.0758,62850000,8
1678656960000,1678657439000,1.07584,1.07589,1.07332,1.07488,261600000,8
1678657440000,1678657919000,1.07488,1.07528,1.07317,1.07378,208810000,8
1678657920000,1678658399000,1.07378,1.07536,1.07346,1.0753,91200000,8
1678658400000,1678658879000,1.07483,1.075,1.07263,1.07285,403980000,8
1678658880000,1678659359000,1.07288,1.07429,1.07285,1.07355,854930000,8
1678659360000,1678659839000,1.07355,1.07625,1.07354,1.07517,905780000,8
1678659840000,1678660319000,1.07524,1.07604,1.07497,1.07543,815390000,8
1678660320000,1678660799000,1.07543,1.07546,1.07456,1.07531,643180000,8
1678660800000,1678661279000,1.0753,1.07654,1.07453,1.07533,692460000,8
1678661280000,1678661759000,1.07533,1.07592,1.07463,1.07579,521840000,8
1678661760000,1678662239000,1.07575,1.0768,1.07568,1.07624,1276640000,8
1678662240000,1678662719000,1.07628,1.07668,1.07553,1.07569,2204200000,8
1678662720000,1678663199000,1.07568,1.07598,1.07554,1.07585,1556680000,8
1678663200000,1678663679000,1.07582,1.07716,1.07545,1.07677,2659930000,8
1678663680000,1678664159000,1.07677,1.07685,1.07636,1.07654,1717120000,8
1678664160000,1678664639000,1.07655,1.07673,1.07631,1.07658,1355500000,8
1678664640000,1678665119000,1.07657,1.07669,1.07619,1.07631,1815520000,8
1678665120000,1678665599000,1.07633,1.07696,1.07595,1.07672,1615200000,8
1678665600000,1678666079000,1.07671,1.07707,1.07608,1.07664,3678670000,8
1678666080000,1678666559000,1.07664,1.07714,1.07646,1.07648,2975500000,8
1678666560000,1678667039000,1.07648,1.07663,1.07612,1.07627,2101880000,8
1678667040000,1678667519000,1.07627,1.07629,1.07557,1.07581,1785440000,8
1678667520000,1678667999000,1.07583,1.07632,1.07569,1.07607,1572380000,8
1678668000000,1678668479000,1.07607,1.07623,1.07571,1.07589,1671980000,8
1678668480000,1678668959000,1.0759,1.0761,1.0754,1.07543,1461930000,8
1678668960000,1678669439000,1.07543,1.07574,1.07491,1.07556,2098280000,8
1678669440000,1678669919000,1.07553,1.07553,1.07494,1.0751,1690860000,8
1678669920000,1678670399000,1.07513,1.07523,1.07447,1.07481,1421140000,8
1678670400000,1678670879000,1.07484,1.07494,1.07432,1.07443,1475420000,8
1678670880000,1678671359000,1.07444,1.07473,1.07423,1.07454,1896000000,8
1678671360000,1678671839000,1.07454,1.0759,1.07434,1.07579,1800080000,8
1678671840000,1678672319000,1.07579,1.07605,1.07565,1.07566,1467220000,8
1678672320000,1678672799000,1.07566,1.07575,1.07515,1.07538,1708660000,8
1678672800000,1678673279000,1.07539,1.07609,1.07535,1.07557,1968130000,8
1678673280000,1678673759000,1.07557,1.07558,1.0751,1.07517,1753360000,8
1678673760000,1678674239000,1.07515,1.0758,1.07503,1.07563,2000070000,8
1678674240000,1678674719000,1.07563,1.07615,1.07547,1.07589,3426990000,8
1678674720000,1678675199000,1.07592,1.07603,1.07482,1.07501,3742020000,8
1678675200000,1678675679000,1.07505,1.07534,1.07484,1.07494,2930380000,8
1678675680000,1678676159000,1.07494,1.07571,1.07488,1.07568,2296750000,8
1678676160000,1678676639000,1.0757,1.07585,1.07534,1.07578,2319490000,8
1678676640000,1678677119000,1.07577,1.07598,1.07554,1.07563,1969070000,8
1678677120000,1678677599000,1.07563,1.07581,1.07551,1.07568,1639540000,8
1678677600000,1678678079000,1.07565,1.07579,1.07513,1.07528,1844360000,8
1678678080000,1678678559000,1.07526,1.0756,1.07505,1.07516,1258720000,8
1678678560000,1678679039000,1.07514,1.07544,1.07514,1.07538,1516910000,8
1678679040000,1678679519000,1.07537,1.07553,1.07516,1.07552,1645620000,8
1678679520000,1678679999000,1.07552,1.07556,1.07511,1.07525,1693100000,8
1678680000000,1678680479000,1.07526,1.07551,1.07522,1.07539,1560230000,8
1678680480000,1678680959000,1.0754,1.07562,1.07537,1.07551,1353970000,8
1678680960000,1678681439000,1.07552,1.07576,1.07548,1.07566,1080140000,8
1678681440000,1678681919000,1.07567,1.07594,1.07564,1.07593,1164350000,8
1678681920000,1678682399000,1.07592,1.07597,1.07563,1.07571,1046480000,8
1678682400000,1678682879000,1.07571,1.07587,1.07566,1.07581,556480000,8
1678682880000,1678683359000,1.07581,1.07587,1.07534,1.07553,840050000,8
1678683360000,1678683839000,1.07554,1.07584,1.07536,1.07568,1072750000,8
1678683840000,1678684319000,1.07569,1.07571,1.0753,1.07544,858110000,8
1678684320000,1678684799000,1.07546,1.07555,1.07526,1.0755,962830000,8
1678684800000,1678685279000,1.07547,1.07562,1.07527,1.07533,652730000,8
1678685280000,1678685759000,1.07533,1.07541,1.07517,1.07531,644780000,8
1678685760000,1678686239000,1.07533,1.07551,1.07521,1.07538,828010000,8
1678686240000,1678686719000,1.07538,1.07609,1.07534,1.07584,1049080000,8
1678686720000,1678687199000,1.07585,1.07643,1.07582,1.07634,905240000,8
1678687200000,1678687679000,1.07634,1.07641,1.07592,1.07612,1601690000,8
1678687680000,1678688159000,1.07611,1.07656,1.07594,1.07639,1557830000,8
1678688160000,1678688639000,1.0764,1.07694,1.07637,1.07681,1631040000,8
1678688640000,1678689119000,1.07684,1.0772,1.07665,1.07709,1353030000,8
1678689120000,1678689599000,1.0771,1.0775,1.07703,1.0774,1238690000,8
1678689600000,1678690079000,1.07742,1.07744,1.07702,1.0772,1215140000,8
1678690080000,1678690559000,1.07722,1.07742,1.07705,1.07735,1529000000,8
1678690560000,1678691039000,1.07735,1.0774,1.07674,1.07718,1565920000,8
1678691040000,1678691519000,1.07716,1.07737,1.07687,1.07732,2223120000,8
1678691520000,1678691999000,1.07727,1.07796,1.07726,1.07777,1735340000,8
1678692000000,1678692479000,1.07776,1.07801,1.07752,1.0776,1460000000,8
1678692480000,1678692959000,1.07757,1.07809,1.07732,1.07747,2328780000,8
1678692960000,1678693439000,1.07746,1.07759,1.07725,1.07732,1985460000,8
1678693440000,1678693919000,1.0773,1.07813,1.07727,1.07804,1724660000,8
1678693920000,1678694399000,1.07807,1.07844,1.078,1.07821,1449810000,8
1678694400000,1678694879000,1.07823,1.07839,1.07794,1.07818,2503160000,8
1678694880000,1678695359000,1.07816,1.07836,1.0778,1.07795,2796490000,8
1678695360000,1678695839000,1.07794,1.07798,1.07696,1.07713,2844850000,8
1678695840000,1678696319000,1.07712,1.07714,1.07663,1.07664,2768910000,8
1678696320000,1678696799000,1.07665,1.07673,1.07596,1.07599,2679230000,8
1678696800000,1678697279000,1.07599,1.07649,1.07567,1.07574,2705990000,8
1678697280000,1678697759000,1.07574,1.07574,1.07502,1.07512,1919610000,8
1678697760000,1678698239000,1.07511,1.07512,1.07428,1.07433,2932350000,8
1678698240000,1678698719000,1.07433,1.0745,1.07397,1.07404,3446070000,8
1678698720000,1678699199000,1.07402,1.07424,1.0738,1.07408,3205080000,8
1678699200000,1678699679000,1.07407,1.07414,1.0734,1.07384,3876600000,8
1678699680000,1678700159000,1.07384,1.07387,1.07276,1.07286,3816560000,8
1678700160000,1678700639000,1.07283,1.07297,1.07215,1.07219,4019970000,8
1678700640000,1678701119000,1.07217,1.07372,1.07192,1.07367,4158840000,8
1678701120000,1678701599000,1.07371,1.07376,1.07291,1.07322,3454650000,8
1678701600000,1678702079000,1.07322,1.07352,1.07304,1.07348,4316550000,8
1678702080000,1678702559000,1.07347,1.07349,1.07191,1.07216,3339400000,8
1678702560000,1678703039000,1.07217,1.07297,1.07215,1.07268,2810470000,8
1678703040000,1678703519000,1.07268,1.07295,1.07253,1.07269,2780810000,8
1678703520000,1678703999000,1.0727,1.07303,1.0724,1.07282,3174400000,8
1678704000000,1678704479000,1.07278,1.07308,1.07263,1.07294,2557190000,8
1678704480000,1678704959000,1.07295,1.0737,1.07272,1.07356,2791660000,8
1678704960000,1678705439000,1.07355,1.07474,1.07354,1.07411,3344370000,8
1678705440000,1678705919000,1.07415,1.07445,1.07364,1.07394,3202310000,8
1678705920000,1678706399000,1.07394,1.07425,1.07347,1.07368,2795430000,8
1678706400000,1678706879000,1.07367,1.07385,1.07333,1.0736,2481880000,8
1678706880000,1678707359000,1.07361,1.07361,1.07304,1.07318,2939960000,8
1678707360000,1678707839000,1.0732,1.07359,1.07317,1.07329,2756460000,8
1678707840000,1678708319000,1.0733,1.07343,1.07282,1.07328,3068130000,8
1678708320000,1678708799000,1.07329,1.07332,1.07271,1.07282,3232830000,8
1678708800000,1678709279000,1.07286,1.07303,1.0722,1.07235,4420630000,8
1678709280000,1678709759000,1.07235,1.07269,1.07173,1.07185,4028860000,8
1678709760000,1678710239000,1.07185,1.07222,1.07175,1.0718,4791630000,8
1678710240000,1678710719000,1.07181,1.07191,1.07142,1.07159,4585630000,8
1678710720000,1678711199000,1.07159,1.0717,1.07066,1.07073,4969330000,8
1678711200000,1678711679000,1.07074,1.07095,1.07052,1.07066,4180850000,8
1678711680000,1678712159000,1.07066,1.07073,1.07017,1.07065,4517000000,8
1678712160000,1678712639000,1.07064,1.07123,1.07032,1.07083,5360690000,8
1678712640000,1678713119000,1.07083,1.07202,1.07074,1.07184,3806260000,8
1678713120000,1678713599000,1.07184,1.07244,1.07144,1.07225,4777600000,8
1678713600000,1678714079000,1.07225,1.07228,1.07106,1.07111,3659200000,8
1678714080000,1678714559000,1.0711,1.07118,1.07054,1.07084,5043180000,8
1678714560000,1678715039000,1.07084,1.07103,1.07041,1.07063,4393610000,8
1678715040000,1678715519000,1.07063,1.07096,1.07012,1.07093,3807750000,8
1678715520000,1678715999000,1.0709,1.07195,1.0709,1.07172,3257100000,8
1678716000000,1678716479000,1.07174,1.07192,1.07081,1.07137,4610760000,8
1678716480000,1678716959000,1.07135,1.0717,1.07082,1.07087,4248970000,8
1678716960000,1678717439000,1.07084,1.07089,1.07031,1.07075,3713100000,8
1678717440000,1678717919000,1.07075,1.07088,1.07037,1.07049,3782080000,8
1678717920000,1678718399000,1.07049,1.07089,1.07028,1.07042,3980300000,8
1678718400000,1678718879000,1.07041,1.07101,1.06977,1.07094,4440270000,8
1678718880000,1678719359000,1.07091,1.07129,1.07067,1.07109,4400160000,8
1678719360000,1678719839000,1.07108,1.07175,1.07107,1.07128,3241570000,8
1678719840000,1678720319000,1.07127,1.07185,1.0711,1.07169,3385970000,8
1678720320000,1678720799000,1.07167,1.07226,1.07146,1.07209,3733530000,8
1678720800000,1678721279000,1.07212,1.07262,1.07195,1.07243,3578230000,8
1678721280000,1678721759000,1.07243,1.07245,1.07152,1.07182,3488380000,8
1678721760000,1678722239000,1.07182,1.07195,1.0715,1.07176,3156610000,8
1678722240000,1678722719000,1.07176,1.07228,1.07147,1.07214,2741900000,8
1678722720000,1678723199000,1.07212,1.07228,1.07114,1.07126,3311840000,8
1678723200000,1678723679000,1.07124,1.07152,1.0711,1.07116,3773740000,8
1678723680000,1678724159000,1.07117,1.07138,1.07067,1.07087,2487810000,8
1678724160000,1678724639000,1.07087,1.07094,1.0706,1.07079,1961750000,8
1678724640000,1678725119000,1.07079,1.0709,1.07021,1.07031,2716460000,8
1678725120000,1678725599000,1.07033,1.07062,1.0701,1.07051,2483400000,8
1678725600000,1678726079000,1.07049,1.07074,1.07014,1.07018,2570750000,8
1678726080000,1678726559000,1.0702,1.07022,1.06985,1.07007,3198710000,8
1678726560000,1678727039000,1.07007,1.07014,1.06975,1.06982,2951470000,8
1678727040000,1678727519000,1.06986,1.07036,1.06961,1.07009,2719010000,8
1678727520000,1678727999000,1.07011,1.07026,1.06988,1.07009,1987110000,8
1678728000000,1678728479000,1.07011,1.07035,1.07,1.07006,2146380000,8
1678728480000,1678728959000,1.07006,1.07022,1.06982,1.07008,2307110000,8
1678728960000,1678729439000,1.07008,1.07035,1.07001,1.0702,2020250000,8
1678729440000,1678729919000,1.0702,1.07052,1.07017,1.07041,2253130000,8
1678729920000,1678730399000,1.0704,1.07076,1.07035,1.07062,1910910000,8
1678730400000,1678730879000,1.07066,1.07088,1.07046,1.07073,1248110000,8
1678730880000,1678731359000,1.07077,1.07082,1.07056,1.07066,1407460000,8
1678731360000,1678731839000,1.07068,1.07086,1.07054,1.07064,1505980000,8
1678731840000,1678732319000,1.07064,1.07089,1.07042,1.07058,1508280000,8
1678732320000,1678732799000,1.07058,1.07082,1.07025,1.07032,1870140000,8
1678732800000,1678733279000,1.07032,1.07064,1.07015,1.07022,2779600000,8
1678733280000,1678733759000,1.07023,1.07093,1.07022,1.07078,2120540000,8
1678733760000,1678734239000,1.0708,1.07136,1.07049,1.07126,2372700000,8
1678734240000,1678734719000,1.07128,1.07157,1.07118,1.07147,1730960000,8
1678734720000,1678735199000,1.07148,1.07152,1.07111,1.07115,1598740000,8
1678735200000,1678735679000,1.07117,1.07122,1.07075,1.07081,2038370000,8
1678735680000,1678736159000,1.0708,1.0708,1.07042,1.07075,2015190000,8
1678736160000,1678736639000,1.07074,1.07092,1.07059,1.07081,1638550000,8
1678736640000,1678737119000,1.07081,1.0711,1.07072,1.07105,1919470000,8
1678737120000,1678737599000,1.07108,1.07145,1.07098,1.07145,883480000,8
1678737600000,1678738079000,1.07143,1.07152,1.07119,1.0715,891790000,8
1678738080000,1678738559000,1.07151,1.07162,1.07124,1.07161,456100000,8
1678738560000,1678739039000,1.07163,1.07231,1.0716,1.07213,331080000,8
1678739040000,1678739519000,1.07213,1.07235,1.07185,1.07189,248080000,8
1678739520000,1678739999000,1.07191,1.07205,1.07177,1.07177,219990000,8
1678740000000,1678740479000,1.07178,1.07206,1.07176,1.07183,262150000,8
1678740480000,1678740959000,1.07183,1.07205,1.07163,1.07172,299320000,8
1678740960000,1678741439000,1.07174,1.07188,1.07165,1.07174,204290000,8
1678741440000,1678741919000,1.06974,1.07134,1.06881,1.07098,99700000,8
1678741920000,1678742399000,1.07099,1.07167,1.0709,1.07137,216300000,8
1678742400000,1678742879000,1.07136,1.07215,1.07066,1.07129,194270000,8
1678742880000,1678743359000,1.07057,1.07169,1.07056,1.07166,225800000,8
1678743360000,1678743839000,1.07166,1.07172,1.07081,1.07137,137030000,8
1678743840000,1678744319000,1.07139,1.07166,1.07081,1.07137,122660000,8
1678744320000,1678744799000,1.07139,1.07168,1.07075,1.07149,163940000,8
1678744800000,1678745279000,1.07143,1.07213,1.07114,1.0721,649430000,8
1678745280000,1678745759000,1.0721,1.07226,1.07161,1.07175,449330000,8
1678745760000,1678746239000,1.07175,1.07184,1.07139,1.07153,422000000,8
1678746240000,1678746719000,1.07151,1.07172,1.07137,1.07167,200320000,8
1678746720000,1678747199000,1.07166,1.07185,1.07147,1.07174,432820000,8
1678747200000,1678747679000,1.07177,1.07179,1.07153,1.07157,606500000,8
1678747680000,1678748159000,1.07157,1.07171,1.07143,1.07143,333840000,8
1678748160000,1678748639000,1.07142,1.07166,1.07133,1.07152,377250000,8
1678748640000,1678749119000,1.0715,1.07188,1.07138,1.07183,274570000,8
1678749120000,1678749599000,1.07182,1.07185,1.07165,1.07174,215980000,8
1678749600000,1678750079000,1.07173,1.07177,1.07152,1.07169,403100000,8
1678750080000,1678750559000,1.07168,1.07173,1.07131,1.07141,464810000,8
1678750560000,1678751039000,1.07142,1.07163,1.07132,1.07156,411660000,8
1678751040000,1678751519000,1.07156,1.07165,1.07114,1.07125,562750000,8
1678751520000,1678751999000,1.07126,1.07126,1.07087,1.07094,708400000,8
1678752000000,1678752479000,1.07097,1.07098,1.07055,1.07066,1173300000,8
1678752480000,1678752959000,1.07065,1.07078,1.07035,1.07051,1559670000,8
1678752960000,1678753439000,1.07053,1.07078,1.07024,1.07034,1483190000,8
1678753440000,1678753919000,1.07035,1.07066,1.07021,1.07044,1669570000,8
1678753920000,1678754399000,1.07046,1.07066,1.0703,1.07047,1151300000,8
1678754400000,1678754879000,1.07048,1.07074,1.07034,1.07052,1076520000,8
1678754880000,1678755359000,1.07051,1.07077,1.07047,1.07062,1592160000,8
1678755360000,1678755839000,1.07063,1.07066,1.07023,1.07044,1909820000,8
1678755840000,1678756319000,1.07041,1.07093,1.07037,1.07072,1413380000,8
1678756320000,1678756799000,1.07074,1.07088,1.07023,1.07026,1402200000,8
1678756800000,1678757279000,1.07026,1.07069,1.07025,1.07043,1302740000,8
1678757280000,1678757759000,1.07045,1.07056,1.07024,1.07056,1549610000,8
1678757760000,1678758239000,1.07054,1.07103,1.07045,1.07051,1666000000,8
1678758240000,1678758719000,1.07052,1.0706,1.07018,1.07032,2159170000,8
1678758720000,1678759199000,1.07034,1.07082,1.07024,1.07071,1544700000,8
1678759200000,1678759679000,1.07071,1.07076,1.07029,1.0705,1746810000,8
1678759680000,1678760159000,1.07047,1.07047,1.06991,1.07015,1349560000,8
1678760160000,1678760639000,1.07016,1.07024,1.06974,1.06985,1091400000,8
1678760640000,1678761119000,1.06986,1.07016,1.06922,1.06952,1538900000,8
1678761120000,1678761599000,1.06951,1.06954,1.06906,1.06948,1188290000,8
1678761600000,1678762079000,1.0695,1.06977,1.06926,1.06942,1288860000,8
1678762080000,1678762559000,1.06941,1.06957,1.06892,1.06901,827400000,8
1678762560000,1678763039000,1.06901,1.06958,1.06896,1.06953,1487590000,8
1678763040000,1678763519000,1.06954,1.06995,1.0695,1.06962,1195170000,8
1678763520000,1678763999000,1.06961,1.06979,1.06949,1.06975,1136340000,8
1678764000000,1678764479000,1.06972,1.07,1.0697,1.06976,1275440000,8
1678764480000,1678764959000,1.06976,1.0699,1.06942,1.06943,1334190000,8
1678764960000,1678765439000,1.06943,1.06943,1.06912,1.06926,1115140000,8
1678765440000,1678765919000,1.0693,1.06987,1.06922,1.06961,812660000,8
1678765920000,1678766399000,1.06959,1.06979,1.06922,1.06922,1051770000,8
1678766400000,1678766879000,1.06923,1.06949,1.06909,1.06937,838060000,8
1678766880000,1678767359000,1.06935,1.06987,1.06924,1.06966,579830000,8
1678767360000,1678767839000,1.06968,1.06994,1.06964,1.06985,676220000,8
1678767840000,1678768319000,1.06985,1.06996,1.06969,1.06989,714700000,8
1678768320000,1678768799000,1.06991,1.07002,1.0696,1.06973,577900000,8
1678768800000,1678769279000,1.06973,1.06989,1.06944,1.06956,898870000,8
1678769280000,1678769759000,1.06956,1.0701,1.06956,1.07006,685940000,8
1678769760000,1678770239000,1.07008,1.07058,1.06996,1.07045,785740000,8
1678770240000,1678770719000,1.07045,1.07067,1.07031,1.07047,966830000,8
1678770720000,1678771199000,1.07043,1.07056,1.07024,1.07026,758990000,8
1678771200000,1678771679000,1.07026,1.07058,1.07022,1.07053,714120000,8
1678771680000,1678772159000,1.07054,1.0708,1.07035,1.07066,1030980000,8
1678772160000,1678772639000,1.07066,1.07082,1.07054,1.07068,654950000,8
1678772640000,1678773119000,1.07068,1.07076,1.07045,1.07056,837670000,8
1678773120000,1678773599000,1.07057,1.07062,1.07041,1.07056,718100000,8
1678773600000,1678774079000,1.07055,1.0707,1.07019,1.07023,1209320000,8
1678774080000,1678774559000,1.07023,1.07035,1.06906,1.06909,2657110000,8
1678774560000,1678775039000,1.06909,1.06991,1.06904,1.06969,3216910000,8
1678775040000,1678775519000,1.06968,1.06986,1.06932,1.06958,2151440000,8
1678775520000,1678775999000,1.0696,1.07018,1.06959,1.07011,1473240000,8
1678776000000,1678776479000,1.07007,1.07037,1.06972,1.06983,2200250000,8
1678776480000,1678776959000,1.06987,1.07002,1.06966,1.06974,1145310000,8
1678776960000,1678777439000,1.06974,1.07019,1.06957,1.0701,2132230000,8
1678777440000,1678777919000,1.0701,1.07058,1.07005,1.07044,2037750000,8
1678777920000,1678778399000,1.07044,1.07062,1.07024,1.07051,2616100000,8
1678778400000,1678778879000,1.0705,1.07085,1.07037,1.07071,2483730000,8
1678778880000,1678779359000,1.07071,1.07093,1.07033,1.07086,3012740000,8
1678779360000,1678779839000,1.07087,1.07091,1.07017,1.07084,2576400000,8
1678779840000,1678780319000,1.07086,1.07104,1.07032,1.07034,2689540000,8
1678780320000,1678780799000,1.07036,1.0705,1.07002,1.07005,1690450000,8
1678780800000,1678781279000,1.07005,1.07115,1.06987,1.07103,2914810000,8
1678781280000,1678781759000,1.07101,1.07121,1.07055,1.07114,3400720000,8
1678781760000,1678782239000,1.07115,1.07143,1.07078,1.07089,2657770000,8
1678782240000,1678782719000,1.07088,1.07138,1.07086,1.07135,2847620000,8
1678782720000,1678783199000,1.07136,1.07188,1.07123,1.07184,3594090000,8
1678783200000,1678783679000,1.07183,1.07201,1.07142,1.0715,3274650000,8
1678783680000,1678784159000,1.07151,1.07161,1.07094,1.07109,2115650000,8
1678784160000,1678784639000,1.07109,1.07128,1.07031,1.07033,2124440000,8
1678784640000,1678785119000,1.07033,1.07043,1.07005,1.07013,2049360000,8
1678785120000,1678785599000,1.07014,1.07029,1.06986,1.06993,1861830000,8
1678785600000,1678786079000,1.06992,1.07019,1.06962,1.07015,2323830000,8
1678786080000,1678786559000,1.07018,1.07056,1.07006,1.07053,2281510000,8
1678786560000,1678787039000,1.07053,1.07086,1.07036,1.07058,2727530000,8
1678787040000,1678787519000,1.07056,1.07061,1.06984,1.06992,2189640000,8
1678787520000,1678787999000,1.06995,1.07035,1.06984,1.07027,1694080000,8
1678788000000,1678788479000,1.07028,1.07036,1.06982,1.06982,1753610000,8
1678788480000,1678788959000,1.06983,1.07008,1.06965,1.06982,1597950000,8
1678788960000,1678789439000,1.06982,1.06992,1.06908,1.06955,1543880000,8
1678789440000,1678789919000,1.06956,1.06981,1.06943,1.06949,1712900000,8
1678789920000,1678790399000,1.0695,1.06974,1.06933,1.06934,1520300000,8
1678790400000,1678790879000,1.06934,1.0696,1.06925,1.06937,1746910000,8
1678790880000,1678791359000,1.06939,1.06948,1.06904,1.06918,1712080000,8
1678791360000,1678791839000,1.06918,1.06965,1.06907,1.06962,1466800000,8
1678791840000,1678792319000,1.06966,1.06989,1.06957,1.06981,1115940000,8
1678792320000,1678792799000,1.06981,1.07045,1.0698,1.07024,1259900000,8
1678792800000,1678793279000,1.07025,1.07049,1.07007,1.07045,1554160000,8
1678793280000,1678793759000,1.07044,1.07101,1.07042,1.07094,1389390000,8
1678793760000,1678794239000,1.07093,1.07123,1.07092,1.0712,1506520000,8
1678794240000,1678794719000,1.07118,1.07126,1.07082,1.07116,1575150000,8
1678794720000,1678795199000,1.07116,1.07123,1.07062,1.07064,1477720000,8
1678795200000,1678795679000,1.07065,1.07083,1.07046,1.07058,2319300000,8
1678795680000,1678796159000,1.07055,1.07124,1.07041,1.07116,2636700000,8
1678796160000,1678796639000,1.07116,1.0714,1.07085,1.07104,2862260000,8
1678796640000,1678797119000,1.07105,1.07184,1.0702,1.07124,3116850000,8
1678797120000,1678797599000,1.07117,1.07154,1.07084,1.07108,5285040000,8
1678797600000,1678798079000,1.07108,1.0715,1.071,1.07134,5574210000,8
1678798080000,1678798559000,1.07133,1.07143,1.07093,1.07136,4362170000,8
1678798560000,1678799039000,1.07134,1.07195,1.07134,1.07153,4024860000,8
1678799040000,1678799519000,1.07151,1.07155,1.07113,1.07117,3823450000,8
1678799520000,1678799999000,1.07117,1.07184,1.07107,1.07158,3375990000,8
1678800000000,1678800479000,1.07158,1.07166,1.07103,1.07111,2769300000,8
1678800480000,1678800959000,1.07111,1.07146,1.07101,1.07132,4099560000,8
1678800960000,1678801439000,1.07135,1.07171,1.07127,1.07162,4006800000,8
1678801440000,1678801919000,1.07161,1.07212,1.07141,1.07206,3965530000,8
1678801920000,1678802399000,1.07203,1.07247,1.072,1.07242,4039240000,8
1678802400000,1678802879000,1.07243,1.07249,1.07178,1.07185,3330750000,8
1678802880000,1678803359000,1.07185,1.07198,1.07163,1.07193,2946480000,8
1678803360000,1678803839000,1.07196,1.07273,1.0719,1.07262,2422220000,8
1678803840000,1678804319000,1.07266,1.07281,1.07238,1.07242,2024080000,8
1678804320000,1678804799000,1.07242,1.07261,1.07223,1.07239,3131660000,8
1678804800000,1678805279000,1.07236,1.07277,1.07232,1.07259,2650020000,8
1678805280000,1678805759000,1.0726,1.07265,1.07222,1.07233,2233280000,8
1678805760000,1678806239000,1.07236,1.07292,1.0723,1.07233,2483840000,8
1678806240000,1678806719000,1.07233,1.0725,1.07178,1.07191,2249550000,8
1678806720000,1678807199000,1.07191,1.072,1.07161,1.07175,2243020000,8
1678807200000,1678807679000,1.07175,1.07207,1.07169,1.07172,2332970000,8
1678807680000,1678808159000,1.07172,1.07215,1.07171,1.07177,1909310000,8
1678808160000,1678808639000,1.07177,1.07186,1.07152,1.07164,1647690000,8
1678808640000,1678809119000,1.07164,1.07176,1.07085,1.07092,2513780000,8
1678809120000,1678809599000,1.07093,1.07096,1.07034,1.07045,1860830000,8
1678809600000,1678810079000,1.07046,1.07093,1.07044,1.07076,2239430000,8
1678810080000,1678810559000,1.07077,1.07136,1.07076,1.07127,1425000000,8
1678810560000,1678811039000,1.07126,1.07133,1.07105,1.07112,1407180000,8
1678811040000,1678811519000,1.07108,1.07132,1.07102,1.07127,1866020000,8
1678811520000,1678811999000,1.07129,1.07131,1.07113,1.0712,1834170000,8
1678812000000,1678812479000,1.07121,1.07129,1.07088,1.07112,1943390000,8
1678812480000,1678812959000,1.07111,1.07126,1.07086,1.07105,2183610000,8
1678812960000,1678813439000,1.07103,1.07124,1.07089,1.071,2456130000,8
1678813440000,1678813919000,1.07098,1.07102,1.07065,1.07074,2193090000,8
1678813920000,1678814399000,1.07074,1.07084,1.0703,1.07039,3108470000,8
1678814400000,1678814879000,1.07043,1.07068,1.07029,1.07049,2554260000,8
1678814880000,1678815359000,1.0705,1.07086,1.07047,1.07058,2878760000,8
1678815360000,1678815839000,1.0706,1.07102,1.07056,1.07097,2355500000,8
1678815840000,1678816319000,1.07098,1.07113,1.07077,1.07111,2229480000,8
1678816320000,1678816799000,1.07113,1.07126,1.07099,1.0712,1821960000,8
1678816800000,1678817279000,1.07118,1.07145,1.07117,1.07131,1628640000,8
1678817280000,1678817759000,1.07129,1.07169,1.07116,1.07132,1616620000,8
1678817760000,1678818239000,1.07133,1.07151,1.07116,1.07149,2385740000,8
1678818240000,1678818719000,1.0715,1.07182,1.0714,1.07167,2326170000,8
1678818720000,1678819199000,1.07169,1.07172,1.07138,1.0715,1810700000,8
1678819200000,1678819679000,1.07151,1.07165,1.07142,1.07164,1296300000,8
1678819680000,1678820159000,1.07165,1.07195,1.07153,1.07157,1890830000,8
1678820160000,1678820639000,1.07158,1.07166,1.07106,1.0712,2232700000,8
1678820640000,1678821119000,1.07119,1.07153,1.07108,1.07128,1796550000,8
1678821120000,1678821599000,1.07128,1.07156,1.07124,1.07145,1682210000,8
1678821600000,1678822079000,1.07146,1.07158,1.07117,1.07135,1635110000,8
1678822080000,1678822559000,1.07135,1.07167,1.07124,1.07137,1773510000,8
1678822560000,1678823039000,1.07139,1.07161,1.07121,1.07148,1327010000,8
1678823040000,1678823519000,1.07153,1.07154,1.07115,1.07139,1425910000,8
1678823520000,1678823999000,1.0714,1.07158,1.0712,1.07121,1142220000,8
1678824000000,1678824479000,1.0712,1.07136,1.07112,1.07113,464900000,8
1678824480000,1678824959000,1.07112,1.07122,1.07101,1.07103,275290000,8
1678824960000,1678825439000,1.07105,1.07131,1.07105,1.0713,236280000,8
1678825440000,1678825919000,1.07131,1.07131,1.07099,1.07121,434980000,8
1678825920000,1678826399000,1.07121,1.07128,1.07101,1.07103,386280000,8
1678826400000,1678826879000,1.07103,1.07118,1.07098,1.071,233340000,8
1678826880000,1678827359000,1.07099,1.07134,1.07095,1.07131,356010000,8
1678827360000,1678827839000,1.07129,1.0714,1.07098,1.07098,334660000,8
1678827840000,1678828319000,1.07069,1.07161,1.07069,1.07092,157820000,8
1678828320000,1678828799000,1.07143,1.07155,1.07028,1.07135,364630000,8
1678828800000,1678829279000,1.07135,1.07143,1.07078,1.07135,292800000,8
1678829280000,1678829759000,1.07136,1.0715,1.07067,1.07145,193050000,8
1678829760000,1678830239000,1.07145,1.07187,1.07128,1.07177,136570000,8
1678830240000,1678830719000,1.07176,1.07179,1.07124,1.07163,91480000,8
1678830720000,1678831199000,1.07164,1.07175,1.07115,1.07135,201630000,8
1678831200000,1678831679000,1.07135,1.07177,1.07094,1.07173,1277470000,8
1678831680000,1678832159000,1.07172,1.07215,1.07106,1.07199,1070520000,8
1678832160000,1678832639000,1.07198,1.07215,1.07185,1.07212,1653940000,8
1678832640000,1678833119000,1.07212,1.07246,1.07212,1.07242,513990000,8
1678833120000,1678833599000,1.07242,1.07258,1.07222,1.07236,476360000,8
1678833600000,1678834079000,1.07236,1.07275,1.0723,1.07267,908900000,8
1678834080000,1678834559000,1.07273,1.07314,1.07259,1.07309,454060000,8
1678834560000,1678835039000,1.07311,1.07312,1.07197,1.07218,1020130000,8
1678835040000,1678835519000,1.07214,1.07258,1.07211,1.07235,876630000,8
1678835520000,1678835999000,1.07236,1.0729,1.07234,1.07282,565610000,8
1678836000000,1678836479000,1.07285,1.07331,1.0727,1.07331,755610000,8
1678836480000,1678836959000,1.0733,1.07331,1.07291,1.073,739420000,8
1678836960000,1678837439000,1.07299,1.07334,1.07293,1.07331,454090000,8
1678837440000,1678837919000,1.07332,1.07363,1.07314,1.07344,495120000,8
1678837920000,1678838399000,1.07342,1.07359,1.07329,1.07339,500390000,8
1678838400000,1678838879000,1.07343,1.07361,1.07299,1.07329,1441360000,8
1678838880000,1678839359000,1.07329,1.07341,1.07272,1.0728,1402010000,8
1678839360000,1678839839000,1.07281,1.07297,1.07252,1.0727,1432390000,8
1678839840000,1678840319000,1.07268,1.07295,1.0726,1.07274,1197870000,8
1678840320000,1678840799000,1.07272,1.0729,1.07263,1.07266,1096480000,8
1678840800000,1678841279000,1.07267,1.07274,1.0726,1.07262,920420000,8
1678841280000,1678841759000,1.07263,1.07267,1.07231,1.07234,1041940000,8
1678841760000,1678842239000,1.07234,1.07235,1.07174,1.07185,1487530000,8
1678842240000,1678842719000,1.07186,1.0719,1.07144,1.07155,664040000,8
1678842720000,1678843199000,1.07154,1.07158,1.07128,1.07139,998330000,8
1678843200000,1678843679000,1.0714,1.07183,1.07134,1.0716,1070320000,8
1678843680000,1678844159000,1.07162,1.07174,1.07126,1.07133,1290910000,8
1678844160000,1678844639000,1.07135,1.07137,1.07072,1.07097,1422830000,8
1678844640000,1678845119000,1.07097,1.07112,1.07069,1.07088,1239400000,8
1678845120000,1678845599000,1.07087,1.07114,1.07078,1.07102,839960000,8
1678845600000,1678846079000,1.07102,1.07108,1.07045,1.07074,1530170000,8
1678846080000,1678846559000,1.07073,1.07176,1.07063,1.07106,2567050000,8
1678846560000,1678847039000,1.07105,1.07177,1.07104,1.07177,1311800000,8
1678847040000,1678847519000,1.0718,1.0718,1.07126,1.07126,1093560000,8
1678847520000,1678847999000,1.07127,1.07206,1.07116,1.07199,1256730000,8
1678848000000,1678848479000,1.07199,1.07365,1.07194,1.07351,1476970000,8
1678848480000,1678848959000,1.07352,1.074,1.07335,1.07354,1232210000,8
1678848960000,1678849439000,1.07348,1.07399,1.07331,1.07333,1175850000,8
1678849440000,1678849919000,1.07333,1.07361,1.07327,1.0736,1095660000,8
1678849920000,1678850399000,1.0736,1.07459,1.07342,1.07441,1359440000,8
1678850400000,1678850879000,1.07439,1.07462,1.0743,1.07443,937340000,8
1678850880000,1678851359000,1.07442,1.07455,1.07429,1.07454,617240000,8
1678851360000,1678851839000,1.07451,1.07461,1.07419,1.0743,758680000,8
1678851840000,1678852319000,1.0743,1.07473,1.07422,1.07459,726660000,8
1678852320000,1678852799000,1.07458,1.07502,1.07447,1.07486,825330000,8
1678852800000,1678853279000,1.07485,1.07487,1.07445,1.07458,608890000,8
1678853280000,1678853759000,1.07457,1.07481,1.07452,1.07477,546710000,8
1678853760000,1678854239000,1.07478,1.07501,1.07432,1.07435,977690000,8
1678854240000,1678854719000,1.07436,1.07504,1.07427,1.07497,627250000,8
1678854720000,1678855199000,1.075,1.07507,1.0748,1.0749,370730000,8
1678855200000,1678855679000,1.07489,1.07498,1.07464,1.07489,661920000,8
1678855680000,1678856159000,1.0749,1.07532,1.07487,1.07517,519970000,8
1678856160000,1678856639000,1.07516,1.07532,1.0749,1.0749,535510000,8
1678856640000,1678857119000,1.07491,1.07509,1.07478,1.07481,764530000,8
1678857120000,1678857599000,1.07483,1.07495,1.07475,1.0749,582500000,8
1678857600000,1678858079000,1.07492,1.0751,1.07477,1.07507,502010000,8
1678858080000,1678858559000,1.07507,1.07507,1.07458,1.0746,839160000,8
1678858560000,1678859039000,1.0746,1.0749,1.07457,1.07463,839770000,8
1678859040000,1678859519000,1.07462,1.07465,1.07439,1.07446,967810000,8
1678859520000,1678859999000,1.07448,1.07464,1.07442,1.07457,918560000,8
1678860000000,1678860479000,1.07457,1.07506,1.07444,1.07483,1367290000,8
1678860480000,1678860959000,1.07483,1.07528,1.07483,1.07528,1832330000,8
1678860960000,1678861439000,1.07528,1.07541,1.07501,1.07502,1055250000,8
1678861440000,1678861919000,1.07504,1.07514,1.07493,1.07502,913410000,8
1678861920000,1678862399000,1.07504,1.07531,1.07482,1.07525,876730000,8
1678862400000,1678862879000,1.07524,1.07538,1.07512,1.07513,738530000,8
1678862880000,1678863359000,1.07513,1.07515,1.07471,1.07472,1062920000,8
1678863360000,1678863839000,1.07472,1.075,1.07451,1.07474,1540280000,8
1678863840000,1678864319000,1.07477,1.07537,1.07476,1.07521,1491590000,8
1678864320000,1678864799000,1.0752,1.07532,1.07503,1.07531,1409310000,8
1678864800000,1678865279000,1.0753,1.07558,1.07503,1.07542,2319770000,8
1678865280000,1678865759000,1.07542,1.07575,1.07532,1.07565,2446970000,8
1678865760000,1678866239000,1.07564,1.07572,1.07551,1.07555,1941810000,8
1678866240000,1678866719000,1.07556,1.07562,1.07491,1.07496,1890120000,8
1678866720000,1678867199000,1.07499,1.07501,1.07481,1.07488,1895510000,8
1678867200000,1678867679000,1.07488,1.0754,1.07487,1.07499,2142590000,8
1678867680000,1678868159000,1.07497,1.07506,1.07476,1.07491,2208720000,8
1678868160000,1678868639000,1.0749,1.07493,1.0744,1.0744,1910250000,8
1678868640000,1678869119000,1.07441,1.07447,1.07377,1.07396,1600000000,8
1678869120000,1678869599000,1.07397,1.07409,1.07374,1.07394,1503480000,8
1678869600000,1678870079000,1.07393,1.07403,1.07366,1.07369,1635850000,8
1678870080000,1678870559000,1.0737,1.07407,1.07364,1.07375,1527020000,8
1678870560000,1678871039000,1.07376,1.07391,1.07336,1.07344,1738550000,8
1678871040000,1678871519000,1.07345,1.07355,1.07288,1.07302,1922410000,8
1678871520000,1678871999000,1.07303,1.07342,1.07288,1.07312,1785820000,8
1678872000000,1678872479000,1.07313,1.07364,1.07307,1.07312,1514920000,8
1678872480000,1678872959000,1.07315,1.07327,1.07241,1.07256,2140620000,8
1678872960000,1678873439000,1.07256,1.07276,1.07148,1.07163,4128830000,8
1678873440000,1678873919000,1.0716,1.07188,1.07137,1.07183,4403940000,8
1678873920000,1678874399000,1.07184,1.07197,1.07127,1.07172,2627830000,8
1678874400000,1678874879000,1.07172,1.07184,1.07121,1.07172,3114080000,8
1678874880000,1678875359000,1.0717,1.07181,1.07125,1.07133,2723150000,8
1678875360000,1678875839000,1.07132,1.07164,1.07056,1.07059,2436630000,8
1678875840000,1678876319000,1.07059,1.071,1.07046,1.07078,2769350000,8
1678876320000,1678876799000,1.07078,1.07151,1.07054,1.0711,3277520000,8
1678876800000,1678877279000,1.07113,1.07143,1.07076,1.07127,3200130000,8
1678877280000,1678877759000,1.07126,1.07169,1.07062,1.07066,3332620000,8
1678877760000,1678878239000,1.07066,1.07142,1.07015,1.07127,3257570000,8
1678878240000,1678878719000,1.07125,1.07157,1.07092,1.07118,2692390000,8
1678878720000,1678879199000,1.07119,1.07164,1.07107,1.07145,2322270000,8
1678879200000,1678879679000,1.07142,1.07151,1.07068,1.07095,2736410000,8
1678879680000,1678880159000,1.07094,1.07101,1.0704,1.07055,2855110000,8
1678880160000,1678880639000,1.07056,1.07098,1.07035,1.07091,2568900000,8
1678880640000,1678881119000,1.07089,1.071,1.07036,1.07049,2605150000,8
1678881120000,1678881599000,1.07048,1.07091,1.07016,1.07062,2625330000,8
1678881600000,1678882079000,1.07062,1.07076,1.07014,1.07037,2613540000,8
1678882080000,1678882559000,1.07036,1.07157,1.07032,1.07151,2591760000,8
1678882560000,1678883039000,1.07153,1.07241,1.07153,1.07191,3018310000,8
1678883040000,1678883519000,1.07191,1.07207,1.0707,1.07163,2968940000,8
1678883520000,1678883999000,1.0716,1.072,1.07136,1.07149,3511190000,8
1678884000000,1678884479000,1.07148,1.07259,1.07147,1.07225,3494340000,8
1678884480000,1678884959000,1.07224,1.07238,1.07051,1.07063,3310160000,8
1678884960000,1678885439000,1.07063,1.07114,1.07044,1.07084,3293410000,8
1678885440000,1678885919000,1.07085,1.07108,1.07042,1.07065,3429280000,8
1678885920000,1678886399000,1.07063,1.07065,1.06971,1.06981,3551830000,8
1678886400000,1678886879000,1.0698,1.07026,1.06941,1.06988,3471630000,8
1678886880000,1678887359000,1.06992,1.07153,1.06984,1.07135,4719120000,8
1678887360000,1678887839000,1.07135,1.07138,1.07032,1.07085,4546160000,8
1678887840000,1678888319000,1.07081,1.071,1.07044,1.07092,4065420000,8
1678888320000,1678888799000,1.07093,1.07104,1.06945,1.06952,4021370000,8
1678888800000,1678889279000,1.0695,1.07001,1.06902,1.06993,4263520000,8
1678889280000,1678889759000,1.06994,1.07053,1.06967,1.07034,5111140000,8
1678889760000,1678890239000,1.07032,1.0708,1.07016,1.07056,3317750000,8
1678890240000,1678890719000,1.07057,1.07082,1.06984,1.07004,3859980000,8
1678890720000,1678891199000,1.07005,1.07036,1.06946,1.06952,3562250000,8
1678891200000,1678891679000,1.06952,1.06978,1.06932,1.06969,3146480000,8
1678891680000,1678892159000,1.06969,1.06972,1.06905,1.06906,2724150000,8
1678892160000,1678892639000,1.06906,1.06906,1.06835,1.06885,2447850000,8
1678892640000,1678893119000,1.06886,1.06897,1.0682,1.06851,2603420000,8
1678893120000,1678893599000,1.06851,1.06894,1.06802,1.0681,3047660000,8
1678893600000,1678894079000,1.06808,1.06814,1.0676,1.06772,2772410000,8
1678894080000,1678894559000,1.06773,1.06881,1.06759,1.0684,2635960000,8
1678894560000,1678895039000,1.0684,1.06884,1.06831,1.0688,2058650000,8
1678895040000,1678895519000,1.06878,1.06902,1.06862,1.06867,2622830000,8
1678895520000,1678895999000,1.06866,1.06918,1.06844,1.06918,2480870000,8
1678896000000,1678896479000,1.06916,1.0695,1.06892,1.06903,2401240000,8
1678896480000,1678896959000,1.06904,1.06906,1.06822,1.0685,2323170000,8
1678896960000,1678897439000,1.06849,1.0685,1.06759,1.06773,1962450000,8
1678897440000,1678897919000,1.06774,1.06849,1.06735,1.06845,2143290000,8
1678897920000,1678898399000,1.06843,1.06853,1.06806,1.06822,2668980000,8
1678898400000,1678898879000,1.06824,1.06864,1.06802,1.06805,2298280000,8
1678898880000,1678899359000,1.06805,1.06821,1.06744,1.06759,1904380000,8
1678899360000,1678899839000,1.06759,1.06796,1.0674,1.06784,1824670000,8
1678899840000,1678900319000,1.06786,1.06842,1.06766,1.06828,2628580000,8
1678900320000,1678900799000,1.06829,1.06871,1.06823,1.0685,2514560000,8
1678900800000,1678901279000,1.06849,1.06891,1.06835,1.06853,2345720000,8
1678901280000,1678901759000,1.06857,1.06862,1.06788,1.06812,2128660000,8
1678901760000,1678902239000,1.06811,1.06829,1.06781,1.06813,1778160000,8
1678902240000,1678902719000,1.06813,1.06824,1.06783,1.06788,1842930000,8
1678902720000,1678903199000,1.06786,1.0688,1.06772,1.06873,1853670000,8
1678903200000,1678903679000,1.06872,1.06893,1.06851,1.06863,1817810000,8
1678903680000,1678904159000,1.06861,1.06864,1.06797,1.06813,1783970000,8
1678904160000,1678904639000,1.0681,1.06818,1.06775,1.06779,1975110000,8
1678904640000,1678905119000,1.06779,1.06869,1.06776,1.06833,4704430000,8
1678905120000,1678905599000,1.06835,1.06841,1.06756,1.06797,5086130000,8
1678905600000,1678906079000,1.06791,1.06865,1.06786,1.06819,4460310000,8
1678906080000,1678906559000,1.06819,1.0686,1.06775,1.06786,2981230000,8
1678906560000,1678907039000,1.06783,1.06801,1.06752,1.06781,2412890000,8
1678907040000,1678907519000,1.06781,1.06813,1.06755,1.06767,2643680000,8
1678907520000,1678907999000,1.06765,1.06829,1.06745,1.06816,3120680000,8
1678908000000,1678908479000,1.06817,1.06903,1.06811,1.06882,3238840000,8
1678908480000,1678908959000,1.06885,1.06898,1.06849,1.06865,2320220000,8
1678908960000,1678909439000,1.06864,1.06894,1.06857,1.06873,1691900000,8
1678909440000,1678909919000,1.06881,1.06887,1.06841,1.06875,1988170000,8
1678909920000,1678910399000,1.0688,1.06895,1.06848,1.06892,1547840000,8
1678910400000,1678910879000,1.06891,1.06935,1.06872,1.06892,1150780000,8
1678910880000,1678911359000,1.06891,1.06896,1.06874,1.06886,556590000,8
1678911360000,1678911839000,1.06886,1.0691,1.06879,1.06897,365900000,8
1678911840000,1678912319000,1.06898,1.06912,1.06876,1.06888,346710000,8
1678912320000,1678912799000,1.0689,1.06904,1.06853,1.06854,287390000,8
1678912800000,1678913279000,1.06856,1.06949,1.06855,1.06944,430480000,8
1678913280000,1678913759000,1.06943,1.06948,1.06903,1.06918,479580000,8
1678913760000,1678914239000,1.0692,1.06975,1.06916,1.06928,358610000,8
1678914240000,1678914719000,1.06928,1.06928,1.06642,1.06721,31720000,8
1678914720000,1678915199000,1.06776,1.06905,1.06776,1.0681,111640000,8
1678915200000,1678915679000,1.0681,1.06905,1.06804,1.06902,100200000,8
1678915680000,1678916159000,1.06902,1.06902,1.06833,1.06901,96330000,8
1678916160000,1678916639000,1.06902,1.06934,1.06864,1.06928,183600000,8
1678916640000,1678917119000,1.06926,1.07306,1.06879,1.07243,566070000,8
1678917120000,1678917599000,1.07256,1.07315,1.07256,1.07284,143700000,8
1678917600000,1678918079000,1.07294,1.07575,1.07284,1.07545,1141820000,8
1678918080000,1678918559000,1.07545,1.07667,1.07416,1.07422,1207280000,8
1678918560000,1678919039000,1.07424,1.07429,1.07305,1.07325,842500000,8
1678919040000,1678919519000,1.07329,1.07367,1.07306,1.07342,559290000,8
1678919520000,1678919999000,1.07339,1.07381,1.07338,1.07377,642000000,8
1678920000000,1678920479000,1.07377,1.07408,1.07341,1.07374,556000000,8
1678920480000,1678920959000,1.07374,1.0742,1.07367,1.07414,420900000,8
1678920960000,1678921439000,1.07414,1.07445,1.07386,1.07395,903300000,8
1678921440000,1678921919000,1.07396,1.07396,1.07312,1.07312,659230000,8
1678921920000,1678922399000,1.0731,1.07315,1.07232,1.07245,968190000,8
1678922400000,1678922879000,1.07243,1.07301,1.07243,1.07298,782860000,8
1678922880000,1678923359000,1.07297,1.07331,1.07272,1.07289,544840000,8
1678923360000,1678923839000,1.07293,1.07348,1.07293,1.07334,349030000,8
1678923840000,1678924319000,1.07338,1.07344,1.07308,1.07324,1115120000,8
1678924320000,1678924799000,1.07326,1.07393,1.07303,1.07388,682840000,8
1678924800000,1678925279000,1.07388,1.0739,1.07222,1.07223,1172050000,8
1678925280000,1678925759000,1.07224,1.07268,1.07206,1.07225,1306240000,8
1678925760000,1678926239000,1.07229,1.07255,1.07185,1.07231,1593740000,8
1678926240000,1678926719000,1.07234,1.07375,1.07201,1.07313,2551640000,8
1678926720000,1678927199000,1.07312,1.07404,1.07312,1.0739,1292170000,8
1678927200000,1678927679000,1.07386,1.07455,1.07375,1.07453,1104590000,8
1678927680000,1678928159000,1.07453,1.07518,1.07427,1.07499,3303260000,8
1678928160000,1678928639000,1.07502,1.07523,1.07408,1.07409,2381470000,8
1678928640000,1678929119000,1.07412,1.07472,1.074,1.07448,1873270000,8
1678929120000,1678929599000,1.07448,1.07469,1.07381,1.07391,1736140000,8
1678929600000,1678930079000,1.07393,1.07549,1.07393,1.07546,1584760000,8
1678930080000,1678930559000,1.07548,1.07552,1.07504,1.07546,1698040000,8
1678930560000,1678931039000,1.07548,1.07573,1.07498,1.07541,2008840000,8
1678931040000,1678931519000,1.0754,1.07541,1.07445,1.0746,1520580000,8
1678931520000,1678931999000,1.07455,1.07502,1.07437,1.07502,1613140000,8
1678932000000,1678932479000,1.07503,1.07563,1.07492,1.07549,1272720000,8
1678932480000,1678932959000,1.07549,1.07588,1.07538,1.07572,1736720000,8
1678932960000,1678933439000,1.0757,1.07652,1.07569,1.07607,1463830000,8
1678933440000,1678933919000,1.07607,1.07654,1.07584,1.0761,1479610000,8
1678933920000,1678934399000,1.0761,1.07635,1.07575,1.07629,1537140000,8
1678934400000,1678934879000,1.07631,1.07707,1.07626,1.07689,1426510000,8
1678934880000,1678935359000,1.0769,1.07732,1.07688,1.07696,943920000,8
1678935360000,1678935839000,1.07695,1.07755,1.07653,1.07658,1273880000,8
1678935840000,1678936319000,1.07659,1.07667,1.07611,1.07633,1341890000,8
1678936320000,1678936799000,1.07633,1.07649,1.07608,1.07625,1269720000,8
1678936800000,1678937279000,1.07624,1.07632,1.0758,1.07592,1148980000,8
1678937280000,1678937759000,1.07594,1.0765,1.07593,1.07626,1294050000,8
1678937760000,1678938239000,1.07623,1.07628,1.07585,1.07616,1155040000,8
1678938240000,1678938719000,1.07617,1.07625,1.07562,1.07593,986520000,8
1678938720000,1678939199000,1.07593,1.07638,1.07586,1.07627,1051390000,8
1678939200000,1678939679000,1.07625,1.07678,1.07612,1.07642,901800000,8
1678939680000,1678940159000,1.07643,1.07653,1.07612,1.07624,759260000,8
1678940160000,1678940639000,1.07627,1.07659,1.07622,1.07648,780080000,8
1678940640000,1678941119000,1.07651,1.077,1.07645,1.07668,930200000,8
1678941120000,1678941599000,1.07665,1.07683,1.07644,1.07681,541320000,8
1678941600000,1678942079000,1.07678,1.07685,1.07641,1.07657,899840000,8
1678942080000,1678942559000,1.07657,1.07673,1.07649,1.07669,398730000,8
1678942560000,1678943039000,1.0767,1.07738,1.07666,1.07736,547550000,8
1678943040000,1678943519000,1.07736,1.07754,1.07719,1.07744,499230000,8
1678943520000,1678943999000,1.07744,1.07754,1.07659,1.07664,1527450000,8
1678944000000,1678944479000,1.07663,1.07686,1.07615,1.07656,1276700000,8
1678944480000,1678944959000,1.07653,1.0768,1.07627,1.07653,1164990000,8
1678944960000,1678945439000,1.07652,1.07693,1.07647,1.07685,1103460000,8
1678945440000,1678945919000,1.07684,1.07695,1.07668,1.07671,648390000,8
1678945920000,1678946399000,1.07673,1.07723,1.07669,1.07723,763180000,8
1678946400000,1678946879000,1.07721,1.07721,1.0766,1.07666,1343070000,8
1678946880000,1678947359000,1.07665,1.07702,1.07665,1.07693,1057570000,8
1678947360000,1678947839000,1.07693,1.07695,1.07665,1.07675,685880000,8
1678947840000,1678948319000,1.07674,1.07697,1.07648,1.07648,816520000,8
1678948320000,1678948799000,1.07647,1.07653,1.07628,1.07647,701460000,8
1678948800000,1678949279000,1.07649,1.07659,1.07631,1.07639,894540000,8
1678949280000,1678949759000,1.07637,1.07706,1.07637,1.07703,925550000,8
1678949760000,1678950239000,1.07703,1.07751,1.0767,1.07714,1433750000,8
1678950240000,1678950719000,1.07712,1.07724,1.07684,1.07717,1299920000,8
1678950720000,1678951199000,1.07719,1.0777,1.07715,1.07739,1875090000,8
1678951200000,1678951679000,1.07738,1.07746,1.07675,1.07688,2038200000,8
1678951680000,1678952159000,1.07687,1.07748,1.07674,1.07742,1845770000,8
1678952160000,1678952639000,1.07741,1.07809,1.07737,1.07802,1553410000,8
1678952640000,1678953119000,1.07804,1.0781,1.07766,1.07778,1855490000,8
1678953120000,1678953599000,1.07774,1.07783,1.07739,1.07761,2289040000,8
1678953600000,1678954079000,1.07755,1.07818,1.07751,1.07797,1922920000,8
1678954080000,1678954559000,1.07797,1.07818,1.07734,1.07749,2301760000,8
1678954560000,1678955039000,1.07747,1.07791,1.07742,1.07789,2686570000,8
1678955040000,1678955519000,1.0779,1.07818,1.0777,1.07806,2225490000,8
1678955520000,1678955999000,1.07808,1.07842,1.07788,1.07807,2077670000,8
1678956000000,1678956479000,1.0781,1.07813,1.07752,1.0776,1730530000,8
1678956480000,1678956959000,1.07757,1.07838,1.07756,1.07828,1538800000,8
1678956960000,1678957439000,1.07828,1.07841,1.07778,1.07794,1532810000,8
1678957440000,1678957919000,1.07796,1.07814,1.0774,1.0776,1191510000,8
1678957920000,1678958399000,1.07762,1.07795,1.0775,1.0776,1114460000,8
1678958400000,1678958879000,1.07762,1.07786,1.07734,1.07741,1431390000,8
1678958880000,1678959359000,1.07743,1.07773,1.07727,1.07771,1471570000,8
1678959360000,1678959839000,1.0777,1.07794,1.07696,1.077,1183720000,8
1678959840000,1678960319000,1.07703,1.07717,1.07668,1.07673,1499590000,8
1678960320000,1678960799000,1.07673,1.07686,1.07642,1.07657,1173630000,8
1678960800000,1678961279000,1.07657,1.07688,1.07632,1.0768,1578310000,8
1678961280000,1678961759000,1.07679,1.07786,1.07671,1.07777,1341160000,8
1678961760000,1678962239000,1.07777,1.07849,1.07765,1.07832,895730000,8
1678962240000,1678962719000,1.07829,1.07873,1.07825,1.07865,1169350000,8
1678962720000,1678963199000,1.07864,1.07918,1.07861,1.07917,1274010000,8
1678963200000,1678963679000,1.07911,1.07924,1.07831,1.07836,932050000,8
1678963680000,1678964159000,1.07839,1.0792,1.07832,1.07907,1233290000,8
1678964160000,1678964639000,1.07908,1.0798,1.07884,1.07973,1382510000,8
1678964640000,1678965119000,1.07975,1.07984,1.07901,1.07903,1689950000,8
1678965120000,1678965599000,1.07903,1.07903,1.0784,1.07854,1606080000,8
1678965600000,1678966079000,1.07854,1.0788,1.07834,1.07873,1618980000,8
1678966080000,1678966559000,1.07873,1.07893,1.0785,1.07852,1126170000,8
1678966560000,1678967039000,1.07853,1.07877,1.07836,1.07865,1081790000,8
1678967040000,1678967519000,1.07864,1.07864,1.07787,1.07799,1243410000,8
1678967520000,1678967999000,1.078,1.078,1.07712,1.07714,1153370000,8
1678968000000,1678968479000,1.07715,1.07715,1.07624,1.07633,2187910000,8
1678968480000,1678968959000,1.07629,1.07662,1.07629,1.07649,1291850000,8
1678968960000,1678969439000,1.07649,1.07693,1.07644,1.07689,1975970000,8
1678969440000,1678969919000,1.0769,1.07747,1.07661,1.07687,1735780000,8
1678969920000,1678970399000,1.07684,1.07744,1.07676,1.07719,2065840000,8
1678970400000,1678970879000,1.07719,1.07729,1.07658,1.0767,4425640000,8
1678970880000,1678971359000,1.0767,1.07695,1.07638,1.07643,2739580000,8
1678971360000,1678971839000,1.07643,1.07669,1.07634,1.07658,2493840000,8
1678971840000,1678972319000,1.07653,1.07675,1.07626,1.0764,2034700000,8
1678972320000,1678972799000,1.07639,1.07678,1.0761,1.07639,2643920000,8
1678972800000,1678973279000,1.07638,1.07739,1.07603,1.07729,3819220000,8
1678973280000,1678973759000,1.07727,1.07731,1.07685,1.07697,4250370000,8
1678973760000,1678974239000,1.07696,1.07737,1.07673,1.07704,3694620000,8
1678974240000,1678974719000,1.07704,1.07737,1.07606,1.07617,4129470000,8
1678974720000,1678975199000,1.07619,1.07693,1.07612,1.07688,4218740000,8
1678975200000,1678975679000,1.0769,1.07703,1.07626,1.07668,4422760000,8
1678975680000,1678976159000,1.07667,1.07693,1.07595,1.07613,3612490000,8
1678976160000,1678976639000,1.07613,1.07652,1.07601,1.07647,3448060000,8
1678976640000,1678977119000,1.07643,1.07647,1.07602,1.07622,3034830000,8
1678977120000,1678977599000,1.07623,1.07686,1.07609,1.07679,2263190000,8
1678977600000,1678978079000,1.0768,1.07752,1.07673,1.07742,3036410000,8
1678978080000,1678978559000,1.07743,1.07839,1.07729,1.078,3602620000,8
1678978560000,1678979039000,1.07799,1.07809,1.07752,1.07786,3031600000,8
1678979040000,1678979519000,1.07787,1.07854,1.07776,1.07828,2629420000,8
1678979520000,1678979999000,1.07828,1.07866,1.07805,1.07835,2402700000,8
1678980000000,1678980479000,1.07835,1.07905,1.07824,1.07897,3164650000,8
1678980480000,1678980959000,1.07898,1.0792,1.0787,1.07896,2363800000,8
1678980960000,1678981439000,1.07898,1.07911,1.07861,1.07884,2602110000,8
1678981440000,1678981919000,1.07882,1.07891,1.07854,1.07875,2570920000,8
1678981920000,1678982399000,1.07873,1.07898,1.07777,1.07777,2388850000,8
1678982400000,1678982879000,1.07778,1.07785,1.07739,1.07774,2264440000,8
1678982880000,1678983359000,1.07777,1.07792,1.07713,1.07735,2180290000,8
1678983360000,1678983839000,1.07737,1.07765,1.07718,1.07761,1561410000,8
1678983840000,1678984319000,1.07765,1.07768,1.07728,1.0774,1506810000,8
1678984320000,1678984799000,1.07741,1.07743,1.07693,1.07695,1313430000,8
1678984800000,1678985279000,1.07695,1.07732,1.07693,1.0771,1548550000,8
1678985280000,1678985759000,1.07711,1.07735,1.07667,1.07676,2745110000,8
1678985760000,1678986239000,1.07679,1.07745,1.07677,1.07717,2124530000,8
1678986240000,1678986719000,1.07717,1.07782,1.07708,1.07776,2186900000,8
1678986720000,1678987199000,1.07776,1.07784,1.07731,1.07746,2461720000,8
1678987200000,1678987679000,1.07749,1.07772,1.07732,1.07772,1511500000,8
1678987680000,1678988159000,1.07773,1.07834,1.07771,1.07814,1563190000,8
1678988160000,1678988639000,1.07815,1.07849,1.07769,1.07778,1466210000,8
1678988640000,1678989119000,1.07778,1.07802,1.07756,1.07761,1724300000,8
1678989120000,1678989599000,1.07759,1.0777,1.07735,1.07739,1963770000,8
1678989600000,1678990079000,1.07748,1.07806,1.07729,1.07778,1606220000,8
1678990080000,1678990559000,1.07779,1.07797,1.07752,1.07755,1187620000,8
1678990560000,1678991039000,1.07755,1.0777,1.07739,1.07755,1130310000,8
1678991040000,1678991519000,1.07756,1.07761,1.07736,1.07752,1234980000,8
1678991520000,1678991999000,1.07751,1.07773,1.07716,1.07762,1484450000,8
1678992000000,1678992479000,1.07764,1.07784,1.07727,1.0774,1202170000,8
1678992480000,1678992959000,1.0774,1.07748,1.07709,1.07721,1316050000,8
1678992960000,1678993439000,1.07718,1.0773,1.07698,1.07706,1444320000,8
1678993440000,1678993919000,1.07709,1.07714,1.07667,1.07671,871120000,8
1678993920000,1678994399000,1.07671,1.07689,1.07629,1.07634,1021860000,8
1678994400000,1678994879000,1.07634,1.0764,1.07586,1.07595,1528510000,8
1678994880000,1678995359000,1.07595,1.07604,1.07547,1.07548,1137500000,8
1678995360000,1678995839000,1.07548,1.07587,1.07535,1.07547,898730000,8
1678995840000,1678996319000,1.07547,1.07549,1.07486,1.07505,1363880000,8
1678996320000,1678996799000,1.07504,1.07565,1.07496,1.07535,951040000,8
1678996800000,1678997279000,1.07534,1.07541,1.07489,1.07494,698850000,8
1678997280000,1678997759000,1.07495,1.075,1.07446,1.07455,517810000,8
1678997760000,1678998239000,1.07455,1.07495,1.07433,1.07479,468240000,8
1678998240000,1678998719000,1.07479,1.07483,1.07464,1.07468,412740000,8
1678998720000,1678999199000,1.07468,1.07474,1.07437,1.07469,415270000,8
1678999200000,1678999679000,1.07468,1.07492,1.07464,1.07473,542170000,8
1678999680000,1679000159000,1.07473,1.07488,1.07417,1.07419,342410000,8
1679000160000,1679000639000,1.07418,1.07422,1.07357,1.07408,282500000,8
1679000640000,1679001119000,1.0739,1.07417,1.07332,1.07417,82980000,8
1679001120000,1679001599000,1.07416,1.07431,1.07397,1.07415,54400000,8
1679001600000,1679002079000,1.07414,1.07501,1.0741,1.0747,271060000,8
1679002080000,1679002559000,1.07473,1.07483,1.07403,1.07435,171770000,8
1679002560000,1679003039000,1.074,1.07437,1.07265,1.07434,430620000,8
1679003040000,1679003519000,1.0743,1.07452,1.07414,1.07432,665920000,8
1679003520000,1679003999000,1.07443,1.07462,1.07406,1.07409,314440000,8
1679004000000,1679004479000,1.07445,1.07494,1.07407,1.07453,905600000,8
1679004480000,1679004959000,1.07453,1.0748,1.07441,1.07469,250070000,8
1679004960000,1679005439000,1.07469,1.07485,1.0745,1.07462,691050000,8
1679005440000,1679005919000,1.07462,1.07495,1.07455,1.07494,345940000,8
1679005920000,1679006399000,1.07488,1.07491,1.0746,1.07469,271540000,8
1679006400000,1679006879000,1.07475,1.07478,1.07441,1.07458,275450000,8
1679006880000,1679007359000,1.07458,1.07481,1.07442,1.07468,303760000,8
1679007360000,1679007839000,1.07468,1.07499,1.07448,1.07453,327710000,8
1679007840000,1679008319000,1.07452,1.07481,1.07443,1.07474,424140000,8
1679008320000,1679008799000,1.07474,1.07483,1.07456,1.07466,385700000,8
1679008800000,1679009279000,1.07467,1.075,1.07461,1.07494,423420000,8
1679009280000,1679009759000,1.07493,1.07497,1.07391,1.07393,671840000,8
1679009760000,1679010239000,1.07393,1.0743,1.07388,1.07425,309370000,8
1679010240000,1679010719000,1.07423,1.07428,1.07399,1.07408,366770000,8
1679010720000,1679011199000,1.07408,1.07419,1.07391,1.07391,396500000,8
1679011200000,1679011679000,1.07392,1.07424,1.07329,1.074,1542220000,8
1679011680000,1679012159000,1.074,1.07416,1.07373,1.07383,1307580000,8
1679012160000,1679012639000,1.0738,1.07469,1.07377,1.07455,1144470000,8
1679012640000,1679013119000,1.07454,1.07497,1.07444,1.0747,1060640000,8
1679013120000,1679013599000,1.07471,1.07521,1.0747,1.07503,870790000,8
1679013600000,1679014079000,1.07501,1.07523,1.075,1.0751,737410000,8
1679014080000,1679014559000,1.07508,1.07526,1.0743,1.07445,1483910000,8
1679014560000,1679015039000,1.07446,1.07473,1.07434,1.07468,1779900000,8
1679015040000,1679015519000,1.07466,1.07497,1.0746,1.07479,2004530000,8
1679015520000,1679015999000,1.0748,1.07533,1.07465,1.07512,1504880000,8
1679016000000,1679016479000,1.07512,1.07538,1.07485,1.075,1219090000,8
1679016480000,1679016959000,1.075,1.07572,1.07462,1.07496,1521560000,8
1679016960000,1679017439000,1.07497,1.0755,1.07495,1.07517,1146120000,8
1679017440000,1679017919000,1.07515,1.0752,1.07438,1.07453,1423870000,8
1679017920000,1679018399000,1.07453,1.07463,1.07439,1.07446,957540000,8
1679018400000,1679018879000,1.07446,1.07503,1.07422,1.07489,1331110000,8
1679018880000,1679019359000,1.07487,1.07514,1.07471,1.07476,1218730000,8
1679019360000,1679019839000,1.07474,1.07518,1.07472,1.07501,975170000,8
1679019840000,1679020319000,1.07503,1.07522,1.07394,1.07404,1187150000,8
1679020320000,1679020799000,1.07404,1.07436,1.07392,1.07432,900760000,8
1679020800000,1679021279000,1.07433,1.07491,1.07427,1.07486,743690000,8
1679021280000,1679021759000,1.07486,1.0752,1.07475,1.0751,723890000,8
1679021760000,1679022239000,1.07512,1.07542,1.07464,1.07542,905910000,8
1679022240000,1679022719000,1.07538,1.07566,1.07501,1.07552,1155470000,8
1679022720000,1679023199000,1.07554,1.07591,1.0753,1.07586,1251220000,8
1679023200000,1679023679000,1.07588,1.07602,1.07541,1.07549,1082960000,8
1679023680000,1679024159000,1.07549,1.07588,1.07532,1.07533,1040920000,8
1679024160000,1679024639000,1.07533,1.07554,1.07522,1.07545,683070000,8
1679024640000,1679025119000,1.07545,1.07556,1.0753,1.07536,873270000,8
1679025120000,1679025599000,1.07536,1.07562,1.07512,1.07518,658810000,8
1679025600000,1679026079000,1.07517,1.07533,1.07508,1.07526,916060000,8
1679026080000,1679026559000,1.07527,1.0758,1.07526,1.07576,1437730000,8
1679026560000,1679027039000,1.07575,1.07589,1.07552,1.07563,585800000,8
1679027040000,1679027519000,1.07562,1.07606,1.0755,1.07595,940540000,8
1679027520000,1679027999000,1.07595,1.07618,1.07554,1.07561,889520000,8
1679028000000,1679028479000,1.0756,1.07574,1.07541,1.07545,655960000,8
1679028480000,1679028959000,1.07546,1.07549,1.07529,1.07548,484260000,8
1679028960000,1679029439000,1.07549,1.07578,1.07522,1.07532,536690000,8
1679029440000,1679029919000,1.07533,1.07564,1.07531,1.07542,600180000,8
1679029920000,1679030399000,1.07544,1.07546,1.07511,1.0753,629020000,8
1679030400000,1679030879000,1.07527,1.07564,1.07515,1.07519,606780000,8
1679030880000,1679031359000,1.07519,1.07532,1.07502,1.07516,798230000,8
1679031360000,1679031839000,1.07518,1.07524,1.07502,1.07516,563500000,8
1679031840000,1679032319000,1.07515,1.07528,1.07494,1.07507,731020000,8
1679032320000,1679032799000,1.07507,1.07533,1.07482,1.07531,613780000,8
1679032800000,1679033279000,1.07532,1.07542,1.07465,1.07477,813330000,8
1679033280000,1679033759000,1.07476,1.07498,1.07469,1.07485,806130000,8
1679033760000,1679034239000,1.07487,1.07493,1.07456,1.07463,844210000,8
1679034240000,1679034719000,1.07465,1.07475,1.07433,1.0745,550690000,8
1679034720000,1679035199000,1.07448,1.07472,1.07433,1.07456,566550000,8
1679035200000,1679035679000,1.07456,1.0748,1.07444,1.07463,560580000,8
1679035680000,1679036159000,1.07463,1.07479,1.07436,1.07453,1015160000,8
1679036160000,1679036639000,1.07455,1.07459,1.07364,1.07438,1919890000,8
1679036640000,1679037119000,1.07437,1.07453,1.07412,1.07415,1661110000,8
1679037120000,1679037599000,1.07414,1.07414,1.07364,1.07372,1372900000,8
1679037600000,1679038079000,1.07374,1.07447,1.07372,1.07428,1469780000,8
1679038080000,1679038559000,1.07424,1.07448,1.07417,1.0744,1561270000,8
1679038560000,1679039039000,1.07439,1.07443,1.07417,1.07423,1533910000,8
1679039040000,1679039519000,1.07423,1.07435,1.07385,1.07405,1907710000,8
1679039520000,1679039999000,1.07406,1.07406,1.07375,1.07381,1710200000,8
1679040000000,1679040479000,1.07385,1.07423,1.07372,1.07403,2341040000,8
1679040480000,1679040959000,1.07401,1.07422,1.07372,1.07397,2209090000,8
1679040960000,1679041439000,1.07399,1.0743,1.07386,1.07417,1786250000,8
1679041440000,1679041919000,1.07415,1.07419,1.07335,1.07342,1558910000,8
1679041920000,1679042399000,1.07342,1.07385,1.07339,1.0736,1629970000,8
1679042400000,1679042879000,1.07358,1.07361,1.07332,1.07347,1194630000,8
1679042880000,1679043359000,1.07346,1.07387,1.07318,1.07377,999820000,8
1679043360000,1679043839000,1.07378,1.07444,1.07333,1.07432,1589450000,8
1679043840000,1679044319000,1.07433,1.07433,1.07359,1.07363,1162610000,8
1679044320000,1679044799000,1.07365,1.07369,1.07337,1.07348,1005250000,8
1679044800000,1679045279000,1.07346,1.07352,1.07321,1.07333,880320000,8
1679045280000,1679045759000,1.07337,1.0734,1.07288,1.07306,1000700000,8
1679045760000,1679046239000,1.07305,1.07339,1.07295,1.07321,972570000,8
1679046240000,1679046719000,1.07321,1.07324,1.07285,1.07301,1066520000,8
1679046720000,1679047199000,1.07304,1.07329,1.07296,1.0732,817710000,8
1679047200000,1679047679000,1.07321,1.07343,1.07298,1.07327,1207290000,8
1679047680000,1679048159000,1.0733,1.07333,1.07281,1.07283,1209060000,8
1679048160000,1679048639000,1.07283,1.07285,1.07238,1.07241,944060000,8
1679048640000,1679049119000,1.07242,1.07255,1.07214,1.0723,1069350000,8
1679049120000,1679049599000,1.07229,1.07245,1.07221,1.07229,796900000,8
1679049600000,1679050079000,1.07231,1.07361,1.07215,1.07353,1208770000,8
1679050080000,1679050559000,1.07355,1.07359,1.07312,1.07316,1075280000,8
1679050560000,1679051039000,1.07318,1.07324,1.07287,1.07291,867240000,8
1679051040000,1679051519000,1.07289,1.07296,1.07262,1.07262,898830000,8
1679051520000,1679051999000,1.07263,1.07273,1.07231,1.07245,1192080000,8
1679052000000,1679052479000,1.07244,1.07252,1.07185,1.07213,1424880000,8
1679052480000,1679052959000,1.07216,1.07268,1.07194,1.07264,1624010000,8
1679052960000,1679053439000,1.07264,1.07277,1.07217,1.07233,1612490000,8
1679053440000,1679053919000,1.0723,1.07262,1.07225,1.07233,1476610000,8
1679053920000,1679054399000,1.07235,1.07255,1.07229,1.07242,1050560000,8
1679054400000,1679054879000,1.07239,1.07271,1.07239,1.07261,1635350000,8
1679054880000,1679055359000,1.0726,1.07281,1.07245,1.07255,1136170000,8
1679055360000,1679055839000,1.07253,1.07271,1.07214,1.0723,1346270000,8
1679055840000,1679056319000,1.07233,1.07252,1.07209,1.07215,2135600000,8
1679056320000,1679056799000,1.07216,1.07227,1.07122,1.07122,2158140000,8
1679056800000,1679057279000,1.07125,1.07185,1.07122,1.07158,1473070000,8
1679057280000,1679057759000,1.07158,1.0717,1.07114,1.0715,1611800000,8
1679057760000,1679058239000,1.07151,1.07169,1.07105,1.07129,1635360000,8
1679058240000,1679058719000,1.0713,1.07179,1.07124,1.0717,1136610000,8
1679058720000,1679059199000,1.07168,1.07176,1.07145,1.07155,1374980000,8
1679059200000,1679059679000,1.07156,1.07177,1.07146,1.07164,1631730000,8
1679059680000,1679060159000,1.07163,1.07195,1.07092,1.07108,2399180000,8
1679060160000,1679060639000,1.07106,1.07131,1.07077,1.07081,2224600000,8
1679060640000,1679061119000,1.0708,1.07091,1.07029,1.07054,2485680000,8
1679061120000,1679061599000,1.07053,1.07074,1.07016,1.07036,1896850000,8
1679061600000,1679062079000,1.07038,1.07112,1.07018,1.07081,3364180000,8
1679062080000,1679062559000,1.07084,1.07097,1.07029,1.07067,2479560000,8
1679062560000,1679063039000,1.07066,1.07097,1.07004,1.07019,2018400000,8
1679063040000,1679063519000,1.07017,1.07037,1.06993,1.07006,2494410000,8
1679063520000,1679063999000,1.07008,1.07049,1.06999,1.07009,2940090000,8
1679064000000,1679064479000,1.07009,1.07013,1.06903,1.06953,3197130000,8
1679064480000,1679064959000,1.06952,1.06958,1.06874,1.06884,2345780000,8
1679064960000,1679065439000,1.06883,1.06954,1.06883,1.0692,2238540000,8
1679065440000,1679065919000,1.06919,1.06931,1.06882,1.06894,2132410000,8
1679065920000,1679066399000,1.06895,1.06934,1.06884,1.06905,1984660000,8
1679066400000,1679066879000,1.06907,1.06925,1.06889,1.06898,1640700000,8
1679066880000,1679067359000,1.06899,1.06935,1.06869,1.06926,2116930000,8
1679067360000,1679067839000,1.06925,1.06932,1.0686,1.06869,2008310000,8
1679067840000,1679068319000,1.06869,1.06921,1.06848,1.06909,2376540000,8
1679068320000,1679068799000,1.0691,1.0697,1.0689,1.06946,2308480000,8
1679068800000,1679069279000,1.06948,1.07011,1.06931,1.06989,2205270000,8
1679069280000,1679069759000,1.06991,1.07007,1.06976,1.06991,1442070000,8
1679069760000,1679070239000,1.06995,1.0703,1.06987,1.07029,1678210000,8
1679070240000,1679070719000,1.07028,1.07047,1.07004,1.07035,2001750000,8
1679070720000,1679071199000,1.07035,1.07058,1.07001,1.07004,1980800000,8
1679071200000,1679071679000,1.07008,1.0703,1.06989,1.0699,1678140000,8
1679071680000,1679072159000,1.06988,1.06994,1.06967,1.06978,1538140000,8
1679072160000,1679072639000,1.06978,1.07001,1.06978,1.06981,1275800000,8
1679072640000,1679073119000,1.06982,1.07011,1.06978,1.06979,1310360000,8
1679073120000,1679073599000,1.06981,1.07007,1.06975,1.07003,1127760000,8
1679073600000,1679074079000,1.07003,1.07015,1.06986,1.07004,1197510000,8
1679074080000,1679074559000,1.07004,1.07032,1.06995,1.07015,1314990000,8
1679074560000,1679075039000,1.07013,1.07028,1.06961,1.06974,1164610000,8
1679075040000,1679075519000,1.06975,1.06978,1.06923,1.06939,1622600000,8
1679075520000,1679075999000,1.06939,1.06947,1.06899,1.06918,1476120000,8
1679076000000,1679076479000,1.06917,1.06955,1.06897,1.06899,1488970000,8
1679076480000,1679076959000,1.069,1.06927,1.06891,1.06927,1640710000,8
1679076960000,1679077439000,1.06926,1.06937,1.06887,1.0689,1108500000,8
1679077440000,1679077919000,1.06891,1.0693,1.0688,1.06924,1308710000,8
1679077920000,1679078399000,1.06922,1.06937,1.06869,1.0688,1473820000,8
1679078400000,1679078879000,1.0688,1.0693,1.0688,1.06902,1298150000,8
1679078880000,1679079359000,1.06901,1.06961,1.06885,1.06955,1756070000,8
1679079360000,1679079839000,1.06954,1.06989,1.06934,1.06982,1581870000,8
1679079840000,1679080319000,1.06979,1.07002,1.06936,1.06949,1174030000,8
1679080320000,1679080799000,1.06947,1.06976,1.0694,1.06952,947080000,8
1679080800000,1679081279000,1.0695,1.0695,1.06901,1.06907,936920000,8
1679081280000,1679081759000,1.06907,1.06933,1.069,1.06914,970360000,8
1679081760000,1679082239000,1.06913,1.06919,1.06888,1.06906,859960000,8
1679082240000,1679082719000,1.06904,1.06928,1.06879,1.06916,952240000,8
1679082720000,1679083199000,1.06914,1.06932,1.06857,1.06861,1221450000,8
1679083200000,1679083679000,1.06863,1.06877,1.06852,1.06852,666760000,8
1679083680000,1679084159000,1.06853,1.06871,1.06844,1.06854,311810000,8
1679084160000,1679084639000,1.06855,1.06857,1.06826,1.06829,361060000,8
1679084640000,1679085119000,1.06828,1.06867,1.06819,1.06867,411590000,8
1679085120000,1679085599000,1.06866,1.06876,1.06824,1.06829,859080000,8
1679085600000,1679086079000,1.06829,1.06898,1.06816,1.06889,805320000,8
1679086080000,1679086559000,1.06889,1.06907,1.06854,1.06886,604370000,8
1679086560000,1679087039000,1.06886,1.06886,1.06817,1.06842,757500000,8
1679087040000,1679087519000,1.06842,1.06842,1.06842,1.06842,0,8
1679087520000,1679087999000,1.06842,1.06842,1.06842,1.06842,0,8
1679088000000,1679088479000,1.06842,1.06842,1.06842,1.06842,0,8
1679088480000,1679088959000,1.06842,1.06842,1.06842,1.06842,0,8
1679088960000,1679089439000,1.06842,1.06842,1.06842,1.06842,0,8
1679089440000,1679089919000,1.06842,1.06842,1.06842,1.06842,0,8
1679089920000,1679090399000,1.06842,1.06842,1.06842,1.06842,0,8
1679090400000,1679090879000,1.06842,1.06842,1.06842,1.06842,0,8
1679090880000,1679091359000,1.06842,1.06842,1.06842,1.06842,0,8
1679091360000,1679091839000,1.06842,1.06842,1.06842,1.06842,0,8
1679091840000,1679092319000,1.06842,1.06842,1.06842,1.06842,0,8
1679092320000,1679092799000,1.06842,1.06842,1.06842,1.06842,0,8
1679092800000,1679093279000,1.06842,1.06842,1.06842,1.06842,0,8
1679093280000,1679093759000,1.06842,1.06842,1.06842,1.06842,0,8
1679093760000,1679094239000,1.06842,1.06842,1.06842,1.06842,0,8
1679094240000,1679094719000,1.06842,1.06842,1.06842,1.06842,0,8
1679094720000,1679095199000,1.06842,1.06842,1.06842,1.06842,0,8
1679095200000,1679095679000,1.06842,1.06842,1.06842,1.06842,0,8
1679095680000,1679096159000,1.06842,1.06842,1.06842,1.06842,0,8
1679096160000,1679096639000,1.06842,1.06842,1.06842,1.06842,0,8
1679096640000,1679097119000,1.06842,1.06842,1.06842,1.06842,0,8
1679097120000,1679097599000,1.06842,1.06842,1.06842,1.06842,0,8
1679259840000,1679260319000,1.06646,1.06858,1.06604,1.0685,145950000,8
1679261280000,1679261759000,1.06855,1.06855,1.0685,1.0685,22350000,8
1679261760000,1679262239000,1.0685,1.06854,1.0685,1.0685,38250000,8
1679262240000,1679262719000,1.0685,1.06872,1.0685,1.06861,93650000,8
1679262720000,1679263199000,1.0686,1.06905,1.0685,1.06904,139820000,8
1679263200000,1679263679000,1.06903,1.07013,1.06885,1.0691,590140000,8
1679263680000,1679264159000,1.06912,1.06912,1.0685,1.06864,810070000,8
1679264640000,1679265119000,1.0685,1.06995,1.0685,1.06964,1230430000,8
1679265120000,1679265599000,1.06963,1.07038,1.06962,1.07038,1607140000,8
1679265600000,1679266079000,1.07037,1.07052,1.07005,1.0701,870260000,8
1679266080000,1679266559000,1.07012,1.07027,1.06977,1.06989,2174960000,8
1679266560000,1679267039000,1.06996,1.06996,1.06955,1.06986,481980000,8
1679267040000,1679267519000,1.06986,1.06994,1.0697,1.06986,561320000,8
1679267520000,1679267999000,1.06986,1.06986,1.06949,1.06952,637180000,8
1679268000000,1679268479000,1.06955,1.06962,1.06934,1.06952,515920000,8
1679268480000,1679268959000,1.0695,1.07002,1.0695,1.07,630820000,8
1679268960000,1679269439000,1.06998,1.07028,1.06998,1.07008,486590000,8
1679269440000,1679269919000,1.07009,1.0703,1.07006,1.07016,775790000,8
1679269920000,1679270399000,1.07015,1.07022,1.06993,1.07005,886800000,8
1679270400000,1679270879000,1.07006,1.07051,1.07002,1.07047,1779030000,8
1679270880000,1679271359000,1.07044,1.07079,1.07038,1.07075,1279110000,8
1679271360000,1679271839000,1.07073,1.07084,1.07043,1.07043,1190440000,8
1679271840000,1679272319000,1.07047,1.07149,1.07045,1.07137,1118120000,8
1679272320000,1679272799000,1.0714,1.07181,1.0713,1.07167,972560000,8
1679272800000,1679273279000,1.07169,1.07185,1.07146,1.07174,952810000,8
1679273280000,1679273759000,1.07176,1.07189,1.07139,1.07152,1515730000,8
1679273760000,1679274239000,1.07151,1.07197,1.07146,1.07186,1481710000,8
1679274240000,1679274719000,1.07186,1.0719,1.07142,1.07164,1413900000,8
1679274720000,1679275199000,1.07164,1.07209,1.0715,1.07202,1205690000,8
1679275200000,1679275679000,1.07203,1.07274,1.07203,1.07246,1585250000,8
1679275680000,1679276159000,1.07248,1.07249,1.07162,1.07167,1136410000,8
1679276160000,1679276639000,1.07166,1.0719,1.07119,1.07139,1926340000,8
1679276640000,1679277119000,1.07137,1.07197,1.07127,1.07132,1209470000,8
1679277120000,1679277599000,1.07135,1.07144,1.07103,1.07103,1515570000,8
1679277600000,1679278079000,1.07103,1.07166,1.07102,1.07165,1323680000,8
1679278080000,1679278559000,1.07165,1.07192,1.07156,1.07186,730090000,8
1679278560000,1679279039000,1.07187,1.07205,1.07142,1.07143,619310000,8
1679279040000,1679279519000,1.07143,1.07143,1.07073,1.07073,828840000,8
1679279520000,1679279999000,1.07074,1.07093,1.07042,1.07062,647660000,8
1679280000000,1679280479000,1.07062,1.07074,1.07031,1.0704,644020000,8
1679280480000,1679280959000,1.07039,1.07078,1.07029,1.07036,761300000,8
1679280960000,1679281439000,1.07035,1.07037,1.0702,1.07023,809850000,8
1679281440000,1679281919000,1.07022,1.07054,1.07021,1.07032,1121480000,8
1679281920000,1679282399000,1.07033,1.07048,1.06997,1.07018,983520000,8
1679282400000,1679282879000,1.07022,1.07028,1.06981,1.0699,1215670000,8
1679282880000,1679283359000,1.06991,1.07018,1.06961,1.07008,1354680000,8
1679283360000,1679283839000,1.07012,1.07037,1.07005,1.07024,1045740000,8
1679283840000,1679284319000,1.07021,1.07039,1.07015,1.07031,686210000,8
1679284320000,1679284799000,1.07032,1.07059,1.07025,1.07051,899090000,8
1679284800000,1679285279000,1.07049,1.07059,1.07023,1.07044,755540000,8
1679285280000,1679285759000,1.07043,1.07045,1.07005,1.07008,1277440000,8
1679285760000,1679286239000,1.07012,1.07013,1.0699,1.06993,730310000,8
1679286240000,1679286719000,1.06993,1.07015,1.06982,1.06986,830220000,8
1679286720000,1679287199000,1.06986,1.06996,1.06952,1.06965,1132670000,8
1679287200000,1679287679000,1.06962,1.06975,1.06907,1.06909,1075790000,8
1679287680000,1679288159000,1.0691,1.06917,1.06891,1.06898,977540000,8
1679288160000,1679288639000,1.06897,1.06911,1.06877,1.06909,1090090000,8
1679288640000,1679289119000,1.0691,1.06963,1.06902,1.06951,886680000,8
1679289120000,1679289599000,1.0695,1.06969,1.06937,1.06964,800790000,8
1679289600000,1679290079000,1.06964,1.0699,1.06953,1.06978,611980000,8
1679290080000,1679290559000,1.06978,1.06982,1.06957,1.06973,1123150000,8
1679290560000,1679291039000,1.06973,1.06973,1.06915,1.06927,1173800000,8
1679291040000,1679291519000,1.06929,1.06951,1.06923,1.06949,966590000,8
1679291520000,1679291999000,1.06954,1.0696,1.06942,1.06959,1272430000,8
1679292000000,1679292479000,1.06959,1.06999,1.06952,1.06987,1348950000,8
1679292480000,1679292959000,1.06986,1.07003,1.0697,1.06977,1021930000,8
1679292960000,1679293439000,1.06976,1.0699,1.06923,1.0693,1518400000,8
1679293440000,1679293919000,1.06929,1.06939,1.06832,1.06842,2574880000,8
1679293920000,1679294399000,1.06842,1.06851,1.06792,1.06801,2594350000,8
1679294400000,1679294879000,1.06801,1.06847,1.06794,1.06842,1478310000,8
1679294880000,1679295359000,1.06842,1.06853,1.06817,1.06841,1689820000,8
1679295360000,1679295839000,1.06844,1.06851,1.06781,1.06789,2048350000,8
1679295840000,1679296319000,1.06788,1.06807,1.06741,1.06785,2295240000,8
1679296320000,1679296799000,1.06785,1.06829,1.06782,1.06822,2266140000,8
1679296800000,1679297279000,1.06824,1.06882,1.0682,1.06838,2047670000,8
1679297280000,1679297759000,1.06838,1.06899,1.06814,1.06889,2863810000,8
1679297760000,1679298239000,1.06889,1.06963,1.06882,1.06959,2326680000,8
1679298240000,1679298719000,1.06961,1.06976,1.06933,1.06937,1964360000,8
1679298720000,1679299199000,1.06937,1.06972,1.06922,1.06953,2157120000,8
1679299200000,1679299679000,1.06953,1.07004,1.06943,1.06946,2911050000,8
1679299680000,1679300159000,1.06944,1.0696,1.06908,1.06939,2471480000,8
1679300160000,1679300639000,1.06937,1.06941,1.06892,1.06911,2250830000,8
1679300640000,1679301119000,1.06904,1.06958,1.06892,1.06958,2451090000,8
1679301120000,1679301599000,1.06955,1.07031,1.06945,1.07028,2105650000,8
1679301600000,1679302079000,1.07028,1.07046,1.0699,1.0703,2306510000,8
1679302080000,1679302559000,1.07032,1.07069,1.07008,1.0701,2129190000,8
1679302560000,1679303039000,1.07011,1.07012,1.06925,1.06947,2366300000,8
1679303040000,1679303519000,1.06945,1.06985,1.06916,1.06981,2075930000,8
1679303520000,1679303999000,1.06979,1.0701,1.06941,1.0699,1867250000,8
1679304000000,1679304479000,1.06991,1.07036,1.06981,1.06989,1782680000,8
1679304480000,1679304959000,1.06988,1.07091,1.06984,1.07067,1955200000,8
1679304960000,1679305439000,1.07065,1.07101,1.07041,1.07079,1780010000,8
1679305440000,1679305919000,1.0708,1.07087,1.07022,1.07035,1987530000,8
1679305920000,1679306399000,1.07033,1.07089,1.07032,1.07057,1830310000,8
1679306400000,1679306879000,1.07056,1.07066,1.07016,1.0705,1925860000,8
1679306880000,1679307359000,1.07049,1.07117,1.07038,1.07116,1562140000,8
1679307360000,1679307839000,1.07116,1.07119,1.07041,1.07045,1536170000,8
1679307840000,1679308319000,1.07044,1.07069,1.07041,1.07045,1397110000,8
1679308320000,1679308799000,1.07045,1.07136,1.07042,1.07125,1938590000,8
1679308800000,1679309279000,1.07127,1.0719,1.07124,1.07187,1470940000,8
1679309280000,1679309759000,1.07185,1.07196,1.07142,1.07148,1224370000,8
1679309760000,1679310239000,1.07148,1.07167,1.07129,1.07139,1425840000,8
1679310240000,1679310719000,1.07138,1.07142,1.07111,1.07128,1607900000,8
1679310720000,1679311199000,1.07129,1.07161,1.07114,1.07121,1725140000,8
1679311200000,1679311679000,1.07122,1.07127,1.07098,1.0711,1329960000,8
1679311680000,1679312159000,1.07111,1.07138,1.07103,1.07104,1422580000,8
1679312160000,1679312639000,1.07104,1.07115,1.07091,1.07094,1347780000,8
1679312640000,1679313119000,1.07096,1.07101,1.07067,1.07086,1420960000,8
1679313120000,1679313599000,1.07086,1.07122,1.0708,1.07117,1018660000,8
1679313600000,1679314079000,1.07115,1.07148,1.07115,1.07141,1722070000,8
1679314080000,1679314559000,1.07144,1.07153,1.07124,1.07152,1614890000,8
1679314560000,1679315039000,1.0715,1.07165,1.07119,1.07152,1699550000,8
1679315040000,1679315519000,1.07152,1.07194,1.07149,1.07164,1774860000,8
1679315520000,1679315999000,1.07163,1.07219,1.07162,1.07204,1892200000,8
1679316000000,1679316479000,1.07205,1.07225,1.07183,1.07225,2199100000,8
1679316480000,1679316959000,1.07223,1.07266,1.07213,1.07248,1655990000,8
1679316960000,1679317439000,1.07248,1.07258,1.07145,1.07147,2366400000,8
1679317440000,1679317919000,1.07148,1.07155,1.07045,1.07055,2227120000,8
1679317920000,1679318399000,1.07054,1.07084,1.07037,1.07049,1842810000,8
1679318400000,1679318879000,1.0705,1.07123,1.07006,1.07104,1766780000,8
1679318880000,1679319359000,1.07105,1.07169,1.07089,1.07137,2741190000,8
1679319360000,1679319839000,1.07136,1.07191,1.07125,1.07175,2370950000,8
1679319840000,1679320319000,1.07178,1.07276,1.07172,1.07273,2365880000,8
1679320320000,1679320799000,1.07274,1.07281,1.07227,1.0723,2584980000,8
1679320800000,1679321279000,1.07228,1.07315,1.07228,1.0728,2886050000,8
1679321280000,1679321759000,1.07278,1.07328,1.07275,1.07323,2278020000,8
1679321760000,1679322239000,1.0732,1.07402,1.07308,1.07388,2544350000,8
1679322240000,1679322719000,1.07391,1.07455,1.07387,1.07445,2360810000,8
1679322720000,1679323199000,1.07444,1.07457,1.07417,1.07447,1949860000,8
1679323200000,1679323679000,1.07448,1.07467,1.07444,1.07457,1934300000,8
1679323680000,1679324159000,1.07457,1.07476,1.07446,1.07457,2082260000,8
1679324160000,1679324639000,1.07457,1.07506,1.07447,1.07469,1731450000,8
1679324640000,1679325119000,1.07469,1.07522,1.07457,1.07469,1273550000,8
1679325120000,1679325599000,1.07471,1.07476,1.0744,1.07458,1717380000,8
1679325600000,1679326079000,1.0746,1.07529,1.07444,1.07522,1242270000,8
1679326080000,1679326559000,1.07526,1.07541,1.075,1.07505,1314790000,8
1679326560000,1679327039000,1.07508,1.07513,1.07482,1.07489,1536970000,8
1679327040000,1679327519000,1.07489,1.07515,1.07473,1.07484,1734110000,8
1679327520000,1679327999000,1.07485,1.07489,1.07431,1.07448,2138260000,8
1679328000000,1679328479000,1.07447,1.07491,1.07445,1.07461,1750860000,8
1679328480000,1679328959000,1.07461,1.07465,1.07391,1.07434,2102210000,8
1679328960000,1679329439000,1.07439,1.07477,1.07418,1.07471,1151500000,8
1679329440000,1679329919000,1.07472,1.07477,1.07417,1.07423,1295830000,8
1679329920000,1679330399000,1.07424,1.07433,1.07406,1.07432,997700000,8
1679330400000,1679330879000,1.07431,1.07441,1.07411,1.0743,801720000,8
1679330880000,1679331359000,1.07431,1.07464,1.0743,1.07461,829060000,8
1679331360000,1679331839000,1.07464,1.07492,1.07455,1.07467,947920000,8
1679331840000,1679332319000,1.07468,1.07511,1.07463,1.07502,995300000,8
1679332320000,1679332799000,1.07501,1.07544,1.07495,1.07532,990050000,8
1679332800000,1679333279000,1.07535,1.07547,1.07511,1.07527,780280000,8
1679333280000,1679333759000,1.07531,1.07548,1.07514,1.0752,953260000,8
1679333760000,1679334239000,1.0752,1.07527,1.07503,1.07523,1156310000,8
1679334240000,1679334719000,1.07522,1.07552,1.07513,1.07539,1263600000,8
1679334720000,1679335199000,1.0754,1.07556,1.07529,1.07533,865250000,8
1679335200000,1679335679000,1.07518,1.07543,1.07495,1.07496,1063120000,8
1679335680000,1679336159000,1.07497,1.07501,1.07452,1.07458,939950000,8
1679336160000,1679336639000,1.07459,1.07487,1.07454,1.07485,894700000,8
1679336640000,1679337119000,1.07485,1.07487,1.07433,1.0745,739410000,8
1679337120000,1679337599000,1.07451,1.07472,1.07435,1.07455,1080370000,8
1679337600000,1679338079000,1.07456,1.07487,1.07451,1.07485,767840000,8
1679338080000,1679338559000,1.07484,1.07487,1.07457,1.07462,646850000,8
1679338560000,1679339039000,1.07459,1.07472,1.07434,1.07467,751860000,8
1679339040000,1679339519000,1.07468,1.07495,1.07467,1.07475,830690000,8
1679339520000,1679339999000,1.07474,1.07478,1.07453,1.07453,610790000,8
1679340000000,1679340479000,1.07456,1.07461,1.07433,1.07456,600860000,8
1679340480000,1679340959000,1.07455,1.07486,1.07454,1.0748,799170000,8
1679340960000,1679341439000,1.07484,1.07502,1.07469,1.07489,450090000,8
1679341440000,1679341919000,1.07489,1.07491,1.07456,1.07466,492100000,8
1679341920000,1679342399000,1.07466,1.07521,1.07456,1.07506,692270000,8
1679342400000,1679342879000,1.07505,1.0752,1.07496,1.07503,466240000,8
1679342880000,1679343359000,1.07503,1.07549,1.07495,1.07539,354920000,8
1679343360000,1679343839000,1.07539,1.07561,1.07526,1.07551,153120000,8
1679343840000,1679344319000,1.07553,1.07572,1.07519,1.07528,277680000,8
1679344320000,1679344799000,1.07527,1.07529,1.07508,1.07513,146240000,8
1679344800000,1679345279000,1.07513,1.07527,1.07506,1.07526,156460000,8
1679345280000,1679345759000,1.07529,1.07549,1.07517,1.07545,218340000,8
1679345760000,1679346239000,1.07545,1.07556,1.07519,1.07519,210730000,8
1679346240000,1679346719000,1.07224,1.07517,1.07224,1.07517,60680000,8
1679346720000,1679347199000,1.07517,1.07517,1.0743,1.07489,34350000,8
1679347200000,1679347679000,1.0749,1.0749,1.07424,1.07435,85500000,8
1679347680000,1679348159000,1.07489,1.07491,1.07435,1.07489,123000000,8
1679348160000,1679348639000,1.07484,1.07492,1.07429,1.07479,190290000,8
1679348640000,1679349119000,1.07481,1.07491,1.07439,1.0749,63000000,8
1679349120000,1679349599000,1.07485,1.0749,1.07432,1.07489,40500000,8
1679349600000,1679350079000,1.07489,1.07508,1.07478,1.07502,367740000,8
1679350080000,1679350559000,1.07499,1.07532,1.07474,1.07528,542390000,8
1679350560000,1679351039000,1.07529,1.07556,1.07514,1.07546,914600000,8
1679351040000,1679351519000,1.07541,1.07575,1.07538,1.07543,805940000,8
1679351520000,1679351999000,1.07544,1.07562,1.07525,1.07527,1097100000,8
1679352000000,1679352479000,1.07532,1.07541,1.07517,1.0753,344320000,8
1679352480000,1679352959000,1.0753,1.0754,1.0752,1.07533,240280000,8
1679352960000,1679353439000,1.07534,1.07561,1.0753,1.07531,391040000,8
1679353440000,1679353919000,1.07532,1.07553,1.07512,1.07515,335920000,8
1679353920000,1679354399000,1.07517,1.07528,1.07502,1.07524,298100000,8
1679354400000,1679354879000,1.07522,1.07549,1.07509,1.07514,504700000,8
1679354880000,1679355359000,1.07512,1.07545,1.07507,1.0752,432250000,8
1679355360000,1679355839000,1.0752,1.07566,1.07504,1.07565,596340000,8
1679355840000,1679356319000,1.07566,1.07586,1.07562,1.07575,377500000,8
1679356320000,1679356799000,1.07579,1.07601,1.07572,1.07595,450250000,8
1679356800000,1679357279000,1.07594,1.07605,1.07566,1.07598,988970000,8
1679357280000,1679357759000,1.07599,1.07637,1.07589,1.07613,1103970000,8
1679357760000,1679358239000,1.07613,1.07686,1.07589,1.07675,1570950000,8
1679358240000,1679358719000,1.07675,1.0769,1.07558,1.07571,1637060000,8
1679358720000,1679359199000,1.0757,1.07574,1.07489,1.07493,1276110000,8
1679359200000,1679359679000,1.07491,1.07544,1.07483,1.07502,1128640000,8
1679359680000,1679360159000,1.07502,1.07503,1.07415,1.07418,765000000,8
1679360160000,1679360639000,1.07419,1.07421,1.07389,1.07404,1074950000,8
1679360640000,1679361119000,1.07404,1.07419,1.07357,1.07403,1202280000,8
1679361120000,1679361599000,1.07405,1.07421,1.07387,1.07407,841530000,8
1679361600000,1679362079000,1.0741,1.07438,1.07386,1.07432,816540000,8
1679362080000,1679362559000,1.07437,1.07467,1.07373,1.07457,1634580000,8
1679362560000,1679363039000,1.07456,1.0748,1.07439,1.07474,1472170000,8
1679363040000,1679363519000,1.07473,1.07489,1.07444,1.07464,1288380000,8
1679363520000,1679363999000,1.07462,1.07542,1.07449,1.0754,1190490000,8
1679364000000,1679364479000,1.0754,1.07594,1.07535,1.0759,1133120000,8
1679364480000,1679364959000,1.0759,1.07607,1.07582,1.07584,735650000,8
1679364960000,1679365439000,1.07583,1.07655,1.07582,1.07655,568360000,8
1679365440000,1679365919000,1.07656,1.07707,1.07653,1.07697,690160000,8
1679365920000,1679366399000,1.07698,1.07708,1.07683,1.07693,528780000,8
1679366400000,1679366879000,1.07695,1.07695,1.07642,1.07649,697740000,8
1679366880000,1679367359000,1.07649,1.07652,1.07618,1.07643,1009520000,8
1679367360000,1679367839000,1.07643,1.07663,1.07641,1.07655,888990000,8
1679367840000,1679368319000,1.07658,1.07662,1.07629,1.07647,605830000,8
1679368320000,1679368799000,1.0765,1.07655,1.07616,1.0763,663500000,8
1679368800000,1679369279000,1.07633,1.07681,1.07623,1.07678,627580000,8
1679369280000,1679369759000,1.07676,1.07712,1.07673,1.07702,699340000,8
1679369760000,1679370239000,1.07703,1.07719,1.07696,1.07702,508840000,8
1679370240000,1679370719000,1.07703,1.07703,1.07644,1.07662,733220000,8
1679370720000,1679371199000,1.07663,1.07684,1.07661,1.07665,432900000,8
1679371200000,1679371679000,1.07667,1.07704,1.07656,1.07704,631170000,8
1679371680000,1679372159000,1.07699,1.07719,1.07683,1.07695,855620000,8
1679372160000,1679372639000,1.07692,1.0771,1.07684,1.07694,490970000,8
1679372640000,1679373119000,1.07691,1.07697,1.07668,1.07677,470450000,8
1679373120000,1679373599000,1.07678,1.07698,1.07662,1.07662,542990000,8
1679373600000,1679374079000,1.07663,1.07681,1.07662,1.07663,350700000,8
1679374080000,1679374559000,1.07664,1.07681,1.0766,1.07675,452610000,8
1679374560000,1679375039000,1.07674,1.07695,1.07672,1.07681,505410000,8
1679375040000,1679375519000,1.07679,1.07696,1.0767,1.07685,532700000,8
1679375520000,1679375999000,1.07686,1.07705,1.07677,1.07686,609020000,8
1679376000000,1679376479000,1.07687,1.0772,1.07686,1.0771,678000000,8
1679376480000,1679376959000,1.07709,1.07718,1.07652,1.07679,729000000,8
1679376960000,1679377439000,1.07676,1.07678,1.07642,1.07654,488050000,8
1679377440000,1679377919000,1.07652,1.07661,1.07642,1.07644,462510000,8
1679377920000,1679378399000,1.07645,1.07674,1.07643,1.07674,489730000,8
1679378400000,1679378879000,1.07674,1.07704,1.07667,1.0767,623260000,8
1679378880000,1679379359000,1.07669,1.07681,1.07632,1.07632,643660000,8
1679379360000,1679379839000,1.07632,1.0766,1.07632,1.07654,665610000,8
1679379840000,1679380319000,1.07654,1.07675,1.07635,1.07669,945090000,8
1679380320000,1679380799000,1.07668,1.07741,1.07668,1.07706,1156010000,8
1679380800000,1679381279000,1.07705,1.07708,1.07662,1.07683,925280000,8
1679381280000,1679381759000,1.07684,1.07729,1.07673,1.07725,828410000,8
1679381760000,1679382239000,1.07726,1.07753,1.07711,1.07715,941250000,8
1679382240000,1679382719000,1.07714,1.07747,1.07702,1.07724,1138660000,8
1679382720000,1679383199000,1.07727,1.07759,1.07712,1.07734,1377260000,8
1679383200000,1679383679000,1.07734,1.07772,1.07729,1.07761,1542880000,8
1679383680000,1679384159000,1.07761,1.07769,1.07682,1.07695,1463820000,8
1679384160000,1679384639000,1.07691,1.07744,1.07676,1.07742,1082540000,8
1679384640000,1679385119000,1.07745,1.07771,1.07724,1.07725,1528090000,8
1679385120000,1679385599000,1.07725,1.07773,1.07724,1.07738,1659930000,8
1679385600000,1679386079000,1.07739,1.07775,1.07734,1.07749,2433680000,8
1679386080000,1679386559000,1.07747,1.07775,1.07714,1.07758,2307040000,8
1679386560000,1679387039000,1.07759,1.07793,1.07749,1.0777,1863050000,8
1679387040000,1679387519000,1.07771,1.07797,1.07764,1.07787,1966340000,8
1679387520000,1679387999000,1.07785,1.07807,1.07758,1.0779,1480360000,8
1679388000000,1679388479000,1.07792,1.07845,1.07786,1.0783,1818600000,8
1679388480000,1679388959000,1.07829,1.07848,1.07784,1.07805,1497500000,8
1679388960000,1679389439000,1.07807,1.07911,1.07806,1.07903,1895870000,8
1679389440000,1679389919000,1.07899,1.07927,1.07878,1.07903,1599880000,8
1679389920000,1679390399000,1.07902,1.07929,1.07885,1.07893,1329090000,8
1679390400000,1679390879000,1.07893,1.07919,1.07875,1.07909,1295130000,8
1679390880000,1679391359000,1.07909,1.07937,1.07883,1.07884,1341350000,8
1679391360000,1679391839000,1.07885,1.07899,1.07862,1.07862,1035820000,8
1679391840000,1679392319000,1.07863,1.07921,1.07852,1.07915,846120000,8
1679392320000,1679392799000,1.07916,1.07935,1.07909,1.0792,1189780000,8
1679392800000,1679393279000,1.0792,1.07962,1.07913,1.0793,1065360000,8
1679393280000,1679393759000,1.07934,1.07956,1.07884,1.07899,1343830000,8
1679393760000,1679394239000,1.07898,1.07914,1.0787,1.07902,1223380000,8
1679394240000,1679394719000,1.07904,1.07926,1.07884,1.07887,1279010000,8
1679394720000,1679395199000,1.07887,1.07924,1.07878,1.07908,1171330000,8
1679395200000,1679395679000,1.07908,1.07935,1.07878,1.07885,1167660000,8
1679395680000,1679396159000,1.07884,1.07891,1.07869,1.07884,1138810000,8
1679396160000,1679396639000,1.07883,1.07915,1.07863,1.07907,1506570000,8
1679396640000,1679397119000,1.07909,1.07935,1.07888,1.07927,1254830000,8
1679397120000,1679397599000,1.07926,1.07927,1.07869,1.07884,1088580000,8
1679397600000,1679398079000,1.0788,1.07884,1.07851,1.07855,1449110000,8
1679398080000,1679398559000,1.07856,1.07862,1.07805,1.0786,1469320000,8
1679398560000,1679399039000,1.07862,1.07867,1.07794,1.078,1558290000,8
1679399040000,1679399519000,1.078,1.07812,1.07768,1.07783,1417880000,8
1679399520000,1679399999000,1.07783,1.07827,1.07769,1.07827,969830000,8
1679400000000,1679400479000,1.07826,1.07848,1.07807,1.0784,1236300000,8
1679400480000,1679400959000,1.07841,1.0785,1.0781,1.07824,1040570000,8
1679400960000,1679401439000,1.07826,1.0785,1.07808,1.07847,1656420000,8
1679401440000,1679401919000,1.07847,1.07882,1.07842,1.07851,1137340000,8
1679401920000,1679402399000,1.07851,1.07856,1.07825,1.07847,1534350000,8
1679402400000,1679402879000,1.07845,1.07878,1.07838,1.07874,1538270000,8
1679402880000,1679403359000,1.07871,1.07897,1.07871,1.07883,1068340000,8
1679403360000,1679403839000,1.07886,1.07912,1.0788,1.07892,1416780000,8
1679403840000,1679404319000,1.0789,1.0792,1.07887,1.07892,1965740000,8
1679404320000,1679404799000,1.07891,1.0791,1.07858,1.07861,1515160000,8
1679404800000,1679405279000,1.07864,1.07874,1.07842,1.0786,1422150000,8
1679405280000,1679405759000,1.07861,1.07915,1.07856,1.079,1978890000,8
1679405760000,1679406239000,1.07898,1.07945,1.07897,1.07939,1814370000,8
1679406240000,1679406719000,1.07938,1.07945,1.07906,1.07906,1536970000,8
1679406720000,1679407199000,1.07907,1.07917,1.0787,1.07874,1305630000,8
1679407200000,1679407679000,1.07872,1.07893,1.07814,1.07869,2092200000,8
1679407680000,1679408159000,1.0787,1.079,1.07793,1.07814,2209370000,8
1679408160000,1679408639000,1.07816,1.07842,1.07754,1.07775,2373880000,8
1679408640000,1679409119000,1.07775,1.07778,1.07682,1.07716,2451670000,8
1679409120000,1679409599000,1.07718,1.0775,1.07684,1.07744,1546770000,8
1679409600000,1679410079000,1.07745,1.07823,1.07732,1.07807,1370330000,8
1679410080000,1679410559000,1.07806,1.07819,1.07758,1.07762,1836670000,8
1679410560000,1679411039000,1.07763,1.07764,1.07711,1.07713,1856160000,8
1679411040000,1679411519000,1.07717,1.07753,1.07709,1.07753,1427220000,8
1679411520000,1679411999000,1.07753,1.07769,1.07729,1.0774,1245750000,8
1679412000000,1679412479000,1.0774,1.0776,1.07717,1.07752,1067700000,8
1679412480000,1679412959000,1.07752,1.07809,1.07747,1.07798,1327400000,8
1679412960000,1679413439000,1.07798,1.07843,1.07787,1.07833,1373220000,8
1679413440000,1679413919000,1.07834,1.07834,1.078,1.07808,1710050000,8
1679413920000,1679414399000,1.07809,1.07819,1.07775,1.07779,1326340000,8
1679414400000,1679414879000,1.07778,1.0779,1.07756,1.07764,1457270000,8
1679414880000,1679415359000,1.07764,1.0778,1.07737,1.07749,1109010000,8
1679415360000,1679415839000,1.0775,1.07758,1.07734,1.07748,1126470000,8
1679415840000,1679416319000,1.07748,1.07776,1.07738,1.07771,1053860000,8
1679416320000,1679416799000,1.07772,1.07786,1.07761,1.07765,935080000,8
1679416800000,1679417279000,1.07766,1.07776,1.07748,1.07751,1287910000,8
1679417280000,1679417759000,1.0775,1.07788,1.07748,1.07787,1271790000,8
1679417760000,1679418239000,1.07787,1.07796,1.07757,1.07768,941840000,8
1679418240000,1679418719000,1.0777,1.0781,1.07765,1.07809,1254080000,8
1679418720000,1679419199000,1.07808,1.07812,1.07788,1.07791,816830000,8
1679419200000,1679419679000,1.07791,1.07804,1.07779,1.07803,896270000,8
1679419680000,1679420159000,1.07802,1.07822,1.07797,1.07806,1129490000,8
1679420160000,1679420639000,1.07805,1.0781,1.07787,1.07801,725150000,8
1679420640000,1679421119000,1.078,1.0781,1.07778,1.07789,957630000,8
1679421120000,1679421599000,1.07789,1.0779,1.07758,1.07766,739260000,8
1679421600000,1679422079000,1.07758,1.078,1.07758,1.07793,805430000,8
1679422080000,1679422559000,1.07792,1.07821,1.07791,1.07817,708560000,8
1679422560000,1679423039000,1.0782,1.07828,1.07813,1.07823,842990000,8
1679423040000,1679423519000,1.07824,1.07832,1.0781,1.07824,945500000,8
1679423520000,1679423999000,1.07827,1.07848,1.07823,1.07839,609540000,8
1679424000000,1679424479000,1.07837,1.07858,1.07834,1.07858,703460000,8
1679424480000,1679424959000,1.07857,1.07867,1.07842,1.07858,651870000,8
1679424960000,1679425439000,1.07855,1.07878,1.07819,1.07826,1282030000,8
1679425440000,1679425919000,1.07825,1.07843,1.07816,1.07819,674720000,8
1679425920000,1679426399000,1.07819,1.07828,1.07799,1.07805,595950000,8
1679426400000,1679426879000,1.07807,1.07807,1.07785,1.07794,591920000,8
1679426880000,1679427359000,1.07792,1.078,1.0779,1.07797,714000000,8
1679427360000,1679427839000,1.07798,1.07819,1.07794,1.07813,467400000,8
1679427840000,1679428319000,1.07814,1.07817,1.07775,1.07776,787500000,8
1679428320000,1679428799000,1.07777,1.0779,1.07727,1.07745,776200000,8
1679428800000,1679429279000,1.07744,1.07759,1.07706,1.07711,721670000,8
1679429280000,1679429759000,1.07709,1.07712,1.07674,1.07683,1081700000,8
1679429760000,1679430239000,1.07685,1.07698,1.07684,1.07685,432930000,8
1679430240000,1679430719000,1.07684,1.07691,1.0768,1.07682,745720000,8
1679430720000,1679431199000,1.07682,1.07695,1.07678,1.07681,342320000,8
1679431200000,1679431679000,1.07682,1.07685,1.07674,1.07674,430200000,8
1679431680000,1679432159000,1.07678,1.07678,1.07654,1.07655,185100000,8
1679432160000,1679432639000,1.07654,1.07686,1.07608,1.07609,147160000,8
1679432640000,1679433119000,1.07608,1.07644,1.07525,1.07608,154600000,8
1679433120000,1679433599000,1.07611,1.07623,1.07586,1.07614,114490000,8
1679433600000,1679434079000,1.07608,1.07709,1.07559,1.0768,259730000,8
1679434080000,1679434559000,1.07678,1.07678,1.07668,1.07678,66600000,8
1679434560000,1679435039000,1.0768,1.07687,1.07678,1.07684,47100000,8
1679435040000,1679435519000,1.07684,1.07687,1.07641,1.07641,87000000,8
1679435520000,1679435999000,1.07639,1.07671,1.07636,1.07661,137400000,8
1679436000000,1679436479000,1.07669,1.07681,1.07628,1.07639,192330000,8
1679436480000,1679436959000,1.07637,1.0769,1.07632,1.0768,130200000,8
1679436960000,1679437439000,1.07684,1.07684,1.07663,1.07666,144900000,8
1679437440000,1679437919000,1.07669,1.07691,1.07668,1.07681,74400000,8
1679437920000,1679438399000,1.0768,1.07701,1.07677,1.07693,161280000,8
1679438400000,1679438879000,1.07693,1.07704,1.07681,1.07685,117640000,8
1679438880000,1679439359000,1.07686,1.0771,1.07683,1.07703,219420000,8
1679439360000,1679439839000,1.07702,1.07714,1.0767,1.07687,594190000,8
1679439840000,1679440319000,1.07689,1.07738,1.07677,1.07732,420370000,8
1679440320000,1679440799000,1.07731,1.07757,1.07726,1.07746,235540000,8
1679440800000,1679441279000,1.07745,1.07751,1.07724,1.07745,808740000,8
1679441280000,1679441759000,1.07746,1.07768,1.07745,1.07757,371940000,8
1679441760000,1679442239000,1.07759,1.07795,1.07756,1.07788,305200000,8
1679442240000,1679442719000,1.0779,1.0779,1.07755,1.07772,395890000,8
1679442720000,1679443199000,1.07771,1.07833,1.07765,1.07827,532570000,8
1679443200000,1679443679000,1.0783,1.07836,1.07785,1.0783,1003020000,8
1679443680000,1679444159000,1.07831,1.07837,1.07807,1.07831,757860000,8
1679444160000,1679444639000,1.07829,1.07904,1.07818,1.0789,824080000,8
1679444640000,1679445119000,1.07891,1.07944,1.07868,1.07934,1399870000,8
1679445120000,1679445599000,1.07935,1.07968,1.07886,1.07887,897010000,8
1679445600000,1679446079000,1.07888,1.07914,1.07868,1.07902,672260000,8
1679446080000,1679446559000,1.07902,1.07935,1.07882,1.07916,1265440000,8
1679446560000,1679447039000,1.07917,1.07928,1.0789,1.07908,1398120000,8
1679447040000,1679447519000,1.07911,1.07927,1.0789,1.07912,1167010000,8
1679447520000,1679447999000,1.07911,1.07915,1.07897,1.07905,1150300000,8
1679448000000,1679448479000,1.07905,1.0792,1.07891,1.07912,1125000000,8
1679448480000,1679448959000,1.07911,1.07954,1.0791,1.07935,1282500000,8
1679448960000,1679449439000,1.07935,1.08004,1.0793,1.07947,1647830000,8
1679449440000,1679449919000,1.07946,1.07974,1.0793,1.07933,1257630000,8
1679449920000,1679450399000,1.07932,1.08025,1.07913,1.08018,1031900000,8
1679450400000,1679450879000,1.08021,1.08039,1.07975,1.07975,1098310000,8
1679450880000,1679451359000,1.07974,1.07983,1.07925,1.07934,850080000,8
1679451360000,1679451839000,1.07933,1.07967,1.0793,1.0794,706470000,8
1679451840000,1679452319000,1.0794,1.07942,1.07872,1.07889,839380000,8
1679452320000,1679452799000,1.07889,1.07899,1.07865,1.07887,936950000,8
1679452800000,1679453279000,1.07888,1.07919,1.07882,1.0789,1007160000,8
1679453280000,1679453759000,1.07891,1.0792,1.07877,1.07907,643100000,8
1679453760000,1679454239000,1.07909,1.07914,1.07868,1.07868,785860000,8
1679454240000,1679454719000,1.07869,1.07884,1.0785,1.07879,829600000,8
1679454720000,1679455199000,1.07878,1.0788,1.07848,1.07851,727390000,8
1679455200000,1679455679000,1.07848,1.07868,1.0782,1.0784,820090000,8
1679455680000,1679456159000,1.0784,1.07873,1.07836,1.07869,639080000,8
1679456160000,1679456639000,1.07866,1.07898,1.07863,1.07898,588790000,8
1679456640000,1679457119000,1.07897,1.07901,1.07848,1.07851,456290000,8
1679457120000,1679457599000,1.07851,1.07884,1.07845,1.07872,536880000,8
1679457600000,1679458079000,1.07873,1.07882,1.07854,1.07862,550220000,8
1679458080000,1679458559000,1.07862,1.07927,1.0786,1.07871,566270000,8
1679458560000,1679459039000,1.07871,1.07874,1.07845,1.07847,651470000,8
1679459040000,1679459519000,1.07846,1.07896,1.07828,1.07888,710120000,8
1679459520000,1679459999000,1.07887,1.07924,1.07874,1.07911,473780000,8
1679460000000,1679460479000,1.0791,1.07943,1.0791,1.07931,351130000,8
1679460480000,1679460959000,1.07932,1.07955,1.07928,1.07944,286120000,8
1679460960000,1679461439000,1.07947,1.07969,1.07947,1.07953,410530000,8
1679461440000,1679461919000,1.07954,1.07973,1.07934,1.07939,380190000,8
1679461920000,1679462399000,1.07938,1.07948,1.07923,1.07932,736690000,8
1679462400000,1679462879000,1.07932,1.07972,1.07914,1.07928,643630000,8
1679462880000,1679463359000,1.07929,1.07943,1.07912,1.07934,742880000,8
1679463360000,1679463839000,1.07934,1.0794,1.07873,1.079,655790000,8
1679463840000,1679464319000,1.07899,1.07929,1.07892,1.079,721860000,8
1679464320000,1679464799000,1.07901,1.07918,1.07895,1.07905,468260000,8
1679464800000,1679465279000,1.07905,1.07951,1.07868,1.07878,972440000,8
1679465280000,1679465759000,1.07879,1.07886,1.07848,1.07885,872550000,8
1679465760000,1679466239000,1.07885,1.07894,1.07848,1.07868,567630000,8
1679466240000,1679466719000,1.07868,1.07883,1.07852,1.07855,636820000,8
1679466720000,1679467199000,1.07857,1.0789,1.07846,1.07866,810630000,8
1679467200000,1679467679000,1.07865,1.07873,1.07826,1.07844,920120000,8
1679467680000,1679468159000,1.07846,1.07846,1.07791,1.07791,822390000,8
1679468160000,1679468639000,1.07791,1.07827,1.07785,1.07787,1512630000,8
1679468640000,1679469119000,1.07787,1.07811,1.07732,1.07744,1438500000,8
1679469120000,1679469599000,1.07744,1.07754,1.07731,1.07743,975710000,8
1679469600000,1679470079000,1.07742,1.07757,1.0769,1.0774,1012970000,8
1679470080000,1679470559000,1.0774,1.07744,1.07706,1.07731,1320260000,8
1679470560000,1679471039000,1.07729,1.07746,1.07707,1.0771,1135120000,8
1679471040000,1679471519000,1.07711,1.07714,1.07682,1.07702,1109380000,8
1679471520000,1679471999000,1.07702,1.07718,1.07686,1.07699,780180000,8
1679472000000,1679472479000,1.07697,1.07709,1.07651,1.07655,1324150000,8
1679472480000,1679472959000,1.07657,1.07686,1.07624,1.0764,1437680000,8
1679472960000,1679473439000,1.07637,1.07695,1.07614,1.07686,1229380000,8
1679473440000,1679473919000,1.07685,1.0769,1.07662,1.07667,1269120000,8
1679473920000,1679474399000,1.07668,1.07676,1.07642,1.07664,1431750000,8
1679474400000,1679474879000,1.07664,1.07674,1.07646,1.07667,1295440000,8
1679474880000,1679475359000,1.07667,1.07696,1.07665,1.07691,1084480000,8
1679475360000,1679475839000,1.0769,1.07715,1.07684,1.07695,898670000,8
1679475840000,1679476319000,1.07696,1.077,1.07631,1.07634,932300000,8
1679476320000,1679476799000,1.07634,1.0767,1.07634,1.07655,880690000,8
1679476800000,1679477279000,1.07654,1.07673,1.0764,1.07653,894670000,8
1679477280000,1679477759000,1.07652,1.07686,1.07646,1.07662,697530000,8
1679477760000,1679478239000,1.07663,1.07685,1.07651,1.07664,644570000,8
1679478240000,1679478719000,1.07664,1.07673,1.07627,1.07634,801710000,8
1679478720000,1679479199000,1.07632,1.07666,1.0762,1.07666,840110000,8
1679479200000,1679479679000,1.07665,1.07666,1.07629,1.07655,748210000,8
1679479680000,1679480159000,1.07657,1.07672,1.07644,1.07653,787520000,8
1679480160000,1679480639000,1.0765,1.07673,1.07632,1.07667,853920000,8
1679480640000,1679481119000,1.07667,1.07687,1.07655,1.07667,744960000,8
1679481120000,1679481599000,1.07668,1.07681,1.07641,1.07649,866370000,8
1679481600000,1679482079000,1.07649,1.07679,1.07647,1.07647,649960000,8
1679482080000,1679482559000,1.07648,1.07656,1.07611,1.07634,914760000,8
1679482560000,1679483039000,1.07635,1.07682,1.07633,1.07666,977370000,8
1679483040000,1679483519000,1.07668,1.07681,1.0766,1.07664,633150000,8
1679483520000,1679483999000,1.07664,1.07694,1.07647,1.07682,811840000,8
1679484000000,1679484479000,1.07681,1.07719,1.07672,1.07716,811340000,8
1679484480000,1679484959000,1.07716,1.07723,1.07698,1.0771,566630000,8
1679484960000,1679485439000,1.07712,1.07728,1.077,1.07714,701900000,8
1679485440000,1679485919000,1.07713,1.07727,1.0764,1.0764,976010000,8
1679485920000,1679486399000,1.0764,1.07646,1.07622,1.07639,967110000,8
1679486400000,1679486879000,1.07638,1.07672,1.07636,1.07666,1028740000,8
1679486880000,1679487359000,1.07666,1.07678,1.07658,1.07674,1060880000,8
1679487360000,1679487839000,1.07674,1.07679,1.07644,1.07645,1138650000,8
1679487840000,1679488319000,1.07644,1.07647,1.07608,1.07616,1174190000,8
1679488320000,1679488799000,1.07615,1.07628,1.07586,1.07589,1152290000,8
1679488800000,1679489279000,1.07589,1.07606,1.07565,1.07572,946470000,8
1679489280000,1679489759000,1.07573,1.0761,1.07571,1.07596,1015930000,8
1679489760000,1679490239000,1.07598,1.076,1.07555,1.07588,1109630000,8
1679490240000,1679490719000,1.07588,1.07603,1.07579,1.076,928320000,8
1679490720000,1679491199000,1.076,1.07636,1.07597,1.07614,905850000,8
1679491200000,1679491679000,1.07616,1.07631,1.07587,1.07601,987620000,8
1679491680000,1679492159000,1.076,1.07602,1.07496,1.07498,1430370000,8
1679492160000,1679492639000,1.075,1.07538,1.07482,1.07507,1421840000,8
1679492640000,1679493119000,1.07508,1.07548,1.07498,1.07535,1262630000,8
1679493120000,1679493599000,1.07533,1.07536,1.07493,1.07493,1071820000,8
1679493600000,1679494079000,1.07494,1.07516,1.07486,1.07503,1166550000,8
1679494080000,1679494559000,1.07503,1.07554,1.07499,1.07507,1231090000,8
1679494560000,1679495039000,1.07508,1.07553,1.07508,1.07541,859050000,8
1679495040000,1679495519000,1.07541,1.07552,1.07471,1.07477,1158820000,8
1679495520000,1679495999000,1.07477,1.07537,1.07475,1.07531,1180180000,8
1679496000000,1679496479000,1.0753,1.07563,1.07522,1.07562,1035290000,8
1679496480000,1679496959000,1.07563,1.07568,1.0753,1.07563,1136160000,8
1679496960000,1679497439000,1.07563,1.07571,1.07505,1.07539,1103390000,8
1679497440000,1679497919000,1.07537,1.07556,1.07526,1.0755,909910000,8
1679497920000,1679498399000,1.0755,1.07554,1.07458,1.07473,1147790000,8
1679498400000,1679498879000,1.07472,1.07504,1.07462,1.0749,809710000,8
1679498880000,1679499359000,1.07491,1.07512,1.07483,1.07489,791390000,8
1679499360000,1679499839000,1.07489,1.0749,1.07419,1.07419,1102620000,8
1679499840000,1679500319000,1.07418,1.07428,1.07392,1.07405,1219650000,8
1679500320000,1679500799000,1.07405,1.07504,1.07402,1.07469,1539700000,8
1679500800000,1679501279000,1.0747,1.07535,1.07463,1.07523,1580340000,8
1679501280000,1679501759000,1.07526,1.07535,1.07513,1.07523,870980000,8
1679501760000,1679502239000,1.07523,1.07532,1.07505,1.07512,771990000,8
1679502240000,1679502719000,1.0751,1.07514,1.0749,1.07496,784600000,8
1679502720000,1679503199000,1.07497,1.07499,1.07462,1.07466,767540000,8
1679503200000,1679503679000,1.07466,1.07467,1.07451,1.07453,577750000,8
1679503680000,1679504159000,1.07453,1.07459,1.07426,1.0743,746620000,8
1679504160000,1679504639000,1.07429,1.07432,1.07404,1.07404,802930000,8
1679504640000,1679505119000,1.07404,1.07428,1.07401,1.07427,1148600000,8
1679505120000,1679505599000,1.07426,1.07457,1.07426,1.07443,918580000,8
1679505600000,1679506079000,1.07444,1.07458,1.07437,1.07451,715040000,8
1679506080000,1679506559000,1.07451,1.07462,1.07427,1.07427,910230000,8
1679506560000,1679507039000,1.07428,1.07443,1.07408,1.07413,715520000,8
1679507040000,1679507519000,1.07413,1.07429,1.07406,1.07421,668660000,8
1679507520000,1679507999000,1.07421,1.07437,1.07395,1.07412,1291210000,8
1679508000000,1679508479000,1.07385,1.07665,1.07377,1.07515,4885680000,8
1679508480000,1679508959000,1.07514,1.07617,1.07509,1.07587,4172750000,8
1679508960000,1679509439000,1.07587,1.07607,1.07541,1.07567,4036340000,8
1679509440000,1679509919000,1.0757,1.0759,1.07545,1.07574,3468290000,8
1679509920000,1679510399000,1.07575,1.07605,1.07539,1.07572,5101310000,8
1679510400000,1679510879000,1.07573,1.07598,1.07446,1.07567,5725840000,8
1679510880000,1679511359000,1.07566,1.07585,1.07528,1.07569,5382450000,8
1679511360000,1679511839000,1.07569,1.07615,1.07542,1.07556,5127730000,8
1679511840000,1679512319000,1.07554,1.07593,1.07413,1.07434,5119660000,8
1679512320000,1679512799000,1.07434,1.07475,1.07385,1.07437,3290180000,8
1679512800000,1679513279000,1.07437,1.07515,1.07434,1.07455,3138470000,8
1679513280000,1679513759000,1.07455,1.07515,1.07442,1.07491,2505410000,8
1679513760000,1679514239000,1.07491,1.07501,1.07432,1.07463,2315990000,8
1679514240000,1679514719000,1.07462,1.07495,1.07441,1.07447,2193180000,8
1679514720000,1679515199000,1.0745,1.07465,1.0741,1.07414,2091240000,8
1679515200000,1679515679000,1.07415,1.07434,1.07355,1.07358,1600980000,8
1679515680000,1679516159000,1.07372,1.07404,1.07342,1.074,1184170000,8
1679516160000,1679516639000,1.074,1.07434,1.07383,1.07408,625470000,8
1679516640000,1679517119000,1.07407,1.0742,1.07394,1.07403,528900000,8
1679517120000,1679517599000,1.07399,1.07424,1.07378,1.07423,585720000,8
1679517600000,1679518079000,1.07422,1.07452,1.074,1.07452,486400000,8
1679518080000,1679518559000,1.07455,1.07469,1.07437,1.07444,420700000,8
1679518560000,1679519039000,1.07437,1.07445,1.0739,1.07419,345910000,8
1679519040000,1679519519000,1.07268,1.07348,1.07234,1.07341,61900000,8
1679519520000,1679519999000,1.0734,1.0738,1.07307,1.07361,151900000,8
1679520000000,1679520479000,1.0738,1.0738,1.07339,1.07353,158700000,8
1679520480000,1679520959000,1.07352,1.07394,1.07329,1.07391,75180000,8
1679520960000,1679521439000,1.07393,1.07419,1.07374,1.07379,169410000,8
1679521440000,1679521919000,1.0738,1.07427,1.07312,1.07418,155520000,8
1679521920000,1679522399000,1.07418,1.07452,1.07358,1.07381,591600000,8
1679522400000,1679522879000,1.07382,1.07471,1.07346,1.07457,648380000,8
1679522880000,1679523359000,1.07455,1.07474,1.07427,1.07439,921860000,8
1679523360000,1679523839000,1.07437,1.07465,1.0743,1.07444,1875010000,8
1679523840000,1679524319000,1.07444,1.0749,1.07442,1.0749,447820000,8
1679524320000,1679524799000,1.07488,1.07509,1.07465,1.07476,478500000,8
1679524800000,1679525279000,1.07477,1.07509,1.07467,1.07471,715850000,8
1679525280000,1679525759000,1.07475,1.07538,1.07475,1.07534,379320000,8
1679525760000,1679526239000,1.07532,1.07533,1.07473,1.07482,705940000,8
1679526240000,1679526719000,1.07482,1.07483,1.0746,1.07475,521940000,8
1679526720000,1679527199000,1.07477,1.0748,1.07456,1.07462,414330000,8
1679527200000,1679527679000,1.07461,1.07463,1.0744,1.07457,310670000,8
1679527680000,1679528159000,1.0746,1.07482,1.07455,1.07457,403250000,8
1679528160000,1679528639000,1.07455,1.07473,1.0744,1.07443,401900000,8
1679528640000,1679529119000,1.07443,1.07467,1.07437,1.07467,681060000,8
1679529120000,1679529599000,1.07467,1.07497,1.07461,1.07493,551480000,8
1679529600000,1679530079000,1.07491,1.07544,1.07486,1.07503,1179090000,8
1679530080000,1679530559000,1.07504,1.07557,1.07495,1.07551,1112170000,8
1679530560000,1679531039000,1.07552,1.07567,1.07536,1.07559,1106770000,8
1679531040000,1679531519000,1.0756,1.07564,1.07498,1.07503,1116460000,8
1679531520000,1679531999000,1.07503,1.07518,1.07466,1.07516,931590000,8
1679532000000,1679532479000,1.07516,1.07518,1.07489,1.07502,863540000,8
1679532480000,1679532959000,1.07503,1.07534,1.07482,1.07533,1393730000,8
1679532960000,1679533439000,1.07529,1.07538,1.07475,1.07484,1277660000,8
1679533440000,1679533919000,1.07484,1.07501,1.07468,1.07484,1235340000,8
1679533920000,1679534399000,1.07484,1.07509,1.07447,1.07476,1301430000,8
1679534400000,1679534879000,1.07478,1.07482,1.07402,1.07405,918090000,8
1679534880000,1679535359000,1.07404,1.07433,1.07396,1.07422,895310000,8
1679535360000,1679535839000,1.07421,1.07449,1.07415,1.0742,836770000,8
1679535840000,1679536319000,1.07419,1.07441,1.07392,1.07393,868540000,8
1679536320000,1679536799000,1.07393,1.07447,1.07384,1.07444,1027450000,8
1679536800000,1679537279000,1.07444,1.07448,1.074,1.07433,1041470000,8
1679537280000,1679537759000,1.07433,1.07524,1.07431,1.07514,1135360000,8
1679537760000,1679538239000,1.07513,1.07527,1.07423,1.07426,1851220000,8
1679538240000,1679538719000,1.07425,1.07441,1.07369,1.07372,1538850000,8
1679538720000,1679539199000,1.07372,1.07416,1.07349,1.07398,1171250000,8
1679539200000,1679539679000,1.074,1.07416,1.07343,1.07372,1037120000,8
1679539680000,1679540159000,1.07376,1.07426,1.07359,1.07424,1257510000,8
1679540160000,1679540639000,1.07423,1.07434,1.07385,1.07406,1156000000,8
1679540640000,1679541119000,1.07404,1.07413,1.07333,1.07339,1491000000,8
1679541120000,1679541599000,1.07338,1.07346,1.07303,1.07325,883020000,8
1679541600000,1679542079000,1.07323,1.07341,1.07281,1.07335,1009630000,8
1679542080000,1679542559000,1.07334,1.07356,1.07297,1.07307,1000710000,8
1679542560000,1679543039000,1.07307,1.07356,1.07302,1.07348,1071680000,8
1679543040000,1679543519000,1.07346,1.07355,1.07293,1.07295,870030000,8
1679543520000,1679543999000,1.07297,1.07301,1.07266,1.0728,769900000,8
1679544000000,1679544479000,1.07279,1.07302,1.07276,1.07292,850290000,8
1679544480000,1679544959000,1.07292,1.07318,1.07289,1.07312,639810000,8
1679544960000,1679545439000,1.07314,1.07356,1.07302,1.07354,821660000,8
1679545440000,1679545919000,1.07354,1.07365,1.07314,1.0734,651920000,8
1679545920000,1679546399000,1.0734,1.07345,1.0733,1.07333,422640000,8
1679546400000,1679546879000,1.07332,1.07346,1.07324,1.07343,619910000,8
1679546880000,1679547359000,1.07342,1.07348,1.07302,1.07312,729610000,8
1679547360000,1679547839000,1.07315,1.07325,1.07276,1.07295,1130960000,8
1679547840000,1679548319000,1.07294,1.07306,1.07217,1.07236,1176970000,8
1679548320000,1679548799000,1.07237,1.0731,1.07236,1.07303,969040000,8
1679548800000,1679549279000,1.073,1.07316,1.07284,1.07297,762280000,8
1679549280000,1679549759000,1.07295,1.07297,1.07262,1.0729,1309330000,8
1679549760000,1679550239000,1.07289,1.07301,1.07259,1.07272,898630000,8
1679550240000,1679550719000,1.07274,1.07285,1.07245,1.07258,1131330000,8
1679550720000,1679551199000,1.07258,1.07273,1.07232,1.07236,943250000,8
1679551200000,1679551679000,1.07234,1.07256,1.07206,1.07208,1254150000,8
1679551680000,1679552159000,1.07208,1.07208,1.07154,1.07182,1003690000,8
1679552160000,1679552639000,1.07181,1.07194,1.07168,1.07184,1157050000,8
1679552640000,1679553119000,1.07184,1.07224,1.07181,1.07213,1257850000,8
1679553120000,1679553599000,1.07214,1.07242,1.07203,1.07239,1061670000,8
1679553600000,1679554079000,1.07238,1.07258,1.0723,1.07257,911520000,8
1679554080000,1679554559000,1.07257,1.07277,1.07245,1.07267,848140000,8
1679554560000,1679555039000,1.07266,1.07281,1.07239,1.07262,1631590000,8
1679555040000,1679555519000,1.07261,1.07299,1.0725,1.07273,1494820000,8
1679555520000,1679555999000,1.0727,1.07325,1.07263,1.07295,1467450000,8
1679556000000,1679556479000,1.07297,1.07318,1.0725,1.07304,1654180000,8
1679556480000,1679556959000,1.07303,1.07353,1.07294,1.07337,1615270000,8
1679556960000,1679557439000,1.07334,1.07338,1.07294,1.07332,1752890000,8
1679557440000,1679557919000,1.07331,1.07338,1.07286,1.07289,1506720000,8
1679557920000,1679558399000,1.0729,1.07298,1.07189,1.07189,1227530000,8
1679558400000,1679558879000,1.07188,1.07194,1.07131,1.07143,1765370000,8
1679558880000,1679559359000,1.0714,1.07165,1.07124,1.07137,1701020000,8
1679559360000,1679559839000,1.07135,1.07145,1.07113,1.07127,1461090000,8
1679559840000,1679560319000,1.0713,1.07147,1.07094,1.07101,1675350000,8
1679560320000,1679560799000,1.07101,1.0712,1.07095,1.07101,1349590000,8
1679560800000,1679561279000,1.07101,1.07127,1.0708,1.07123,1043810000,8
1679561280000,1679561759000,1.07124,1.07148,1.07114,1.07139,1344780000,8
1679561760000,1679562239000,1.0714,1.07183,1.07129,1.0713,1397670000,8
1679562240000,1679562719000,1.07131,1.07145,1.07117,1.07128,1095090000,8
1679562720000,1679563199000,1.07129,1.07147,1.07115,1.07143,1257510000,8
1679563200000,1679563679000,1.07144,1.07156,1.07124,1.07128,1147820000,8
1679563680000,1679564159000,1.07126,1.07168,1.07121,1.07165,1273760000,8
1679564160000,1679564639000,1.07165,1.0719,1.07147,1.07147,1094720000,8
1679564640000,1679565119000,1.07145,1.0715,1.07122,1.07137,976120000,8
1679565120000,1679565599000,1.07138,1.07139,1.07049,1.07058,1075770000,8
1679565600000,1679566079000,1.07058,1.07061,1.07041,1.07049,913800000,8
1679566080000,1679566559000,1.0705,1.0707,1.07041,1.0707,1015430000,8
1679566560000,1679567039000,1.07069,1.07086,1.07056,1.07062,1498430000,8
1679567040000,1679567519000,1.07061,1.07076,1.07032,1.07048,1102400000,8
1679567520000,1679567999000,1.07049,1.07059,1.07033,1.07045,1482580000,8
1679568000000,1679568479000,1.07044,1.07063,1.07036,1.07042,1220670000,8
1679568480000,1679568959000,1.07042,1.07066,1.07029,1.07046,1032360000,8
1679568960000,1679569439000,1.07046,1.07081,1.07044,1.0708,1010340000,8
1679569440000,1679569919000,1.07078,1.07089,1.07052,1.07078,1045140000,8
1679569920000,1679570399000,1.07075,1.0708,1.07038,1.07042,843320000,8
1679570400000,1679570879000,1.07042,1.07053,1.07016,1.07052,804390000,8
1679570880000,1679571359000,1.07053,1.07104,1.07051,1.07097,1141200000,8
1679571360000,1679571839000,1.07096,1.07128,1.07089,1.07116,1082430000,8
1679571840000,1679572319000,1.07116,1.07132,1.07076,1.07128,755600000,8
1679572320000,1679572799000,1.07127,1.07132,1.07062,1.07076,1116840000,8
1679572800000,1679573279000,1.07077,1.07088,1.07053,1.07067,1824600000,8
1679573280000,1679573759000,1.07067,1.0707,1.07023,1.07034,1547860000,8
1679573760000,1679574239000,1.07032,1.07047,1.07012,1.07027,2058440000,8
1679574240000,1679574719000,1.07027,1.07052,1.07019,1.07044,1359510000,8
1679574720000,1679575199000,1.07044,1.07061,1.07018,1.07029,1956220000,8
1679575200000,1679575679000,1.07027,1.0705,1.07014,1.07025,2398750000,8
1679575680000,1679576159000,1.07025,1.07045,1.06978,1.06985,1901710000,8
1679576160000,1679576639000,1.06985,1.07,1.06951,1.06967,1801830000,8
1679576640000,1679577119000,1.0697,1.06977,1.06951,1.0696,1428140000,8
1679577120000,1679577599000,1.06959,1.0698,1.06949,1.06954,1313200000,8
1679577600000,1679578079000,1.06953,1.06968,1.06942,1.06954,1206850000,8
1679578080000,1679578559000,1.06955,1.06994,1.06938,1.06986,2184440000,8
1679578560000,1679579039000,1.06986,1.07003,1.0696,1.06996,2228220000,8
1679579040000,1679579519000,1.06996,1.07013,1.06977,1.06982,2039310000,8
1679579520000,1679579999000,1.06983,1.06987,1.06918,1.06956,1450900000,8
1679580000000,1679580479000,1.06953,1.06976,1.0694,1.06969,2084490000,8
1679580480000,1679580959000,1.0697,1.06998,1.06957,1.0697,1682400000,8
1679580960000,1679581439000,1.0697,1.06976,1.06918,1.06923,1548340000,8
1679581440000,1679581919000,1.06925,1.06939,1.06897,1.06935,1484500000,8
1679581920000,1679582399000,1.06934,1.06942,1.06897,1.06934,1436340000,8
1679582400000,1679582879000,1.06935,1.06961,1.06927,1.06959,1461830000,8
1679582880000,1679583359000,1.06962,1.07002,1.06961,1.06993,1741300000,8
1679583360000,1679583839000,1.06993,1.0702,1.06972,1.07004,1439400000,8
1679583840000,1679584319000,1.07005,1.07006,1.06954,1.06954,1320750000,8
1679584320000,1679584799000,1.06954,1.0697,1.06933,1.06946,1410390000,8
1679584800000,1679585279000,1.06946,1.0697,1.06939,1.06951,1416810000,8
1679585280000,1679585759000,1.06951,1.06954,1.06904,1.0691,1579180000,8
1679585760000,1679586239000,1.06911,1.06945,1.06903,1.06916,1355150000,8
1679586240000,1679586719000,1.06916,1.06957,1.06897,1.06935,1525870000,8
1679586720000,1679587199000,1.06938,1.06948,1.06921,1.0693,1721740000,8
1679587200000,1679587679000,1.06928,1.06958,1.06921,1.06948,1633780000,8
1679587680000,1679588159000,1.06947,1.06955,1.06915,1.06931,1250760000,8
1679588160000,1679588639000,1.06929,1.06948,1.06921,1.06941,1523490000,8
1679588640000,1679589119000,1.06942,1.06964,1.0693,1.06952,1261000000,8
1679589120000,1679589599000,1.0695,1.06958,1.06934,1.06936,1182770000,8
1679589600000,1679590079000,1.06935,1.06952,1.06923,1.06946,1363710000,8
1679590080000,1679590559000,1.06945,1.06955,1.06919,1.06924,1060350000,8
1679590560000,1679591039000,1.06924,1.06931,1.06908,1.0692,1112370000,8
1679591040000,1679591519000,1.0692,1.06935,1.06897,1.06911,1230380000,8
1679591520000,1679591999000,1.0691,1.06924,1.06887,1.06889,1416380000,8
1679592000000,1679592479000,1.06888,1.06898,1.06858,1.0687,1521210000,8
1679592480000,1679592959000,1.06872,1.06885,1.06848,1.06867,1369550000,8
1679592960000,1679593439000,1.06869,1.06899,1.06863,1.0689,1038410000,8
1679593440000,1679593919000,1.06891,1.06912,1.06887,1.06909,1093540000,8
1679593920000,1679594399000,1.0691,1.06926,1.06885,1.06888,1266200000,8
1679594400000,1679594879000,1.06876,1.06903,1.06851,1.06866,1288910000,8
1679594880000,1679595359000,1.06866,1.06903,1.06857,1.06901,1237060000,8
1679595360000,1679595839000,1.06901,1.06903,1.06861,1.06871,1179640000,8
1679595840000,1679596319000,1.0687,1.06892,1.06855,1.06872,1570250000,8
1679596320000,1679596799000,1.06872,1.06873,1.0684,1.06857,1692070000,8
1679596800000,1679597279000,1.06857,1.06868,1.06828,1.0684,1932500000,8
1679597280000,1679597759000,1.06841,1.06865,1.06822,1.06825,2104400000,8
1679597760000,1679598239000,1.06825,1.06893,1.068,1.06802,3626560000,8
1679598240000,1679598719000,1.06803,1.06803,1.06756,1.06774,3593340000,8
1679598720000,1679599199000,1.06776,1.06819,1.06771,1.06786,2503190000,8
1679599200000,1679599679000,1.06787,1.06821,1.0678,1.06783,2371860000,8
1679599680000,1679600159000,1.06783,1.06807,1.0677,1.06805,2459940000,8
1679600160000,1679600639000,1.06804,1.06831,1.06789,1.06828,2466180000,8
1679600640000,1679601119000,1.06828,1.0686,1.06796,1.06851,2468830000,8
1679601120000,1679601599000,1.06851,1.06854,1.06801,1.0682,1820890000,8
1679601600000,1679602079000,1.0682,1.06887,1.06809,1.06886,931980000,8
1679602080000,1679602559000,1.06889,1.06924,1.06885,1.0691,571750000,8
1679602560000,1679603039000,1.06908,1.0691,1.06891,1.06899,524850000,8
1679603040000,1679603519000,1.06899,1.06906,1.06881,1.069,658580000,8
1679603520000,1679603999000,1.06897,1.06948,1.06897,1.06917,592070000,8
1679604000000,1679604479000,1.06917,1.06956,1.06916,1.06947,636490000,8
1679604480000,1679604959000,1.06947,1.06965,1.06936,1.06946,424810000,8
1679604960000,1679605439000,1.06947,1.0697,1.06938,1.0694,266430000,8
1679605440000,1679605919000,1.06718,1.06949,1.06718,1.06944,268820000,8
1679605920000,1679606399000,1.06945,1.06946,1.06856,1.06886,441390000,8
1679606400000,1679606879000,1.06891,1.06933,1.06882,1.06933,67810000,8
1679606880000,1679607359000,1.06893,1.06958,1.06893,1.06927,101690000,8
1679607360000,1679607839000,1.06926,1.06963,1.06894,1.06953,303100000,8
1679607840000,1679608319000,1.06956,1.06972,1.06938,1.06959,155270000,8
1679608320000,1679608799000,1.06953,1.06962,1.06933,1.06959,182620000,8
1679608800000,1679609279000,1.0696,1.06986,1.06911,1.06968,140260000,8
1679609280000,1679609759000,1.06968,1.06984,1.06954,1.06971,251080000,8
1679609760000,1679610239000,1.06971,1.06986,1.06958,1.0697,607830000,8
1679610240000,1679610719000,1.06973,1.06989,1.06967,1.06976,275430000,8
1679610720000,1679611199000,1.06977,1.06979,1.06934,1.06965,563900000,8
1679611200000,1679611679000,1.06965,1.06968,1.06934,1.06938,386720000,8
1679611680000,1679612159000,1.0694,1.06956,1.06933,1.06949,538820000,8
1679612160000,1679612639000,1.06952,1.06976,1.06936,1.06958,563460000,8
1679612640000,1679613119000,1.06958,1.0696,1.06925,1.06931,511470000,8
1679613120000,1679613599000,1.06932,1.0695,1.06925,1.06947,458860000,8
1679613600000,1679614079000,1.06947,1.06958,1.06938,1.06938,413730000,8
1679614080000,1679614559000,1.06936,1.06953,1.06929,1.06949,442450000,8
1679614560000,1679615039000,1.06947,1.06971,1.06937,1.06959,477500000,8
1679615040000,1679615519000,1.06959,1.06971,1.06938,1.06963,460920000,8
1679615520000,1679615999000,1.06962,1.0698,1.06948,1.06951,432080000,8
1679616000000,1679616479000,1.06951,1.07007,1.06947,1.0696,996220000,8
1679616480000,1679616959000,1.06961,1.06962,1.06932,1.06937,1099850000,8
1679616960000,1679617439000,1.06938,1.06957,1.06932,1.06932,1210170000,8
1679617440000,1679617919000,1.06933,1.06946,1.06912,1.06916,1259500000,8
1679617920000,1679618399000,1.06916,1.06948,1.06902,1.06942,853050000,8
1679618400000,1679618879000,1.06943,1.0697,1.06926,1.06955,771410000,8
1679618880000,1679619359000,1.06956,1.07012,1.06951,1.07009,821530000,8
1679619360000,1679619839000,1.0701,1.07013,1.06967,1.06973,1506510000,8
1679619840000,1679620319000,1.06973,1.06984,1.06875,1.06894,1771080000,8
1679620320000,1679620799000,1.06892,1.06895,1.06805,1.06857,2082390000,8
1679620800000,1679621279000,1.06857,1.06888,1.06843,1.06859,1761450000,8
1679621280000,1679621759000,1.0686,1.0689,1.06847,1.06886,1755240000,8
1679621760000,1679622239000,1.06887,1.06924,1.06872,1.06921,1329060000,8
1679622240000,1679622719000,1.06922,1.06941,1.069,1.06933,1492650000,8
1679622720000,1679623199000,1.06937,1.06998,1.06932,1.06984,1418020000,8
1679623200000,1679623679000,1.06984,1.0702,1.06953,1.06983,1426040000,8
1679623680000,1679624159000,1.06982,1.06992,1.06955,1.06964,1118560000,8
1679624160000,1679624639000,1.06965,1.0699,1.06958,1.06969,1077660000,8
1679624640000,1679625119000,1.0697,1.06972,1.0692,1.06947,1170880000,8
1679625120000,1679625599000,1.06947,1.06968,1.06944,1.06951,838280000,8
1679625600000,1679626079000,1.0695,1.07003,1.06935,1.07,796370000,8
1679626080000,1679626559000,1.06999,1.07003,1.06975,1.06981,934320000,8
1679626560000,1679627039000,1.0698,1.07001,1.0697,1.06991,797980000,8
1679627040000,1679627519000,1.06994,1.07023,1.06988,1.07021,859690000,8
1679627520000,1679627999000,1.0702,1.07073,1.07016,1.07073,679960000,8
1679628000000,1679628479000,1.07073,1.07113,1.07067,1.07104,446380000,8
1679628480000,1679628959000,1.07105,1.07144,1.07101,1.07111,546810000,8
1679628960000,1679629439000,1.07112,1.07147,1.07109,1.07129,921510000,8
1679629440000,1679629919000,1.07131,1.07133,1.07086,1.07086,641290000,8
1679629920000,1679630399000,1.07086,1.07092,1.07059,1.0708,827210000,8
1679630400000,1679630879000,1.07082,1.07114,1.07056,1.07107,698720000,8
1679630880000,1679631359000,1.07108,1.07116,1.07087,1.07098,431100000,8
1679631360000,1679631839000,1.07099,1.0713,1.07098,1.07129,802210000,8
1679631840000,1679632319000,1.07129,1.07142,1.0712,1.07128,799770000,8
1679632320000,1679632799000,1.07128,1.07161,1.07125,1.07147,515470000,8
1679632800000,1679633279000,1.07148,1.07187,1.07128,1.07177,643350000,8
1679633280000,1679633759000,1.07177,1.07182,1.07167,1.07173,663530000,8
1679633760000,1679634239000,1.07174,1.0721,1.07167,1.07196,786930000,8
1679634240000,1679634719000,1.07196,1.07213,1.07131,1.07139,771900000,8
1679634720000,1679635199000,1.0714,1.0718,1.07137,1.07161,656190000,8
1679635200000,1679635679000,1.07159,1.07199,1.07159,1.07199,682320000,8
1679635680000,1679636159000,1.07198,1.07222,1.07177,1.07177,600620000,8
1679636160000,1679636639000,1.07175,1.07198,1.07162,1.07191,768260000,8
1679636640000,1679637119000,1.07191,1.07197,1.07165,1.07169,696910000,8
1679637120000,1679637599000,1.07168,1.07175,1.07151,1.07155,674060000,8
1679637600000,1679638079000,1.07157,1.07183,1.07133,1.07139,999400000,8
1679638080000,1679638559000,1.07137,1.07179,1.07131,1.07178,681350000,8
1679638560000,1679639039000,1.07178,1.07202,1.0717,1.07202,794120000,8
1679639040000,1679639519000,1.07204,1.07224,1.07185,1.07201,723680000,8
1679639520000,1679639999000,1.07202,1.07229,1.07188,1.07224,791440000,8
1679640000000,1679640479000,1.07225,1.07258,1.07222,1.07256,641330000,8
1679640480000,1679640959000,1.07254,1.07298,1.07252,1.07285,789290000,8
1679640960000,1679641439000,1.07284,1.07291,1.07235,1.07261,1119940000,8
1679641440000,1679641919000,1.0726,1.07264,1.07215,1.07223,918900000,8
1679641920000,1679642399000,1.07225,1.07266,1.07219,1.07257,978340000,8
1679642400000,1679642879000,1.07256,1.07276,1.07234,1.07264,1101430000,8
1679642880000,1679643359000,1.07266,1.07273,1.07247,1.07253,1063490000,8
1679643360000,1679643839000,1.07254,1.07262,1.0724,1.07252,834640000,8
1679643840000,1679644319000,1.07252,1.0727,1.0724,1.07248,889910000,8
1679644320000,1679644799000,1.07248,1.07264,1.07237,1.07242,915460000,8
1679644800000,1679645279000,1.07242,1.0725,1.07194,1.07218,1884690000,8
1679645280000,1679645759000,1.07219,1.07221,1.07141,1.07168,2548790000,8
1679645760000,1679646239000,1.07164,1.07202,1.07124,1.07152,2013220000,8
1679646240000,1679646719000,1.07154,1.07206,1.07151,1.07193,1651600000,8
1679646720000,1679647199000,1.07193,1.07259,1.07191,1.07231,1913510000,8
1679647200000,1679647679000,1.0723,1.07278,1.07202,1.07228,2303880000,8
1679647680000,1679648159000,1.07229,1.07244,1.07211,1.07216,1732280000,8
1679648160000,1679648639000,1.07217,1.07245,1.07196,1.07216,1308320000,8
1679648640000,1679649119000,1.07216,1.07244,1.07202,1.07224,1479490000,8
1679649120000,1679649599000,1.07223,1.07235,1.07194,1.07211,1204820000,8
1679649600000,1679650079000,1.07211,1.07228,1.07182,1.07185,1145830000,8
1679650080000,1679650559000,1.07188,1.07197,1.07114,1.07133,1510240000,8
1679650560000,1679651039000,1.07133,1.07137,1.07026,1.07038,1776450000,8
1679651040000,1679651519000,1.07038,1.071,1.07025,1.07046,2360740000,8
1679651520000,1679651999000,1.07046,1.07051,1.06992,1.06997,1701440000,8
1679652000000,1679652479000,1.06996,1.07018,1.06937,1.06941,2032550000,8
1679652480000,1679652959000,1.0694,1.06947,1.06891,1.06947,2115550000,8
1679652960000,1679653439000,1.06946,1.0697,1.06926,1.06958,2407790000,8
1679653440000,1679653919000,1.06958,1.06989,1.0694,1.06958,2131810000,8
1679653920000,1679654399000,1.06957,1.07007,1.0695,1.06975,1577650000,8
1679654400000,1679654879000,1.06977,1.07004,1.06969,1.06989,1488470000,8
1679654880000,1679655359000,1.06989,1.07003,1.06965,1.06966,1190310000,8
1679655360000,1679655839000,1.06965,1.06985,1.06935,1.06974,1753060000,8
1679655840000,1679656319000,1.06971,1.06996,1.06925,1.06979,1790200000,8
1679656320000,1679656799000,1.06978,1.06999,1.06959,1.06996,1779650000,8
1679656800000,1679657279000,1.06996,1.07011,1.06944,1.0696,1405510000,8
1679657280000,1679657759000,1.06964,1.06968,1.06935,1.06954,1239420000,8
1679657760000,1679658239000,1.06955,1.06973,1.0693,1.06935,1197620000,8
1679658240000,1679658719000,1.06936,1.06939,1.06899,1.069,1224460000,8
1679658720000,1679659199000,1.06904,1.06921,1.06854,1.06859,1278750000,8
1679659200000,1679659679000,1.06858,1.06919,1.06856,1.06911,2039160000,8
1679659680000,1679660159000,1.06911,1.06948,1.06903,1.06925,1625270000,8
1679660160000,1679660639000,1.06925,1.06962,1.0691,1.06956,1978140000,8
1679660640000,1679661119000,1.06956,1.06969,1.0693,1.06941,1369630000,8
1679661120000,1679661599000,1.06941,1.06978,1.06924,1.06972,2030130000,8
1679661600000,1679662079000,1.06974,1.0703,1.06962,1.07023,1940910000,8
1679662080000,1679662559000,1.0702,1.07042,1.07004,1.07016,1560550000,8
1679662560000,1679663039000,1.07016,1.07029,1.06989,1.06996,2224200000,8
1679663040000,1679663519000,1.06994,1.07002,1.06979,1.06988,1774980000,8
1679663520000,1679663999000,1.06985,1.07032,1.0698,1.06996,1663890000,8
1679664000000,1679664479000,1.06996,1.07032,1.06982,1.07024,1667400000,8
1679664480000,1679664959000,1.07024,1.07066,1.07023,1.07059,3050240000,8
1679664960000,1679665439000,1.07051,1.07132,1.07048,1.07094,2776040000,8
1679665440000,1679665919000,1.07094,1.07097,1.07052,1.07073,3442850000,8
1679665920000,1679666399000,1.07073,1.07163,1.0707,1.07159,3978370000,8
1679666400000,1679666879000,1.07159,1.07208,1.07141,1.07142,3245320000,8
1679666880000,1679667359000,1.07142,1.07155,1.0712,1.07125,2993190000,8
1679667360000,1679667839000,1.07126,1.07159,1.07112,1.07118,2329400000,8
1679667840000,1679668319000,1.07116,1.07158,1.07112,1.07147,2175020000,8
1679668320000,1679668799000,1.07146,1.0715,1.07098,1.07098,1692430000,8
1679668800000,1679669279000,1.07098,1.07116,1.07092,1.07096,1552230000,8
1679669280000,1679669759000,1.07095,1.07114,1.07082,1.07107,1973560000,8
1679669760000,1679670239000,1.07107,1.07133,1.07083,1.07122,2029360000,8
1679670240000,1679670719000,1.07123,1.07136,1.07074,1.07074,1870600000,8
1679670720000,1679671199000,1.07075,1.07103,1.07059,1.07092,1770450000,8
1679671200000,1679671679000,1.07091,1.07122,1.07076,1.07077,1928210000,8
1679671680000,1679672159000,1.07077,1.07102,1.07059,1.07091,1799660000,8
1679672160000,1679672639000,1.07091,1.07154,1.07085,1.07132,1701330000,8
1679672640000,1679673119000,1.07131,1.07162,1.07095,1.0711,2417080000,8
1679673120000,1679673599000,1.07111,1.07126,1.06992,1.07012,2008590000,8
1679673600000,1679674079000,1.07011,1.07065,1.07007,1.07047,2016650000,8
1679674080000,1679674559000,1.07047,1.07056,1.07013,1.07019,2030210000,8
1679674560000,1679675039000,1.0702,1.07028,1.07007,1.07007,1385820000,8
1679675040000,1679675519000,1.07007,1.07022,1.0698,1.07003,1268040000,8
1679675520000,1679675999000,1.07003,1.07024,1.06991,1.07014,1247910000,8
1679676000000,1679676479000,1.07014,1.07025,1.07001,1.07018,1278760000,8
1679676480000,1679676959000,1.07018,1.07042,1.07017,1.07029,1257370000,8
1679676960000,1679677439000,1.07028,1.0705,1.07024,1.07041,1450630000,8
1679677440000,1679677919000,1.07041,1.07062,1.07036,1.07053,994780000,8
1679677920000,1679678399000,1.07054,1.07074,1.07046,1.07072,1038920000,8
1679678400000,1679678879000,1.07076,1.07113,1.07064,1.0711,1268870000,8
1679678880000,1679679359000,1.07108,1.0711,1.07074,1.07094,1456850000,8
1679679360000,1679679839000,1.07098,1.07122,1.07085,1.07104,1248990000,8
1679679840000,1679680319000,1.07107,1.07121,1.07089,1.07099,1315440000,8
1679680320000,1679680799000,1.071,1.07119,1.07097,1.07104,695590000,8
1679680800000,1679681279000,1.07104,1.0713,1.07104,1.07111,849300000,8
1679681280000,1679681759000,1.07113,1.07129,1.07105,1.07116,732980000,8
1679681760000,1679682239000,1.07116,1.07129,1.07101,1.07112,715200000,8
1679682240000,1679682719000,1.07113,1.07115,1.07096,1.07111,717000000,8
1679682720000,1679683199000,1.07112,1.07138,1.07109,1.07133,715360000,8
1679683200000,1679683679000,1.0713,1.07149,1.0713,1.07142,655930000,8
1679683680000,1679684159000,1.07144,1.07183,1.0714,1.0718,837920000,8
1679684160000,1679684639000,1.07176,1.07224,1.07176,1.07223,1054220000,8
1679684640000,1679685119000,1.07225,1.07231,1.07179,1.07186,609120000,8
1679685120000,1679685599000,1.07186,1.07211,1.07181,1.07207,558000000,8
1679685600000,1679686079000,1.07207,1.07242,1.07207,1.07232,684000000,8
1679686080000,1679686559000,1.07234,1.07251,1.07218,1.07225,730880000,8
1679686560000,1679687039000,1.07224,1.07238,1.07216,1.07226,666600000,8
1679687040000,1679687519000,1.07223,1.07237,1.07214,1.07223,614170000,8
1679687520000,1679687999000,1.0722,1.07234,1.07195,1.07234,651960000,8
1679688000000,1679688479000,1.07235,1.07267,1.07222,1.07267,388330000,8
1679688480000,1679688959000,1.07267,1.07269,1.07227,1.07232,201420000,8
1679688960000,1679689439000,1.0723,1.07236,1.07204,1.07215,421450000,8
1679689440000,1679689919000,1.07215,1.07224,1.07168,1.07168,355970000,8
1679689920000,1679690399000,1.07168,1.07169,1.07145,1.07157,269700000,8
1679690400000,1679690879000,1.07158,1.07172,1.0712,1.07122,253620000,8
1679690880000,1679691359000,1.07122,1.07135,1.07094,1.07101,314760000,8
1679691360000,1679691839000,1.071,1.07127,1.07074,1.07075,743400000,8
1679691840000,1679692319000,1.07075,1.07075,1.07075,1.07075,0,8
1679692320000,1679692799000,1.07075,1.07075,1.07075,1.07075,0,8
1679692800000,1679693279000,1.07075,1.07075,1.07075,1.07075,0,8
1679693280000,1679693759000,1.07075,1.07075,1.07075,1.07075,0,8
1679693760000,1679694239000,1.07075,1.07075,1.07075,1.07075,0,8
1679694240000,1679694719000,1.07075,1.07075,1.07075,1.07075,0,8
1679694720000,1679695199000,1.07075,1.07075,1.07075,1.07075,0,8
1679695200000,1679695679000,1.07075,1.07075,1.07075,1.07075,0,8
1679695680000,1679696159000,1.07075,1.07075,1.07075,1.07075,0,8
1679696160000,1679696639000,1.07075,1.07075,1.07075,1.07075,0,8
1679696640000,1679697119000,1.07075,1.07075,1.07075,1.07075,0,8
1679697120000,1679697599000,1.07075,1.07075,1.07075,1.07075,0,8
1679697600000,1679698079000,1.07075,1.07075,1.07075,1.07075,0,8
1679698080000,1679698559000,1.07075,1.07075,1.07075,1.07075,0,8
1679698560000,1679699039000,1.07075,1.07075,1.07075,1.07075,0,8
1679699040000,1679699519000,1.07075,1.07075,1.07075,1.07075,0,8
1679699520000,1679699999000,1.07075,1.07075,1.07075,1.07075,0,8
1679700000000,1679700479000,1.07075,1.07075,1.07075,1.07075,0,8
1679700480000,1679700959000,1.07075,1.07075,1.07075,1.07075,0,8
1679700960000,1679701439000,1.07075,1.07075,1.07075,1.07075,0,8
1679701440000,1679701919000,1.07075,1.07075,1.07075,1.07075,0,8
1679701920000,1679702399000,1.07075,1.07075,1.07075,1.07075,0,8
1679864640000,1679865119000,1.07045,1.07153,1.07037,1.07099,70500000,8
1679865120000,1679865599000,1.07152,1.07162,1.07148,1.07161,24900000,8
1679865600000,1679866079000,1.0716,1.07197,1.07128,1.0713,64740000,8
1679866080000,1679866559000,1.07132,1.07169,1.07064,1.07112,374400000,8
1679866560000,1679867039000,1.07113,1.07148,1.07073,1.07084,77500000,8
1679867040000,1679867519000,1.07115,1.07163,1.07055,1.07113,49300000,8
1679867520000,1679867999000,1.07124,1.07194,1.07057,1.07075,400940000,8
1679868000000,1679868479000,1.07075,1.07168,1.0707,1.07158,424430000,8
1679868480000,1679868959000,1.07161,1.0723,1.07159,1.07205,457550000,8
1679868960000,1679869439000,1.07204,1.07264,1.07192,1.07262,1142670000,8
1679869440000,1679869919000,1.07262,1.07262,1.07112,1.07131,1146030000,8
1679869920000,1679870399000,1.0713,1.07132,1.07079,1.07084,441520000,8
1679870400000,1679870879000,1.07087,1.07137,1.07076,1.07131,434600000,8
1679870880000,1679871359000,1.07133,1.07153,1.07128,1.07142,470540000,8
1679871360000,1679871839000,1.07141,1.07161,1.07121,1.07126,619580000,8
1679871840000,1679872319000,1.07127,1.07142,1.07115,1.07115,374240000,8
1679872320000,1679872799000,1.07115,1.07126,1.07108,1.07118,288100000,8
1679872800000,1679873279000,1.07118,1.07179,1.07118,1.07166,729880000,8
1679873280000,1679873759000,1.07166,1.07204,1.07162,1.07202,786620000,8
1679873760000,1679874239000,1.072,1.07204,1.07179,1.07201,468370000,8
1679874240000,1679874719000,1.07204,1.07204,1.07154,1.07194,522100000,8
1679874720000,1679875199000,1.07195,1.07197,1.07132,1.07147,534720000,8
1679875200000,1679875679000,1.07147,1.07185,1.07123,1.07178,1481860000,8
1679875680000,1679876159000,1.07178,1.07184,1.07151,1.07158,936170000,8
1679876160000,1679876639000,1.07158,1.07164,1.07101,1.07134,995500000,8
1679876640000,1679877119000,1.07136,1.07142,1.07072,1.07083,1196580000,8
1679877120000,1679877599000,1.07084,1.07134,1.07073,1.07115,781030000,8
1679877600000,1679878079000,1.07115,1.07129,1.07102,1.07127,476440000,8
1679878080000,1679878559000,1.07127,1.07132,1.07086,1.07097,728830000,8
1679878560000,1679879039000,1.07097,1.07161,1.07087,1.07143,876750000,8
1679879040000,1679879519000,1.07144,1.07155,1.07119,1.07147,961180000,8
1679879520000,1679879999000,1.07148,1.07198,1.07139,1.07173,912020000,8
1679880000000,1679880479000,1.07174,1.07205,1.07154,1.07185,1053940000,8
1679880480000,1679880959000,1.07189,1.07198,1.07159,1.07165,1298490000,8
1679880960000,1679881439000,1.07165,1.07199,1.07151,1.07194,1164230000,8
1679881440000,1679881919000,1.07195,1.072,1.07166,1.0719,1208830000,8
1679881920000,1679882399000,1.07193,1.07232,1.07152,1.07159,1406230000,8
1679882400000,1679882879000,1.07161,1.07179,1.07152,1.07164,1013300000,8
1679882880000,1679883359000,1.07162,1.07189,1.07161,1.0718,734670000,8
1679883360000,1679883839000,1.07176,1.07194,1.07158,1.07167,607470000,8
1679883840000,1679884319000,1.07168,1.07181,1.07158,1.07165,599160000,8
1679884320000,1679884799000,1.07167,1.07194,1.07161,1.07172,504010000,8
1679884800000,1679885279000,1.07173,1.07185,1.07166,1.07169,440650000,8
1679885280000,1679885759000,1.07176,1.07224,1.07172,1.07223,666040000,8
1679885760000,1679886239000,1.07224,1.07242,1.07207,1.07214,551420000,8
1679886240000,1679886719000,1.07215,1.07249,1.07197,1.07246,618150000,8
1679886720000,1679887199000,1.07246,1.07247,1.07218,1.07222,375910000,8
1679887200000,1679887679000,1.0722,1.07222,1.0719,1.0719,328360000,8
1679887680000,1679888159000,1.0719,1.07198,1.0719,1.07193,363090000,8
1679888160000,1679888639000,1.07194,1.07226,1.07194,1.07205,943210000,8
1679888640000,1679889119000,1.07205,1.07259,1.07197,1.07213,910030000,8
1679889120000,1679889599000,1.07214,1.07231,1.07194,1.07218,522160000,8
1679889600000,1679890079000,1.07221,1.07227,1.07197,1.07221,460250000,8
1679890080000,1679890559000,1.07221,1.07234,1.0721,1.07217,492920000,8
1679890560000,1679891039000,1.07217,1.07236,1.07216,1.07232,374050000,8
1679891040000,1679891519000,1.07232,1.07287,1.07227,1.07253,559420000,8
1679891520000,1679891999000,1.07252,1.07257,1.07215,1.07226,388090000,8
1679892000000,1679892479000,1.07224,1.07227,1.07201,1.07212,463720000,8
1679892480000,1679892959000,1.07213,1.07218,1.07199,1.07201,373280000,8
1679892960000,1679893439000,1.07202,1.07222,1.07192,1.07214,566650000,8
1679893440000,1679893919000,1.07211,1.07218,1.07193,1.07207,420740000,8
1679893920000,1679894399000,1.07209,1.07222,1.072,1.07218,496670000,8
1679894400000,1679894879000,1.07217,1.0722,1.07198,1.07209,554050000,8
1679894880000,1679895359000,1.07208,1.07231,1.07197,1.07208,550810000,8
1679895360000,1679895839000,1.07208,1.07238,1.07197,1.07231,809710000,8
1679895840000,1679896319000,1.07231,1.07248,1.07212,1.07239,962420000,8
1679896320000,1679896799000,1.07238,1.07251,1.07225,1.07225,801340000,8
1679896800000,1679897279000,1.07225,1.07256,1.07203,1.07248,1196850000,8
1679897280000,1679897759000,1.0725,1.07284,1.07249,1.07258,1419940000,8
1679897760000,1679898239000,1.07261,1.07268,1.07205,1.07226,1136960000,8
1679898240000,1679898719000,1.07223,1.07251,1.07212,1.07249,1050790000,8
1679898720000,1679899199000,1.07248,1.0725,1.07209,1.07248,939180000,8
1679899200000,1679899679000,1.07246,1.0726,1.07234,1.07243,828560000,8
1679899680000,1679900159000,1.07242,1.07285,1.07242,1.07283,1001510000,8
1679900160000,1679900639000,1.07285,1.07328,1.07278,1.07316,1721820000,8
1679900640000,1679901119000,1.07317,1.07333,1.07277,1.0728,1891870000,8
1679901120000,1679901599000,1.07281,1.07317,1.07281,1.07307,1445750000,8
1679901600000,1679902079000,1.07309,1.07318,1.07267,1.07271,1408190000,8
1679902080000,1679902559000,1.07272,1.07287,1.07245,1.07252,1267840000,8
1679902560000,1679903039000,1.07251,1.07268,1.07217,1.0722,1130250000,8
1679903040000,1679903519000,1.07223,1.07262,1.07208,1.07241,1491030000,8
1679903520000,1679903999000,1.07239,1.07247,1.07144,1.07149,1122030000,8
1679904000000,1679904479000,1.07148,1.07154,1.07103,1.07134,1346350000,8
1679904480000,1679904959000,1.07135,1.07182,1.07106,1.07167,1351720000,8
1679904960000,1679905439000,1.07166,1.072,1.07161,1.07186,1297640000,8
1679905440000,1679905919000,1.07188,1.07233,1.07188,1.07215,1124480000,8
1679905920000,1679906399000,1.07214,1.07243,1.07207,1.0721,1015870000,8
1679906400000,1679906879000,1.07208,1.07234,1.07201,1.07221,808090000,8
1679906880000,1679907359000,1.07219,1.0723,1.07171,1.07172,874480000,8
1679907360000,1679907839000,1.07172,1.07185,1.07149,1.07181,853190000,8
1679907840000,1679908319000,1.07182,1.07211,1.07176,1.07206,717120000,8
1679908320000,1679908799000,1.07209,1.07213,1.07174,1.07195,1112500000,8
1679908800000,1679909279000,1.07196,1.07239,1.07194,1.0723,936110000,8
1679909280000,1679909759000,1.07233,1.07246,1.07212,1.07238,1013530000,8
1679909760000,1679910239000,1.07236,1.07323,1.07227,1.07316,820900000,8
1679910240000,1679910719000,1.07316,1.07346,1.07302,1.07336,930450000,8
1679910720000,1679911199000,1.07335,1.07376,1.07314,1.07375,1064600000,8
1679911200000,1679911679000,1.07374,1.07382,1.07342,1.07348,1251520000,8
1679911680000,1679912159000,1.07348,1.07396,1.07345,1.07368,1002110000,8
1679912160000,1679912639000,1.07368,1.07376,1.07353,1.07359,673950000,8
1679912640000,1679913119000,1.07359,1.0736,1.07333,1.07346,550820000,8
1679913120000,1679913599000,1.07348,1.07378,1.07339,1.07373,708910000,8
1679913600000,1679914079000,1.07374,1.07415,1.07364,1.07397,900060000,8
1679914080000,1679914559000,1.07396,1.0741,1.07368,1.0737,912190000,8
1679914560000,1679915039000,1.07369,1.07369,1.07312,1.07358,1430370000,8
1679915040000,1679915519000,1.07356,1.07386,1.07345,1.07378,1032370000,8
1679915520000,1679915999000,1.07377,1.07397,1.07364,1.07369,868410000,8
1679916000000,1679916479000,1.07372,1.07374,1.07311,1.07347,903640000,8
1679916480000,1679916959000,1.07347,1.07414,1.07347,1.07388,850640000,8
1679916960000,1679917439000,1.07389,1.07391,1.07342,1.07345,928990000,8
1679917440000,1679917919000,1.07345,1.07375,1.07342,1.07365,982230000,8
1679917920000,1679918399000,1.07366,1.0737,1.07342,1.07344,1097990000,8
1679918400000,1679918879000,1.07342,1.07363,1.07341,1.07354,1157150000,8
1679918880000,1679919359000,1.07354,1.07362,1.07344,1.07352,940910000,8
1679919360000,1679919839000,1.07352,1.07374,1.07332,1.0737,1233990000,8
1679919840000,1679920319000,1.07371,1.07394,1.07364,1.07375,1151660000,8
1679920320000,1679920799000,1.07375,1.07393,1.07371,1.07386,1432350000,8
1679920800000,1679921279000,1.07384,1.07402,1.07378,1.07397,1258330000,8
1679921280000,1679921759000,1.07398,1.07398,1.07341,1.07342,1285970000,8
1679921760000,1679922239000,1.07341,1.07343,1.07312,1.07321,1493370000,8
1679922240000,1679922719000,1.0732,1.07357,1.073,1.07349,1347620000,8
1679922720000,1679923199000,1.07349,1.0738,1.07344,1.07375,1307000000,8
1679923200000,1679923679000,1.07372,1.07392,1.07357,1.0737,1435400000,8
1679923680000,1679924159000,1.0737,1.07403,1.07347,1.07389,1989980000,8
1679924160000,1679924639000,1.07389,1.07427,1.07377,1.07407,2317700000,8
1679924640000,1679925119000,1.07407,1.07449,1.07407,1.07443,1756880000,8
1679925120000,1679925599000,1.07443,1.07452,1.07397,1.07406,1953030000,8
1679925600000,1679926079000,1.07407,1.07425,1.07382,1.07401,1915570000,8
1679926080000,1679926559000,1.07402,1.07449,1.07387,1.0744,1541530000,8
1679926560000,1679927039000,1.07438,1.07449,1.0739,1.07393,1495550000,8
1679927040000,1679927519000,1.07392,1.07394,1.07343,1.07348,1649500000,8
1679927520000,1679927999000,1.07349,1.07357,1.07302,1.07318,1615940000,8
1679928000000,1679928479000,1.07319,1.07321,1.07275,1.07302,1514470000,8
1679928480000,1679928959000,1.07301,1.07341,1.07289,1.07292,1381080000,8
1679928960000,1679929439000,1.07291,1.07307,1.07273,1.07281,1405910000,8
1679929440000,1679929919000,1.0728,1.07299,1.07259,1.07286,1045030000,8
1679929920000,1679930399000,1.07286,1.07307,1.07276,1.07282,1196550000,8
1679930400000,1679930879000,1.07284,1.07303,1.07278,1.07298,927880000,8
1679930880000,1679931359000,1.07298,1.07305,1.07278,1.07293,928560000,8
1679931360000,1679931839000,1.07293,1.07294,1.07265,1.07283,659610000,8
1679931840000,1679932319000,1.07284,1.07306,1.07271,1.07297,836300000,8
1679932320000,1679932799000,1.073,1.07316,1.07293,1.07312,949400000,8
1679932800000,1679933279000,1.0731,1.07331,1.073,1.07315,977330000,8
1679933280000,1679933759000,1.07313,1.0732,1.07301,1.0731,806860000,8
1679933760000,1679934239000,1.07309,1.07324,1.07301,1.07318,718330000,8
1679934240000,1679934719000,1.07318,1.07325,1.07301,1.07315,722180000,8
1679934720000,1679935199000,1.07315,1.07332,1.07312,1.07315,779790000,8
1679935200000,1679935679000,1.07313,1.07314,1.07281,1.07285,637710000,8
1679935680000,1679936159000,1.07286,1.07298,1.07268,1.07268,693530000,8
1679936160000,1679936639000,1.07268,1.0728,1.07253,1.07269,934490000,8
1679936640000,1679937119000,1.07272,1.07296,1.07269,1.07276,975990000,8
1679937120000,1679937599000,1.07275,1.07288,1.07267,1.07284,644570000,8
1679937600000,1679938079000,1.07284,1.07326,1.07278,1.07318,636660000,8
1679938080000,1679938559000,1.07317,1.07336,1.07309,1.07324,743820000,8
1679938560000,1679939039000,1.07321,1.07324,1.07306,1.07319,756820000,8
1679939040000,1679939519000,1.0732,1.07329,1.07305,1.07314,715310000,8
1679939520000,1679939999000,1.07314,1.07336,1.07305,1.07334,603610000,8
1679940000000,1679940479000,1.0733,1.07339,1.07299,1.07328,770300000,8
1679940480000,1679940959000,1.07328,1.07333,1.07301,1.07305,633930000,8
1679940960000,1679941439000,1.07304,1.07342,1.07297,1.07328,535090000,8
1679941440000,1679941919000,1.07328,1.0736,1.07322,1.07356,719990000,8
1679941920000,1679942399000,1.07356,1.07369,1.07343,1.07354,636770000,8
1679942400000,1679942879000,1.07356,1.07365,1.07342,1.0736,559340000,8
1679942880000,1679943359000,1.0736,1.07362,1.07334,1.07351,775960000,8
1679943360000,1679943839000,1.07352,1.07373,1.0734,1.07363,800620000,8
1679943840000,1679944319000,1.07362,1.07364,1.07335,1.07343,521280000,8
1679944320000,1679944799000,1.07342,1.07346,1.07329,1.07336,485990000,8
1679944800000,1679945279000,1.07338,1.07342,1.07322,1.07325,326920000,8
1679945280000,1679945759000,1.07326,1.07343,1.07325,1.07333,461580000,8
1679945760000,1679946239000,1.07332,1.07338,1.07318,1.07322,485280000,8
1679946240000,1679946719000,1.07324,1.07327,1.07302,1.07306,645270000,8
1679946720000,1679947199000,1.07305,1.07352,1.07304,1.07342,968910000,8
1679947200000,1679947679000,1.07344,1.07371,1.07331,1.07335,829490000,8
1679947680000,1679948159000,1.07337,1.07345,1.07319,1.07326,367750000,8
1679948160000,1679948639000,1.07325,1.07344,1.0732,1.07333,340440000,8
1679948640000,1679949119000,1.07334,1.07335,1.07319,1.07323,113900000,8
1679949120000,1679949599000,1.07324,1.07334,1.07319,1.07328,97200000,8
1679949600000,1679950079000,1.07326,1.07336,1.07313,1.07313,204780000,8
1679950080000,1679950559000,1.07314,1.07314,1.07298,1.07301,99930000,8
1679950560000,1679951039000,1.07299,1.07319,1.07227,1.07243,122820000,8
1679951040000,1679951519000,1.07243,1.07243,1.07122,1.0718,79270000,8
1679951520000,1679951999000,1.0721,1.0727,1.07207,1.0727,103360000,8
1679952000000,1679952479000,1.0727,1.07276,1.07243,1.07267,164380000,8
1679952480000,1679952959000,1.07268,1.07276,1.07246,1.0727,160620000,8
1679952960000,1679953439000,1.07269,1.07271,1.07213,1.07264,210210000,8
1679953440000,1679953919000,1.07228,1.07265,1.07213,1.07265,239400000,8
1679953920000,1679954399000,1.07265,1.07275,1.07264,1.07265,90140000,8
1679954400000,1679954879000,1.07266,1.07313,1.07264,1.07309,190250000,8
1679954880000,1679955359000,1.07309,1.07313,1.07289,1.07293,214240000,8
1679955360000,1679955839000,1.07293,1.07304,1.07287,1.07298,955120000,8
1679955840000,1679956319000,1.07296,1.0731,1.07296,1.07299,774000000,8
1679956320000,1679956799000,1.07302,1.07315,1.07289,1.07304,821430000,8
1679956800000,1679957279000,1.07302,1.07342,1.07302,1.07341,350580000,8
1679957280000,1679957759000,1.07343,1.07344,1.07312,1.0733,942250000,8
1679957760000,1679958239000,1.07328,1.07359,1.07312,1.07321,1549870000,8
1679958240000,1679958719000,1.07325,1.07337,1.07319,1.07332,252250000,8
1679958720000,1679959199000,1.07333,1.07343,1.07316,1.07331,260280000,8
1679959200000,1679959679000,1.07331,1.07365,1.07329,1.07349,477170000,8
1679959680000,1679960159000,1.07349,1.07359,1.07327,1.07338,518540000,8
1679960160000,1679960639000,1.07338,1.07353,1.07333,1.07345,344340000,8
1679960640000,1679961119000,1.07345,1.07356,1.07344,1.07356,185960000,8
1679961120000,1679961599000,1.07355,1.07363,1.07349,1.0735,241140000,8
1679961600000,1679962079000,1.07349,1.07354,1.07278,1.07299,845300000,8
1679962080000,1679962559000,1.07298,1.07326,1.07277,1.07316,753640000,8
1679962560000,1679963039000,1.07315,1.07321,1.07294,1.07311,728300000,8
1679963040000,1679963519000,1.07311,1.07335,1.07306,1.07325,1028990000,8
1679963520000,1679963999000,1.07325,1.07386,1.07313,1.07376,750420000,8
1679964000000,1679964479000,1.07375,1.07376,1.07341,1.07363,913280000,8
1679964480000,1679964959000,1.07363,1.07413,1.07352,1.07354,1265670000,8
1679964960000,1679965439000,1.07355,1.07431,1.07348,1.07402,1059880000,8
1679965440000,1679965919000,1.07405,1.0744,1.07391,1.07412,1158360000,8
1679965920000,1679966399000,1.07412,1.07432,1.07372,1.07383,1237290000,8
1679966400000,1679966879000,1.07383,1.07385,1.07356,1.0736,972350000,8
1679966880000,1679967359000,1.07364,1.07387,1.07352,1.07366,1144650000,8
1679967360000,1679967839000,1.07367,1.07383,1.07354,1.07374,1078870000,8
1679967840000,1679968319000,1.07377,1.0739,1.07335,1.07347,1067410000,8
1679968320000,1679968799000,1.07346,1.0742,1.07341,1.0742,830330000,8
1679968800000,1679969279000,1.07419,1.0744,1.07387,1.07435,833930000,8
1679969280000,1679969759000,1.07437,1.07441,1.07421,1.07427,565120000,8
1679969760000,1679970239000,1.07426,1.07453,1.07407,1.07435,645970000,8
1679970240000,1679970719000,1.07434,1.0745,1.07399,1.07424,830170000,8
1679970720000,1679971199000,1.07426,1.07446,1.07413,1.07444,721520000,8
1679971200000,1679971679000,1.07444,1.07444,1.07401,1.07401,616000000,8
1679971680000,1679972159000,1.07401,1.07408,1.07383,1.07406,771660000,8
1679972160000,1679972639000,1.07407,1.07434,1.07389,1.07407,789430000,8
1679972640000,1679973119000,1.07407,1.07412,1.07363,1.07367,794090000,8
1679973120000,1679973599000,1.07366,1.07368,1.0731,1.07347,814760000,8
1679973600000,1679974079000,1.07348,1.07351,1.07321,1.07322,704720000,8
1679974080000,1679974559000,1.07322,1.07347,1.07316,1.07345,549060000,8
1679974560000,1679975039000,1.0734,1.07361,1.07315,1.07319,654000000,8
1679975040000,1679975519000,1.07319,1.07345,1.07307,1.07338,649640000,8
1679975520000,1679975999000,1.07339,1.07345,1.07329,1.07339,410770000,8
1679976000000,1679976479000,1.07337,1.07344,1.07331,1.07338,515890000,8
1679976480000,1679976959000,1.07339,1.07343,1.07308,1.07317,527930000,8
1679976960000,1679977439000,1.07316,1.07336,1.07313,1.07327,691360000,8
1679977440000,1679977919000,1.07327,1.07346,1.0731,1.07322,471550000,8
1679977920000,1679978399000,1.07321,1.07368,1.07316,1.0736,664640000,8
1679978400000,1679978879000,1.0736,1.07381,1.07338,1.07344,454170000,8
1679978880000,1679979359000,1.07345,1.07388,1.07339,1.07363,467730000,8
1679979360000,1679979839000,1.07363,1.07382,1.07361,1.07378,526690000,8
1679979840000,1679980319000,1.07372,1.07391,1.0736,1.07367,638170000,8
1679980320000,1679980799000,1.07368,1.07384,1.07358,1.07377,585320000,8
1679980800000,1679981279000,1.07377,1.07383,1.07367,1.07381,471170000,8
1679981280000,1679981759000,1.07377,1.07377,1.07354,1.07375,480810000,8
1679981760000,1679982239000,1.07373,1.07384,1.07363,1.0737,527470000,8
1679982240000,1679982719000,1.07368,1.07373,1.07315,1.07341,657330000,8
1679982720000,1679983199000,1.0734,1.0737,1.07324,1.07348,849350000,8
1679983200000,1679983679000,1.07348,1.07348,1.07312,1.07344,1399080000,8
1679983680000,1679984159000,1.07342,1.07392,1.07326,1.07375,1132770000,8
1679984160000,1679984639000,1.07371,1.07374,1.07332,1.0736,740580000,8
1679984640000,1679985119000,1.0736,1.0736,1.07329,1.07353,1011190000,8
1679985120000,1679985599000,1.07353,1.07369,1.07345,1.07356,1054360000,8
1679985600000,1679986079000,1.07357,1.07387,1.07352,1.07365,955690000,8
1679986080000,1679986559000,1.07365,1.07365,1.07337,1.07348,695710000,8
1679986560000,1679987039000,1.07345,1.07376,1.07328,1.07329,1184430000,8
1679987040000,1679987519000,1.0733,1.07346,1.07282,1.07282,1126730000,8
1679987520000,1679987999000,1.07282,1.07299,1.07252,1.07282,1108050000,8
1679988000000,1679988479000,1.07283,1.07293,1.07227,1.07238,1175660000,8
1679988480000,1679988959000,1.07238,1.07264,1.07223,1.07258,1080640000,8
1679988960000,1679989439000,1.0726,1.07298,1.0725,1.0729,901170000,8
1679989440000,1679989919000,1.07289,1.07293,1.07256,1.0728,1114260000,8
1679989920000,1679990399000,1.07281,1.07307,1.07266,1.07286,1067560000,8
1679990400000,1679990879000,1.07287,1.07298,1.07268,1.07276,1077390000,8
1679990880000,1679991359000,1.07276,1.07281,1.07243,1.07249,713200000,8
1679991360000,1679991839000,1.07248,1.0726,1.07228,1.07236,903470000,8
1679991840000,1679992319000,1.07235,1.0725,1.07221,1.07238,718810000,8
1679992320000,1679992799000,1.07238,1.07263,1.07226,1.07235,770140000,8
1679992800000,1679993279000,1.07234,1.07255,1.07218,1.07238,797440000,8
1679993280000,1679993759000,1.07239,1.0729,1.07234,1.07285,978160000,8
1679993760000,1679994239000,1.07291,1.07292,1.07262,1.07277,1062750000,8
1679994240000,1679994719000,1.07277,1.07294,1.07263,1.07274,732050000,8
1679994720000,1679995199000,1.0727,1.07287,1.07231,1.07232,765600000,8
1679995200000,1679995679000,1.07232,1.07232,1.07194,1.07196,598590000,8
1679995680000,1679996159000,1.07197,1.07247,1.07197,1.07239,856060000,8
1679996160000,1679996639000,1.07238,1.07294,1.07226,1.07289,648330000,8
1679996640000,1679997119000,1.07289,1.07298,1.07248,1.07255,1086970000,8
1679997120000,1679997599000,1.07254,1.07255,1.07216,1.07225,635510000,8
1679997600000,1679998079000,1.07222,1.07227,1.0717,1.07171,819430000,8
1679998080000,1679998559000,1.07169,1.07179,1.07143,1.07146,764110000,8
1679998560000,1679999039000,1.07148,1.07148,1.07107,1.0711,568350000,8
1679999040000,1679999519000,1.0711,1.07116,1.07086,1.0711,825330000,8
1679999520000,1679999999000,1.07111,1.07157,1.07108,1.07148,958370000,8
1680000000000,1680000479000,1.07147,1.07184,1.07131,1.07181,542200000,8
1680000480000,1680000959000,1.0718,1.07247,1.07173,1.07237,687700000,8
1680000960000,1680001439000,1.07235,1.07241,1.07174,1.07202,1039230000,8
1680001440000,1680001919000,1.07202,1.07221,1.0714,1.07141,852420000,8
1680001920000,1680002399000,1.07138,1.07165,1.0713,1.07147,672510000,8
1680002400000,1680002879000,1.07148,1.07158,1.07125,1.07138,637100000,8
1680002880000,1680003359000,1.07137,1.07168,1.07127,1.07163,616730000,8
1680003360000,1680003839000,1.07163,1.07184,1.07151,1.07176,683860000,8
1680003840000,1680004319000,1.07176,1.07199,1.07136,1.07192,671270000,8
1680004320000,1680004799000,1.07193,1.07209,1.07154,1.07154,708510000,8
1680004800000,1680005279000,1.07156,1.07171,1.07142,1.0715,929990000,8
1680005280000,1680005759000,1.07149,1.07171,1.07143,1.07171,1082250000,8
1680005760000,1680006239000,1.07171,1.07177,1.07155,1.07171,1401940000,8
1680006240000,1680006719000,1.0717,1.07171,1.07123,1.07134,1274100000,8
1680006720000,1680007199000,1.07132,1.07132,1.07094,1.07106,1431340000,8
1680007200000,1680007679000,1.07106,1.07143,1.07102,1.07128,1417630000,8
1680007680000,1680008159000,1.0713,1.07146,1.0708,1.07099,1378210000,8
1680008160000,1680008639000,1.07098,1.07109,1.07082,1.071,1319820000,8
1680008640000,1680009119000,1.07102,1.07121,1.07098,1.07104,948310000,8
1680009120000,1680009599000,1.071,1.07158,1.07099,1.07138,1003030000,8
1680009600000,1680010079000,1.07139,1.07161,1.07129,1.07141,1268300000,8
1680010080000,1680010559000,1.07142,1.07152,1.07127,1.07143,1673840000,8
1680010560000,1680011039000,1.07142,1.07187,1.07126,1.07173,1830290000,8
1680011040000,1680011519000,1.07173,1.07175,1.07137,1.07152,1422990000,8
1680011520000,1680011999000,1.07152,1.07194,1.07146,1.07176,1253570000,8
1680012000000,1680012479000,1.07172,1.0726,1.07158,1.07251,1802270000,8
1680012480000,1680012959000,1.07251,1.0726,1.07219,1.07234,1515670000,8
1680012960000,1680013439000,1.07234,1.07256,1.07232,1.07243,1251170000,8
1680013440000,1680013919000,1.07243,1.0729,1.07219,1.07271,1185900000,8
1680013920000,1680014399000,1.07268,1.07272,1.07187,1.07202,1510480000,8
1680014400000,1680014879000,1.07202,1.07286,1.07193,1.07266,1448110000,8
1680014880000,1680015359000,1.07267,1.07289,1.07244,1.07275,1433150000,8
1680015360000,1680015839000,1.07274,1.07323,1.07268,1.0731,1661200000,8
1680015840000,1680016319000,1.0731,1.07327,1.07289,1.07296,1201950000,8
1680016320000,1680016799000,1.07294,1.07308,1.0728,1.07287,1210760000,8
1680016800000,1680017279000,1.07288,1.07301,1.07272,1.07289,995910000,8
1680017280000,1680017759000,1.0729,1.07299,1.07254,1.07273,1076430000,8
1680017760000,1680018239000,1.07274,1.07303,1.07264,1.07287,1084150000,8
1680018240000,1680018719000,1.07287,1.07323,1.07283,1.07315,1014130000,8
1680018720000,1680019199000,1.07316,1.07345,1.07315,1.0734,1117300000,8
1680019200000,1680019679000,1.0734,1.0734,1.0731,1.07315,733730000,8
1680019680000,1680020159000,1.0732,1.07348,1.07314,1.07337,1202120000,8
1680020160000,1680020639000,1.07333,1.0735,1.07322,1.07336,838320000,8
1680020640000,1680021119000,1.07336,1.07359,1.07314,1.07325,706140000,8
1680021120000,1680021599000,1.07326,1.07348,1.07323,1.07335,557730000,8
1680021600000,1680022079000,1.07336,1.07359,1.07335,1.07353,576870000,8
1680022080000,1680022559000,1.07353,1.07371,1.0734,1.07369,530880000,8
1680022560000,1680023039000,1.07372,1.07379,1.07342,1.07353,648950000,8
1680023040000,1680023519000,1.07352,1.07355,1.07334,1.07338,609770000,8
1680023520000,1680023999000,1.07338,1.07339,1.07329,1.07338,745160000,8
1680024000000,1680024479000,1.07341,1.07347,1.07325,1.07327,468140000,8
1680024480000,1680024959000,1.07327,1.07335,1.07315,1.07318,608420000,8
1680024960000,1680025439000,1.07322,1.07334,1.07307,1.07331,627760000,8
1680025440000,1680025919000,1.07332,1.07341,1.07321,1.07324,465220000,8
1680025920000,1680026399000,1.07324,1.07329,1.07285,1.07311,763130000,8
1680026400000,1680026879000,1.07301,1.07315,1.07284,1.07302,867750000,8
1680026880000,1680027359000,1.07299,1.0731,1.07281,1.07301,491010000,8
1680027360000,1680027839000,1.07303,1.07331,1.07294,1.07313,677250000,8
1680027840000,1680028319000,1.07313,1.07319,1.07298,1.07307,527700000,8
1680028320000,1680028799000,1.07308,1.07313,1.07293,1.07304,562620000,8
1680028800000,1680029279000,1.07308,1.0733,1.07302,1.0733,518990000,8
1680029280000,1680029759000,1.0733,1.07333,1.073,1.07309,523800000,8
1680029760000,1680030239000,1.0731,1.07311,1.07246,1.07247,1076160000,8
1680030240000,1680030719000,1.07248,1.07282,1.07238,1.07264,719190000,8
1680030720000,1680031199000,1.07264,1.0729,1.07259,1.07273,607800000,8
1680031200000,1680031679000,1.07274,1.07292,1.07272,1.0729,541450000,8
1680031680000,1680032159000,1.07288,1.07292,1.07275,1.07276,443400000,8
1680032160000,1680032639000,1.07277,1.07278,1.07248,1.07248,508200000,8
1680032640000,1680033119000,1.0725,1.0725,1.07219,1.07239,554400000,8
1680033120000,1680033599000,1.07237,1.07242,1.07213,1.07236,582720000,8
1680033600000,1680034079000,1.07237,1.07253,1.07232,1.07241,617400000,8
1680034080000,1680034559000,1.07244,1.07244,1.07225,1.07225,464100000,8
1680034560000,1680035039000,1.07226,1.07248,1.07222,1.07239,224400000,8
1680035040000,1680035519000,1.07241,1.07253,1.07235,1.07249,165000000,8
1680035520000,1680035999000,1.07249,1.07249,1.07232,1.07232,55800000,8
1680036000000,1680036479000,1.07234,1.0726,1.0723,1.07259,225000000,8
1680036480000,1680036959000,1.07258,1.07272,1.07254,1.07258,187990000,8
1680036960000,1680037439000,1.07259,1.07271,1.07244,1.07251,170530000,8
1680037440000,1680037919000,1.07171,1.0722,1.0714,1.0722,75530000,8
1680037920000,1680038399000,1.07219,1.07258,1.07159,1.07228,193700000,8
1680038400000,1680038879000,1.07226,1.07247,1.07193,1.07195,65520000,8
1680038880000,1680039359000,1.07195,1.07255,1.07194,1.07253,129300000,8
1680039360000,1680039839000,1.07254,1.07261,1.07199,1.072,67020000,8
1680039840000,1680040319000,1.072,1.07262,1.072,1.07258,59370000,8
1680040320000,1680040799000,1.07258,1.07263,1.07232,1.07251,66530000,8
1680040800000,1680041279000,1.07252,1.07288,1.0724,1.07283,194560000,8
1680041280000,1680041759000,1.07288,1.07297,1.07262,1.07267,602780000,8
1680041760000,1680042239000,1.07271,1.07276,1.07255,1.07263,820800000,8
1680042240000,1680042719000,1.07263,1.07263,1.07237,1.07254,290240000,8
1680042720000,1680043199000,1.07256,1.07286,1.07254,1.07271,206060000,8
1680043200000,1680043679000,1.07273,1.07286,1.07263,1.07275,199980000,8
1680043680000,1680044159000,1.07277,1.07301,1.07274,1.07297,209380000,8
1680044160000,1680044639000,1.07298,1.073,1.07264,1.07268,287320000,8
1680044640000,1680045119000,1.07268,1.07273,1.07255,1.07259,285180000,8
1680045120000,1680045599000,1.07262,1.07268,1.07233,1.07241,413230000,8
1680045600000,1680046079000,1.0724,1.07247,1.07235,1.07241,201370000,8
1680046080000,1680046559000,1.07242,1.07292,1.07238,1.07269,493800000,8
1680046560000,1680047039000,1.07269,1.07294,1.07254,1.07262,302920000,8
1680047040000,1680047519000,1.07263,1.07276,1.07241,1.07272,534920000,8
1680047520000,1680047999000,1.07274,1.07274,1.07227,1.07234,389320000,8
1680048000000,1680048479000,1.07233,1.07246,1.07158,1.07161,1350070000,8
1680048480000,1680048959000,1.07163,1.07163,1.07109,1.07128,1153790000,8
1680048960000,1680049439000,1.07129,1.07168,1.07109,1.07164,891200000,8
1680049440000,1680049919000,1.07163,1.07172,1.0696,1.0701,1559340000,8
1680049920000,1680050399000,1.07009,1.0701,1.06875,1.06922,1279200000,8
1680050400000,1680050879000,1.06923,1.07019,1.06916,1.07018,910380000,8
1680050880000,1680051359000,1.07019,1.07033,1.07001,1.07009,756690000,8
1680051360000,1680051839000,1.07009,1.07056,1.07002,1.07014,967670000,8
1680051840000,1680052319000,1.07014,1.0704,1.07002,1.07034,987880000,8
1680052320000,1680052799000,1.07037,1.07052,1.07006,1.07028,1082310000,8
1680052800000,1680053279000,1.07028,1.07047,1.07002,1.07022,1117370000,8
1680053280000,1680053759000,1.07022,1.07025,1.07,1.07009,1029620000,8
1680053760000,1680054239000,1.07008,1.07039,1.07005,1.07031,1025300000,8
1680054240000,1680054719000,1.07029,1.07034,1.07016,1.07026,746360000,8
1680054720000,1680055199000,1.07025,1.07025,1.06978,1.06991,640810000,8
1680055200000,1680055679000,1.06992,1.07003,1.06962,1.0697,795440000,8
1680055680000,1680056159000,1.06971,1.07001,1.06964,1.06997,638820000,8
1680056160000,1680056639000,1.06996,1.06996,1.06949,1.06956,477310000,8
1680056640000,1680057119000,1.06959,1.06962,1.06941,1.06957,455900000,8
1680057120000,1680057599000,1.06958,1.06968,1.06869,1.0687,648370000,8
1680057600000,1680058079000,1.0687,1.069,1.06854,1.06858,667830000,8
1680058080000,1680058559000,1.06858,1.06874,1.06852,1.0686,653270000,8
1680058560000,1680059039000,1.06863,1.0691,1.06852,1.06885,825660000,8
1680059040000,1680059519000,1.06885,1.06924,1.06884,1.06922,550720000,8
1680059520000,1680059999000,1.06922,1.06972,1.06922,1.06944,508410000,8
1680060000000,1680060479000,1.06945,1.06964,1.06932,1.06964,746680000,8
1680060480000,1680060959000,1.06964,1.06974,1.06944,1.06965,457420000,8
1680060960000,1680061439000,1.06964,1.06975,1.0694,1.06975,455180000,8
1680061440000,1680061919000,1.06975,1.06983,1.06965,1.06978,345860000,8
1680061920000,1680062399000,1.06975,1.06984,1.06967,1.06982,315240000,8
1680062400000,1680062879000,1.06981,1.06985,1.06924,1.06938,496810000,8
1680062880000,1680063359000,1.06936,1.06977,1.06932,1.0697,591620000,8
1680063360000,1680063839000,1.0697,1.06976,1.06946,1.06946,519490000,8
1680063840000,1680064319000,1.06948,1.06957,1.06925,1.06928,580860000,8
1680064320000,1680064799000,1.06927,1.07008,1.06922,1.07005,555320000,8
1680064800000,1680065279000,1.07004,1.07019,1.07,1.07012,404960000,8
1680065280000,1680065759000,1.07012,1.07037,1.07002,1.07031,425850000,8
1680065760000,1680066239000,1.07032,1.07061,1.0702,1.07058,457740000,8
1680066240000,1680066719000,1.07058,1.07062,1.07026,1.07026,371150000,8
1680066720000,1680067199000,1.07027,1.07061,1.07017,1.07043,403530000,8
1680067200000,1680067679000,1.07044,1.07049,1.06998,1.06998,488940000,8
1680067680000,1680068159000,1.07001,1.07009,1.06978,1.06998,650680000,8
1680068160000,1680068639000,1.06998,1.07015,1.06981,1.07001,540450000,8
1680068640000,1680069119000,1.07,1.07047,1.06999,1.0702,618620000,8
1680069120000,1680069599000,1.07018,1.07031,1.06988,1.07018,941110000,8
1680069600000,1680070079000,1.0702,1.0703,1.06969,1.06975,1370320000,8
1680070080000,1680070559000,1.06976,1.0699,1.06941,1.06949,1153690000,8
1680070560000,1680071039000,1.06949,1.06964,1.06937,1.06948,1107650000,8
1680071040000,1680071519000,1.06948,1.06978,1.0694,1.06962,1078810000,8
1680071520000,1680071999000,1.06962,1.0699,1.06947,1.06947,977250000,8
1680072000000,1680072479000,1.06949,1.06996,1.06946,1.06991,988010000,8
1680072480000,1680072959000,1.06991,1.07029,1.06986,1.07015,861890000,8
1680072960000,1680073439000,1.07015,1.07059,1.07013,1.07027,1373560000,8
1680073440000,1680073919000,1.07028,1.0706,1.07005,1.07052,1483190000,8
1680073920000,1680074399000,1.0705,1.07076,1.07049,1.07056,1378240000,8
1680074400000,1680074879000,1.07055,1.07072,1.07051,1.07053,963220000,8
1680074880000,1680075359000,1.07051,1.07052,1.06998,1.06998,1082840000,8
1680075360000,1680075839000,1.06999,1.07005,1.06991,1.07003,788620000,8
1680075840000,1680076319000,1.07002,1.07005,1.06978,1.06988,1017430000,8
1680076320000,1680076799000,1.06991,1.0701,1.06983,1.06985,767060000,8
1680076800000,1680077279000,1.06987,1.06988,1.06945,1.06961,1124350000,8
1680077280000,1680077759000,1.06959,1.06981,1.06946,1.06975,948240000,8
1680077760000,1680078239000,1.06978,1.06986,1.06952,1.06976,872160000,8
1680078240000,1680078719000,1.06978,1.06983,1.06947,1.06968,975850000,8
1680078720000,1680079199000,1.06966,1.06989,1.06951,1.06962,968270000,8
1680079200000,1680079679000,1.06962,1.06965,1.06922,1.06929,987760000,8
1680079680000,1680080159000,1.06928,1.06958,1.06921,1.06947,839880000,8
1680080160000,1680080639000,1.06949,1.06986,1.06935,1.06971,1023480000,8
1680080640000,1680081119000,1.06972,1.06972,1.06925,1.06929,810700000,8
1680081120000,1680081599000,1.06927,1.06931,1.06902,1.06903,757180000,8
1680081600000,1680082079000,1.06902,1.0695,1.06894,1.06948,823300000,8
1680082080000,1680082559000,1.06947,1.06954,1.06892,1.06906,1337770000,8
1680082560000,1680083039000,1.06904,1.06917,1.06886,1.06894,828640000,8
1680083040000,1680083519000,1.06894,1.06933,1.06893,1.06927,898710000,8
1680083520000,1680083999000,1.06929,1.06941,1.06901,1.06929,964130000,8
1680084000000,1680084479000,1.0693,1.0694,1.069,1.06904,1132040000,8
1680084480000,1680084959000,1.06904,1.06941,1.06896,1.06941,884010000,8
1680084960000,1680085439000,1.06941,1.06967,1.0694,1.0696,784360000,8
1680085440000,1680085919000,1.06957,1.06979,1.06949,1.0697,546750000,8
1680085920000,1680086399000,1.06967,1.07012,1.06951,1.07009,604500000,8
1680086400000,1680086879000,1.07009,1.0704,1.07002,1.07038,639960000,8
1680086880000,1680087359000,1.07037,1.07078,1.07033,1.07074,665820000,8
1680087360000,1680087839000,1.07076,1.07095,1.07072,1.07078,707020000,8
1680087840000,1680088319000,1.07079,1.0709,1.07053,1.07058,739390000,8
1680088320000,1680088799000,1.07057,1.07062,1.07032,1.07036,891810000,8
1680088800000,1680089279000,1.07035,1.07074,1.07032,1.07066,832240000,8
1680089280000,1680089759000,1.07063,1.07079,1.07038,1.07052,1095060000,8
1680089760000,1680090239000,1.07056,1.0707,1.07032,1.07046,991910000,8
1680090240000,1680090719000,1.07045,1.07074,1.07032,1.0707,908480000,8
1680090720000,1680091199000,1.0707,1.07076,1.07043,1.07049,1196790000,8
1680091200000,1680091679000,1.07049,1.07074,1.07043,1.07072,1223850000,8
1680091680000,1680092159000,1.07073,1.07108,1.07048,1.071,1125010000,8
1680092160000,1680092639000,1.07102,1.07159,1.07098,1.07156,1311160000,8
1680092640000,1680093119000,1.07156,1.07167,1.07142,1.07158,1527400000,8
1680093120000,1680093599000,1.07157,1.07181,1.07147,1.07162,1243330000,8
1680093600000,1680094079000,1.07163,1.07212,1.07153,1.0719,1425980000,8
1680094080000,1680094559000,1.07189,1.07192,1.07151,1.07189,1180260000,8
1680094560000,1680095039000,1.0719,1.07217,1.0718,1.07216,831780000,8
1680095040000,1680095519000,1.07214,1.07253,1.07208,1.07231,955450000,8
1680095520000,1680095999000,1.07228,1.07232,1.0719,1.07212,1163220000,8
1680096000000,1680096479000,1.07213,1.07247,1.07203,1.07236,1172320000,8
1680096480000,1680096959000,1.07232,1.07237,1.07211,1.07234,1707360000,8
1680096960000,1680097439000,1.07234,1.07249,1.07207,1.07239,1167020000,8
1680097440000,1680097919000,1.07238,1.0734,1.07232,1.0733,1606110000,8
1680097920000,1680098399000,1.07333,1.07373,1.07328,1.07354,1469180000,8
1680098400000,1680098879000,1.07354,1.07434,1.07353,1.07418,2066800000,8
1680098880000,1680099359000,1.07416,1.07425,1.07344,1.07366,1756790000,8
1680099360000,1680099839000,1.0737,1.07396,1.07359,1.07386,1679090000,8
1680099840000,1680100319000,1.07387,1.07447,1.07377,1.07447,1874710000,8
1680100320000,1680100799000,1.07445,1.07474,1.0743,1.07442,1677410000,8
1680100800000,1680101279000,1.0744,1.07461,1.07401,1.07416,1684080000,8
1680101280000,1680101759000,1.07415,1.07423,1.07352,1.07371,1887610000,8
1680101760000,1680102239000,1.0737,1.07384,1.07342,1.07363,2313060000,8
1680102240000,1680102719000,1.07363,1.07373,1.07342,1.07365,1190860000,8
1680102720000,1680103199000,1.07364,1.07397,1.07362,1.07386,1260650000,8
1680103200000,1680103679000,1.07385,1.07399,1.07329,1.0733,1363720000,8
1680103680000,1680104159000,1.0733,1.07384,1.07321,1.07368,1357240000,8
1680104160000,1680104639000,1.0737,1.07385,1.07343,1.07346,1023830000,8
1680104640000,1680105119000,1.07345,1.07364,1.07335,1.07345,965160000,8
1680105120000,1680105599000,1.07345,1.07351,1.07331,1.07343,1101890000,8
1680105600000,1680106079000,1.07344,1.07345,1.07324,1.07329,908620000,8
1680106080000,1680106559000,1.0733,1.07356,1.0732,1.07352,607340000,8
1680106560000,1680107039000,1.07353,1.07364,1.07342,1.07363,643480000,8
1680107040000,1680107519000,1.07364,1.0737,1.07337,1.07338,653540000,8
1680107520000,1680107999000,1.07338,1.07346,1.07321,1.07333,634820000,8
1680108000000,1680108479000,1.07332,1.07358,1.07318,1.07344,564490000,8
1680108480000,1680108959000,1.07345,1.07354,1.07335,1.07338,592040000,8
1680108960000,1680109439000,1.07338,1.07347,1.07313,1.07331,934720000,8
1680109440000,1680109919000,1.0733,1.07365,1.07327,1.07356,633950000,8
1680109920000,1680110399000,1.07353,1.07365,1.07344,1.07348,576950000,8
1680110400000,1680110879000,1.0735,1.07356,1.07341,1.07344,454210000,8
1680110880000,1680111359000,1.07345,1.07346,1.07315,1.07323,834700000,8
1680111360000,1680111839000,1.07322,1.07334,1.07313,1.07327,797000000,8
1680111840000,1680112319000,1.07328,1.0734,1.07313,1.07314,480780000,8
1680112320000,1680112799000,1.07315,1.07326,1.07306,1.07306,514930000,8
1680112800000,1680113279000,1.07312,1.0732,1.07289,1.07307,694390000,8
1680113280000,1680113759000,1.07308,1.07326,1.07303,1.07308,608770000,8
1680113760000,1680114239000,1.0731,1.07316,1.07291,1.07312,653270000,8
1680114240000,1680114719000,1.0731,1.0733,1.0731,1.07328,603200000,8
1680114720000,1680115199000,1.07328,1.07339,1.0732,1.07334,433400000,8
1680115200000,1680115679000,1.07331,1.0734,1.0732,1.07337,507980000,8
1680115680000,1680116159000,1.07336,1.0734,1.07316,1.0733,568740000,8
1680116160000,1680116639000,1.0733,1.07384,1.0733,1.07377,1364740000,8
1680116640000,1680117119000,1.07378,1.07381,1.07341,1.07346,766730000,8
1680117120000,1680117599000,1.07347,1.07364,1.07342,1.07348,804500000,8
1680117600000,1680118079000,1.07348,1.07356,1.07334,1.07346,735860000,8
1680118080000,1680118559000,1.07346,1.07381,1.0734,1.07373,680890000,8
1680118560000,1680119039000,1.07375,1.07391,1.07368,1.07381,696320000,8
1680119040000,1680119519000,1.07384,1.07407,1.07374,1.07407,742680000,8
1680119520000,1680119999000,1.07405,1.07405,1.07367,1.07379,959040000,8
1680120000000,1680120479000,1.07381,1.07394,1.07375,1.07382,510070000,8
1680120480000,1680120959000,1.07381,1.07387,1.07351,1.07384,375690000,8
1680120960000,1680121439000,1.07382,1.07392,1.07368,1.07374,427170000,8
1680121440000,1680121919000,1.07376,1.07383,1.07358,1.07381,241410000,8
1680121920000,1680122399000,1.07381,1.07398,1.07373,1.07396,227020000,8
1680122400000,1680122879000,1.07394,1.07406,1.0738,1.07399,227400000,8
1680122880000,1680123359000,1.07399,1.07404,1.07374,1.07382,324680000,8
1680123360000,1680123839000,1.07378,1.07386,1.07339,1.07339,124470000,8
1680123840000,1680124319000,1.07246,1.07368,1.07246,1.07364,104800000,8
1680124320000,1680124799000,1.07373,1.07373,1.07354,1.07365,134100000,8
1680124800000,1680125279000,1.07366,1.07366,1.07327,1.07344,105300000,8
1680125280000,1680125759000,1.07352,1.07373,1.07334,1.07373,93000000,8
1680125760000,1680126239000,1.07352,1.07376,1.07304,1.07338,122340000,8
1680126240000,1680126719000,1.07339,1.07343,1.07329,1.0734,75600000,8
1680126720000,1680127199000,1.07338,1.07341,1.07302,1.07337,170700000,8
1680127200000,1680127679000,1.07316,1.07433,1.07316,1.07405,158740000,8
1680127680000,1680128159000,1.07404,1.07419,1.07396,1.07407,202200000,8
1680128160000,1680128639000,1.07405,1.07422,1.07403,1.07418,360330000,8
1680128640000,1680129119000,1.07419,1.07427,1.07412,1.07424,612940000,8
1680129120000,1680129599000,1.07425,1.07425,1.07403,1.07414,504380000,8
1680129600000,1680130079000,1.07415,1.0743,1.07382,1.07392,376910000,8
1680130080000,1680130559000,1.07392,1.07405,1.07384,1.07399,198800000,8
1680130560000,1680131039000,1.07395,1.07425,1.07378,1.07401,707480000,8
1680131040000,1680131519000,1.07401,1.07406,1.07372,1.07373,396170000,8
1680131520000,1680131999000,1.07374,1.07381,1.0736,1.07368,205880000,8
1680132000000,1680132479000,1.07371,1.0738,1.07365,1.07374,298260000,8
1680132480000,1680132959000,1.07374,1.07398,1.07368,1.07397,216600000,8
1680132960000,1680133439000,1.07397,1.07404,1.07384,1.07392,202470000,8
1680133440000,1680133919000,1.07393,1.07424,1.07391,1.07423,335170000,8
1680133920000,1680134399000,1.07423,1.07445,1.07412,1.07442,348490000,8
1680134400000,1680134879000,1.07442,1.07484,1.07432,1.07472,940930000,8
1680134880000,1680135359000,1.07473,1.07474,1.07411,1.07421,971760000,8
1680135360000,1680135839000,1.0742,1.07439,1.07412,1.07436,778180000,8
1680135840000,1680136319000,1.07433,1.07454,1.07424,1.07443,728900000,8
1680136320000,1680136799000,1.0744,1.07447,1.07412,1.07438,663580000,8
1680136800000,1680137279000,1.07437,1.07463,1.07434,1.07454,623570000,8
1680137280000,1680137759000,1.07454,1.0747,1.07395,1.07444,989310000,8
1680137760000,1680138239000,1.07443,1.0745,1.07414,1.0743,701490000,8
1680138240000,1680138719000,1.07429,1.07434,1.07391,1.07404,836690000,8
1680138720000,1680139199000,1.07403,1.07426,1.07392,1.07413,713680000,8
1680139200000,1680139679000,1.07414,1.07421,1.07379,1.07386,816240000,8
1680139680000,1680140159000,1.07386,1.07418,1.07356,1.07414,930970000,8
1680140160000,1680140639000,1.07416,1.07424,1.07366,1.07387,1356890000,8
1680140640000,1680141119000,1.07386,1.07426,1.07365,1.07426,1192300000,8
1680141120000,1680141599000,1.07422,1.07466,1.07422,1.07462,932780000,8
1680141600000,1680142079000,1.07461,1.07475,1.07454,1.07465,500320000,8
1680142080000,1680142559000,1.07466,1.07487,1.07452,1.07452,535970000,8
1680142560000,1680143039000,1.07453,1.07502,1.07451,1.07502,513860000,8
1680143040000,1680143519000,1.07504,1.07508,1.07457,1.07461,549110000,8
1680143520000,1680143999000,1.07459,1.07475,1.07444,1.07454,1007080000,8
1680144000000,1680144479000,1.07453,1.07467,1.07443,1.07451,962040000,8
1680144480000,1680144959000,1.07451,1.07484,1.07448,1.07484,743910000,8
1680144960000,1680145439000,1.07483,1.0749,1.0745,1.07465,859740000,8
1680145440000,1680145919000,1.07465,1.07485,1.07454,1.0748,588330000,8
1680145920000,1680146399000,1.07479,1.07506,1.07476,1.07498,489530000,8
1680146400000,1680146879000,1.07498,1.07532,1.0749,1.07526,654540000,8
1680146880000,1680147359000,1.07527,1.07547,1.07509,1.07513,642220000,8
1680147360000,1680147839000,1.07515,1.07527,1.07503,1.07507,427020000,8
1680147840000,1680148319000,1.07509,1.07522,1.07504,1.07518,403430000,8
1680148320000,1680148799000,1.07518,1.0752,1.07481,1.07499,457420000,8
1680148800000,1680149279000,1.07498,1.07502,1.07473,1.07473,313370000,8
1680149280000,1680149759000,1.07475,1.0749,1.07467,1.07486,341510000,8
1680149760000,1680150239000,1.07486,1.07493,1.07474,1.07478,400670000,8
1680150240000,1680150719000,1.07478,1.07482,1.07462,1.07467,524470000,8
1680150720000,1680151199000,1.07467,1.07494,1.07466,1.07487,384800000,8
1680151200000,1680151679000,1.07487,1.0751,1.07482,1.07506,464220000,8
1680151680000,1680152159000,1.07507,1.07541,1.07499,1.07529,337450000,8
1680152160000,1680152639000,1.07527,1.07555,1.07524,1.07548,394980000,8
1680152640000,1680153119000,1.07549,1.07577,1.07542,1.07562,525990000,8
1680153120000,1680153599000,1.07562,1.07571,1.07545,1.0757,446540000,8
1680153600000,1680154079000,1.0757,1.07576,1.07522,1.07524,624580000,8
1680154080000,1680154559000,1.07524,1.07538,1.07502,1.07506,1114920000,8
1680154560000,1680155039000,1.07507,1.07516,1.07486,1.07496,1124010000,8
1680155040000,1680155519000,1.07496,1.07526,1.07487,1.07525,641870000,8
1680155520000,1680155999000,1.07524,1.07578,1.07508,1.07572,1147300000,8
1680156000000,1680156479000,1.07568,1.07619,1.07567,1.07608,1762660000,8
1680156480000,1680156959000,1.07608,1.07625,1.07587,1.07602,1371160000,8
1680156960000,1680157439000,1.07603,1.07604,1.07557,1.07568,1113540000,8
1680157440000,1680157919000,1.07566,1.07574,1.0755,1.07557,1028600000,8
1680157920000,1680158399000,1.07558,1.07566,1.07524,1.07536,1059480000,8
1680158400000,1680158879000,1.07537,1.0756,1.07534,1.07548,830110000,8
1680158880000,1680159359000,1.07547,1.07567,1.07529,1.07542,931660000,8
1680159360000,1680159839000,1.07542,1.07557,1.07461,1.07467,1810350000,8
1680159840000,1680160319000,1.07465,1.07481,1.0745,1.07463,1975930000,8
1680160320000,1680160799000,1.07462,1.07489,1.07444,1.07463,1679390000,8
1680160800000,1680161279000,1.07463,1.07482,1.07447,1.07467,1123530000,8
1680161280000,1680161759000,1.07466,1.07493,1.07462,1.07485,1271070000,8
1680161760000,1680162239000,1.07486,1.07498,1.07453,1.07454,990040000,8
1680162240000,1680162719000,1.07455,1.07464,1.0743,1.07432,1002620000,8
1680162720000,1680163199000,1.07432,1.07461,1.0743,1.07449,885310000,8
1680163200000,1680163679000,1.07449,1.07492,1.07447,1.07485,1135950000,8
1680163680000,1680164159000,1.07485,1.07547,1.07469,1.07547,875190000,8
1680164160000,1680164639000,1.07547,1.07548,1.07492,1.07494,1103410000,8
1680164640000,1680165119000,1.07492,1.07501,1.07452,1.07454,870450000,8
1680165120000,1680165599000,1.07455,1.07499,1.07444,1.07489,1147050000,8
1680165600000,1680166079000,1.07488,1.07492,1.07446,1.07462,1044730000,8
1680166080000,1680166559000,1.07468,1.07494,1.07457,1.07481,1110740000,8
1680166560000,1680167039000,1.07481,1.07485,1.07445,1.07454,954820000,8
1680167040000,1680167519000,1.07453,1.07457,1.07421,1.07446,979100000,8
1680167520000,1680167999000,1.07448,1.07461,1.07412,1.07432,854230000,8
1680168000000,1680168479000,1.07433,1.07453,1.07424,1.07432,831360000,8
1680168480000,1680168959000,1.07432,1.07455,1.0742,1.07449,814220000,8
1680168960000,1680169439000,1.07449,1.07457,1.07427,1.07442,768740000,8
1680169440000,1680169919000,1.0744,1.07444,1.07396,1.07406,573720000,8
1680169920000,1680170399000,1.0741,1.07425,1.07401,1.07418,652750000,8
1680170400000,1680170879000,1.07419,1.07422,1.07393,1.07403,712570000,8
1680170880000,1680171359000,1.07403,1.07426,1.07376,1.07392,599520000,8
1680171360000,1680171839000,1.07393,1.07425,1.07388,1.07418,622430000,8
1680171840000,1680172319000,1.07417,1.07443,1.07408,1.07425,685490000,8
1680172320000,1680172799000,1.07424,1.07438,1.074,1.0742,747150000,8
1680172800000,1680173279000,1.0742,1.07434,1.07406,1.07427,789700000,8
1680173280000,1680173759000,1.07428,1.07434,1.07422,1.07424,347450000,8
1680173760000,1680174239000,1.07424,1.07438,1.07417,1.07425,766990000,8
1680174240000,1680174719000,1.07425,1.0743,1.07397,1.07413,720010000,8
1680174720000,1680175199000,1.07413,1.07426,1.07386,1.07408,677660000,8
1680175200000,1680175679000,1.07408,1.0741,1.07392,1.07394,652620000,8
1680175680000,1680176159000,1.07397,1.074,1.07387,1.07399,464060000,8
1680176160000,1680176639000,1.07399,1.07409,1.07386,1.07387,552260000,8
1680176640000,1680177119000,1.07386,1.07401,1.07383,1.07401,633360000,8
1680177120000,1680177599000,1.07401,1.07424,1.07399,1.0742,590660000,8
1680177600000,1680178079000,1.07421,1.07428,1.07396,1.07419,1420460000,8
1680178080000,1680178559000,1.07419,1.07427,1.07344,1.07344,1097870000,8
1680178560000,1680179039000,1.07346,1.07353,1.07319,1.07341,1038090000,8
1680179040000,1680179519000,1.07341,1.0736,1.07298,1.07335,1342320000,8
1680179520000,1680179999000,1.07336,1.07348,1.07296,1.07309,1775590000,8
1680180000000,1680180479000,1.07309,1.07351,1.07308,1.0733,1392890000,8
1680180480000,1680180959000,1.07328,1.07337,1.0731,1.0732,1237600000,8
1680180960000,1680181439000,1.0732,1.07335,1.07297,1.07314,1596700000,8
1680181440000,1680181919000,1.07313,1.07329,1.07292,1.07307,1466520000,8
1680181920000,1680182399000,1.07306,1.07308,1.07238,1.07238,1412300000,8
1680182400000,1680182879000,1.07238,1.07244,1.07207,1.07218,1442260000,8
1680182880000,1680183359000,1.07217,1.07248,1.0721,1.07235,2143650000,8
1680183360000,1680183839000,1.07236,1.07248,1.07211,1.07217,1564260000,8
1680183840000,1680184319000,1.07217,1.07229,1.07196,1.07217,1184780000,8
1680184320000,1680184799000,1.07218,1.07226,1.07177,1.07205,1509900000,8
1680184800000,1680185279000,1.07206,1.07216,1.07151,1.07167,1895040000,8
1680185280000,1680185759000,1.07167,1.07168,1.07121,1.07136,1503920000,8
1680185760000,1680186239000,1.07137,1.07149,1.07123,1.07141,1297150000,8
1680186240000,1680186719000,1.0714,1.07186,1.07132,1.07173,1277870000,8
1680186720000,1680187199000,1.07172,1.07185,1.07125,1.07183,1638070000,8
1680187200000,1680187679000,1.07184,1.07208,1.07175,1.07194,1417210000,8
1680187680000,1680188159000,1.07194,1.07214,1.0716,1.07161,1766160000,8
1680188160000,1680188639000,1.07166,1.072,1.07151,1.07172,1874430000,8
1680188640000,1680189119000,1.07171,1.07183,1.07149,1.07178,1039670000,8
1680189120000,1680189599000,1.07177,1.07189,1.07158,1.07179,928970000,8
1680189600000,1680190079000,1.0718,1.07203,1.07167,1.0718,856070000,8
1680190080000,1680190559000,1.07178,1.07181,1.07154,1.07172,1139670000,8
1680190560000,1680191039000,1.07173,1.07186,1.07173,1.07186,670300000,8
1680191040000,1680191519000,1.07186,1.07189,1.0715,1.07156,916200000,8
1680191520000,1680191999000,1.07157,1.07181,1.0715,1.07181,708130000,8
1680192000000,1680192479000,1.07179,1.07181,1.07159,1.07169,695320000,8
1680192480000,1680192959000,1.07169,1.07189,1.07167,1.07179,668840000,8
1680192960000,1680193439000,1.07178,1.07195,1.07174,1.07183,813520000,8
1680193440000,1680193919000,1.07183,1.07204,1.07177,1.07179,800890000,8
1680193920000,1680194399000,1.0718,1.07185,1.07153,1.07166,855510000,8
1680194400000,1680194879000,1.07166,1.0718,1.0715,1.0715,945760000,8
1680194880000,1680195359000,1.0715,1.07189,1.0715,1.07185,727040000,8
1680195360000,1680195839000,1.07186,1.07194,1.07172,1.0718,652490000,8
1680195840000,1680196319000,1.0718,1.07186,1.07164,1.07177,581800000,8
1680196320000,1680196799000,1.07176,1.07195,1.07165,1.07177,429420000,8
1680196800000,1680197279000,1.07176,1.07177,1.07157,1.07166,508160000,8
1680197280000,1680197759000,1.07166,1.07184,1.07161,1.07179,512060000,8
1680197760000,1680198239000,1.07179,1.07185,1.07163,1.0717,514520000,8
1680198240000,1680198719000,1.07171,1.0718,1.07162,1.0718,379350000,8
1680198720000,1680199199000,1.0718,1.07193,1.07173,1.07184,342300000,8
1680199200000,1680199679000,1.07185,1.07185,1.07145,1.07158,660560000,8
1680199680000,1680200159000,1.07158,1.07159,1.07122,1.07127,459830000,8
1680200160000,1680200639000,1.07128,1.07172,1.07126,1.0716,444750000,8
1680200640000,1680201119000,1.07159,1.07173,1.07154,1.07168,369980000,8
1680201120000,1680201599000,1.07167,1.0718,1.07152,1.07161,439740000,8
1680201600000,1680202079000,1.07163,1.07171,1.07152,1.07152,432830000,8
1680202080000,1680202559000,1.07151,1.07158,1.07128,1.07128,440660000,8
1680202560000,1680203039000,1.07127,1.07149,1.0711,1.07117,883620000,8
1680203040000,1680203519000,1.07116,1.07141,1.07111,1.07124,554640000,8
1680203520000,1680203999000,1.07123,1.07126,1.07116,1.07119,308700000,8
1680204000000,1680204479000,1.07122,1.0713,1.07113,1.07127,217200000,8
1680204480000,1680204959000,1.07127,1.07148,1.07119,1.07131,327600000,8
1680204960000,1680205439000,1.07129,1.07135,1.07111,1.0712,366720000,8
1680205440000,1680205919000,1.07122,1.07126,1.07108,1.07116,355200000,8
1680205920000,1680206399000,1.07113,1.07122,1.07095,1.07112,434700000,8
1680206400000,1680206879000,1.07112,1.0713,1.07095,1.07097,309240000,8
1680206880000,1680207359000,1.07096,1.07111,1.07091,1.07104,157200000,8
1680207360000,1680207839000,1.07102,1.07115,1.07093,1.07112,162600000,8
1680207840000,1680208319000,1.07111,1.07159,1.07111,1.07157,412230000,8
1680208320000,1680208799000,1.07159,1.07179,1.07159,1.07164,189840000,8
1680208800000,1680209279000,1.07165,1.07173,1.07158,1.07163,150150000,8
1680209280000,1680209759000,1.07163,1.07172,1.07156,1.07158,142970000,8
1680209760000,1680210239000,1.0716,1.07172,1.07106,1.07106,122780000,8
1680210240000,1680210719000,1.0697,1.07123,1.0697,1.07123,53180000,8
1680210720000,1680211199000,1.07068,1.07123,1.07068,1.07117,130020000,8
1680211200000,1680211679000,1.07115,1.07151,1.07115,1.07116,221180000,8
1680211680000,1680212159000,1.07086,1.07128,1.07086,1.07115,157980000,8
1680212160000,1680212639000,1.07112,1.07169,1.07112,1.07168,208260000,8
1680212640000,1680213119000,1.07165,1.0717,1.0714,1.07141,172860000,8
1680213120000,1680213599000,1.07141,1.07149,1.07136,1.07146,105600000,8
1680213600000,1680214079000,1.07146,1.07146,1.0711,1.07139,137420000,8
1680214080000,1680214559000,1.07137,1.07137,1.07123,1.07127,135400000,8
1680214560000,1680215039000,1.07127,1.07134,1.07107,1.07119,172420000,8
1680215040000,1680215519000,1.07116,1.07143,1.07102,1.07122,251900000,8
1680215520000,1680215999000,1.07125,1.07136,1.07123,1.07129,121180000,8
1680216000000,1680216479000,1.07128,1.07143,1.07128,1.07142,188640000,8
1680216480000,1680216959000,1.07141,1.07149,1.07131,1.07141,217130000,8
1680216960000,1680217439000,1.07139,1.07154,1.07116,1.0712,315390000,8
1680217440000,1680217919000,1.07114,1.07148,1.07114,1.07126,271440000,8
1680217920000,1680218399000,1.07127,1.07144,1.07115,1.07122,377330000,8
1680218400000,1680218879000,1.0712,1.07133,1.07094,1.07098,382670000,8
1680218880000,1680219359000,1.071,1.07115,1.07072,1.07111,463870000,8
1680219360000,1680219839000,1.0711,1.07122,1.07089,1.07116,357000000,8
1680219840000,1680220319000,1.07117,1.07148,1.07111,1.07144,349080000,8
1680220320000,1680220799000,1.07144,1.07156,1.07105,1.07107,658330000,8
1680220800000,1680221279000,1.07107,1.07121,1.07063,1.07063,915670000,8
1680221280000,1680221759000,1.07064,1.0711,1.07025,1.07102,1215900000,8
1680221760000,1680222239000,1.071,1.07112,1.07082,1.0711,575900000,8
1680222240000,1680222719000,1.0711,1.07112,1.07077,1.07087,735210000,8
1680222720000,1680223199000,1.07087,1.0709,1.07062,1.07067,957840000,8
1680223200000,1680223679000,1.07067,1.07077,1.07046,1.07046,585490000,8
1680223680000,1680224159000,1.07046,1.07123,1.07036,1.07069,1012100000,8
1680224160000,1680224639000,1.07067,1.07084,1.07034,1.07065,1135000000,8
1680224640000,1680225119000,1.07065,1.07068,1.07057,1.07063,541750000,8
1680225120000,1680225599000,1.07059,1.07074,1.07014,1.07033,755640000,8
1680225600000,1680226079000,1.07032,1.07036,1.06975,1.06981,857380000,8
1680226080000,1680226559000,1.06982,1.07053,1.06966,1.07005,1737060000,8
1680226560000,1680227039000,1.07006,1.07027,1.06976,1.07024,1696170000,8
1680227040000,1680227519000,1.07023,1.07033,1.06956,1.06962,1298680000,8
1680227520000,1680227999000,1.0696,1.06973,1.06909,1.06916,983240000,8
1680228000000,1680228479000,1.06916,1.06955,1.06909,1.06949,1122500000,8
1680228480000,1680228959000,1.0695,1.06957,1.06913,1.06922,931000000,8
1680228960000,1680229439000,1.06919,1.06948,1.06912,1.06936,629190000,8
1680229440000,1680229919000,1.06936,1.06954,1.06918,1.06943,597580000,8
1680229920000,1680230399000,1.06941,1.06948,1.06925,1.06925,789990000,8
1680230400000,1680230879000,1.06926,1.06927,1.06886,1.06897,802100000,8
1680230880000,1680231359000,1.06898,1.06904,1.06876,1.06896,618940000,8
1680231360000,1680231839000,1.06896,1.06904,1.0686,1.06867,487420000,8
1680231840000,1680232319000,1.06866,1.06904,1.06859,1.06886,723180000,8
1680232320000,1680232799000,1.06884,1.06889,1.06846,1.06867,671170000,8
1680232800000,1680233279000,1.06867,1.06887,1.0685,1.06881,691590000,8
1680233280000,1680233759000,1.06879,1.0693,1.06879,1.06923,542460000,8
1680233760000,1680234239000,1.06924,1.06957,1.06923,1.06947,563830000,8
1680234240000,1680234719000,1.06948,1.06961,1.06895,1.06895,570270000,8
1680234720000,1680235199000,1.06894,1.06898,1.0685,1.06853,806470000,8
1680235200000,1680235679000,1.06851,1.06851,1.06832,1.06839,721850000,8
1680235680000,1680236159000,1.06839,1.06866,1.06827,1.06852,529590000,8
1680236160000,1680236639000,1.06853,1.06877,1.06848,1.06877,438130000,8
1680236640000,1680237119000,1.06875,1.06886,1.06856,1.06858,498600000,8
1680237120000,1680237599000,1.0686,1.06867,1.0684,1.06847,435410000,8
1680237600000,1680238079000,1.06849,1.06849,1.06817,1.06837,455800000,8
1680238080000,1680238559000,1.06838,1.06843,1.06813,1.06817,590300000,8
1680238560000,1680239039000,1.06817,1.06822,1.06779,1.06793,685520000,8
1680239040000,1680239519000,1.06796,1.06812,1.06783,1.06788,574470000,8
1680239520000,1680239999000,1.06791,1.06816,1.06781,1.06797,684410000,8
1680240000000,1680240479000,1.06795,1.06812,1.06785,1.06806,779670000,8
1680240480000,1680240959000,1.06807,1.06807,1.06766,1.06771,774540000,8
1680240960000,1680241439000,1.06775,1.06807,1.06775,1.06798,449050000,8
1680241440000,1680241919000,1.06797,1.06808,1.06758,1.0679,731190000,8
1680241920000,1680242399000,1.06787,1.06845,1.06787,1.06838,690210000,8
1680242400000,1680242879000,1.06834,1.06844,1.06797,1.06817,1208960000,8
1680242880000,1680243359000,1.06815,1.06834,1.06799,1.06813,902020000,8
1680243360000,1680243839000,1.06817,1.06817,1.068,1.06807,993950000,8
1680243840000,1680244319000,1.06801,1.06815,1.06748,1.06763,826280000,8
1680244320000,1680244799000,1.06766,1.06848,1.06759,1.06839,860930000,8
1680244800000,1680245279000,1.06839,1.06847,1.06792,1.06814,1038360000,8
1680245280000,1680245759000,1.06815,1.0687,1.06813,1.06853,1058770000,8
1680245760000,1680246239000,1.06853,1.06967,1.06841,1.06964,1139320000,8
1680246240000,1680246719000,1.06961,1.06969,1.06881,1.06901,1046060000,8
1680246720000,1680247199000,1.06901,1.06911,1.06812,1.06813,1215400000,8
1680247200000,1680247679000,1.06816,1.06851,1.06776,1.06843,1801880000,8
1680247680000,1680248159000,1.06844,1.06857,1.06801,1.0681,1518470000,8
1680248160000,1680248639000,1.0681,1.06828,1.06761,1.06779,1395130000,8
1680248640000,1680249119000,1.06779,1.06781,1.06746,1.06779,1292920000,8
1680249120000,1680249599000,1.0678,1.06799,1.06756,1.0679,1008620000,8
1680249600000,1680250079000,1.0679,1.06812,1.06726,1.06772,1775070000,8
1680250080000,1680250559000,1.06775,1.068,1.06755,1.06759,1543010000,8
1680250560000,1680251039000,1.06759,1.06784,1.06748,1.06764,1273470000,8
1680251040000,1680251519000,1.06771,1.06778,1.06741,1.06751,1158500000,8
1680251520000,1680251999000,1.06753,1.06766,1.06732,1.06745,988560000,8
1680252000000,1680252479000,1.06746,1.06782,1.06709,1.06765,1109850000,8
1680252480000,1680252959000,1.06764,1.06808,1.06751,1.06806,1261270000,8
1680252960000,1680253439000,1.06807,1.06849,1.06788,1.0684,1407540000,8
1680253440000,1680253919000,1.0684,1.06851,1.06818,1.06832,1077900000,8
1680253920000,1680254399000,1.06833,1.06833,1.06769,1.0678,809280000,8
1680254400000,1680254879000,1.0678,1.06798,1.06741,1.06755,902230000,8
1680254880000,1680255359000,1.06754,1.0681,1.0674,1.06807,758690000,8
1680255360000,1680255839000,1.06808,1.06854,1.06802,1.06816,661070000,8
1680255840000,1680256319000,1.06816,1.06841,1.06786,1.06829,874480000,8
1680256320000,1680256799000,1.06833,1.06859,1.0683,1.06855,695370000,8
1680256800000,1680257279000,1.06855,1.06861,1.06831,1.06853,694060000,8
1680257280000,1680257759000,1.06856,1.06859,1.06842,1.0685,499850000,8
1680257760000,1680258239000,1.0685,1.06855,1.06812,1.06837,679880000,8
1680258240000,1680258719000,1.06838,1.06849,1.06821,1.06838,807150000,8
1680258720000,1680259199000,1.06838,1.06853,1.0682,1.06849,611740000,8
1680259200000,1680259679000,1.0685,1.06862,1.06837,1.06844,549080000,8
1680259680000,1680260159000,1.06844,1.06853,1.06824,1.06841,613400000,8
1680260160000,1680260639000,1.06839,1.06847,1.06826,1.06834,778420000,8
1680260640000,1680261119000,1.06836,1.06843,1.06808,1.06837,692530000,8
1680261120000,1680261599000,1.06838,1.06854,1.06824,1.06828,526150000,8
1680261600000,1680262079000,1.06829,1.06853,1.06818,1.06842,928240000,8
1680262080000,1680262559000,1.06843,1.06867,1.06838,1.06863,801070000,8
1680262560000,1680263039000,1.06863,1.06863,1.06822,1.06844,799640000,8
1680263040000,1680263519000,1.06844,1.06948,1.06844,1.06948,867390000,8
1680263520000,1680263999000,1.0695,1.0695,1.06902,1.06915,953050000,8
1680264000000,1680264479000,1.06916,1.06916,1.06882,1.06882,780250000,8
1680264480000,1680264959000,1.06883,1.06902,1.06881,1.069,655970000,8
1680264960000,1680265439000,1.06901,1.06927,1.069,1.06914,895660000,8
1680265440000,1680265919000,1.06916,1.06929,1.06861,1.06903,1745080000,8
1680265920000,1680266399000,1.06903,1.06936,1.06882,1.06916,2743020000,8
1680266400000,1680266879000,1.0692,1.06974,1.06906,1.06958,2145350000,8
1680266880000,1680267359000,1.06957,1.0697,1.06935,1.06954,1931120000,8
1680267360000,1680267839000,1.06955,1.06995,1.0694,1.0698,1401860000,8
1680267840000,1680268319000,1.06979,1.07021,1.06968,1.06989,1253980000,8
1680268320000,1680268799000,1.06991,1.0703,1.06988,1.07022,1275010000,8
1680268800000,1680269279000,1.07022,1.07052,1.07013,1.07047,1297660000,8
1680269280000,1680269759000,1.07047,1.07071,1.0703,1.07069,1992870000,8
1680269760000,1680270239000,1.07069,1.07111,1.07063,1.07098,1480160000,8
1680270240000,1680270719000,1.071,1.07103,1.07062,1.0708,1761940000,8
1680270720000,1680271199000,1.07079,1.07087,1.07011,1.0702,1285720000,8
1680271200000,1680271679000,1.07022,1.07062,1.07013,1.0702,1597260000,8
1680271680000,1680272159000,1.07019,1.07053,1.07005,1.07005,1436640000,8
1680272160000,1680272639000,1.07004,1.0704,1.06974,1.07029,1255800000,8
1680272640000,1680273119000,1.07031,1.07063,1.07024,1.07044,1383240000,8
1680273120000,1680273599000,1.07044,1.07077,1.07035,1.07068,1372380000,8
1680273600000,1680274079000,1.07067,1.071,1.07061,1.07092,1286040000,8
1680274080000,1680274559000,1.07091,1.07105,1.07007,1.07021,2793780000,8
1680274560000,1680275039000,1.07025,1.07038,1.06979,1.07004,2746040000,8
1680275040000,1680275519000,1.07001,1.07024,1.06974,1.06978,1557610000,8
1680275520000,1680275999000,1.06977,1.07011,1.0697,1.06982,1296480000,8
1680276000000,1680276479000,1.06982,1.07034,1.06976,1.07013,1221900000,8
1680276480000,1680276959000,1.07015,1.07019,1.06947,1.06947,984480000,8
1680276960000,1680277439000,1.06947,1.06969,1.06936,1.06955,1075450000,8
1680277440000,1680277919000,1.06954,1.06961,1.06936,1.06945,875240000,8
1680277920000,1680278399000,1.06947,1.0695,1.06902,1.06908,843970000,8
1680278400000,1680278879000,1.06908,1.06935,1.06896,1.06925,954300000,8
1680278880000,1680279359000,1.06925,1.06925,1.06897,1.06904,566550000,8
1680279360000,1680279839000,1.06906,1.06919,1.0689,1.06893,597350000,8
1680279840000,1680280319000,1.06893,1.06902,1.06881,1.0689,584140000,8
1680280320000,1680280799000,1.06889,1.06904,1.06876,1.06902,448440000,8
1680280800000,1680281279000,1.06902,1.06918,1.06894,1.06915,505150000,8
1680281280000,1680281759000,1.06915,1.06941,1.06915,1.06936,372010000,8
1680281760000,1680282239000,1.06936,1.06938,1.06911,1.06916,421170000,8
1680282240000,1680282719000,1.06914,1.06915,1.06896,1.06896,334200000,8
1680282720000,1680283199000,1.06896,1.0692,1.06888,1.06916,399230000,8
1680283200000,1680283679000,1.06917,1.06921,1.06902,1.06915,390140000,8
1680283680000,1680284159000,1.06914,1.06921,1.06891,1.06896,678920000,8
1680284160000,1680284639000,1.06896,1.06902,1.06879,1.06885,600890000,8
1680284640000,1680285119000,1.06887,1.06904,1.06882,1.06898,553760000,8
1680285120000,1680285599000,1.06897,1.06919,1.06893,1.06914,446380000,8
1680285600000,1680286079000,1.06913,1.06914,1.06889,1.06905,647530000,8
1680286080000,1680286559000,1.06903,1.06922,1.06892,1.06904,576000000,8
1680286560000,1680287039000,1.06904,1.06915,1.06897,1.06908,385120000,8
1680287040000,1680287519000,1.06907,1.06907,1.06887,1.06903,423920000,8
1680287520000,1680287999000,1.06902,1.06912,1.0687,1.06876,354450000,8
1680288000000,1680288479000,1.06875,1.06878,1.06855,1.06871,397900000,8
1680288480000,1680288959000,1.06872,1.06908,1.06872,1.0688,588710000,8
1680288960000,1680289439000,1.06879,1.06905,1.06855,1.06859,879840000,8
1680289440000,1680289919000,1.06857,1.06861,1.06799,1.06811,611820000,8
1680289920000,1680290399000,1.06812,1.06826,1.06795,1.06818,539850000,8
1680290400000,1680290879000,1.06818,1.06854,1.06815,1.06848,569400000,8
1680290880000,1680291359000,1.06849,1.06892,1.06836,1.06883,460800000,8
1680291360000,1680291839000,1.06881,1.06899,1.06877,1.06895,524400000,8
1680291840000,1680292319000,1.06896,1.06905,1.06881,1.06895,465000000,8
1680292320000,1680292799000,1.06895,1.06906,1.06875,1.06882,1002300000,8
1680292800000,1680293279000,1.06883,1.06902,1.06873,1.06895,626360000,8
1680293280000,1680293759000,1.06894,1.06907,1.06885,1.06897,173400000,8
1680293760000,1680294239000,1.06898,1.06899,1.06881,1.06884,199800000,8
1680294240000,1680294719000,1.06884,1.0689,1.06871,1.06881,783600000,8
1680294720000,1680295199000,1.06877,1.06908,1.06876,1.06896,373200000,8
1680295200000,1680295679000,1.06896,1.06904,1.0688,1.06902,312600000,8
1680295680000,1680296159000,1.06904,1.06908,1.0685,1.06887,416700000,8
1680296160000,1680296639000,1.06888,1.06888,1.06823,1.06835,585300000,8
1680296640000,1680297119000,1.06835,1.06835,1.06835,1.06835,0,8
1680297120000,1680297599000,1.06835,1.06835,1.06835,1.06835,0,8
1680297600000,1680298079000,1.06835,1.06835,1.06835,1.06835,0,8
1680298080000,1680298559000,1.06835,1.06835,1.06835,1.06835,0,8
1680298560000,1680299039000,1.06835,1.06835,1.06835,1.06835,0,8
1680299040000,1680299519000,1.06835,1.06835,1.06835,1.06835,0,8
1680299520000,1680299999000,1.06835,1.06835,1.06835,1.06835,0,8
1680300000000,1680300479000,1.06835,1.06835,1.06835,1.06835,0,8
1680300480000,1680300959000,1.06835,1.06835,1.06835,1.06835,0,8
1680300960000,1680301439000,1.06835,1.06835,1.06835,1.06835,0,8
1680301440000,1680301919000,1.06835,1.06835,1.06835,1.06835,0,8
1680301920000,1680302399000,1.06835,1.06835,1.06835,1.06835,0,8
1680302400000,1680302879000,1.06835,1.06835,1.06835,1.06835,0,8
1680302880000,1680303359000,1.06835,1.06835,1.06835,1.06835,0,8
1680303360000,1680303839000,1.06835,1.06835,1.06835,1.06835,0,8
1680303840000,1680304319000,1.06835,1.06835,1.06835,1.06835,0,8
1680304320000,1680304799000,1.06835,1.06835,1.06835,1.06835,0,8
1680304800000,1680305279000,1.06835,1.06835,1.06835,1.06835,0,8
1680305280000,1680305759000,1.06835,1.06835,1.06835,1.06835,0,8
1680305760000,1680306239000,1.06835,1.06835,1.06835,1.06835,0,8
1680306240000,1680306719000,1.06835,1.06835,1.06835,1.06835,0,8
1680306720000,1680307199000,1.06835,1.06835,1.06835,1.06835,0,8
