openEpochMillis,closeEpochMillis,open,high,low,close,volume,sourceBars
1480550400000,1480550879000,1.69373,1.69395,1.69232,1.6933,1381450000,8
1480550880000,1480551359000,1.69332,1.69416,1.6926,1.69382,1354680000,8
1480551360000,1480551839000,1.69386,1.69421,1.69316,1.69364,1172430000,8
1480551840000,1480552319000,1.69361,1.69595,1.69345,1.69595,1258660000,8
1480552320000,1480552799000,1.69597,1.69722,1.69583,1.69681,1084260000,8
1480552800000,1480553279000,1.69681,1.6986,1.69681,1.69775,1059330000,8
1480553280000,1480553759000,1.69777,1.69806,1.69671,1.69671,864930000,8
1480553760000,1480554239000,1.69671,1.69682,1.6939,1.69433,1154430000,8
1480554240000,1480554719000,1.6943,1.6943,1.69266,1.69297,1177620000,8
1480554720000,1480555199000,1.69299,1.6932,1.69156,1.69295,1215860000,8
1480555200000,1480555679000,1.6929,1.69436,1.6927,1.69394,1052700000,8
1480555680000,1480556159000,1.69394,1.69426,1.69337,1.69337,945150000,8
1480556160000,1480556639000,1.69337,1.69415,1.69253,1.69294,1010570000,8
1480556640000,1480557119000,1.69294,1.69335,1.69165,1.6929,959940000,8
1480557120000,1480557599000,1.69291,1.69339,1.69244,1.6928,817200000,8
1480557600000,1480558079000,1.6928,1.69352,1.69266,1.69304,841950000,8
1480558080000,1480558559000,1.69306,1.69374,1.69279,1.69335,931490000,8
1480558560000,1480559039000,1.69335,1.69361,1.69313,1.69315,559980000,8
1480559040000,1480559519000,1.69315,1.69355,1.69237,1.69237,795190000,8
1480559520000,1480559999000,1.69237,1.69284,1.69203,1.69203,639070000,8
1480560000000,1480560479000,1.69206,1.69319,1.69165,1.6928,1055710000,8
1480560480000,1480560959000,1.69281,1.69388,1.69262,1.69337,739640000,8
1480560960000,1480561439000,1.69332,1.69427,1.69326,1.6934,802500000,8
1480561440000,1480561919000,1.69343,1.69354,1.69253,1.6926,746290000,8
1480561920000,1480562399000,1.6926,1.69312,1.69248,1.69301,769790000,8
1480562400000,1480562879000,1.69301,1.69308,1.69206,1.69214,709700000,8
1480562880000,1480563359000,1.69214,1.69235,1.69153,1.69193,1000490000,8
1480563360000,1480563839000,1.69196,1.69203,1.69089,1.69164,718170000,8
1480563840000,1480564319000,1.69164,1.69222,1.69136,1.69206,739770000,8
1480564320000,1480564799000,1.69209,1.69236,1.69168,1.69171,577160000,8
1480564800000,1480565279000,1.69171,1.69216,1.69161,1.69202,636510000,8
1480565280000,1480565759000,1.69202,1.69212,1.69101,1.69117,652510000,8
1480565760000,1480566239000,1.69117,1.69133,1.69062,1.69063,828880000,8
1480566240000,1480566719000,1.69061,1.69076,1.69032,1.69064,510780000,8
1480566720000,1480567199000,1.69064,1.69111,1.69016,1.69053,439860000,8
1480567200000,1480567679000,1.69053,1.69189,1.69041,1.69167,663610000,8
1480567680000,1480568159000,1.69167,1.69177,1.69073,1.69096,868280000,8
1480568160000,1480568639000,1.69094,1.69097,1.68884,1.68892,849230000,8
1480568640000,1480569119000,1.68892,1.6897,1.68886,1.68951,981860000,8
1480569120000,1480569599000,1.68951,1.69016,1.68933,1.68964,819120000,8
1480569600000,1480570079000,1.68964,1.69017,1.68862,1.68888,844480000,8
1480570080000,1480570559000,1.68886,1.68947,1.68857,1.68892,728480000,8
1480570560000,1480571039000,1.68886,1.68989,1.68886,1.68964,566490000,8
1480571040000,1480571519000,1.6896,1.68979,1.68901,1.68906,720050000,8
1480571520000,1480571999000,1.68907,1.6894,1.68891,1.68922,822180000,8
1480572000000,1480572479000,1.68926,1.69098,1.68896,1.69051,1002220000,8
1480572480000,1480572959000,1.69049,1.69063,1.68998,1.69045,776500000,8
1480572960000,1480573439000,1.69046,1.69086,1.68976,1.69082,960880000,8
1480573440000,1480573919000,1.69082,1.69132,1.68972,1.69001,1048660000,8
1480573920000,1480574399000,1.69006,1.69061,1.68991,1.69034,568830000,8
1480574400000,1480574879000,1.69038,1.69082,1.68966,1.69022,635280000,8
1480574880000,1480575359000,1.69027,1.69047,1.68993,1.69032,555170000,8
1480575360000,1480575839000,1.69032,1.69092,1.68998,1.69067,663550000,8
1480575840000,1480576319000,1.69067,1.69293,1.69066,1.69136,1102510000,8
1480576320000,1480576799000,1.69132,1.69253,1.69121,1.69217,879270000,8
1480576800000,1480577279000,1.69217,1.69412,1.69211,1.69296,1057860000,8
1480577280000,1480577759000,1.69297,1.69337,1.69197,1.69198,1062300000,8
1480577760000,1480578239000,1.69204,1.69322,1.69141,1.69201,1138070000,8
1480578240000,1480578719000,1.69201,1.69352,1.69096,1.69343,1322940000,8
1480578720000,1480579199000,1.69343,1.69392,1.69289,1.69326,1149040000,8
1480579200000,1480579679000,1.69331,1.69514,1.69315,1.6941,1513880000,8
1480579680000,1480580159000,1.6941,1.69457,1.69279,1.69358,997120000,8
1480580160000,1480580639000,1.69356,1.69522,1.69308,1.69483,1243570000,8
1480580640000,1480581119000,1.6948,1.696,1.6947,1.69501,1148560000,8
1480581120000,1480581599000,1.695,1.6951,1.69385,1.69425,1230580000,8
1480581600000,1480582079000,1.69425,1.69673,1.69425,1.69619,1198700000,8
1480582080000,1480582559000,1.69619,1.69697,1.69533,1.69665,1364470000,8
1480582560000,1480583039000,1.69664,1.69728,1.69501,1.69558,1538460000,8
1480583040000,1480583519000,1.69569,1.69577,1.69342,1.69358,1740830000,8
1480583520000,1480583999000,1.69353,1.6936,1.69189,1.69259,1284640000,8
1480584000000,1480584479000,1.69257,1.69449,1.69218,1.69449,1308510000,8
1480584480000,1480584959000,1.69449,1.69461,1.6924,1.693,1245690000,8
1480584960000,1480585439000,1.693,1.69414,1.69194,1.69373,1411820000,8
1480585440000,1480585919000,1.69376,1.69492,1.69257,1.69433,1359240000,8
1480585920000,1480586399000,1.69433,1.69511,1.6938,1.69504,1451630000,8
1480586400000,1480586879000,1.69503,1.6957,1.69475,1.69544,1772080000,8
1480586880000,1480587359000,1.69544,1.69675,1.69497,1.69621,1290590000,8
1480587360000,1480587839000,1.69617,1.69682,1.69531,1.69645,1029580000,8
1480587840000,1480588319000,1.69647,1.70041,1.69624,1.69984,1823450000,8
1480588320000,1480588799000,1.69984,1.70323,1.69953,1.70296,1717090000,8
1480588800000,1480589279000,1.70297,1.70444,1.70243,1.70389,1771890000,8
1480589280000,1480589759000,1.70389,1.70436,1.70273,1.70407,1175890000,8
1480589760000,1480590239000,1.70407,1.70793,1.70253,1.70764,2324260000,8
1480590240000,1480590719000,1.70766,1.71202,1.70717,1.7102,2167640000,8
1480590720000,1480591199000,1.71021,1.71204,1.70894,1.71166,1563160000,8
1480591200000,1480591679000,1.71166,1.71172,1.71042,1.71136,1424070000,8
1480591680000,1480592159000,1.71137,1.71137,1.71003,1.71031,948960000,8
1480592160000,1480592639000,1.71033,1.71078,1.70831,1.7089,1530420000,8
1480592640000,1480593119000,1.70888,1.70966,1.70865,1.7092,910060000,8
1480593120000,1480593599000,1.70922,1.71029,1.70888,1.7101,1022460000,8
1480593600000,1480594079000,1.71009,1.71133,1.7094,1.71036,1253880000,8
1480594080000,1480594559000,1.71035,1.71304,1.70999,1.71201,1509540000,8
1480594560000,1480595039000,1.71201,1.71346,1.71186,1.7121,1412360000,8
1480595040000,1480595519000,1.71211,1.71279,1.71174,1.71224,1101370000,8
1480595520000,1480595999000,1.71221,1.71273,1.71189,1.71221,768290000,8
1480596000000,1480596479000,1.71226,1.71233,1.71021,1.71124,1156220000,8
1480596480000,1480596959000,1.71127,1.71247,1.71127,1.71181,1410450000,8
1480596960000,1480597439000,1.7118,1.71412,1.71112,1.71151,1598140000,8
1480597440000,1480597919000,1.71151,1.71151,1.70927,1.70943,1413500000,8
1480597920000,1480598399000,1.70933,1.71015,1.70907,1.70974,1018280000,8
1480598400000,1480598879000,1.70969,1.7102,1.70884,1.70967,1092160000,8
1480598880000,1480599359000,1.70968,1.71097,1.70965,1.71035,1568390000,8
1480599360000,1480599839000,1.71035,1.71063,1.70895,1.70986,1697970000,8
1480599840000,1480600319000,1.70987,1.71395,1.70912,1.71331,2097730000,8
1480600320000,1480600799000,1.71327,1.71538,1.71302,1.71499,1998050000,8
1480600800000,1480601279000,1.71501,1.71537,1.71411,1.7149,1860390000,8
1480601280000,1480601759000,1.71489,1.71548,1.71333,1.71364,1850050000,8
1480601760000,1480602239000,1.71363,1.71432,1.71255,1.71296,1586540000,8
1480602240000,1480602719000,1.71301,1.714,1.71227,1.71262,1906830000,8
1480602720000,1480603199000,1.71261,1.7129,1.71138,1.71246,2019050000,8
1480603200000,1480603679000,1.71246,1.71373,1.71205,1.71242,1588620000,8
1480603680000,1480604159000,1.71242,1.71455,1.71122,1.71198,2229260000,8
1480604160000,1480604639000,1.712,1.71258,1.71004,1.71166,2673270000,8
1480604640000,1480605119000,1.71167,1.71185,1.70883,1.70965,2833380000,8
1480605120000,1480605599000,1.70965,1.7097,1.70826,1.70832,2386960000,8
1480605600000,1480606079000,1.70829,1.70983,1.7053,1.70575,2285310000,8
1480606080000,1480606559000,1.70575,1.70722,1.70532,1.7058,2409110000,8
1480606560000,1480607039000,1.7058,1.70594,1.70377,1.70488,2557380000,8
1480607040000,1480607519000,1.70489,1.70671,1.70489,1.70641,2435450000,8
1480607520000,1480607999000,1.70643,1.70685,1.70381,1.70463,2394920000,8
1480608000000,1480608479000,1.70459,1.70566,1.70162,1.70162,2564140000,8
1480608480000,1480608959000,1.70162,1.70162,1.69834,1.69968,2605520000,8
1480608960000,1480609439000,1.69968,1.7002,1.6985,1.69871,2549830000,8
1480609440000,1480609919000,1.69867,1.69904,1.69703,1.69707,2142020000,8
1480609920000,1480610399000,1.69707,1.69784,1.69612,1.6975,1974100000,8
1480610400000,1480610879000,1.69749,1.69875,1.69717,1.69829,1410660000,8
1480610880000,1480611359000,1.69829,1.69921,1.69804,1.69919,1256010000,8
1480611360000,1480611839000,1.69919,1.69968,1.69856,1.69917,1307710000,8
1480611840000,1480612319000,1.69914,1.69976,1.69876,1.69922,942170000,8
1480612320000,1480612799000,1.69921,1.69967,1.69894,1.69945,756350000,8
1480612800000,1480613279000,1.69946,1.70032,1.69937,1.69964,979920000,8
1480613280000,1480613759000,1.69962,1.70035,1.69931,1.69952,1180170000,8
1480613760000,1480614239000,1.69945,1.70034,1.69911,1.6997,1041200000,8
1480614240000,1480614719000,1.69971,1.70032,1.69896,1.69991,998930000,8
1480614720000,1480615199000,1.69991,1.70022,1.69929,1.70001,953670000,8
1480615200000,1480615679000,1.69997,1.70128,1.69976,1.70001,1019860000,8
1480615680000,1480616159000,1.69998,1.70023,1.69936,1.69963,831070000,8
1480616160000,1480616639000,1.69964,1.69994,1.69877,1.69878,752310000,8
1480616640000,1480617119000,1.69878,1.69881,1.69842,1.69847,750560000,8
1480617120000,1480617599000,1.69847,1.69901,1.69824,1.69879,704560000,8
1480617600000,1480618079000,1.69881,1.69881,1.6982,1.6982,566030000,8
1480618080000,1480618559000,1.6982,1.69856,1.69781,1.69782,705190000,8
1480618560000,1480619039000,1.69782,1.69784,1.69567,1.6962,1530020000,8
1480619040000,1480619519000,1.6962,1.69625,1.69467,1.69541,1408360000,8
1480619520000,1480619999000,1.69541,1.69571,1.69466,1.69516,1101120000,8
1480620000000,1480620479000,1.69517,1.69657,1.69483,1.69639,1524660000,8
1480620480000,1480620959000,1.69639,1.69687,1.69599,1.69636,1186330000,8
1480620960000,1480621439000,1.69638,1.69672,1.69599,1.69602,706070000,8
1480621440000,1480621919000,1.69602,1.69663,1.69574,1.69619,961830000,8
1480621920000,1480622399000,1.69619,1.69713,1.69602,1.69666,851680000,8
1480622400000,1480622879000,1.69666,1.69686,1.69624,1.69653,541640000,8
1480622880000,1480623359000,1.69653,1.69682,1.69612,1.69631,390390000,8
1480623360000,1480623839000,1.69631,1.69647,1.69593,1.69625,664160000,8
1480623840000,1480624319000,1.69627,1.6964,1.696,1.69633,461240000,8
1480624320000,1480624799000,1.69633,1.69643,1.69576,1.69597,470780000,8
1480624800000,1480625279000,1.69592,1.69709,1.69592,1.69684,442140000,8
1480625280000,1480625759000,1.69681,1.69707,1.69652,1.69682,838270000,8
1480625760000,1480626239000,1.69682,1.69722,1.69641,1.69667,819940000,8
1480626240000,1480626719000,1.69669,1.69782,1.69667,1.69769,430070000,8
1480626720000,1480627199000,1.69772,1.69789,1.69742,1.69755,351540000,8
1480627200000,1480627679000,1.69752,1.69784,1.6973,1.69762,237130000,8
1480627680000,1480628159000,1.69766,1.69794,1.69683,1.69719,515920000,8
1480628160000,1480628639000,1.69719,1.69769,1.69691,1.6976,594680000,8
1480628640000,1480629119000,1.69761,1.69792,1.69758,1.69771,289840000,8
1480629120000,1480629599000,1.69771,1.69814,1.6976,1.69771,572260000,8
1480629600000,1480630079000,1.69771,1.69831,1.69659,1.69747,134700000,8
1480630080000,1480630559000,1.69748,1.698,1.69742,1.69795,95500000,8
1480630560000,1480631039000,1.69793,1.69847,1.69793,1.69837,86080000,8
1480631040000,1480631519000,1.69829,1.6983,1.69784,1.69806,117970000,8
1480631520000,1480631999000,1.69806,1.69806,1.69771,1.69771,62940000,8
1480632000000,1480632479000,1.69773,1.69866,1.69724,1.69768,218800000,8
1480632480000,1480632959000,1.69768,1.6979,1.69691,1.69742,268770000,8
1480632960000,1480633439000,1.69745,1.699,1.69726,1.69861,519160000,8
1480633440000,1480633919000,1.69861,1.69862,1.69745,1.69751,652330000,8
1480633920000,1480634399000,1.69748,1.69767,1.69674,1.6969,464150000,8
1480634400000,1480634879000,1.6969,1.69708,1.69627,1.69641,513240000,8
1480634880000,1480635359000,1.69634,1.69717,1.69631,1.69642,528920000,8
1480635360000,1480635839000,1.69642,1.69669,1.69568,1.69604,552460000,8
1480635840000,1480636319000,1.69604,1.69669,1.69596,1.69669,539820000,8
1480636320000,1480636799000,1.69669,1.69673,1.69573,1.69586,393110000,8
1480636800000,1480637279000,1.69592,1.69702,1.69525,1.69542,846610000,8
1480637280000,1480637759000,1.69546,1.69583,1.69471,1.69474,794810000,8
1480637760000,1480638239000,1.69475,1.69502,1.6944,1.69454,648560000,8
1480638240000,1480638719000,1.6945,1.69551,1.69356,1.69431,620970000,8
1480638720000,1480639199000,1.69439,1.69492,1.69299,1.69308,863400000,8
1480639200000,1480639679000,1.69309,1.69381,1.69307,1.69319,688200000,8
1480639680000,1480640159000,1.69325,1.6935,1.69198,1.69282,908300000,8
1480640160000,1480640639000,1.69281,1.6955,1.69254,1.69541,856110000,8
1480640640000,1480641119000,1.69541,1.69577,1.69441,1.69457,693390000,8
1480641120000,1480641599000,1.69458,1.69569,1.69399,1.69411,898310000,8
1480641600000,1480642079000,1.69411,1.69489,1.69371,1.69466,663240000,8
1480642080000,1480642559000,1.69465,1.69566,1.6946,1.69566,812400000,8
1480642560000,1480643039000,1.69566,1.6963,1.69565,1.69622,632490000,8
1480643040000,1480643519000,1.69625,1.6968,1.6961,1.69643,600600000,8
1480643520000,1480643999000,1.69644,1.69687,1.69623,1.6968,705810000,8
1480644000000,1480644479000,1.6968,1.69728,1.69623,1.6967,730340000,8
1480644480000,1480644959000,1.69673,1.69711,1.69609,1.69633,586010000,8
1480644960000,1480645439000,1.69634,1.69781,1.69619,1.69775,591520000,8
1480645440000,1480645919000,1.69773,1.69845,1.69692,1.69702,656740000,8
1480645920000,1480646399000,1.69698,1.69827,1.69684,1.69812,709430000,8
1480646400000,1480646879000,1.6981,1.69902,1.69793,1.69885,632120000,8
1480646880000,1480647359000,1.69884,1.69884,1.69778,1.69812,596300000,8
1480647360000,1480647839000,1.69817,1.69848,1.69786,1.69815,436830000,8
1480647840000,1480648319000,1.69812,1.69816,1.69731,1.69741,509930000,8
1480648320000,1480648799000,1.69741,1.69936,1.69738,1.69934,878460000,8
1480648800000,1480649279000,1.69935,1.70114,1.69923,1.70044,993750000,8
1480649280000,1480649759000,1.70043,1.70122,1.70022,1.70087,1089250000,8
1480649760000,1480650239000,1.70092,1.70145,1.70071,1.70077,751950000,8
1480650240000,1480650719000,1.70077,1.70104,1.69966,1.69974,913310000,8
1480650720000,1480651199000,1.69974,1.70155,1.69969,1.70155,771010000,8
1480651200000,1480651679000,1.70151,1.70164,1.70035,1.70071,1226580000,8
1480651680000,1480652159000,1.70072,1.70097,1.7001,1.70066,767570000,8
1480652160000,1480652639000,1.70066,1.70087,1.69986,1.70002,548670000,8
1480652640000,1480653119000,1.70002,1.70112,1.69991,1.70032,1028450000,8
1480653120000,1480653599000,1.70027,1.70076,1.69972,1.70031,686560000,8
1480653600000,1480654079000,1.70031,1.70091,1.70031,1.70089,852430000,8
1480654080000,1480654559000,1.7009,1.70092,1.69981,1.70057,706500000,8
1480654560000,1480655039000,1.70057,1.70125,1.70051,1.70117,721040000,8
1480655040000,1480655519000,1.70122,1.70211,1.70101,1.70207,673600000,8
1480655520000,1480655999000,1.70207,1.70294,1.70204,1.70205,721770000,8
1480656000000,1480656479000,1.70207,1.70271,1.70205,1.7025,808950000,8
1480656480000,1480656959000,1.70247,1.70254,1.7019,1.70195,649080000,8
1480656960000,1480657439000,1.70195,1.70204,1.70146,1.70146,484590000,8
1480657440000,1480657919000,1.70147,1.70274,1.70147,1.70272,833710000,8
1480657920000,1480658399000,1.70272,1.70396,1.70244,1.70393,810810000,8
1480658400000,1480658879000,1.70393,1.70424,1.7037,1.7037,694580000,8
1480658880000,1480659359000,1.7037,1.70501,1.70365,1.70461,635700000,8
1480659360000,1480659839000,1.70463,1.70492,1.70396,1.70438,794990000,8
1480659840000,1480660319000,1.70438,1.70475,1.70415,1.70446,611350000,8
1480660320000,1480660799000,1.70444,1.70529,1.70427,1.70444,601470000,8
1480660800000,1480661279000,1.7045,1.70462,1.70366,1.70399,461530000,8
1480661280000,1480661759000,1.70396,1.70402,1.70316,1.70377,800670000,8
1480661760000,1480662239000,1.70376,1.70383,1.70295,1.70364,1037200000,8
1480662240000,1480662719000,1.70365,1.70519,1.70351,1.70403,1091430000,8
1480662720000,1480663199000,1.704,1.70433,1.7034,1.70378,822300000,8
1480663200000,1480663679000,1.70378,1.70454,1.70311,1.70361,1197490000,8
1480663680000,1480664159000,1.70361,1.70412,1.70286,1.70351,1101550000,8
1480664160000,1480664639000,1.70352,1.70455,1.70302,1.70432,949860000,8
1480664640000,1480665119000,1.70433,1.70433,1.70343,1.70381,816060000,8
1480665120000,1480665599000,1.70381,1.704,1.70195,1.70197,966700000,8
1480665600000,1480666079000,1.70197,1.70253,1.70107,1.70134,1704830000,8
1480666080000,1480666559000,1.70132,1.70181,1.70025,1.7006,1433250000,8
1480666560000,1480667039000,1.70058,1.70152,1.69985,1.70045,1438670000,8
1480667040000,1480667519000,1.70048,1.70097,1.69895,1.6992,1507010000,8
1480667520000,1480667999000,1.69917,1.70019,1.69861,1.69958,1089520000,8
1480668000000,1480668479000,1.69957,1.69988,1.69845,1.69922,1074800000,8
1480668480000,1480668959000,1.69922,1.69943,1.69738,1.69762,1149930000,8
1480668960000,1480669439000,1.69764,1.69995,1.69757,1.69968,1346770000,8
1480669440000,1480669919000,1.69966,1.69974,1.69849,1.69927,1195970000,8
1480669920000,1480670399000,1.6993,1.69982,1.69838,1.69857,1261950000,8
1480670400000,1480670879000,1.69856,1.69959,1.69821,1.69926,1238640000,8
1480670880000,1480671359000,1.69926,1.69998,1.69833,1.69845,1155190000,8
1480671360000,1480671839000,1.69846,1.69879,1.69712,1.69733,1243190000,8
1480671840000,1480672319000,1.69733,1.69789,1.69521,1.69543,1533960000,8
1480672320000,1480672799000,1.69542,1.69677,1.69515,1.69651,1162560000,8
1480672800000,1480673279000,1.69651,1.69789,1.69626,1.69739,1320580000,8
1480673280000,1480673759000,1.6974,1.69945,1.69723,1.69942,1178330000,8
1480673760000,1480674239000,1.69944,1.69967,1.69846,1.69877,1131240000,8
1480674240000,1480674719000,1.69877,1.69937,1.69839,1.69933,1015160000,8
1480674720000,1480675199000,1.69933,1.69988,1.6989,1.69966,863310000,8
1480675200000,1480675679000,1.69966,1.69966,1.69862,1.69907,862110000,8
1480675680000,1480676159000,1.69907,1.6998,1.69907,1.69977,888070000,8
1480676160000,1480676639000,1.69978,1.70026,1.69955,1.69967,840060000,8
1480676640000,1480677119000,1.69968,1.69992,1.69872,1.69931,1155220000,8
1480677120000,1480677599000,1.69931,1.70013,1.69913,1.69983,809570000,8
1480677600000,1480678079000,1.69983,1.70088,1.69919,1.70042,1075660000,8
1480678080000,1480678559000,1.70044,1.70242,1.70022,1.70229,1294900000,8
1480678560000,1480679039000,1.70229,1.7029,1.70202,1.70228,842090000,8
1480679040000,1480679519000,1.70227,1.70237,1.7012,1.70125,633880000,8
1480679520000,1480679999000,1.70124,1.70137,1.70046,1.70078,802460000,8
1480680000000,1480680479000,1.70076,1.70157,1.70038,1.70115,979440000,8
1480680480000,1480680959000,1.70115,1.702,1.70044,1.70079,806580000,8
1480680960000,1480681439000,1.70078,1.70105,1.70035,1.70069,906780000,8
1480681440000,1480681919000,1.70069,1.70267,1.7003,1.70262,834570000,8
1480681920000,1480682399000,1.70266,1.70371,1.70216,1.70234,972060000,8
1480682400000,1480682879000,1.70232,1.70232,1.70132,1.70132,1261080000,8
1480682880000,1480683359000,1.70134,1.70151,1.70051,1.70138,872600000,8
1480683360000,1480683839000,1.70137,1.70189,1.70043,1.70054,1528420000,8
1480683840000,1480684319000,1.70053,1.70205,1.70011,1.70151,1133740000,8
1480684320000,1480684799000,1.70148,1.70164,1.69982,1.70118,1299980000,8
1480684800000,1480685279000,1.70124,1.70167,1.69956,1.69981,1456990000,8
1480685280000,1480685759000,1.69983,1.70201,1.69868,1.7012,3785440000,8
1480685760000,1480686239000,1.70124,1.7031,1.70096,1.7017,3399020000,8
1480686240000,1480686719000,1.7017,1.70477,1.7017,1.70362,2778330000,8
1480686720000,1480687199000,1.70362,1.70372,1.69986,1.70017,2181200000,8
1480687200000,1480687679000,1.70016,1.70083,1.69857,1.70036,2200630000,8
1480687680000,1480688159000,1.70041,1.70066,1.69976,1.70018,1799210000,8
1480688160000,1480688639000,1.70017,1.70125,1.69981,1.70005,1646490000,8
1480688640000,1480689119000,1.70001,1.70005,1.69893,1.69916,1784280000,8
1480689120000,1480689599000,1.69913,1.69913,1.69726,1.6982,1978900000,8
1480689600000,1480690079000,1.6982,1.70074,1.69813,1.69871,2043760000,8
1480690080000,1480690559000,1.69871,1.69871,1.69626,1.69782,2026620000,8
1480690560000,1480691039000,1.69782,1.69808,1.69656,1.69772,2211320000,8
1480691040000,1480691519000,1.69772,1.69853,1.69636,1.69728,2364060000,8
1480691520000,1480691999000,1.69728,1.69822,1.69706,1.69766,2060990000,8
1480692000000,1480692479000,1.69766,1.69861,1.69679,1.69774,1731480000,8
1480692480000,1480692959000,1.69781,1.69811,1.69674,1.69689,1552670000,8
1480692960000,1480693439000,1.69689,1.6976,1.69584,1.69731,1691380000,8
1480693440000,1480693919000,1.69731,1.69756,1.69627,1.69632,1204280000,8
1480693920000,1480694399000,1.69632,1.69992,1.69602,1.69971,1784190000,8
1480694400000,1480694879000,1.69967,1.70044,1.69906,1.7004,2247780000,8
1480694880000,1480695359000,1.7004,1.70275,1.69947,1.70181,1482350000,8
1480695360000,1480695839000,1.7018,1.70396,1.7018,1.70242,1643130000,8
1480695840000,1480696319000,1.70242,1.70378,1.70186,1.70278,1488910000,8
1480696320000,1480696799000,1.70278,1.704,1.70242,1.70265,1341270000,8
1480696800000,1480697279000,1.70266,1.70367,1.7024,1.70361,957850000,8
1480697280000,1480697759000,1.70359,1.70368,1.70174,1.70204,1091320000,8
1480697760000,1480698239000,1.70209,1.70399,1.70209,1.70222,1154200000,8
1480698240000,1480698719000,1.70222,1.70241,1.70154,1.70173,685430000,8
1480698720000,1480699199000,1.70172,1.70177,1.70037,1.70114,643810000,8
1480699200000,1480699679000,1.70114,1.70169,1.70065,1.7015,675970000,8
1480699680000,1480700159000,1.7015,1.70192,1.69996,1.70082,1082070000,8
1480700160000,1480700639000,1.70082,1.701,1.70014,1.70096,791780000,8
1480700640000,1480701119000,1.70096,1.7016,1.70078,1.70156,740370000,8
1480701120000,1480701599000,1.70156,1.70227,1.70124,1.70212,729260000,8
1480701600000,1480702079000,1.70212,1.70215,1.70088,1.70107,909350000,8
1480702080000,1480702559000,1.70108,1.70196,1.70094,1.70153,899090000,8
1480702560000,1480703039000,1.70153,1.70249,1.70145,1.70211,673040000,8
1480703040000,1480703519000,1.70211,1.70247,1.70165,1.7022,567290000,8
1480703520000,1480703999000,1.7022,1.70282,1.70197,1.70252,640600000,8
1480704000000,1480704479000,1.70251,1.70369,1.70205,1.703,769010000,8
1480704480000,1480704959000,1.703,1.70547,1.703,1.70524,988530000,8
1480704960000,1480705439000,1.70523,1.70563,1.70442,1.70528,1027760000,8
1480705440000,1480705919000,1.70524,1.70627,1.70491,1.70609,701460000,8
1480705920000,1480706399000,1.70609,1.70702,1.70604,1.70652,619610000,8
1480706400000,1480706879000,1.70654,1.70686,1.70637,1.70668,551020000,8
1480706880000,1480707359000,1.70668,1.70747,1.70647,1.70747,559000000,8
1480707360000,1480707839000,1.70753,1.70758,1.70651,1.70683,553860000,8
1480707840000,1480708319000,1.70685,1.70685,1.70619,1.70629,445170000,8
1480708320000,1480708799000,1.70629,1.70714,1.70626,1.70661,723770000,8
1480708800000,1480709279000,1.70661,1.70688,1.70589,1.70685,563330000,8
1480709280000,1480709759000,1.70682,1.70767,1.70647,1.70695,617140000,8
1480709760000,1480710239000,1.70695,1.7074,1.70671,1.70686,866080000,8
1480710240000,1480710719000,1.70685,1.70746,1.70677,1.70746,927720000,8
1480710720000,1480711199000,1.70747,1.70817,1.70725,1.7079,833920000,8
1480711200000,1480711679000,1.70789,1.70814,1.7075,1.7075,767920000,8
1480711680000,1480712159000,1.7075,1.70845,1.70733,1.70794,1020390000,8
1480712160000,1480712639000,1.70795,1.70824,1.70763,1.70791,1060740000,8
1480712640000,1480713119000,1.70791,1.70829,1.70703,1.7073,880220000,8
1480713120000,1480713599000,1.7073,1.70808,1.70721,1.70783,745230000,8
1480713600000,1480714079000,1.70783,1.70851,1.70753,1.70803,398280000,8
1480714080000,1480714559000,1.70806,1.70807,1.70706,1.70736,585370000,8
1480714560000,1480715039000,1.70726,1.70739,1.70651,1.70671,524360000,8
1480715040000,1480715519000,1.70671,1.70748,1.70646,1.70747,560950000,8
1480715520000,1480715999000,1.70747,1.70778,1.70524,1.70634,674530000,8
1480716000000,1480716479000,1.70634,1.70634,1.70634,1.70634,0,8
1480716480000,1480716959000,1.70634,1.70634,1.70634,1.70634,0,8
1480716960000,1480717439000,1.70634,1.70634,1.70634,1.70634,0,8
1480717440000,1480717919000,1.70634,1.70634,1.70634,1.70634,0,8
1480717920000,1480718399000,1.70634,1.70634,1.70634,1.70634,0,8
1480718400000,1480718879000,1.70634,1.70634,1.70634,1.70634,0,8
1480718880000,1480719359000,1.70634,1.70634,1.70634,1.70634,0,8
1480719360000,1480719839000,1.70634,1.70634,1.70634,1.70634,0,8
1480719840000,1480720319000,1.70634,1.70634,1.70634,1.70634,0,8
1480720320000,1480720799000,1.70634,1.70634,1.70634,1.70634,0,8
1480720800000,1480721279000,1.70634,1.70634,1.70634,1.70634,0,8
1480721280000,1480721759000,1.70634,1.70634,1.70634,1.70634,0,8
1480721760000,1480722239000,1.70634,1.70634,1.70634,1.70634,0,8
1480722240000,1480722719000,1.70634,1.70634,1.70634,1.70634,0,8
1480722720000,1480723199000,1.70634,1.70634,1.70634,1.70634,0,8
1480889280000,1480889759000,1.69775,1.70267,1.69627,1.70211,625520000,8
1480889760000,1480890239000,1.70211,1.70227,1.70018,1.7008,644960000,8
1480890240000,1480890719000,1.7008,1.70471,1.7008,1.70307,594250000,8
1480890720000,1480891199000,1.70308,1.70465,1.70264,1.70341,592200000,8
1480891200000,1480891679000,1.70341,1.70429,1.70137,1.70288,748960000,8
1480891680000,1480892159000,1.70265,1.70311,1.70023,1.70062,1116360000,8
1480892160000,1480892639000,1.70061,1.70543,1.69961,1.70261,2545330000,8
1480892640000,1480893119000,1.70261,1.70321,1.69877,1.70135,2210020000,8
1480893120000,1480893599000,1.70146,1.70376,1.70043,1.70341,2952590000,8
1480893600000,1480894079000,1.70354,1.70422,1.70222,1.70317,3215600000,8
1480894080000,1480894559000,1.70321,1.70368,1.69966,1.70004,2884060000,8
1480894560000,1480895039000,1.70003,1.7019,1.69897,1.70017,2454260000,8
1480895040000,1480895519000,1.70017,1.70233,1.69921,1.70124,1319990000,8
1480895520000,1480895999000,1.7012,1.70302,1.70029,1.70266,1875320000,8
1480896000000,1480896479000,1.70266,1.71146,1.70202,1.70882,2081880000,8
1480896480000,1480896959000,1.70871,1.70897,1.7071,1.70743,2164440000,8
1480896960000,1480897439000,1.70739,1.71009,1.70722,1.70837,2025540000,8
1480897440000,1480897919000,1.70841,1.70896,1.70745,1.70747,1210430000,8
1480897920000,1480898399000,1.70747,1.70827,1.70607,1.70637,1053910000,8
1480898400000,1480898879000,1.70642,1.70764,1.70541,1.70541,825060000,8
1480898880000,1480899359000,1.70545,1.70658,1.70466,1.70546,1352390000,8
1480899360000,1480899839000,1.70556,1.70836,1.70556,1.70803,1334420000,8
1480899840000,1480900319000,1.70803,1.70803,1.70677,1.70719,1202210000,8
1480900320000,1480900799000,1.70717,1.70866,1.70668,1.7078,1122940000,8
1480900800000,1480901279000,1.7078,1.70862,1.70707,1.70781,882330000,8
1480901280000,1480901759000,1.70781,1.70842,1.70671,1.70735,1064910000,8
1480901760000,1480902239000,1.70735,1.70828,1.70699,1.70772,831990000,8
1480902240000,1480902719000,1.70765,1.70902,1.70665,1.70857,937190000,8
1480902720000,1480903199000,1.70857,1.70886,1.70742,1.70841,1102950000,8
1480903200000,1480903679000,1.70836,1.70868,1.70646,1.70652,1013900000,8
1480903680000,1480904159000,1.70652,1.70701,1.70541,1.70551,533370000,8
1480904160000,1480904639000,1.70548,1.70658,1.70517,1.70545,649900000,8
1480904640000,1480905119000,1.70547,1.70569,1.70451,1.70499,810900000,8
1480905120000,1480905599000,1.705,1.70582,1.70478,1.70495,955280000,8
1480905600000,1480906079000,1.70496,1.70582,1.70472,1.70501,925390000,8
1480906080000,1480906559000,1.70501,1.7053,1.70467,1.70475,574290000,8
1480906560000,1480907039000,1.70475,1.70578,1.70471,1.7051,731750000,8
1480907040000,1480907519000,1.70506,1.70565,1.70414,1.70561,847330000,8
1480907520000,1480907999000,1.70561,1.70586,1.70437,1.70491,973500000,8
1480908000000,1480908479000,1.70492,1.70601,1.70434,1.70454,1218360000,8
1480908480000,1480908959000,1.70457,1.70543,1.70408,1.70527,976940000,8
1480908960000,1480909439000,1.70532,1.70589,1.7038,1.70397,1348140000,8
1480909440000,1480909919000,1.70397,1.70509,1.70377,1.705,770720000,8
1480909920000,1480910399000,1.70499,1.70508,1.70373,1.70437,938090000,8
1480910400000,1480910879000,1.70436,1.70522,1.70419,1.70522,584310000,8
1480910880000,1480911359000,1.70521,1.70537,1.70418,1.70452,910760000,8
1480911360000,1480911839000,1.70452,1.70452,1.70301,1.70408,1346620000,8
1480911840000,1480912319000,1.70408,1.70432,1.70173,1.70207,1217850000,8
1480912320000,1480912799000,1.70215,1.7032,1.70099,1.70297,1026770000,8
1480912800000,1480913279000,1.70301,1.70317,1.70163,1.70182,1027400000,8
1480913280000,1480913759000,1.70181,1.70247,1.70156,1.70226,639660000,8
1480913760000,1480914239000,1.70232,1.70345,1.70221,1.70324,757360000,8
1480914240000,1480914719000,1.70324,1.70392,1.70232,1.70297,993000000,8
1480914720000,1480915199000,1.70298,1.70412,1.70291,1.70388,588620000,8
1480915200000,1480915679000,1.70389,1.70462,1.70341,1.70426,796090000,8
1480915680000,1480916159000,1.70426,1.70517,1.70399,1.70477,556070000,8
1480916160000,1480916639000,1.70477,1.70516,1.70416,1.70481,537790000,8
1480916640000,1480917119000,1.70481,1.70507,1.70421,1.70428,674520000,8
1480917120000,1480917599000,1.70427,1.70457,1.70303,1.70373,616660000,8
1480917600000,1480918079000,1.70373,1.70452,1.70343,1.70396,598060000,8
1480918080000,1480918559000,1.70401,1.70451,1.70317,1.70395,953820000,8
1480918560000,1480919039000,1.70395,1.70509,1.70362,1.70495,840740000,8
1480919040000,1480919519000,1.70496,1.70643,1.70478,1.70591,863740000,8
1480919520000,1480919999000,1.70591,1.70606,1.70502,1.70518,739690000,8
1480920000000,1480920479000,1.7052,1.7056,1.70434,1.7049,821740000,8
1480920480000,1480920959000,1.7049,1.70504,1.70409,1.70498,634170000,8
1480920960000,1480921439000,1.70498,1.70647,1.70498,1.70576,1358100000,8
1480921440000,1480921919000,1.70572,1.70692,1.70557,1.70581,1533320000,8
1480921920000,1480922399000,1.70582,1.70799,1.70559,1.70752,1800050000,8
1480922400000,1480922879000,1.70748,1.70801,1.70518,1.70549,1368160000,8
1480922880000,1480923359000,1.70552,1.70702,1.70522,1.70591,2059530000,8
1480923360000,1480923839000,1.70591,1.70706,1.70554,1.70656,1593990000,8
1480923840000,1480924319000,1.70656,1.70691,1.7057,1.70635,1307320000,8
1480924320000,1480924799000,1.70639,1.70753,1.70626,1.70739,1290030000,8
1480924800000,1480925279000,1.70738,1.70795,1.70621,1.70686,2411890000,8
1480925280000,1480925759000,1.70684,1.70804,1.70643,1.70762,2547370000,8
1480925760000,1480926239000,1.70761,1.70786,1.70645,1.70776,2052970000,8
1480926240000,1480926719000,1.70782,1.70903,1.70701,1.70874,2333970000,8
1480926720000,1480927199000,1.70874,1.70997,1.70769,1.70967,2231010000,8
1480927200000,1480927679000,1.70969,1.71021,1.70846,1.70883,2235090000,8
1480927680000,1480928159000,1.70883,1.70933,1.70844,1.70852,1993990000,8
1480928160000,1480928639000,1.7085,1.70949,1.70718,1.70944,2018230000,8
1480928640000,1480929119000,1.70942,1.70992,1.70783,1.70961,1856630000,8
1480929120000,1480929599000,1.70958,1.71029,1.70907,1.70951,1841800000,8
1480929600000,1480930079000,1.70952,1.70995,1.70858,1.70887,1351860000,8
1480930080000,1480930559000,1.70882,1.71186,1.70851,1.70999,1851870000,8
1480930560000,1480931039000,1.70999,1.71043,1.70842,1.70867,1623120000,8
1480931040000,1480931519000,1.70866,1.70922,1.70791,1.70875,1292620000,8
1480931520000,1480931999000,1.70872,1.71055,1.7086,1.71039,1159020000,8
1480932000000,1480932479000,1.71039,1.71199,1.71035,1.71194,1261010000,8
1480932480000,1480932959000,1.71194,1.71451,1.71133,1.71373,1590930000,8
1480932960000,1480933439000,1.71373,1.71455,1.71346,1.71408,1336100000,8
1480933440000,1480933919000,1.71415,1.71469,1.71331,1.71462,1365820000,8
1480933920000,1480934399000,1.71463,1.71478,1.71355,1.71377,1331250000,8
1480934400000,1480934879000,1.71374,1.71461,1.71352,1.71361,1061810000,8
1480934880000,1480935359000,1.71362,1.71381,1.71314,1.71332,1061630000,8
1480935360000,1480935839000,1.71332,1.71375,1.71301,1.71316,1041920000,8
1480935840000,1480936319000,1.71317,1.71395,1.71282,1.71312,1000700000,8
1480936320000,1480936799000,1.71316,1.71367,1.71217,1.71277,2119800000,8
1480936800000,1480937279000,1.71277,1.71317,1.71181,1.71274,2398400000,8
1480937280000,1480937759000,1.71272,1.71351,1.71197,1.71246,1804540000,8
1480937760000,1480938239000,1.71246,1.71266,1.71089,1.71169,1822930000,8
1480938240000,1480938719000,1.71169,1.71404,1.71145,1.71308,1512020000,8
1480938720000,1480939199000,1.71308,1.71436,1.71282,1.71432,1256940000,8
1480939200000,1480939679000,1.71432,1.71477,1.71281,1.71328,1852200000,8
1480939680000,1480940159000,1.71324,1.71352,1.71076,1.71161,1429690000,8
1480940160000,1480940639000,1.71162,1.71197,1.71096,1.71143,1163590000,8
1480940640000,1480941119000,1.71142,1.71237,1.7113,1.71195,1470530000,8
1480941120000,1480941599000,1.71195,1.71254,1.7114,1.71149,1570220000,8
1480941600000,1480942079000,1.71149,1.71149,1.70952,1.71044,1350090000,8
1480942080000,1480942559000,1.71046,1.71075,1.70961,1.71074,1186340000,8
1480942560000,1480943039000,1.71071,1.71106,1.70964,1.71023,1652830000,8
1480943040000,1480943519000,1.71022,1.71028,1.70849,1.70939,1754190000,8
1480943520000,1480943999000,1.7094,1.70997,1.70877,1.70943,1668430000,8
1480944000000,1480944479000,1.70936,1.71063,1.7086,1.7104,1943100000,8
1480944480000,1480944959000,1.7104,1.71124,1.70999,1.71048,2033220000,8
1480944960000,1480945439000,1.71049,1.7111,1.71014,1.71015,1541070000,8
1480945440000,1480945919000,1.71016,1.7102,1.70931,1.7097,1487530000,8
1480945920000,1480946399000,1.7097,1.71059,1.70893,1.70894,1705390000,8
1480946400000,1480946879000,1.70897,1.71012,1.7087,1.70932,1756200000,8
1480946880000,1480947359000,1.70935,1.70935,1.70848,1.70849,1669910000,8
1480947360000,1480947839000,1.70851,1.70905,1.70792,1.70832,1329290000,8
1480947840000,1480948319000,1.70835,1.7087,1.70735,1.70774,1627000000,8
1480948320000,1480948799000,1.70783,1.70806,1.70679,1.70729,1918630000,8
1480948800000,1480949279000,1.70727,1.70844,1.70664,1.7072,1556550000,8
1480949280000,1480949759000,1.7072,1.70777,1.70503,1.70506,2022740000,8
1480949760000,1480950239000,1.70506,1.70859,1.70491,1.70722,1998260000,8
1480950240000,1480950719000,1.70716,1.70783,1.70586,1.70661,1856580000,8
1480950720000,1480951199000,1.70661,1.70662,1.70515,1.70591,1567370000,8
1480951200000,1480951679000,1.70591,1.70742,1.70557,1.70672,1464650000,8
1480951680000,1480952159000,1.70672,1.70784,1.70548,1.70556,1700650000,8
1480952160000,1480952639000,1.70557,1.70578,1.70326,1.70336,1567270000,8
1480952640000,1480953119000,1.70337,1.70392,1.70264,1.70345,1558220000,8
1480953120000,1480953599000,1.70344,1.70349,1.70023,1.70066,1858460000,8
1480953600000,1480954079000,1.70075,1.70112,1.69932,1.69968,1994440000,8
1480954080000,1480954559000,1.69967,1.70091,1.69937,1.70013,1715230000,8
1480954560000,1480955039000,1.70013,1.7006,1.69934,1.70034,1589380000,8
1480955040000,1480955519000,1.70033,1.70033,1.69781,1.69832,1570480000,8
1480955520000,1480955999000,1.69834,1.69904,1.69753,1.69891,1287950000,8
1480956000000,1480956479000,1.69891,1.70001,1.69848,1.69979,952960000,8
1480956480000,1480956959000,1.69979,1.69979,1.69891,1.6994,996670000,8
1480956960000,1480957439000,1.69938,1.70026,1.69854,1.69856,1206980000,8
1480957440000,1480957919000,1.69856,1.69932,1.69807,1.69907,1221550000,8
1480957920000,1480958399000,1.69907,1.69957,1.69833,1.69889,1162020000,8
1480958400000,1480958879000,1.69889,1.69928,1.69851,1.69872,1231550000,8
1480958880000,1480959359000,1.69873,1.69888,1.69681,1.69681,1238230000,8
1480959360000,1480959839000,1.69681,1.69758,1.69619,1.69752,1436460000,8
1480959840000,1480960319000,1.69753,1.69852,1.69739,1.69765,1717680000,8
1480960320000,1480960799000,1.69762,1.69867,1.69674,1.69743,2086700000,8
1480960800000,1480961279000,1.69748,1.69842,1.69699,1.69817,1977600000,8
1480961280000,1480961759000,1.69814,1.70039,1.69787,1.70021,1860280000,8
1480961760000,1480962239000,1.70021,1.70076,1.69959,1.69973,1292160000,8
1480962240000,1480962719000,1.69974,1.70056,1.69974,1.70023,1021540000,8
1480962720000,1480963199000,1.70023,1.70067,1.70019,1.70027,1057910000,8
1480963200000,1480963679000,1.70027,1.70071,1.70006,1.70066,1009160000,8
1480963680000,1480964159000,1.70066,1.70086,1.69971,1.69981,1251060000,8
1480964160000,1480964639000,1.69981,1.70066,1.69981,1.70043,1242570000,8
1480964640000,1480965119000,1.70043,1.70142,1.70028,1.70129,1304290000,8
1480965120000,1480965599000,1.70128,1.70152,1.70054,1.70062,1157450000,8
1480965600000,1480966079000,1.70062,1.7011,1.70048,1.70075,1256230000,8
1480966080000,1480966559000,1.70073,1.70108,1.70069,1.70082,1314640000,8
1480966560000,1480967039000,1.70082,1.70136,1.70067,1.70075,917480000,8
1480967040000,1480967519000,1.70077,1.70156,1.70033,1.70145,781300000,8
1480967520000,1480967999000,1.70144,1.70197,1.70117,1.70139,1222470000,8
1480968000000,1480968479000,1.70141,1.70237,1.70141,1.7022,1017830000,8
1480968480000,1480968959000,1.7022,1.70232,1.70191,1.70191,857020000,8
1480968960000,1480969439000,1.70194,1.70201,1.70124,1.70192,1039600000,8
1480969440000,1480969919000,1.70191,1.70231,1.7018,1.70194,792650000,8
1480969920000,1480970399000,1.70194,1.70202,1.70168,1.7017,743510000,8
1480970400000,1480970879000,1.70167,1.70282,1.70164,1.70259,673450000,8
1480970880000,1480971359000,1.70259,1.70379,1.70259,1.70308,1093230000,8
1480971360000,1480971839000,1.70309,1.70362,1.70273,1.70351,670380000,8
1480971840000,1480972319000,1.70352,1.70392,1.70315,1.70341,510960000,8
1480972320000,1480972799000,1.70338,1.70352,1.70315,1.7034,283610000,8
1480972800000,1480973279000,1.70341,1.70391,1.70337,1.70375,238600000,8
1480973280000,1480973759000,1.70373,1.70426,1.70277,1.70278,331330000,8
1480973760000,1480974239000,1.70278,1.70347,1.70269,1.70337,307890000,8
1480974240000,1480974719000,1.70339,1.70352,1.70258,1.70267,349300000,8
1480974720000,1480975199000,1.70267,1.7038,1.7025,1.70377,444290000,8
1480975200000,1480975679000,1.70366,1.70366,1.70086,1.70103,102310000,8
1480975680000,1480976159000,1.70101,1.70332,1.70101,1.70317,118770000,8
1480976160000,1480976639000,1.70311,1.70336,1.70226,1.70272,269020000,8
1480976640000,1480977119000,1.7027,1.70291,1.70223,1.70259,240910000,8
1480977120000,1480977599000,1.70248,1.70393,1.70229,1.70286,218030000,8
1480977600000,1480978079000,1.70284,1.70378,1.70268,1.70306,161720000,8
1480978080000,1480978559000,1.70315,1.70351,1.70315,1.70346,254730000,8
1480978560000,1480979039000,1.70345,1.70414,1.70296,1.70316,723890000,8
1480979040000,1480979519000,1.70317,1.70352,1.7026,1.70272,722580000,8
1480979520000,1480979999000,1.70272,1.70294,1.70197,1.70202,696590000,8
1480980000000,1480980479000,1.70203,1.70248,1.701,1.70136,760990000,8
1480980480000,1480980959000,1.70136,1.70196,1.70038,1.70187,632540000,8
1480980960000,1480981439000,1.70186,1.70256,1.70168,1.70232,583370000,8
1480981440000,1480981919000,1.7023,1.70327,1.70213,1.70308,397710000,8
1480981920000,1480982399000,1.70311,1.70328,1.70243,1.70301,287310000,8
1480982400000,1480982879000,1.70304,1.70317,1.70271,1.70286,693540000,8
1480982880000,1480983359000,1.70287,1.70312,1.70177,1.70273,916770000,8
1480983360000,1480983839000,1.70272,1.70297,1.70166,1.70174,837890000,8
1480983840000,1480984319000,1.70174,1.70386,1.70158,1.70373,1264790000,8
1480984320000,1480984799000,1.70374,1.70467,1.70342,1.70467,718190000,8
1480984800000,1480985279000,1.70459,1.70652,1.70459,1.70551,801870000,8
1480985280000,1480985759000,1.70556,1.70686,1.70527,1.7064,877190000,8
1480985760000,1480986239000,1.70639,1.70726,1.70541,1.70642,952960000,8
1480986240000,1480986719000,1.70649,1.70807,1.70649,1.70716,1090680000,8
1480986720000,1480987199000,1.70716,1.70752,1.70684,1.70701,613770000,8
1480987200000,1480987679000,1.70701,1.70837,1.70693,1.70782,696000000,8
1480987680000,1480988159000,1.70781,1.70812,1.70748,1.70766,543810000,8
1480988160000,1480988639000,1.70766,1.70837,1.70751,1.70787,553620000,8
1480988640000,1480989119000,1.70787,1.70842,1.70777,1.70806,407440000,8
1480989120000,1480989599000,1.70802,1.70906,1.70776,1.70897,630540000,8
1480989600000,1480990079000,1.70898,1.70982,1.70886,1.70919,746040000,8
1480990080000,1480990559000,1.70917,1.70922,1.70877,1.70907,571330000,8
1480990560000,1480991039000,1.70907,1.70951,1.70866,1.70882,705220000,8
1480991040000,1480991519000,1.70882,1.70905,1.70841,1.709,565390000,8
1480991520000,1480991999000,1.70902,1.70997,1.70849,1.70849,803510000,8
1480992000000,1480992479000,1.70849,1.70942,1.70838,1.70912,729970000,8
1480992480000,1480992959000,1.70912,1.70948,1.70891,1.70917,525630000,8
1480992960000,1480993439000,1.70917,1.71027,1.70917,1.70987,595190000,8
1480993440000,1480993919000,1.70987,1.71001,1.70871,1.70887,518110000,8
1480993920000,1480994399000,1.70887,1.70907,1.70816,1.70841,383850000,8
1480994400000,1480994879000,1.70836,1.71202,1.7082,1.7104,979010000,8
1480994880000,1480995359000,1.7104,1.7114,1.70821,1.71006,1207000000,8
1480995360000,1480995839000,1.71002,1.71107,1.70902,1.70902,1201700000,8
1480995840000,1480996319000,1.70904,1.70997,1.7085,1.70875,985800000,8
1480996320000,1480996799000,1.70875,1.70899,1.70731,1.7077,942770000,8
1480996800000,1480997279000,1.7077,1.70944,1.7074,1.70879,718200000,8
1480997280000,1480997759000,1.7087,1.70877,1.70797,1.70847,785770000,8
1480997760000,1480998239000,1.70847,1.70892,1.70797,1.70836,791580000,8
1480998240000,1480998719000,1.70835,1.70861,1.70762,1.70803,659630000,8
1480998720000,1480999199000,1.70802,1.70832,1.70746,1.70799,572870000,8
1480999200000,1480999679000,1.70799,1.70862,1.70761,1.70824,553360000,8
1480999680000,1481000159000,1.70823,1.70892,1.70811,1.70866,430660000,8
1481000160000,1481000639000,1.70862,1.70937,1.70851,1.70936,308730000,8
1481000640000,1481001119000,1.70932,1.70932,1.70842,1.70851,436370000,8
1481001120000,1481001599000,1.70856,1.70907,1.70814,1.70822,457300000,8
1481001600000,1481002079000,1.7082,1.70836,1.70752,1.70752,505750000,8
1481002080000,1481002559000,1.70754,1.70891,1.70754,1.70891,496140000,8
1481002560000,1481003039000,1.70888,1.7092,1.70855,1.70918,337750000,8
1481003040000,1481003519000,1.70918,1.71002,1.70903,1.70983,458750000,8
1481003520000,1481003999000,1.70983,1.71019,1.7095,1.70962,610550000,8
1481004000000,1481004479000,1.70961,1.71014,1.70952,1.70995,710220000,8
1481004480000,1481004959000,1.70995,1.71055,1.70976,1.70994,566310000,8
1481004960000,1481005439000,1.70994,1.71137,1.70991,1.71102,639770000,8
1481005440000,1481005919000,1.71102,1.71206,1.71093,1.71117,693510000,8
1481005920000,1481006399000,1.71125,1.71289,1.71123,1.71265,554470000,8
1481006400000,1481006879000,1.71261,1.71309,1.71206,1.71226,815600000,8
1481006880000,1481007359000,1.71226,1.71226,1.71106,1.71121,492330000,8
1481007360000,1481007839000,1.71117,1.71325,1.71116,1.71183,1067070000,8
1481007840000,1481008319000,1.71183,1.71277,1.7108,1.71232,907700000,8
1481008320000,1481008799000,1.71232,1.71267,1.71061,1.71142,981210000,8
1481008800000,1481009279000,1.71142,1.71157,1.71006,1.71011,772510000,8
1481009280000,1481009759000,1.71012,1.71151,1.70963,1.71008,1214470000,8
1481009760000,1481010239000,1.71009,1.71198,1.70988,1.71182,860030000,8
1481010240000,1481010719000,1.71182,1.71211,1.71076,1.71174,1068670000,8
1481010720000,1481011199000,1.71175,1.713,1.71145,1.71286,1147190000,8
1481011200000,1481011679000,1.71288,1.71358,1.71211,1.71347,1864510000,8
1481011680000,1481012159000,1.71343,1.71619,1.71324,1.71454,1683030000,8
1481012160000,1481012639000,1.71454,1.71478,1.71336,1.71391,1761370000,8
1481012640000,1481013119000,1.71391,1.71562,1.71349,1.71527,1681060000,8
1481013120000,1481013599000,1.71526,1.71635,1.71501,1.71539,1480170000,8
1481013600000,1481014079000,1.71537,1.71614,1.71443,1.71611,1264380000,8
1481014080000,1481014559000,1.71611,1.71726,1.71555,1.71611,1294910000,8
1481014560000,1481015039000,1.71609,1.71662,1.71493,1.71628,1165870000,8
1481015040000,1481015519000,1.71633,1.71707,1.71456,1.71485,1264930000,8
1481015520000,1481015999000,1.7149,1.71561,1.71431,1.71451,1303180000,8
1481016000000,1481016479000,1.71452,1.71527,1.71416,1.71426,878240000,8
1481016480000,1481016959000,1.71432,1.71502,1.71381,1.71491,1024520000,8
1481016960000,1481017439000,1.71492,1.71712,1.71486,1.71612,1273420000,8
1481017440000,1481017919000,1.71611,1.71611,1.71416,1.71512,966800000,8
1481017920000,1481018399000,1.71511,1.71535,1.71266,1.71284,1054310000,8
1481018400000,1481018879000,1.71285,1.71401,1.71173,1.71297,1395320000,8
1481018880000,1481019359000,1.71299,1.71348,1.71218,1.7129,1008580000,8
1481019360000,1481019839000,1.71288,1.71403,1.71272,1.71397,952120000,8
1481019840000,1481020319000,1.71398,1.71472,1.71358,1.71472,1018470000,8
1481020320000,1481020799000,1.71469,1.71533,1.7142,1.71509,844870000,8
1481020800000,1481021279000,1.71509,1.71591,1.71484,1.71527,1144680000,8
1481021280000,1481021759000,1.71527,1.71535,1.71396,1.71407,732140000,8
1481021760000,1481022239000,1.71411,1.71472,1.71295,1.71353,963690000,8
1481022240000,1481022719000,1.71353,1.71412,1.71334,1.71374,835780000,8
1481022720000,1481023199000,1.71374,1.7147,1.71345,1.71429,911210000,8
1481023200000,1481023679000,1.71429,1.71462,1.71345,1.71405,987740000,8
1481023680000,1481024159000,1.71405,1.71412,1.71342,1.7139,915320000,8
1481024160000,1481024639000,1.71389,1.71396,1.71266,1.71296,1226850000,8
1481024640000,1481025119000,1.71298,1.713,1.71074,1.7113,1636090000,8
1481025120000,1481025599000,1.71132,1.71245,1.71117,1.71209,1307320000,8
1481025600000,1481026079000,1.71212,1.71217,1.71023,1.71073,1350850000,8
1481026080000,1481026559000,1.71073,1.71136,1.71043,1.71094,1432880000,8
1481026560000,1481027039000,1.71094,1.71095,1.70828,1.70837,1295400000,8
1481027040000,1481027519000,1.70838,1.71046,1.70811,1.70981,1033070000,8
1481027520000,1481027999000,1.70982,1.7106,1.70893,1.71033,1334590000,8
1481028000000,1481028479000,1.71031,1.71044,1.70818,1.70902,1310210000,8
1481028480000,1481028959000,1.70904,1.70944,1.70873,1.70931,1253590000,8
1481028960000,1481029439000,1.70933,1.71026,1.70813,1.71016,1569000000,8
1481029440000,1481029919000,1.71016,1.71034,1.70903,1.70921,1083660000,8
1481029920000,1481030399000,1.70919,1.70955,1.70827,1.709,1350970000,8
1481030400000,1481030879000,1.70901,1.70945,1.70746,1.70746,1722400000,8
1481030880000,1481031359000,1.70762,1.70914,1.7075,1.70823,1782430000,8
1481031360000,1481031839000,1.70823,1.70973,1.70807,1.70958,1148720000,8
1481031840000,1481032319000,1.70961,1.71066,1.70901,1.71042,1359860000,8
1481032320000,1481032799000,1.71042,1.71231,1.71041,1.7119,1263800000,8
1481032800000,1481033279000,1.7119,1.71232,1.7109,1.71121,1127810000,8
1481033280000,1481033759000,1.71117,1.71267,1.71107,1.71209,1369910000,8
1481033760000,1481034239000,1.71203,1.71295,1.71172,1.71229,1222600000,8
1481034240000,1481034719000,1.71229,1.71302,1.71131,1.71247,1126750000,8
1481034720000,1481035199000,1.71247,1.71268,1.71108,1.7112,1665810000,8
1481035200000,1481035679000,1.71118,1.71169,1.70859,1.70917,1804570000,8
1481035680000,1481036159000,1.70917,1.70931,1.70737,1.70804,1645540000,8
1481036160000,1481036639000,1.70803,1.70959,1.7062,1.70941,1888910000,8
1481036640000,1481037119000,1.70943,1.71027,1.7092,1.70959,1241600000,8
1481037120000,1481037599000,1.70957,1.70962,1.70652,1.70717,1306920000,8
1481037600000,1481038079000,1.70716,1.70732,1.70621,1.70662,1308790000,8
1481038080000,1481038559000,1.70667,1.70687,1.70437,1.70518,1600170000,8
1481038560000,1481039039000,1.70517,1.70646,1.70487,1.70516,1515710000,8
1481039040000,1481039519000,1.70516,1.70617,1.70426,1.70597,1373530000,8
1481039520000,1481039999000,1.706,1.70705,1.70436,1.7049,1814060000,8
1481040000000,1481040479000,1.70487,1.7053,1.70356,1.70433,1650510000,8
1481040480000,1481040959000,1.70432,1.70464,1.70391,1.7042,1247670000,8
1481040960000,1481041439000,1.70419,1.70488,1.70384,1.70481,1125260000,8
1481041440000,1481041919000,1.70481,1.70613,1.70449,1.70586,1243840000,8
1481041920000,1481042399000,1.70587,1.70646,1.70561,1.70573,1278760000,8
1481042400000,1481042879000,1.7057,1.70675,1.70529,1.70605,1161700000,8
1481042880000,1481043359000,1.70605,1.70605,1.70519,1.70537,895850000,8
1481043360000,1481043839000,1.70536,1.70539,1.70177,1.70177,1510130000,8
1481043840000,1481044319000,1.70176,1.70282,1.70085,1.70182,1648980000,8
1481044320000,1481044799000,1.70182,1.70217,1.70027,1.70201,1289380000,8
1481044800000,1481045279000,1.70201,1.70322,1.6995,1.70007,1222930000,8
1481045280000,1481045759000,1.69997,1.70089,1.69936,1.70021,916970000,8
1481045760000,1481046239000,1.70023,1.70039,1.69945,1.70002,831380000,8
1481046240000,1481046719000,1.70001,1.70007,1.69831,1.69922,1055090000,8
1481046720000,1481047199000,1.69921,1.70033,1.69871,1.6998,1078230000,8
1481047200000,1481047679000,1.6998,1.70018,1.69935,1.69972,1173750000,8
1481047680000,1481048159000,1.69972,1.70071,1.69972,1.70063,1058280000,8
1481048160000,1481048639000,1.70063,1.70086,1.70026,1.70059,846250000,8
1481048640000,1481049119000,1.70059,1.70121,1.70044,1.70074,897560000,8
1481049120000,1481049599000,1.70074,1.70074,1.69968,1.69988,741380000,8
1481049600000,1481050079000,1.69988,1.70082,1.69979,1.70075,621560000,8
1481050080000,1481050559000,1.70075,1.70172,1.70075,1.7011,659660000,8
1481050560000,1481051039000,1.70115,1.70154,1.70093,1.7012,767310000,8
1481051040000,1481051519000,1.7012,1.7012,1.69995,1.70008,616740000,8
1481051520000,1481051999000,1.70008,1.70058,1.69999,1.70026,658960000,8
1481052000000,1481052479000,1.70026,1.70075,1.70005,1.70024,639150000,8
1481052480000,1481052959000,1.70022,1.70037,1.69979,1.69984,786780000,8
1481052960000,1481053439000,1.69982,1.70056,1.69963,1.69984,752610000,8
1481053440000,1481053919000,1.69987,1.70033,1.69963,1.70011,605630000,8
1481053920000,1481054399000,1.70012,1.70029,1.69929,1.69998,1038730000,8
1481054400000,1481054879000,1.70011,1.70041,1.69954,1.69981,827980000,8
1481054880000,1481055359000,1.69982,1.70012,1.69975,1.70012,498680000,8
1481055360000,1481055839000,1.70012,1.70026,1.69957,1.70003,761710000,8
1481055840000,1481056319000,1.70002,1.70007,1.69873,1.69951,759330000,8
1481056320000,1481056799000,1.69951,1.69957,1.699,1.69927,560880000,8
1481056800000,1481057279000,1.69927,1.69927,1.69853,1.69861,675220000,8
1481057280000,1481057759000,1.69859,1.69906,1.69851,1.69876,763540000,8
1481057760000,1481058239000,1.69875,1.69927,1.69852,1.69856,574030000,8
1481058240000,1481058719000,1.69857,1.69867,1.69836,1.69849,236040000,8
1481058720000,1481059199000,1.69849,1.69923,1.69822,1.69917,480900000,8
1481059200000,1481059679000,1.69916,1.69916,1.69857,1.69887,235400000,8
1481059680000,1481060159000,1.69886,1.69914,1.6985,1.69914,287360000,8
1481060160000,1481060639000,1.69912,1.6996,1.69901,1.69926,286100000,8
1481060640000,1481061119000,1.69926,1.69952,1.69895,1.69951,287500000,8
1481061120000,1481061599000,1.69947,1.69974,1.6988,1.6988,344720000,8
1481061600000,1481062079000,1.6988,1.69957,1.69852,1.69954,62720000,8
1481062080000,1481062559000,1.69954,1.69991,1.69924,1.69952,144000000,8
1481062560000,1481063039000,1.69953,1.69969,1.69899,1.6992,258420000,8
1481063040000,1481063519000,1.69938,1.69953,1.69915,1.69918,301120000,8
1481063520000,1481063999000,1.69921,1.69945,1.69914,1.69931,97090000,8
1481064000000,1481064479000,1.69939,1.69967,1.69927,1.69937,163250000,8
1481064480000,1481064959000,1.69938,1.69955,1.69931,1.6994,455270000,8
1481064960000,1481065439000,1.69939,1.69967,1.6993,1.69936,420010000,8
1481065440000,1481065919000,1.69936,1.69946,1.69877,1.69877,377540000,8
1481065920000,1481066399000,1.69876,1.69898,1.69837,1.69877,478210000,8
1481066400000,1481066879000,1.69875,1.69904,1.69864,1.6987,335070000,8
1481066880000,1481067359000,1.6987,1.6987,1.69765,1.69772,469560000,8
1481067360000,1481067839000,1.69776,1.69791,1.69654,1.69657,613650000,8
1481067840000,1481068319000,1.69657,1.69683,1.69576,1.69576,539020000,8
1481068320000,1481068799000,1.69585,1.69598,1.69516,1.69537,534300000,8
1481068800000,1481069279000,1.69537,1.69616,1.69517,1.69536,731940000,8
1481069280000,1481069759000,1.69537,1.69689,1.69529,1.69637,693170000,8
1481069760000,1481070239000,1.69636,1.69701,1.69611,1.69667,529130000,8
1481070240000,1481070719000,1.69661,1.70691,1.69589,1.70562,1294330000,8
1481070720000,1481071199000,1.70557,1.70604,1.70342,1.70427,1909340000,8
1481071200000,1481071679000,1.70427,1.70478,1.70161,1.70329,1127160000,8
1481071680000,1481072159000,1.70325,1.70626,1.70321,1.70551,1224040000,8
1481072160000,1481072639000,1.70557,1.70562,1.70366,1.70425,1018220000,8
1481072640000,1481073119000,1.70426,1.70549,1.70392,1.70512,934500000,8
1481073120000,1481073599000,1.70512,1.70556,1.70473,1.70529,750840000,8
1481073600000,1481074079000,1.7053,1.70586,1.70464,1.70465,538670000,8
1481074080000,1481074559000,1.70462,1.70471,1.70351,1.70371,618480000,8
1481074560000,1481075039000,1.70377,1.70482,1.7035,1.70412,690890000,8
1481075040000,1481075519000,1.70407,1.70567,1.70391,1.70497,779340000,8
1481075520000,1481075999000,1.70497,1.70577,1.70466,1.70542,737850000,8
1481076000000,1481076479000,1.70539,1.70561,1.70456,1.70511,616350000,8
1481076480000,1481076959000,1.7051,1.70545,1.70453,1.70455,643240000,8
1481076960000,1481077439000,1.70456,1.70475,1.70421,1.70426,566850000,8
1481077440000,1481077919000,1.70426,1.70482,1.70402,1.70482,547900000,8
1481077920000,1481078399000,1.70478,1.7049,1.70428,1.70457,573620000,8
1481078400000,1481078879000,1.70457,1.70522,1.70456,1.70494,437530000,8
1481078880000,1481079359000,1.70496,1.70516,1.70371,1.70391,604310000,8
1481079360000,1481079839000,1.70388,1.70431,1.70357,1.70426,720620000,8
1481079840000,1481080319000,1.70426,1.70452,1.70341,1.70434,579320000,8
1481080320000,1481080799000,1.70433,1.70454,1.70351,1.70402,495910000,8
1481080800000,1481081279000,1.70401,1.70431,1.70297,1.70327,469350000,8
1481081280000,1481081759000,1.70327,1.70341,1.7022,1.70221,481850000,8
1481081760000,1481082239000,1.7022,1.70262,1.70186,1.70251,464810000,8
1481082240000,1481082719000,1.70251,1.70277,1.70192,1.70192,360450000,8
1481082720000,1481083199000,1.70192,1.70248,1.70171,1.7021,396800000,8
1481083200000,1481083679000,1.7021,1.70252,1.70201,1.70203,412090000,8
1481083680000,1481084159000,1.70207,1.7025,1.70152,1.70249,633220000,8
1481084160000,1481084639000,1.70249,1.70343,1.70237,1.70332,334370000,8
1481084640000,1481085119000,1.7033,1.70426,1.70313,1.70412,460700000,8
1481085120000,1481085599000,1.70414,1.70426,1.70366,1.70412,526140000,8
1481085600000,1481086079000,1.70412,1.70429,1.70379,1.7039,458020000,8
1481086080000,1481086559000,1.70392,1.70456,1.70376,1.70427,479740000,8
1481086560000,1481087039000,1.70432,1.70442,1.70402,1.70428,428480000,8
1481087040000,1481087519000,1.70429,1.70477,1.70386,1.70447,832940000,8
1481087520000,1481087999000,1.70447,1.70452,1.70356,1.70375,557500000,8
1481088000000,1481088479000,1.70375,1.70381,1.70317,1.7034,553280000,8
1481088480000,1481088959000,1.70341,1.70379,1.70341,1.70375,329170000,8
1481088960000,1481089439000,1.70372,1.70372,1.70256,1.70266,548820000,8
1481089440000,1481089919000,1.70266,1.70346,1.70263,1.70301,513280000,8
1481089920000,1481090399000,1.70298,1.70337,1.70249,1.70288,549650000,8
1481090400000,1481090879000,1.70288,1.70309,1.70195,1.70286,536430000,8
1481090880000,1481091359000,1.70286,1.70286,1.70226,1.70268,449340000,8
1481091360000,1481091839000,1.70268,1.70272,1.70209,1.70215,506440000,8
1481091840000,1481092319000,1.70218,1.70228,1.70175,1.70218,513440000,8
1481092320000,1481092799000,1.70211,1.70216,1.70152,1.70177,511770000,8
1481092800000,1481093279000,1.70177,1.70307,1.70177,1.70212,765550000,8
1481093280000,1481093759000,1.70212,1.70294,1.70187,1.70248,588930000,8
1481093760000,1481094239000,1.70248,1.70315,1.70201,1.70301,588550000,8
1481094240000,1481094719000,1.70305,1.70328,1.70196,1.70217,929200000,8
1481094720000,1481095199000,1.70216,1.70288,1.70079,1.70172,1248560000,8
1481095200000,1481095679000,1.70172,1.70261,1.70135,1.70244,950640000,8
1481095680000,1481096159000,1.70248,1.70294,1.70156,1.70246,1206480000,8
1481096160000,1481096639000,1.70246,1.70312,1.70166,1.70243,1141110000,8
1481096640000,1481097119000,1.70243,1.70349,1.70219,1.70262,955600000,8
1481097120000,1481097599000,1.70265,1.70312,1.70111,1.70247,1180740000,8
1481097600000,1481098079000,1.70246,1.70342,1.70223,1.70242,1420100000,8
1481098080000,1481098559000,1.70241,1.70241,1.69851,1.69907,1568710000,8
1481098560000,1481099039000,1.69912,1.6996,1.69825,1.6987,1535480000,8
1481099040000,1481099519000,1.69863,1.69919,1.69709,1.69806,1471740000,8
1481099520000,1481099999000,1.6981,1.69883,1.69756,1.69857,1493990000,8
1481100000000,1481100479000,1.69859,1.69906,1.69735,1.69749,1400610000,8
1481100480000,1481100959000,1.69749,1.69935,1.69733,1.69874,1379590000,8
1481100960000,1481101439000,1.69874,1.70038,1.69839,1.69967,1171360000,8
1481101440000,1481101919000,1.69967,1.70061,1.69758,1.69758,1278510000,8
1481101920000,1481102399000,1.69757,1.69757,1.69568,1.69647,1159720000,8
1481102400000,1481102879000,1.69647,1.69699,1.6963,1.69658,815690000,8
1481102880000,1481103359000,1.69659,1.6973,1.69326,1.69439,1726770000,8
1481103360000,1481103839000,1.69434,1.69434,1.69085,1.69241,1754310000,8
1481103840000,1481104319000,1.69241,1.69403,1.69227,1.69323,1284590000,8
1481104320000,1481104799000,1.69321,1.69378,1.6906,1.69089,1296230000,8
1481104800000,1481105279000,1.69086,1.69092,1.68749,1.68809,1633200000,8
1481105280000,1481105759000,1.68811,1.69014,1.68799,1.69012,1190550000,8
1481105760000,1481106239000,1.69008,1.69157,1.68998,1.69075,1130680000,8
1481106240000,1481106719000,1.69076,1.69139,1.69022,1.69113,967450000,8
1481106720000,1481107199000,1.69113,1.69117,1.68922,1.68956,1087340000,8
1481107200000,1481107679000,1.68956,1.68967,1.68805,1.68881,1114280000,8
1481107680000,1481108159000,1.68881,1.68972,1.68729,1.68911,1428810000,8
1481108160000,1481108639000,1.68911,1.69067,1.68908,1.69046,1284270000,8
1481108640000,1481109119000,1.69046,1.69262,1.68996,1.69246,1147020000,8
1481109120000,1481109599000,1.69246,1.69246,1.69161,1.69231,811650000,8
1481109600000,1481110079000,1.69227,1.69328,1.692,1.69322,901210000,8
1481110080000,1481110559000,1.69318,1.69381,1.69179,1.69205,886160000,8
1481110560000,1481111039000,1.69205,1.69259,1.69165,1.69241,614640000,8
1481111040000,1481111519000,1.69239,1.69256,1.6911,1.69136,853200000,8
1481111520000,1481111999000,1.69134,1.69161,1.68936,1.69002,969550000,8
1481112000000,1481112479000,1.69002,1.69002,1.68868,1.68996,754580000,8
1481112480000,1481112959000,1.68996,1.69064,1.68932,1.68997,1068600000,8
1481112960000,1481113439000,1.68998,1.69227,1.68996,1.69106,1132500000,8
1481113440000,1481113919000,1.69098,1.69147,1.68917,1.68991,1110550000,8
1481113920000,1481114399000,1.68997,1.69147,1.68991,1.69116,1049890000,8
1481114400000,1481114879000,1.69116,1.69307,1.69106,1.69171,1085770000,8
1481114880000,1481115359000,1.69172,1.69299,1.69171,1.69266,822770000,8
1481115360000,1481115839000,1.69267,1.69312,1.69221,1.69237,1071210000,8
1481115840000,1481116319000,1.69236,1.69297,1.69192,1.69202,955770000,8
1481116320000,1481116799000,1.69202,1.69397,1.69196,1.69361,826580000,8
1481116800000,1481117279000,1.69362,1.69416,1.69273,1.69287,966250000,8
1481117280000,1481117759000,1.69291,1.69381,1.69237,1.69339,1092300000,8
1481117760000,1481118239000,1.69339,1.69471,1.69317,1.69432,889940000,8
1481118240000,1481118719000,1.69432,1.69448,1.69322,1.69331,849940000,8
1481118720000,1481119199000,1.69332,1.69337,1.69126,1.69132,1135530000,8
1481119200000,1481119679000,1.69131,1.69149,1.69081,1.69088,1023190000,8
1481119680000,1481120159000,1.69088,1.69145,1.69017,1.69037,1155770000,8
1481120160000,1481120639000,1.69037,1.69159,1.69037,1.69142,1147090000,8
1481120640000,1481121119000,1.69142,1.69203,1.69089,1.69183,1103410000,8
1481121120000,1481121599000,1.69186,1.69227,1.69122,1.69136,1131600000,8
1481121600000,1481122079000,1.69145,1.69201,1.69072,1.69104,1095520000,8
1481122080000,1481122559000,1.69107,1.69146,1.68966,1.69027,1435290000,8
1481122560000,1481123039000,1.69027,1.69029,1.68828,1.68828,1521880000,8
1481123040000,1481123519000,1.68833,1.68875,1.68366,1.68404,2092060000,8
1481123520000,1481123999000,1.68402,1.68564,1.6839,1.68469,1636490000,8
1481124000000,1481124479000,1.68469,1.68662,1.68331,1.68631,2250410000,8
1481124480000,1481124959000,1.68631,1.68784,1.68631,1.68761,1678910000,8
1481124960000,1481125439000,1.68756,1.68887,1.68752,1.68813,1566330000,8
1481125440000,1481125919000,1.68812,1.68839,1.68608,1.68624,1647450000,8
1481125920000,1481126399000,1.68631,1.68742,1.68482,1.68482,1739390000,8
1481126400000,1481126879000,1.68482,1.68646,1.68441,1.68605,1588900000,8
1481126880000,1481127359000,1.68609,1.68615,1.68451,1.68556,1269130000,8
1481127360000,1481127839000,1.68552,1.6864,1.68528,1.6858,870910000,8
1481127840000,1481128319000,1.6858,1.68701,1.6858,1.68665,1084430000,8
1481128320000,1481128799000,1.68667,1.68684,1.68596,1.68637,871520000,8
1481128800000,1481129279000,1.68636,1.6867,1.68581,1.68624,754320000,8
1481129280000,1481129759000,1.68626,1.68704,1.68524,1.68561,1270180000,8
1481129760000,1481130239000,1.68557,1.68573,1.68497,1.6856,1014430000,8
1481130240000,1481130719000,1.68561,1.68601,1.68423,1.68475,1210110000,8
1481130720000,1481131199000,1.68476,1.68567,1.68471,1.68566,773860000,8
1481131200000,1481131679000,1.68566,1.68662,1.68548,1.6859,853370000,8
1481131680000,1481132159000,1.6859,1.68654,1.68573,1.68603,643480000,8
1481132160000,1481132639000,1.68603,1.68606,1.68426,1.68456,806400000,8
1481132640000,1481133119000,1.68458,1.68627,1.68458,1.68597,879360000,8
1481133120000,1481133599000,1.68592,1.68683,1.68537,1.68599,1389110000,8
1481133600000,1481134079000,1.68598,1.68708,1.68592,1.68702,764330000,8
1481134080000,1481134559000,1.68702,1.68773,1.68683,1.68728,897250000,8
1481134560000,1481135039000,1.6873,1.68742,1.68661,1.68714,785850000,8
1481135040000,1481135519000,1.68714,1.68752,1.6865,1.68702,894910000,8
1481135520000,1481135999000,1.68706,1.68796,1.68704,1.68777,608810000,8
1481136000000,1481136479000,1.68777,1.68796,1.68749,1.6875,743430000,8
1481136480000,1481136959000,1.6875,1.68791,1.68682,1.68698,1333370000,8
1481136960000,1481137439000,1.687,1.68731,1.68627,1.68661,1412100000,8
1481137440000,1481137919000,1.68661,1.68734,1.68644,1.68715,912090000,8
1481137920000,1481138399000,1.68715,1.68765,1.68671,1.68728,923100000,8
1481138400000,1481138879000,1.68728,1.68766,1.68707,1.68744,744860000,8
1481138880000,1481139359000,1.68747,1.68773,1.68717,1.68728,719660000,8
1481139360000,1481139839000,1.6873,1.68731,1.68674,1.68703,517770000,8
1481139840000,1481140319000,1.68703,1.68758,1.68702,1.68732,689170000,8
1481140320000,1481140799000,1.68732,1.68858,1.68713,1.68819,909520000,8
1481140800000,1481141279000,1.68807,1.6881,1.68677,1.68705,743260000,8
1481141280000,1481141759000,1.68706,1.68811,1.68685,1.68802,803260000,8
1481141760000,1481142239000,1.68803,1.68813,1.68732,1.68753,751280000,8
1481142240000,1481142719000,1.68753,1.68793,1.68728,1.6877,779500000,8
1481142720000,1481143199000,1.6877,1.68804,1.6872,1.68728,648510000,8
1481143200000,1481143679000,1.6872,1.68815,1.6872,1.68811,469680000,8
1481143680000,1481144159000,1.68808,1.68858,1.6878,1.68852,782010000,8
1481144160000,1481144639000,1.68851,1.68865,1.68765,1.68807,619010000,8
1481144640000,1481145119000,1.68805,1.68829,1.68784,1.68795,231010000,8
1481145120000,1481145599000,1.68795,1.68823,1.68789,1.68789,134260000,8
1481145600000,1481146079000,1.68789,1.68821,1.68776,1.68802,162380000,8
1481146080000,1481146559000,1.68808,1.68815,1.68717,1.68722,348180000,8
1481146560000,1481147039000,1.68723,1.68812,1.68702,1.68706,333330000,8
1481147040000,1481147519000,1.68706,1.68719,1.68672,1.687,412380000,8
1481147520000,1481147999000,1.68698,1.68777,1.68697,1.68715,473530000,8
1481148000000,1481148479000,1.68691,1.68837,1.68691,1.68815,163210000,8
1481148480000,1481148959000,1.68815,1.68885,1.68779,1.68809,266500000,8
1481148960000,1481149439000,1.68807,1.68807,1.68711,1.68771,170850000,8
1481149440000,1481149919000,1.68771,1.68776,1.68676,1.68676,202780000,8
1481149920000,1481150399000,1.68677,1.68728,1.68631,1.68636,158610000,8
1481150400000,1481150879000,1.68642,1.68666,1.68611,1.68622,147510000,8
1481150880000,1481151359000,1.68626,1.68638,1.68616,1.68623,71990000,8
1481151360000,1481151839000,1.68627,1.68784,1.68627,1.68721,597650000,8
1481151840000,1481152319000,1.68722,1.68727,1.68682,1.68687,539210000,8
1481152320000,1481152799000,1.68687,1.68711,1.68671,1.68682,404520000,8
1481152800000,1481153279000,1.68681,1.68712,1.68667,1.68696,380590000,8
1481153280000,1481153759000,1.68696,1.68756,1.68679,1.68701,453540000,8
1481153760000,1481154239000,1.68701,1.68732,1.68626,1.68632,454050000,8
1481154240000,1481154719000,1.68616,1.68671,1.68567,1.68659,318510000,8
1481154720000,1481155199000,1.68661,1.68686,1.68614,1.68656,478490000,8
1481155200000,1481155679000,1.68656,1.68891,1.68655,1.68721,1019450000,8
1481155680000,1481156159000,1.68722,1.68833,1.68514,1.68726,1616090000,8
1481156160000,1481156639000,1.68726,1.68739,1.68609,1.68662,668970000,8
1481156640000,1481157119000,1.68657,1.68889,1.68654,1.68787,748860000,8
1481157120000,1481157599000,1.6879,1.68991,1.68777,1.68904,877190000,8
1481157600000,1481158079000,1.68901,1.68941,1.688,1.68853,900120000,8
1481158080000,1481158559000,1.68853,1.68952,1.68788,1.68947,685380000,8
1481158560000,1481159039000,1.68948,1.69008,1.68891,1.68921,823420000,8
1481159040000,1481159519000,1.68925,1.68947,1.68841,1.68875,486540000,8
1481159520000,1481159999000,1.68874,1.68911,1.68837,1.68901,489540000,8
1481160000000,1481160479000,1.68901,1.69099,1.68901,1.69094,795820000,8
1481160480000,1481160959000,1.69092,1.69092,1.68777,1.68841,967160000,8
1481160960000,1481161439000,1.68846,1.68856,1.68751,1.68786,789870000,8
1481161440000,1481161919000,1.68786,1.68917,1.68786,1.68916,537070000,8
1481161920000,1481162399000,1.68916,1.68961,1.68901,1.68913,594390000,8
1481162400000,1481162879000,1.6891,1.68927,1.68841,1.68856,834330000,8
1481162880000,1481163359000,1.68852,1.68892,1.68757,1.68757,624950000,8
1481163360000,1481163839000,1.68761,1.68772,1.68696,1.68719,723340000,8
1481163840000,1481164319000,1.68721,1.68731,1.6867,1.68688,759490000,8
1481164320000,1481164799000,1.68688,1.68733,1.68685,1.68692,499060000,8
1481164800000,1481165279000,1.68692,1.68732,1.68687,1.68701,617540000,8
1481165280000,1481165759000,1.68701,1.68766,1.6863,1.68635,935800000,8
1481165760000,1481166239000,1.68636,1.68691,1.68543,1.68624,1239690000,8
1481166240000,1481166719000,1.68624,1.68815,1.68586,1.6879,1147640000,8
1481166720000,1481167199000,1.68791,1.68832,1.68716,1.68819,865030000,8
1481167200000,1481167679000,1.68815,1.68848,1.68761,1.68771,773820000,8
1481167680000,1481168159000,1.68777,1.68786,1.68667,1.68681,856820000,8
1481168160000,1481168639000,1.6868,1.68707,1.68456,1.68566,1060470000,8
1481168640000,1481169119000,1.68566,1.68591,1.68511,1.68543,884580000,8
1481169120000,1481169599000,1.68545,1.68665,1.68538,1.68627,635730000,8
1481169600000,1481170079000,1.68627,1.68682,1.68606,1.68652,803910000,8
1481170080000,1481170559000,1.68652,1.68747,1.68651,1.68721,699950000,8
1481170560000,1481171039000,1.68717,1.68758,1.68694,1.68732,573120000,8
1481171040000,1481171519000,1.68732,1.68823,1.68707,1.68806,718640000,8
1481171520000,1481171999000,1.68804,1.68846,1.68751,1.68802,863800000,8
1481172000000,1481172479000,1.68802,1.68848,1.68765,1.68821,628690000,8
1481172480000,1481172959000,1.68819,1.68853,1.68766,1.68798,600810000,8
1481172960000,1481173439000,1.68797,1.68812,1.68677,1.68696,581170000,8
1481173440000,1481173919000,1.68697,1.68747,1.68676,1.68739,710790000,8
1481173920000,1481174399000,1.68743,1.68819,1.68721,1.68752,600160000,8
1481174400000,1481174879000,1.68752,1.68766,1.68711,1.68723,600130000,8
1481174880000,1481175359000,1.68724,1.68739,1.68637,1.68722,839510000,8
1481175360000,1481175839000,1.68723,1.68769,1.68706,1.68758,733080000,8
1481175840000,1481176319000,1.68759,1.68837,1.68737,1.68822,685710000,8
1481176320000,1481176799000,1.68821,1.68856,1.68773,1.68853,662860000,8
1481176800000,1481177279000,1.68853,1.68932,1.68809,1.68817,726600000,8
1481177280000,1481177759000,1.68817,1.68864,1.68685,1.68769,1001500000,8
1481177760000,1481178239000,1.68767,1.68788,1.68692,1.68693,764000000,8
1481178240000,1481178719000,1.68691,1.68753,1.68691,1.68738,713840000,8
1481178720000,1481179199000,1.68741,1.68746,1.68658,1.68664,583680000,8
1481179200000,1481179679000,1.68667,1.68784,1.68645,1.68782,586640000,8
1481179680000,1481180159000,1.68782,1.6891,1.68766,1.6891,596660000,8
1481180160000,1481180639000,1.6891,1.68923,1.68853,1.68874,752270000,8
1481180640000,1481181119000,1.68875,1.69028,1.68869,1.6899,830560000,8
1481181120000,1481181599000,1.68989,1.69043,1.68895,1.6903,945360000,8
1481181600000,1481182079000,1.6903,1.69033,1.68946,1.6895,713610000,8
1481182080000,1481182559000,1.68954,1.68966,1.6872,1.68721,1090250000,8
1481182560000,1481183039000,1.68721,1.68752,1.68621,1.68682,1074150000,8
1481183040000,1481183519000,1.68684,1.68774,1.68618,1.68729,1039050000,8
1481183520000,1481183999000,1.68729,1.68795,1.68717,1.68788,884400000,8
1481184000000,1481184479000,1.68788,1.68834,1.68637,1.68637,1193000000,8
1481184480000,1481184959000,1.68637,1.68656,1.68331,1.68388,1354290000,8
1481184960000,1481185439000,1.68388,1.68514,1.68364,1.68507,1035600000,8
1481185440000,1481185919000,1.68506,1.68511,1.68381,1.68447,1110590000,8
1481185920000,1481186399000,1.68442,1.68634,1.68441,1.68612,1133400000,8
1481186400000,1481186879000,1.68608,1.68842,1.68586,1.68697,1472930000,8
1481186880000,1481187359000,1.68697,1.68887,1.68678,1.68781,1445580000,8
1481187360000,1481187839000,1.68781,1.69037,1.68776,1.69036,1509230000,8
1481187840000,1481188319000,1.69034,1.69054,1.68917,1.69049,1373220000,8
1481188320000,1481188799000,1.69053,1.69276,1.68995,1.69251,1568040000,8
1481188800000,1481189279000,1.69252,1.69447,1.692,1.69275,1965300000,8
1481189280000,1481189759000,1.69275,1.69318,1.69186,1.69305,1481910000,8
1481189760000,1481190239000,1.69301,1.69334,1.69184,1.69231,1579180000,8
1481190240000,1481190719000,1.69229,1.69288,1.69209,1.69238,1265730000,8
1481190720000,1481191199000,1.69238,1.69306,1.69086,1.69086,1705210000,8
1481191200000,1481191679000,1.69082,1.6926,1.69025,1.69252,1346600000,8
1481191680000,1481192159000,1.69253,1.69306,1.69156,1.69301,1625350000,8
1481192160000,1481192639000,1.69303,1.69374,1.69245,1.69346,1338430000,8
1481192640000,1481193119000,1.69347,1.69509,1.69283,1.69474,1133810000,8
1481193120000,1481193599000,1.69472,1.69492,1.69351,1.69486,1048930000,8
1481193600000,1481194079000,1.69485,1.69533,1.69382,1.69524,1563430000,8
1481194080000,1481194559000,1.69522,1.69531,1.69316,1.69331,1276020000,8
1481194560000,1481195039000,1.69332,1.69494,1.69326,1.69441,1369310000,8
1481195040000,1481195519000,1.69441,1.69476,1.69336,1.69349,1425830000,8
1481195520000,1481195999000,1.69346,1.69346,1.69235,1.69293,1203380000,8
1481196000000,1481196479000,1.69289,1.69367,1.69286,1.69353,927060000,8
1481196480000,1481196959000,1.69353,1.69353,1.69228,1.69295,1231460000,8
1481196960000,1481197439000,1.69295,1.69305,1.69206,1.69262,1232270000,8
1481197440000,1481197919000,1.69263,1.69327,1.69216,1.69315,1344390000,8
1481197920000,1481198399000,1.69316,1.69377,1.69257,1.69321,1486600000,8
1481198400000,1481198879000,1.69321,1.69451,1.69291,1.69401,1285680000,8
1481198880000,1481199359000,1.69396,1.69516,1.69366,1.69382,1311140000,8
1481199360000,1481199839000,1.69382,1.69412,1.69099,1.69229,1656110000,8
1481199840000,1481200319000,1.69224,1.69282,1.69169,1.69182,1627600000,8
1481200320000,1481200799000,1.69187,1.69231,1.69026,1.69031,1425290000,8
1481200800000,1481201279000,1.69031,1.69632,1.68978,1.69558,2664470000,8
1481201280000,1481201759000,1.69557,1.6956,1.69211,1.69373,3799740000,8
1481201760000,1481202239000,1.69377,1.69582,1.69245,1.69462,2981760000,8
1481202240000,1481202719000,1.6946,1.69542,1.69377,1.69472,2710240000,8
1481202720000,1481203199000,1.69469,1.69508,1.69361,1.69431,2209090000,8
1481203200000,1481203679000,1.69432,1.69653,1.69432,1.69497,2526540000,8
1481203680000,1481204159000,1.69502,1.69638,1.69372,1.69396,3126200000,8
1481204160000,1481204639000,1.69396,1.69491,1.69171,1.69462,3790930000,8
1481204640000,1481205119000,1.69464,1.69548,1.69201,1.69441,3602130000,8
1481205120000,1481205599000,1.69456,1.69483,1.69027,1.69039,3243680000,8
1481205600000,1481206079000,1.69048,1.69066,1.68916,1.68947,2883930000,8
1481206080000,1481206559000,1.68947,1.69187,1.68819,1.69112,3140000000,8
1481206560000,1481207039000,1.69113,1.69206,1.68916,1.68956,2817000000,8
1481207040000,1481207519000,1.68954,1.69202,1.68791,1.69151,3119590000,8
1481207520000,1481207999000,1.69146,1.69217,1.69066,1.69158,3006630000,8
1481208000000,1481208479000,1.6917,1.6934,1.69104,1.69187,2909800000,8
1481208480000,1481208959000,1.69187,1.69387,1.69161,1.69201,2988810000,8
1481208960000,1481209439000,1.692,1.69253,1.69033,1.69224,2844050000,8
1481209440000,1481209919000,1.69226,1.69233,1.69096,1.69212,2376130000,8
1481209920000,1481210399000,1.69212,1.69292,1.69139,1.69182,2140910000,8
1481210400000,1481210879000,1.69181,1.69187,1.69032,1.69083,1896690000,8
1481210880000,1481211359000,1.69083,1.69214,1.69046,1.69183,2089980000,8
1481211360000,1481211839000,1.69182,1.69265,1.6918,1.69232,1752360000,8
1481211840000,1481212319000,1.69234,1.69309,1.69096,1.69248,1995630000,8
1481212320000,1481212799000,1.69249,1.69291,1.68692,1.68757,2765990000,8
1481212800000,1481213279000,1.68757,1.68884,1.6875,1.68857,2184390000,8
1481213280000,1481213759000,1.68857,1.6903,1.68796,1.68937,1891950000,8
1481213760000,1481214239000,1.68936,1.68952,1.68746,1.68757,1997930000,8
1481214240000,1481214719000,1.68766,1.68873,1.68716,1.6887,1850680000,8
1481214720000,1481215199000,1.6887,1.68936,1.68758,1.68881,1677070000,8
1481215200000,1481215679000,1.6888,1.68883,1.68717,1.68758,1508990000,8
1481215680000,1481216159000,1.68757,1.68834,1.68727,1.68778,1727580000,8
1481216160000,1481216639000,1.68777,1.68862,1.68705,1.68726,1467900000,8
1481216640000,1481217119000,1.68727,1.68764,1.68678,1.68682,1371370000,8
1481217120000,1481217599000,1.68684,1.68792,1.68682,1.6877,1252010000,8
1481217600000,1481218079000,1.6877,1.6879,1.68723,1.68773,1326370000,8
1481218080000,1481218559000,1.68772,1.68842,1.68748,1.68783,1060750000,8
1481218560000,1481219039000,1.68784,1.68867,1.68762,1.68865,1582060000,8
1481219040000,1481219519000,1.68865,1.68941,1.68826,1.68833,1363410000,8
1481219520000,1481219999000,1.68831,1.68832,1.68711,1.68721,1527290000,8
1481220000000,1481220479000,1.68722,1.68876,1.68709,1.68827,1042160000,8
1481220480000,1481220959000,1.6882,1.68839,1.68728,1.68799,793740000,8
1481220960000,1481221439000,1.68799,1.68896,1.68799,1.68869,955400000,8
1481221440000,1481221919000,1.6887,1.6887,1.68821,1.68836,1021940000,8
1481221920000,1481222399000,1.68836,1.68897,1.68812,1.68827,1123600000,8
1481222400000,1481222879000,1.68824,1.68902,1.68802,1.6888,953110000,8
1481222880000,1481223359000,1.6888,1.68914,1.68841,1.68892,1120230000,8
1481223360000,1481223839000,1.68894,1.68894,1.68778,1.68782,1263320000,8
1481223840000,1481224319000,1.68782,1.68787,1.68655,1.68661,879490000,8
1481224320000,1481224799000,1.68662,1.68671,1.68607,1.68634,1141180000,8
1481224800000,1481225279000,1.68634,1.68755,1.68634,1.68645,1408590000,8
1481225280000,1481225759000,1.68647,1.68647,1.68501,1.68574,1435850000,8
1481225760000,1481226239000,1.68572,1.6869,1.68567,1.68633,1364980000,8
1481226240000,1481226719000,1.68634,1.68698,1.68634,1.68673,1055130000,8
1481226720000,1481227199000,1.68673,1.68738,1.68642,1.68733,1427950000,8
1481227200000,1481227679000,1.68733,1.68747,1.68669,1.68722,1471000000,8
1481227680000,1481228159000,1.68722,1.68795,1.68697,1.68791,1719730000,8
1481228160000,1481228639000,1.68791,1.68818,1.68746,1.68757,1306220000,8
1481228640000,1481229119000,1.68757,1.68801,1.68682,1.6869,1448980000,8
1481229120000,1481229599000,1.68689,1.68762,1.68653,1.68658,1253760000,8
1481229600000,1481230079000,1.68658,1.68664,1.68581,1.68581,1208320000,8
1481230080000,1481230559000,1.68582,1.68617,1.68541,1.68546,1476050000,8
1481230560000,1481231039000,1.68546,1.68738,1.68531,1.687,968110000,8
1481231040000,1481231519000,1.68696,1.68705,1.6863,1.68658,593680000,8
1481231520000,1481231999000,1.68696,1.68717,1.68645,1.68697,403850000,8
1481232000000,1481232479000,1.68691,1.68691,1.68652,1.68667,365320000,8
1481232480000,1481232959000,1.68665,1.68665,1.68567,1.68569,467470000,8
1481232960000,1481233439000,1.68572,1.68631,1.68572,1.68614,345720000,8
1481233440000,1481233919000,1.68613,1.68651,1.6859,1.68628,400920000,8
1481233920000,1481234399000,1.68628,1.68705,1.68597,1.68612,600090000,8
1481234400000,1481234879000,1.68577,1.68596,1.68393,1.68422,99880000,8
1481234880000,1481235359000,1.68422,1.68555,1.68422,1.68554,115200000,8
1481235360000,1481235839000,1.68555,1.68646,1.68555,1.68646,207170000,8
1481235840000,1481236319000,1.68646,1.6884,1.68616,1.68675,587870000,8
1481236320000,1481236799000,1.68681,1.68718,1.68659,1.68718,116860000,8
1481236800000,1481237279000,1.68704,1.68729,1.68644,1.68666,239470000,8
1481237280000,1481237759000,1.68667,1.68735,1.68593,1.68735,454120000,8
1481237760000,1481238239000,1.6873,1.68867,1.68708,1.68846,1114010000,8
1481238240000,1481238719000,1.68852,1.68891,1.68811,1.68822,411620000,8
1481238720000,1481239199000,1.68822,1.68822,1.68723,1.68742,522490000,8
1481239200000,1481239679000,1.68744,1.68776,1.68718,1.68731,391610000,8
1481239680000,1481240159000,1.68732,1.68732,1.68672,1.68717,537750000,8
1481240160000,1481240639000,1.68717,1.68722,1.68658,1.68661,464990000,8
1481240640000,1481241119000,1.68662,1.68709,1.68639,1.68648,624430000,8
1481241120000,1481241599000,1.68649,1.68712,1.68617,1.68706,659890000,8
1481241600000,1481242079000,1.68711,1.68763,1.68678,1.68715,577240000,8
1481242080000,1481242559000,1.68716,1.68847,1.68696,1.68826,1122600000,8
1481242560000,1481243039000,1.68832,1.68856,1.68716,1.68811,910620000,8
1481243040000,1481243519000,1.68817,1.6888,1.68722,1.68797,1038720000,8
1481243520000,1481243999000,1.68797,1.68806,1.68716,1.68772,742190000,8
1481244000000,1481244479000,1.68771,1.68818,1.68723,1.68816,824250000,8
1481244480000,1481244959000,1.68813,1.68833,1.68771,1.68797,848720000,8
1481244960000,1481245439000,1.68801,1.68905,1.68762,1.68786,832540000,8
1481245440000,1481245919000,1.68786,1.68859,1.68762,1.68801,565190000,8
1481245920000,1481246399000,1.68801,1.68892,1.68792,1.68846,649130000,8
1481246400000,1481246879000,1.68846,1.68927,1.68812,1.68866,537930000,8
1481246880000,1481247359000,1.6886,1.68899,1.68756,1.68798,906330000,8
1481247360000,1481247839000,1.68798,1.68894,1.68762,1.68822,1006950000,8
1481247840000,1481248319000,1.6882,1.68881,1.68769,1.6888,1235090000,8
1481248320000,1481248799000,1.6888,1.68957,1.68829,1.68876,1036480000,8
1481248800000,1481249279000,1.68876,1.68913,1.68811,1.68827,876270000,8
1481249280000,1481249759000,1.68829,1.68856,1.68746,1.68781,733300000,8
1481249760000,1481250239000,1.68781,1.68827,1.68743,1.68782,744600000,8
1481250240000,1481250719000,1.68783,1.68851,1.68756,1.68772,906740000,8
1481250720000,1481251199000,1.68772,1.68809,1.68725,1.68809,1088300000,8
1481251200000,1481251679000,1.68812,1.68856,1.68777,1.68802,694040000,8
1481251680000,1481252159000,1.68803,1.68883,1.68788,1.68854,1054840000,8
1481252160000,1481252639000,1.68856,1.68875,1.68821,1.68857,943450000,8
1481252640000,1481253119000,1.68857,1.68945,1.68853,1.68921,772560000,8
1481253120000,1481253599000,1.68922,1.68928,1.68841,1.68867,707010000,8
1481253600000,1481254079000,1.68867,1.68888,1.68824,1.68826,818330000,8
1481254080000,1481254559000,1.68827,1.68856,1.68813,1.68827,473600000,8
1481254560000,1481255039000,1.68831,1.68857,1.68797,1.68806,342020000,8
1481255040000,1481255519000,1.68806,1.68851,1.68772,1.68805,704590000,8
1481255520000,1481255999000,1.68802,1.68827,1.68726,1.68727,643410000,8
1481256000000,1481256479000,1.68727,1.68812,1.68727,1.68811,626670000,8
1481256480000,1481256959000,1.6881,1.68823,1.68755,1.68762,531280000,8
1481256960000,1481257439000,1.68762,1.68804,1.68739,1.68795,452200000,8
1481257440000,1481257919000,1.68795,1.68831,1.68748,1.68758,486160000,8
1481257920000,1481258399000,1.68761,1.68792,1.68721,1.68728,371730000,8
1481258400000,1481258879000,1.68728,1.68779,1.68691,1.68737,734970000,8
1481258880000,1481259359000,1.68741,1.68742,1.68642,1.68672,660370000,8
1481259360000,1481259839000,1.68673,1.68714,1.68646,1.68706,703490000,8
1481259840000,1481260319000,1.68706,1.68706,1.68587,1.68617,627630000,8
1481260320000,1481260799000,1.68616,1.68642,1.68586,1.68601,627120000,8
1481260800000,1481261279000,1.68599,1.68627,1.68577,1.68614,498660000,8
1481261280000,1481261759000,1.68613,1.68636,1.68581,1.68627,537960000,8
1481261760000,1481262239000,1.68627,1.68663,1.68612,1.68652,557290000,8
1481262240000,1481262719000,1.68652,1.68722,1.68646,1.68701,512300000,8
1481262720000,1481263199000,1.68701,1.68731,1.68677,1.68711,712530000,8
1481263200000,1481263679000,1.68707,1.68731,1.68661,1.68676,926800000,8
1481263680000,1481264159000,1.68677,1.68682,1.68571,1.68591,667450000,8
1481264160000,1481264639000,1.68592,1.68627,1.68517,1.68613,784480000,8
1481264640000,1481265119000,1.68613,1.68617,1.68545,1.6857,468790000,8
1481265120000,1481265599000,1.6857,1.68631,1.68535,1.68546,480130000,8
1481265600000,1481266079000,1.68547,1.68567,1.68477,1.68489,434920000,8
1481266080000,1481266559000,1.6849,1.68508,1.68443,1.68475,619460000,8
1481266560000,1481267039000,1.68476,1.6855,1.68465,1.68501,751610000,8
1481267040000,1481267519000,1.68489,1.68542,1.68456,1.68536,1169060000,8
1481267520000,1481267999000,1.68535,1.68571,1.68456,1.68462,990870000,8
1481268000000,1481268479000,1.68461,1.68526,1.68378,1.68407,805470000,8
1481268480000,1481268959000,1.68407,1.68427,1.68226,1.68237,963470000,8
1481268960000,1481269439000,1.68232,1.68255,1.68106,1.68244,1015810000,8
1481269440000,1481269919000,1.68247,1.68255,1.68121,1.68192,991380000,8
1481269920000,1481270399000,1.68196,1.68196,1.6809,1.68124,1073830000,8
1481270400000,1481270879000,1.68127,1.68262,1.68091,1.68232,1651160000,8
1481270880000,1481271359000,1.68236,1.68324,1.68226,1.68267,1393610000,8
1481271360000,1481271839000,1.68268,1.68502,1.68232,1.68476,1367880000,8
1481271840000,1481272319000,1.68476,1.68502,1.68416,1.68436,1063550000,8
1481272320000,1481272799000,1.68441,1.68551,1.68377,1.68519,1254830000,8
1481272800000,1481273279000,1.68521,1.68631,1.68487,1.68606,1412840000,8
1481273280000,1481273759000,1.68606,1.68699,1.6858,1.68621,1449320000,8
1481273760000,1481274239000,1.68621,1.68674,1.68543,1.68585,1528440000,8
1481274240000,1481274719000,1.68586,1.68616,1.68422,1.68486,1050940000,8
1481274720000,1481275199000,1.68483,1.68578,1.68456,1.68547,1107950000,8
1481275200000,1481275679000,1.68547,1.68547,1.68402,1.68479,1213610000,8
1481275680000,1481276159000,1.68483,1.68598,1.68433,1.68593,1305050000,8
1481276160000,1481276639000,1.68593,1.68642,1.68562,1.68616,1157150000,8
1481276640000,1481277119000,1.68619,1.68752,1.68602,1.68711,1343020000,8
1481277120000,1481277599000,1.68712,1.68752,1.68607,1.68627,1053340000,8
1481277600000,1481278079000,1.68628,1.68655,1.68504,1.68646,1511120000,8
1481278080000,1481278559000,1.68637,1.68721,1.6854,1.68568,1453990000,8
1481278560000,1481279039000,1.68569,1.68612,1.68441,1.68457,1237730000,8
1481279040000,1481279519000,1.68457,1.68492,1.68404,1.68452,1037610000,8
1481279520000,1481279999000,1.68452,1.68486,1.68351,1.68379,961040000,8
1481280000000,1481280479000,1.68379,1.68482,1.68379,1.68446,907930000,8
1481280480000,1481280959000,1.68447,1.68482,1.68321,1.68402,1076870000,8
1481280960000,1481281439000,1.68399,1.68496,1.68365,1.68422,1125610000,8
1481281440000,1481281919000,1.68422,1.68507,1.68311,1.68321,1120490000,8
1481281920000,1481282399000,1.68316,1.68401,1.68266,1.68342,1339560000,8
1481282400000,1481282879000,1.68346,1.68416,1.68258,1.68322,1430950000,8
1481282880000,1481283359000,1.68322,1.68364,1.68207,1.68246,1442430000,8
1481283360000,1481283839000,1.68246,1.68358,1.68162,1.68312,1310690000,8
1481283840000,1481284319000,1.68311,1.68318,1.68173,1.6823,1457920000,8
1481284320000,1481284799000,1.68227,1.68419,1.68162,1.68403,1511670000,8
1481284800000,1481285279000,1.684,1.68417,1.68231,1.68292,1607460000,8
1481285280000,1481285759000,1.68291,1.68589,1.68286,1.6852,1868060000,8
1481285760000,1481286239000,1.68523,1.68725,1.68514,1.68692,1882770000,8
1481286240000,1481286719000,1.68691,1.68762,1.68596,1.68677,1822890000,8
1481286720000,1481287199000,1.68676,1.68794,1.68623,1.6875,1759030000,8
1481287200000,1481287679000,1.68755,1.68774,1.68646,1.68747,1243040000,8
1481287680000,1481288159000,1.68751,1.68902,1.68751,1.68884,1404670000,8
1481288160000,1481288639000,1.68884,1.6889,1.68562,1.68574,1843920000,8
1481288640000,1481289119000,1.68574,1.68784,1.68529,1.68707,1758210000,8
1481289120000,1481289599000,1.68707,1.68707,1.68252,1.68387,2285920000,8
1481289600000,1481290079000,1.68388,1.68464,1.68318,1.68427,2361280000,8
1481290080000,1481290559000,1.68426,1.68489,1.68297,1.68376,2178310000,8
1481290560000,1481291039000,1.68377,1.68437,1.68326,1.68364,1788800000,8
1481291040000,1481291519000,1.68364,1.68372,1.68174,1.68262,1989560000,8
1481291520000,1481291999000,1.68266,1.68387,1.68206,1.68387,1570370000,8
1481292000000,1481292479000,1.68387,1.68407,1.68266,1.68365,1907180000,8
1481292480000,1481292959000,1.68366,1.68494,1.6836,1.68462,1651010000,8
1481292960000,1481293439000,1.68462,1.68547,1.68419,1.6842,1507360000,8
1481293440000,1481293919000,1.68419,1.68535,1.68386,1.68486,1613420000,8
1481293920000,1481294399000,1.68486,1.68608,1.68479,1.6857,1837330000,8
1481294400000,1481294879000,1.68571,1.68577,1.68357,1.6836,1908540000,8
1481294880000,1481295359000,1.6836,1.68378,1.6826,1.68351,1752750000,8
1481295360000,1481295839000,1.68355,1.68476,1.68329,1.68419,1886450000,8
1481295840000,1481296319000,1.6842,1.68632,1.684,1.68588,2037820000,8
1481296320000,1481296799000,1.68588,1.68708,1.6853,1.68626,1725360000,8
1481296800000,1481297279000,1.68625,1.68638,1.6852,1.68554,1402770000,8
1481297280000,1481297759000,1.68557,1.68657,1.68547,1.68637,1183430000,8
1481297760000,1481298239000,1.68636,1.68678,1.68458,1.6849,1363270000,8
1481298240000,1481298719000,1.6849,1.68638,1.68486,1.68606,1357130000,8
1481298720000,1481299199000,1.68608,1.68668,1.68536,1.68577,1941810000,8
1481299200000,1481299679000,1.68579,1.68709,1.68566,1.68674,2083760000,8
1481299680000,1481300159000,1.68674,1.68774,1.68644,1.68742,1557940000,8
1481300160000,1481300639000,1.68744,1.68944,1.68741,1.68858,1631040000,8
1481300640000,1481301119000,1.68852,1.68942,1.68822,1.68859,1638260000,8
1481301120000,1481301599000,1.68862,1.69,1.6886,1.68948,1280640000,8
1481301600000,1481302079000,1.68949,1.68981,1.68876,1.68946,1245360000,8
1481302080000,1481302559000,1.68947,1.69072,1.68851,1.69057,1646990000,8
1481302560000,1481303039000,1.69058,1.69226,1.6903,1.69194,1502260000,8
1481303040000,1481303519000,1.69194,1.69198,1.69101,1.69131,1267960000,8
1481303520000,1481303999000,1.6913,1.6915,1.69061,1.69082,1142110000,8
1481304000000,1481304479000,1.69079,1.69158,1.69024,1.69024,1067940000,8
1481304480000,1481304959000,1.69024,1.69077,1.68989,1.69037,838340000,8
1481304960000,1481305439000,1.69037,1.69057,1.68947,1.68947,892380000,8
1481305440000,1481305919000,1.68946,1.69037,1.68918,1.6903,745800000,8
1481305920000,1481306399000,1.69028,1.69051,1.68951,1.68961,866660000,8
1481306400000,1481306879000,1.68963,1.68966,1.68852,1.68877,599850000,8
1481306880000,1481307359000,1.68872,1.6888,1.68781,1.68806,723620000,8
1481307360000,1481307839000,1.68805,1.68805,1.6874,1.68747,669850000,8
1481307840000,1481308319000,1.68751,1.68774,1.68715,1.68715,489690000,8
1481308320000,1481308799000,1.68714,1.68772,1.68641,1.68691,573950000,8
1481308800000,1481309279000,1.68692,1.68713,1.68634,1.68654,549130000,8
1481309280000,1481309759000,1.68653,1.68687,1.68616,1.68677,799380000,8
1481309760000,1481310239000,1.68677,1.68722,1.68656,1.68657,848680000,8
1481310240000,1481310719000,1.68657,1.68661,1.68605,1.68637,687710000,8
1481310720000,1481311199000,1.68635,1.68639,1.68593,1.68626,681630000,8
1481311200000,1481311679000,1.68626,1.68667,1.6861,1.68653,664180000,8
1481311680000,1481312159000,1.68655,1.68662,1.68576,1.68599,556260000,8
1481312160000,1481312639000,1.68597,1.68677,1.68557,1.6867,661410000,8
1481312640000,1481313119000,1.6867,1.68712,1.68626,1.68712,796910000,8
1481313120000,1481313599000,1.68712,1.68712,1.68594,1.68613,866680000,8
1481313600000,1481314079000,1.68614,1.68677,1.68596,1.68664,774110000,8
1481314080000,1481314559000,1.68664,1.68712,1.68655,1.68707,703520000,8
1481314560000,1481315039000,1.68708,1.68806,1.68677,1.68803,1119360000,8
1481315040000,1481315519000,1.68801,1.68813,1.68747,1.68756,896050000,8
1481315520000,1481315999000,1.68754,1.68811,1.68732,1.68795,885970000,8
1481316000000,1481316479000,1.68797,1.68807,1.68755,1.68775,647900000,8
1481316480000,1481316959000,1.68774,1.688,1.68756,1.68782,928080000,8
1481316960000,1481317439000,1.68781,1.68807,1.68679,1.68761,1044670000,8
1481317440000,1481317919000,1.68761,1.68832,1.68737,1.68761,567090000,8
1481317920000,1481318399000,1.6876,1.68807,1.6876,1.68802,309550000,8
1481318400000,1481318879000,1.68802,1.68854,1.68793,1.6883,535630000,8
1481318880000,1481319359000,1.68831,1.68887,1.68823,1.68857,335120000,8
1481319360000,1481319839000,1.68858,1.68912,1.68723,1.68727,490900000,8
1481319840000,1481320319000,1.68724,1.68776,1.68714,1.68725,379760000,8
1481320320000,1481320799000,1.68724,1.68832,1.68671,1.68691,680150000,8
1481320800000,1481321279000,1.68691,1.68691,1.68691,1.68691,0,8
1481321280000,1481321759000,1.68691,1.68691,1.68691,1.68691,0,8
1481321760000,1481322239000,1.68691,1.68691,1.68691,1.68691,0,8
1481322240000,1481322719000,1.68691,1.68691,1.68691,1.68691,0,8
1481322720000,1481323199000,1.68691,1.68691,1.68691,1.68691,0,8
1481323200000,1481323679000,1.68691,1.68691,1.68691,1.68691,0,8
1481323680000,1481324159000,1.68691,1.68691,1.68691,1.68691,0,8
1481324160000,1481324639000,1.68691,1.68691,1.68691,1.68691,0,8
1481324640000,1481325119000,1.68691,1.68691,1.68691,1.68691,0,8
1481325120000,1481325599000,1.68691,1.68691,1.68691,1.68691,0,8
1481325600000,1481326079000,1.68691,1.68691,1.68691,1.68691,0,8
1481326080000,1481326559000,1.68691,1.68691,1.68691,1.68691,0,8
1481326560000,1481327039000,1.68691,1.68691,1.68691,1.68691,0,8
1481327040000,1481327519000,1.68691,1.68691,1.68691,1.68691,0,8
1481327520000,1481327999000,1.68691,1.68691,1.68691,1.68691,0,8
1481493600000,1481494079000,1.68791,1.69092,1.68741,1.68952,154920000,8
1481494080000,1481494559000,1.68956,1.69056,1.68921,1.69035,154000000,8
1481494560000,1481495039000,1.69037,1.69352,1.69037,1.69308,278170000,8
1481495040000,1481495519000,1.69302,1.69316,1.69208,1.69282,282280000,8
1481495520000,1481495999000,1.69273,1.69411,1.69205,1.69388,363920000,8
1481496000000,1481496479000,1.69387,1.69391,1.6932,1.6932,249800000,8
1481496480000,1481496959000,1.6932,1.6932,1.69102,1.69114,443120000,8
1481496960000,1481497439000,1.69114,1.69263,1.69101,1.69144,724030000,8
1481497440000,1481497919000,1.69145,1.69177,1.69013,1.69031,961570000,8
1481497920000,1481498399000,1.69031,1.69086,1.68973,1.69031,787660000,8
1481498400000,1481498879000,1.69032,1.69036,1.68905,1.68913,550930000,8
1481498880000,1481499359000,1.68911,1.69231,1.68857,1.69096,1054110000,8
1481499360000,1481499839000,1.69095,1.69152,1.68959,1.69042,836660000,8
1481499840000,1481500319000,1.69039,1.69179,1.69039,1.69065,715690000,8
1481500320000,1481500799000,1.69065,1.69127,1.6904,1.6907,508780000,8
1481500800000,1481501279000,1.69072,1.69159,1.69022,1.69156,916430000,8
1481501280000,1481501759000,1.69154,1.69182,1.69069,1.6908,741540000,8
1481501760000,1481502239000,1.69079,1.69142,1.69066,1.69111,439220000,8
1481502240000,1481502719000,1.69112,1.69209,1.69104,1.69181,836350000,8
1481502720000,1481503199000,1.69181,1.6922,1.69102,1.69173,765240000,8
1481503200000,1481503679000,1.69173,1.69197,1.69067,1.69072,652080000,8
1481503680000,1481504159000,1.69074,1.69193,1.69034,1.69042,783750000,8
1481504160000,1481504639000,1.69043,1.69069,1.68965,1.68997,799510000,8
1481504640000,1481505119000,1.68991,1.69012,1.68895,1.68929,1084610000,8
1481505120000,1481505599000,1.68929,1.68971,1.68903,1.68903,676100000,8
1481505600000,1481506079000,1.68903,1.68939,1.68781,1.68787,749880000,8
1481506080000,1481506559000,1.68786,1.68792,1.68684,1.68734,833900000,8
1481506560000,1481507039000,1.68733,1.68769,1.68676,1.68744,888330000,8
1481507040000,1481507519000,1.68746,1.68829,1.68734,1.68807,639260000,8
1481507520000,1481507999000,1.68806,1.6883,1.68779,1.68815,608600000,8
1481508000000,1481508479000,1.68815,1.68873,1.6877,1.68777,795190000,8
1481508480000,1481508959000,1.68777,1.68843,1.68759,1.68838,1067160000,8
1481508960000,1481509439000,1.68838,1.68852,1.68777,1.68803,1757120000,8
1481509440000,1481509919000,1.68802,1.68852,1.68758,1.68844,1392120000,8
1481509920000,1481510399000,1.68844,1.6894,1.68827,1.68934,1112930000,8
1481510400000,1481510879000,1.68932,1.68969,1.689,1.68909,1402550000,8
1481510880000,1481511359000,1.68909,1.6891,1.68846,1.68875,1425690000,8
1481511360000,1481511839000,1.68872,1.68896,1.68835,1.68871,695170000,8
1481511840000,1481512319000,1.68872,1.68896,1.6875,1.68765,614250000,8
1481512320000,1481512799000,1.68765,1.68871,1.68747,1.68848,825000000,8
1481512800000,1481513279000,1.68848,1.6886,1.68797,1.68846,756820000,8
1481513280000,1481513759000,1.68848,1.68966,1.68836,1.68966,677850000,8
1481513760000,1481514239000,1.68966,1.68989,1.6893,1.68986,596530000,8
1481514240000,1481514719000,1.68986,1.68994,1.68876,1.68933,658600000,8
1481514720000,1481515199000,1.68935,1.6899,1.68933,1.68978,430090000,8
1481515200000,1481515679000,1.68977,1.69023,1.68948,1.68986,496150000,8
1481515680000,1481516159000,1.68986,1.6903,1.68899,1.68967,539180000,8
1481516160000,1481516639000,1.68965,1.68965,1.68806,1.68886,896540000,8
1481516640000,1481517119000,1.68886,1.68933,1.68852,1.68888,980210000,8
1481517120000,1481517599000,1.68888,1.68893,1.68781,1.68787,934450000,8
1481517600000,1481518079000,1.68788,1.68856,1.68771,1.68852,526190000,8
1481518080000,1481518559000,1.68852,1.68864,1.68812,1.68826,661190000,8
1481518560000,1481519039000,1.68826,1.68896,1.68806,1.68836,689000000,8
1481519040000,1481519519000,1.68836,1.68867,1.68813,1.68862,569810000,8
1481519520000,1481519999000,1.68867,1.68907,1.6884,1.68877,546160000,8
1481520000000,1481520479000,1.68882,1.68925,1.68841,1.68846,581760000,8
1481520480000,1481520959000,1.68845,1.68862,1.68811,1.68859,506250000,8
1481520960000,1481521439000,1.68858,1.68882,1.68814,1.68867,693780000,8
1481521440000,1481521919000,1.68866,1.68961,1.68847,1.68886,766620000,8
1481521920000,1481522399000,1.68886,1.68914,1.68851,1.6891,780410000,8
1481522400000,1481522879000,1.6891,1.6894,1.68868,1.68903,675080000,8
1481522880000,1481523359000,1.68906,1.68948,1.68787,1.6885,735390000,8
1481523360000,1481523839000,1.68847,1.68987,1.68844,1.68939,738430000,8
1481523840000,1481524319000,1.68943,1.68954,1.68836,1.68836,902430000,8
1481524320000,1481524799000,1.68836,1.68861,1.68801,1.68817,917680000,8
1481524800000,1481525279000,1.68817,1.68822,1.68743,1.68763,886430000,8
1481525280000,1481525759000,1.68759,1.68858,1.68754,1.68833,844730000,8
1481525760000,1481526239000,1.68833,1.68887,1.68804,1.68866,1037000000,8
1481526240000,1481526719000,1.68865,1.6893,1.68836,1.68906,1123910000,8
1481526720000,1481527199000,1.68904,1.68928,1.68827,1.68872,1158280000,8
1481527200000,1481527679000,1.68872,1.69002,1.68835,1.6894,1233190000,8
1481527680000,1481528159000,1.6894,1.69046,1.68893,1.69018,1114640000,8
1481528160000,1481528639000,1.6902,1.69138,1.69013,1.69037,1591080000,8
1481528640000,1481529119000,1.69037,1.69096,1.68966,1.68974,974700000,8
1481529120000,1481529599000,1.68977,1.69024,1.68935,1.68947,1340220000,8
1481529600000,1481530079000,1.68947,1.68947,1.68845,1.68883,1635220000,8
1481530080000,1481530559000,1.68884,1.69185,1.6888,1.69147,1525610000,8
1481530560000,1481531039000,1.69147,1.69158,1.68976,1.69046,1362980000,8
1481531040000,1481531519000,1.69052,1.69061,1.68928,1.68949,1316540000,8
1481531520000,1481531999000,1.68964,1.69032,1.68876,1.69001,1493030000,8
1481532000000,1481532479000,1.68996,1.69002,1.6878,1.68785,1233100000,8
1481532480000,1481532959000,1.68787,1.68951,1.68787,1.68865,1276350000,8
1481532960000,1481533439000,1.68865,1.68943,1.68795,1.68845,1635130000,8
1481533440000,1481533919000,1.68845,1.68901,1.68675,1.6868,1365220000,8
1481533920000,1481534399000,1.68682,1.68742,1.68529,1.68529,1454810000,8
1481534400000,1481534879000,1.68532,1.68602,1.68488,1.68534,1494410000,8
1481534880000,1481535359000,1.68534,1.68559,1.68465,1.68538,1231670000,8
1481535360000,1481535839000,1.68535,1.6854,1.68425,1.68462,1076240000,8
1481535840000,1481536319000,1.68461,1.6847,1.6833,1.68451,1311280000,8
1481536320000,1481536799000,1.68451,1.68597,1.68426,1.68573,1332790000,8
1481536800000,1481537279000,1.68574,1.68713,1.68553,1.68658,1365650000,8
1481537280000,1481537759000,1.68655,1.68714,1.68612,1.68693,1520970000,8
1481537760000,1481538239000,1.68693,1.68873,1.68623,1.68639,1313010000,8
1481538240000,1481538719000,1.68639,1.68666,1.68597,1.6863,1269710000,8
1481538720000,1481539199000,1.68629,1.68654,1.68447,1.68506,1343220000,8
1481539200000,1481539679000,1.6851,1.68572,1.6846,1.68509,1294820000,8
1481539680000,1481540159000,1.68508,1.68523,1.68376,1.68438,1135030000,8
1481540160000,1481540639000,1.68439,1.68555,1.68424,1.68459,1198590000,8
1481540640000,1481541119000,1.68462,1.68516,1.68401,1.68461,1323560000,8
1481541120000,1481541599000,1.68461,1.6855,1.6838,1.685,1273950000,8
1481541600000,1481542079000,1.68499,1.68699,1.68483,1.68651,1295640000,8
1481542080000,1481542559000,1.68654,1.68704,1.68554,1.68608,1388450000,8
1481542560000,1481543039000,1.68609,1.68731,1.68536,1.6869,1192040000,8
1481543040000,1481543519000,1.68694,1.6898,1.68608,1.68927,1561070000,8
1481543520000,1481543999000,1.68929,1.69009,1.68819,1.68831,1180060000,8
1481544000000,1481544479000,1.68834,1.68993,1.68772,1.68959,1654720000,8
1481544480000,1481544959000,1.68958,1.69051,1.68902,1.68983,1482550000,8
1481544960000,1481545439000,1.68983,1.68996,1.68851,1.68951,1041190000,8
1481545440000,1481545919000,1.68947,1.69029,1.68916,1.69027,1264590000,8
1481545920000,1481546399000,1.69024,1.69056,1.68929,1.68948,1280190000,8
1481546400000,1481546879000,1.6895,1.6899,1.68893,1.68962,1191600000,8
1481546880000,1481547359000,1.68956,1.69024,1.68954,1.68966,995360000,8
1481547360000,1481547839000,1.68964,1.69002,1.68875,1.68875,1464440000,8
1481547840000,1481548319000,1.68874,1.68908,1.68836,1.68866,1296840000,8
1481548320000,1481548799000,1.68866,1.68934,1.68836,1.68897,1300770000,8
1481548800000,1481549279000,1.68897,1.68897,1.68722,1.68724,2058090000,8
1481549280000,1481549759000,1.68725,1.68932,1.68716,1.68856,1352280000,8
1481549760000,1481550239000,1.68862,1.6896,1.68802,1.68887,1766430000,8
1481550240000,1481550719000,1.68885,1.68895,1.68736,1.68831,1751740000,8
1481550720000,1481551199000,1.68831,1.68902,1.68822,1.68891,1459830000,8
1481551200000,1481551679000,1.68889,1.68982,1.68859,1.68959,1299520000,8
1481551680000,1481552159000,1.68958,1.69132,1.68942,1.69009,1369580000,8
1481552160000,1481552639000,1.69002,1.69005,1.68811,1.68846,1631140000,8
1481552640000,1481553119000,1.68846,1.68868,1.68773,1.68822,1442100000,8
1481553120000,1481553599000,1.68821,1.68905,1.68806,1.68812,1516060000,8
1481553600000,1481554079000,1.68813,1.689,1.68813,1.68874,1436320000,8
1481554080000,1481554559000,1.68876,1.6889,1.68756,1.68807,1610110000,8
1481554560000,1481555039000,1.68807,1.68997,1.68746,1.68911,1763860000,8
1481555040000,1481555519000,1.68912,1.68932,1.68796,1.68859,1406540000,8
1481555520000,1481555999000,1.68858,1.6901,1.68846,1.68891,1613540000,8
1481556000000,1481556479000,1.68891,1.68911,1.68726,1.68735,1517330000,8
1481556480000,1481556959000,1.68736,1.68782,1.68646,1.68679,1432440000,8
1481556960000,1481557439000,1.68678,1.68837,1.68674,1.68831,1335060000,8
1481557440000,1481557919000,1.68833,1.68931,1.68811,1.68893,1247520000,8
1481557920000,1481558399000,1.68895,1.69037,1.6882,1.68937,1962850000,8
1481558400000,1481558879000,1.68936,1.69009,1.68877,1.69,1901800000,8
1481558880000,1481559359000,1.69006,1.69127,1.68995,1.69057,1302940000,8
1481559360000,1481559839000,1.69061,1.69172,1.69051,1.69162,1248850000,8
1481559840000,1481560319000,1.69161,1.69242,1.69087,1.69118,1289990000,8
1481560320000,1481560799000,1.69114,1.6918,1.69074,1.69157,1283210000,8
1481560800000,1481561279000,1.69154,1.69241,1.69152,1.69238,1348320000,8
1481561280000,1481561759000,1.69238,1.69257,1.69135,1.69183,1321410000,8
1481561760000,1481562239000,1.69182,1.69394,1.69172,1.69363,1449170000,8
1481562240000,1481562719000,1.69362,1.69399,1.69309,1.69375,1323690000,8
1481562720000,1481563199000,1.69374,1.69396,1.69216,1.69291,1501600000,8
1481563200000,1481563679000,1.69292,1.6937,1.69253,1.69298,1278260000,8
1481563680000,1481564159000,1.69298,1.69434,1.69291,1.69423,1373580000,8
1481564160000,1481564639000,1.69416,1.69438,1.69218,1.69222,1576610000,8
1481564640000,1481565119000,1.69223,1.69296,1.69096,1.69138,1535470000,8
1481565120000,1481565599000,1.69139,1.69212,1.69077,1.69201,1639970000,8
1481565600000,1481566079000,1.69202,1.69228,1.69159,1.69188,1181110000,8
1481566080000,1481566559000,1.69185,1.69228,1.69119,1.69152,1254690000,8
1481566560000,1481567039000,1.69152,1.69174,1.69083,1.69083,1321700000,8
1481567040000,1481567519000,1.69083,1.69267,1.69082,1.69258,1170490000,8
1481567520000,1481567999000,1.69258,1.69258,1.692,1.69235,899290000,8
1481568000000,1481568479000,1.69235,1.69255,1.69191,1.69234,1090030000,8
1481568480000,1481568959000,1.69234,1.6939,1.69226,1.69349,1055770000,8
1481568960000,1481569439000,1.69353,1.6936,1.69122,1.69221,1025810000,8
1481569440000,1481569919000,1.69222,1.69286,1.69174,1.69215,1001180000,8
1481569920000,1481570399000,1.69216,1.69253,1.69186,1.69211,814790000,8
1481570400000,1481570879000,1.69212,1.69305,1.69172,1.69204,1127570000,8
1481570880000,1481571359000,1.69204,1.69237,1.69174,1.69182,1186760000,8
1481571360000,1481571839000,1.69182,1.69245,1.69182,1.69229,840160000,8
1481571840000,1481572319000,1.69228,1.69276,1.69209,1.69273,920110000,8
1481572320000,1481572799000,1.69273,1.69302,1.69186,1.69216,1397210000,8
1481572800000,1481573279000,1.69217,1.69229,1.6917,1.69196,1089920000,8
1481573280000,1481573759000,1.69197,1.6923,1.69138,1.69173,1114610000,8
1481573760000,1481574239000,1.69174,1.6928,1.69168,1.69274,1101940000,8
1481574240000,1481574719000,1.69271,1.69278,1.69186,1.69204,1068230000,8
1481574720000,1481575199000,1.69205,1.69262,1.69205,1.69234,669080000,8
1481575200000,1481575679000,1.69234,1.69248,1.6906,1.69097,864220000,8
1481575680000,1481576159000,1.69096,1.69178,1.69067,1.69162,769430000,8
1481576160000,1481576639000,1.69162,1.69232,1.69162,1.69203,622710000,8
1481576640000,1481577119000,1.69203,1.69203,1.69174,1.69181,259790000,8
1481577120000,1481577599000,1.69181,1.69241,1.69166,1.69201,262750000,8
1481577600000,1481578079000,1.69201,1.69218,1.69177,1.69185,199670000,8
1481578080000,1481578559000,1.69185,1.6921,1.69172,1.69173,402970000,8
1481578560000,1481579039000,1.69172,1.6918,1.69124,1.69156,433390000,8
1481579040000,1481579519000,1.69156,1.69167,1.69116,1.69121,461610000,8
1481579520000,1481579999000,1.69129,1.69132,1.68979,1.68979,537980000,8
1481580000000,1481580479000,1.6897,1.69096,1.68852,1.69066,151180000,8
1481580480000,1481580959000,1.69069,1.69137,1.69055,1.69121,378000000,8
1481580960000,1481581439000,1.69152,1.69213,1.69074,1.69091,354160000,8
1481581440000,1481581919000,1.69091,1.6914,1.69031,1.69087,289490000,8
1481581920000,1481582399000,1.69087,1.69199,1.68995,1.69162,556850000,8
1481582400000,1481582879000,1.69161,1.69185,1.69025,1.69038,523710000,8
1481582880000,1481583359000,1.69037,1.69078,1.69025,1.69035,287520000,8
1481583360000,1481583839000,1.69037,1.69175,1.69029,1.6914,1115320000,8
1481583840000,1481584319000,1.6914,1.69206,1.69096,1.69141,777810000,8
1481584320000,1481584799000,1.69141,1.69153,1.69102,1.6914,492450000,8
1481584800000,1481585279000,1.6914,1.6914,1.69055,1.69064,676900000,8
1481585280000,1481585759000,1.69063,1.69222,1.69047,1.69203,682090000,8
1481585760000,1481586239000,1.69203,1.69207,1.69103,1.69107,556500000,8
1481586240000,1481586719000,1.69103,1.6912,1.69039,1.69059,507690000,8
1481586720000,1481587199000,1.69058,1.69078,1.69032,1.69072,466080000,8
1481587200000,1481587679000,1.69067,1.69109,1.6902,1.69037,734320000,8
1481587680000,1481588159000,1.69036,1.69066,1.68977,1.69032,956650000,8
1481588160000,1481588639000,1.69032,1.69144,1.69032,1.6912,812740000,8
1481588640000,1481589119000,1.69118,1.69127,1.69061,1.69081,855670000,8
1481589120000,1481589599000,1.69081,1.69123,1.69021,1.69027,798650000,8
1481589600000,1481590079000,1.69026,1.69111,1.68891,1.68912,1058810000,8
1481590080000,1481590559000,1.68911,1.68996,1.68703,1.68952,1298950000,8
1481590560000,1481591039000,1.68953,1.69042,1.68941,1.69022,896630000,8
1481591040000,1481591519000,1.6902,1.6913,1.69015,1.69126,1099090000,8
1481591520000,1481591999000,1.69126,1.69137,1.69001,1.69071,834530000,8
1481592000000,1481592479000,1.69071,1.69156,1.69031,1.69124,1115280000,8
1481592480000,1481592959000,1.6912,1.69184,1.69102,1.69158,1428020000,8
1481592960000,1481593439000,1.69158,1.69158,1.69086,1.69088,853250000,8
1481593440000,1481593919000,1.69088,1.69116,1.69049,1.69094,758720000,8
1481593920000,1481594399000,1.69101,1.69138,1.68996,1.69002,786030000,8
1481594400000,1481594879000,1.69007,1.69091,1.68943,1.69038,886020000,8
1481594880000,1481595359000,1.69038,1.69079,1.68963,1.68973,738530000,8
1481595360000,1481595839000,1.68974,1.69032,1.68948,1.68949,669470000,8
1481595840000,1481596319000,1.68949,1.69057,1.68947,1.69037,784210000,8
1481596320000,1481596799000,1.69037,1.69102,1.69032,1.69077,518410000,8
1481596800000,1481597279000,1.69082,1.69102,1.68994,1.69,758990000,8
1481597280000,1481597759000,1.68999,1.69107,1.68956,1.69063,644220000,8
1481597760000,1481598239000,1.69063,1.69102,1.6903,1.69085,619530000,8
1481598240000,1481598719000,1.69085,1.6909,1.69033,1.69075,794150000,8
1481598720000,1481599199000,1.69076,1.69115,1.69023,1.69093,794840000,8
1481599200000,1481599679000,1.69093,1.69112,1.69065,1.69072,687590000,8
1481599680000,1481600159000,1.69071,1.69096,1.69021,1.69047,583300000,8
1481600160000,1481600639000,1.69046,1.69067,1.68997,1.69042,726330000,8
1481600640000,1481601119000,1.69041,1.69127,1.69036,1.69108,719360000,8
1481601120000,1481601599000,1.69109,1.69145,1.69099,1.6911,519480000,8
1481601600000,1481602079000,1.69112,1.69147,1.69072,1.69104,695710000,8
1481602080000,1481602559000,1.69104,1.69145,1.69078,1.6911,559680000,8
1481602560000,1481603039000,1.69108,1.69163,1.69081,1.69134,684860000,8
1481603040000,1481603519000,1.69133,1.69189,1.69121,1.69178,474080000,8
1481603520000,1481603999000,1.69178,1.69192,1.69164,1.69165,466160000,8
1481604000000,1481604479000,1.69159,1.69159,1.69095,1.69104,850690000,8
1481604480000,1481604959000,1.69104,1.69113,1.69078,1.691,614370000,8
1481604960000,1481605439000,1.691,1.69147,1.69092,1.69122,530760000,8
1481605440000,1481605919000,1.69123,1.69163,1.69112,1.69146,579580000,8
1481605920000,1481606399000,1.69145,1.69162,1.69119,1.69157,543430000,8
1481606400000,1481606879000,1.69157,1.69215,1.69146,1.6918,625180000,8
1481606880000,1481607359000,1.69184,1.69251,1.69183,1.69224,652550000,8
1481607360000,1481607839000,1.69224,1.69229,1.69139,1.69177,730380000,8
1481607840000,1481608319000,1.69176,1.69186,1.69088,1.69135,735000000,8
1481608320000,1481608799000,1.69134,1.69194,1.69097,1.69143,787270000,8
1481608800000,1481609279000,1.69139,1.69167,1.69113,1.6914,708920000,8
1481609280000,1481609759000,1.6914,1.69147,1.69071,1.69122,777720000,8
1481609760000,1481610239000,1.69121,1.69202,1.69116,1.69176,760530000,8
1481610240000,1481610719000,1.69176,1.69304,1.69159,1.69285,662790000,8
1481610720000,1481611199000,1.6928,1.69346,1.69251,1.69322,651600000,8
1481611200000,1481611679000,1.69322,1.69396,1.69316,1.69336,631200000,8
1481611680000,1481612159000,1.69335,1.69389,1.69313,1.6937,610020000,8
1481612160000,1481612639000,1.69371,1.69405,1.69218,1.69286,933450000,8
1481612640000,1481613119000,1.69282,1.69311,1.69206,1.69246,940590000,8
1481613120000,1481613599000,1.69248,1.69311,1.69207,1.69299,957320000,8
1481613600000,1481614079000,1.693,1.69303,1.69184,1.6922,1042750000,8
1481614080000,1481614559000,1.6922,1.69282,1.6919,1.69253,1000920000,8
1481614560000,1481615039000,1.69255,1.69257,1.69115,1.69135,889330000,8
1481615040000,1481615519000,1.69135,1.69263,1.6913,1.69225,1109020000,8
1481615520000,1481615999000,1.69226,1.69306,1.69207,1.69272,1082060000,8
1481616000000,1481616479000,1.69276,1.69298,1.69202,1.69233,1457870000,8
1481616480000,1481616959000,1.69226,1.69267,1.6915,1.69224,1117090000,8
1481616960000,1481617439000,1.69224,1.69394,1.69197,1.69341,1158200000,8
1481617440000,1481617919000,1.6934,1.69436,1.69273,1.69348,1444720000,8
1481617920000,1481618399000,1.69347,1.69472,1.69336,1.69404,1229720000,8
1481618400000,1481618879000,1.69406,1.69447,1.69314,1.69427,1369330000,8
1481618880000,1481619359000,1.69427,1.69692,1.69421,1.69621,1216130000,8
1481619360000,1481619839000,1.6962,1.69644,1.69527,1.69545,1361500000,8
1481619840000,1481620319000,1.69545,1.69594,1.69478,1.6955,1099170000,8
1481620320000,1481620799000,1.69549,1.69712,1.69531,1.69651,1035400000,8
1481620800000,1481621279000,1.69651,1.69803,1.69626,1.69786,1146130000,8
1481621280000,1481621759000,1.69777,1.69984,1.69636,1.69911,1965880000,8
1481621760000,1481622239000,1.69913,1.69928,1.69799,1.69847,1421570000,8
1481622240000,1481622719000,1.69846,1.70083,1.69837,1.70029,1639800000,8
1481622720000,1481623199000,1.70029,1.70104,1.69878,1.69887,1652660000,8
1481623200000,1481623679000,1.69876,1.69978,1.69748,1.69793,1620860000,8
1481623680000,1481624159000,1.69793,1.69917,1.69757,1.69813,1549080000,8
1481624160000,1481624639000,1.69816,1.69967,1.69816,1.69829,1244260000,8
1481624640000,1481625119000,1.69828,1.69901,1.6977,1.69782,1358440000,8
1481625120000,1481625599000,1.69781,1.69893,1.69702,1.69861,1525940000,8
1481625600000,1481626079000,1.69861,1.69898,1.69766,1.69857,1224140000,8
1481626080000,1481626559000,1.69857,1.6986,1.69725,1.69726,1082160000,8
1481626560000,1481627039000,1.69726,1.69767,1.69618,1.69631,1335040000,8
1481627040000,1481627519000,1.69631,1.69648,1.69516,1.69532,1211160000,8
1481627520000,1481627999000,1.69529,1.69607,1.69502,1.69597,740820000,8
1481628000000,1481628479000,1.69602,1.69661,1.69554,1.69622,946780000,8
1481628480000,1481628959000,1.69622,1.69653,1.69551,1.69645,852940000,8
1481628960000,1481629439000,1.69646,1.69727,1.69632,1.69719,1028050000,8
1481629440000,1481629919000,1.69719,1.69774,1.69682,1.69743,1095100000,8
1481629920000,1481630399000,1.69743,1.69832,1.6968,1.69815,1306110000,8
1481630400000,1481630879000,1.69812,1.69835,1.69735,1.69756,1740420000,8
1481630880000,1481631359000,1.69755,1.69768,1.69625,1.69675,1374400000,8
1481631360000,1481631839000,1.69675,1.69698,1.69627,1.69634,1314480000,8
1481631840000,1481632319000,1.69636,1.69674,1.69563,1.69641,1235310000,8
1481632320000,1481632799000,1.69642,1.69642,1.69556,1.69575,955240000,8
1481632800000,1481633279000,1.69581,1.69667,1.69578,1.69652,954360000,8
1481633280000,1481633759000,1.69655,1.69737,1.69644,1.69657,1153520000,8
1481633760000,1481634239000,1.69657,1.69684,1.69493,1.69564,1422660000,8
1481634240000,1481634719000,1.69565,1.69579,1.69423,1.69428,1400020000,8
1481634720000,1481635199000,1.69429,1.69552,1.69425,1.69519,1293250000,8
1481635200000,1481635679000,1.69517,1.69534,1.69339,1.69344,1665080000,8
1481635680000,1481636159000,1.69344,1.69382,1.69233,1.69337,1743650000,8
1481636160000,1481636639000,1.69337,1.69432,1.69284,1.69412,1735280000,8
1481636640000,1481637119000,1.69412,1.69467,1.69321,1.69353,1357170000,8
1481637120000,1481637599000,1.69353,1.69377,1.693,1.69309,1267530000,8
1481637600000,1481638079000,1.6931,1.6942,1.69303,1.69392,1330200000,8
1481638080000,1481638559000,1.69389,1.69475,1.69317,1.69352,1753750000,8
1481638560000,1481639039000,1.69352,1.69376,1.69319,1.69338,1230900000,8
1481639040000,1481639519000,1.69338,1.69404,1.69246,1.69329,1570610000,8
1481639520000,1481639999000,1.69329,1.69358,1.69206,1.69252,1697890000,8
1481640000000,1481640479000,1.69251,1.69298,1.69124,1.69252,1870330000,8
1481640480000,1481640959000,1.6925,1.69388,1.6925,1.69279,2098410000,8
1481640960000,1481641439000,1.69279,1.69452,1.69221,1.69436,2342950000,8
1481641440000,1481641919000,1.69433,1.6964,1.69411,1.69538,1981030000,8
1481641920000,1481642399000,1.69535,1.69727,1.69527,1.69557,2209100000,8
1481642400000,1481642879000,1.69551,1.69568,1.69193,1.69267,2232430000,8
1481642880000,1481643359000,1.69261,1.69292,1.68932,1.69011,1590910000,8
1481643360000,1481643839000,1.69011,1.69109,1.68992,1.69084,1588600000,8
1481643840000,1481644319000,1.69085,1.69126,1.69021,1.6909,1515370000,8
1481644320000,1481644799000,1.6909,1.69252,1.69044,1.6923,1897830000,8
1481644800000,1481645279000,1.69228,1.69242,1.69116,1.69175,1839180000,8
1481645280000,1481645759000,1.69182,1.69182,1.68883,1.68943,2379080000,8
1481645760000,1481646239000,1.68943,1.69136,1.68943,1.69106,1822650000,8
1481646240000,1481646719000,1.69105,1.69243,1.69076,1.69206,1641900000,8
1481646720000,1481647199000,1.69206,1.69206,1.69073,1.69167,1574490000,8
1481647200000,1481647679000,1.69165,1.69211,1.69048,1.69183,1131940000,8
1481647680000,1481648159000,1.69181,1.69243,1.69107,1.69223,1274250000,8
1481648160000,1481648639000,1.69223,1.6927,1.69185,1.69236,1378120000,8
1481648640000,1481649119000,1.69236,1.69273,1.69182,1.69198,1179950000,8
1481649120000,1481649599000,1.69199,1.69277,1.69172,1.69223,1265280000,8
1481649600000,1481650079000,1.69235,1.69236,1.69074,1.69082,1264010000,8
1481650080000,1481650559000,1.69082,1.6913,1.69029,1.69053,1226380000,8
1481650560000,1481651039000,1.69053,1.69083,1.68973,1.68989,1061140000,8
1481651040000,1481651519000,1.68987,1.69177,1.68987,1.69171,962170000,8
1481651520000,1481651999000,1.69171,1.69176,1.69026,1.6914,1233010000,8
1481652000000,1481652479000,1.6914,1.69186,1.69052,1.69066,1322960000,8
1481652480000,1481652959000,1.69067,1.69148,1.6903,1.69074,1230280000,8
1481652960000,1481653439000,1.69075,1.69075,1.68981,1.69029,835290000,8
1481653440000,1481653919000,1.6903,1.69098,1.69018,1.69082,1043550000,8
1481653920000,1481654399000,1.69081,1.69112,1.68989,1.69029,1067030000,8
1481654400000,1481654879000,1.6903,1.69085,1.69001,1.69045,971000000,8
1481654880000,1481655359000,1.69045,1.69086,1.69021,1.69049,867510000,8
1481655360000,1481655839000,1.69049,1.69085,1.69022,1.69068,807570000,8
1481655840000,1481656319000,1.69067,1.69093,1.69018,1.69037,975600000,8
1481656320000,1481656799000,1.69036,1.6905,1.68995,1.69049,890560000,8
1481656800000,1481657279000,1.69049,1.6906,1.6897,1.68988,788520000,8
1481657280000,1481657759000,1.68986,1.69038,1.68958,1.69019,911070000,8
1481657760000,1481658239000,1.69019,1.6902,1.68943,1.68966,862000000,8
1481658240000,1481658719000,1.68966,1.69025,1.68928,1.6895,646980000,8
1481658720000,1481659199000,1.68949,1.6898,1.68873,1.68881,769490000,8
1481659200000,1481659679000,1.68885,1.68975,1.68878,1.68947,918730000,8
1481659680000,1481660159000,1.68946,1.68946,1.68881,1.68894,1011920000,8
1481660160000,1481660639000,1.68895,1.68903,1.68833,1.68886,1079650000,8
1481660640000,1481661119000,1.68886,1.68913,1.68827,1.68841,1051210000,8
1481661120000,1481661599000,1.68839,1.68864,1.68819,1.68852,786690000,8
1481661600000,1481662079000,1.68851,1.6887,1.68809,1.68835,801620000,8
1481662080000,1481662559000,1.68833,1.68863,1.68775,1.68788,1216260000,8
1481662560000,1481663039000,1.68789,1.68829,1.68739,1.68829,857820000,8
1481663040000,1481663519000,1.68829,1.6883,1.68781,1.68815,414950000,8
1481663520000,1481663999000,1.68816,1.68828,1.68772,1.68821,388580000,8
1481664000000,1481664479000,1.68822,1.68845,1.688,1.68816,285960000,8
1481664480000,1481664959000,1.68813,1.68833,1.68722,1.68773,500770000,8
1481664960000,1481665439000,1.68771,1.68814,1.68769,1.68812,335810000,8
1481665440000,1481665919000,1.68813,1.68817,1.68784,1.68797,312580000,8
1481665920000,1481666399000,1.68797,1.68813,1.68726,1.68765,728420000,8
1481666400000,1481666879000,1.68765,1.6884,1.68701,1.68783,116700000,8
1481666880000,1481667359000,1.68797,1.69015,1.68752,1.68941,475900000,8
1481667360000,1481667839000,1.6894,1.69035,1.68844,1.69015,454370000,8
1481667840000,1481668319000,1.69019,1.69019,1.68934,1.68979,168130000,8
1481668320000,1481668799000,1.68935,1.68951,1.68853,1.68862,275440000,8
1481668800000,1481669279000,1.68862,1.68891,1.68849,1.6887,146790000,8
1481669280000,1481669759000,1.6887,1.68883,1.6882,1.6888,511830000,8
1481669760000,1481670239000,1.6888,1.6892,1.68866,1.68909,521870000,8
1481670240000,1481670719000,1.6891,1.68922,1.68876,1.68911,501680000,8
1481670720000,1481671199000,1.6891,1.68926,1.68881,1.68912,825470000,8
1481671200000,1481671679000,1.6891,1.68911,1.68841,1.68868,736930000,8
1481671680000,1481672159000,1.68868,1.68997,1.68856,1.68877,654770000,8
1481672160000,1481672639000,1.68878,1.68916,1.68854,1.68857,410610000,8
1481672640000,1481673119000,1.68856,1.68931,1.68856,1.68904,445510000,8
1481673120000,1481673599000,1.68904,1.68987,1.68896,1.68937,560700000,8
1481673600000,1481674079000,1.68942,1.68992,1.68882,1.68953,855880000,8
1481674080000,1481674559000,1.68959,1.68987,1.68882,1.68891,999230000,8
1481674560000,1481675039000,1.68894,1.68924,1.68869,1.68872,1075090000,8
1481675040000,1481675519000,1.68877,1.68912,1.68844,1.68892,785380000,8
1481675520000,1481675999000,1.68897,1.68909,1.68871,1.68898,733550000,8
1481676000000,1481676479000,1.68898,1.68941,1.68887,1.68901,787040000,8
1481676480000,1481676959000,1.68901,1.6901,1.68716,1.68957,1070520000,8
1481676960000,1481677439000,1.68957,1.69071,1.6895,1.69071,616840000,8
1481677440000,1481677919000,1.69066,1.69097,1.69007,1.69088,827960000,8
1481677920000,1481678399000,1.69081,1.69097,1.68981,1.68987,1003920000,8
1481678400000,1481678879000,1.68991,1.69042,1.68866,1.68916,897440000,8
1481678880000,1481679359000,1.68917,1.69002,1.68883,1.68985,650960000,8
1481679360000,1481679839000,1.68985,1.69027,1.68931,1.68936,726380000,8
1481679840000,1481680319000,1.68937,1.69032,1.68922,1.69027,873740000,8
1481680320000,1481680799000,1.69027,1.69063,1.68985,1.69021,634910000,8
1481680800000,1481681279000,1.69021,1.69026,1.68965,1.68997,625440000,8
1481681280000,1481681759000,1.68999,1.68999,1.68926,1.68951,577730000,8
1481681760000,1481682239000,1.68952,1.68952,1.68902,1.68942,612020000,8
1481682240000,1481682719000,1.68942,1.68962,1.68921,1.68924,569960000,8
1481682720000,1481683199000,1.6892,1.6897,1.68911,1.68961,494810000,8
1481683200000,1481683679000,1.68962,1.69036,1.68942,1.69002,494220000,8
1481683680000,1481684159000,1.69002,1.69012,1.68968,1.68989,744160000,8
1481684160000,1481684639000,1.6899,1.69049,1.68935,1.69049,928180000,8
1481684640000,1481685119000,1.69049,1.69077,1.69027,1.69053,564680000,8
1481685120000,1481685599000,1.69053,1.69071,1.69006,1.69036,810600000,8
1481685600000,1481686079000,1.69032,1.69042,1.68945,1.68956,778130000,8
1481686080000,1481686559000,1.68956,1.68982,1.68911,1.68947,768240000,8
1481686560000,1481687039000,1.68946,1.68998,1.68946,1.68954,772370000,8
1481687040000,1481687519000,1.68954,1.69027,1.68926,1.68944,818420000,8
1481687520000,1481687999000,1.68944,1.68949,1.68888,1.68898,794430000,8
1481688000000,1481688479000,1.68901,1.68959,1.68869,1.68886,873380000,8
1481688480000,1481688959000,1.68886,1.68908,1.68852,1.68881,457010000,8
1481688960000,1481689439000,1.68882,1.68888,1.68843,1.68846,332580000,8
1481689440000,1481689919000,1.68847,1.68905,1.68841,1.68894,508510000,8
1481689920000,1481690399000,1.68894,1.68984,1.68884,1.68956,596070000,8
1481690400000,1481690879000,1.68956,1.68971,1.68881,1.68881,737370000,8
1481690880000,1481691359000,1.68884,1.68905,1.68865,1.68867,503560000,8
1481691360000,1481691839000,1.68868,1.68906,1.68856,1.68858,618840000,8
1481691840000,1481692319000,1.68858,1.68932,1.68852,1.68902,879110000,8
1481692320000,1481692799000,1.68903,1.68996,1.68902,1.68962,892530000,8
1481692800000,1481693279000,1.68962,1.68973,1.68869,1.68921,858690000,8
1481693280000,1481693759000,1.68922,1.68962,1.68904,1.68946,833040000,8
1481693760000,1481694239000,1.68948,1.68972,1.68868,1.68882,740560000,8
1481694240000,1481694719000,1.68882,1.68952,1.68872,1.68904,750880000,8
1481694720000,1481695199000,1.68906,1.68947,1.68886,1.68911,527880000,8
1481695200000,1481695679000,1.68911,1.68982,1.68901,1.68977,662120000,8
1481695680000,1481696159000,1.68977,1.69016,1.68939,1.6894,577690000,8
1481696160000,1481696639000,1.68941,1.68972,1.68905,1.68951,773290000,8
1481696640000,1481697119000,1.68951,1.68997,1.68941,1.68983,510590000,8
1481697120000,1481697599000,1.68982,1.69028,1.68951,1.68977,938000000,8
1481697600000,1481698079000,1.68983,1.69028,1.68937,1.68978,558730000,8
1481698080000,1481698559000,1.68978,1.69026,1.68847,1.68859,648190000,8
1481698560000,1481699039000,1.68862,1.68902,1.68812,1.68862,577530000,8
1481699040000,1481699519000,1.68862,1.68909,1.68845,1.68896,853010000,8
1481699520000,1481699999000,1.68896,1.68986,1.68858,1.68928,984060000,8
1481700000000,1481700479000,1.68928,1.68961,1.68843,1.68867,1092320000,8
1481700480000,1481700959000,1.68872,1.68912,1.68814,1.68891,1618890000,8
1481700960000,1481701439000,1.68891,1.68924,1.68793,1.68848,1373660000,8
1481701440000,1481701919000,1.68846,1.68882,1.68782,1.68802,1040600000,8
1481701920000,1481702399000,1.68801,1.68921,1.68788,1.68889,1118040000,8
1481702400000,1481702879000,1.68891,1.68897,1.68807,1.68865,1252800000,8
1481702880000,1481703359000,1.68863,1.68921,1.68791,1.68915,1545300000,8
1481703360000,1481703839000,1.68915,1.68937,1.68837,1.68884,1312970000,8
1481703840000,1481704319000,1.68885,1.69031,1.68856,1.69025,1246970000,8
1481704320000,1481704799000,1.69025,1.69057,1.68917,1.68947,1449500000,8
1481704800000,1481705279000,1.68948,1.69002,1.68856,1.68857,1329640000,8
1481705280000,1481705759000,1.68856,1.69002,1.68832,1.68991,1082900000,8
1481705760000,1481706239000,1.69008,1.69152,1.68971,1.69127,1178180000,8
1481706240000,1481706719000,1.69126,1.69156,1.6903,1.69046,1087750000,8
1481706720000,1481707199000,1.69042,1.69042,1.68907,1.68935,1148550000,8
1481707200000,1481707679000,1.68935,1.68951,1.68745,1.68771,1077690000,8
1481707680000,1481708159000,1.68771,1.68953,1.68731,1.68906,980010000,8
1481708160000,1481708639000,1.68905,1.68914,1.68809,1.6884,1151890000,8
1481708640000,1481709119000,1.6884,1.68934,1.68837,1.68894,1165140000,8
1481709120000,1481709599000,1.68891,1.68893,1.68796,1.68817,1371200000,8
1481709600000,1481710079000,1.68812,1.68818,1.68662,1.68697,1084290000,8
1481710080000,1481710559000,1.68694,1.68793,1.68669,1.68766,1174460000,8
1481710560000,1481711039000,1.68767,1.68824,1.68747,1.68805,1193940000,8
1481711040000,1481711519000,1.68805,1.68846,1.68695,1.68716,1100610000,8
1481711520000,1481711999000,1.68718,1.68748,1.68673,1.68677,1254180000,8
1481712000000,1481712479000,1.68673,1.68757,1.68666,1.68719,954670000,8
1481712480000,1481712959000,1.68718,1.68752,1.68636,1.68636,1118460000,8
1481712960000,1481713439000,1.68635,1.68697,1.68599,1.68648,1088480000,8
1481713440000,1481713919000,1.6866,1.6869,1.68507,1.6851,1175620000,8
1481713920000,1481714399000,1.68512,1.68547,1.68366,1.68368,939520000,8
1481714400000,1481714879000,1.68371,1.68375,1.68246,1.68275,1232470000,8
1481714880000,1481715359000,1.6828,1.68322,1.68111,1.68223,1895910000,8
1481715360000,1481715839000,1.68223,1.68308,1.6818,1.6829,1555090000,8
1481715840000,1481716319000,1.6829,1.6833,1.68225,1.68275,1219240000,8
1481716320000,1481716799000,1.68275,1.68378,1.68249,1.68369,945810000,8
1481716800000,1481717279000,1.6837,1.68383,1.68313,1.68368,1070820000,8
1481717280000,1481717759000,1.68368,1.68464,1.68359,1.68387,1120740000,8
1481717760000,1481718239000,1.68392,1.68531,1.68381,1.68531,1040510000,8
1481718240000,1481718719000,1.68537,1.68636,1.68531,1.68607,1130550000,8
1481718720000,1481719199000,1.68606,1.6863,1.68436,1.68465,1453110000,8
1481719200000,1481719679000,1.68467,1.68479,1.68311,1.68329,1242360000,8
1481719680000,1481720159000,1.68328,1.68594,1.68326,1.68569,1134000000,8
1481720160000,1481720639000,1.68572,1.68809,1.68572,1.68706,1494280000,8
1481720640000,1481721119000,1.68706,1.68839,1.68688,1.68803,1193600000,8
1481721120000,1481721599000,1.68801,1.68992,1.68789,1.68966,1035620000,8
1481721600000,1481722079000,1.68964,1.69062,1.68883,1.68973,1213000000,8
1481722080000,1481722559000,1.68974,1.69073,1.68821,1.69002,1918630000,8
1481722560000,1481723039000,1.69001,1.6903,1.6885,1.68851,2032290000,8
1481723040000,1481723519000,1.68848,1.69001,1.68823,1.68962,1959340000,8
1481723520000,1481723999000,1.68971,1.69063,1.68948,1.6901,1384180000,8
1481724000000,1481724479000,1.69009,1.69149,1.68994,1.6908,1655180000,8
1481724480000,1481724959000,1.69086,1.69172,1.69025,1.69108,1760750000,8
1481724960000,1481725439000,1.69106,1.69157,1.69053,1.69084,1645100000,8
1481725440000,1481725919000,1.69083,1.69083,1.68905,1.68906,1463710000,8
1481725920000,1481726399000,1.68907,1.68925,1.68837,1.68906,1502960000,8
1481726400000,1481726879000,1.68904,1.6899,1.68903,1.68944,1474850000,8
1481726880000,1481727359000,1.68951,1.69094,1.68951,1.69032,1391740000,8
1481727360000,1481727839000,1.69032,1.69143,1.68954,1.69142,1396010000,8
1481727840000,1481728319000,1.69139,1.69152,1.6892,1.6895,1853210000,8
1481728320000,1481728799000,1.6895,1.69104,1.68918,1.69026,1584580000,8
1481728800000,1481729279000,1.69026,1.6907,1.68936,1.69004,1567770000,8
1481729280000,1481729759000,1.69006,1.6921,1.69006,1.69073,1883030000,8
1481729760000,1481730239000,1.69077,1.69112,1.68865,1.68889,1553620000,8
1481730240000,1481730719000,1.68888,1.68984,1.68855,1.68951,1739750000,8
1481730720000,1481731199000,1.68951,1.69076,1.68887,1.68946,1945320000,8
1481731200000,1481731679000,1.68959,1.69017,1.68907,1.68979,1491520000,8
1481731680000,1481732159000,1.68979,1.69142,1.68931,1.69062,1504960000,8
1481732160000,1481732639000,1.69062,1.69141,1.69003,1.69056,1494050000,8
1481732640000,1481733119000,1.69054,1.69074,1.68956,1.69064,1414910000,8
1481733120000,1481733599000,1.69065,1.6916,1.69064,1.69149,1393060000,8
1481733600000,1481734079000,1.69145,1.69249,1.69143,1.69224,1177220000,8
1481734080000,1481734559000,1.69224,1.69267,1.69112,1.69193,1129590000,8
1481734560000,1481735039000,1.69207,1.69282,1.69182,1.69213,1273110000,8
1481735040000,1481735519000,1.69212,1.69281,1.69148,1.69169,1227750000,8
1481735520000,1481735999000,1.69166,1.69169,1.69111,1.69156,1102440000,8
1481736000000,1481736479000,1.69156,1.69156,1.69024,1.69041,1003330000,8
1481736480000,1481736959000,1.69043,1.69102,1.69028,1.69067,1242800000,8
1481736960000,1481737439000,1.69067,1.69078,1.68959,1.69002,1119090000,8
1481737440000,1481737919000,1.69001,1.69001,1.68916,1.68937,931770000,8
1481737920000,1481738399000,1.68936,1.69097,1.68914,1.69097,1444000000,8
1481738400000,1481738879000,1.69096,1.6917,1.69089,1.69138,1656670000,8
1481738880000,1481739359000,1.69144,1.69147,1.69003,1.69013,916680000,8
1481739360000,1481739839000,1.69013,1.69072,1.68953,1.69024,1116720000,8
1481739840000,1481740319000,1.69023,1.6912,1.69011,1.69057,1284450000,8
1481740320000,1481740799000,1.69056,1.69137,1.69022,1.69101,1572450000,8
1481740800000,1481741279000,1.691,1.69231,1.6907,1.69157,1363320000,8
1481741280000,1481741759000,1.6917,1.69241,1.69141,1.69212,1232180000,8
1481741760000,1481742239000,1.69214,1.69485,1.68896,1.69184,2816230000,8
1481742240000,1481742719000,1.69165,1.69343,1.69026,1.69293,3185270000,8
1481742720000,1481743199000,1.69297,1.69419,1.69142,1.69347,3595590000,8
1481743200000,1481743679000,1.69352,1.69452,1.69291,1.69332,2661790000,8
1481743680000,1481744159000,1.69333,1.69381,1.69221,1.69324,2441710000,8
1481744160000,1481744639000,1.69326,1.69411,1.69141,1.69262,2610980000,8
1481744640000,1481745119000,1.69261,1.69434,1.69261,1.69425,2445400000,8
1481745120000,1481745599000,1.69424,1.69752,1.69351,1.69748,3041860000,8
1481745600000,1481746079000,1.69745,1.69776,1.69555,1.696,2922940000,8
1481746080000,1481746559000,1.69599,1.69754,1.69593,1.69742,2714110000,8
1481746560000,1481747039000,1.69741,1.69753,1.69579,1.69604,2128800000,8
1481747040000,1481747519000,1.69606,1.6964,1.69515,1.69598,2277540000,8
1481747520000,1481747999000,1.696,1.69747,1.69403,1.69403,2475950000,8
1481748000000,1481748479000,1.694,1.69672,1.69353,1.69667,2838550000,8
1481748480000,1481748959000,1.69667,1.69686,1.69316,1.69327,2908030000,8
1481748960000,1481749439000,1.69323,1.69541,1.69298,1.69474,1581840000,8
1481749440000,1481749919000,1.69486,1.69548,1.69385,1.69416,1264720000,8
1481749920000,1481750399000,1.69419,1.69537,1.69322,1.69474,972760000,8
1481750400000,1481750879000,1.69474,1.69474,1.69291,1.69447,811580000,8
1481750880000,1481751359000,1.69443,1.69547,1.69341,1.69379,1136300000,8
1481751360000,1481751839000,1.69379,1.6952,1.69379,1.69508,957280000,8
1481751840000,1481752319000,1.69512,1.69641,1.69491,1.69632,755190000,8
1481752320000,1481752799000,1.69627,1.69677,1.69567,1.69606,876870000,8
1481752800000,1481753279000,1.69561,1.69684,1.69549,1.69684,168020000,8
1481753280000,1481753759000,1.69684,1.69687,1.69524,1.69555,543020000,8
1481753760000,1481754239000,1.69555,1.69574,1.69463,1.69474,175300000,8
1481754240000,1481754719000,1.69469,1.69494,1.69397,1.6945,402810000,8
1481754720000,1481755199000,1.69447,1.69447,1.69337,1.69372,292410000,8
1481755200000,1481755679000,1.69369,1.69372,1.69267,1.69301,261070000,8
1481755680000,1481756159000,1.69301,1.69477,1.69285,1.69477,643150000,8
1481756160000,1481756639000,1.69474,1.69504,1.69428,1.69464,995420000,8
1481756640000,1481757119000,1.69456,1.69487,1.69167,1.69191,1102360000,8
1481757120000,1481757599000,1.69196,1.69222,1.69101,1.69168,951770000,8
1481757600000,1481758079000,1.69168,1.69194,1.69098,1.69163,751420000,8
1481758080000,1481758559000,1.69163,1.69256,1.69159,1.69212,782030000,8
1481758560000,1481759039000,1.69213,1.69218,1.69119,1.69159,1040070000,8
1481759040000,1481759519000,1.6916,1.69257,1.69141,1.69176,1151060000,8
1481759520000,1481759999000,1.69176,1.69216,1.69116,1.69152,846380000,8
1481760000000,1481760479000,1.69152,1.69333,1.69042,1.69331,1937770000,8
1481760480000,1481760959000,1.69331,1.69473,1.69282,1.69382,2059650000,8
1481760960000,1481761439000,1.69382,1.69469,1.69221,1.69342,1565700000,8
1481761440000,1481761919000,1.69342,1.69487,1.68892,1.69163,1817100000,8
1481761920000,1481762399000,1.69166,1.69282,1.69058,1.69066,1835020000,8
1481762400000,1481762879000,1.69071,1.69232,1.68955,1.69192,1430430000,8
1481762880000,1481763359000,1.69191,1.69217,1.69107,1.69131,1340130000,8
1481763360000,1481763839000,1.6913,1.69217,1.69083,1.69202,1649660000,8
1481763840000,1481764319000,1.69202,1.69202,1.68998,1.69066,1586490000,8
1481764320000,1481764799000,1.69066,1.69097,1.68927,1.68942,1950630000,8
1481764800000,1481765279000,1.68942,1.69052,1.68893,1.69019,1571350000,8
1481765280000,1481765759000,1.6902,1.69054,1.68919,1.68957,1382910000,8
1481765760000,1481766239000,1.6896,1.69004,1.68837,1.68874,1121150000,8
1481766240000,1481766719000,1.68874,1.68896,1.68804,1.68869,1279810000,8
1481766720000,1481767199000,1.68869,1.6899,1.68856,1.68966,1415840000,8
1481767200000,1481767679000,1.68967,1.6903,1.68928,1.68998,1516540000,8
1481767680000,1481768159000,1.68998,1.69017,1.68929,1.68968,1168580000,8
1481768160000,1481768639000,1.68982,1.68997,1.68952,1.68955,1077540000,8
1481768640000,1481769119000,1.68954,1.69091,1.68954,1.69038,1170680000,8
1481769120000,1481769599000,1.69039,1.69087,1.69031,1.6905,850250000,8
1481769600000,1481770079000,1.69055,1.69055,1.69003,1.69009,554470000,8
1481770080000,1481770559000,1.69008,1.69092,1.68962,1.6906,944940000,8
1481770560000,1481771039000,1.69062,1.69082,1.6901,1.69056,971560000,8
1481771040000,1481771519000,1.69053,1.69103,1.68978,1.69001,1102230000,8
1481771520000,1481771999000,1.69002,1.69069,1.68996,1.69004,859950000,8
1481772000000,1481772479000,1.69004,1.69087,1.68985,1.69061,887470000,8
1481772480000,1481772959000,1.69066,1.69067,1.68956,1.69027,1197000000,8
1481772960000,1481773439000,1.69027,1.69034,1.68926,1.68941,883550000,8
1481773440000,1481773919000,1.68942,1.69058,1.68936,1.68999,1289650000,8
1481773920000,1481774399000,1.68997,1.69,1.68921,1.68977,943490000,8
1481774400000,1481774879000,1.68971,1.68982,1.68887,1.68902,1161950000,8
1481774880000,1481775359000,1.68897,1.68952,1.68827,1.68927,1062350000,8
1481775360000,1481775839000,1.68932,1.68957,1.68849,1.68928,1062010000,8
1481775840000,1481776319000,1.68928,1.68974,1.68916,1.68957,909100000,8
1481776320000,1481776799000,1.68952,1.6902,1.68952,1.69002,886780000,8
1481776800000,1481777279000,1.69002,1.69085,1.68972,1.69001,973020000,8
1481777280000,1481777759000,1.69003,1.69009,1.6893,1.68944,623270000,8
1481777760000,1481778239000,1.68945,1.68977,1.68916,1.68947,642220000,8
1481778240000,1481778719000,1.68947,1.68996,1.68911,1.68916,828330000,8
1481778720000,1481779199000,1.68917,1.68946,1.68867,1.68891,564640000,8
1481779200000,1481779679000,1.68892,1.68921,1.68871,1.68918,652580000,8
1481779680000,1481780159000,1.68917,1.68967,1.68905,1.68967,663050000,8
1481780160000,1481780639000,1.68966,1.68987,1.68903,1.68918,882850000,8
1481780640000,1481781119000,1.68922,1.68984,1.68919,1.68979,623950000,8
1481781120000,1481781599000,1.68981,1.69042,1.68926,1.6902,1240840000,8
1481781600000,1481782079000,1.6902,1.69043,1.6882,1.68919,1373980000,8
1481782080000,1481782559000,1.68919,1.68992,1.68891,1.68972,1189340000,8
1481782560000,1481783039000,1.68972,1.69166,1.68962,1.69097,1156260000,8
1481783040000,1481783519000,1.69097,1.69222,1.69084,1.69201,1218060000,8
1481783520000,1481783999000,1.69192,1.69233,1.69118,1.69206,800940000,8
1481784000000,1481784479000,1.69207,1.6921,1.69132,1.69167,765500000,8
1481784480000,1481784959000,1.69167,1.69248,1.69142,1.69165,867180000,8
1481784960000,1481785439000,1.69163,1.69266,1.69054,1.69216,1323180000,8
1481785440000,1481785919000,1.69216,1.69359,1.69137,1.69316,1712410000,8
1481785920000,1481786399000,1.69316,1.69372,1.69163,1.69202,1902280000,8
1481786400000,1481786879000,1.69202,1.69232,1.69084,1.69114,1499020000,8
1481786880000,1481787359000,1.69116,1.69419,1.69097,1.69386,1714650000,8
1481787360000,1481787839000,1.69386,1.69521,1.69383,1.69464,1542890000,8
1481787840000,1481788319000,1.69464,1.69496,1.69293,1.69344,1638200000,8
1481788320000,1481788799000,1.69345,1.69376,1.69184,1.69228,1731210000,8
1481788800000,1481789279000,1.69238,1.69485,1.69199,1.6937,2158620000,8
1481789280000,1481789759000,1.69368,1.69392,1.69157,1.69277,2072180000,8
1481789760000,1481790239000,1.69277,1.69336,1.69205,1.69208,1815460000,8
1481790240000,1481790719000,1.69208,1.69304,1.69186,1.69234,1826640000,8
1481790720000,1481791199000,1.69233,1.69304,1.69052,1.69071,1871200000,8
1481791200000,1481791679000,1.69072,1.69113,1.68806,1.68897,1989410000,8
1481791680000,1481792159000,1.68898,1.69102,1.68898,1.69042,2154100000,8
1481792160000,1481792639000,1.69044,1.69208,1.69031,1.69085,2096790000,8
1481792640000,1481793119000,1.69082,1.69234,1.69062,1.69181,1602410000,8
1481793120000,1481793599000,1.69181,1.692,1.69041,1.69057,1498640000,8
1481793600000,1481794079000,1.69057,1.69142,1.6903,1.69092,1525860000,8
1481794080000,1481794559000,1.69091,1.69242,1.68961,1.69241,1932390000,8
1481794560000,1481795039000,1.69242,1.69428,1.69225,1.69364,1736010000,8
1481795040000,1481795519000,1.69365,1.69439,1.69346,1.69368,1557710000,8
1481795520000,1481795999000,1.69369,1.69481,1.69238,1.6924,1619050000,8
1481796000000,1481796479000,1.69238,1.69298,1.69076,1.6922,1838680000,8
1481796480000,1481796959000,1.69221,1.69501,1.69206,1.69501,1938120000,8
1481796960000,1481797439000,1.69503,1.69549,1.69449,1.69497,1743220000,8
1481797440000,1481797919000,1.69502,1.69517,1.69423,1.69488,1670970000,8
1481797920000,1481798399000,1.69488,1.69503,1.69403,1.69469,1756980000,8
1481798400000,1481798879000,1.69466,1.69583,1.69421,1.69486,1680780000,8
1481798880000,1481799359000,1.69482,1.69532,1.69421,1.69503,1750770000,8
1481799360000,1481799839000,1.69506,1.6973,1.69485,1.69728,2011720000,8
1481799840000,1481800319000,1.69728,1.69786,1.69677,1.69737,1811050000,8
1481800320000,1481800799000,1.69737,1.69753,1.6951,1.6951,1804270000,8
1481800800000,1481801279000,1.69508,1.69572,1.69379,1.69407,2569000000,8
1481801280000,1481801759000,1.69407,1.69616,1.69375,1.69434,2063590000,8
1481801760000,1481802239000,1.69437,1.69582,1.69394,1.69407,2245130000,8
1481802240000,1481802719000,1.69406,1.6947,1.69254,1.69303,2059380000,8
1481802720000,1481803199000,1.69304,1.69404,1.69211,1.69269,2100140000,8
1481803200000,1481803679000,1.69269,1.69454,1.68747,1.68818,3004390000,8
1481803680000,1481804159000,1.68816,1.69066,1.68723,1.69009,2528660000,8
1481804160000,1481804639000,1.69004,1.6901,1.68818,1.68979,1819010000,8
1481804640000,1481805119000,1.68979,1.69005,1.68792,1.68794,2054690000,8
1481805120000,1481805599000,1.68797,1.68843,1.68576,1.68662,2140770000,8
1481805600000,1481806079000,1.68661,1.68845,1.68548,1.68843,1897900000,8
1481806080000,1481806559000,1.68844,1.6896,1.68804,1.68917,1647680000,8
1481806560000,1481807039000,1.68915,1.68999,1.68735,1.6875,2320230000,8
1481807040000,1481807519000,1.6875,1.68875,1.68586,1.68718,2590160000,8
1481807520000,1481807999000,1.68717,1.68947,1.68696,1.68882,2283010000,8
1481808000000,1481808479000,1.68882,1.68955,1.68704,1.68897,2484910000,8
1481808480000,1481808959000,1.68897,1.69101,1.68807,1.68819,2375350000,8
1481808960000,1481809439000,1.68818,1.69055,1.68778,1.69042,2422020000,8
1481809440000,1481809919000,1.6904,1.69076,1.68909,1.68944,2131060000,8
1481809920000,1481810399000,1.68947,1.69029,1.68805,1.68989,1951850000,8
1481810400000,1481810879000,1.68992,1.69086,1.68976,1.69067,2006720000,8
1481810880000,1481811359000,1.69062,1.69152,1.68982,1.69141,2156030000,8
1481811360000,1481811839000,1.69139,1.69312,1.69101,1.69306,1714180000,8
1481811840000,1481812319000,1.69312,1.69472,1.69287,1.69374,1925000000,8
1481812320000,1481812799000,1.69372,1.69506,1.69363,1.6949,2531180000,8
1481812800000,1481813279000,1.69491,1.6961,1.69471,1.69589,1977660000,8
1481813280000,1481813759000,1.69593,1.69667,1.69532,1.69613,2225040000,8
1481813760000,1481814239000,1.6961,1.69629,1.6947,1.69472,2114710000,8
1481814240000,1481814719000,1.69471,1.69481,1.69252,1.69331,2243650000,8
1481814720000,1481815199000,1.69331,1.6938,1.69087,1.69117,2222440000,8
1481815200000,1481815679000,1.69126,1.69156,1.68847,1.68963,2346570000,8
1481815680000,1481816159000,1.68958,1.68981,1.6874,1.68867,2082140000,8
1481816160000,1481816639000,1.68864,1.6893,1.68627,1.68727,2138420000,8
1481816640000,1481817119000,1.68727,1.6887,1.68671,1.68804,2086020000,8
1481817120000,1481817599000,1.68804,1.68934,1.68675,1.68812,2090260000,8
1481817600000,1481818079000,1.68812,1.68854,1.68663,1.68697,2564090000,8
1481818080000,1481818559000,1.68695,1.68821,1.68684,1.6882,2078420000,8
1481818560000,1481819039000,1.68828,1.68923,1.68753,1.68868,1988890000,8
1481819040000,1481819519000,1.68866,1.68897,1.68783,1.68874,1831140000,8
1481819520000,1481819999000,1.68874,1.68934,1.68818,1.68818,1860380000,8
1481820000000,1481820479000,1.68814,1.68827,1.68637,1.68681,1955900000,8
1481820480000,1481820959000,1.68682,1.6873,1.68596,1.68626,1934270000,8
1481820960000,1481821439000,1.68623,1.68861,1.68605,1.68837,1897750000,8
1481821440000,1481821919000,1.68841,1.68977,1.68826,1.6889,2261260000,8
1481821920000,1481822399000,1.68888,1.68973,1.68812,1.68884,1791030000,8
1481822400000,1481822879000,1.68884,1.68965,1.68834,1.6894,1731800000,8
1481822880000,1481823359000,1.6894,1.68972,1.68806,1.68915,1836080000,8
1481823360000,1481823839000,1.68915,1.68948,1.68732,1.68794,1871800000,8
1481823840000,1481824319000,1.68793,1.68833,1.68695,1.68706,2013930000,8
1481824320000,1481824799000,1.68706,1.68934,1.68645,1.68931,2429050000,8
1481824800000,1481825279000,1.68931,1.68947,1.68817,1.68943,1664260000,8
1481825280000,1481825759000,1.68942,1.69127,1.68878,1.69096,1474730000,8
1481825760000,1481826239000,1.69096,1.69113,1.69008,1.69009,1039080000,8
1481826240000,1481826719000,1.69008,1.69079,1.68947,1.68983,1651890000,8
1481826720000,1481827199000,1.68985,1.69053,1.68978,1.69007,1331740000,8
1481827200000,1481827679000,1.69006,1.69057,1.68936,1.69022,1363740000,8
1481827680000,1481828159000,1.69026,1.69063,1.68902,1.69057,1453350000,8
1481828160000,1481828639000,1.69061,1.69122,1.69059,1.69091,1651480000,8
1481828640000,1481829119000,1.69091,1.69119,1.69022,1.69062,1737590000,8
1481829120000,1481829599000,1.69059,1.69072,1.68941,1.69006,1562600000,8
1481829600000,1481830079000,1.69006,1.69041,1.68968,1.68991,1380620000,8
1481830080000,1481830559000,1.68996,1.69029,1.68974,1.69007,1888230000,8
1481830560000,1481831039000,1.69007,1.69017,1.68933,1.68975,2000680000,8
1481831040000,1481831519000,1.68976,1.69016,1.68918,1.68926,1995780000,8
1481831520000,1481831999000,1.68926,1.68985,1.68842,1.68872,1848160000,8
1481832000000,1481832479000,1.68872,1.68889,1.6877,1.68776,2022720000,8
1481832480000,1481832959000,1.68776,1.68919,1.68771,1.68877,1789280000,8
1481832960000,1481833439000,1.68878,1.68916,1.68863,1.6887,1269160000,8
1481833440000,1481833919000,1.68874,1.68943,1.68795,1.68829,1663760000,8
1481833920000,1481834399000,1.68829,1.68832,1.68715,1.68783,1424170000,8
1481834400000,1481834879000,1.6878,1.6882,1.68747,1.68792,1473780000,8
1481834880000,1481835359000,1.68791,1.68876,1.68776,1.68836,1385650000,8
1481835360000,1481835839000,1.68836,1.68929,1.68808,1.68819,927710000,8
1481835840000,1481836319000,1.68817,1.68847,1.68762,1.68837,698910000,8
1481836320000,1481836799000,1.68836,1.68842,1.68796,1.68796,664620000,8
1481836800000,1481837279000,1.68802,1.68875,1.68791,1.68831,589060000,8
1481837280000,1481837759000,1.68828,1.68899,1.68804,1.68854,518670000,8
1481837760000,1481838239000,1.68856,1.68862,1.68808,1.68834,674430000,8
1481838240000,1481838719000,1.68835,1.68858,1.68807,1.68808,459510000,8
1481838720000,1481839199000,1.68816,1.68886,1.68697,1.68712,1818970000,8
1481839200000,1481839679000,1.68663,1.68778,1.68528,1.68717,65930000,8
1481839680000,1481840159000,1.68711,1.68847,1.6868,1.68767,212340000,8
1481840160000,1481840639000,1.68767,1.6878,1.68637,1.68657,202030000,8
1481840640000,1481841119000,1.68683,1.68754,1.68672,1.68692,182680000,8
1481841120000,1481841599000,1.68675,1.68734,1.68675,1.68685,130650000,8
1481841600000,1481842079000,1.68701,1.68712,1.68633,1.68635,105440000,8
1481842080000,1481842559000,1.68639,1.68698,1.68598,1.68641,234950000,8
1481842560000,1481843039000,1.68639,1.6882,1.68639,1.68737,647480000,8
1481843040000,1481843519000,1.68738,1.68739,1.68672,1.68708,578950000,8
1481843520000,1481843999000,1.68709,1.68757,1.68687,1.68751,520160000,8
1481844000000,1481844479000,1.68751,1.68798,1.68683,1.68687,650590000,8
1481844480000,1481844959000,1.68687,1.68727,1.68678,1.68727,1062100000,8
1481844960000,1481845439000,1.68722,1.68738,1.68616,1.68634,599280000,8
1481845440000,1481845919000,1.68633,1.68674,1.68596,1.68622,914970000,8
1481845920000,1481846399000,1.68621,1.68624,1.68554,1.68599,466650000,8
1481846400000,1481846879000,1.68599,1.68707,1.68592,1.6864,957370000,8
1481846880000,1481847359000,1.6864,1.6872,1.68624,1.68714,718660000,8
1481847360000,1481847839000,1.68714,1.68737,1.68646,1.68671,946720000,8
1481847840000,1481848319000,1.68671,1.68674,1.68616,1.68656,690160000,8
1481848320000,1481848799000,1.68655,1.68655,1.68546,1.68552,904970000,8
1481848800000,1481849279000,1.68556,1.6858,1.68356,1.68474,1147150000,8
1481849280000,1481849759000,1.68473,1.68531,1.68388,1.68523,1276310000,8
1481849760000,1481850239000,1.68516,1.68583,1.68436,1.68526,1221270000,8
1481850240000,1481850719000,1.68529,1.68565,1.68422,1.68487,981010000,8
1481850720000,1481851199000,1.68491,1.68602,1.68481,1.68497,767930000,8
1481851200000,1481851679000,1.68496,1.68527,1.68421,1.68422,593430000,8
1481851680000,1481852159000,1.68422,1.68577,1.68419,1.68547,744700000,8
1481852160000,1481852639000,1.68546,1.68633,1.68546,1.68571,809030000,8
1481852640000,1481853119000,1.68571,1.68684,1.68542,1.68684,934690000,8
1481853120000,1481853599000,1.68683,1.68715,1.68643,1.68681,754280000,8
1481853600000,1481854079000,1.6868,1.68687,1.68601,1.68616,701690000,8
1481854080000,1481854559000,1.68617,1.68668,1.68581,1.68651,640060000,8
1481854560000,1481855039000,1.68652,1.6868,1.68579,1.68602,837390000,8
1481855040000,1481855519000,1.68602,1.6864,1.6856,1.6864,860750000,8
1481855520000,1481855999000,1.6864,1.68654,1.68549,1.6856,884950000,8
1481856000000,1481856479000,1.68562,1.68595,1.68421,1.68462,611330000,8
1481856480000,1481856959000,1.68459,1.68465,1.68401,1.68417,730030000,8
1481856960000,1481857439000,1.68416,1.68486,1.68403,1.68467,599300000,8
1481857440000,1481857919000,1.68465,1.68517,1.68399,1.68408,773000000,8
1481857920000,1481858399000,1.68408,1.68465,1.68403,1.68445,756680000,8
1481858400000,1481858879000,1.68448,1.68467,1.68332,1.68387,800070000,8
1481858880000,1481859359000,1.68387,1.68442,1.68386,1.68421,496180000,8
1481859360000,1481859839000,1.68421,1.68477,1.68411,1.68456,489560000,8
1481859840000,1481860319000,1.68462,1.68507,1.68402,1.68461,857100000,8
1481860320000,1481860799000,1.68461,1.68489,1.68411,1.68474,708150000,8
1481860800000,1481861279000,1.68475,1.68537,1.68412,1.6852,833110000,8
1481861280000,1481861759000,1.68517,1.68521,1.68422,1.68511,674210000,8
1481861760000,1481862239000,1.68514,1.68522,1.68482,1.6849,572180000,8
1481862240000,1481862719000,1.68489,1.68559,1.68489,1.68553,856560000,8
1481862720000,1481863199000,1.68553,1.68608,1.68535,1.68602,645820000,8
1481863200000,1481863679000,1.68602,1.68613,1.68551,1.68576,633900000,8
1481863680000,1481864159000,1.68576,1.68634,1.68572,1.68613,809070000,8
1481864160000,1481864639000,1.68613,1.6871,1.68601,1.68701,820770000,8
1481864640000,1481865119000,1.68702,1.68739,1.68659,1.68676,853570000,8
1481865120000,1481865599000,1.68681,1.6877,1.68676,1.68726,599840000,8
1481865600000,1481866079000,1.68726,1.68783,1.68712,1.68749,488350000,8
1481866080000,1481866559000,1.68753,1.68847,1.68742,1.68825,784350000,8
1481866560000,1481867039000,1.68825,1.68862,1.68787,1.68843,616900000,8
1481867040000,1481867519000,1.68843,1.68852,1.6878,1.68807,820720000,8
1481867520000,1481867999000,1.68807,1.68847,1.68796,1.6884,624650000,8
1481868000000,1481868479000,1.68843,1.68857,1.68701,1.68764,1136180000,8
1481868480000,1481868959000,1.68762,1.68797,1.68729,1.68794,1051990000,8
1481868960000,1481869439000,1.68794,1.68885,1.68787,1.68864,801210000,8
1481869440000,1481869919000,1.68862,1.68872,1.68711,1.68769,696790000,8
1481869920000,1481870399000,1.68769,1.6885,1.68765,1.68844,817020000,8
1481870400000,1481870879000,1.6884,1.68904,1.68794,1.68896,759070000,8
1481870880000,1481871359000,1.68898,1.68944,1.68862,1.68933,569260000,8
1481871360000,1481871839000,1.68933,1.69096,1.68928,1.69022,1245660000,8
1481871840000,1481872319000,1.69019,1.69093,1.68955,1.68972,1162090000,8
1481872320000,1481872799000,1.68972,1.68986,1.68889,1.68908,1281790000,8
1481872800000,1481873279000,1.68908,1.68937,1.68846,1.68878,870710000,8
1481873280000,1481873759000,1.68877,1.69042,1.68875,1.69042,1298640000,8
1481873760000,1481874239000,1.69042,1.69265,1.69037,1.69222,1679440000,8
1481874240000,1481874719000,1.69224,1.69252,1.69124,1.69232,1515210000,8
1481874720000,1481875199000,1.69231,1.69339,1.69216,1.69266,2031520000,8
1481875200000,1481875679000,1.69265,1.69446,1.69263,1.69412,2243270000,8
1481875680000,1481876159000,1.69412,1.69433,1.69205,1.69243,1665400000,8
1481876160000,1481876639000,1.69242,1.69312,1.69197,1.69243,1548840000,8
1481876640000,1481877119000,1.69242,1.69371,1.69234,1.69369,1587470000,8
1481877120000,1481877599000,1.69367,1.69381,1.69286,1.69327,1337320000,8
1481877600000,1481878079000,1.6933,1.69349,1.69239,1.69267,1217630000,8
1481878080000,1481878559000,1.69263,1.69447,1.69246,1.69396,1512220000,8
1481878560000,1481879039000,1.69396,1.69404,1.69289,1.69342,1763690000,8
1481879040000,1481879519000,1.69343,1.69482,1.69304,1.69354,1404990000,8
1481879520000,1481879999000,1.69354,1.6938,1.69291,1.69301,1437150000,8
1481880000000,1481880479000,1.69299,1.69306,1.69208,1.69253,1506900000,8
1481880480000,1481880959000,1.69253,1.69318,1.69133,1.69155,1476070000,8
1481880960000,1481881439000,1.69155,1.69197,1.69076,1.69123,1503630000,8
1481881440000,1481881919000,1.69123,1.69191,1.69101,1.69166,1811550000,8
1481881920000,1481882399000,1.69164,1.69218,1.69039,1.6907,2046850000,8
1481882400000,1481882879000,1.69067,1.69389,1.69029,1.69359,2015950000,8
1481882880000,1481883359000,1.69357,1.69521,1.69324,1.6947,2112070000,8
1481883360000,1481883839000,1.6947,1.69491,1.69169,1.69171,1834450000,8
1481883840000,1481884319000,1.69173,1.69238,1.69095,1.69238,1745130000,8
1481884320000,1481884799000,1.69239,1.6925,1.69154,1.69212,1394340000,8
1481884800000,1481885279000,1.69212,1.69212,1.69067,1.69196,1337550000,8
1481885280000,1481885759000,1.69196,1.69296,1.69155,1.69212,1347000000,8
1481885760000,1481886239000,1.69211,1.69233,1.69153,1.69224,1247360000,8
1481886240000,1481886719000,1.69223,1.69293,1.69135,1.69141,1293590000,8
1481886720000,1481887199000,1.69144,1.69156,1.69076,1.69116,1298360000,8
1481887200000,1481887679000,1.69111,1.69273,1.69094,1.69263,1223370000,8
1481887680000,1481888159000,1.69263,1.69372,1.69255,1.69296,1341960000,8
1481888160000,1481888639000,1.69295,1.69313,1.69014,1.69021,1604200000,8
1481888640000,1481889119000,1.69018,1.69027,1.68874,1.68994,1412720000,8
1481889120000,1481889599000,1.68994,1.69079,1.68951,1.69011,1636710000,8
1481889600000,1481890079000,1.69011,1.69327,1.69011,1.69317,1470090000,8
1481890080000,1481890559000,1.69317,1.69381,1.69286,1.69367,1093550000,8
1481890560000,1481891039000,1.69372,1.6952,1.69322,1.69502,1568760000,8
1481891040000,1481891519000,1.69501,1.69557,1.69443,1.69475,1257870000,8
1481891520000,1481891999000,1.69475,1.69589,1.69448,1.69563,1496020000,8
1481892000000,1481892479000,1.69564,1.69667,1.69549,1.69625,1714080000,8
1481892480000,1481892959000,1.69625,1.69795,1.69573,1.69764,1484750000,8
1481892960000,1481893439000,1.69757,1.69764,1.69551,1.69571,1945700000,8
1481893440000,1481893919000,1.69567,1.69746,1.6954,1.69726,1931300000,8
1481893920000,1481894399000,1.69722,1.69763,1.69586,1.69614,1959770000,8
1481894400000,1481894879000,1.69612,1.69827,1.69562,1.69711,1941530000,8
1481894880000,1481895359000,1.69711,1.69759,1.69609,1.69658,1688530000,8
1481895360000,1481895839000,1.69657,1.69717,1.69494,1.69612,2067550000,8
1481895840000,1481896319000,1.69607,1.6967,1.69552,1.69572,1609670000,8
1481896320000,1481896799000,1.69572,1.69617,1.69462,1.69612,1624330000,8
1481896800000,1481897279000,1.69611,1.69697,1.69582,1.69643,1883090000,8
1481897280000,1481897759000,1.69646,1.69743,1.69628,1.69697,1718320000,8
1481897760000,1481898239000,1.69696,1.6977,1.69582,1.69624,1967640000,8
1481898240000,1481898719000,1.69624,1.69801,1.69623,1.69711,1724850000,8
1481898720000,1481899199000,1.69711,1.69721,1.69451,1.69469,2019840000,8
1481899200000,1481899679000,1.69467,1.69554,1.69451,1.69486,1937010000,8
1481899680000,1481900159000,1.69487,1.69642,1.69467,1.69562,1766350000,8
1481900160000,1481900639000,1.69564,1.69772,1.69562,1.69755,1865530000,8
1481900640000,1481901119000,1.69756,1.69797,1.69687,1.69754,1563330000,8
1481901120000,1481901599000,1.69756,1.70232,1.69739,1.70232,2179110000,8
1481901600000,1481902079000,1.70232,1.70398,1.70102,1.7037,1824030000,8
1481902080000,1481902559000,1.70369,1.70445,1.70298,1.70442,1872920000,8
1481902560000,1481903039000,1.70441,1.70798,1.70432,1.70784,2242860000,8
1481903040000,1481903519000,1.70785,1.7087,1.70734,1.70851,2424600000,8
1481903520000,1481903999000,1.70851,1.71164,1.7078,1.70833,2733730000,8
1481904000000,1481904479000,1.70837,1.70837,1.70574,1.70658,2912010000,8
1481904480000,1481904959000,1.70672,1.70789,1.70598,1.7072,2619210000,8
1481904960000,1481905439000,1.7072,1.71002,1.70636,1.71002,2909920000,8
1481905440000,1481905919000,1.71001,1.71006,1.70736,1.7094,3141340000,8
1481905920000,1481906399000,1.7094,1.7094,1.70732,1.70824,2903840000,8
1481906400000,1481906879000,1.70822,1.70871,1.70711,1.70772,2585240000,8
1481906880000,1481907359000,1.70763,1.70834,1.70692,1.70761,2547360000,8
1481907360000,1481907839000,1.70762,1.71146,1.70694,1.71051,2260150000,8
1481907840000,1481908319000,1.71051,1.71071,1.7088,1.70897,1687920000,8
1481908320000,1481908799000,1.70897,1.71064,1.70776,1.71062,1746320000,8
1481908800000,1481909279000,1.71062,1.71322,1.71039,1.71251,1849730000,8
1481909280000,1481909759000,1.71251,1.71367,1.71199,1.71254,1934870000,8
1481909760000,1481910239000,1.71261,1.71362,1.71209,1.7123,1386690000,8
1481910240000,1481910719000,1.7123,1.71367,1.71229,1.71366,1623610000,8
1481910720000,1481911199000,1.71365,1.71416,1.71169,1.71246,1722520000,8
1481911200000,1481911679000,1.71244,1.71262,1.71142,1.71215,1929270000,8
1481911680000,1481912159000,1.71215,1.71305,1.71196,1.71287,1526400000,8
1481912160000,1481912639000,1.71287,1.71395,1.71257,1.71366,1501750000,8
1481912640000,1481913119000,1.71368,1.71369,1.71194,1.71198,1787970000,8
1481913120000,1481913599000,1.71199,1.71321,1.71184,1.71217,1597630000,8
1481913600000,1481914079000,1.71217,1.71255,1.71145,1.71217,1669200000,8
1481914080000,1481914559000,1.71217,1.71287,1.71161,1.71272,1744170000,8
1481914560000,1481915039000,1.71271,1.71407,1.71227,1.71366,1770750000,8
1481915040000,1481915519000,1.71366,1.71366,1.712,1.7123,1383010000,8
1481915520000,1481915999000,1.71231,1.71323,1.71166,1.71248,1411020000,8
1481916000000,1481916479000,1.71244,1.71256,1.7106,1.71062,1601180000,8
1481916480000,1481916959000,1.71061,1.71129,1.71051,1.71098,1610470000,8
1481916960000,1481917439000,1.71101,1.71118,1.7104,1.71047,1522800000,8
1481917440000,1481917919000,1.71048,1.71089,1.70993,1.71012,1776290000,8
1481917920000,1481918399000,1.71012,1.71095,1.71008,1.71013,2127530000,8
1481918400000,1481918879000,1.71011,1.71074,1.7095,1.71057,1914950000,8
1481918880000,1481919359000,1.71057,1.71152,1.71045,1.71116,1026210000,8
1481919360000,1481919839000,1.71115,1.71153,1.71051,1.71063,1251220000,8
1481919840000,1481920319000,1.71063,1.71067,1.70933,1.70942,1443450000,8
1481920320000,1481920799000,1.70942,1.7102,1.70917,1.71009,1937810000,8
1481920800000,1481921279000,1.71006,1.71025,1.7095,1.70972,763250000,8
1481921280000,1481921759000,1.70971,1.71027,1.70965,1.70999,713590000,8
1481921760000,1481922239000,1.70992,1.71042,1.70937,1.70962,780010000,8
1481922240000,1481922719000,1.70956,1.71047,1.70956,1.71006,580580000,8
1481922720000,1481923199000,1.71007,1.71056,1.70962,1.70997,533980000,8
1481923200000,1481923679000,1.70997,1.71017,1.70976,1.71006,274990000,8
1481923680000,1481924159000,1.71006,1.71026,1.70974,1.70991,490680000,8
1481924160000,1481924639000,1.71007,1.71087,1.70981,1.71049,635950000,8
1481924640000,1481925119000,1.71049,1.71072,1.70969,1.7097,713290000,8
1481925120000,1481925599000,1.70977,1.71045,1.70873,1.70897,580550000,8
1481925600000,1481926079000,1.70897,1.70897,1.70897,1.70897,0,8
1481926080000,1481926559000,1.70897,1.70897,1.70897,1.70897,0,8
1481926560000,1481927039000,1.70897,1.70897,1.70897,1.70897,0,8
1481927040000,1481927519000,1.70897,1.70897,1.70897,1.70897,0,8
1481927520000,1481927999000,1.70897,1.70897,1.70897,1.70897,0,8
1481928000000,1481928479000,1.70897,1.70897,1.70897,1.70897,0,8
1481928480000,1481928959000,1.70897,1.70897,1.70897,1.70897,0,8
1481928960000,1481929439000,1.70897,1.70897,1.70897,1.70897,0,8
1481929440000,1481929919000,1.70897,1.70897,1.70897,1.70897,0,8
1481929920000,1481930399000,1.70897,1.70897,1.70897,1.70897,0,8
1481930400000,1481930879000,1.70897,1.70897,1.70897,1.70897,0,8
1481930880000,1481931359000,1.70897,1.70897,1.70897,1.70897,0,8
1481931360000,1481931839000,1.70897,1.70897,1.70897,1.70897,0,8
1481931840000,1481932319000,1.70897,1.70897,1.70897,1.70897,0,8
1481932320000,1481932799000,1.70897,1.70897,1.70897,1.70897,0,8
1482098880000,1482099359000,1.7117,1.71241,1.71049,1.71231,213010000,8
1482099360000,1482099839000,1.71236,1.71416,1.71211,1.71396,348220000,8
1482099840000,1482100319000,1.71396,1.71542,1.71364,1.71398,322900000,8
1482100320000,1482100799000,1.71398,1.71461,1.71273,1.71417,285700000,8
1482100800000,1482101279000,1.71417,1.71447,1.71371,1.71371,190560000,8
1482101280000,1482101759000,1.71371,1.71481,1.71319,1.71394,526900000,8
1482101760000,1482102239000,1.71394,1.71522,1.71386,1.71467,1007170000,8
1482102240000,1482102719000,1.71463,1.71516,1.71306,1.71355,825630000,8
1482102720000,1482103199000,1.71355,1.71411,1.71326,1.71343,506710000,8
1482103200000,1482103679000,1.71343,1.71409,1.71322,1.71355,553550000,8
1482103680000,1482104159000,1.71355,1.7136,1.71222,1.7123,657770000,8
1482104160000,1482104639000,1.7123,1.71287,1.71218,1.71243,928200000,8
1482104640000,1482105119000,1.71242,1.7129,1.71224,1.71269,838320000,8
1482105120000,1482105599000,1.71274,1.7133,1.71206,1.71299,799160000,8
1482105600000,1482106079000,1.713,1.71387,1.71295,1.71342,1363350000,8
1482106080000,1482106559000,1.71342,1.71362,1.71297,1.71327,1084290000,8
1482106560000,1482107039000,1.71328,1.71366,1.71291,1.71332,1158120000,8
1482107040000,1482107519000,1.71332,1.71382,1.71301,1.71365,692830000,8
1482107520000,1482107999000,1.71364,1.71381,1.71311,1.71313,1018190000,8
1482108000000,1482108479000,1.71314,1.71314,1.7121,1.71266,1053270000,8
1482108480000,1482108959000,1.71266,1.71287,1.71137,1.71211,1136850000,8
1482108960000,1482109439000,1.71212,1.71295,1.70936,1.70944,1268910000,8
1482109440000,1482109919000,1.70949,1.71086,1.70943,1.70973,1310970000,8
1482109920000,1482110399000,1.70972,1.71017,1.70835,1.7088,1059380000,8
1482110400000,1482110879000,1.70879,1.71028,1.70873,1.71008,1049140000,8
1482110880000,1482111359000,1.71006,1.71017,1.70891,1.70924,1178810000,8
1482111360000,1482111839000,1.70921,1.71099,1.70915,1.71021,1146280000,8
1482111840000,1482112319000,1.71022,1.71051,1.7095,1.70973,788010000,8
1482112320000,1482112799000,1.70974,1.71015,1.70934,1.70971,1017900000,8
1482112800000,1482113279000,1.70967,1.71148,1.70963,1.71105,1017790000,8
1482113280000,1482113759000,1.71106,1.71189,1.71084,1.71143,755180000,8
1482113760000,1482114239000,1.7114,1.71149,1.71006,1.71041,802180000,8
1482114240000,1482114719000,1.71042,1.71079,1.70966,1.71011,864580000,8
1482114720000,1482115199000,1.71007,1.71038,1.70953,1.7096,906290000,8
1482115200000,1482115679000,1.7096,1.71079,1.70902,1.71075,830350000,8
1482115680000,1482116159000,1.71075,1.71099,1.71021,1.71027,817690000,8
1482116160000,1482116639000,1.71027,1.71148,1.71002,1.71133,1039670000,8
1482116640000,1482117119000,1.71132,1.7114,1.71007,1.71042,961980000,8
1482117120000,1482117599000,1.71041,1.71083,1.71019,1.71051,583420000,8
1482117600000,1482118079000,1.71051,1.71061,1.70977,1.71026,919310000,8
1482118080000,1482118559000,1.71026,1.71059,1.70992,1.70999,915100000,8
1482118560000,1482119039000,1.70999,1.71039,1.70981,1.71039,864080000,8
1482119040000,1482119519000,1.7104,1.7105,1.71007,1.71028,929800000,8
1482119520000,1482119999000,1.71032,1.71082,1.70958,1.70992,950140000,8
1482120000000,1482120479000,1.70997,1.71116,1.70928,1.71086,820490000,8
1482120480000,1482120959000,1.7109,1.71094,1.70878,1.70894,1172160000,8
1482120960000,1482121439000,1.70896,1.70971,1.70859,1.70937,825550000,8
1482121440000,1482121919000,1.70934,1.71,1.70901,1.70985,644070000,8
1482121920000,1482122399000,1.70985,1.71036,1.7095,1.71026,574660000,8
1482122400000,1482122879000,1.71026,1.71068,1.70992,1.71046,734130000,8
1482122880000,1482123359000,1.71046,1.71103,1.71046,1.71071,534110000,8
1482123360000,1482123839000,1.71071,1.71151,1.71071,1.71136,723680000,8
1482123840000,1482124319000,1.71142,1.71162,1.71117,1.71143,889370000,8
1482124320000,1482124799000,1.71143,1.71178,1.71097,1.71157,572830000,8
1482124800000,1482125279000,1.71157,1.71189,1.71126,1.71152,533370000,8
1482125280000,1482125759000,1.71151,1.71153,1.71063,1.71103,715920000,8
1482125760000,1482126239000,1.71105,1.71218,1.71096,1.71207,687130000,8
1482126240000,1482126719000,1.71205,1.71275,1.71196,1.71237,746250000,8
1482126720000,1482127199000,1.71235,1.71272,1.71216,1.7124,813830000,8
1482127200000,1482127679000,1.71238,1.71262,1.71195,1.71196,1141610000,8
1482127680000,1482128159000,1.71198,1.71218,1.71149,1.71158,750790000,8
1482128160000,1482128639000,1.71158,1.71208,1.71103,1.71148,507880000,8
1482128640000,1482129119000,1.71147,1.71191,1.71113,1.71155,699570000,8
1482129120000,1482129599000,1.71156,1.7127,1.71132,1.7115,1028540000,8
1482129600000,1482130079000,1.7115,1.71236,1.71089,1.71115,1129380000,8
1482130080000,1482130559000,1.71115,1.71168,1.71082,1.71133,1210910000,8
1482130560000,1482131039000,1.71133,1.71143,1.71062,1.71062,916610000,8
1482131040000,1482131519000,1.71066,1.71093,1.70961,1.71056,1301010000,8
1482131520000,1482131999000,1.71056,1.71276,1.71024,1.71252,1359540000,8
1482132000000,1482132479000,1.71253,1.71262,1.71168,1.7119,1086870000,8
1482132480000,1482132959000,1.71187,1.71224,1.71083,1.71089,1059350000,8
1482132960000,1482133439000,1.71089,1.7112,1.70985,1.7104,1339520000,8
1482133440000,1482133919000,1.71041,1.71208,1.71041,1.71173,1252470000,8
1482133920000,1482134399000,1.71176,1.71177,1.71052,1.711,1720640000,8
1482134400000,1482134879000,1.71097,1.71226,1.71067,1.71123,1805770000,8
1482134880000,1482135359000,1.71128,1.71165,1.71079,1.7114,1651040000,8
1482135360000,1482135839000,1.71139,1.7128,1.71137,1.71239,1562380000,8
1482135840000,1482136319000,1.71241,1.71251,1.71146,1.71169,1575920000,8
1482136320000,1482136799000,1.71171,1.71198,1.71078,1.71152,1621600000,8
1482136800000,1482137279000,1.71152,1.7125,1.71093,1.71097,1460220000,8
1482137280000,1482137759000,1.71097,1.71175,1.70998,1.71155,1879720000,8
1482137760000,1482138239000,1.71155,1.71224,1.71122,1.71207,1731050000,8
1482138240000,1482138719000,1.71206,1.71337,1.71186,1.71318,1885860000,8
1482138720000,1482139199000,1.71317,1.71335,1.71234,1.71253,1584450000,8
1482139200000,1482139679000,1.71254,1.71316,1.71197,1.71283,1498370000,8
1482139680000,1482140159000,1.7128,1.71331,1.71181,1.71197,1701270000,8
1482140160000,1482140639000,1.71197,1.71197,1.71048,1.71071,1383190000,8
1482140640000,1482141119000,1.71071,1.71126,1.70947,1.70976,1537160000,8
1482141120000,1482141599000,1.70973,1.71062,1.70873,1.70877,1760400000,8
1482141600000,1482142079000,1.70877,1.71052,1.70877,1.71035,1657870000,8
1482142080000,1482142559000,1.71035,1.71181,1.71016,1.71156,1404950000,8
1482142560000,1482143039000,1.71157,1.71308,1.71109,1.71308,1471840000,8
1482143040000,1482143519000,1.71307,1.71308,1.71091,1.71106,1423820000,8
1482143520000,1482143999000,1.71107,1.71212,1.71066,1.71181,1184940000,8
1482144000000,1482144479000,1.71182,1.71219,1.71076,1.71087,1141710000,8
1482144480000,1482144959000,1.71085,1.71132,1.70986,1.71046,1376030000,8
1482144960000,1482145439000,1.71046,1.71211,1.70946,1.71209,1305070000,8
1482145440000,1482145919000,1.71211,1.71219,1.70876,1.70908,1579920000,8
1482145920000,1482146399000,1.70908,1.71002,1.70776,1.70901,1331500000,8
1482146400000,1482146879000,1.70898,1.71087,1.70867,1.70893,1485170000,8
1482146880000,1482147359000,1.70894,1.70948,1.70706,1.70847,1552140000,8
1482147360000,1482147839000,1.70846,1.70947,1.70734,1.70787,1564240000,8
1482147840000,1482148319000,1.70786,1.70862,1.70741,1.70756,1169700000,8
1482148320000,1482148799000,1.70761,1.70852,1.70677,1.70732,1664210000,8
1482148800000,1482149279000,1.70732,1.70902,1.70732,1.70882,1106200000,8
1482149280000,1482149759000,1.70882,1.70992,1.70826,1.70863,1454180000,8
1482149760000,1482150239000,1.70864,1.70952,1.70811,1.70892,1232360000,8
1482150240000,1482150719000,1.70888,1.71007,1.70877,1.70912,1155800000,8
1482150720000,1482151199000,1.70911,1.70912,1.70811,1.70866,931810000,8
1482151200000,1482151679000,1.70867,1.70874,1.70637,1.70652,1449240000,8
1482151680000,1482152159000,1.70653,1.70653,1.70464,1.70581,1700710000,8
1482152160000,1482152639000,1.70577,1.70637,1.70444,1.70508,1817630000,8
1482152640000,1482153119000,1.70507,1.70673,1.70492,1.70585,2166310000,8
1482153120000,1482153599000,1.70585,1.70624,1.70462,1.70557,2185220000,8
1482153600000,1482154079000,1.70556,1.70627,1.70392,1.70423,2378470000,8
1482154080000,1482154559000,1.70423,1.70562,1.70292,1.70532,2074480000,8
1482154560000,1482155039000,1.70535,1.70637,1.70506,1.70612,1837440000,8
1482155040000,1482155519000,1.70614,1.70647,1.70526,1.70557,1731320000,8
1482155520000,1482155999000,1.70555,1.70807,1.70536,1.70797,1935500000,8
1482156000000,1482156479000,1.70796,1.70821,1.70661,1.70716,1952710000,8
1482156480000,1482156959000,1.70716,1.70757,1.70481,1.70489,1474160000,8
1482156960000,1482157439000,1.70489,1.70636,1.70486,1.70636,2084190000,8
1482157440000,1482157919000,1.70629,1.70691,1.70529,1.70602,1525490000,8
1482157920000,1482158399000,1.70599,1.70623,1.70536,1.70593,2027380000,8
1482158400000,1482158879000,1.70593,1.70607,1.705,1.70547,2158300000,8
1482158880000,1482159359000,1.70552,1.70654,1.7053,1.70606,2135720000,8
1482159360000,1482159839000,1.70606,1.70787,1.70586,1.70592,1880210000,8
1482159840000,1482160319000,1.70592,1.70673,1.70358,1.70382,2329530000,8
1482160320000,1482160799000,1.70377,1.70466,1.70292,1.70438,1872880000,8
1482160800000,1482161279000,1.70437,1.70535,1.70366,1.70482,1667900000,8
1482161280000,1482161759000,1.70478,1.7061,1.70442,1.70573,1677770000,8
1482161760000,1482162239000,1.70573,1.70632,1.70413,1.70429,1653190000,8
1482162240000,1482162719000,1.70425,1.70456,1.70326,1.70386,1649440000,8
1482162720000,1482163199000,1.70387,1.70807,1.70385,1.70762,1852050000,8
1482163200000,1482163679000,1.70761,1.70902,1.70706,1.70766,2146460000,8
1482163680000,1482164159000,1.70768,1.70912,1.70622,1.70832,1432040000,8
1482164160000,1482164639000,1.70831,1.70942,1.70828,1.70896,1666890000,8
1482164640000,1482165119000,1.70897,1.71037,1.70886,1.71022,1727940000,8
1482165120000,1482165599000,1.71023,1.71091,1.70967,1.71017,1381840000,8
1482165600000,1482166079000,1.71016,1.71069,1.70973,1.71047,1336080000,8
1482166080000,1482166559000,1.71047,1.71077,1.70896,1.70897,1530520000,8
1482166560000,1482167039000,1.70898,1.71001,1.70866,1.70924,1430070000,8
1482167040000,1482167519000,1.70922,1.71012,1.70913,1.70946,1123690000,8
1482167520000,1482167999000,1.70939,1.70988,1.70933,1.70971,1115830000,8
1482168000000,1482168479000,1.70971,1.71112,1.70944,1.71021,1191900000,8
1482168480000,1482168959000,1.7102,1.71067,1.7096,1.71023,1050800000,8
1482168960000,1482169439000,1.71022,1.71028,1.70968,1.71005,1321400000,8
1482169440000,1482169919000,1.71006,1.71091,1.71005,1.71085,939490000,8
1482169920000,1482170399000,1.71086,1.71147,1.71082,1.7111,1076270000,8
1482170400000,1482170879000,1.71112,1.7118,1.71087,1.71126,1073820000,8
1482170880000,1482171359000,1.71123,1.7119,1.71121,1.71145,1126820000,8
1482171360000,1482171839000,1.71143,1.71228,1.7114,1.71184,1376740000,8
1482171840000,1482172319000,1.71184,1.71219,1.71138,1.71167,1201440000,8
1482172320000,1482172799000,1.71171,1.71259,1.71121,1.71131,2077710000,8
1482172800000,1482173279000,1.71128,1.71197,1.71102,1.71131,1566440000,8
1482173280000,1482173759000,1.71146,1.71191,1.71084,1.71119,1739050000,8
1482173760000,1482174239000,1.71115,1.71226,1.71099,1.71192,1627500000,8
1482174240000,1482174719000,1.71192,1.71208,1.71124,1.71161,1472130000,8
1482174720000,1482175199000,1.71154,1.71185,1.71098,1.71121,1412930000,8
1482175200000,1482175679000,1.71117,1.71164,1.71063,1.71076,1335360000,8
1482175680000,1482176159000,1.71081,1.71122,1.71028,1.71114,1686500000,8
1482176160000,1482176639000,1.71114,1.7112,1.71024,1.71032,1086030000,8
1482176640000,1482177119000,1.71037,1.7104,1.70939,1.70951,1500760000,8
1482177120000,1482177599000,1.70953,1.70977,1.70911,1.70942,1641460000,8
1482177600000,1482178079000,1.70945,1.71008,1.70885,1.70915,1301080000,8
1482178080000,1482178559000,1.70917,1.71031,1.70912,1.70981,1084700000,8
1482178560000,1482179039000,1.70981,1.71104,1.70925,1.71094,1592730000,8
1482179040000,1482179519000,1.71098,1.71105,1.71016,1.71027,1484620000,8
1482179520000,1482179999000,1.71027,1.71062,1.71006,1.71017,1244650000,8
1482180000000,1482180479000,1.7101,1.71062,1.70991,1.71057,1285710000,8
1482180480000,1482180959000,1.71061,1.71117,1.71047,1.71052,861430000,8
1482180960000,1482181439000,1.71052,1.71057,1.70992,1.71006,837290000,8
1482181440000,1482181919000,1.71007,1.71082,1.71,1.71042,397710000,8
1482181920000,1482182399000,1.71041,1.71046,1.70967,1.70974,461140000,8
1482182400000,1482182879000,1.70971,1.70973,1.70909,1.70955,250740000,8
1482182880000,1482183359000,1.70957,1.71022,1.70953,1.71011,436340000,8
1482183360000,1482183839000,1.71012,1.71078,1.71008,1.71072,416430000,8
1482183840000,1482184319000,1.71075,1.71097,1.71052,1.71076,452980000,8
1482184320000,1482184799000,1.71077,1.71106,1.71004,1.71004,653980000,8
1482184800000,1482185279000,1.70966,1.71109,1.70916,1.70921,149080000,8
1482185280000,1482185759000,1.70916,1.71078,1.70916,1.70999,372340000,8
1482185760000,1482186239000,1.70999,1.71054,1.70987,1.71053,313320000,8
1482186240000,1482186719000,1.71053,1.71065,1.71001,1.71001,212620000,8
1482186720000,1482187199000,1.71005,1.71022,1.7094,1.7094,121070000,8
1482187200000,1482187679000,1.70943,1.7095,1.70898,1.70924,153960000,8
1482187680000,1482188159000,1.70922,1.71012,1.70922,1.70986,428450000,8
1482188160000,1482188639000,1.70985,1.70992,1.70853,1.70854,990840000,8
1482188640000,1482189119000,1.70854,1.70916,1.70806,1.70821,610850000,8
1482189120000,1482189599000,1.70819,1.70845,1.70737,1.70737,676420000,8
1482189600000,1482190079000,1.70734,1.70861,1.70734,1.70813,663310000,8
1482190080000,1482190559000,1.70814,1.7087,1.70792,1.7085,481860000,8
1482190560000,1482191039000,1.7085,1.70865,1.70812,1.70846,429110000,8
1482191040000,1482191519000,1.70841,1.70901,1.70821,1.70832,693170000,8
1482191520000,1482191999000,1.70827,1.70862,1.70795,1.70826,397640000,8
1482192000000,1482192479000,1.70827,1.70867,1.70771,1.70786,634420000,8
1482192480000,1482192959000,1.70786,1.70812,1.70691,1.70701,440590000,8
1482192960000,1482193439000,1.70705,1.70866,1.70676,1.70832,729910000,8
1482193440000,1482193919000,1.70837,1.7084,1.70691,1.70716,658980000,8
1482193920000,1482194399000,1.70712,1.70797,1.70696,1.70795,831480000,8
1482194400000,1482194879000,1.70796,1.70879,1.70786,1.70791,845080000,8
1482194880000,1482195359000,1.70791,1.70916,1.70782,1.70833,731800000,8
1482195360000,1482195839000,1.70832,1.70869,1.70763,1.70766,619990000,8
1482195840000,1482196319000,1.70766,1.70857,1.70751,1.70781,748050000,8
1482196320000,1482196799000,1.70787,1.70809,1.70712,1.70776,706840000,8
1482196800000,1482197279000,1.70776,1.70886,1.70761,1.70802,1165400000,8
1482197280000,1482197759000,1.70796,1.70882,1.70788,1.70849,747460000,8
1482197760000,1482198239000,1.70847,1.70886,1.70822,1.70856,619810000,8
1482198240000,1482198719000,1.70857,1.70932,1.70851,1.70902,623220000,8
1482198720000,1482199199000,1.70896,1.70982,1.70876,1.70887,805990000,8
1482199200000,1482199679000,1.70886,1.71027,1.70885,1.71018,900400000,8
1482199680000,1482200159000,1.71018,1.71096,1.71007,1.71047,1043520000,8
1482200160000,1482200639000,1.71046,1.71114,1.71041,1.7111,865080000,8
1482200640000,1482201119000,1.71108,1.71187,1.71047,1.71057,1008590000,8
1482201120000,1482201599000,1.71057,1.71087,1.71001,1.71053,884650000,8
1482201600000,1482202079000,1.71053,1.7107,1.70987,1.71006,997390000,8
1482202080000,1482202559000,1.71006,1.71072,1.70997,1.71062,937020000,8
1482202560000,1482203039000,1.71061,1.71219,1.71051,1.71186,1358080000,8
1482203040000,1482203519000,1.71196,1.71222,1.71109,1.71117,954310000,8
1482203520000,1482203999000,1.71127,1.71222,1.71101,1.71217,895390000,8
1482204000000,1482204479000,1.71216,1.71222,1.71042,1.71049,677670000,8
1482204480000,1482204959000,1.71052,1.71057,1.70951,1.70961,739550000,8
1482204960000,1482205439000,1.70961,1.70986,1.70927,1.70963,867200000,8
1482205440000,1482205919000,1.70963,1.70968,1.70913,1.70934,1029260000,8
1482205920000,1482206399000,1.70933,1.71025,1.70932,1.70998,961950000,8
1482206400000,1482206879000,1.70999,1.71037,1.70945,1.70956,918390000,8
1482206880000,1482207359000,1.70962,1.71036,1.70916,1.70956,766070000,8
1482207360000,1482207839000,1.70952,1.7097,1.70901,1.70947,686940000,8
1482207840000,1482208319000,1.70947,1.71007,1.70941,1.70985,851120000,8
1482208320000,1482208799000,1.70985,1.71034,1.70887,1.70908,886520000,8
1482208800000,1482209279000,1.70906,1.70925,1.70832,1.70854,1017030000,8
1482209280000,1482209759000,1.70854,1.70897,1.70843,1.70871,1166960000,8
1482209760000,1482210239000,1.70866,1.7091,1.70842,1.70886,656720000,8
1482210240000,1482210719000,1.70889,1.70988,1.70881,1.70964,872050000,8
1482210720000,1482211199000,1.70968,1.7101,1.70877,1.70886,935090000,8
1482211200000,1482211679000,1.70886,1.70898,1.70821,1.70858,684590000,8
1482211680000,1482212159000,1.70858,1.70887,1.7083,1.70862,755180000,8
1482212160000,1482212639000,1.70862,1.70882,1.70807,1.70821,494410000,8
1482212640000,1482213119000,1.70822,1.70917,1.70802,1.70905,534590000,8
1482213120000,1482213599000,1.70905,1.70929,1.70864,1.70892,402480000,8
1482213600000,1482214079000,1.70892,1.70921,1.70839,1.70859,1061420000,8
1482214080000,1482214559000,1.70856,1.70876,1.70756,1.70786,860540000,8
1482214560000,1482215039000,1.70786,1.70818,1.70701,1.70731,821500000,8
1482215040000,1482215519000,1.70736,1.70872,1.70731,1.70811,952500000,8
1482215520000,1482215999000,1.7081,1.70825,1.70713,1.70714,743650000,8
1482216000000,1482216479000,1.70714,1.70813,1.70666,1.70726,969910000,8
1482216480000,1482216959000,1.70732,1.70812,1.70702,1.7077,1291110000,8
1482216960000,1482217439000,1.70769,1.70817,1.70689,1.70736,888430000,8
1482217440000,1482217919000,1.70732,1.70752,1.70601,1.70653,1206040000,8
1482217920000,1482218399000,1.70655,1.7067,1.70602,1.70627,1011750000,8
1482218400000,1482218879000,1.70626,1.70626,1.70447,1.70452,897100000,8
1482218880000,1482219359000,1.70447,1.70472,1.70411,1.70444,729270000,8
1482219360000,1482219839000,1.70444,1.70578,1.70401,1.70566,949840000,8
1482219840000,1482220319000,1.70566,1.70632,1.70506,1.70534,1010110000,8
1482220320000,1482220799000,1.70542,1.70587,1.70474,1.70507,1042750000,8
1482220800000,1482221279000,1.70511,1.70711,1.70511,1.70647,1638920000,8
1482221280000,1482221759000,1.70651,1.70679,1.70545,1.70666,1409390000,8
1482221760000,1482222239000,1.70666,1.70794,1.70666,1.70782,1612430000,8
1482222240000,1482222719000,1.7078,1.70886,1.70756,1.70865,1301360000,8
1482222720000,1482223199000,1.70876,1.70925,1.70828,1.70828,1354160000,8
1482223200000,1482223679000,1.70827,1.70849,1.70722,1.70724,1102960000,8
1482223680000,1482224159000,1.70725,1.70878,1.70722,1.70842,904230000,8
1482224160000,1482224639000,1.70839,1.70848,1.70734,1.70821,1370050000,8
1482224640000,1482225119000,1.70821,1.70903,1.70742,1.70902,1322790000,8
1482225120000,1482225599000,1.70902,1.71004,1.70846,1.70948,1211950000,8
1482225600000,1482226079000,1.70952,1.71024,1.70834,1.71019,1387460000,8
1482226080000,1482226559000,1.71018,1.71027,1.70926,1.70942,1103940000,8
1482226560000,1482227039000,1.70942,1.70997,1.70937,1.70972,938170000,8
1482227040000,1482227519000,1.70976,1.71002,1.70907,1.70973,1022460000,8
1482227520000,1482227999000,1.70974,1.71161,1.70971,1.7116,1287270000,8
1482228000000,1482228479000,1.7116,1.71173,1.71028,1.71117,1446020000,8
1482228480000,1482228959000,1.71116,1.71123,1.70955,1.70986,1307910000,8
1482228960000,1482229439000,1.70987,1.71057,1.70918,1.71006,1430460000,8
1482229440000,1482229919000,1.71007,1.71027,1.70897,1.70902,1202980000,8
1482229920000,1482230399000,1.70901,1.70956,1.70831,1.70831,1174630000,8
1482230400000,1482230879000,1.70829,1.70837,1.70481,1.70501,1682590000,8
1482230880000,1482231359000,1.70496,1.70672,1.70431,1.70626,1329660000,8
1482231360000,1482231839000,1.70626,1.70802,1.70589,1.70769,1735280000,8
1482231840000,1482232319000,1.70769,1.70834,1.70609,1.70776,1634770000,8
1482232320000,1482232799000,1.70776,1.70971,1.70759,1.70857,1663140000,8
1482232800000,1482233279000,1.70858,1.70912,1.70711,1.70722,1650880000,8
1482233280000,1482233759000,1.70726,1.70927,1.70685,1.70924,1426250000,8
1482233760000,1482234239000,1.70924,1.7094,1.70783,1.70833,1019820000,8
1482234240000,1482234719000,1.70837,1.70837,1.70647,1.70757,1027230000,8
1482234720000,1482235199000,1.70759,1.7081,1.70701,1.70779,1076740000,8
1482235200000,1482235679000,1.70785,1.70832,1.70581,1.7061,1448200000,8
1482235680000,1482236159000,1.70612,1.70696,1.70567,1.70687,1325870000,8
1482236160000,1482236639000,1.70687,1.70791,1.70666,1.70703,1479510000,8
1482236640000,1482237119000,1.70704,1.70731,1.70623,1.70633,1332970000,8
1482237120000,1482237599000,1.70635,1.70657,1.70496,1.70541,1445810000,8
1482237600000,1482238079000,1.70547,1.70658,1.70481,1.70535,1301770000,8
1482238080000,1482238559000,1.70527,1.70782,1.70526,1.70782,1455770000,8
1482238560000,1482239039000,1.70781,1.70807,1.70399,1.70441,1739710000,8
1482239040000,1482239519000,1.70442,1.70722,1.70358,1.70537,1902010000,8
1482239520000,1482239999000,1.70537,1.70598,1.70458,1.70582,1323390000,8
1482240000000,1482240479000,1.70586,1.70666,1.70552,1.70636,1250970000,8
1482240480000,1482240959000,1.70637,1.70701,1.70591,1.70615,1168160000,8
1482240960000,1482241439000,1.70615,1.70626,1.70444,1.70463,1301080000,8
1482241440000,1482241919000,1.70465,1.70686,1.70454,1.70651,1311200000,8
1482241920000,1482242399000,1.70647,1.70667,1.70553,1.70617,1164740000,8
1482242400000,1482242879000,1.70616,1.70616,1.70461,1.70541,1252740000,8
1482242880000,1482243359000,1.70532,1.70532,1.70361,1.70427,1063810000,8
1482243360000,1482243839000,1.70426,1.70448,1.70306,1.70437,1042960000,8
1482243840000,1482244319000,1.70437,1.70494,1.70376,1.70447,1469520000,8
1482244320000,1482244799000,1.70447,1.70544,1.70376,1.70524,1734140000,8
1482244800000,1482245279000,1.70524,1.70544,1.70455,1.70494,1511640000,8
1482245280000,1482245759000,1.70497,1.70568,1.7038,1.70451,1564340000,8
1482245760000,1482246239000,1.70448,1.70472,1.70311,1.70347,1581970000,8
1482246240000,1482246719000,1.70346,1.70411,1.70306,1.70317,1430270000,8
1482246720000,1482247199000,1.70317,1.70322,1.70167,1.70256,1323770000,8
1482247200000,1482247679000,1.70256,1.70367,1.70182,1.70347,1828320000,8
1482247680000,1482248159000,1.70347,1.70417,1.70296,1.70296,1608720000,8
1482248160000,1482248639000,1.70291,1.70399,1.70205,1.70396,1104860000,8
1482248640000,1482249119000,1.70395,1.7049,1.70336,1.7049,1314850000,8
1482249120000,1482249599000,1.70491,1.70635,1.70458,1.70577,2122490000,8
1482249600000,1482250079000,1.70574,1.70635,1.70383,1.7043,2066540000,8
1482250080000,1482250559000,1.7043,1.70472,1.70401,1.70427,1321390000,8
1482250560000,1482251039000,1.7043,1.70471,1.7038,1.70441,1357140000,8
1482251040000,1482251519000,1.70446,1.70515,1.70416,1.70504,1337770000,8
1482251520000,1482251999000,1.70509,1.7053,1.70387,1.70421,1616410000,8
1482252000000,1482252479000,1.70418,1.70493,1.70359,1.70385,1538020000,8
1482252480000,1482252959000,1.70384,1.70417,1.70231,1.70275,1805130000,8
1482252960000,1482253439000,1.70272,1.70447,1.70272,1.70332,1090130000,8
1482253440000,1482253919000,1.70332,1.70436,1.70307,1.70424,1161170000,8
1482253920000,1482254399000,1.70417,1.70491,1.70408,1.70482,952400000,8
1482254400000,1482254879000,1.70476,1.70482,1.70259,1.70281,921930000,8
1482254880000,1482255359000,1.70282,1.70317,1.7026,1.70292,958120000,8
1482255360000,1482255839000,1.70293,1.70301,1.70201,1.70217,986910000,8
1482255840000,1482256319000,1.70217,1.70256,1.70177,1.70221,803460000,8
1482256320000,1482256799000,1.70221,1.70393,1.70211,1.70357,1064210000,8
1482256800000,1482257279000,1.70355,1.70371,1.70266,1.70291,1166330000,8
1482257280000,1482257759000,1.70291,1.70345,1.70267,1.70283,1214120000,8
1482257760000,1482258239000,1.70283,1.70313,1.70212,1.7024,1084630000,8
1482258240000,1482258719000,1.70239,1.70295,1.70225,1.70277,610790000,8
1482258720000,1482259199000,1.70277,1.70375,1.70268,1.70366,792030000,8
1482259200000,1482259679000,1.70366,1.70381,1.70267,1.70357,1008130000,8
1482259680000,1482260159000,1.70357,1.70389,1.70341,1.70371,834390000,8
1482260160000,1482260639000,1.70372,1.70461,1.70358,1.70444,1099000000,8
1482260640000,1482261119000,1.70443,1.70456,1.70382,1.70387,1103530000,8
1482261120000,1482261599000,1.70386,1.70392,1.70281,1.70307,961540000,8
1482261600000,1482262079000,1.70307,1.70356,1.7027,1.70349,977540000,8
1482262080000,1482262559000,1.7035,1.70401,1.7035,1.70377,909660000,8
1482262560000,1482263039000,1.70377,1.70422,1.70354,1.70385,1273760000,8
1482263040000,1482263519000,1.70384,1.70452,1.70377,1.70435,976550000,8
1482263520000,1482263999000,1.70436,1.70472,1.70402,1.7046,1281520000,8
1482264000000,1482264479000,1.70458,1.70508,1.7044,1.70494,712700000,8
1482264480000,1482264959000,1.70494,1.70524,1.70469,1.70502,900250000,8
1482264960000,1482265439000,1.70502,1.70518,1.70399,1.70428,1078350000,8
1482265440000,1482265919000,1.70427,1.70434,1.70372,1.70421,1040630000,8
1482265920000,1482266399000,1.70421,1.70441,1.70397,1.70441,671450000,8
1482266400000,1482266879000,1.7044,1.70453,1.70361,1.70377,609390000,8
1482266880000,1482267359000,1.70377,1.70387,1.70351,1.70369,774770000,8
1482267360000,1482267839000,1.70369,1.70385,1.70336,1.70347,622200000,8
1482267840000,1482268319000,1.70348,1.70355,1.70312,1.70317,818290000,8
1482268320000,1482268799000,1.70317,1.70341,1.70288,1.70322,283690000,8
1482268800000,1482269279000,1.70322,1.70371,1.70314,1.70326,698790000,8
1482269280000,1482269759000,1.70327,1.70372,1.70322,1.70344,860020000,8
1482269760000,1482270239000,1.70344,1.70367,1.70328,1.70359,1659120000,8
1482270240000,1482270719000,1.70359,1.70402,1.70328,1.70331,1915180000,8
1482270720000,1482271199000,1.70331,1.70387,1.70311,1.70313,1669190000,8
1482271200000,1482271679000,1.70297,1.70382,1.70246,1.70263,172000000,8
1482271680000,1482272159000,1.70263,1.70402,1.70191,1.70376,239500000,8
1482272160000,1482272639000,1.70371,1.70387,1.70362,1.70377,129140000,8
1482272640000,1482273119000,1.70377,1.70402,1.70372,1.70391,178220000,8
1482273120000,1482273599000,1.70392,1.70396,1.70336,1.70336,149480000,8
1482273600000,1482274079000,1.70336,1.7034,1.70127,1.70151,521490000,8
1482274080000,1482274559000,1.70152,1.70262,1.70107,1.70246,1005420000,8
1482274560000,1482275039000,1.70246,1.70287,1.70199,1.70217,1115370000,8
1482275040000,1482275519000,1.70222,1.70267,1.70112,1.70131,711350000,8
1482275520000,1482275999000,1.70131,1.70193,1.70121,1.70166,437340000,8
1482276000000,1482276479000,1.70166,1.70258,1.70158,1.70254,514160000,8
1482276480000,1482276959000,1.70255,1.70256,1.70142,1.70166,691100000,8
1482276960000,1482277439000,1.70167,1.70172,1.70031,1.70071,609180000,8
1482277440000,1482277919000,1.70066,1.70145,1.70056,1.70126,644340000,8
1482277920000,1482278399000,1.70132,1.70137,1.70071,1.70121,417270000,8
1482278400000,1482278879000,1.70132,1.70137,1.70051,1.70071,566860000,8
1482278880000,1482279359000,1.70067,1.70101,1.70021,1.70099,755630000,8
1482279360000,1482279839000,1.70101,1.70136,1.70042,1.70079,613100000,8
1482279840000,1482280319000,1.70079,1.70087,1.70024,1.70068,673670000,8
1482280320000,1482280799000,1.70068,1.70092,1.70036,1.70077,551210000,8
1482280800000,1482281279000,1.70072,1.70091,1.70011,1.7006,431260000,8
1482281280000,1482281759000,1.7006,1.7011,1.70021,1.70037,479820000,8
1482281760000,1482282239000,1.70037,1.70062,1.69995,1.70052,607490000,8
1482282240000,1482282719000,1.70053,1.70072,1.69983,1.70043,698560000,8
1482282720000,1482283199000,1.70043,1.70122,1.7003,1.70097,726170000,8
1482283200000,1482283679000,1.70097,1.70172,1.70096,1.70167,600250000,8
1482283680000,1482284159000,1.70167,1.70201,1.70121,1.70136,629470000,8
1482284160000,1482284639000,1.70136,1.7022,1.70108,1.70188,712390000,8
1482284640000,1482285119000,1.70188,1.70203,1.70131,1.70137,518840000,8
1482285120000,1482285599000,1.70137,1.70176,1.70116,1.70163,946330000,8
1482285600000,1482286079000,1.7017,1.70286,1.70144,1.70282,1150030000,8
1482286080000,1482286559000,1.70282,1.70302,1.70221,1.70275,618170000,8
1482286560000,1482287039000,1.70277,1.70367,1.70173,1.70367,1519020000,8
1482287040000,1482287519000,1.70362,1.70367,1.70296,1.70361,1012360000,8
1482287520000,1482287999000,1.70359,1.70422,1.70331,1.70412,1026570000,8
1482288000000,1482288479000,1.70417,1.70517,1.70401,1.70507,736620000,8
1482288480000,1482288959000,1.70512,1.70623,1.70462,1.70594,738920000,8
1482288960000,1482289439000,1.70591,1.706,1.70531,1.70547,962610000,8
1482289440000,1482289919000,1.70547,1.70602,1.7054,1.70576,957280000,8
1482289920000,1482290399000,1.70577,1.70652,1.70571,1.70646,771340000,8
1482290400000,1482290879000,1.70651,1.70688,1.70617,1.70624,743060000,8
1482290880000,1482291359000,1.70623,1.70662,1.70612,1.70656,664270000,8
1482291360000,1482291839000,1.70651,1.70695,1.70628,1.70648,585630000,8
1482291840000,1482292319000,1.70648,1.70669,1.70582,1.70597,553070000,8
1482292320000,1482292799000,1.70596,1.70627,1.70572,1.70627,692040000,8
1482292800000,1482293279000,1.70624,1.70655,1.70612,1.70622,681480000,8
1482293280000,1482293759000,1.70622,1.70677,1.70606,1.70642,527510000,8
1482293760000,1482294239000,1.70641,1.70651,1.70577,1.70602,582390000,8
1482294240000,1482294719000,1.70602,1.70617,1.70557,1.70562,506780000,8
1482294720000,1482295199000,1.70561,1.70562,1.70496,1.70521,808910000,8
1482295200000,1482295679000,1.70526,1.70567,1.70501,1.70531,690550000,8
1482295680000,1482296159000,1.70531,1.70558,1.7051,1.70526,664540000,8
1482296160000,1482296639000,1.70526,1.70567,1.70496,1.70533,637120000,8
1482296640000,1482297119000,1.70534,1.70547,1.70491,1.70533,491130000,8
1482297120000,1482297599000,1.70536,1.70576,1.70524,1.70543,620510000,8
1482297600000,1482298079000,1.70542,1.70556,1.70492,1.70496,540490000,8
1482298080000,1482298559000,1.70497,1.70527,1.70476,1.70502,528380000,8
1482298560000,1482299039000,1.70504,1.70535,1.70467,1.70479,481500000,8
1482299040000,1482299519000,1.70477,1.70505,1.70452,1.70493,504200000,8
1482299520000,1482299999000,1.70494,1.70532,1.70481,1.70521,511110000,8
1482300000000,1482300479000,1.70521,1.70552,1.70441,1.70471,803310000,8
1482300480000,1482300959000,1.70468,1.70471,1.70388,1.70442,787340000,8
1482300960000,1482301439000,1.70437,1.70501,1.70427,1.70483,742550000,8
1482301440000,1482301919000,1.70484,1.70531,1.70467,1.70505,575140000,8
1482301920000,1482302399000,1.70506,1.70514,1.70409,1.70429,698360000,8
1482302400000,1482302879000,1.70429,1.70439,1.7036,1.70397,605180000,8
1482302880000,1482303359000,1.70401,1.70502,1.70352,1.70437,694910000,8
1482303360000,1482303839000,1.70437,1.70462,1.70317,1.70366,848230000,8
1482303840000,1482304319000,1.70361,1.70457,1.70347,1.70393,751930000,8
1482304320000,1482304799000,1.70395,1.70403,1.70326,1.70346,953190000,8
1482304800000,1482305279000,1.70346,1.70363,1.70251,1.70361,944050000,8
1482305280000,1482305759000,1.70359,1.70457,1.7031,1.70402,968890000,8
1482305760000,1482306239000,1.70407,1.70436,1.70376,1.70397,878840000,8
1482306240000,1482306719000,1.70396,1.70512,1.70368,1.70489,843700000,8
1482306720000,1482307199000,1.70489,1.70508,1.70388,1.70489,1100180000,8
1482307200000,1482307679000,1.70476,1.70537,1.70409,1.70438,1676040000,8
1482307680000,1482308159000,1.70437,1.70475,1.70365,1.70381,1424110000,8
1482308160000,1482308639000,1.70381,1.70417,1.70292,1.70346,1421050000,8
1482308640000,1482309119000,1.70346,1.7042,1.70309,1.70315,1345140000,8
1482309120000,1482309599000,1.70314,1.70359,1.70196,1.70255,1400660000,8
1482309600000,1482310079000,1.7026,1.70295,1.70159,1.70167,1369990000,8
1482310080000,1482310559000,1.70164,1.70436,1.70163,1.70372,1458120000,8
1482310560000,1482311039000,1.70373,1.70385,1.70091,1.70136,1530990000,8
1482311040000,1482311519000,1.70131,1.70348,1.7013,1.70306,1128560000,8
1482311520000,1482311999000,1.70302,1.70321,1.7015,1.70182,1078070000,8
1482312000000,1482312479000,1.70182,1.70382,1.70161,1.70357,1440040000,8
1482312480000,1482312959000,1.70359,1.70447,1.703,1.70314,1076060000,8
1482312960000,1482313439000,1.70314,1.70323,1.70174,1.70182,1401430000,8
1482313440000,1482313919000,1.70184,1.70292,1.70179,1.70245,1483880000,8
1482313920000,1482314399000,1.70246,1.70271,1.70065,1.70077,1536820000,8
1482314400000,1482314879000,1.70081,1.70219,1.70077,1.70148,1574900000,8
1482314880000,1482315359000,1.70143,1.70224,1.70104,1.70143,1130760000,8
1482315360000,1482315839000,1.70147,1.70185,1.70093,1.70147,1125430000,8
1482315840000,1482316319000,1.70145,1.70217,1.70123,1.70211,1318940000,8
1482316320000,1482316799000,1.7021,1.70235,1.70104,1.7019,1171040000,8
1482316800000,1482317279000,1.70191,1.7028,1.70158,1.70247,1224410000,8
1482317280000,1482317759000,1.70247,1.70337,1.70243,1.70277,1351020000,8
1482317760000,1482318239000,1.70277,1.70282,1.70209,1.70257,1542570000,8
1482318240000,1482318719000,1.70257,1.70319,1.70222,1.70312,1039880000,8
1482318720000,1482319199000,1.70312,1.70444,1.70307,1.70417,1180420000,8
1482319200000,1482319679000,1.70418,1.70418,1.70313,1.70356,1199370000,8
1482319680000,1482320159000,1.70356,1.70472,1.70335,1.70368,1288760000,8
1482320160000,1482320639000,1.70368,1.70419,1.70353,1.70359,1010040000,8
1482320640000,1482321119000,1.70357,1.70482,1.70355,1.70378,981030000,8
1482321120000,1482321599000,1.70387,1.70443,1.70338,1.70405,1039390000,8
1482321600000,1482322079000,1.70409,1.70443,1.70257,1.70307,2091140000,8
1482322080000,1482322559000,1.70307,1.70432,1.70277,1.70383,2197770000,8
1482322560000,1482323039000,1.7038,1.70381,1.70276,1.70321,1758930000,8
1482323040000,1482323519000,1.70322,1.70362,1.70189,1.70292,1530180000,8
1482323520000,1482323999000,1.7029,1.70323,1.70206,1.70217,1339200000,8
1482324000000,1482324479000,1.70218,1.70386,1.70191,1.70336,1161660000,8
1482324480000,1482324959000,1.70337,1.70352,1.70256,1.70267,939620000,8
1482324960000,1482325439000,1.70267,1.70312,1.70146,1.70194,1344280000,8
1482325440000,1482325919000,1.70195,1.70233,1.70091,1.70232,1421570000,8
1482325920000,1482326399000,1.70232,1.70311,1.70152,1.70289,1174150000,8
1482326400000,1482326879000,1.70297,1.70357,1.70256,1.70277,1307880000,8
1482326880000,1482327359000,1.70282,1.70322,1.70158,1.70211,1036800000,8
1482327360000,1482327839000,1.70212,1.70306,1.70191,1.70226,978830000,8
1482327840000,1482328319000,1.70226,1.70263,1.70166,1.70206,1317960000,8
1482328320000,1482328799000,1.70206,1.70328,1.70136,1.70171,1567440000,8
1482328800000,1482329279000,1.70172,1.70197,1.70016,1.70086,2152790000,8
1482329280000,1482329759000,1.70086,1.70184,1.70081,1.70115,1164250000,8
1482329760000,1482330239000,1.70115,1.70133,1.70041,1.70098,1348040000,8
1482330240000,1482330719000,1.70098,1.70273,1.70093,1.70246,1168810000,8
1482330720000,1482331199000,1.70247,1.70387,1.70203,1.70384,1734870000,8
1482331200000,1482331679000,1.7039,1.70466,1.70388,1.70456,1569630000,8
1482331680000,1482332159000,1.70462,1.70569,1.70404,1.70557,1068600000,8
1482332160000,1482332639000,1.70557,1.7068,1.70557,1.70666,1477180000,8
1482332640000,1482333119000,1.70666,1.7075,1.70641,1.70656,1830690000,8
1482333120000,1482333599000,1.70657,1.70698,1.70601,1.70679,1501590000,8
1482333600000,1482334079000,1.70679,1.70735,1.70629,1.70649,1258030000,8
1482334080000,1482334559000,1.70649,1.70674,1.70591,1.70657,1466340000,8
1482334560000,1482335039000,1.70655,1.70688,1.70591,1.70652,1513570000,8
1482335040000,1482335519000,1.70654,1.70772,1.70622,1.70768,1234790000,8
1482335520000,1482335999000,1.70767,1.70788,1.70607,1.70667,1812190000,8
1482336000000,1482336479000,1.70673,1.70677,1.705,1.70501,1731150000,8
1482336480000,1482336959000,1.70501,1.70587,1.70447,1.70496,1380930000,8
1482336960000,1482337439000,1.70498,1.70586,1.70463,1.70566,1380970000,8
1482337440000,1482337919000,1.70565,1.70577,1.70461,1.70522,1447440000,8
1482337920000,1482338399000,1.70522,1.70544,1.70453,1.7047,1107400000,8
1482338400000,1482338879000,1.70472,1.70502,1.70376,1.70427,1574130000,8
1482338880000,1482339359000,1.70421,1.705,1.70395,1.70471,1276550000,8
1482339360000,1482339839000,1.70471,1.70531,1.70414,1.70422,1261710000,8
1482339840000,1482340319000,1.70422,1.70426,1.70327,1.70328,1160590000,8
1482340320000,1482340799000,1.7033,1.70338,1.70271,1.70282,886130000,8
1482340800000,1482341279000,1.70282,1.70344,1.70245,1.70312,1309340000,8
1482341280000,1482341759000,1.70311,1.70362,1.703,1.70307,966160000,8
1482341760000,1482342239000,1.70307,1.70333,1.70295,1.70307,1069200000,8
1482342240000,1482342719000,1.70308,1.7037,1.70298,1.70366,1236550000,8
1482342720000,1482343199000,1.70365,1.70412,1.70335,1.70397,947190000,8
1482343200000,1482343679000,1.70397,1.70481,1.70386,1.70431,1112890000,8
1482343680000,1482344159000,1.70431,1.70431,1.70327,1.70412,688300000,8
1482344160000,1482344639000,1.70412,1.70461,1.70392,1.70461,832270000,8
1482344640000,1482345119000,1.70461,1.70473,1.70303,1.70343,765180000,8
1482345120000,1482345599000,1.70345,1.70379,1.70329,1.70337,914460000,8
1482345600000,1482346079000,1.70339,1.70409,1.70329,1.70408,1332190000,8
1482346080000,1482346559000,1.70409,1.70409,1.70291,1.70314,1311600000,8
1482346560000,1482347039000,1.70314,1.70345,1.70292,1.70327,709580000,8
1482347040000,1482347519000,1.70323,1.70398,1.70261,1.70383,897800000,8
1482347520000,1482347999000,1.70383,1.70427,1.70383,1.70403,868320000,8
1482348000000,1482348479000,1.70403,1.70417,1.70287,1.70316,911380000,8
1482348480000,1482348959000,1.70316,1.70336,1.70301,1.70321,574710000,8
1482348960000,1482349439000,1.70321,1.70373,1.70306,1.70322,704880000,8
1482349440000,1482349919000,1.70321,1.70393,1.7032,1.70364,702120000,8
1482349920000,1482350399000,1.70364,1.70423,1.7034,1.70416,958960000,8
1482350400000,1482350879000,1.70412,1.70475,1.70402,1.70461,818940000,8
1482350880000,1482351359000,1.70461,1.70488,1.70405,1.70432,730010000,8
1482351360000,1482351839000,1.7043,1.70509,1.70421,1.70505,601220000,8
1482351840000,1482352319000,1.70505,1.70538,1.70498,1.7052,652730000,8
1482352320000,1482352799000,1.70521,1.70527,1.70442,1.70462,581210000,8
1482352800000,1482353279000,1.7046,1.70486,1.7042,1.70443,494070000,8
1482353280000,1482353759000,1.70443,1.70469,1.70401,1.70447,335300000,8
1482353760000,1482354239000,1.70447,1.70517,1.70428,1.70494,531240000,8
1482354240000,1482354719000,1.70493,1.70501,1.70448,1.70483,190260000,8
1482354720000,1482355199000,1.70483,1.70502,1.70451,1.7048,317870000,8
1482355200000,1482355679000,1.7048,1.70591,1.70474,1.70576,226240000,8
1482355680000,1482356159000,1.70576,1.70665,1.70561,1.70652,501020000,8
1482356160000,1482356639000,1.70653,1.70741,1.70641,1.70694,762870000,8
1482356640000,1482357119000,1.7069,1.70727,1.70638,1.70666,590260000,8
1482357120000,1482357599000,1.70665,1.70681,1.70612,1.70621,881390000,8
1482357600000,1482358079000,1.70632,1.70797,1.70473,1.70591,207690000,8
1482358080000,1482358559000,1.70558,1.70712,1.70388,1.7071,261250000,8
1482358560000,1482359039000,1.70711,1.70729,1.7069,1.70712,218000000,8
1482359040000,1482359519000,1.70714,1.70808,1.70682,1.7078,245690000,8
1482359520000,1482359999000,1.7078,1.70945,1.70765,1.70801,243100000,8
1482360000000,1482360479000,1.70801,1.7087,1.70737,1.70818,516480000,8
1482360480000,1482360959000,1.70809,1.70822,1.70744,1.70808,354920000,8
1482360960000,1482361439000,1.70808,1.70914,1.70786,1.70814,866110000,8
1482361440000,1482361919000,1.70821,1.70906,1.7079,1.70838,893850000,8
1482361920000,1482362399000,1.70837,1.70843,1.70766,1.70796,791990000,8
1482362400000,1482362879000,1.70796,1.70802,1.70741,1.70764,762390000,8
1482362880000,1482363359000,1.70764,1.70817,1.70726,1.70775,701980000,8
1482363360000,1482363839000,1.70774,1.70796,1.70726,1.70781,727820000,8
1482363840000,1482364319000,1.70782,1.70783,1.70697,1.70742,815890000,8
1482364320000,1482364799000,1.70742,1.70747,1.70693,1.70711,451640000,8
1482364800000,1482365279000,1.70712,1.70811,1.70692,1.70782,579060000,8
1482365280000,1482365759000,1.70761,1.7081,1.70739,1.70783,664900000,8
1482365760000,1482366239000,1.70781,1.70803,1.70697,1.70707,621700000,8
1482366240000,1482366719000,1.70712,1.70747,1.70651,1.70712,837580000,8
1482366720000,1482367199000,1.70711,1.70732,1.70652,1.707,741390000,8
1482367200000,1482367679000,1.70698,1.7072,1.70611,1.70636,668800000,8
1482367680000,1482368159000,1.70637,1.70757,1.70597,1.70732,932060000,8
1482368160000,1482368639000,1.70731,1.70742,1.70641,1.70667,758170000,8
1482368640000,1482369119000,1.70661,1.70782,1.70661,1.70747,561190000,8
1482369120000,1482369599000,1.70741,1.70746,1.70607,1.70632,661610000,8
1482369600000,1482370079000,1.70633,1.70667,1.70547,1.70571,742890000,8
1482370080000,1482370559000,1.70571,1.70576,1.70475,1.70492,768270000,8
1482370560000,1482371039000,1.70497,1.7054,1.70471,1.70517,553510000,8
1482371040000,1482371519000,1.70522,1.70606,1.70486,1.70486,688110000,8
1482371520000,1482371999000,1.70487,1.70557,1.70484,1.70531,671690000,8
1482372000000,1482372479000,1.70526,1.70597,1.70526,1.70577,619870000,8
1482372480000,1482372959000,1.70577,1.70617,1.70556,1.70582,680270000,8
1482372960000,1482373439000,1.70582,1.7064,1.70556,1.70616,720750000,8
1482373440000,1482373919000,1.70617,1.70712,1.70581,1.70646,909040000,8
1482373920000,1482374399000,1.70644,1.70672,1.70602,1.70612,618750000,8
1482374400000,1482374879000,1.70612,1.70636,1.70578,1.70615,576020000,8
1482374880000,1482375359000,1.70614,1.70621,1.70572,1.70608,396570000,8
1482375360000,1482375839000,1.70609,1.70688,1.70573,1.70666,602440000,8
1482375840000,1482376319000,1.70669,1.70679,1.70611,1.70676,596270000,8
1482376320000,1482376799000,1.70678,1.70694,1.7062,1.70663,752070000,8
1482376800000,1482377279000,1.70665,1.70677,1.70638,1.70676,445200000,8
1482377280000,1482377759000,1.70677,1.70712,1.70632,1.70707,510310000,8
1482377760000,1482378239000,1.70706,1.70722,1.70656,1.70661,516860000,8
1482378240000,1482378719000,1.70657,1.70707,1.70656,1.7069,581470000,8
1482378720000,1482379199000,1.70689,1.70726,1.70675,1.70703,598390000,8
1482379200000,1482379679000,1.70699,1.70704,1.70671,1.70692,665360000,8
1482379680000,1482380159000,1.70691,1.70711,1.70661,1.70669,634700000,8
1482380160000,1482380639000,1.70667,1.70771,1.70659,1.70746,524750000,8
1482380640000,1482381119000,1.70741,1.70817,1.70741,1.70809,517300000,8
1482381120000,1482381599000,1.70808,1.70822,1.70762,1.70807,515990000,8
1482381600000,1482382079000,1.70807,1.70817,1.70736,1.70756,369070000,8
1482382080000,1482382559000,1.70756,1.70902,1.70716,1.70896,467810000,8
1482382560000,1482383039000,1.70896,1.70902,1.70806,1.70842,736320000,8
1482383040000,1482383519000,1.70842,1.70866,1.70796,1.70817,766040000,8
1482383520000,1482383999000,1.70816,1.70851,1.70766,1.70805,703890000,8
1482384000000,1482384479000,1.70805,1.7091,1.70764,1.70891,848950000,8
1482384480000,1482384959000,1.70891,1.70927,1.70838,1.7086,718200000,8
1482384960000,1482385439000,1.7086,1.70878,1.70826,1.70857,658270000,8
1482385440000,1482385919000,1.70857,1.70893,1.70831,1.70851,736950000,8
1482385920000,1482386399000,1.70849,1.70858,1.70807,1.70832,738740000,8
1482386400000,1482386879000,1.70831,1.70882,1.70795,1.7088,1000580000,8
1482386880000,1482387359000,1.70881,1.70912,1.70814,1.70849,665210000,8
1482387360000,1482387839000,1.70849,1.70869,1.70812,1.70847,825650000,8
1482387840000,1482388319000,1.70846,1.70847,1.70796,1.70805,931220000,8
1482388320000,1482388799000,1.70805,1.70825,1.70721,1.70747,865500000,8
1482388800000,1482389279000,1.70747,1.70753,1.7066,1.70687,832020000,8
1482389280000,1482389759000,1.70697,1.70716,1.70644,1.70686,583200000,8
1482389760000,1482390239000,1.70687,1.70819,1.70662,1.70817,1250440000,8
1482390240000,1482390719000,1.70816,1.70921,1.70804,1.70858,879570000,8
1482390720000,1482391199000,1.70858,1.70888,1.70762,1.70861,561330000,8
1482391200000,1482391679000,1.70862,1.70897,1.70809,1.70857,670040000,8
1482391680000,1482392159000,1.70857,1.70978,1.70816,1.70973,866030000,8
1482392160000,1482392639000,1.70973,1.70987,1.70843,1.70902,954110000,8
1482392640000,1482393119000,1.70901,1.70968,1.7085,1.70934,878460000,8
1482393120000,1482393599000,1.70933,1.71016,1.70933,1.70987,1011980000,8
1482393600000,1482394079000,1.70989,1.71078,1.7082,1.70898,1430850000,8
1482394080000,1482394559000,1.70898,1.70933,1.70799,1.70851,1184640000,8
1482394560000,1482395039000,1.70851,1.70918,1.70807,1.70837,1501190000,8
1482395040000,1482395519000,1.70837,1.71036,1.70822,1.70966,1307720000,8
1482395520000,1482395999000,1.70965,1.71005,1.70906,1.70954,1328120000,8
1482396000000,1482396479000,1.70953,1.71015,1.70892,1.70936,910580000,8
1482396480000,1482396959000,1.70937,1.70959,1.70803,1.70841,1154690000,8
1482396960000,1482397439000,1.70838,1.70897,1.70824,1.70895,1427360000,8
1482397440000,1482397919000,1.70895,1.7094,1.70854,1.70889,898780000,8
1482397920000,1482398399000,1.70889,1.7101,1.7088,1.70933,1098130000,8
1482398400000,1482398879000,1.70933,1.70965,1.70881,1.70896,1195410000,8
1482398880000,1482399359000,1.70896,1.70971,1.70891,1.70971,1196480000,8
1482399360000,1482399839000,1.70971,1.7108,1.70966,1.71008,1058240000,8
1482399840000,1482400319000,1.71006,1.7101,1.70945,1.70946,1020560000,8
1482400320000,1482400799000,1.70945,1.70963,1.70802,1.70892,1483540000,8
1482400800000,1482401279000,1.70887,1.70967,1.70821,1.7096,1269630000,8
1482401280000,1482401759000,1.7096,1.71068,1.70935,1.71046,1349710000,8
1482401760000,1482402239000,1.71042,1.71109,1.71007,1.71044,1478640000,8
1482402240000,1482402719000,1.71046,1.71139,1.70983,1.71129,1387040000,8
1482402720000,1482403199000,1.71128,1.71144,1.70953,1.70997,1277310000,8
1482403200000,1482403679000,1.70997,1.71122,1.70981,1.7111,1240680000,8
1482403680000,1482404159000,1.71106,1.7114,1.71001,1.71009,1081610000,8
1482404160000,1482404639000,1.7101,1.71103,1.71005,1.71098,1513160000,8
1482404640000,1482405119000,1.71098,1.71315,1.71098,1.71297,1261210000,8
1482405120000,1482405599000,1.71297,1.71365,1.71266,1.71266,1197450000,8
1482405600000,1482406079000,1.71268,1.71391,1.71266,1.71349,805370000,8
1482406080000,1482406559000,1.71349,1.7137,1.71247,1.7136,1059150000,8
1482406560000,1482407039000,1.7136,1.71361,1.71255,1.71273,889030000,8
1482407040000,1482407519000,1.71275,1.71342,1.71238,1.71297,1011270000,8
1482407520000,1482407999000,1.713,1.71316,1.71241,1.71262,1170260000,8
1482408000000,1482408479000,1.71263,1.71329,1.71106,1.71188,1504180000,8
1482408480000,1482408959000,1.71188,1.71223,1.71108,1.71217,1178520000,8
1482408960000,1482409439000,1.71218,1.71282,1.71171,1.71254,1104320000,8
1482409440000,1482409919000,1.71254,1.71299,1.71198,1.71218,1225390000,8
1482409920000,1482410399000,1.71222,1.71276,1.71192,1.71252,1056240000,8
1482410400000,1482410879000,1.71253,1.71271,1.71221,1.71221,822100000,8
1482410880000,1482411359000,1.71223,1.71236,1.71112,1.71137,1446560000,8
1482411360000,1482411839000,1.71137,1.71143,1.71021,1.71033,1012080000,8
1482411840000,1482412319000,1.71034,1.71072,1.70982,1.71061,922330000,8
1482412320000,1482412799000,1.71067,1.71072,1.70907,1.70927,1194030000,8
1482412800000,1482413279000,1.70932,1.71085,1.70916,1.71067,1307140000,8
1482413280000,1482413759000,1.71072,1.71072,1.70941,1.70977,1545230000,8
1482413760000,1482414239000,1.70979,1.70997,1.70888,1.70903,1429520000,8
1482414240000,1482414719000,1.70903,1.71027,1.70898,1.70967,1632840000,8
1482414720000,1482415199000,1.70967,1.71017,1.70854,1.70927,1618580000,8
1482415200000,1482415679000,1.70927,1.70928,1.70786,1.70833,1571260000,8
1482415680000,1482416159000,1.70833,1.70839,1.70731,1.70805,1617760000,8
1482416160000,1482416639000,1.70806,1.7084,1.70734,1.70788,1497550000,8
1482416640000,1482417119000,1.70785,1.70867,1.70731,1.70847,1511190000,8
1482417120000,1482417599000,1.70847,1.70886,1.70726,1.70861,1531210000,8
1482417600000,1482418079000,1.70862,1.70882,1.70711,1.70761,1725450000,8
1482418080000,1482418559000,1.70761,1.70842,1.70733,1.70765,1813490000,8
1482418560000,1482419039000,1.70764,1.70801,1.70656,1.70797,1812120000,8
1482419040000,1482419519000,1.70795,1.70942,1.70718,1.70859,2640990000,8
1482419520000,1482419999000,1.7086,1.70874,1.70658,1.70715,2045130000,8
1482420000000,1482420479000,1.70715,1.70766,1.70655,1.70666,1718770000,8
1482420480000,1482420959000,1.70669,1.70739,1.70587,1.70596,1843220000,8
1482420960000,1482421439000,1.70597,1.70622,1.70512,1.70607,1521400000,8
1482421440000,1482421919000,1.70606,1.70649,1.70367,1.70403,1710830000,8
1482421920000,1482422399000,1.70406,1.70458,1.70168,1.70169,2566310000,8
1482422400000,1482422879000,1.70169,1.7031,1.70107,1.70276,2210690000,8
1482422880000,1482423359000,1.70277,1.70466,1.70276,1.7031,1971250000,8
1482423360000,1482423839000,1.70311,1.70345,1.70179,1.7026,1580280000,8
1482423840000,1482424319000,1.7026,1.70322,1.70205,1.70208,1564700000,8
1482424320000,1482424799000,1.70208,1.70316,1.70176,1.70282,1152170000,8
1482424800000,1482425279000,1.7028,1.70371,1.7028,1.70358,1102250000,8
1482425280000,1482425759000,1.70358,1.70434,1.703,1.70401,1208170000,8
1482425760000,1482426239000,1.704,1.70545,1.704,1.70545,1267710000,8
1482426240000,1482426719000,1.70546,1.7055,1.70393,1.70411,934500000,8
1482426720000,1482427199000,1.70409,1.7053,1.70402,1.70496,818640000,8
1482427200000,1482427679000,1.70501,1.70531,1.70426,1.70474,1082580000,8
1482427680000,1482428159000,1.70479,1.70541,1.70474,1.70535,967810000,8
1482428160000,1482428639000,1.70535,1.70545,1.70458,1.70524,1006740000,8
1482428640000,1482429119000,1.70528,1.70627,1.70514,1.70619,1135920000,8
1482429120000,1482429599000,1.70617,1.70727,1.70602,1.70662,1142400000,8
1482429600000,1482430079000,1.70661,1.70672,1.70541,1.70572,1066060000,8
1482430080000,1482430559000,1.70572,1.70592,1.70546,1.70551,1105090000,8
1482430560000,1482431039000,1.70552,1.70607,1.70552,1.70603,724560000,8
1482431040000,1482431519000,1.70599,1.70626,1.70571,1.70588,1104790000,8
1482431520000,1482431999000,1.70586,1.70586,1.70518,1.70522,750750000,8
1482432000000,1482432479000,1.70521,1.7053,1.70484,1.70503,804250000,8
1482432480000,1482432959000,1.70501,1.7052,1.70485,1.70507,758550000,8
1482432960000,1482433439000,1.70507,1.70616,1.70491,1.70594,1088380000,8
1482433440000,1482433919000,1.70594,1.70628,1.70554,1.70607,866770000,8
1482433920000,1482434399000,1.7061,1.70634,1.70533,1.7054,847170000,8
1482434400000,1482434879000,1.70539,1.70592,1.70527,1.70562,1018890000,8
1482434880000,1482435359000,1.70562,1.70616,1.70546,1.70602,843960000,8
1482435360000,1482435839000,1.70602,1.7061,1.70569,1.70569,612220000,8
1482435840000,1482436319000,1.70571,1.70572,1.70486,1.70491,872360000,8
1482436320000,1482436799000,1.70497,1.7051,1.70377,1.70392,1282390000,8
1482436800000,1482437279000,1.70387,1.70425,1.70346,1.70402,1180950000,8
1482437280000,1482437759000,1.70402,1.70469,1.70359,1.7038,840340000,8
1482437760000,1482438239000,1.70379,1.70394,1.70275,1.70379,792500000,8
1482438240000,1482438719000,1.70381,1.70429,1.70357,1.70425,642590000,8
1482438720000,1482439199000,1.70424,1.70441,1.70386,1.70386,553590000,8
1482439200000,1482439679000,1.70386,1.70389,1.70311,1.70331,677470000,8
1482439680000,1482440159000,1.70336,1.70387,1.70282,1.70386,656860000,8
1482440160000,1482440639000,1.70387,1.70417,1.7034,1.70372,648000000,8
1482440640000,1482441119000,1.70372,1.7038,1.703,1.70344,300300000,8
1482441120000,1482441599000,1.70341,1.70345,1.70257,1.70317,336210000,8
1482441600000,1482442079000,1.70314,1.7038,1.70284,1.7038,342490000,8
1482442080000,1482442559000,1.70395,1.70403,1.70307,1.70334,643480000,8
1482442560000,1482443039000,1.70334,1.70336,1.70306,1.70319,206210000,8
1482443040000,1482443519000,1.70321,1.70321,1.7025,1.7025,719400000,8
1482443520000,1482443999000,1.7025,1.70332,1.70184,1.70186,1226730000,8
1482444000000,1482444479000,1.70186,1.70197,1.70126,1.70142,133000000,8
1482444480000,1482444959000,1.70142,1.70212,1.70131,1.70196,229750000,8
1482444960000,1482445439000,1.70196,1.70246,1.70181,1.70239,236710000,8
1482445440000,1482445919000,1.70251,1.70257,1.70222,1.70228,262760000,8
1482445920000,1482446399000,1.70228,1.70242,1.70192,1.70206,213880000,8
1482446400000,1482446879000,1.70206,1.70268,1.70147,1.70195,373180000,8
1482446880000,1482447359000,1.70192,1.70263,1.70192,1.70239,461570000,8
1482447360000,1482447839000,1.70239,1.70308,1.70235,1.70253,701840000,8
1482447840000,1482448319000,1.70253,1.70276,1.70226,1.70246,741320000,8
1482448320000,1482448799000,1.70247,1.70247,1.70178,1.70199,553850000,8
1482448800000,1482449279000,1.70199,1.70202,1.70095,1.70146,663800000,8
1482449280000,1482449759000,1.70155,1.70178,1.70123,1.70163,621850000,8
1482449760000,1482450239000,1.70163,1.70175,1.7012,1.70149,613110000,8
1482450240000,1482450719000,1.70149,1.7015,1.70076,1.701,739010000,8
1482450720000,1482451199000,1.70099,1.70141,1.70089,1.70097,643130000,8
1482451200000,1482451679000,1.701,1.70157,1.70077,1.70081,678540000,8
1482451680000,1482452159000,1.70082,1.70092,1.69984,1.69988,429610000,8
1482452160000,1482452639000,1.69991,1.70017,1.69926,1.69944,773530000,8
1482452640000,1482453119000,1.69944,1.69987,1.69919,1.69936,481330000,8
1482453120000,1482453599000,1.69936,1.69955,1.69869,1.69869,572660000,8
1482453600000,1482454079000,1.69871,1.69927,1.69856,1.69922,367600000,8
1482454080000,1482454559000,1.69922,1.69922,1.69843,1.69878,491360000,8
1482454560000,1482455039000,1.69879,1.70001,1.69878,1.69957,851750000,8
1482455040000,1482455519000,1.69956,1.70016,1.69901,1.69911,736490000,8
1482455520000,1482455999000,1.69911,1.70082,1.69871,1.70077,960640000,8
1482456000000,1482456479000,1.70077,1.70131,1.70037,1.70076,613620000,8
1482456480000,1482456959000,1.70082,1.70124,1.70051,1.7011,587420000,8
1482456960000,1482457439000,1.7011,1.70115,1.70046,1.70056,846430000,8
1482457440000,1482457919000,1.70059,1.70122,1.70052,1.70096,652220000,8
1482457920000,1482458399000,1.70102,1.70171,1.70077,1.70127,540460000,8
1482458400000,1482458879000,1.70132,1.70228,1.70116,1.70131,659690000,8
1482458880000,1482459359000,1.70131,1.70238,1.70126,1.70236,632240000,8
1482459360000,1482459839000,1.70237,1.70277,1.70176,1.70261,443790000,8
1482459840000,1482460319000,1.70261,1.70267,1.70211,1.70221,615640000,8
1482460320000,1482460799000,1.70221,1.70282,1.70196,1.70252,437240000,8
1482460800000,1482461279000,1.70246,1.70342,1.70246,1.70326,634710000,8
1482461280000,1482461759000,1.70332,1.70397,1.70311,1.70377,607900000,8
1482461760000,1482462239000,1.70376,1.70472,1.70352,1.70442,718820000,8
1482462240000,1482462719000,1.70442,1.70452,1.70329,1.7034,572260000,8
1482462720000,1482463199000,1.70342,1.70353,1.7026,1.70336,466770000,8
1482463200000,1482463679000,1.70336,1.70353,1.70237,1.70248,516930000,8
1482463680000,1482464159000,1.70249,1.70296,1.70246,1.70291,440850000,8
1482464160000,1482464639000,1.70291,1.70312,1.70271,1.70276,371500000,8
1482464640000,1482465119000,1.70277,1.70321,1.70261,1.70267,376920000,8
1482465120000,1482465599000,1.70272,1.70292,1.70261,1.70281,263200000,8
1482465600000,1482466079000,1.70281,1.70292,1.70256,1.70268,480530000,8
1482466080000,1482466559000,1.70268,1.70297,1.70247,1.70276,590820000,8
1482466560000,1482467039000,1.70272,1.703,1.70234,1.70297,526660000,8
1482467040000,1482467519000,1.70298,1.70342,1.70267,1.70307,483120000,8
1482467520000,1482467999000,1.70307,1.70441,1.70307,1.70432,508410000,8
1482468000000,1482468479000,1.70431,1.70456,1.70391,1.70456,435810000,8
1482468480000,1482468959000,1.70463,1.70511,1.70445,1.70462,720570000,8
1482468960000,1482469439000,1.70457,1.70532,1.70445,1.70507,618660000,8
1482469440000,1482469919000,1.70507,1.70587,1.70491,1.70564,618140000,8
1482469920000,1482470399000,1.70564,1.70662,1.70547,1.7063,664300000,8
1482470400000,1482470879000,1.7063,1.70647,1.70606,1.70624,430830000,8
1482470880000,1482471359000,1.70624,1.70663,1.70623,1.70655,416710000,8
1482471360000,1482471839000,1.70653,1.70711,1.70639,1.70702,597000000,8
1482471840000,1482472319000,1.70701,1.70701,1.70591,1.70608,603690000,8
1482472320000,1482472799000,1.70607,1.70628,1.7053,1.70627,743940000,8
1482472800000,1482473279000,1.70628,1.70633,1.70431,1.70492,1051630000,8
1482473280000,1482473759000,1.70492,1.70529,1.70467,1.70471,450430000,8
1482473760000,1482474239000,1.70472,1.70477,1.70414,1.70418,424250000,8
1482474240000,1482474719000,1.70419,1.70487,1.70406,1.70467,573990000,8
1482474720000,1482475199000,1.70463,1.70492,1.70456,1.70477,351940000,8
1482475200000,1482475679000,1.70482,1.70503,1.7045,1.70491,505380000,8
1482475680000,1482476159000,1.70491,1.70537,1.70481,1.70507,548280000,8
1482476160000,1482476639000,1.70507,1.70511,1.70407,1.70412,536130000,8
1482476640000,1482477119000,1.7041,1.7043,1.70374,1.70419,755000000,8
1482477120000,1482477599000,1.70418,1.70422,1.70299,1.70386,778220000,8
1482477600000,1482478079000,1.70386,1.70434,1.70361,1.70376,464680000,8
1482478080000,1482478559000,1.70375,1.70426,1.70356,1.70423,623120000,8
1482478560000,1482479039000,1.70422,1.7047,1.70294,1.70313,1190190000,8
1482479040000,1482479519000,1.70311,1.70339,1.70217,1.70266,1166880000,8
1482479520000,1482479999000,1.70266,1.70324,1.7018,1.70181,1107680000,8
1482480000000,1482480479000,1.70179,1.70339,1.70177,1.7027,1027100000,8
1482480480000,1482480959000,1.70271,1.70299,1.7023,1.7028,894980000,8
1482480960000,1482481439000,1.70278,1.70308,1.70177,1.70185,1000410000,8
1482481440000,1482481919000,1.7018,1.70205,1.69994,1.70006,1343180000,8
1482481920000,1482482399000,1.70009,1.70045,1.69925,1.69971,1210110000,8
1482482400000,1482482879000,1.6997,1.7001,1.69924,1.70006,1197050000,8
1482482880000,1482483359000,1.70005,1.70153,1.70003,1.70144,1271190000,8
1482483360000,1482483839000,1.70147,1.70152,1.69873,1.69989,1556510000,8
1482483840000,1482484319000,1.69988,1.70056,1.69975,1.70006,958220000,8
1482484320000,1482484799000,1.70006,1.7007,1.69993,1.70059,901450000,8
1482484800000,1482485279000,1.70057,1.70097,1.69935,1.70037,1060550000,8
1482485280000,1482485759000,1.70037,1.70301,1.70037,1.70267,1726590000,8
1482485760000,1482486239000,1.70267,1.70415,1.70251,1.7035,1699480000,8
1482486240000,1482486719000,1.7035,1.70382,1.70266,1.70292,1314610000,8
1482486720000,1482487199000,1.70292,1.70362,1.70219,1.70347,1343260000,8
1482487200000,1482487679000,1.70348,1.70353,1.7015,1.70153,1225260000,8
1482487680000,1482488159000,1.70152,1.70172,1.7008,1.70166,1244450000,8
1482488160000,1482488639000,1.70167,1.70242,1.7012,1.70175,1468810000,8
1482488640000,1482489119000,1.70179,1.70213,1.70086,1.70091,1273760000,8
1482489120000,1482489599000,1.70091,1.70094,1.69954,1.69976,1077930000,8
1482489600000,1482490079000,1.69968,1.69982,1.69839,1.69857,1347300000,8
1482490080000,1482490559000,1.69856,1.69994,1.69845,1.69926,1096000000,8
1482490560000,1482491039000,1.69926,1.69974,1.699,1.69931,1143080000,8
1482491040000,1482491519000,1.69932,1.69948,1.69862,1.69946,992100000,8
1482491520000,1482491999000,1.69944,1.69978,1.69866,1.69939,1096640000,8
1482492000000,1482492479000,1.69939,1.70097,1.69896,1.70095,1562660000,8
1482492480000,1482492959000,1.70094,1.70131,1.70014,1.70033,1071450000,8
1482492960000,1482493439000,1.70032,1.70059,1.70011,1.70029,730860000,8
1482493440000,1482493919000,1.70029,1.70135,1.7002,1.70097,786420000,8
1482493920000,1482494399000,1.70096,1.70096,1.69973,1.7003,1169740000,8
1482494400000,1482494879000,1.70021,1.70202,1.70007,1.7019,1453110000,8
1482494880000,1482495359000,1.7019,1.70328,1.70137,1.70308,1262290000,8
1482495360000,1482495839000,1.70306,1.70532,1.7025,1.70512,1085340000,8
1482495840000,1482496319000,1.70512,1.70731,1.70512,1.70674,1676860000,8
1482496320000,1482496799000,1.70676,1.70899,1.7065,1.70699,1717090000,8
1482496800000,1482497279000,1.70696,1.70796,1.7068,1.70722,1658000000,8
1482497280000,1482497759000,1.70727,1.70826,1.70727,1.70753,1526370000,8
1482497760000,1482498239000,1.70749,1.70807,1.70687,1.70807,1696850000,8
1482498240000,1482498719000,1.70807,1.70969,1.70741,1.70797,1406390000,8
1482498720000,1482499199000,1.70791,1.70826,1.70676,1.70726,1357800000,8
1482499200000,1482499679000,1.70726,1.70819,1.70636,1.70796,1504350000,8
1482499680000,1482500159000,1.70796,1.70926,1.7078,1.70803,1810930000,8
1482500160000,1482500639000,1.70805,1.70885,1.70663,1.70687,1444620000,8
1482500640000,1482501119000,1.70685,1.70781,1.70602,1.7065,1330110000,8
1482501120000,1482501599000,1.7065,1.7079,1.70647,1.70787,1225010000,8
1482501600000,1482502079000,1.70785,1.70895,1.70682,1.70892,1634940000,8
1482502080000,1482502559000,1.70892,1.70959,1.70819,1.70953,1538000000,8
1482502560000,1482503039000,1.70955,1.71021,1.70915,1.70915,1393650000,8
1482503040000,1482503519000,1.70919,1.70921,1.70789,1.70809,1633640000,8
1482503520000,1482503999000,1.7081,1.7082,1.70731,1.70741,1500180000,8
1482504000000,1482504479000,1.70745,1.70822,1.70676,1.70822,1789230000,8
1482504480000,1482504959000,1.70822,1.70872,1.70735,1.70735,1511930000,8
1482504960000,1482505439000,1.70736,1.70785,1.7063,1.70746,1586920000,8
1482505440000,1482505919000,1.70749,1.70789,1.70674,1.70788,1377590000,8
1482505920000,1482506399000,1.70785,1.70903,1.70749,1.70875,1779980000,8
1482506400000,1482506879000,1.70879,1.71101,1.70871,1.71077,1666760000,8
1482506880000,1482507359000,1.71072,1.71132,1.70997,1.71082,1391520000,8
1482507360000,1482507839000,1.71083,1.71268,1.71083,1.71182,1049120000,8
1482507840000,1482508319000,1.71182,1.71225,1.71096,1.71096,1161130000,8
1482508320000,1482508799000,1.71097,1.71107,1.70837,1.70837,1834830000,8
1482508800000,1482509279000,1.70836,1.70926,1.70686,1.70892,1546810000,8
1482509280000,1482509759000,1.70896,1.7093,1.70686,1.70717,1194170000,8
1482509760000,1482510239000,1.70722,1.70815,1.70711,1.70748,1073540000,8
1482510240000,1482510719000,1.70753,1.7078,1.70582,1.70622,1364750000,8
1482510720000,1482511199000,1.70625,1.70668,1.70591,1.70622,960170000,8
1482511200000,1482511679000,1.70622,1.70679,1.70607,1.70646,678040000,8
1482511680000,1482512159000,1.70646,1.70733,1.70628,1.70679,852620000,8
1482512160000,1482512639000,1.70681,1.70801,1.70657,1.70768,1042310000,8
1482512640000,1482513119000,1.70767,1.70859,1.70759,1.70855,586700000,8
1482513120000,1482513599000,1.70856,1.7087,1.70721,1.70741,638210000,8
1482513600000,1482514079000,1.70741,1.70862,1.70717,1.70824,770150000,8
1482514080000,1482514559000,1.70821,1.70827,1.70773,1.70786,754680000,8
1482514560000,1482515039000,1.70786,1.70885,1.70767,1.70881,856010000,8
1482515040000,1482515519000,1.7088,1.71023,1.7088,1.71008,1091850000,8
1482515520000,1482515999000,1.71007,1.71185,1.70994,1.71137,1160690000,8
1482516000000,1482516479000,1.71137,1.71233,1.71127,1.71199,877730000,8
1482516480000,1482516959000,1.71195,1.71216,1.71133,1.71177,536250000,8
1482516960000,1482517439000,1.71177,1.71182,1.71124,1.71171,721190000,8
1482517440000,1482517919000,1.71171,1.71183,1.71091,1.71112,752350000,8
1482517920000,1482518399000,1.71112,1.71212,1.71103,1.71194,619370000,8
1482518400000,1482518879000,1.71195,1.71205,1.71146,1.71187,473490000,8
1482518880000,1482519359000,1.71188,1.71215,1.71151,1.71199,344790000,8
1482519360000,1482519839000,1.712,1.71272,1.71193,1.71251,634280000,8
1482519840000,1482520319000,1.71251,1.71267,1.71202,1.71211,359240000,8
1482520320000,1482520799000,1.71211,1.7123,1.71181,1.7123,280110000,8
1482520800000,1482521279000,1.71226,1.71232,1.71191,1.71202,297350000,8
1482521280000,1482521759000,1.71196,1.71231,1.71174,1.71196,420520000,8
1482521760000,1482522239000,1.71196,1.71196,1.71157,1.7117,294060000,8
1482522240000,1482522719000,1.7117,1.71191,1.71126,1.71127,259480000,8
1482522720000,1482523199000,1.71127,1.71198,1.71125,1.71193,403350000,8
1482523200000,1482523679000,1.71192,1.71201,1.71092,1.71112,573320000,8
1482523680000,1482524159000,1.71112,1.71116,1.70996,1.70999,663060000,8
1482524160000,1482524639000,1.70999,1.71102,1.70999,1.71067,706440000,8
1482524640000,1482525119000,1.71062,1.71184,1.71057,1.71153,456680000,8
1482525120000,1482525599000,1.71151,1.71154,1.71083,1.71098,406470000,8
1482525600000,1482526079000,1.71093,1.71122,1.71042,1.71047,543260000,8
1482526080000,1482526559000,1.71041,1.71097,1.71009,1.71082,551450000,8
1482526560000,1482527039000,1.71083,1.71159,1.71034,1.71154,827700000,8
1482527040000,1482527519000,1.71157,1.71172,1.71128,1.71134,456930000,8
1482527520000,1482527999000,1.71134,1.71189,1.71134,1.71177,282370000,8
1482528000000,1482528479000,1.71176,1.71245,1.71174,1.71242,225000000,8
1482528480000,1482528959000,1.71244,1.71263,1.71165,1.71165,270750000,8
1482528960000,1482529439000,1.71149,1.71246,1.71149,1.71245,606370000,8
1482529440000,1482529919000,1.71242,1.71257,1.71203,1.71245,215930000,8
1482529920000,1482530399000,1.71244,1.7127,1.71101,1.71116,317250000,8
1482530400000,1482530879000,1.71116,1.71116,1.71116,1.71116,0,8
1482530880000,1482531359000,1.71116,1.71116,1.71116,1.71116,0,8
1482531360000,1482531839000,1.71116,1.71116,1.71116,1.71116,0,8
1482531840000,1482532319000,1.71116,1.71116,1.71116,1.71116,0,8
1482532320000,1482532799000,1.71116,1.71116,1.71116,1.71116,0,8
1482532800000,1482533279000,1.71116,1.71116,1.71116,1.71116,0,8
1482533280000,1482533759000,1.71116,1.71116,1.71116,1.71116,0,8
1482533760000,1482534239000,1.71116,1.71116,1.71116,1.71116,0,8
1482534240000,1482534719000,1.71116,1.71116,1.71116,1.71116,0,8
1482534720000,1482535199000,1.71116,1.71116,1.71116,1.71116,0,8
1482535200000,1482535679000,1.71116,1.71116,1.71116,1.71116,0,8
1482535680000,1482536159000,1.71116,1.71116,1.71116,1.71116,0,8
1482536160000,1482536639000,1.71116,1.71116,1.71116,1.71116,0,8
1482536640000,1482537119000,1.71116,1.71116,1.71116,1.71116,0,8
1482537120000,1482537599000,1.71116,1.71116,1.71116,1.71116,0,8
1482704160000,1482704639000,1.70899,1.70917,1.70839,1.70861,148000000,8
1482704640000,1482705119000,1.70857,1.70988,1.70823,1.70913,86000000,8
1482705120000,1482705599000,1.70913,1.71159,1.70913,1.71149,66500000,8
1482705600000,1482706079000,1.71143,1.71221,1.71135,1.7119,44500000,8
1482707040000,1482707519000,1.71228,1.71233,1.70864,1.71029,236460000,8
1482707520000,1482707999000,1.71018,1.71094,1.70934,1.70954,109770000,8
1482708000000,1482708479000,1.70957,1.71226,1.70898,1.70973,297120000,8
1482708480000,1482708959000,1.70966,1.71021,1.70884,1.71018,438880000,8
1482708960000,1482709439000,1.71016,1.71187,1.7097,1.71163,973360000,8
1482709440000,1482709919000,1.71177,1.71192,1.71136,1.71182,1568870000,8
1482709920000,1482710399000,1.71186,1.71237,1.71146,1.71212,1414400000,8
1482710400000,1482710879000,1.71201,1.71222,1.71076,1.71113,682010000,8
1482710880000,1482711359000,1.7111,1.71214,1.71069,1.71203,234750000,8
1482711360000,1482711839000,1.71204,1.71424,1.71186,1.71355,1326460000,8
1482711840000,1482712319000,1.71356,1.71421,1.71349,1.71362,382670000,8
1482712320000,1482712799000,1.71364,1.71385,1.71326,1.71331,667810000,8
1482712800000,1482713279000,1.71347,1.71347,1.71014,1.71121,481970000,8
1482713280000,1482713759000,1.71121,1.71121,1.70846,1.70913,911950000,8
1482713760000,1482714239000,1.70913,1.71136,1.70913,1.71129,773000000,8
1482714240000,1482714719000,1.71127,1.7118,1.7103,1.71032,1940610000,8
1482714720000,1482715199000,1.71038,1.71048,1.70891,1.70947,1369310000,8
1482715200000,1482715679000,1.70946,1.71037,1.70921,1.70946,1676700000,8
1482715680000,1482716159000,1.70942,1.70967,1.70918,1.70941,1555910000,8
1482716160000,1482716639000,1.70929,1.70967,1.70925,1.70934,3014590000,8
1482716640000,1482717119000,1.70952,1.70987,1.70922,1.70966,2856870000,8
1482717120000,1482717599000,1.70966,1.71037,1.70928,1.71006,2445930000,8
1482717600000,1482718079000,1.70987,1.71027,1.70954,1.70991,3067280000,8
1482718080000,1482718559000,1.70995,1.71052,1.70923,1.70927,1638500000,8
1482718560000,1482719039000,1.70941,1.70952,1.70907,1.70932,324000000,8
1482719040000,1482719519000,1.70946,1.70971,1.70862,1.70869,480860000,8
1482719520000,1482719999000,1.70868,1.70872,1.70841,1.70841,266310000,8
1482720000000,1482720479000,1.70841,1.70891,1.70832,1.70837,364660000,8
1482720480000,1482720959000,1.70835,1.70882,1.70819,1.70835,761650000,8
1482720960000,1482721439000,1.70835,1.70847,1.70736,1.70742,382580000,8
1482721440000,1482721919000,1.70741,1.70762,1.7057,1.70665,792360000,8
1482721920000,1482722399000,1.70662,1.70702,1.70651,1.7069,834500000,8
1482722400000,1482722879000,1.70689,1.70717,1.70688,1.70715,651000000,8
1482722880000,1482723359000,1.70715,1.70802,1.70707,1.70787,738000000,8
1482723360000,1482723839000,1.70787,1.70809,1.70779,1.70796,487000000,8
1482723840000,1482724319000,1.70796,1.70816,1.70782,1.70805,911500000,8
1482724320000,1482724799000,1.70803,1.70821,1.70723,1.70739,364490000,8
1482724800000,1482725279000,1.70736,1.7076,1.70702,1.70711,245600000,8
1482725280000,1482725759000,1.70712,1.70722,1.70696,1.70704,293000000,8
1482725760000,1482726239000,1.70705,1.70722,1.70698,1.70711,140000000,8
1482726240000,1482726719000,1.70713,1.70716,1.70636,1.70652,271000000,8
1482726720000,1482727199000,1.70652,1.70721,1.70617,1.70634,409170000,8
1482727200000,1482727679000,1.70635,1.70692,1.70608,1.7069,386210000,8
1482727680000,1482728159000,1.70689,1.70703,1.70666,1.7069,434090000,8
1482728160000,1482728639000,1.70689,1.70726,1.70591,1.70603,784970000,8
1482728640000,1482729119000,1.70603,1.70632,1.70575,1.70607,593520000,8
1482729120000,1482729599000,1.70612,1.70612,1.70508,1.70519,442560000,8
1482729600000,1482730079000,1.70519,1.7057,1.70519,1.7057,495000000,8
1482730080000,1482730559000,1.70559,1.70572,1.70516,1.70528,755240000,8
1482730560000,1482731039000,1.70531,1.70552,1.70481,1.70482,754870000,8
1482731040000,1482731519000,1.70481,1.70601,1.70481,1.70561,454500000,8
1482731520000,1482731999000,1.70561,1.70629,1.70551,1.70597,338400000,8
1482732000000,1482732479000,1.70597,1.70692,1.70588,1.70675,196300000,8
1482732480000,1482732959000,1.70675,1.70737,1.70672,1.70737,93200000,8
1482732960000,1482733439000,1.70731,1.70761,1.70694,1.70751,197350000,8
1482733440000,1482733919000,1.70751,1.70777,1.70682,1.70744,381320000,8
1482733920000,1482734399000,1.70744,1.70762,1.70699,1.70702,174920000,8
1482734400000,1482734879000,1.70703,1.70762,1.70697,1.70711,171650000,8
1482734880000,1482735359000,1.70711,1.70717,1.7068,1.70711,364420000,8
1482735360000,1482735839000,1.70711,1.70745,1.7068,1.70712,138700000,8
1482735840000,1482736319000,1.70722,1.70735,1.70676,1.70682,45450000,8
1482736320000,1482736799000,1.70691,1.70693,1.70639,1.70658,61080000,8
1482736800000,1482737279000,1.70657,1.70671,1.70641,1.70646,121360000,8
1482737280000,1482737759000,1.70647,1.7067,1.70611,1.7066,260900000,8
1482737760000,1482738239000,1.70658,1.70723,1.70656,1.70694,180190000,8
1482738240000,1482738719000,1.70695,1.70718,1.70658,1.70669,101010000,8
1482738720000,1482739199000,1.70669,1.707,1.70658,1.70674,101250000,8
1482739200000,1482739679000,1.70673,1.70677,1.70625,1.70646,101890000,8
1482739680000,1482740159000,1.70642,1.70644,1.70589,1.70627,330780000,8
1482740160000,1482740639000,1.70627,1.7064,1.70544,1.70566,519500000,8
1482740640000,1482741119000,1.70523,1.70555,1.70503,1.70529,146620000,8
1482741120000,1482741599000,1.70528,1.7053,1.70473,1.70487,202250000,8
1482741600000,1482742079000,1.70486,1.70526,1.70269,1.70299,586880000,8
1482742080000,1482742559000,1.70298,1.70305,1.70242,1.70266,139000000,8
1482742560000,1482743039000,1.70266,1.70277,1.6997,1.69987,125400000,8
1482743040000,1482743519000,1.70054,1.70132,1.70002,1.70126,58500000,8
1482743520000,1482743999000,1.70122,1.70277,1.7002,1.70217,61250000,8
1482744000000,1482744479000,1.70228,1.70568,1.70228,1.70264,182000000,8
1482744480000,1482744959000,1.70264,1.70313,1.70152,1.70167,149730000,8
1482744960000,1482745439000,1.70167,1.70167,1.7005,1.701,88250000,8
1482745440000,1482745919000,1.701,1.701,1.7001,1.70046,42000000,8
1482745920000,1482746399000,1.70042,1.70049,1.70013,1.70013,20500000,8
1482746400000,1482746879000,1.70014,1.70027,1.69958,1.69978,33000000,8
1482746880000,1482747359000,1.69976,1.69976,1.69859,1.69859,63500000,8
1482747360000,1482747839000,1.69853,1.69853,1.69667,1.69667,52000000,8
1482747840000,1482748319000,1.69664,1.69858,1.69639,1.69854,94650000,8
1482748320000,1482748799000,1.69866,1.69881,1.69842,1.69862,618600000,8
1482748800000,1482749279000,1.69867,1.69872,1.69692,1.69733,338610000,8
1482749280000,1482749759000,1.69691,1.6979,1.69691,1.69782,146420000,8
1482749760000,1482750239000,1.69723,1.69914,1.69696,1.69853,370350000,8
1482750240000,1482750719000,1.698,1.69842,1.69745,1.69842,167000000,8
1482750720000,1482751199000,1.6984,1.70193,1.69794,1.7011,152250000,8
1482751200000,1482751679000,1.701,1.7046,1.70078,1.7046,152750000,8
1482751680000,1482752159000,1.7046,1.7046,1.7046,1.7046,0,8
1482752160000,1482752639000,1.70219,1.70219,1.70148,1.70154,140250000,8
1482752640000,1482753119000,1.70149,1.70157,1.70149,1.70156,55000000,8
1482753120000,1482753599000,1.70153,1.70174,1.7015,1.70155,35000000,8
1482753600000,1482754079000,1.70154,1.70159,1.70148,1.70153,25000000,8
1482754080000,1482754559000,1.70153,1.70153,1.70125,1.70147,51300000,8
1482754560000,1482755039000,1.7014,1.70192,1.70113,1.70182,171000000,8
1482755040000,1482755519000,1.70181,1.70405,1.70181,1.70388,70250000,8
1482755520000,1482755999000,1.70388,1.70551,1.70388,1.7055,29750000,8
1482756000000,1482756479000,1.70551,1.70661,1.70551,1.70622,69000000,8
1482756480000,1482756959000,1.70694,1.70801,1.70486,1.70563,142750000,8
1482756960000,1482757439000,1.70559,1.70608,1.70558,1.70598,20500000,8
1482757440000,1482757919000,1.70598,1.70608,1.70595,1.70595,10000000,8
1482757920000,1482758399000,1.70593,1.70594,1.70546,1.70546,26000000,8
1482758400000,1482758879000,1.70545,1.70552,1.70538,1.70552,21750000,8
1482758880000,1482759359000,1.70552,1.70556,1.7054,1.70551,16250000,8
1482759360000,1482759839000,1.70551,1.7056,1.70546,1.70555,14250000,8
1482759840000,1482760319000,1.70556,1.70557,1.70535,1.70543,28500000,8
1482760320000,1482760799000,1.70533,1.70546,1.70338,1.7036,35400000,8
1482760800000,1482761279000,1.70355,1.70365,1.70334,1.70334,30500000,8
1482761280000,1482761759000,1.70332,1.70396,1.70332,1.70386,19500000,8
1482761760000,1482762239000,1.70386,1.70386,1.70386,1.70386,0,8
1482762240000,1482762719000,1.70386,1.70386,1.70386,1.70386,0,8
1482762720000,1482763199000,1.70386,1.70409,1.70386,1.70409,750000,8
1482763200000,1482763679000,1.70409,1.70409,1.70409,1.70409,0,8
1482763680000,1482764159000,1.70409,1.70409,1.70409,1.70409,0,8
1482764160000,1482764639000,1.70409,1.70409,1.70409,1.70409,0,8
1482764640000,1482765119000,1.70409,1.70409,1.70409,1.70409,0,8
1482765120000,1482765599000,1.70409,1.70409,1.70409,1.70409,0,8
1482765600000,1482766079000,1.70409,1.70409,1.70409,1.70409,0,8
1482766080000,1482766559000,1.70409,1.70409,1.70409,1.70409,0,8
1482766560000,1482767039000,1.70409,1.70409,1.70409,1.70409,0,8
1482767040000,1482767519000,1.70409,1.70409,1.70409,1.70409,0,8
1482767520000,1482767999000,1.70409,1.70409,1.70409,1.70409,0,8
1482768000000,1482768479000,1.70462,1.70478,1.70462,1.70478,2750000,8
1482768480000,1482768959000,1.70478,1.70478,1.7027,1.70349,52500000,8
1482768960000,1482769439000,1.70349,1.70424,1.70311,1.70424,25750000,8
1482769440000,1482769919000,1.70421,1.70421,1.70332,1.70332,34000000,8
1482769920000,1482770399000,1.70332,1.70332,1.70332,1.70332,0,8
1482770400000,1482770879000,1.70332,1.70332,1.70309,1.70313,2000000,8
1482770880000,1482771359000,1.7032,1.70382,1.7032,1.70382,18000000,8
1482771360000,1482771839000,1.70382,1.70431,1.70378,1.70428,23750000,8
1482771840000,1482772319000,1.70418,1.70442,1.70417,1.70431,11250000,8
1482772320000,1482772799000,1.70431,1.70431,1.70431,1.70431,0,8
1482772800000,1482773279000,1.70431,1.70431,1.70431,1.70431,0,8
1482773280000,1482773759000,1.70431,1.70431,1.70431,1.70431,0,8
1482773760000,1482774239000,1.70431,1.70431,1.70431,1.70431,0,8
1482774240000,1482774719000,1.70431,1.70431,1.70431,1.70431,0,8
1482774720000,1482775199000,1.70471,1.70651,1.70471,1.7065,31500000,8
1482775200000,1482775679000,1.70655,1.70677,1.70655,1.70664,22750000,8
1482775680000,1482776159000,1.70664,1.70664,1.70664,1.70664,0,8
1482776160000,1482776639000,1.70664,1.70664,1.70509,1.70612,16250000,8
1482776640000,1482777119000,1.70607,1.70635,1.70607,1.70613,15000000,8
1482777120000,1482777599000,1.70613,1.7062,1.70522,1.70552,66250000,8
1482777600000,1482778079000,1.70553,1.70593,1.70536,1.70555,42000000,8
1482778080000,1482778559000,1.70556,1.70619,1.70555,1.70616,76500000,8
1482778560000,1482779039000,1.7062,1.70625,1.70608,1.70624,178500000,8
1482779040000,1482779519000,1.70625,1.7063,1.70624,1.70629,66000000,8
1482779520000,1482779999000,1.7063,1.70635,1.70628,1.70634,52000000,8
1482780000000,1482780479000,1.70633,1.70637,1.70633,1.70635,79000000,8
1482780480000,1482780959000,1.70634,1.70635,1.70609,1.70632,74000000,8
1482780960000,1482781439000,1.70635,1.70635,1.70628,1.70628,10500000,8
1482781440000,1482781919000,1.70629,1.70634,1.70604,1.7063,22000000,8
1482781920000,1482782399000,1.70629,1.70634,1.70628,1.70628,13250000,8
1482782400000,1482782879000,1.70629,1.70635,1.70629,1.70629,11750000,8
1482782880000,1482783359000,1.70629,1.7063,1.70629,1.70629,11250000,8
1482783360000,1482783839000,1.7063,1.7063,1.70629,1.7063,12750000,8
1482783840000,1482784319000,1.7063,1.70648,1.70629,1.70648,37000000,8
1482784320000,1482784799000,1.70648,1.70672,1.70588,1.70671,89250000,8
1482784800000,1482785279000,1.70674,1.70674,1.70638,1.7064,34500000,8
1482785280000,1482785759000,1.70641,1.70646,1.7064,1.70645,33250000,8
1482785760000,1482786239000,1.7064,1.70646,1.7064,1.70645,23500000,8
1482786240000,1482786719000,1.70693,1.70693,1.70604,1.70639,12500000,8
1482786720000,1482787199000,1.70677,1.70694,1.70639,1.7069,86000000,8
1482787200000,1482787679000,1.70681,1.70694,1.70649,1.70694,68500000,8
1482787680000,1482788159000,1.70674,1.707,1.70649,1.70692,156000000,8
1482788160000,1482788639000,1.70692,1.70708,1.70656,1.70681,97500000,8
1482788640000,1482789119000,1.70662,1.70697,1.7066,1.70677,68000000,8
1482789120000,1482789599000,1.70677,1.70682,1.70648,1.70658,28750000,8
1482789600000,1482790079000,1.70658,1.70661,1.70581,1.70637,13900000,8
1482790080000,1482790559000,1.70637,1.70662,1.7055,1.70652,22120000,8
1482790560000,1482791039000,1.70651,1.70803,1.70594,1.70779,223580000,8
1482791040000,1482791519000,1.70779,1.70851,1.70593,1.70724,404100000,8
1482791520000,1482791999000,1.70722,1.70912,1.70664,1.70784,445450000,8
1482792000000,1482792479000,1.70782,1.70965,1.70575,1.70809,989420000,8
1482792480000,1482792959000,1.70801,1.70876,1.70446,1.70785,669460000,8
1482792960000,1482793439000,1.70785,1.70886,1.70648,1.70797,730590000,8
1482793440000,1482793919000,1.70797,1.70865,1.70757,1.70807,452880000,8
1482793920000,1482794399000,1.70806,1.70953,1.70797,1.70891,723720000,8
1482794400000,1482794879000,1.70889,1.70956,1.70888,1.70939,1299690000,8
1482794880000,1482795359000,1.70939,1.7095,1.70869,1.7087,1418630000,8
1482795360000,1482795839000,1.7087,1.70899,1.70831,1.70856,1405730000,8
1482795840000,1482796319000,1.70856,1.70903,1.70838,1.70895,643250000,8
1482796320000,1482796799000,1.70895,1.70939,1.70874,1.70933,297730000,8
1482796800000,1482797279000,1.70933,1.70996,1.709,1.70985,637630000,8
1482797280000,1482797759000,1.70985,1.7102,1.70968,1.70983,413790000,8
1482797760000,1482798239000,1.70983,1.71039,1.70951,1.70997,476310000,8
1482798240000,1482798719000,1.70997,1.7105,1.70923,1.70984,711610000,8
1482798720000,1482799199000,1.70985,1.71039,1.70871,1.71031,789190000,8
1482799200000,1482799679000,1.7103,1.71073,1.70986,1.71062,1137790000,8
1482799680000,1482800159000,1.71061,1.71091,1.71014,1.71066,842070000,8
1482800160000,1482800639000,1.71066,1.71177,1.71062,1.71125,1041710000,8
1482800640000,1482801119000,1.71126,1.71138,1.71053,1.71087,649870000,8
1482801120000,1482801599000,1.71088,1.71088,1.70986,1.71001,789940000,8
1482801600000,1482802079000,1.70996,1.71083,1.70981,1.7106,748320000,8
1482802080000,1482802559000,1.71058,1.7108,1.70987,1.71024,772190000,8
1482802560000,1482803039000,1.71022,1.71091,1.71022,1.71091,616640000,8
1482803040000,1482803519000,1.71088,1.71094,1.70954,1.70964,791260000,8
1482803520000,1482803999000,1.70961,1.71026,1.70946,1.70982,886720000,8
1482804000000,1482804479000,1.70982,1.71016,1.70943,1.70977,702270000,8
1482804480000,1482804959000,1.70978,1.70998,1.70932,1.70945,713370000,8
1482804960000,1482805439000,1.70946,1.70962,1.70879,1.70925,900890000,8
1482805440000,1482805919000,1.70925,1.70938,1.70876,1.70935,712990000,8
1482805920000,1482806399000,1.70935,1.70941,1.70886,1.7092,753250000,8
1482806400000,1482806879000,1.7092,1.70933,1.70889,1.70901,474250000,8
1482806880000,1482807359000,1.70902,1.70975,1.70889,1.70927,772500000,8
1482807360000,1482807839000,1.70928,1.70955,1.70845,1.70882,903440000,8
1482807840000,1482808319000,1.70881,1.70895,1.70806,1.70863,904140000,8
1482808320000,1482808799000,1.70859,1.70884,1.70789,1.70818,1067810000,8
1482808800000,1482809279000,1.70818,1.70878,1.70798,1.70852,1122740000,8
1482809280000,1482809759000,1.70852,1.70867,1.70796,1.7086,1039490000,8
1482809760000,1482810239000,1.70864,1.70875,1.70824,1.70867,610090000,8
1482810240000,1482810719000,1.70864,1.70903,1.70853,1.70894,385340000,8
1482810720000,1482811199000,1.70895,1.70956,1.70895,1.70902,454090000,8
1482811200000,1482811679000,1.70904,1.70913,1.70865,1.7087,537070000,8
1482811680000,1482812159000,1.70871,1.70936,1.70854,1.70896,650380000,8
1482812160000,1482812639000,1.70896,1.70916,1.70865,1.70897,629250000,8
1482812640000,1482813119000,1.70896,1.70913,1.70827,1.70897,700220000,8
1482813120000,1482813599000,1.70896,1.70907,1.70859,1.70877,524120000,8
1482813600000,1482814079000,1.70877,1.70891,1.70834,1.70862,484590000,8
1482814080000,1482814559000,1.70862,1.70878,1.70827,1.70828,346780000,8
1482814560000,1482815039000,1.7083,1.70888,1.70824,1.70873,322110000,8
1482815040000,1482815519000,1.70875,1.70897,1.7087,1.70876,249610000,8
1482815520000,1482815999000,1.70876,1.70876,1.70826,1.70835,367590000,8
1482816000000,1482816479000,1.70835,1.70843,1.70809,1.70828,217360000,8
1482816480000,1482816959000,1.70828,1.7087,1.70826,1.70859,180210000,8
1482816960000,1482817439000,1.7086,1.70892,1.70847,1.70876,152970000,8
1482817440000,1482817919000,1.70881,1.70915,1.70877,1.70907,213640000,8
1482817920000,1482818399000,1.70905,1.70934,1.70884,1.70934,358210000,8
1482818400000,1482818879000,1.70936,1.70978,1.70877,1.70878,500560000,8
1482818880000,1482819359000,1.70877,1.70888,1.70795,1.70809,511050000,8
1482819360000,1482819839000,1.7081,1.70838,1.70797,1.70827,315560000,8
1482819840000,1482820319000,1.70826,1.70849,1.70815,1.7082,329080000,8
1482820320000,1482820799000,1.70821,1.70847,1.70778,1.7084,293280000,8
1482820800000,1482821279000,1.7084,1.70869,1.70826,1.70834,356870000,8
1482821280000,1482821759000,1.70837,1.70843,1.70808,1.70838,287020000,8
1482821760000,1482822239000,1.70838,1.70844,1.70776,1.70817,526360000,8
1482822240000,1482822719000,1.70817,1.70832,1.7074,1.70742,631490000,8
1482822720000,1482823199000,1.70741,1.70913,1.70741,1.70911,735060000,8
1482823200000,1482823679000,1.70911,1.70931,1.70862,1.70892,688510000,8
1482823680000,1482824159000,1.70892,1.70903,1.70817,1.70821,494670000,8
1482824160000,1482824639000,1.70821,1.70821,1.70758,1.70788,605580000,8
1482824640000,1482825119000,1.70788,1.70816,1.70658,1.70688,1151380000,8
1482825120000,1482825599000,1.70689,1.70754,1.70665,1.70685,1218660000,8
1482825600000,1482826079000,1.70682,1.70795,1.70677,1.70754,1237900000,8
1482826080000,1482826559000,1.70754,1.70767,1.70679,1.7068,877450000,8
1482826560000,1482827039000,1.7068,1.7075,1.70643,1.70745,1166990000,8
1482827040000,1482827519000,1.70745,1.70766,1.7066,1.70661,1080340000,8
1482827520000,1482827999000,1.70662,1.70689,1.70626,1.70685,1000100000,8
1482828000000,1482828479000,1.70683,1.70709,1.70656,1.70703,966310000,8
1482828480000,1482828959000,1.70705,1.7079,1.70691,1.70775,812140000,8
1482828960000,1482829439000,1.70775,1.70815,1.70767,1.70808,701920000,8
1482829440000,1482829919000,1.70808,1.70822,1.70756,1.70757,768690000,8
1482829920000,1482830399000,1.70757,1.70762,1.70722,1.70732,1163760000,8
1482830400000,1482830879000,1.70736,1.70761,1.70718,1.70734,791900000,8
1482830880000,1482831359000,1.70734,1.70741,1.70621,1.70623,641660000,8
1482831360000,1482831839000,1.70624,1.70666,1.70599,1.70608,818410000,8
1482831840000,1482832319000,1.70608,1.70634,1.70573,1.70609,768790000,8
1482832320000,1482832799000,1.70609,1.70653,1.70556,1.70564,1000830000,8
1482832800000,1482833279000,1.70564,1.70583,1.70509,1.70583,699390000,8
1482833280000,1482833759000,1.70583,1.70682,1.7057,1.70654,546410000,8
1482833760000,1482834239000,1.70648,1.7074,1.70624,1.70701,767700000,8
1482834240000,1482834719000,1.70698,1.70713,1.70619,1.70639,801950000,8
1482834720000,1482835199000,1.7064,1.70681,1.70628,1.70681,542510000,8
1482835200000,1482835679000,1.70681,1.70686,1.70593,1.70599,1128940000,8
1482835680000,1482836159000,1.70596,1.70648,1.70557,1.70564,1005410000,8
1482836160000,1482836639000,1.70564,1.70583,1.7053,1.70543,814900000,8
1482836640000,1482837119000,1.70543,1.70633,1.70532,1.7059,982320000,8
1482837120000,1482837599000,1.7059,1.70608,1.70553,1.70571,690690000,8
1482837600000,1482838079000,1.70571,1.70589,1.70538,1.70576,923520000,8
1482838080000,1482838559000,1.70577,1.70596,1.70538,1.70569,879460000,8
1482838560000,1482839039000,1.70563,1.70581,1.70538,1.70554,644460000,8
1482839040000,1482839519000,1.70554,1.7057,1.70511,1.70525,886930000,8
1482839520000,1482839999000,1.70523,1.7053,1.70429,1.70438,822390000,8
1482840000000,1482840479000,1.70435,1.70438,1.70319,1.70382,1007500000,8
1482840480000,1482840959000,1.70381,1.70395,1.70266,1.70308,861810000,8
1482840960000,1482841439000,1.70308,1.70312,1.70256,1.70301,875420000,8
1482841440000,1482841919000,1.703,1.70384,1.70272,1.70354,1015100000,8
1482841920000,1482842399000,1.70354,1.70368,1.70314,1.70318,865570000,8
1482842400000,1482842879000,1.70319,1.7036,1.70303,1.7031,986940000,8
1482842880000,1482843359000,1.70314,1.70342,1.70278,1.7032,709070000,8
1482843360000,1482843839000,1.7032,1.70329,1.70272,1.70276,903230000,8
1482843840000,1482844319000,1.70282,1.70373,1.70282,1.70356,742740000,8
1482844320000,1482844799000,1.70357,1.70372,1.70282,1.70283,859150000,8
1482844800000,1482845279000,1.70281,1.7033,1.70242,1.70255,1054780000,8
1482845280000,1482845759000,1.70255,1.70304,1.70217,1.7028,1102780000,8
1482845760000,1482846239000,1.7028,1.70291,1.70252,1.70272,920810000,8
1482846240000,1482846719000,1.70271,1.70321,1.70263,1.7028,802150000,8
1482846720000,1482847199000,1.7028,1.70309,1.7024,1.70308,647670000,8
1482847200000,1482847679000,1.70307,1.70332,1.70271,1.70308,950910000,8
1482847680000,1482848159000,1.70308,1.70345,1.70279,1.70302,814260000,8
1482848160000,1482848639000,1.70302,1.70357,1.70296,1.70356,827800000,8
1482848640000,1482849119000,1.70356,1.70387,1.70331,1.70371,812320000,8
1482849120000,1482849599000,1.70372,1.70411,1.70356,1.70383,909930000,8
1482849600000,1482850079000,1.70384,1.70462,1.70354,1.70391,1018340000,8
1482850080000,1482850559000,1.70388,1.70555,1.70386,1.70554,994370000,8
1482850560000,1482851039000,1.70554,1.70585,1.70445,1.70453,894470000,8
1482851040000,1482851519000,1.70451,1.70462,1.7026,1.70288,1226990000,8
1482851520000,1482851999000,1.70288,1.70331,1.7023,1.70298,1175810000,8
1482852000000,1482852479000,1.70296,1.70379,1.70284,1.70363,984600000,8
1482852480000,1482852959000,1.70363,1.70385,1.70242,1.70294,1095310000,8
1482852960000,1482853439000,1.70294,1.70361,1.7029,1.70298,659260000,8
1482853440000,1482853919000,1.70297,1.70362,1.70284,1.70326,685790000,8
1482853920000,1482854399000,1.70327,1.70486,1.70308,1.70427,1077390000,8
1482854400000,1482854879000,1.70442,1.70519,1.70418,1.70472,1254810000,8
1482854880000,1482855359000,1.7047,1.7051,1.70438,1.70475,774710000,8
1482855360000,1482855839000,1.70474,1.70489,1.70433,1.70446,857390000,8
1482855840000,1482856319000,1.70446,1.7045,1.70389,1.70422,914160000,8
1482856320000,1482856799000,1.70422,1.70529,1.70422,1.70514,743420000,8
1482856800000,1482857279000,1.70514,1.70549,1.705,1.70542,566240000,8
1482857280000,1482857759000,1.70543,1.70552,1.7051,1.70513,727720000,8
1482857760000,1482858239000,1.70514,1.70548,1.70488,1.70488,910570000,8
1482858240000,1482858719000,1.70488,1.70492,1.70422,1.70444,821600000,8
1482858720000,1482859199000,1.70443,1.70477,1.70432,1.70471,468220000,8
1482859200000,1482859679000,1.70471,1.70487,1.70444,1.70477,394610000,8
1482859680000,1482860159000,1.70481,1.70507,1.70466,1.70503,347130000,8
1482860160000,1482860639000,1.70501,1.70597,1.70496,1.70567,474500000,8
1482860640000,1482861119000,1.70567,1.70621,1.70551,1.70603,354180000,8
1482861120000,1482861599000,1.70603,1.70644,1.7059,1.70637,819760000,8
1482861600000,1482862079000,1.70637,1.70738,1.70637,1.70707,494450000,8
1482862080000,1482862559000,1.70708,1.70761,1.70704,1.70731,440730000,8
1482862560000,1482863039000,1.70736,1.70743,1.70686,1.70701,321590000,8
1482863040000,1482863519000,1.70701,1.70729,1.70681,1.70683,538950000,8
1482863520000,1482863999000,1.70683,1.70705,1.70663,1.70682,256450000,8
1482864000000,1482864479000,1.70682,1.70744,1.70674,1.70744,247170000,8
1482864480000,1482864959000,1.70747,1.70839,1.70746,1.70837,352120000,8
1482864960000,1482865439000,1.70838,1.70868,1.70817,1.7085,479170000,8
1482865440000,1482865919000,1.7085,1.7087,1.70828,1.70848,550960000,8
1482865920000,1482866399000,1.70852,1.70897,1.70821,1.70846,521570000,8
1482866400000,1482866879000,1.70846,1.70913,1.7083,1.70906,667200000,8
1482866880000,1482867359000,1.70905,1.70906,1.7087,1.70882,480690000,8
1482867360000,1482867839000,1.70881,1.70886,1.70854,1.70854,239170000,8
1482867840000,1482868319000,1.70855,1.70885,1.70817,1.70826,499690000,8
1482868320000,1482868799000,1.70827,1.70877,1.70774,1.70784,560900000,8
1482868800000,1482869279000,1.70785,1.70852,1.70776,1.70831,615230000,8
1482869280000,1482869759000,1.70831,1.70888,1.70814,1.70874,458130000,8
1482869760000,1482870239000,1.70874,1.7091,1.70851,1.70879,428330000,8
1482870240000,1482870719000,1.70879,1.70898,1.70871,1.70891,461530000,8
1482870720000,1482871199000,1.70895,1.70935,1.70873,1.70882,374010000,8
1482871200000,1482871679000,1.70882,1.709,1.7081,1.70828,398040000,8
1482871680000,1482872159000,1.70828,1.70855,1.70817,1.70831,311820000,8
1482872160000,1482872639000,1.70832,1.70852,1.70791,1.70791,381890000,8
1482872640000,1482873119000,1.70792,1.7082,1.70762,1.7082,214480000,8
1482873120000,1482873599000,1.7082,1.70844,1.70798,1.70842,253480000,8
1482873600000,1482874079000,1.70842,1.70844,1.70794,1.70798,97230000,8
1482874080000,1482874559000,1.70798,1.70799,1.70714,1.70762,375740000,8
1482874560000,1482875039000,1.7076,1.70766,1.70758,1.70762,162500000,8
1482875040000,1482875519000,1.70762,1.70772,1.70731,1.70764,387390000,8
1482875520000,1482875999000,1.70764,1.70788,1.70689,1.70704,266120000,8
1482876000000,1482876479000,1.70653,1.70762,1.70627,1.70636,36120000,8
1482876480000,1482876959000,1.70642,1.70722,1.70642,1.7071,178000000,8
1482876960000,1482877439000,1.70708,1.70759,1.70693,1.70757,75700000,8
1482877440000,1482877919000,1.70758,1.70758,1.70686,1.70709,133160000,8
1482877920000,1482878399000,1.70709,1.70734,1.70695,1.70695,163950000,8
1482878400000,1482878879000,1.70692,1.70717,1.70688,1.70705,162020000,8
1482878880000,1482879359000,1.70703,1.70741,1.70686,1.70723,207220000,8
1482879360000,1482879839000,1.70721,1.7078,1.70691,1.70703,715260000,8
1482879840000,1482880319000,1.70704,1.70731,1.70661,1.70721,426600000,8
1482880320000,1482880799000,1.70721,1.70762,1.70677,1.70752,315110000,8
1482880800000,1482881279000,1.70757,1.70787,1.70748,1.70756,339620000,8
1482881280000,1482881759000,1.70757,1.70765,1.70677,1.70736,357530000,8
1482881760000,1482882239000,1.70738,1.7074,1.70706,1.70726,267020000,8
1482882240000,1482882719000,1.70727,1.70749,1.70706,1.70717,436390000,8
1482882720000,1482883199000,1.70722,1.70737,1.70684,1.70687,712360000,8
1482883200000,1482883679000,1.70689,1.70727,1.70657,1.70717,507170000,8
1482883680000,1482884159000,1.70717,1.70757,1.70704,1.70755,459040000,8
1482884160000,1482884639000,1.70755,1.70759,1.70695,1.70732,461840000,8
1482884640000,1482885119000,1.70731,1.70736,1.70619,1.70676,434990000,8
1482885120000,1482885599000,1.70676,1.70685,1.70628,1.70631,364300000,8
1482885600000,1482886079000,1.70631,1.70656,1.70556,1.70598,504730000,8
1482886080000,1482886559000,1.70598,1.70792,1.70571,1.70771,882460000,8
1482886560000,1482887039000,1.70772,1.70857,1.70696,1.70815,768280000,8
1482887040000,1482887519000,1.70812,1.70834,1.70739,1.70772,727950000,8
1482887520000,1482887999000,1.70772,1.70772,1.70661,1.70684,580000000,8
1482888000000,1482888479000,1.70687,1.7074,1.70647,1.70656,610130000,8
1482888480000,1482888959000,1.70656,1.70698,1.70649,1.70649,505740000,8
1482888960000,1482889439000,1.70649,1.70653,1.70584,1.70622,630210000,8
1482889440000,1482889919000,1.70625,1.70637,1.70496,1.70512,505130000,8
1482889920000,1482890399000,1.70512,1.70536,1.70416,1.70513,788410000,8
1482890400000,1482890879000,1.70513,1.7056,1.70483,1.7056,852720000,8
1482890880000,1482891359000,1.70552,1.70614,1.70544,1.70581,608540000,8
1482891360000,1482891839000,1.70581,1.70615,1.70504,1.70571,841030000,8
1482891840000,1482892319000,1.70571,1.70626,1.70554,1.70562,570070000,8
1482892320000,1482892799000,1.70562,1.70598,1.70515,1.70579,638190000,8
1482892800000,1482893279000,1.70578,1.70633,1.70567,1.70601,719380000,8
1482893280000,1482893759000,1.706,1.70662,1.70593,1.70635,679470000,8
1482893760000,1482894239000,1.70635,1.70636,1.70588,1.70608,620330000,8
1482894240000,1482894719000,1.70606,1.70641,1.70585,1.70603,736090000,8
1482894720000,1482895199000,1.70604,1.70642,1.70602,1.70634,495970000,8
1482895200000,1482895679000,1.70634,1.70634,1.70604,1.7061,411560000,8
1482895680000,1482896159000,1.70607,1.70649,1.70576,1.7061,481850000,8
1482896160000,1482896639000,1.7061,1.7063,1.70599,1.70605,407150000,8
1482896640000,1482897119000,1.70605,1.70617,1.70584,1.7059,447310000,8
1482897120000,1482897599000,1.70593,1.70631,1.70582,1.7061,538290000,8
1482897600000,1482898079000,1.70611,1.70611,1.70535,1.70585,443430000,8
1482898080000,1482898559000,1.70585,1.70622,1.70574,1.70608,390450000,8
1482898560000,1482899039000,1.70609,1.70613,1.70547,1.70582,716770000,8
1482899040000,1482899519000,1.70582,1.70617,1.70575,1.70603,578490000,8
1482899520000,1482899999000,1.70603,1.70641,1.70583,1.70592,570750000,8
1482900000000,1482900479000,1.70591,1.70592,1.70549,1.70559,289700000,8
1482900480000,1482900959000,1.70556,1.70601,1.70549,1.70572,386470000,8
1482900960000,1482901439000,1.70574,1.70621,1.70569,1.70621,312930000,8
1482901440000,1482901919000,1.70621,1.70621,1.70543,1.70545,515940000,8
1482901920000,1482902399000,1.70545,1.70574,1.70522,1.70552,571650000,8
1482902400000,1482902879000,1.70554,1.70605,1.70543,1.70586,484730000,8
1482902880000,1482903359000,1.70591,1.70652,1.70582,1.70599,661090000,8
1482903360000,1482903839000,1.70599,1.70607,1.70488,1.70497,664730000,8
1482903840000,1482904319000,1.70497,1.70498,1.70407,1.70432,675650000,8
1482904320000,1482904799000,1.70431,1.70485,1.70381,1.70382,592830000,8
1482904800000,1482905279000,1.70384,1.7048,1.70383,1.70426,681670000,8
1482905280000,1482905759000,1.70426,1.70465,1.70396,1.70405,655890000,8
1482905760000,1482906239000,1.70405,1.7046,1.70378,1.70456,480570000,8
1482906240000,1482906719000,1.70456,1.7047,1.70407,1.70437,686810000,8
1482906720000,1482907199000,1.70439,1.70459,1.70395,1.70398,540920000,8
1482907200000,1482907679000,1.70398,1.70408,1.70297,1.703,567270000,8
1482907680000,1482908159000,1.70299,1.70374,1.70299,1.70355,420890000,8
1482908160000,1482908639000,1.70344,1.70352,1.70264,1.70292,769170000,8
1482908640000,1482909119000,1.70289,1.70359,1.70263,1.70346,560830000,8
1482909120000,1482909599000,1.70345,1.70379,1.70292,1.70342,841060000,8
1482909600000,1482910079000,1.70342,1.70406,1.70296,1.7036,1041330000,8
1482910080000,1482910559000,1.70359,1.70361,1.70221,1.70249,820350000,8
1482910560000,1482911039000,1.70248,1.70339,1.70226,1.70322,618790000,8
1482911040000,1482911519000,1.70322,1.70377,1.70277,1.70351,719990000,8
1482911520000,1482911999000,1.70353,1.70387,1.70277,1.70361,911400000,8
1482912000000,1482912479000,1.70362,1.70395,1.70307,1.70336,1192240000,8
1482912480000,1482912959000,1.70336,1.70387,1.70301,1.70334,925410000,8
1482912960000,1482913439000,1.70334,1.70341,1.70237,1.70318,1073010000,8
1482913440000,1482913919000,1.70318,1.70321,1.70004,1.70073,1290920000,8
1482913920000,1482914399000,1.70073,1.70221,1.70064,1.70198,1038120000,8
1482914400000,1482914879000,1.70196,1.70214,1.70053,1.70055,1244110000,8
1482914880000,1482915359000,1.70056,1.70166,1.70042,1.70129,1158060000,8
1482915360000,1482915839000,1.70132,1.70337,1.70118,1.70329,1247220000,8
1482915840000,1482916319000,1.70329,1.7037,1.70252,1.70253,1040150000,8
1482916320000,1482916799000,1.70253,1.70287,1.7018,1.70207,1249420000,8
1482916800000,1482917279000,1.70207,1.7027,1.70184,1.702,1101220000,8
1482917280000,1482917759000,1.702,1.70205,1.70001,1.70031,1358940000,8
1482917760000,1482918239000,1.70031,1.70095,1.69997,1.70091,832580000,8
1482918240000,1482918719000,1.70091,1.70151,1.70043,1.70125,949860000,8
1482918720000,1482919199000,1.70124,1.70236,1.70115,1.70231,754340000,8
1482919200000,1482919679000,1.70231,1.70233,1.70109,1.70166,872780000,8
1482919680000,1482920159000,1.70166,1.70184,1.70125,1.70146,894320000,8
1482920160000,1482920639000,1.70147,1.70178,1.70106,1.70165,948870000,8
1482920640000,1482921119000,1.70165,1.70193,1.70132,1.70168,796160000,8
1482921120000,1482921599000,1.70167,1.70184,1.70083,1.70099,923950000,8
1482921600000,1482922079000,1.701,1.70111,1.70025,1.70068,1123720000,8
1482922080000,1482922559000,1.70076,1.70144,1.70043,1.70139,1019270000,8
1482922560000,1482923039000,1.70139,1.70391,1.70126,1.70388,1388450000,8
1482923040000,1482923519000,1.7039,1.70434,1.70265,1.70271,880340000,8
1482923520000,1482923999000,1.70272,1.70382,1.70254,1.70318,1213660000,8
1482924000000,1482924479000,1.70317,1.70409,1.70249,1.70401,1232430000,8
1482924480000,1482924959000,1.704,1.70407,1.70233,1.70256,1270470000,8
1482924960000,1482925439000,1.70256,1.70354,1.70251,1.70329,1236480000,8
1482925440000,1482925919000,1.70331,1.70334,1.70226,1.70251,920700000,8
1482925920000,1482926399000,1.70251,1.70423,1.70246,1.70327,1517720000,8
1482926400000,1482926879000,1.70328,1.70355,1.70256,1.70325,1108760000,8
1482926880000,1482927359000,1.70325,1.70418,1.70312,1.70394,1626880000,8
1482927360000,1482927839000,1.704,1.70473,1.70333,1.70413,1358660000,8
1482927840000,1482928319000,1.70413,1.70413,1.70201,1.70207,1310410000,8
1482928320000,1482928799000,1.70212,1.70262,1.70149,1.70202,1126950000,8
1482928800000,1482929279000,1.70205,1.70281,1.70192,1.70194,1129990000,8
1482929280000,1482929759000,1.70194,1.70294,1.70153,1.70171,1082250000,8
1482929760000,1482930239000,1.70165,1.70264,1.7012,1.70196,1386810000,8
1482930240000,1482930719000,1.70194,1.70199,1.70092,1.70161,978820000,8
1482930720000,1482931199000,1.70162,1.70252,1.70155,1.70173,980680000,8
1482931200000,1482931679000,1.70173,1.70189,1.70021,1.70165,1046660000,8
1482931680000,1482932159000,1.70165,1.70321,1.70162,1.70296,1322900000,8
1482932160000,1482932639000,1.70295,1.70341,1.70241,1.70281,1129990000,8
1482932640000,1482933119000,1.70282,1.70388,1.70261,1.70295,1117680000,8
1482933120000,1482933599000,1.70294,1.70379,1.70264,1.70356,1350440000,8
1482933600000,1482934079000,1.70356,1.70393,1.70326,1.70358,1069680000,8
1482934080000,1482934559000,1.70356,1.70459,1.70302,1.70433,1123890000,8
1482934560000,1482935039000,1.70432,1.70471,1.70347,1.70444,1048650000,8
1482935040000,1482935519000,1.70448,1.70526,1.70442,1.70483,1325690000,8
1482935520000,1482935999000,1.70483,1.70519,1.70421,1.70452,1425370000,8
1482936000000,1482936479000,1.7046,1.7046,1.70296,1.70347,1385540000,8
1482936480000,1482936959000,1.70347,1.70376,1.70279,1.70302,1390410000,8
1482936960000,1482937439000,1.70296,1.70315,1.70165,1.70303,1582510000,8
1482937440000,1482937919000,1.70298,1.70431,1.7025,1.70413,1246690000,8
1482937920000,1482938399000,1.70413,1.70477,1.70353,1.7038,1120140000,8
1482938400000,1482938879000,1.70382,1.70454,1.70303,1.70454,1161180000,8
1482938880000,1482939359000,1.70453,1.70532,1.70427,1.70474,1175770000,8
1482939360000,1482939839000,1.70471,1.70536,1.70439,1.70504,1291170000,8
1482939840000,1482940319000,1.70506,1.70553,1.70411,1.70553,1220680000,8
1482940320000,1482940799000,1.70553,1.70718,1.70383,1.70397,1886250000,8
1482940800000,1482941279000,1.70397,1.70432,1.70311,1.70397,1732380000,8
1482941280000,1482941759000,1.70398,1.70477,1.70344,1.70393,1121850000,8
1482941760000,1482942239000,1.70391,1.70392,1.70075,1.70125,1355100000,8
1482942240000,1482942719000,1.70125,1.70138,1.70043,1.70057,1178650000,8
1482942720000,1482943199000,1.70058,1.70142,1.69998,1.69999,761310000,8
1482943200000,1482943679000,1.69999,1.70151,1.69987,1.70099,912750000,8
1482943680000,1482944159000,1.70101,1.70192,1.70064,1.70108,815740000,8
1482944160000,1482944639000,1.70108,1.70129,1.70084,1.70109,817090000,8
1482944640000,1482945119000,1.70107,1.70201,1.70081,1.70152,793960000,8
1482945120000,1482945599000,1.70152,1.70312,1.70124,1.7027,1142010000,8
1482945600000,1482946079000,1.7027,1.7027,1.70203,1.70222,996610000,8
1482946080000,1482946559000,1.70222,1.70342,1.70222,1.70299,883150000,8
1482946560000,1482947039000,1.70298,1.70409,1.70288,1.70409,868300000,8
1482947040000,1482947519000,1.70406,1.70409,1.7032,1.70346,775380000,8
1482947520000,1482947999000,1.70348,1.70436,1.70348,1.70417,622900000,8
1482948000000,1482948479000,1.70416,1.7042,1.70294,1.70313,1232700000,8
1482948480000,1482948959000,1.70316,1.70408,1.70286,1.70372,1998430000,8
1482948960000,1482949439000,1.70372,1.70416,1.70306,1.70331,1111800000,8
1482949440000,1482949919000,1.7033,1.70346,1.7027,1.7027,868890000,8
1482949920000,1482950399000,1.7027,1.70307,1.70238,1.70273,502940000,8
1482950400000,1482950879000,1.70272,1.70309,1.7024,1.70278,613980000,8
1482950880000,1482951359000,1.70278,1.70297,1.69946,1.70023,1154670000,8
1482951360000,1482951839000,1.70023,1.70087,1.6992,1.70073,1063500000,8
1482951840000,1482952319000,1.70067,1.70102,1.70002,1.70067,615380000,8
1482952320000,1482952799000,1.70067,1.70095,1.70026,1.70059,908650000,8
1482952800000,1482953279000,1.70059,1.70122,1.70015,1.70044,965540000,8
1482953280000,1482953759000,1.70044,1.70071,1.7002,1.70049,917570000,8
1482953760000,1482954239000,1.70051,1.70089,1.70031,1.70061,938970000,8
1482954240000,1482954719000,1.70062,1.70129,1.69989,1.69995,1382100000,8
1482954720000,1482955199000,1.69995,1.70118,1.69989,1.70065,1014970000,8
1482955200000,1482955679000,1.70065,1.70131,1.70035,1.7008,698430000,8
1482955680000,1482956159000,1.7008,1.701,1.70036,1.70081,766770000,8
1482956160000,1482956639000,1.7008,1.70177,1.70071,1.70173,869220000,8
1482956640000,1482957119000,1.70176,1.7021,1.70166,1.70203,822460000,8
1482957120000,1482957599000,1.70203,1.7026,1.7018,1.70233,417150000,8
1482957600000,1482958079000,1.70231,1.7024,1.70166,1.70176,831240000,8
1482958080000,1482958559000,1.70174,1.70178,1.70112,1.70129,778490000,8
1482958560000,1482959039000,1.70129,1.7015,1.70068,1.70091,601370000,8
1482959040000,1482959519000,1.7009,1.70096,1.70043,1.70056,387490000,8
1482959520000,1482959999000,1.70056,1.7008,1.70005,1.70062,305420000,8
1482960000000,1482960479000,1.70058,1.70111,1.70058,1.70087,241240000,8
1482960480000,1482960959000,1.70086,1.70111,1.70058,1.70093,289230000,8
1482960960000,1482961439000,1.70093,1.70215,1.70086,1.70189,418000000,8
1482961440000,1482961919000,1.70186,1.70262,1.70186,1.70242,458120000,8
1482961920000,1482962399000,1.70242,1.70332,1.70237,1.7031,587430000,8
1482962400000,1482962879000,1.70236,1.70344,1.70236,1.70253,96450000,8
1482962880000,1482963359000,1.70253,1.70298,1.70211,1.70223,186000000,8
1482963360000,1482963839000,1.70226,1.70268,1.70144,1.70151,183760000,8
1482963840000,1482964319000,1.70143,1.70196,1.70143,1.7019,233290000,8
1482964320000,1482964799000,1.7019,1.702,1.70172,1.7018,178320000,8
1482964800000,1482965279000,1.70179,1.7018,1.70115,1.7012,127240000,8
1482965280000,1482965759000,1.70122,1.70124,1.70075,1.70094,259860000,8
1482965760000,1482966239000,1.70099,1.70255,1.70099,1.70161,972880000,8
1482966240000,1482966719000,1.7016,1.70219,1.70145,1.70198,1603260000,8
1482966720000,1482967199000,1.7019,1.70323,1.70181,1.70206,857210000,8
1482967200000,1482967679000,1.70205,1.703,1.70092,1.70274,833140000,8
1482967680000,1482968159000,1.70274,1.70399,1.70245,1.70372,786260000,8
1482968160000,1482968639000,1.70372,1.70381,1.69982,1.69999,1144020000,8
1482968640000,1482969119000,1.69999,1.70295,1.69957,1.70155,1150280000,8
1482969120000,1482969599000,1.70153,1.70171,1.70096,1.70098,803670000,8
1482969600000,1482970079000,1.70096,1.70161,1.7008,1.70093,967930000,8
1482970080000,1482970559000,1.70086,1.70113,1.70047,1.70107,1041330000,8
1482970560000,1482971039000,1.70103,1.70148,1.70078,1.70127,726250000,8
1482971040000,1482971519000,1.70122,1.70163,1.70094,1.7016,699990000,8
1482971520000,1482971999000,1.70156,1.70188,1.70067,1.70149,906360000,8
1482972000000,1482972479000,1.7015,1.7015,1.70092,1.70144,611300000,8
1482972480000,1482972959000,1.7014,1.70172,1.70096,1.70112,858570000,8
1482972960000,1482973439000,1.70112,1.70229,1.70047,1.70068,1192830000,8
1482973440000,1482973919000,1.70068,1.70109,1.70028,1.70075,1006460000,8
1482973920000,1482974399000,1.70075,1.7015,1.70056,1.70125,1040860000,8
1482974400000,1482974879000,1.70121,1.70212,1.70062,1.70179,890090000,8
1482974880000,1482975359000,1.70177,1.7021,1.70142,1.70157,918150000,8
1482975360000,1482975839000,1.70156,1.70236,1.70037,1.70075,1186590000,8
1482975840000,1482976319000,1.70076,1.70116,1.70044,1.70078,735520000,8
1482976320000,1482976799000,1.70078,1.70115,1.70008,1.70065,1171030000,8
1482976800000,1482977279000,1.70062,1.70151,1.70048,1.70103,843470000,8
1482977280000,1482977759000,1.70103,1.70108,1.70038,1.70073,638010000,8
1482977760000,1482978239000,1.70074,1.70086,1.70001,1.70073,779520000,8
1482978240000,1482978719000,1.70072,1.70147,1.70056,1.70137,519980000,8
1482978720000,1482979199000,1.70139,1.70147,1.70057,1.7008,927810000,8
1482979200000,1482979679000,1.7008,1.70121,1.70074,1.70102,787310000,8
1482979680000,1482980159000,1.70102,1.70118,1.7006,1.7009,935510000,8
1482980160000,1482980639000,1.7009,1.70109,1.70026,1.70033,796220000,8
1482980640000,1482981119000,1.70033,1.70108,1.70015,1.70076,904810000,8
1482981120000,1482981599000,1.70073,1.70132,1.7007,1.70093,827650000,8
1482981600000,1482982079000,1.70093,1.70132,1.70064,1.70087,841370000,8
1482982080000,1482982559000,1.70088,1.70124,1.70058,1.70123,860270000,8
1482982560000,1482983039000,1.70122,1.70188,1.7004,1.70063,956070000,8
1482983040000,1482983519000,1.70064,1.70134,1.70047,1.70131,669540000,8
1482983520000,1482983999000,1.70132,1.70141,1.70043,1.70046,1072600000,8
1482984000000,1482984479000,1.70042,1.70068,1.69996,1.70009,935680000,8
1482984480000,1482984959000,1.70009,1.70036,1.69943,1.69978,831540000,8
1482984960000,1482985439000,1.69976,1.69978,1.699,1.69906,1092190000,8
1482985440000,1482985919000,1.69904,1.69983,1.69888,1.69937,815970000,8
1482985920000,1482986399000,1.69939,1.70047,1.69927,1.70027,981210000,8
1482986400000,1482986879000,1.70027,1.7006,1.6994,1.69983,800070000,8
1482986880000,1482987359000,1.69983,1.7,1.69946,1.6999,510200000,8
1482987360000,1482987839000,1.6999,1.70046,1.69968,1.70039,671350000,8
1482987840000,1482988319000,1.70041,1.70077,1.69944,1.69963,719940000,8
1482988320000,1482988799000,1.69964,1.69973,1.69876,1.69883,748900000,8
1482988800000,1482989279000,1.69884,1.69965,1.69884,1.69962,690550000,8
1482989280000,1482989759000,1.69962,1.69997,1.6994,1.69961,578340000,8
1482989760000,1482990239000,1.69961,1.70003,1.69952,1.69995,506860000,8
1482990240000,1482990719000,1.69996,1.70003,1.69946,1.69959,666600000,8
1482990720000,1482991199000,1.6996,1.69997,1.6991,1.69914,750270000,8
1482991200000,1482991679000,1.69914,1.69927,1.69871,1.69891,660060000,8
1482991680000,1482992159000,1.69891,1.69976,1.69888,1.69944,743470000,8
1482992160000,1482992639000,1.69945,1.70006,1.69918,1.69949,688710000,8
1482992640000,1482993119000,1.69948,1.7002,1.69918,1.69945,901420000,8
1482993120000,1482993599000,1.69944,1.70015,1.69922,1.69924,734910000,8
1482993600000,1482994079000,1.69923,1.69947,1.69869,1.69874,908560000,8
1482994080000,1482994559000,1.69876,1.69929,1.69838,1.69905,962410000,8
1482994560000,1482995039000,1.69905,1.69995,1.69892,1.69968,821510000,8
1482995040000,1482995519000,1.69971,1.7009,1.69971,1.69995,1152070000,8
1482995520000,1482995999000,1.69989,1.70082,1.6997,1.70059,1005230000,8
1482996000000,1482996479000,1.70055,1.70176,1.70052,1.70122,1245460000,8
1482996480000,1482996959000,1.70122,1.70167,1.70026,1.70061,1060360000,8
1482996960000,1482997439000,1.70058,1.70158,1.70053,1.70117,1046370000,8
1482997440000,1482997919000,1.70121,1.70213,1.70052,1.70118,1414120000,8
1482997920000,1482998399000,1.7012,1.70179,1.70099,1.7017,1041280000,8
1482998400000,1482998879000,1.70171,1.70283,1.7004,1.70119,1364300000,8
1482998880000,1482999359000,1.7012,1.70134,1.69935,1.70015,1108790000,8
1482999360000,1482999839000,1.70015,1.70117,1.69925,1.70055,1491960000,8
1482999840000,1483000319000,1.70055,1.7012,1.69993,1.70025,984710000,8
1483000320000,1483000799000,1.70025,1.70045,1.69911,1.69922,1260940000,8
1483000800000,1483001279000,1.69924,1.69969,1.69879,1.69918,1186890000,8
1483001280000,1483001759000,1.69918,1.69928,1.69865,1.69897,1113430000,8
1483001760000,1483002239000,1.69894,1.69989,1.6986,1.6998,1144190000,8
1483002240000,1483002719000,1.69983,1.70008,1.69883,1.69924,1404120000,8
1483002720000,1483003199000,1.69924,1.7006,1.69894,1.69984,1459350000,8
1483003200000,1483003679000,1.69982,1.70075,1.69906,1.70056,1397830000,8
1483003680000,1483004159000,1.70056,1.70073,1.69926,1.69985,1259690000,8
1483004160000,1483004639000,1.69984,1.69984,1.69809,1.69819,1495150000,8
1483004640000,1483005119000,1.69819,1.69881,1.69748,1.69871,1768930000,8
1483005120000,1483005599000,1.69869,1.69922,1.69806,1.69892,1464260000,8
1483005600000,1483006079000,1.69892,1.69965,1.69874,1.69917,1122490000,8
1483006080000,1483006559000,1.69916,1.69965,1.69836,1.69945,1134250000,8
1483006560000,1483007039000,1.69947,1.69966,1.69814,1.69837,1133870000,8
1483007040000,1483007519000,1.69841,1.70022,1.69794,1.70007,1023550000,8
1483007520000,1483007999000,1.7001,1.70061,1.69953,1.70046,1118960000,8
1483008000000,1483008479000,1.70045,1.70133,1.70043,1.70098,1229700000,8
1483008480000,1483008959000,1.70094,1.70114,1.70031,1.70043,1360920000,8
1483008960000,1483009439000,1.70041,1.70084,1.70012,1.70081,1139980000,8
1483009440000,1483009919000,1.70081,1.70186,1.70071,1.70185,874080000,8
1483009920000,1483010399000,1.70187,1.70193,1.70039,1.70039,826990000,8
1483010400000,1483010879000,1.70041,1.70071,1.7,1.70025,1274770000,8
1483010880000,1483011359000,1.70025,1.70048,1.6994,1.69952,1176840000,8
1483011360000,1483011839000,1.69951,1.69981,1.69799,1.69832,1230630000,8
1483011840000,1483012319000,1.69834,1.69846,1.69769,1.6983,905410000,8
1483012320000,1483012799000,1.6983,1.69877,1.69813,1.69836,832650000,8
1483012800000,1483013279000,1.69835,1.69876,1.69796,1.69854,716960000,8
1483013280000,1483013759000,1.69854,1.69963,1.6984,1.69869,726040000,8
1483013760000,1483014239000,1.69869,1.69933,1.69856,1.69901,1015350000,8
1483014240000,1483014719000,1.69903,1.69946,1.69778,1.69792,1302410000,8
1483014720000,1483015199000,1.69796,1.69827,1.69738,1.69797,1146960000,8
1483015200000,1483015679000,1.69797,1.69841,1.69755,1.69817,1091710000,8
1483015680000,1483016159000,1.69813,1.69871,1.69784,1.69818,1152080000,8
1483016160000,1483016639000,1.69823,1.69886,1.69788,1.69821,986290000,8
1483016640000,1483017119000,1.69812,1.69979,1.69798,1.69919,1084200000,8
1483017120000,1483017599000,1.69919,1.70045,1.69887,1.6998,1435830000,8
1483017600000,1483018079000,1.69983,1.70094,1.69958,1.69973,1486370000,8
1483018080000,1483018559000,1.69969,1.7004,1.69838,1.69868,1209830000,8
1483018560000,1483019039000,1.69866,1.69987,1.69825,1.69918,954090000,8
1483019040000,1483019519000,1.69917,1.69924,1.69827,1.69897,1267260000,8
1483019520000,1483019999000,1.69894,1.69936,1.69835,1.69919,1579870000,8
1483020000000,1483020479000,1.69922,1.70044,1.69916,1.70033,1242580000,8
1483020480000,1483020959000,1.70033,1.70094,1.69892,1.6994,920670000,8
1483020960000,1483021439000,1.69942,1.7002,1.69922,1.70019,834030000,8
1483021440000,1483021919000,1.7002,1.70099,1.7,1.70019,1028200000,8
1483021920000,1483022399000,1.7002,1.70052,1.69889,1.69933,1129080000,8
1483022400000,1483022879000,1.69936,1.69968,1.69896,1.69901,1156010000,8
1483022880000,1483023359000,1.69905,1.69962,1.69876,1.6995,885380000,8
1483023360000,1483023839000,1.69951,1.69962,1.69831,1.69847,1278040000,8
1483023840000,1483024319000,1.69846,1.69918,1.69835,1.69909,1072130000,8
1483024320000,1483024799000,1.69908,1.69999,1.69879,1.6999,1115630000,8
1483024800000,1483025279000,1.69988,1.70062,1.69948,1.69999,1242570000,8
1483025280000,1483025759000,1.69997,1.70012,1.69861,1.69871,943930000,8
1483025760000,1483026239000,1.69871,1.69877,1.69788,1.69826,1117440000,8
1483026240000,1483026719000,1.69826,1.69826,1.69534,1.69541,1389570000,8
1483026720000,1483027199000,1.69538,1.69574,1.69336,1.695,2286800000,8
1483027200000,1483027679000,1.69493,1.6973,1.69491,1.69666,2109650000,8
1483027680000,1483028159000,1.69668,1.69671,1.69482,1.6957,1257110000,8
1483028160000,1483028639000,1.69569,1.69569,1.69444,1.69444,1434380000,8
1483028640000,1483029119000,1.69443,1.69482,1.69368,1.69391,1220070000,8
1483029120000,1483029599000,1.69391,1.69496,1.69347,1.69365,1000530000,8
1483029600000,1483030079000,1.69366,1.69559,1.69347,1.69543,1206940000,8
1483030080000,1483030559000,1.6954,1.6957,1.69443,1.6947,1108470000,8
1483030560000,1483031039000,1.6947,1.6953,1.69454,1.6946,1106870000,8
1483031040000,1483031519000,1.69461,1.69515,1.69437,1.69463,1081320000,8
1483031520000,1483031999000,1.69464,1.69544,1.69451,1.69503,1157760000,8
1483032000000,1483032479000,1.6951,1.69521,1.69441,1.69474,861110000,8
1483032480000,1483032959000,1.69475,1.69519,1.69436,1.69519,532310000,8
1483032960000,1483033439000,1.69519,1.69587,1.69519,1.69586,865520000,8
1483033440000,1483033919000,1.69585,1.69622,1.69578,1.69614,1372780000,8
1483033920000,1483034399000,1.69613,1.69656,1.69583,1.69623,859470000,8
1483034400000,1483034879000,1.69627,1.69666,1.69571,1.6964,1078260000,8
1483034880000,1483035359000,1.69641,1.69647,1.69584,1.69589,579420000,8
1483035360000,1483035839000,1.69589,1.69683,1.69585,1.69662,631670000,8
1483035840000,1483036319000,1.6966,1.69665,1.69561,1.6961,632790000,8
1483036320000,1483036799000,1.69609,1.69651,1.69583,1.69646,633290000,8
1483036800000,1483037279000,1.69645,1.69681,1.69631,1.69677,502450000,8
1483037280000,1483037759000,1.69682,1.69794,1.69679,1.6978,506610000,8
1483037760000,1483038239000,1.69782,1.69792,1.69697,1.69736,623310000,8
1483038240000,1483038719000,1.69736,1.69855,1.6972,1.69831,472740000,8
1483038720000,1483039199000,1.69832,1.69904,1.69832,1.69882,651470000,8
1483039200000,1483039679000,1.69882,1.69942,1.69881,1.69911,625420000,8
1483039680000,1483040159000,1.69912,1.69991,1.69902,1.69986,571810000,8
1483040160000,1483040639000,1.69987,1.70006,1.69973,1.69975,499790000,8
1483040640000,1483041119000,1.6998,1.69987,1.69927,1.69953,611330000,8
1483041120000,1483041599000,1.6995,1.70006,1.69925,1.69973,955770000,8
1483041600000,1483042079000,1.69971,1.69997,1.69943,1.69981,1008710000,8
1483042080000,1483042559000,1.69977,1.69978,1.69932,1.69961,898020000,8
1483042560000,1483043039000,1.69961,1.70031,1.69955,1.69986,513450000,8
1483043040000,1483043519000,1.69986,1.70017,1.69964,1.69975,521590000,8
1483043520000,1483043999000,1.69975,1.7006,1.69949,1.7006,561860000,8
1483044000000,1483044479000,1.70057,1.70129,1.70044,1.70128,630090000,8
1483044480000,1483044959000,1.70128,1.70144,1.70057,1.70119,1193230000,8
1483044960000,1483045439000,1.70119,1.70119,1.70077,1.70095,735390000,8
1483045440000,1483045919000,1.70095,1.70126,1.70067,1.70068,461760000,8
1483045920000,1483046399000,1.70068,1.70072,1.70033,1.70033,272390000,8
1483046400000,1483046879000,1.70033,1.70033,1.69992,1.69996,304240000,8
1483046880000,1483047359000,1.69996,1.70014,1.69918,1.69923,399970000,8
1483047360000,1483047839000,1.69924,1.69928,1.69821,1.69827,350490000,8
1483047840000,1483048319000,1.69827,1.69872,1.69816,1.69851,592360000,8
1483048320000,1483048799000,1.69852,1.69866,1.69735,1.69755,397500000,8
1483048800000,1483049279000,1.69755,1.69763,1.6968,1.69753,38750000,8
1483049280000,1483049759000,1.69752,1.69923,1.69747,1.69832,242250000,8
1483049760000,1483050239000,1.69829,1.69845,1.69793,1.69794,89000000,8
1483050240000,1483050719000,1.69797,1.69827,1.69762,1.69803,207710000,8
1483050720000,1483051199000,1.69804,1.69818,1.69744,1.6975,153310000,8
1483051200000,1483051679000,1.69747,1.69799,1.69747,1.69781,84870000,8
1483051680000,1483052159000,1.69784,1.69816,1.69732,1.69757,416800000,8
1483052160000,1483052639000,1.69758,1.69866,1.69708,1.69711,844060000,8
1483052640000,1483053119000,1.69711,1.69726,1.69642,1.69726,711490000,8
1483053120000,1483053599000,1.69721,1.69732,1.69683,1.69687,542900000,8
1483053600000,1483054079000,1.69687,1.6982,1.69668,1.69796,1206030000,8
1483054080000,1483054559000,1.69795,1.69807,1.69621,1.69633,1137870000,8
1483054560000,1483055039000,1.69633,1.69932,1.69539,1.69847,2787420000,8
1483055040000,1483055519000,1.69851,1.69917,1.69732,1.6986,2805920000,8
1483055520000,1483055999000,1.69853,1.69881,1.69704,1.69757,2265310000,8
1483056000000,1483056479000,1.69757,1.69892,1.69711,1.69822,1960340000,8
1483056480000,1483056959000,1.69841,1.69877,1.69676,1.69758,1652470000,8
1483056960000,1483057439000,1.69758,1.69852,1.6971,1.69811,1397190000,8
1483057440000,1483057919000,1.69812,1.69842,1.69746,1.69747,1014800000,8
1483057920000,1483058399000,1.69746,1.69832,1.69712,1.69787,1132820000,8
1483058400000,1483058879000,1.69786,1.69892,1.69701,1.69707,1080590000,8
1483058880000,1483059359000,1.69706,1.69787,1.69681,1.69737,1228780000,8
1483059360000,1483059839000,1.69733,1.69792,1.6968,1.69766,1328590000,8
1483059840000,1483060319000,1.69771,1.69807,1.69711,1.69742,1586660000,8
1483060320000,1483060799000,1.69747,1.69757,1.69661,1.6971,1278110000,8
1483060800000,1483061279000,1.69709,1.69786,1.69696,1.69718,1336690000,8
1483061280000,1483061759000,1.69719,1.69742,1.69696,1.69709,628010000,8
1483061760000,1483062239000,1.6971,1.69738,1.69695,1.69716,644770000,8
1483062240000,1483062719000,1.69713,1.69742,1.69642,1.69686,889580000,8
1483062720000,1483063199000,1.69686,1.69706,1.69636,1.69652,899470000,8
1483063200000,1483063679000,1.69652,1.69692,1.69611,1.69611,999220000,8
1483063680000,1483064159000,1.69611,1.69653,1.69576,1.69637,1067340000,8
1483064160000,1483064639000,1.69642,1.69697,1.69609,1.69691,888020000,8
1483064640000,1483065119000,1.69696,1.69747,1.69629,1.69723,884350000,8
1483065120000,1483065599000,1.69723,1.69799,1.69682,1.69792,933070000,8
1483065600000,1483066079000,1.69793,1.69804,1.69706,1.69708,691160000,8
1483066080000,1483066559000,1.6971,1.69734,1.69646,1.69659,1141370000,8
1483066560000,1483067039000,1.69658,1.69665,1.69535,1.69582,1332130000,8
1483067040000,1483067519000,1.69583,1.69669,1.69563,1.69652,1178230000,8
1483067520000,1483067999000,1.69652,1.69789,1.696,1.69786,1330970000,8
1483068000000,1483068479000,1.69788,1.69841,1.69727,1.69792,1318970000,8
1483068480000,1483068959000,1.69796,1.69863,1.69772,1.69833,1142640000,8
1483068960000,1483069439000,1.69833,1.6989,1.69791,1.6987,1190540000,8
1483069440000,1483069919000,1.69873,1.69908,1.69846,1.69893,1020590000,8
1483069920000,1483070399000,1.69889,1.69908,1.6985,1.69883,794630000,8
1483070400000,1483070879000,1.69883,1.69897,1.69833,1.69884,851300000,8
1483070880000,1483071359000,1.69887,1.69956,1.69877,1.69886,872710000,8
1483071360000,1483071839000,1.69886,1.69907,1.69826,1.69854,903820000,8
1483071840000,1483072319000,1.69854,1.69876,1.69777,1.69786,836950000,8
1483072320000,1483072799000,1.69786,1.69825,1.69752,1.69769,839930000,8
1483072800000,1483073279000,1.69769,1.69784,1.6973,1.69752,628920000,8
1483073280000,1483073759000,1.6975,1.69778,1.69733,1.69742,933450000,8
1483073760000,1483074239000,1.69743,1.69778,1.69662,1.69676,1211980000,8
1483074240000,1483074719000,1.69682,1.69748,1.69656,1.69731,1025180000,8
1483074720000,1483075199000,1.69738,1.69783,1.69726,1.69772,582640000,8
1483075200000,1483075679000,1.69771,1.69777,1.69716,1.69726,668470000,8
1483075680000,1483076159000,1.69724,1.69771,1.69706,1.69758,934490000,8
1483076160000,1483076639000,1.69758,1.6979,1.69746,1.69762,753020000,8
1483076640000,1483077119000,1.69763,1.69765,1.69666,1.69676,949800000,8
1483077120000,1483077599000,1.69676,1.69763,1.69671,1.69759,1011890000,8
1483077600000,1483078079000,1.69757,1.69813,1.6971,1.69746,1038420000,8
1483078080000,1483078559000,1.69742,1.69769,1.69648,1.69654,1000580000,8
1483078560000,1483079039000,1.69654,1.69673,1.69583,1.69613,739740000,8
1483079040000,1483079519000,1.69612,1.69622,1.69486,1.69491,684130000,8
1483079520000,1483079999000,1.69497,1.69642,1.69472,1.69637,1061470000,8
1483080000000,1483080479000,1.69641,1.69726,1.69641,1.69694,664750000,8
1483080480000,1483080959000,1.69694,1.69737,1.69661,1.69701,704050000,8
1483080960000,1483081439000,1.697,1.69782,1.69661,1.69775,865150000,8
1483081440000,1483081919000,1.69777,1.69851,1.69748,1.69814,965950000,8
1483081920000,1483082399000,1.69817,1.69852,1.69759,1.69797,959310000,8
1483082400000,1483082879000,1.69796,1.69917,1.69786,1.69857,822070000,8
1483082880000,1483083359000,1.69856,1.69886,1.69826,1.69858,768200000,8
1483083360000,1483083839000,1.69858,1.69975,1.69832,1.69966,977780000,8
1483083840000,1483084319000,1.69966,1.69995,1.69901,1.69955,1628120000,8
1483084320000,1483084799000,1.69956,1.69991,1.69937,1.69982,1006910000,8
1483084800000,1483085279000,1.69982,1.7001,1.69939,1.70006,1041190000,8
1483085280000,1483085759000,1.70006,1.70052,1.69972,1.7001,1061460000,8
1483085760000,1483086239000,1.7001,1.70249,1.70005,1.70177,1719120000,8
1483086240000,1483086719000,1.70181,1.70285,1.70124,1.70126,1264250000,8
1483086720000,1483087199000,1.70132,1.70232,1.70096,1.70192,1070220000,8
1483087200000,1483087679000,1.70193,1.70214,1.70116,1.70204,1230610000,8
1483087680000,1483088159000,1.70204,1.70209,1.70095,1.70154,1709070000,8
1483088160000,1483088639000,1.70156,1.70251,1.70111,1.70231,1637300000,8
1483088640000,1483089119000,1.7023,1.70282,1.70163,1.70194,1710780000,8
1483089120000,1483089599000,1.70189,1.70306,1.70148,1.7022,1775620000,8
1483089600000,1483090079000,1.70223,1.7037,1.70222,1.70335,1762220000,8
1483090080000,1483090559000,1.70335,1.70452,1.70231,1.70425,2231380000,8
1483090560000,1483091039000,1.70429,1.70451,1.70272,1.70305,1746340000,8
1483091040000,1483091519000,1.70303,1.70383,1.70258,1.70361,1751930000,8
1483091520000,1483091999000,1.70363,1.70462,1.70261,1.70425,2254390000,8
1483092000000,1483092479000,1.7042,1.70421,1.70086,1.70098,2282490000,8
1483092480000,1483092959000,1.70098,1.70099,1.69952,1.70057,1621880000,8
1483092960000,1483093439000,1.70056,1.70182,1.69974,1.70113,1786440000,8
1483093440000,1483093919000,1.70111,1.70188,1.70068,1.7013,1481880000,8
1483093920000,1483094399000,1.7013,1.70331,1.70087,1.70312,1925230000,8
1483094400000,1483094879000,1.70312,1.70391,1.70272,1.70348,1503760000,8
1483094880000,1483095359000,1.70349,1.70359,1.70255,1.70278,1228180000,8
1483095360000,1483095839000,1.70281,1.70283,1.70116,1.70124,1914030000,8
1483095840000,1483096319000,1.70124,1.70184,1.701,1.70142,856440000,8
1483096320000,1483096799000,1.70142,1.70163,1.70102,1.7014,1119040000,8
1483096800000,1483097279000,1.7014,1.70225,1.70105,1.70173,1306390000,8
1483097280000,1483097759000,1.70168,1.7023,1.70124,1.7022,1174910000,8
1483097760000,1483098239000,1.7022,1.70231,1.70086,1.70092,1216520000,8
1483098240000,1483098719000,1.70092,1.70301,1.70064,1.70288,1284990000,8
1483098720000,1483099199000,1.70287,1.70351,1.70206,1.70261,1293800000,8
1483099200000,1483099679000,1.70258,1.70287,1.70173,1.70284,1332080000,8
1483099680000,1483100159000,1.70281,1.70378,1.70229,1.70369,1604750000,8
1483100160000,1483100639000,1.70365,1.70398,1.70221,1.70245,1278090000,8
1483100640000,1483101119000,1.70244,1.70369,1.70244,1.70344,1592960000,8
1483101120000,1483101599000,1.70345,1.70737,1.70282,1.70607,1970640000,8
1483101600000,1483102079000,1.70605,1.70605,1.70486,1.70517,1484640000,8
1483102080000,1483102559000,1.70517,1.70587,1.70484,1.70522,861040000,8
1483102560000,1483103039000,1.70522,1.70647,1.70463,1.70473,1659190000,8
1483103040000,1483103519000,1.70473,1.70571,1.70458,1.70474,962530000,8
1483103520000,1483103999000,1.70473,1.70592,1.70436,1.70514,1592090000,8
1483104000000,1483104479000,1.70517,1.70633,1.70453,1.70602,1248360000,8
1483104480000,1483104959000,1.70601,1.70642,1.70477,1.70546,1349890000,8
1483104960000,1483105439000,1.70546,1.70616,1.70494,1.70582,1372820000,8
1483105440000,1483105919000,1.70582,1.70887,1.70536,1.70759,2140130000,8
1483105920000,1483106399000,1.70759,1.7101,1.70691,1.7091,1685240000,8
1483106400000,1483106879000,1.70911,1.71169,1.70862,1.711,1799470000,8
1483106880000,1483107359000,1.71095,1.71181,1.70981,1.71055,2012490000,8
1483107360000,1483107839000,1.71055,1.71081,1.70966,1.71026,1338990000,8
1483107840000,1483108319000,1.71027,1.71027,1.70883,1.70901,1361540000,8
1483108320000,1483108799000,1.70901,1.71106,1.70841,1.71064,1843720000,8
1483108800000,1483109279000,1.71069,1.7126,1.71057,1.71169,1448980000,8
1483109280000,1483109759000,1.71169,1.71364,1.71096,1.71349,1944300000,8
1483109760000,1483110239000,1.71347,1.71349,1.71181,1.7119,1844390000,8
1483110240000,1483110719000,1.7119,1.71233,1.71054,1.71131,1987860000,8
1483110720000,1483111199000,1.71131,1.71171,1.71039,1.71136,1616400000,8
1483111200000,1483111679000,1.71138,1.71283,1.7113,1.71226,1644630000,8
1483111680000,1483112159000,1.71224,1.71249,1.71102,1.7121,1494400000,8
1483112160000,1483112639000,1.71208,1.71224,1.71026,1.71037,1361590000,8
1483112640000,1483113119000,1.71036,1.71089,1.70966,1.70977,1882150000,8
1483113120000,1483113599000,1.70977,1.70977,1.70527,1.70641,3217650000,8
1483113600000,1483114079000,1.70645,1.70728,1.7033,1.70489,3362850000,8
1483114080000,1483114559000,1.70489,1.70506,1.70344,1.70447,2021490000,8
1483114560000,1483115039000,1.70462,1.70678,1.70425,1.70663,1587730000,8
1483115040000,1483115519000,1.70665,1.70753,1.70601,1.70639,1534570000,8
1483115520000,1483115999000,1.70642,1.7067,1.70507,1.70511,1355270000,8
1483116000000,1483116479000,1.70511,1.70651,1.7051,1.70649,1254940000,8
1483116480000,1483116959000,1.70648,1.70743,1.70586,1.70622,1377580000,8
1483116960000,1483117439000,1.70621,1.70838,1.7057,1.70776,1416210000,8
1483117440000,1483117919000,1.70776,1.70856,1.7074,1.70828,1258000000,8
1483117920000,1483118399000,1.70832,1.70907,1.70815,1.70886,1094150000,8
1483118400000,1483118879000,1.70881,1.70922,1.70837,1.70868,1233560000,8
1483118880000,1483119359000,1.70868,1.70908,1.70815,1.70855,1299880000,8
1483119360000,1483119839000,1.70856,1.7094,1.70793,1.70852,1401440000,8
1483119840000,1483120319000,1.70852,1.70867,1.70756,1.70849,1288970000,8
1483120320000,1483120799000,1.70849,1.71082,1.70771,1.71036,2064650000,8
1483120800000,1483121279000,1.71032,1.71032,1.70779,1.70797,2855560000,8
1483121280000,1483121759000,1.70792,1.70899,1.70776,1.70879,1557330000,8
1483121760000,1483122239000,1.70878,1.70933,1.70851,1.70874,816090000,8
1483122240000,1483122719000,1.70874,1.70939,1.70806,1.70839,1395620000,8
1483122720000,1483123199000,1.70841,1.70873,1.70795,1.70802,1075460000,8
1483123200000,1483123679000,1.70802,1.70892,1.70762,1.70804,1009560000,8
1483123680000,1483124159000,1.70803,1.70888,1.70737,1.70794,1162520000,8
1483124160000,1483124639000,1.70793,1.70846,1.70707,1.70736,1527620000,8
1483124640000,1483125119000,1.70736,1.70792,1.70625,1.70651,1155850000,8
1483125120000,1483125599000,1.70652,1.70697,1.70581,1.70608,1154220000,8
1483125600000,1483126079000,1.70616,1.70697,1.70586,1.70617,980020000,8
1483126080000,1483126559000,1.70613,1.70662,1.70581,1.70632,990490000,8
1483126560000,1483127039000,1.70631,1.70677,1.70531,1.70545,1016570000,8
1483127040000,1483127519000,1.70542,1.70662,1.70536,1.70641,1314130000,8
1483127520000,1483127999000,1.70636,1.70894,1.70621,1.70839,1848870000,8
1483128000000,1483128479000,1.70831,1.70901,1.7079,1.70867,1204580000,8
1483128480000,1483128959000,1.70867,1.70932,1.70863,1.70889,1391080000,8
1483128960000,1483129439000,1.70889,1.70941,1.70845,1.7085,897940000,8
1483129440000,1483129919000,1.70852,1.70944,1.70838,1.70942,818880000,8
1483129920000,1483130399000,1.70942,1.71028,1.70927,1.71019,740520000,8
1483130400000,1483130879000,1.71022,1.71071,1.70902,1.70907,715660000,8
1483130880000,1483131359000,1.70907,1.70957,1.70856,1.70907,839450000,8
1483131360000,1483131839000,1.70907,1.70917,1.70677,1.70678,953710000,8
1483131840000,1483132319000,1.70678,1.70688,1.706,1.70651,276820000,8
1483132320000,1483132799000,1.70653,1.70757,1.70641,1.70747,341700000,8
1483132800000,1483133279000,1.70746,1.70892,1.70746,1.70889,334250000,8
1483133280000,1483133759000,1.7089,1.7103,1.70887,1.71018,306110000,8
1483133760000,1483134239000,1.71023,1.71111,1.70912,1.70944,225500000,8
1483134240000,1483134719000,1.70945,1.71036,1.70866,1.70922,478120000,8
1483134720000,1483135199000,1.70926,1.71258,1.70922,1.71142,634850000,8
1483135200000,1483135679000,1.71142,1.71142,1.71142,1.71142,0,8
1483135680000,1483136159000,1.71142,1.71142,1.71142,1.71142,0,8
1483136160000,1483136639000,1.71142,1.71142,1.71142,1.71142,0,8
1483136640000,1483137119000,1.71142,1.71142,1.71142,1.71142,0,8
1483137120000,1483137599000,1.71142,1.71142,1.71142,1.71142,0,8
1483137600000,1483138079000,1.71142,1.71142,1.71142,1.71142,0,8
1483138080000,1483138559000,1.71142,1.71142,1.71142,1.71142,0,8
1483138560000,1483139039000,1.71142,1.71142,1.71142,1.71142,0,8
1483139040000,1483139519000,1.71142,1.71142,1.71142,1.71142,0,8
1483139520000,1483139999000,1.71142,1.71142,1.71142,1.71142,0,8
1483140000000,1483140479000,1.71142,1.71142,1.71142,1.71142,0,8
1483140480000,1483140959000,1.71142,1.71142,1.71142,1.71142,0,8
1483140960000,1483141439000,1.71142,1.71142,1.71142,1.71142,0,8
1483141440000,1483141919000,1.71142,1.71142,1.71142,1.71142,0,8
1483141920000,1483142399000,1.71142,1.71142,1.71142,1.71142,0,8
