openEpochMillis,closeEpochMillis,open,high,low,close,volume,sourceBars
1435708800000,1435709279000,2.31121,2.31125,2.31075,2.31121,89700000,8
1435709280000,1435709759000,2.31106,2.3124,2.30919,2.30963,227720000,8
1435709760000,1435710239000,2.30969,2.31177,2.30964,2.31139,298090000,8
1435710240000,1435710719000,2.31137,2.31202,2.30915,2.31014,633480000,8
1435710720000,1435711199000,2.31023,2.31033,2.30889,2.31024,507710000,8
1435711200000,1435711679000,2.31014,2.3123,2.30975,2.31204,922580000,8
1435711680000,1435712159000,2.31205,2.31402,2.31188,2.31364,509340000,8
1435712160000,1435712639000,2.31358,2.31374,2.30934,2.31214,437440000,8
1435712640000,1435713119000,2.31224,2.31328,2.31142,2.31237,418770000,8
1435713120000,1435713599000,2.31243,2.31476,2.31238,2.31404,350740000,8
1435713600000,1435714079000,2.31404,2.31414,2.31012,2.31055,353790000,8
1435714080000,1435714559000,2.31055,2.31229,2.31023,2.31126,533610000,8
1435714560000,1435715039000,2.31126,2.31134,2.30964,2.31043,288360000,8
1435715040000,1435715519000,2.31044,2.31204,2.30959,2.31139,383850000,8
1435715520000,1435715999000,2.31139,2.31237,2.31043,2.31043,240970000,8
1435716000000,1435716479000,2.31044,2.31044,2.30673,2.308,518570000,8
1435716480000,1435716959000,2.308,2.308,2.30496,2.30714,510840000,8
1435716960000,1435717439000,2.30713,2.31045,2.30707,2.30973,487260000,8
1435717440000,1435717919000,2.30974,2.3098,2.30768,2.30768,402010000,8
1435717920000,1435718399000,2.30772,2.30794,2.30753,2.30758,258580000,8
1435718400000,1435718879000,2.3076,2.30796,2.30685,2.30718,292060000,8
1435718880000,1435719359000,2.30718,2.30725,2.30538,2.30663,373600000,8
1435719360000,1435719839000,2.30664,2.3069,2.30563,2.30677,326530000,8
1435719840000,1435720319000,2.30684,2.30774,2.30658,2.30683,299860000,8
1435720320000,1435720799000,2.30683,2.30717,2.30659,2.30704,180350000,8
1435720800000,1435721279000,2.30704,2.30788,2.30693,2.30766,269050000,8
1435721280000,1435721759000,2.30753,2.30797,2.30693,2.30693,362580000,8
1435721760000,1435722239000,2.30694,2.30754,2.30593,2.30633,370340000,8
1435722240000,1435722719000,2.30634,2.30694,2.30485,2.30563,509340000,8
1435722720000,1435723199000,2.30554,2.30724,2.30533,2.30563,424380000,8
1435723200000,1435723679000,2.30564,2.30604,2.30543,2.30585,255230000,8
1435723680000,1435724159000,2.30585,2.30724,2.30578,2.30664,394130000,8
1435724160000,1435724639000,2.30663,2.30701,2.30613,2.30631,281390000,8
1435724640000,1435725119000,2.30631,2.30684,2.30561,2.30654,439240000,8
1435725120000,1435725599000,2.30653,2.30714,2.30633,2.30712,304500000,8
1435725600000,1435726079000,2.30712,2.30794,2.30673,2.30773,342640000,8
1435726080000,1435726559000,2.30764,2.30944,2.30754,2.30943,293800000,8
1435726560000,1435727039000,2.30937,2.31054,2.30923,2.30964,303240000,8
1435727040000,1435727519000,2.30964,2.30974,2.30934,2.30963,316310000,8
1435727520000,1435727999000,2.30963,2.30973,2.30934,2.30959,170050000,8
1435728000000,1435728479000,2.30959,2.31044,2.30893,2.30953,306850000,8
1435728480000,1435728959000,2.30954,2.30974,2.30817,2.30831,281920000,8
1435728960000,1435729439000,2.30831,2.3103,2.30829,2.30943,470940000,8
1435729440000,1435729919000,2.30944,2.31014,2.3087,2.30911,202190000,8
1435729920000,1435730399000,2.30919,2.30952,2.30798,2.30798,239280000,8
1435730400000,1435730879000,2.30795,2.30795,2.30678,2.30713,432250000,8
1435730880000,1435731359000,2.30722,2.31014,2.30722,2.30963,522470000,8
1435731360000,1435731839000,2.30963,2.31039,2.30891,2.30954,527900000,8
1435731840000,1435732319000,2.30954,2.31014,2.30854,2.30854,611130000,8
1435732320000,1435732799000,2.30854,2.30929,2.30823,2.30854,426360000,8
1435732800000,1435733279000,2.30853,2.30894,2.30633,2.30773,595100000,8
1435733280000,1435733759000,2.30773,2.31012,2.30719,2.31001,542810000,8
1435733760000,1435734239000,2.30999,2.31144,2.30955,2.31119,521440000,8
1435734240000,1435734719000,2.31113,2.31292,2.31074,2.31283,498190000,8
1435734720000,1435735199000,2.31283,2.31347,2.31001,2.31053,618860000,8
1435735200000,1435735679000,2.31049,2.31384,2.31037,2.31343,721470000,8
1435735680000,1435736159000,2.31343,2.31536,2.31333,2.31354,688840000,8
1435736160000,1435736639000,2.31353,2.31353,2.31155,2.31228,886620000,8
1435736640000,1435737119000,2.31238,2.31367,2.31151,2.31367,703560000,8
1435737120000,1435737599000,2.31373,2.31506,2.31308,2.31319,464640000,8
1435737600000,1435738079000,2.31331,2.31634,2.31331,2.31493,720890000,8
1435738080000,1435738559000,2.31493,2.31493,2.31271,2.31372,657010000,8
1435738560000,1435739039000,2.31371,2.31634,2.31361,2.31623,643360000,8
1435739040000,1435739519000,2.31619,2.31922,2.31237,2.31237,962670000,8
1435739520000,1435739999000,2.31223,2.31273,2.31124,2.31225,691160000,8
1435740000000,1435740479000,2.31224,2.31278,2.31173,2.312,349000000,8
1435740480000,1435740959000,2.31188,2.31188,2.30808,2.30851,503150000,8
1435740960000,1435741439000,2.30851,2.30983,2.30804,2.30904,952220000,8
1435741440000,1435741919000,2.30914,2.31005,2.30816,2.30882,688540000,8
1435741920000,1435742399000,2.30862,2.31014,2.30758,2.30804,854490000,8
1435742400000,1435742879000,2.30803,2.30814,2.30694,2.30754,681580000,8
1435742880000,1435743359000,2.30754,2.30994,2.30726,2.30972,924250000,8
1435743360000,1435743839000,2.30972,2.31115,2.30866,2.31115,650840000,8
1435743840000,1435744319000,2.31115,2.31115,2.30904,2.30984,535290000,8
1435744320000,1435744799000,2.30976,2.31064,2.30933,2.31043,533980000,8
1435744800000,1435745279000,2.31047,2.31214,2.30943,2.31214,515100000,8
1435745280000,1435745759000,2.31234,2.31262,2.31011,2.31011,434090000,8
1435745760000,1435746239000,2.31012,2.31195,2.30988,2.31043,525250000,8
1435746240000,1435746719000,2.31044,2.31093,2.31014,2.31054,350750000,8
1435746720000,1435747199000,2.31051,2.31095,2.30893,2.30896,466000000,8
1435747200000,1435747679000,2.30896,2.30915,2.30806,2.30834,495000000,8
1435747680000,1435748159000,2.30834,2.30924,2.30744,2.30771,438500000,8
1435748160000,1435748639000,2.30771,2.31093,2.30771,2.31027,634500000,8
1435748640000,1435749119000,2.31027,2.31139,2.30943,2.31135,442000000,8
1435749120000,1435749599000,2.31143,2.31181,2.31028,2.31039,442500000,8
1435749600000,1435750079000,2.31044,2.31203,2.31039,2.31193,333500000,8
1435750080000,1435750559000,2.31194,2.31316,2.31094,2.31283,467500000,8
1435750560000,1435751039000,2.31284,2.31296,2.31219,2.31272,378250000,8
1435751040000,1435751519000,2.31272,2.31354,2.31241,2.31241,419000000,8
1435751520000,1435751999000,2.31241,2.31373,2.31213,2.31308,491250000,8
1435752000000,1435752479000,2.31292,2.31347,2.3126,2.31317,370750000,8
1435752480000,1435752959000,2.31321,2.31664,2.31233,2.31589,754750000,8
1435752960000,1435753439000,2.31583,2.31614,2.31407,2.31457,942500000,8
1435753440000,1435753919000,2.31457,2.31568,2.31407,2.31444,586750000,8
1435753920000,1435754399000,2.31443,2.31596,2.31403,2.31574,640000000,8
1435754400000,1435754879000,2.31576,2.31583,2.31326,2.31404,600000000,8
1435754880000,1435755359000,2.31413,2.31449,2.31299,2.31309,465000000,8
1435755360000,1435755839000,2.31309,2.31386,2.31281,2.31305,476000000,8
1435755840000,1435756319000,2.31305,2.31414,2.31303,2.31414,583000000,8
1435756320000,1435756799000,2.31405,2.3146,2.31332,2.31434,523500000,8
1435756800000,1435757279000,2.31434,2.31564,2.31434,2.31514,415000000,8
1435757280000,1435757759000,2.31513,2.31616,2.31473,2.31507,500000000,8
1435757760000,1435758239000,2.31518,2.3165,2.31447,2.31493,538500000,8
1435758240000,1435758719000,2.31493,2.31494,2.31336,2.31417,676750000,8
1435758720000,1435759199000,2.31417,2.3144,2.31163,2.31163,561000000,8
1435759200000,1435759679000,2.31164,2.32144,2.311,2.32035,986640000,8
1435759680000,1435760159000,2.32033,2.32117,2.31774,2.3186,1167000000,8
1435760160000,1435760639000,2.3186,2.31904,2.31683,2.31736,702500000,8
1435760640000,1435761119000,2.31746,2.3179,2.31503,2.31513,887000000,8
1435761120000,1435761599000,2.31502,2.31649,2.31384,2.31588,846020000,8
1435761600000,1435762079000,2.31584,2.31683,2.31502,2.31504,517000000,8
1435762080000,1435762559000,2.31502,2.31703,2.31481,2.31703,698250000,8
1435762560000,1435763039000,2.31703,2.31724,2.31523,2.31693,1227000000,8
1435763040000,1435763519000,2.31694,2.31733,2.31564,2.31674,617500000,8
1435763520000,1435763999000,2.31682,2.31699,2.31438,2.31607,670000000,8
1435764000000,1435764479000,2.31611,2.31632,2.31403,2.31403,597500000,8
1435764480000,1435764959000,2.31404,2.31484,2.31344,2.31354,649750000,8
1435764960000,1435765439000,2.31354,2.31434,2.31186,2.31287,828500000,8
1435765440000,1435765919000,2.31287,2.31311,2.31078,2.31166,628750000,8
1435765920000,1435766399000,2.31168,2.31243,2.31155,2.31231,312000000,8
1435766400000,1435766879000,2.31231,2.31264,2.31098,2.31123,530500000,8
1435766880000,1435767359000,2.31124,2.31214,2.31053,2.31053,495000000,8
1435767360000,1435767839000,2.31054,2.31195,2.31053,2.31137,398500000,8
1435767840000,1435768319000,2.31137,2.31214,2.31083,2.31083,382500000,8
1435768320000,1435768799000,2.3109,2.31134,2.30973,2.31043,389000000,8
1435768800000,1435769279000,2.31043,2.31084,2.30973,2.30985,384500000,8
1435769280000,1435769759000,2.30994,2.31212,2.30994,2.31164,364000000,8
1435769760000,1435770239000,2.31164,2.31287,2.31133,2.31266,397500000,8
1435770240000,1435770719000,2.31266,2.31268,2.31143,2.31214,431500000,8
1435770720000,1435771199000,2.31216,2.31338,2.31203,2.31274,384000000,8
1435771200000,1435771679000,2.31273,2.31334,2.31213,2.31296,367250000,8
1435771680000,1435772159000,2.31306,2.3131,2.31168,2.31197,423000000,8
1435772160000,1435772639000,2.31197,2.31271,2.31153,2.31167,379000000,8
1435772640000,1435773119000,2.31167,2.31178,2.31113,2.31141,411000000,8
1435773120000,1435773599000,2.31141,2.31158,2.30914,2.30994,387000000,8
1435773600000,1435774079000,2.30993,2.31064,2.30967,2.31054,377500000,8
1435774080000,1435774559000,2.31044,2.31156,2.31032,2.31149,282000000,8
1435774560000,1435775039000,2.31146,2.31179,2.31111,2.31144,270000000,8
1435775040000,1435775519000,2.31153,2.31371,2.31113,2.31232,669000000,8
1435775520000,1435775999000,2.31232,2.31348,2.31232,2.31304,351500000,8
1435776000000,1435776479000,2.31304,2.31377,2.31198,2.31234,363000000,8
1435776480000,1435776959000,2.31234,2.31285,2.31165,2.31265,279750000,8
1435776960000,1435777439000,2.31271,2.31373,2.31187,2.31339,481000000,8
1435777440000,1435777919000,2.31348,2.31403,2.31217,2.31239,196500000,8
1435777920000,1435778399000,2.31236,2.31302,2.31181,2.31282,250500000,8
1435778400000,1435778879000,2.31277,2.31393,2.31271,2.31381,230250000,8
1435778880000,1435779359000,2.31388,2.31402,2.31296,2.31392,247500000,8
1435779360000,1435779839000,2.31391,2.31494,2.31381,2.31493,234000000,8
1435779840000,1435780319000,2.31484,2.31544,2.31468,2.31476,258000000,8
1435780320000,1435780799000,2.31476,2.316,2.31436,2.316,304500000,8
1435780800000,1435781279000,2.3159,2.31609,2.31495,2.31511,120500000,8
1435781280000,1435781759000,2.31508,2.31593,2.31492,2.31568,83000000,8
1435781760000,1435782239000,2.31571,2.31581,2.31487,2.31516,94500000,8
1435782240000,1435782719000,2.31516,2.31718,2.31472,2.31684,120500000,8
1435782720000,1435783199000,2.31684,2.31774,2.31571,2.31602,226000000,8
1435783200000,1435783679000,2.31598,2.31627,2.31432,2.31571,412500000,8
1435783680000,1435784159000,2.31567,2.31782,2.31512,2.31671,994750000,8
1435784160000,1435784639000,2.31669,2.31774,2.31669,2.31761,345500000,8
1435784640000,1435785119000,2.31862,2.31942,2.31802,2.31905,147500000,8
1435785120000,1435785599000,2.31905,2.31959,2.31796,2.31833,257500000,8
1435785600000,1435786079000,2.31824,2.32006,2.3173,2.31763,302250000,8
1435786080000,1435786559000,2.31764,2.31893,2.31729,2.3182,175250000,8
1435786560000,1435787039000,2.31843,2.31866,2.31624,2.31711,257000000,8
1435787040000,1435787519000,2.31721,2.31811,2.31709,2.31797,401250000,8
1435787520000,1435787999000,2.31793,2.31807,2.31699,2.31726,398000000,8
1435788000000,1435788479000,2.31726,2.31985,2.31726,2.31931,833250000,8
1435788480000,1435788959000,2.31932,2.31932,2.31768,2.31852,1102000000,8
1435788960000,1435789439000,2.31852,2.32032,2.31821,2.31948,452250000,8
1435789440000,1435789919000,2.31954,2.32033,2.31942,2.32005,161500000,8
1435789920000,1435790399000,2.3201,2.32202,2.31931,2.32182,441750000,8
1435790400000,1435790879000,2.32181,2.32412,2.32161,2.32324,445750000,8
1435790880000,1435791359000,2.32334,2.32572,2.32334,2.32422,305250000,8
1435791360000,1435791839000,2.32431,2.32624,2.32431,2.32613,233000000,8
1435791840000,1435792319000,2.32613,2.32619,2.32527,2.32527,294500000,8
1435792320000,1435792799000,2.32532,2.32532,2.32361,2.32393,192250000,8
1435792800000,1435793279000,2.32392,2.32394,2.3232,2.3233,134000000,8
1435793280000,1435793759000,2.32341,2.32394,2.32285,2.3237,186000000,8
1435793760000,1435794239000,2.32379,2.32482,2.32365,2.32462,234500000,8
1435794240000,1435794719000,2.32475,2.32572,2.32415,2.32557,274500000,8
1435794720000,1435795199000,2.32557,2.32557,2.32364,2.32416,200000000,8
1435795200000,1435795679000,2.32427,2.32572,2.32372,2.32529,309500000,8
1435795680000,1435796159000,2.32532,2.32572,2.32443,2.32551,357180000,8
1435796160000,1435796639000,2.32553,2.32893,2.32551,2.32763,413780000,8
1435796640000,1435797119000,2.32764,2.33041,2.32683,2.32876,324180000,8
1435797120000,1435797599000,2.32892,2.32962,2.32772,2.32775,271840000,8
1435797600000,1435798079000,2.32774,2.32783,2.3267,2.32706,340500000,8
1435798080000,1435798559000,2.32708,2.32796,2.32636,2.32654,235000000,8
1435798560000,1435799039000,2.32653,2.32687,2.32527,2.32601,328250000,8
1435799040000,1435799519000,2.32604,2.32681,2.32531,2.32653,344840000,8
1435799520000,1435799999000,2.32654,2.32664,2.32484,2.32488,358700000,8
1435800000000,1435800479000,2.32489,2.32663,2.32489,2.32614,325520000,8
1435800480000,1435800959000,2.32616,2.32904,2.32572,2.32814,553390000,8
1435800960000,1435801439000,2.32814,2.32814,2.32573,2.32709,444310000,8
1435801440000,1435801919000,2.32709,2.32738,2.32538,2.32569,376690000,8
1435801920000,1435802399000,2.32565,2.32616,2.32494,2.32581,481650000,8
1435802400000,1435802879000,2.32581,2.3275,2.32518,2.32748,368040000,8
1435802880000,1435803359000,2.32748,2.32782,2.32599,2.32754,340700000,8
1435803360000,1435803839000,2.32754,2.32784,2.32609,2.32683,351020000,8
1435803840000,1435804319000,2.32683,2.32762,2.32613,2.32651,389500000,8
1435804320000,1435804799000,2.32658,2.32758,2.32565,2.32623,474000000,8
1435804800000,1435805279000,2.32633,2.32704,2.32601,2.32674,414000000,8
1435805280000,1435805759000,2.32683,2.32755,2.32556,2.32661,419500000,8
1435805760000,1435806239000,2.32662,2.32752,2.32661,2.32712,328340000,8
1435806240000,1435806719000,2.32712,2.32753,2.32621,2.32753,333650000,8
1435806720000,1435807199000,2.32743,2.32784,2.32663,2.32712,285840000,8
1435807200000,1435807679000,2.32711,2.32741,2.32668,2.32711,381530000,8
1435807680000,1435808159000,2.32711,2.32722,2.32652,2.32662,293010000,8
1435808160000,1435808639000,2.32653,2.32732,2.32641,2.32661,263060000,8
1435808640000,1435809119000,2.32662,2.32712,2.32571,2.32638,371090000,8
1435809120000,1435809599000,2.32638,2.32682,2.32592,2.32641,418630000,8
1435809600000,1435810079000,2.32632,2.32712,2.32621,2.32656,265000000,8
1435810080000,1435810559000,2.32653,2.32787,2.32651,2.32773,259040000,8
1435810560000,1435811039000,2.32773,2.32882,2.32755,2.32863,321220000,8
1435811040000,1435811519000,2.32871,2.32943,2.32821,2.32871,224360000,8
1435811520000,1435811999000,2.32872,2.32992,2.32851,2.32852,296560000,8
1435812000000,1435812479000,2.32843,2.32958,2.32811,2.32821,297840000,8
1435812480000,1435812959000,2.32822,2.32912,2.32812,2.32883,294930000,8
1435812960000,1435813439000,2.32891,2.33002,2.32883,2.32952,322520000,8
1435813440000,1435813919000,2.32962,2.33092,2.32952,2.32994,292520000,8
1435813920000,1435814399000,2.32991,2.33065,2.32894,2.33053,256000000,8
1435814400000,1435814879000,2.33054,2.33181,2.33053,2.33119,192130000,8
1435814880000,1435815359000,2.33119,2.33217,2.33031,2.33199,282840000,8
1435815360000,1435815839000,2.332,2.33274,2.33094,2.33243,286270000,8
1435815840000,1435816319000,2.33248,2.33262,2.33122,2.33184,181500000,8
1435816320000,1435816799000,2.33194,2.33282,2.33151,2.33161,386340000,8
1435816800000,1435817279000,2.33161,2.33295,2.33141,2.33263,481770000,8
1435817280000,1435817759000,2.33263,2.33328,2.33202,2.33244,503770000,8
1435817760000,1435818239000,2.33253,2.33531,2.33253,2.33491,620500000,8
1435818240000,1435818719000,2.33489,2.33492,2.33125,2.33131,433180000,8
1435818720000,1435819199000,2.33131,2.33296,2.33073,2.33232,599420000,8
1435819200000,1435819679000,2.33231,2.33232,2.32981,2.32992,426840000,8
1435819680000,1435820159000,2.32992,2.33242,2.32991,2.33051,736450000,8
1435820160000,1435820639000,2.33061,2.33202,2.33031,2.33148,738840000,8
1435820640000,1435821119000,2.33148,2.33461,2.33148,2.33454,763770000,8
1435821120000,1435821599000,2.33453,2.33674,2.33432,2.33669,696800000,8
1435821600000,1435822079000,2.33669,2.33669,2.33435,2.3355,746930000,8
1435822080000,1435822559000,2.33553,2.33553,2.33363,2.33408,642470000,8
1435822560000,1435823039000,2.33408,2.33582,2.33383,2.33433,683940000,8
1435823040000,1435823519000,2.33442,2.33612,2.33371,2.33534,805480000,8
1435823520000,1435823999000,2.33534,2.33561,2.33431,2.33485,497750000,8
1435824000000,1435824479000,2.33496,2.33694,2.33451,2.33568,623050000,8
1435824480000,1435824959000,2.33572,2.33672,2.33471,2.33653,720290000,8
1435824960000,1435825439000,2.33662,2.33668,2.33549,2.33591,830040000,8
1435825440000,1435825919000,2.33591,2.33817,2.33395,2.33766,788150000,8
1435825920000,1435826399000,2.33777,2.33814,2.33473,2.3362,596790000,8
1435826400000,1435826879000,2.3362,2.33694,2.33509,2.33678,641520000,8
1435826880000,1435827359000,2.33678,2.33678,2.33493,2.33559,482760000,8
1435827360000,1435827839000,2.33551,2.33598,2.33414,2.33523,705740000,8
1435827840000,1435828319000,2.33523,2.33536,2.33353,2.33353,482500000,8
1435828320000,1435828799000,2.33354,2.3346,2.33335,2.3345,346360000,8
1435828800000,1435829279000,2.3343,2.3349,2.33384,2.33394,396000000,8
1435829280000,1435829759000,2.33392,2.33533,2.33381,2.33442,363360000,8
1435829760000,1435830239000,2.33441,2.33504,2.33358,2.33452,298380000,8
1435830240000,1435830719000,2.3345,2.3351,2.33353,2.33411,535700000,8
1435830720000,1435831199000,2.33406,2.33504,2.33384,2.33454,467310000,8
1435831200000,1435831679000,2.33453,2.33563,2.33438,2.33523,449730000,8
1435831680000,1435832159000,2.33524,2.33541,2.33444,2.33466,343870000,8
1435832160000,1435832639000,2.33475,2.33663,2.33475,2.33592,481860000,8
1435832640000,1435833119000,2.33602,2.33612,2.33494,2.33543,470860000,8
1435833120000,1435833599000,2.33543,2.33664,2.33526,2.33664,509180000,8
1435833600000,1435834079000,2.33674,2.33694,2.33476,2.33558,334380000,8
1435834080000,1435834559000,2.33558,2.33607,2.33372,2.33403,529550000,8
1435834560000,1435835039000,2.33412,2.33541,2.33374,2.33501,537800000,8
1435835040000,1435835519000,2.33501,2.33664,2.33485,2.33644,454930000,8
1435835520000,1435835999000,2.33673,2.33704,2.33512,2.33645,430630000,8
1435836000000,1435836479000,2.33645,2.33753,2.33557,2.33682,473680000,8
1435836480000,1435836959000,2.33682,2.33754,2.33592,2.33604,454330000,8
1435836960000,1435837439000,2.33604,2.33634,2.33483,2.33596,423560000,8
1435837440000,1435837919000,2.33601,2.33775,2.33582,2.33711,420600000,8
1435837920000,1435838399000,2.33712,2.33781,2.33636,2.3371,505840000,8
1435838400000,1435838879000,2.33712,2.33712,2.33461,2.33615,740790000,8
1435838880000,1435839359000,2.33615,2.33775,2.33521,2.33562,730050000,8
1435839360000,1435839839000,2.33561,2.33667,2.33522,2.33561,620660000,8
1435839840000,1435840319000,2.33561,2.33571,2.32496,2.33262,1599210000,8
1435840320000,1435840799000,2.33273,2.33294,2.32773,2.33214,2100500000,8
1435840800000,1435841279000,2.33214,2.33458,2.33093,2.3342,1301680000,8
1435841280000,1435841759000,2.3342,2.33494,2.32959,2.33105,845150000,8
1435841760000,1435842239000,2.33105,2.33119,2.32672,2.32732,798450000,8
1435842240000,1435842719000,2.32734,2.32915,2.32554,2.32667,902450000,8
1435842720000,1435843199000,2.32655,2.32655,2.32403,2.32514,822400000,8
1435843200000,1435843679000,2.32514,2.32572,2.3235,2.32405,510900000,8
1435843680000,1435844159000,2.32416,2.3244,2.32205,2.32261,770650000,8
1435844160000,1435844639000,2.32261,2.32315,2.32177,2.32291,700890000,8
1435844640000,1435845119000,2.32291,2.32453,2.32236,2.32382,834120000,8
1435845120000,1435845599000,2.32382,2.32589,2.32328,2.32489,503650000,8
1435845600000,1435846079000,2.32492,2.32588,2.32343,2.32343,854810000,8
1435846080000,1435846559000,2.32344,2.32386,2.32298,2.32324,456880000,8
1435846560000,1435847039000,2.32324,2.32353,2.32153,2.32166,684380000,8
1435847040000,1435847519000,2.32166,2.32197,2.31993,2.32141,725050000,8
1435847520000,1435847999000,2.32142,2.32193,2.3188,2.32002,709900000,8
1435848000000,1435848479000,2.32001,2.32013,2.31836,2.31973,646220000,8
1435848480000,1435848959000,2.31973,2.32032,2.31917,2.32,522660000,8
1435848960000,1435849439000,2.32001,2.32154,2.31903,2.32154,674780000,8
1435849440000,1435849919000,2.32153,2.32228,2.32104,2.32159,452450000,8
1435849920000,1435850399000,2.32162,2.32178,2.32021,2.321,404840000,8
1435850400000,1435850879000,2.32098,2.32174,2.32005,2.32136,584900000,8
1435850880000,1435851359000,2.32144,2.32221,2.3209,2.32128,744400000,8
1435851360000,1435851839000,2.32128,2.32238,2.32103,2.3221,608340000,8
1435851840000,1435852319000,2.3221,2.32254,2.32152,2.32188,497470000,8
1435852320000,1435852799000,2.32188,2.32234,2.32143,2.32152,494040000,8
1435852800000,1435853279000,2.32151,2.32151,2.32053,2.32085,465150000,8
1435853280000,1435853759000,2.32085,2.32194,2.32083,2.32149,298290000,8
1435853760000,1435854239000,2.32153,2.32194,2.32073,2.32074,315290000,8
1435854240000,1435854719000,2.32074,2.32133,2.32042,2.32043,242500000,8
1435854720000,1435855199000,2.32048,2.32072,2.31974,2.31995,295000000,8
1435855200000,1435855679000,2.31995,2.32038,2.31933,2.31933,293340000,8
1435855680000,1435856159000,2.31939,2.31954,2.31901,2.31912,274500000,8
1435856160000,1435856639000,2.31912,2.31923,2.31826,2.31907,354200000,8
1435856640000,1435857119000,2.31907,2.32034,2.31893,2.31952,332490000,8
1435857120000,1435857599000,2.31955,2.32111,2.31943,2.32111,364610000,8
1435857600000,1435858079000,2.32111,2.32111,2.32013,2.32033,323730000,8
1435858080000,1435858559000,2.32033,2.32054,2.31973,2.3202,279490000,8
1435858560000,1435859039000,2.3202,2.3202,2.31913,2.32014,265340000,8
1435859040000,1435859519000,2.32013,2.32063,2.31975,2.32044,121430000,8
1435859520000,1435859999000,2.32033,2.32104,2.32023,2.32101,293990000,8
1435860000000,1435860479000,2.32105,2.32142,2.32081,2.32112,234270000,8
1435860480000,1435860959000,2.32102,2.32112,2.32053,2.32093,178680000,8
1435860960000,1435861439000,2.32093,2.32124,2.32023,2.32032,209520000,8
1435861440000,1435861919000,2.32023,2.32091,2.32021,2.32034,335000000,8
1435861920000,1435862399000,2.32044,2.3216,2.32021,2.32082,358000000,8
1435862400000,1435862879000,2.32084,2.32145,2.32044,2.32089,494500000,8
1435862880000,1435863359000,2.32093,2.32194,2.32063,2.32074,291410000,8
1435863360000,1435863839000,2.32081,2.32263,2.32081,2.32154,590930000,8
1435863840000,1435864319000,2.32136,2.32234,2.32107,2.32176,535500000,8
1435864320000,1435864799000,2.32176,2.32184,2.32086,2.32113,546000000,8
1435864800000,1435865279000,2.32104,2.32114,2.32024,2.32095,384500000,8
1435865280000,1435865759000,2.32099,2.32114,2.31993,2.32014,267950000,8
1435865760000,1435866239000,2.32013,2.32045,2.31969,2.32025,192030000,8
1435866240000,1435866719000,2.32032,2.32042,2.31923,2.31969,283020000,8
1435866720000,1435867199000,2.31969,2.31986,2.31824,2.31852,338600000,8
1435867200000,1435867679000,2.31866,2.31937,2.31799,2.31799,72340000,8
1435867680000,1435868159000,2.31797,2.3181,2.31739,2.31767,116500000,8
1435868160000,1435868639000,2.31773,2.3186,2.31722,2.31858,174340000,8
1435868640000,1435869119000,2.31858,2.31973,2.31844,2.31949,153400000,8
1435869120000,1435869599000,2.31949,2.32041,2.31949,2.32007,860900000,8
1435869600000,1435870079000,2.32005,2.32042,2.31955,2.31962,1432250000,8
1435870080000,1435870559000,2.31955,2.32182,2.31948,2.32161,1132000000,8
1435870560000,1435871039000,2.32162,2.32185,2.32112,2.32126,292000000,8
1435871040000,1435871519000,2.32121,2.32177,2.32118,2.32142,14500000,8
1435871520000,1435871999000,2.32139,2.32207,2.3211,2.32122,37000000,8
1435872000000,1435872479000,2.32121,2.32132,2.32121,2.32122,19500000,8
1435872480000,1435872959000,2.32112,2.32112,2.32022,2.32072,74500000,8
1435872960000,1435873439000,2.32072,2.32102,2.32009,2.32051,43500000,8
1435873440000,1435873919000,2.32052,2.32065,2.31973,2.32053,63000000,8
1435873920000,1435874399000,2.32062,2.32112,2.32051,2.32101,88750000,8
1435874400000,1435874879000,2.32099,2.32215,2.32097,2.3216,490500000,8
1435874880000,1435875359000,2.32162,2.32228,2.32053,2.32084,767250000,8
1435875360000,1435875839000,2.32084,2.32194,2.32084,2.32119,591420000,8
1435875840000,1435876319000,2.3212,2.32125,2.32011,2.32061,472750000,8
1435876320000,1435876799000,2.32061,2.32062,2.31852,2.31954,444500000,8
1435876800000,1435877279000,2.31954,2.31994,2.31893,2.31904,478000000,8
1435877280000,1435877759000,2.31914,2.31952,2.31884,2.31894,203000000,8
1435877760000,1435878239000,2.31893,2.31914,2.31823,2.31893,204500000,8
1435878240000,1435878719000,2.31903,2.32024,2.31843,2.32013,254000000,8
1435878720000,1435879199000,2.32013,2.32054,2.32004,2.32053,147500000,8
1435879200000,1435879679000,2.32054,2.32104,2.32017,2.32039,139500000,8
1435879680000,1435880159000,2.32041,2.32174,2.32035,2.32063,191500000,8
1435880160000,1435880639000,2.32064,2.32103,2.31996,2.32011,143500000,8
1435880640000,1435881119000,2.3201,2.32133,2.32005,2.32097,102000000,8
1435881120000,1435881599000,2.32093,2.32216,2.32093,2.32211,259500000,8
1435881600000,1435882079000,2.32214,2.32282,2.32164,2.32226,334250000,8
1435882080000,1435882559000,2.32227,2.32304,2.32214,2.32249,267930000,8
1435882560000,1435883039000,2.32249,2.32274,2.32083,2.32084,284570000,8
1435883040000,1435883519000,2.32084,2.32173,2.31983,2.32046,389170000,8
1435883520000,1435883999000,2.32055,2.32078,2.31942,2.32057,332500000,8
1435884000000,1435884479000,2.32057,2.32132,2.32037,2.32084,342720000,8
1435884480000,1435884959000,2.32084,2.32167,2.32084,2.32112,363210000,8
1435884960000,1435885439000,2.32121,2.32146,2.32013,2.32023,395880000,8
1435885440000,1435885919000,2.32024,2.32097,2.32001,2.32064,267020000,8
1435885920000,1435886399000,2.32064,2.32133,2.32053,2.32088,220390000,8
1435886400000,1435886879000,2.32086,2.32141,2.32063,2.32118,292230000,8
1435886880000,1435887359000,2.32118,2.32258,2.3197,2.3204,563710000,8
1435887360000,1435887839000,2.3204,2.32086,2.31894,2.31933,325720000,8
1435887840000,1435888319000,2.31933,2.32264,2.31907,2.32204,755970000,8
1435888320000,1435888799000,2.32206,2.32405,2.32183,2.32334,519110000,8
1435888800000,1435889279000,2.32334,2.32592,2.323,2.32492,464530000,8
1435889280000,1435889759000,2.32481,2.32765,2.32433,2.3268,643130000,8
1435889760000,1435890239000,2.3268,2.32724,2.32383,2.32427,409540000,8
1435890240000,1435890719000,2.32427,2.32548,2.32417,2.32464,467030000,8
1435890720000,1435891199000,2.32478,2.32614,2.32162,2.32241,423580000,8
1435891200000,1435891679000,2.32225,2.32354,2.32204,2.32314,486340000,8
1435891680000,1435892159000,2.32314,2.32374,2.32303,2.32304,226060000,8
1435892160000,1435892639000,2.32305,2.32354,2.32268,2.32319,230590000,8
1435892640000,1435893119000,2.32323,2.32344,2.32183,2.32258,239440000,8
1435893120000,1435893599000,2.32258,2.3254,2.32244,2.32399,563690000,8
1435893600000,1435894079000,2.32404,2.32533,2.32378,2.32449,449670000,8
1435894080000,1435894559000,2.32449,2.32488,2.32333,2.32459,350360000,8
1435894560000,1435895039000,2.32461,2.32504,2.32314,2.32478,373190000,8
1435895040000,1435895519000,2.32478,2.32478,2.32362,2.32373,218560000,8
1435895520000,1435895999000,2.32373,2.32458,2.32309,2.32454,219850000,8
1435896000000,1435896479000,2.32448,2.32503,2.32393,2.32393,232120000,8
1435896480000,1435896959000,2.32394,2.32404,2.32343,2.32344,270580000,8
1435896960000,1435897439000,2.32354,2.32397,2.32243,2.3227,214500000,8
1435897440000,1435897919000,2.3227,2.32324,2.32226,2.32226,150880000,8
1435897920000,1435898399000,2.32226,2.32233,2.32069,2.32162,323690000,8
1435898400000,1435898879000,2.32163,2.32263,2.32163,2.32197,233620000,8
1435898880000,1435899359000,2.32197,2.32292,2.32147,2.32257,376970000,8
1435899360000,1435899839000,2.32257,2.32277,2.32115,2.32187,379720000,8
1435899840000,1435900319000,2.32187,2.32376,2.32161,2.32306,453880000,8
1435900320000,1435900799000,2.32306,2.32364,2.32261,2.32303,273420000,8
1435900800000,1435901279000,2.32304,2.32402,2.32279,2.32368,298180000,8
1435901280000,1435901759000,2.32372,2.32422,2.32312,2.32403,327110000,8
1435901760000,1435902239000,2.32413,2.32474,2.32393,2.32463,269060000,8
1435902240000,1435902719000,2.32463,2.32544,2.32463,2.32483,238050000,8
1435902720000,1435903199000,2.3249,2.32554,2.32473,2.32514,304550000,8
1435903200000,1435903679000,2.32514,2.32674,2.32514,2.32624,452500000,8
1435903680000,1435904159000,2.32623,2.32764,2.32613,2.32734,294430000,8
1435904160000,1435904639000,2.32733,2.32774,2.32653,2.32773,437440000,8
1435904640000,1435905119000,2.32774,2.32824,2.32656,2.32744,403500000,8
1435905120000,1435905599000,2.32743,2.32803,2.32513,2.32574,587200000,8
1435905600000,1435906079000,2.32574,2.32703,2.32553,2.32641,653100000,8
1435906080000,1435906559000,2.32641,2.32703,2.32601,2.32633,521090000,8
1435906560000,1435907039000,2.32633,2.32894,2.32633,2.32802,626630000,8
1435907040000,1435907519000,2.32804,2.32893,2.32663,2.32674,628070000,8
1435907520000,1435907999000,2.32673,2.32684,2.32473,2.32502,734750000,8
1435908000000,1435908479000,2.32502,2.32884,2.32473,2.32863,699100000,8
1435908480000,1435908959000,2.32863,2.32894,2.32703,2.32882,884870000,8
1435908960000,1435909439000,2.32873,2.32932,2.32751,2.32753,807610000,8
1435909440000,1435909919000,2.32753,2.32894,2.32691,2.32873,858720000,8
1435909920000,1435910399000,2.32874,2.33074,2.32812,2.32851,864310000,8
1435910400000,1435910879000,2.32862,2.33034,2.32793,2.32914,854960000,8
1435910880000,1435911359000,2.32921,2.33114,2.32883,2.33104,717690000,8
1435911360000,1435911839000,2.3311,2.33365,2.33052,2.33334,590800000,8
1435911840000,1435912319000,2.33332,2.33544,2.33192,2.33313,1119350000,8
1435912320000,1435912799000,2.3332,2.33509,2.3332,2.33509,782360000,8
1435912800000,1435913279000,2.33514,2.33764,2.33484,2.33566,988680000,8
1435913280000,1435913759000,2.33566,2.3378,2.33413,2.33449,778450000,8
1435913760000,1435914239000,2.33449,2.33754,2.33272,2.33585,599830000,8
1435914240000,1435914719000,2.33592,2.33605,2.33378,2.33414,542050000,8
1435914720000,1435915199000,2.33414,2.33577,2.33414,2.33522,451690000,8
1435915200000,1435915679000,2.33521,2.33603,2.33433,2.33471,444300000,8
1435915680000,1435916159000,2.33469,2.33593,2.33372,2.33433,706370000,8
1435916160000,1435916639000,2.33442,2.33442,2.33313,2.33417,515970000,8
1435916640000,1435917119000,2.33407,2.33447,2.33343,2.33391,338340000,8
1435917120000,1435917599000,2.33393,2.33527,2.33371,2.33483,341440000,8
1435917600000,1435918079000,2.33483,2.33679,2.33437,2.33468,455860000,8
1435918080000,1435918559000,2.3348,2.33498,2.33315,2.33325,282360000,8
1435918560000,1435919039000,2.33334,2.33454,2.33298,2.33413,529500000,8
1435919040000,1435919519000,2.33414,2.33524,2.33163,2.33253,560310000,8
1435919520000,1435919999000,2.33254,2.33554,2.33244,2.33553,584860000,8
1435920000000,1435920479000,2.33554,2.33594,2.33353,2.33364,584590000,8
1435920480000,1435920959000,2.33363,2.33554,2.33313,2.33554,555220000,8
1435920960000,1435921439000,2.33543,2.33554,2.33334,2.33434,647590000,8
1435921440000,1435921919000,2.33434,2.33434,2.33173,2.33283,632180000,8
1435921920000,1435922399000,2.33284,2.33304,2.33168,2.33233,542400000,8
1435922400000,1435922879000,2.33244,2.33304,2.33172,2.33194,585490000,8
1435922880000,1435923359000,2.33184,2.33204,2.33001,2.33144,481710000,8
1435923360000,1435923839000,2.33144,2.33342,2.3314,2.33271,706870000,8
1435923840000,1435924319000,2.33273,2.33431,2.33231,2.33372,656830000,8
1435924320000,1435924799000,2.3337,2.33626,2.33336,2.33585,761550000,8
1435924800000,1435925279000,2.33585,2.33692,2.33494,2.33625,518850000,8
1435925280000,1435925759000,2.33613,2.33614,2.33417,2.33417,505860000,8
1435925760000,1435926239000,2.33423,2.33459,2.3338,2.33432,360580000,8
1435926240000,1435926719000,2.3343,2.33449,2.333,2.33379,548580000,8
1435926720000,1435927199000,2.33379,2.33404,2.33273,2.33319,555580000,8
1435927200000,1435927679000,2.33319,2.33489,2.33254,2.33475,737510000,8
1435927680000,1435928159000,2.33475,2.33574,2.33384,2.33463,604180000,8
1435928160000,1435928639000,2.33454,2.33605,2.33403,2.33584,583830000,8
1435928640000,1435929119000,2.33583,2.33724,2.33583,2.33685,516360000,8
1435929120000,1435929599000,2.33684,2.33814,2.33633,2.33804,383020000,8
1435929600000,1435930079000,2.33803,2.33824,2.33544,2.33554,516720000,8
1435930080000,1435930559000,2.33554,2.33635,2.33491,2.33491,464660000,8
1435930560000,1435931039000,2.33494,2.33543,2.33304,2.33343,528040000,8
1435931040000,1435931519000,2.33344,2.33454,2.33243,2.33413,540750000,8
1435931520000,1435931999000,2.33414,2.33504,2.33293,2.33453,565840000,8
1435932000000,1435932479000,2.33454,2.3377,2.33443,2.33767,445240000,8
1435932480000,1435932959000,2.33767,2.33834,2.33693,2.33834,513240000,8
1435932960000,1435933439000,2.33833,2.33834,2.33593,2.33603,357090000,8
1435933440000,1435933919000,2.33608,2.33634,2.33484,2.33573,439830000,8
1435933920000,1435934399000,2.33574,2.33674,2.33532,2.33649,467050000,8
1435934400000,1435934879000,2.33649,2.33674,2.33443,2.33443,461000000,8
1435934880000,1435935359000,2.33443,2.33454,2.33244,2.33394,613630000,8
1435935360000,1435935839000,2.33393,2.33424,2.33232,2.33273,822040000,8
1435935840000,1435936319000,2.33273,2.33333,2.33187,2.33312,490290000,8
1435936320000,1435936799000,2.33312,2.33354,2.33141,2.33219,533090000,8
1435936800000,1435937279000,2.33216,2.33222,2.33098,2.33162,526940000,8
1435937280000,1435937759000,2.33162,2.33204,2.32992,2.33124,640060000,8
1435937760000,1435938239000,2.33124,2.33153,2.32889,2.32904,500500000,8
1435938240000,1435938719000,2.32904,2.33024,2.32813,2.32834,372180000,8
1435938720000,1435939199000,2.32834,2.32924,2.32764,2.32771,402440000,8
1435939200000,1435939679000,2.32763,2.32774,2.32633,2.3265,431180000,8
1435939680000,1435940159000,2.32653,2.33014,2.32579,2.33013,461590000,8
1435940160000,1435940639000,2.33023,2.33084,2.32906,2.32911,267770000,8
1435940640000,1435941119000,2.32911,2.33004,2.32873,2.32901,167500000,8
1435941120000,1435941599000,2.32898,2.32988,2.32873,2.32944,167680000,8
1435941600000,1435942079000,2.32947,2.32964,2.32823,2.32928,334000000,8
1435942080000,1435942559000,2.32928,2.32929,2.32593,2.32793,379000000,8
1435942560000,1435943039000,2.32807,2.33031,2.32765,2.32869,350000000,8
1435943040000,1435943519000,2.32867,2.3311,2.32565,2.32961,539260000,8
1435943520000,1435943999000,2.32969,2.33079,2.32631,2.32728,289000000,8
1435944000000,1435944479000,2.32733,2.32948,2.32329,2.3241,776000000,8
1435944480000,1435944959000,2.324,2.32703,2.32329,2.32668,28000000,8
1435944960000,1435945439000,2.32668,2.32668,2.32668,2.32668,0,8
1435945440000,1435945919000,2.32668,2.32824,2.32509,2.32693,16750000,8
1435945920000,1435946399000,2.32826,2.33061,2.32509,2.32747,118750000,8
1435946400000,1435946879000,2.32747,2.32747,2.32409,2.3242,25500000,8
1435946880000,1435947359000,2.3243,2.32567,2.3243,2.32479,48000000,8
1435947360000,1435947839000,2.3253,2.32664,2.3253,2.32553,72000000,8
1435947840000,1435948319000,2.32553,2.3264,2.32552,2.32562,39000000,8
1435948320000,1435948799000,2.32567,2.32763,2.32544,2.32729,63500000,8
1435948800000,1435949279000,2.32729,2.33151,2.32729,2.33031,159590000,8
1435949280000,1435949759000,2.33033,2.33242,2.32859,2.33006,151910000,8
1435949760000,1435950239000,2.33004,2.33092,2.32929,2.33082,171020000,8
1435950240000,1435950719000,2.33081,2.33092,2.32969,2.3298,106730000,8
1435950720000,1435951199000,2.3298,2.33031,2.3287,2.3293,117000000,8
1435951200000,1435951679000,2.32929,2.32981,2.32857,2.32862,133160000,8
1435951680000,1435952159000,2.32872,2.33001,2.32836,2.32862,51250000,8
1435952160000,1435952639000,2.33001,2.33002,2.32687,2.32689,88500000,8
1435952640000,1435953119000,2.32689,2.3273,2.3247,2.325,79750000,8
1435953120000,1435953599000,2.32509,2.32523,2.32459,2.3248,55000000,8
1435953600000,1435954079000,2.325,2.325,2.32479,2.32479,6000000,8
1435954080000,1435954559000,2.32479,2.32479,2.32479,2.32479,0,8
1435954560000,1435955039000,2.32479,2.33062,2.32479,2.33061,48000000,8
1435955040000,1435955519000,2.33061,2.33061,2.33061,2.33061,0,8
1435955520000,1435955999000,2.33061,2.33061,2.33061,2.33061,0,8
1435956000000,1435956479000,2.33061,2.33061,2.33061,2.33061,0,8
1435956480000,1435956959000,2.33061,2.33061,2.33061,2.33061,0,8
1435956960000,1435957439000,2.33061,2.33061,2.33061,2.33061,0,8
1435957440000,1435957919000,2.33061,2.33061,2.33061,2.33061,0,8
1435957920000,1435958399000,2.33061,2.33061,2.33061,2.33061,0,8
1435958400000,1435958879000,2.33061,2.33061,2.33061,2.33061,0,8
1435958880000,1435959359000,2.33061,2.33061,2.33061,2.33061,0,8
1435959360000,1435959839000,2.33061,2.33061,2.33061,2.33061,0,8
1435959840000,1435960319000,2.33061,2.33061,2.33061,2.33061,0,8
1435960320000,1435960799000,2.33061,2.33061,2.33061,2.33061,0,8
1435960800000,1435961279000,2.33061,2.33061,2.33061,2.33061,0,8
1435961280000,1435961759000,2.33061,2.33061,2.33061,2.33061,0,8
1435961760000,1435962239000,2.33061,2.33061,2.33061,2.33061,0,8
1435962240000,1435962719000,2.33061,2.33061,2.33061,2.33061,0,8
1435962720000,1435963199000,2.33061,2.33061,2.33061,2.33061,0,8
1435963200000,1435963679000,2.33061,2.33061,2.33061,2.33061,0,8
1435963680000,1435964159000,2.33061,2.33061,2.33061,2.33061,0,8
1435964160000,1435964639000,2.33061,2.33061,2.33061,2.33061,0,8
1435964640000,1435965119000,2.33061,2.33061,2.33061,2.33061,0,8
1435965120000,1435965599000,2.33061,2.33061,2.33061,2.33061,0,8
1435965600000,1435966079000,2.33061,2.33061,2.33061,2.33061,0,8
1435966080000,1435966559000,2.33061,2.33061,2.33061,2.33061,0,8
1435966560000,1435967039000,2.33061,2.33061,2.33061,2.33061,0,8
1435967040000,1435967519000,2.33061,2.33061,2.33061,2.33061,0,8
1435967520000,1435967999000,2.33061,2.33061,2.33061,2.33061,0,8
1436132640000,1436133119000,2.33048,2.33362,2.32966,2.33362,94250000,8
1436134080000,1436134559000,2.33391,2.33422,2.32945,2.33171,834750000,8
1436134560000,1436135039000,2.33172,2.33182,2.32545,2.32862,1031110000,8
1436135040000,1436135519000,2.32872,2.32901,2.32691,2.32901,707500000,8
1436135520000,1436135999000,2.32881,2.32881,2.32711,2.32811,489000000,8
1436136000000,1436136479000,2.32821,2.32931,2.32801,2.32851,453500000,8
1436136480000,1436136959000,2.32852,2.32853,2.32481,2.32663,336000000,8
1436136960000,1436137439000,2.32663,2.32731,2.32551,2.32662,357000000,8
1436137440000,1436137919000,2.32672,2.32672,2.32501,2.32542,238250000,8
1436137920000,1436138399000,2.32541,2.32592,2.32371,2.32409,375000000,8
1436138400000,1436138879000,2.32412,2.32645,2.32374,2.3238,445000000,8
1436138880000,1436139359000,2.32378,2.32472,2.32351,2.32472,245000000,8
1436139360000,1436139839000,2.32474,2.32581,2.32311,2.32434,451500000,8
1436139840000,1436140319000,2.32434,2.32747,2.32434,2.32628,506250000,8
1436140320000,1436140799000,2.32626,2.32796,2.32531,2.32582,517000000,8
1436140800000,1436141279000,2.32592,2.32731,2.32491,2.32711,962750000,8
1436141280000,1436141759000,2.32722,2.32742,2.32451,2.32522,557500000,8
1436141760000,1436142239000,2.32531,2.32701,2.32531,2.32601,359660000,8
1436142240000,1436142719000,2.32593,2.32593,2.32361,2.32382,317770000,8
1436142720000,1436143199000,2.32382,2.32455,2.32331,2.32335,437470000,8
1436143200000,1436143679000,2.32338,2.32482,2.32308,2.32392,436590000,8
1436143680000,1436144159000,2.32401,2.3253,2.3235,2.32418,334000000,8
1436144160000,1436144639000,2.32421,2.32524,2.32403,2.32461,296760000,8
1436144640000,1436145119000,2.32461,2.32602,2.32442,2.32602,607320000,8
1436145120000,1436145599000,2.32601,2.32622,2.32356,2.32391,395950000,8
1436145600000,1436146079000,2.32402,2.32402,2.32201,2.32361,320000000,8
1436146080000,1436146559000,2.32352,2.3279,2.32331,2.32741,496280000,8
1436146560000,1436147039000,2.32732,2.32867,2.32731,2.32821,509560000,8
1436147040000,1436147519000,2.32822,2.33002,2.32801,2.32919,352000000,8
1436147520000,1436147999000,2.32919,2.32962,2.32861,2.32872,260470000,8
1436148000000,1436148479000,2.32892,2.32974,2.32786,2.32861,298880000,8
1436148480000,1436148959000,2.32862,2.32914,2.32771,2.32883,382860000,8
1436148960000,1436149439000,2.32883,2.32988,2.32862,2.32976,199500000,8
1436149440000,1436149919000,2.32979,2.32983,2.32893,2.32925,199180000,8
1436149920000,1436150399000,2.32925,2.32944,2.32859,2.32886,204840000,8
1436150400000,1436150879000,2.32894,2.32896,2.32808,2.32884,250000000,8
1436150880000,1436151359000,2.32884,2.32895,2.32788,2.32791,310940000,8
1436151360000,1436151839000,2.32791,2.32854,2.32746,2.32803,213720000,8
1436151840000,1436152319000,2.32804,2.32874,2.32793,2.32834,227180000,8
1436152320000,1436152799000,2.32843,2.32864,2.32783,2.32813,330590000,8
1436152800000,1436153279000,2.32813,2.32924,2.32783,2.32811,528510000,8
1436153280000,1436153759000,2.32812,2.32902,2.32811,2.32881,263080000,8
1436153760000,1436154239000,2.32882,2.32912,2.32771,2.32832,199130000,8
1436154240000,1436154719000,2.32832,2.32852,2.32783,2.32789,225840000,8
1436154720000,1436155199000,2.32781,2.32835,2.32752,2.32823,165860000,8
1436155200000,1436155679000,2.32821,2.32823,2.32746,2.32823,134340000,8
1436155680000,1436156159000,2.32823,2.32859,2.32703,2.32847,324580000,8
1436156160000,1436156639000,2.32847,2.32881,2.32681,2.32754,373970000,8
1436156640000,1436157119000,2.32753,2.32923,2.32753,2.32864,367110000,8
1436157120000,1436157599000,2.32864,2.32915,2.32766,2.32874,342550000,8
1436157600000,1436158079000,2.32874,2.33125,2.32852,2.33122,308770000,8
1436158080000,1436158559000,2.33118,2.33184,2.33012,2.33153,352700000,8
1436158560000,1436159039000,2.33164,2.33173,2.33048,2.33054,373040000,8
1436159040000,1436159519000,2.33055,2.33267,2.33054,2.33225,394900000,8
1436159520000,1436159999000,2.33225,2.33308,2.33188,2.33299,448110000,8
1436160000000,1436160479000,2.33299,2.33464,2.33288,2.33383,338060000,8
1436160480000,1436160959000,2.33393,2.3343,2.33193,2.3338,371840000,8
1436160960000,1436161439000,2.33364,2.33422,2.33043,2.33044,492410000,8
1436161440000,1436161919000,2.33034,2.33268,2.32995,2.33027,488020000,8
1436161920000,1436162399000,2.33027,2.33082,2.32617,2.32852,864000000,8
1436162400000,1436162879000,2.32851,2.32963,2.32342,2.32541,898400000,8
1436162880000,1436163359000,2.32542,2.32724,2.32422,2.32532,835680000,8
1436163360000,1436163839000,2.32532,2.32843,2.32472,2.32819,858180000,8
1436163840000,1436164319000,2.32806,2.33003,2.32746,2.32895,727740000,8
1436164320000,1436164799000,2.32897,2.33032,2.32787,2.32984,685630000,8
1436164800000,1436165279000,2.32983,2.32994,2.32451,2.32481,879920000,8
1436165280000,1436165759000,2.32482,2.32564,2.32371,2.32433,793250000,8
1436165760000,1436166239000,2.32434,2.32434,2.32091,2.32122,1035550000,8
1436166240000,1436166719000,2.32121,2.32313,2.32025,2.3228,1105530000,8
1436166720000,1436167199000,2.3228,2.32352,2.32151,2.32317,674630000,8
1436167200000,1436167679000,2.32317,2.32559,2.32259,2.3243,1011020000,8
1436167680000,1436168159000,2.32434,2.32434,2.3223,2.3225,860450000,8
1436168160000,1436168639000,2.3225,2.32398,2.32201,2.32273,656970000,8
1436168640000,1436169119000,2.32282,2.32723,2.32201,2.32657,865240000,8
1436169120000,1436169599000,2.32645,2.32751,2.32641,2.32704,545450000,8
1436169600000,1436170079000,2.32702,2.32744,2.32556,2.32688,789680000,8
1436170080000,1436170559000,2.32702,2.32727,2.32559,2.32621,653720000,8
1436170560000,1436171039000,2.3263,2.32742,2.32531,2.32547,626520000,8
1436171040000,1436171519000,2.32547,2.32559,2.32413,2.3246,430840000,8
1436171520000,1436171999000,2.3246,2.3262,2.32431,2.32607,601450000,8
1436172000000,1436172479000,2.32624,2.32682,2.32494,2.32606,604160000,8
1436172480000,1436172959000,2.32606,2.32714,2.32497,2.32691,501860000,8
1436172960000,1436173439000,2.32683,2.32773,2.32654,2.32687,597000000,8
1436173440000,1436173919000,2.32686,2.32713,2.32584,2.32623,607080000,8
1436173920000,1436174399000,2.32633,2.32633,2.32453,2.32553,525960000,8
1436174400000,1436174879000,2.32547,2.32632,2.32453,2.32453,624530000,8
1436174880000,1436175359000,2.32454,2.32607,2.32436,2.32534,893030000,8
1436175360000,1436175839000,2.32533,2.32553,2.3244,2.32451,672710000,8
1436175840000,1436176319000,2.32454,2.325,2.32393,2.32442,428650000,8
1436176320000,1436176799000,2.32433,2.32503,2.32354,2.32439,524160000,8
1436176800000,1436177279000,2.32437,2.32474,2.32291,2.32332,611270000,8
1436177280000,1436177759000,2.32332,2.32448,2.3228,2.32436,515960000,8
1436177760000,1436178239000,2.32436,2.32544,2.32383,2.32512,679160000,8
1436178240000,1436178719000,2.32512,2.32576,2.32482,2.32551,539000000,8
1436178720000,1436179199000,2.3257,2.32673,2.32541,2.32673,457510000,8
1436179200000,1436179679000,2.32668,2.32701,2.32543,2.32581,553260000,8
1436179680000,1436180159000,2.32581,2.32638,2.32537,2.32564,327530000,8
1436180160000,1436180639000,2.32564,2.32748,2.32558,2.327,456870000,8
1436180640000,1436181119000,2.327,2.3271,2.32501,2.32538,348380000,8
1436181120000,1436181599000,2.32534,2.32576,2.32417,2.32458,427340000,8
1436181600000,1436182079000,2.32458,2.32574,2.32398,2.32554,482540000,8
1436182080000,1436182559000,2.32553,2.32644,2.32523,2.32612,394200000,8
1436182560000,1436183039000,2.32612,2.32657,2.32546,2.32624,431840000,8
1436183040000,1436183519000,2.32635,2.3268,2.32365,2.32454,475600000,8
1436183520000,1436183999000,2.32454,2.32522,2.32384,2.32461,450790000,8
1436184000000,1436184479000,2.32461,2.32497,2.32315,2.32336,501260000,8
1436184480000,1436184959000,2.32347,2.32354,2.32113,2.32125,572660000,8
1436184960000,1436185439000,2.32124,2.32223,2.32074,2.32173,431800000,8
1436185440000,1436185919000,2.32179,2.32235,2.32043,2.32064,523610000,8
1436185920000,1436186399000,2.32064,2.32262,2.32053,2.32246,522880000,8
1436186400000,1436186879000,2.32257,2.32264,2.32024,2.32124,698160000,8
1436186880000,1436187359000,2.32123,2.32194,2.32053,2.32084,519000000,8
1436187360000,1436187839000,2.32079,2.32079,2.31923,2.32038,564430000,8
1436187840000,1436188319000,2.32038,2.32044,2.31916,2.32044,495660000,8
1436188320000,1436188799000,2.32044,2.32134,2.31878,2.3189,359200000,8
1436188800000,1436189279000,2.31911,2.31977,2.31808,2.31972,379120000,8
1436189280000,1436189759000,2.31972,2.32094,2.31956,2.31993,570970000,8
1436189760000,1436190239000,2.31994,2.32094,2.31993,2.32043,429520000,8
1436190240000,1436190719000,2.32033,2.32163,2.32033,2.32113,530500000,8
1436190720000,1436191199000,2.32104,2.32153,2.31913,2.3196,559420000,8
1436191200000,1436191679000,2.31939,2.32137,2.31899,2.31934,646810000,8
1436191680000,1436192159000,2.31934,2.31942,2.3177,2.31883,490360000,8
1436192160000,1436192639000,2.31884,2.32224,2.31857,2.32203,383540000,8
1436192640000,1436193119000,2.32209,2.32252,2.32069,2.32237,499840000,8
1436193120000,1436193599000,2.32237,2.32329,2.32182,2.32247,581650000,8
1436193600000,1436194079000,2.32256,2.32392,2.32149,2.32328,745480000,8
1436194080000,1436194559000,2.32316,2.32501,2.32304,2.32393,709820000,8
1436194560000,1436195039000,2.32393,2.32632,2.32338,2.32552,954280000,8
1436195040000,1436195519000,2.32561,2.32672,2.32519,2.32614,658210000,8
1436195520000,1436195999000,2.32631,2.32631,2.32453,2.32513,747920000,8
1436196000000,1436196479000,2.32514,2.32644,2.32444,2.32604,529380000,8
1436196480000,1436196959000,2.32603,2.32722,2.32603,2.32671,693790000,8
1436196960000,1436197439000,2.32663,2.32783,2.32595,2.32774,809600000,8
1436197440000,1436197919000,2.32773,2.32984,2.32763,2.32931,644420000,8
1436197920000,1436198399000,2.32931,2.33111,2.32909,2.33042,496500000,8
1436198400000,1436198879000,2.33032,2.33032,2.32813,2.32951,702800000,8
1436198880000,1436199359000,2.32951,2.32982,2.32861,2.32918,663170000,8
1436199360000,1436199839000,2.32918,2.33083,2.32917,2.32971,417700000,8
1436199840000,1436200319000,2.32972,2.33049,2.32935,2.32957,408470000,8
1436200320000,1436200799000,2.32957,2.33025,2.32924,2.33017,342710000,8
1436200800000,1436201279000,2.33017,2.33114,2.32989,2.33085,363180000,8
1436201280000,1436201759000,2.33092,2.33252,2.33082,2.33243,382030000,8
1436201760000,1436202239000,2.33241,2.33256,2.33115,2.33181,392980000,8
1436202240000,1436202719000,2.33181,2.3324,2.33123,2.33198,346570000,8
1436202720000,1436203199000,2.33198,2.33216,2.33113,2.33174,345380000,8
1436203200000,1436203679000,2.33173,2.33252,2.33173,2.33211,354860000,8
1436203680000,1436204159000,2.33201,2.33238,2.33103,2.33238,354340000,8
1436204160000,1436204639000,2.33238,2.33254,2.33151,2.33224,415990000,8
1436204640000,1436205119000,2.33223,2.33264,2.33173,2.33263,563470000,8
1436205120000,1436205599000,2.33264,2.33363,2.33205,2.33222,340000000,8
1436205600000,1436206079000,2.33221,2.33344,2.33221,2.33261,298090000,8
1436206080000,1436206559000,2.33254,2.33289,2.33207,2.33207,175500000,8
1436206560000,1436207039000,2.33209,2.33264,2.332,2.33251,181340000,8
1436207040000,1436207519000,2.33251,2.33413,2.33239,2.33394,358000000,8
1436207520000,1436207999000,2.33392,2.33431,2.33351,2.33362,280500000,8
1436208000000,1436208479000,2.33362,2.33442,2.33343,2.33343,338000000,8
1436208480000,1436208959000,2.33362,2.33362,2.33231,2.33279,349000000,8
1436208960000,1436209439000,2.33275,2.33439,2.33243,2.33277,385300000,8
1436209440000,1436209919000,2.3329,2.33592,2.3325,2.3354,356220000,8
1436209920000,1436210399000,2.33539,2.33572,2.33511,2.33522,144340000,8
1436210400000,1436210879000,2.33513,2.33543,2.33423,2.33534,184080000,8
1436210880000,1436211359000,2.33529,2.33563,2.33479,2.33515,143000000,8
1436211360000,1436211839000,2.33522,2.33545,2.33493,2.33519,82840000,8
1436211840000,1436212319000,2.33519,2.3352,2.33453,2.33453,71000000,8
1436212320000,1436212799000,2.33453,2.33453,2.3328,2.33295,220310000,8
1436212800000,1436213279000,2.33282,2.33404,2.33282,2.33381,140900000,8
1436213280000,1436213759000,2.33379,2.33486,2.33374,2.33472,90500000,8
1436213760000,1436214239000,2.33472,2.33472,2.33391,2.33391,64590000,8
1436214240000,1436214719000,2.33389,2.33494,2.33342,2.33355,116740000,8
1436214720000,1436215199000,2.33355,2.33463,2.33311,2.33402,224550000,8
1436215200000,1436215679000,2.33401,2.33412,2.33311,2.33314,168830000,8
1436215680000,1436216159000,2.33312,2.33337,2.33251,2.33324,246500000,8
1436216160000,1436216639000,2.33316,2.33317,2.3321,2.33252,172000000,8
1436216640000,1436217119000,2.33252,2.3333,2.33252,2.33326,7000000,8
1436217120000,1436217599000,2.33321,2.33448,2.33309,2.33448,23500000,8
1436217600000,1436218079000,2.33452,2.33461,2.33423,2.33431,24000000,8
1436218080000,1436218559000,2.33427,2.33673,2.33427,2.33523,113500000,8
1436218560000,1436219039000,2.33517,2.33591,2.33459,2.33461,59250000,8
1436219040000,1436219519000,2.33468,2.33552,2.33384,2.33437,728000000,8
1436219520000,1436219999000,2.33429,2.33889,2.33423,2.33884,472250000,8
1436220000000,1436220479000,2.33792,2.33911,2.33628,2.33832,502750000,8
1436220480000,1436220959000,2.33831,2.33842,2.33687,2.33702,481000000,8
1436220960000,1436221439000,2.33702,2.33813,2.33702,2.33767,177000000,8
1436221440000,1436221919000,2.3377,2.33805,2.33769,2.33781,247500000,8
1436221920000,1436222399000,2.33782,2.33872,2.33651,2.33672,187500000,8
1436222400000,1436222879000,2.33662,2.33682,2.33571,2.33572,96500000,8
1436222880000,1436223359000,2.33571,2.33697,2.33507,2.33697,139750000,8
1436223360000,1436223839000,2.33697,2.33894,2.33694,2.33781,353250000,8
1436223840000,1436224319000,2.33772,2.33872,2.33771,2.33791,405000000,8
1436224320000,1436224799000,2.33802,2.3382,2.33671,2.33789,185000000,8
1436224800000,1436225279000,2.33782,2.33795,2.33754,2.33782,93500000,8
1436225280000,1436225759000,2.33781,2.33857,2.3373,2.33855,142000000,8
1436225760000,1436226239000,2.33871,2.33892,2.33734,2.33781,136500000,8
1436226240000,1436226719000,2.33784,2.33853,2.33737,2.33853,95000000,8
1436226720000,1436227199000,2.33869,2.33869,2.33747,2.33766,186500000,8
1436227200000,1436227679000,2.33777,2.33839,2.33646,2.3366,265000000,8
1436227680000,1436228159000,2.3366,2.3373,2.33575,2.33589,273000000,8
1436228160000,1436228639000,2.33589,2.33695,2.33564,2.33627,274440000,8
1436228640000,1436229119000,2.33639,2.33649,2.33557,2.33614,147720000,8
1436229120000,1436229599000,2.33611,2.3366,2.33526,2.33593,215560000,8
1436229600000,1436230079000,2.33581,2.33653,2.33564,2.33574,161410000,8
1436230080000,1436230559000,2.33574,2.33814,2.33574,2.33694,380570000,8
1436230560000,1436231039000,2.33693,2.33814,2.33672,2.33812,333290000,8
1436231040000,1436231519000,2.33811,2.33834,2.33621,2.33703,503400000,8
1436231520000,1436231999000,2.33704,2.33762,2.33614,2.33654,269520000,8
1436232000000,1436232479000,2.33659,2.33682,2.33557,2.33588,295450000,8
1436232480000,1436232959000,2.33588,2.33613,2.33514,2.33544,409320000,8
1436232960000,1436233439000,2.33551,2.33563,2.33361,2.33482,363460000,8
1436233440000,1436233919000,2.33482,2.33591,2.33444,2.33591,535710000,8
1436233920000,1436234399000,2.33578,2.33634,2.33446,2.33446,428630000,8
1436234400000,1436234879000,2.33436,2.33546,2.33427,2.33503,445840000,8
1436234880000,1436235359000,2.33504,2.33544,2.33474,2.33537,244030000,8
1436235360000,1436235839000,2.33537,2.33608,2.33508,2.33561,198630000,8
1436235840000,1436236319000,2.33562,2.33694,2.3354,2.3366,250470000,8
1436236320000,1436236799000,2.33664,2.33674,2.33539,2.33605,243810000,8
1436236800000,1436237279000,2.33614,2.337,2.33517,2.33605,416410000,8
1436237280000,1436237759000,2.33614,2.33733,2.33574,2.33693,365640000,8
1436237760000,1436238239000,2.33694,2.33764,2.33664,2.33698,276930000,8
1436238240000,1436238719000,2.33698,2.33773,2.33617,2.33634,286550000,8
1436238720000,1436239199000,2.33628,2.33687,2.33573,2.33687,299180000,8
1436239200000,1436239679000,2.33693,2.33775,2.33613,2.33705,315630000,8
1436239680000,1436240159000,2.33704,2.33762,2.33652,2.33681,477250000,8
1436240160000,1436240639000,2.33681,2.33702,2.33591,2.33654,510990000,8
1436240640000,1436241119000,2.33654,2.33722,2.33651,2.33695,183160000,8
1436241120000,1436241599000,2.33693,2.33801,2.33692,2.33771,366270000,8
1436241600000,1436242079000,2.33764,2.33801,2.33583,2.33583,303220000,8
1436242080000,1436242559000,2.33598,2.33682,2.33528,2.33557,362710000,8
1436242560000,1436243039000,2.33557,2.33596,2.33371,2.33564,441840000,8
1436243040000,1436243519000,2.33563,2.33609,2.33332,2.33563,515510000,8
1436243520000,1436243999000,2.33571,2.33717,2.33273,2.33549,830240000,8
1436244000000,1436244479000,2.33562,2.34047,2.33562,2.339,598590000,8
1436244480000,1436244959000,2.339,2.33996,2.3383,2.33969,323840000,8
1436244960000,1436245439000,2.33973,2.34061,2.33856,2.34025,298500000,8
1436245440000,1436245919000,2.34028,2.34047,2.33872,2.33933,377650000,8
1436245920000,1436246399000,2.33933,2.33976,2.33871,2.33891,364360000,8
1436246400000,1436246879000,2.33891,2.33936,2.33762,2.33764,252240000,8
1436246880000,1436247359000,2.33765,2.34012,2.33764,2.33953,221720000,8
1436247360000,1436247839000,2.33966,2.34015,2.33882,2.33922,220400000,8
1436247840000,1436248319000,2.33922,2.33969,2.33881,2.33894,199500000,8
1436248320000,1436248799000,2.33902,2.34069,2.33892,2.34031,204180000,8
1436248800000,1436249279000,2.34022,2.34202,2.34021,2.34172,278520000,8
1436249280000,1436249759000,2.34171,2.34254,2.33975,2.33982,306220000,8
1436249760000,1436250239000,2.33981,2.34021,2.33851,2.33852,466690000,8
1436250240000,1436250719000,2.33852,2.34055,2.33784,2.33944,524720000,8
1436250720000,1436251199000,2.33953,2.3401,2.33598,2.33808,460140000,8
1436251200000,1436251679000,2.33818,2.33847,2.33679,2.33753,386010000,8
1436251680000,1436252159000,2.33753,2.33753,2.33599,2.33614,320320000,8
1436252160000,1436252639000,2.33621,2.33985,2.33602,2.33966,677860000,8
1436252640000,1436253119000,2.33966,2.33996,2.33853,2.33896,421040000,8
1436253120000,1436253599000,2.33901,2.33901,2.33681,2.33733,361580000,8
1436253600000,1436254079000,2.33733,2.3387,2.33643,2.33868,422110000,8
1436254080000,1436254559000,2.33868,2.33896,2.33672,2.33691,541240000,8
1436254560000,1436255039000,2.33681,2.34102,2.33671,2.34036,667300000,8
1436255040000,1436255519000,2.34036,2.34273,2.33921,2.34202,1030720000,8
1436255520000,1436255999000,2.34191,2.34721,2.34166,2.34444,962810000,8
1436256000000,1436256479000,2.34463,2.34683,2.34439,2.34614,815070000,8
1436256480000,1436256959000,2.34614,2.34704,2.34304,2.34331,705550000,8
1436256960000,1436257439000,2.34331,2.34607,2.34232,2.34282,1022960000,8
1436257440000,1436257919000,2.34285,2.34653,2.34274,2.34483,737190000,8
1436257920000,1436258399000,2.34484,2.34484,2.34227,2.3432,650880000,8
1436258400000,1436258879000,2.3432,2.34443,2.34122,2.34154,618890000,8
1436258880000,1436259359000,2.34156,2.34198,2.33871,2.33956,595150000,8
1436259360000,1436259839000,2.33955,2.3404,2.33821,2.33878,735510000,8
1436259840000,1436260319000,2.33878,2.33976,2.33703,2.3382,691080000,8
1436260320000,1436260799000,2.33818,2.33913,2.33705,2.33837,715200000,8
1436260800000,1436261279000,2.33837,2.33872,2.33586,2.33611,562710000,8
1436261280000,1436261759000,2.33614,2.33676,2.3343,2.3347,484170000,8
1436261760000,1436262239000,2.3347,2.33484,2.33333,2.33386,640130000,8
1436262240000,1436262719000,2.33386,2.33461,2.33327,2.33431,620370000,8
1436262720000,1436263199000,2.33433,2.33536,2.33353,2.33383,566270000,8
1436263200000,1436263679000,2.33384,2.33416,2.33197,2.33416,544960000,8
1436263680000,1436264159000,2.33423,2.33604,2.33284,2.33318,665450000,8
1436264160000,1436264639000,2.33318,2.33356,2.33061,2.33062,873860000,8
1436264640000,1436265119000,2.33071,2.33163,2.32951,2.33063,790970000,8
1436265120000,1436265599000,2.33058,2.33098,2.32836,2.3284,898170000,8
1436265600000,1436266079000,2.3284,2.32896,2.32553,2.32594,678920000,8
1436266080000,1436266559000,2.32591,2.32711,2.32493,2.32694,697650000,8
1436266560000,1436267039000,2.32701,2.32884,2.32681,2.32875,792530000,8
1436267040000,1436267519000,2.32875,2.32924,2.32773,2.32785,456150000,8
1436267520000,1436267999000,2.32794,2.32834,2.32673,2.32723,562000000,8
1436268000000,1436268479000,2.32725,2.32743,2.32512,2.32682,744600000,8
1436268480000,1436268959000,2.32682,2.32939,2.32647,2.32939,553260000,8
1436268960000,1436269439000,2.32913,2.33039,2.32854,2.32889,534160000,8
1436269440000,1436269919000,2.32889,2.32911,2.32603,2.32603,600500000,8
1436269920000,1436270399000,2.32603,2.3294,2.32584,2.32854,730550000,8
1436270400000,1436270879000,2.32871,2.32953,2.32689,2.32871,739750000,8
1436270880000,1436271359000,2.32871,2.33064,2.32582,2.3296,804500000,8
1436271360000,1436271839000,2.32972,2.32985,2.32828,2.32859,826000000,8
1436271840000,1436272319000,2.32864,2.32873,2.32649,2.32789,704000000,8
1436272320000,1436272799000,2.32778,2.32842,2.32579,2.32705,868360000,8
1436272800000,1436273279000,2.32705,2.32797,2.32579,2.32769,641500000,8
1436273280000,1436273759000,2.32769,2.32898,2.32745,2.32792,693000000,8
1436273760000,1436274239000,2.32792,2.32854,2.32649,2.32689,773000000,8
1436274240000,1436274719000,2.32691,2.32807,2.32641,2.32792,559000000,8
1436274720000,1436275199000,2.32793,2.32969,2.32764,2.32768,692000000,8
1436275200000,1436275679000,2.32775,2.32892,2.32716,2.32883,646000000,8
1436275680000,1436276159000,2.32873,2.32984,2.32762,2.32894,675000000,8
1436276160000,1436276639000,2.32893,2.32947,2.32695,2.32853,744000000,8
1436276640000,1436277119000,2.32854,2.32867,2.32583,2.32631,570000000,8
1436277120000,1436277599000,2.32641,2.32778,2.32579,2.326,650250000,8
1436277600000,1436278079000,2.32615,2.32741,2.32531,2.32631,715500000,8
1436278080000,1436278559000,2.32643,2.3272,2.32461,2.32552,776500000,8
1436278560000,1436279039000,2.32551,2.32697,2.32475,2.32601,671750000,8
1436279040000,1436279519000,2.32602,2.32665,2.32537,2.32584,624500000,8
1436279520000,1436279999000,2.32584,2.32584,2.32272,2.32327,654500000,8
1436280000000,1436280479000,2.32316,2.32358,2.3206,2.3206,646500000,8
1436280480000,1436280959000,2.3206,2.32082,2.31832,2.31884,791750000,8
1436280960000,1436281439000,2.31891,2.31949,2.31731,2.31844,1145000000,8
1436281440000,1436281919000,2.31843,2.32244,2.31822,2.32205,798000000,8
1436281920000,1436282399000,2.32205,2.32211,2.31903,2.31943,965500000,8
1436282400000,1436282879000,2.31944,2.31972,2.31798,2.31933,850500000,8
1436282880000,1436283359000,2.31934,2.32104,2.31918,2.31991,691500000,8
1436283360000,1436283839000,2.31984,2.3214,2.31971,2.32002,639000000,8
1436283840000,1436284319000,2.31995,2.3204,2.31892,2.31927,619000000,8
1436284320000,1436284799000,2.31937,2.31983,2.31661,2.31888,764250000,8
1436284800000,1436285279000,2.31888,2.31904,2.31512,2.31552,707500000,8
1436285280000,1436285759000,2.31554,2.31654,2.31455,2.31594,660500000,8
1436285760000,1436286239000,2.31594,2.31672,2.3143,2.31626,631000000,8
1436286240000,1436286719000,2.31632,2.31828,2.31616,2.3182,739500000,8
1436286720000,1436287199000,2.3182,2.3182,2.31626,2.31711,518500000,8
1436287200000,1436287679000,2.31711,2.31737,2.31636,2.31711,565750000,8
1436287680000,1436288159000,2.31712,2.31844,2.31647,2.31671,560500000,8
1436288160000,1436288639000,2.31661,2.31849,2.31654,2.31824,546500000,8
1436288640000,1436289119000,2.31824,2.31879,2.31764,2.31872,428500000,8
1436289120000,1436289599000,2.31871,2.31882,2.31693,2.31712,406000000,8
1436289600000,1436290079000,2.31703,2.32004,2.31702,2.32003,579000000,8
1436290080000,1436290559000,2.32004,2.32081,2.31941,2.31981,697000000,8
1436290560000,1436291039000,2.31992,2.32052,2.31941,2.32022,447500000,8
1436291040000,1436291519000,2.32021,2.32134,2.31961,2.32114,553500000,8
1436291520000,1436291999000,2.32122,2.32192,2.32064,2.32162,391500000,8
1436292000000,1436292479000,2.32161,2.32232,2.32022,2.32051,420000000,8
1436292480000,1436292959000,2.32052,2.32072,2.31903,2.31964,291500000,8
1436292960000,1436293439000,2.31963,2.32096,2.31953,2.32064,243500000,8
1436293440000,1436293919000,2.3206,2.32199,2.3206,2.32154,290000000,8
1436293920000,1436294399000,2.32163,2.32274,2.32135,2.32254,290500000,8
1436294400000,1436294879000,2.32263,2.32343,2.32236,2.32264,325500000,8
1436294880000,1436295359000,2.32273,2.32294,2.32019,2.32106,314500000,8
1436295360000,1436295839000,2.32106,2.32108,2.31936,2.32044,389500000,8
1436295840000,1436296319000,2.32044,2.32277,2.32032,2.32199,278500000,8
1436296320000,1436296799000,2.32186,2.32229,2.31959,2.32022,317750000,8
1436296800000,1436297279000,2.32022,2.32313,2.32004,2.32199,525000000,8
1436297280000,1436297759000,2.32199,2.32206,2.31842,2.32002,966500000,8
1436297760000,1436298239000,2.31992,2.32492,2.31992,2.32324,402000000,8
1436298240000,1436298719000,2.32321,2.32418,2.32283,2.32411,268000000,8
1436298720000,1436299199000,2.32408,2.32466,2.3231,2.32394,199000000,8
1436299200000,1436299679000,2.32409,2.32698,2.32382,2.32466,176750000,8
1436299680000,1436300159000,2.32483,2.3266,2.32476,2.3255,103000000,8
1436300160000,1436300639000,2.32549,2.32712,2.32518,2.32693,129000000,8
1436300640000,1436301119000,2.32683,2.32693,2.32461,2.32461,174250000,8
1436301120000,1436301599000,2.32473,2.32625,2.32473,2.32608,628250000,8
1436301600000,1436302079000,2.32608,2.32608,2.3247,2.32512,523750000,8
1436302080000,1436302559000,2.32522,2.32624,2.32441,2.32481,652250000,8
1436302560000,1436303039000,2.32491,2.32491,2.32338,2.3234,199500000,8
1436303040000,1436303519000,2.32411,2.32412,2.32034,2.3232,84500000,8
1436303520000,1436303999000,2.32319,2.32368,2.32211,2.3235,101250000,8
1436304000000,1436304479000,2.32351,2.32382,2.32174,2.32253,165250000,8
1436304480000,1436304959000,2.32253,2.32341,2.32153,2.32155,166000000,8
1436304960000,1436305439000,2.32155,2.32399,2.32125,2.32381,393000000,8
1436305440000,1436305919000,2.32392,2.32537,2.32369,2.32533,532250000,8
1436305920000,1436306399000,2.32535,2.32589,2.32471,2.32476,319000000,8
1436306400000,1436306879000,2.32476,2.32572,2.324,2.32411,351750000,8
1436306880000,1436307359000,2.32412,2.32443,2.32264,2.32286,288000000,8
1436307360000,1436307839000,2.32286,2.32298,2.32131,2.32191,229500000,8
1436307840000,1436308319000,2.32192,2.32221,2.32094,2.32194,316000000,8
1436308320000,1436308799000,2.32192,2.32209,2.32054,2.32064,163500000,8
1436308800000,1436309279000,2.32064,2.32064,2.31971,2.31991,260500000,8
1436309280000,1436309759000,2.31992,2.3202,2.31901,2.31922,212250000,8
1436309760000,1436310239000,2.31911,2.32052,2.31872,2.32045,485000000,8
1436310240000,1436310719000,2.32041,2.32121,2.31994,2.32041,588000000,8
1436310720000,1436311199000,2.32038,2.32107,2.31961,2.31992,230500000,8
1436311200000,1436311679000,2.31992,2.32002,2.31946,2.31947,109500000,8
1436311680000,1436312159000,2.31959,2.31968,2.31863,2.31911,215500000,8
1436312160000,1436312639000,2.31911,2.31912,2.31763,2.31772,255500000,8
1436312640000,1436313119000,2.31781,2.31927,2.31749,2.31907,249500000,8
1436313120000,1436313599000,2.31907,2.32099,2.31891,2.32028,288500000,8
1436313600000,1436314079000,2.3204,2.32126,2.31936,2.32079,450500000,8
1436314080000,1436314559000,2.32082,2.32211,2.31998,2.32166,276000000,8
1436314560000,1436315039000,2.32152,2.32201,2.31931,2.31969,345900000,8
1436315040000,1436315519000,2.31969,2.3204,2.31819,2.31872,318830000,8
1436315520000,1436315999000,2.31851,2.31852,2.31721,2.31795,330830000,8
1436316000000,1436316479000,2.3181,2.31861,2.31771,2.31811,300310000,8
1436316480000,1436316959000,2.31801,2.31983,2.31785,2.31912,496540000,8
1436316960000,1436317439000,2.31911,2.3217,2.31872,2.32156,446120000,8
1436317440000,1436317919000,2.32161,2.32252,2.32091,2.32208,532270000,8
1436317920000,1436318399000,2.32196,2.32463,2.32193,2.32351,590960000,8
1436318400000,1436318879000,2.32352,2.32589,2.32242,2.32589,505350000,8
1436318880000,1436319359000,2.32589,2.32648,2.32267,2.32639,940840000,8
1436319360000,1436319839000,2.32639,2.32954,2.32499,2.32499,1287020000,8
1436319840000,1436320319000,2.32499,2.32551,2.3232,2.3241,562940000,8
1436320320000,1436320799000,2.3241,2.32592,2.32324,2.32592,356280000,8
1436320800000,1436321279000,2.3258,2.3258,2.32459,2.32492,292220000,8
1436321280000,1436321759000,2.32492,2.32492,2.32336,2.32366,193170000,8
1436321760000,1436322239000,2.32351,2.32351,2.32131,2.32131,221740000,8
1436322240000,1436322719000,2.32131,2.32212,2.31932,2.3216,304380000,8
1436322720000,1436323199000,2.32176,2.32244,2.32084,2.32102,365360000,8
1436323200000,1436323679000,2.32102,2.32432,2.32071,2.32394,443760000,8
1436323680000,1436324159000,2.32382,2.32412,2.32181,2.32279,294240000,8
1436324160000,1436324639000,2.32279,2.32302,2.32223,2.32281,199380000,8
1436324640000,1436325119000,2.3228,2.32362,2.32216,2.32276,215920000,8
1436325120000,1436325599000,2.32276,2.32323,2.3219,2.32199,349730000,8
1436325600000,1436326079000,2.32199,2.32393,2.32181,2.3239,418110000,8
1436326080000,1436326559000,2.3239,2.32505,2.32312,2.32318,418790000,8
1436326560000,1436327039000,2.32318,2.32411,2.32292,2.32352,177570000,8
1436327040000,1436327519000,2.32362,2.32454,2.32304,2.32365,431000000,8
1436327520000,1436327999000,2.32365,2.32381,2.32185,2.32268,378360000,8
1436328000000,1436328479000,2.32259,2.32296,2.32151,2.32205,314350000,8
1436328480000,1436328959000,2.32205,2.32297,2.32105,2.32277,383290000,8
1436328960000,1436329439000,2.3226,2.32431,2.3226,2.32342,464550000,8
1436329440000,1436329919000,2.32342,2.32381,2.32243,2.32284,191190000,8
1436329920000,1436330399000,2.32282,2.32496,2.32201,2.32462,388070000,8
1436330400000,1436330879000,2.32462,2.32462,2.32263,2.32302,485310000,8
1436330880000,1436331359000,2.32302,2.3235,2.32142,2.32287,394620000,8
1436331360000,1436331839000,2.32287,2.32397,2.32269,2.3233,238110000,8
1436331840000,1436332319000,2.32343,2.32368,2.32267,2.32278,229730000,8
1436332320000,1436332799000,2.32278,2.32357,2.32266,2.32315,256020000,8
1436332800000,1436333279000,2.32318,2.32353,2.32267,2.32335,357570000,8
1436333280000,1436333759000,2.32346,2.32401,2.32224,2.3237,314730000,8
1436333760000,1436334239000,2.3237,2.32591,2.32332,2.32582,501720000,8
1436334240000,1436334719000,2.32592,2.32662,2.32506,2.32542,394550000,8
1436334720000,1436335199000,2.32557,2.32868,2.32541,2.32833,301930000,8
1436335200000,1436335679000,2.32845,2.32845,2.32597,2.32641,391810000,8
1436335680000,1436336159000,2.32642,2.33011,2.32641,2.32793,566770000,8
1436336160000,1436336639000,2.328,2.32932,2.32681,2.32736,532460000,8
1436336640000,1436337119000,2.32734,2.32781,2.32556,2.32556,397880000,8
1436337120000,1436337599000,2.32566,2.32606,2.32463,2.32547,423840000,8
1436337600000,1436338079000,2.32554,2.32567,2.32406,2.32455,433390000,8
1436338080000,1436338559000,2.32473,2.32562,2.32291,2.3236,491060000,8
1436338560000,1436339039000,2.3236,2.32412,2.32003,2.32152,662320000,8
1436339040000,1436339519000,2.32152,2.32249,2.31765,2.31796,501240000,8
1436339520000,1436339999000,2.31796,2.31943,2.31689,2.31795,593100000,8
1436340000000,1436340479000,2.31793,2.32134,2.3176,2.32083,603490000,8
1436340480000,1436340959000,2.32083,2.32083,2.31732,2.31905,437630000,8
1436340960000,1436341439000,2.31905,2.31965,2.31561,2.31732,558190000,8
1436341440000,1436341919000,2.31734,2.31903,2.31672,2.31692,385130000,8
1436341920000,1436342399000,2.31682,2.3174,2.31472,2.31669,708030000,8
1436342400000,1436342879000,2.31669,2.31733,2.31402,2.31553,479830000,8
1436342880000,1436343359000,2.31553,2.3167,2.31491,2.31578,502020000,8
1436343360000,1436343839000,2.31578,2.3171,2.31555,2.31638,547000000,8
1436343840000,1436344319000,2.31638,2.31708,2.31516,2.31708,402550000,8
1436344320000,1436344799000,2.31708,2.31709,2.31382,2.31422,631540000,8
1436344800000,1436345279000,2.31422,2.31503,2.3119,2.31262,670380000,8
1436345280000,1436345759000,2.31271,2.31312,2.30973,2.31006,564180000,8
1436345760000,1436346239000,2.31006,2.31035,2.30475,2.30492,719490000,8
1436346240000,1436346719000,2.30492,2.30587,2.30277,2.30504,919920000,8
1436346720000,1436347199000,2.30517,2.30522,2.29695,2.29812,1011360000,8
1436347200000,1436347679000,2.29813,2.30139,2.29793,2.301,625240000,8
1436347680000,1436348159000,2.30088,2.30184,2.29531,2.2975,749100000,8
1436348160000,1436348639000,2.29747,2.2984,2.29545,2.29561,510640000,8
1436348640000,1436349119000,2.29561,2.29653,2.29262,2.29373,867940000,8
1436349120000,1436349599000,2.29373,2.29663,2.29297,2.29634,1073430000,8
1436349600000,1436350079000,2.29634,2.29788,2.29598,2.29744,900500000,8
1436350080000,1436350559000,2.29744,2.29971,2.29462,2.29482,1035400000,8
1436350560000,1436351039000,2.29481,2.29511,2.28964,2.29007,763830000,8
1436351040000,1436351519000,2.29007,2.29353,2.29007,2.29284,781740000,8
1436351520000,1436351999000,2.29283,2.29374,2.29193,2.29265,797290000,8
1436352000000,1436352479000,2.29265,2.29384,2.29163,2.29164,805340000,8
1436352480000,1436352959000,2.29163,2.29422,2.29143,2.29361,860560000,8
1436352960000,1436353439000,2.29361,2.29361,2.28994,2.29023,1039440000,8
1436353440000,1436353919000,2.29023,2.29103,2.2896,2.29023,1020580000,8
1436353920000,1436354399000,2.29024,2.29254,2.28953,2.29224,1074790000,8
1436354400000,1436354879000,2.29223,2.29393,2.29171,2.29324,865320000,8
1436354880000,1436355359000,2.29324,2.29357,2.29153,2.29236,608730000,8
1436355360000,1436355839000,2.29236,2.29394,2.29191,2.29374,588130000,8
1436355840000,1436356319000,2.29373,2.29602,2.29373,2.29434,725850000,8
1436356320000,1436356799000,2.29433,2.29463,2.29321,2.29341,797500000,8
1436356800000,1436357279000,2.29341,2.29434,2.29292,2.29384,636090000,8
1436357280000,1436357759000,2.29383,2.29904,2.29353,2.29873,1099870000,8
1436357760000,1436358239000,2.29873,2.29874,2.29703,2.29792,769120000,8
1436358240000,1436358719000,2.29792,2.29804,2.29623,2.29663,636500000,8
1436358720000,1436359199000,2.29663,2.29663,2.29333,2.29524,762350000,8
1436359200000,1436359679000,2.29523,2.29616,2.29443,2.29594,707120000,8
1436359680000,1436360159000,2.29593,2.29774,2.29573,2.29594,661010000,8
1436360160000,1436360639000,2.29594,2.29634,2.29453,2.29523,725520000,8
1436360640000,1436361119000,2.29524,2.29654,2.29374,2.29443,826550000,8
1436361120000,1436361599000,2.29443,2.29484,2.2911,2.29173,942710000,8
1436361600000,1436362079000,2.29173,2.29274,2.28973,2.29115,1340060000,8
1436362080000,1436362559000,2.29124,2.29154,2.28963,2.29044,875190000,8
1436362560000,1436363039000,2.29043,2.29054,2.28563,2.28845,1017030000,8
1436363040000,1436363519000,2.28845,2.28918,2.28743,2.28894,808440000,8
1436363520000,1436363999000,2.28893,2.29124,2.28884,2.29099,883170000,8
1436364000000,1436364479000,2.29103,2.29113,2.2894,2.28953,1014470000,8
1436364480000,1436364959000,2.28953,2.28983,2.28548,2.28614,1097330000,8
1436364960000,1436365439000,2.28613,2.28734,2.28479,2.28731,1142700000,8
1436365440000,1436365919000,2.2873,2.2876,2.28553,2.28664,869030000,8
1436365920000,1436366399000,2.2866,2.28794,2.28467,2.28558,953730000,8
1436366400000,1436366879000,2.28558,2.28636,2.2848,2.28524,742040000,8
1436366880000,1436367359000,2.28524,2.28588,2.28419,2.28503,721920000,8
1436367360000,1436367839000,2.28504,2.28527,2.28249,2.2837,1095090000,8
1436367840000,1436368319000,2.28374,2.28421,2.2812,2.28244,1132880000,8
1436368320000,1436368799000,2.28244,2.2844,2.28234,2.28354,1066070000,8
1436368800000,1436369279000,2.28353,2.28363,2.27741,2.27933,1133650000,8
1436369280000,1436369759000,2.27934,2.28094,2.27862,2.27875,1091930000,8
1436369760000,1436370239000,2.27877,2.27964,2.27673,2.27786,1023320000,8
1436370240000,1436370719000,2.27786,2.27873,2.27723,2.27823,869630000,8
1436370720000,1436371199000,2.27824,2.27904,2.27561,2.27672,959770000,8
1436371200000,1436371679000,2.27672,2.27824,2.27501,2.27502,980010000,8
1436371680000,1436372159000,2.27502,2.27572,2.27411,2.27452,965450000,8
1436372160000,1436372639000,2.27452,2.27696,2.27443,2.27642,769030000,8
1436372640000,1436373119000,2.27641,2.27732,2.27574,2.27691,637140000,8
1436373120000,1436373599000,2.27691,2.27994,2.27683,2.27994,600790000,8
1436373600000,1436374079000,2.27986,2.28053,2.27853,2.27853,701190000,8
1436374080000,1436374559000,2.27854,2.27874,2.27703,2.27784,488380000,8
1436374560000,1436375039000,2.27783,2.27934,2.27743,2.27814,539600000,8
1436375040000,1436375519000,2.27814,2.27993,2.27813,2.27963,518620000,8
1436375520000,1436375999000,2.27983,2.28074,2.27933,2.27944,682410000,8
1436376000000,1436376479000,2.27934,2.28004,2.27913,2.27983,528550000,8
1436376480000,1436376959000,2.27984,2.28064,2.27963,2.28003,384120000,8
1436376960000,1436377439000,2.28013,2.28064,2.27943,2.27991,450800000,8
1436377440000,1436377919000,2.27991,2.28054,2.27944,2.27972,337490000,8
1436377920000,1436378399000,2.27972,2.28054,2.27951,2.27994,516920000,8
1436378400000,1436378879000,2.27993,2.28104,2.27753,2.28063,1091710000,8
1436378880000,1436379359000,2.28063,2.28064,2.27843,2.27883,743260000,8
1436379360000,1436379839000,2.27884,2.27954,2.27813,2.27913,517070000,8
1436379840000,1436380319000,2.27913,2.28004,2.27873,2.27954,596130000,8
1436380320000,1436380799000,2.27954,2.28062,2.27891,2.28031,556260000,8
1436380800000,1436381279000,2.28032,2.28292,2.28031,2.28254,417340000,8
1436381280000,1436381759000,2.28264,2.28304,2.28142,2.28304,506490000,8
1436381760000,1436382239000,2.28303,2.28476,2.28066,2.28162,883240000,8
1436382240000,1436382719000,2.28154,2.28344,2.28111,2.28304,748000000,8
1436382720000,1436383199000,2.28303,2.28303,2.28059,2.28158,631200000,8
1436383200000,1436383679000,2.28159,2.28214,2.28077,2.28172,586840000,8
1436383680000,1436384159000,2.28173,2.28274,2.28093,2.28113,598500000,8
1436384160000,1436384639000,2.28113,2.28184,2.27941,2.27952,486130000,8
1436384640000,1436385119000,2.27952,2.27994,2.27923,2.27941,401360000,8
1436385120000,1436385599000,2.27932,2.28224,2.27932,2.28192,434810000,8
1436385600000,1436386079000,2.28184,2.28214,2.28081,2.28192,260540000,8
1436386080000,1436386559000,2.28192,2.28274,2.28134,2.2826,252000000,8
1436386560000,1436387039000,2.28261,2.28292,2.28212,2.28252,197900000,8
1436387040000,1436387519000,2.28281,2.28292,2.28161,2.28161,179920000,8
1436387520000,1436387999000,2.28161,2.28192,2.28027,2.28083,265000000,8
1436388000000,1436388479000,2.28083,2.28221,2.28075,2.28201,742500000,8
1436388480000,1436388959000,2.28195,2.28293,2.28161,2.28214,700000000,8
1436388960000,1436389439000,2.28211,2.28252,2.28161,2.28172,221750000,8
1436389440000,1436389919000,2.28103,2.28104,2.28024,2.28041,41250000,8
1436389920000,1436390399000,2.28019,2.28101,2.27982,2.28101,61250000,8
1436390400000,1436390879000,2.28101,2.28208,2.28024,2.28159,42270000,8
1436390880000,1436391359000,2.28138,2.28304,2.28138,2.28223,185500000,8
1436391360000,1436391839000,2.28223,2.28432,2.28215,2.28402,428000000,8
1436391840000,1436392319000,2.28402,2.28431,2.2835,2.28402,254000000,8
1436392320000,1436392799000,2.28402,2.28431,2.28325,2.28421,181500000,8
1436392800000,1436393279000,2.28421,2.28544,2.28345,2.28544,302000000,8
1436393280000,1436393759000,2.28554,2.28672,2.28522,2.28621,422000000,8
1436393760000,1436394239000,2.28612,2.28764,2.28591,2.28753,317500000,8
1436394240000,1436394719000,2.28754,2.28802,2.28671,2.28752,401500000,8
1436394720000,1436395199000,2.28762,2.28838,2.28742,2.28754,231500000,8
1436395200000,1436395679000,2.28751,2.28835,2.28701,2.28761,349000000,8
1436395680000,1436396159000,2.28762,2.28842,2.28731,2.28731,271000000,8
1436396160000,1436396639000,2.28732,2.28763,2.28671,2.28711,316500000,8
1436396640000,1436397119000,2.28712,2.28802,2.28704,2.28761,313000000,8
1436397120000,1436397599000,2.28761,2.28912,2.28752,2.28882,275250000,8
1436397600000,1436398079000,2.28881,2.28931,2.28881,2.28921,210500000,8
1436398080000,1436398559000,2.28921,2.28982,2.28873,2.28882,287000000,8
1436398560000,1436399039000,2.28881,2.28992,2.28841,2.28966,236000000,8
1436399040000,1436399519000,2.28969,2.29042,2.28941,2.29001,332000000,8
1436399520000,1436399999000,2.29002,2.29031,2.28823,2.28851,469500000,8
1436400000000,1436400479000,2.28844,2.28942,2.28791,2.28822,622840000,8
1436400480000,1436400959000,2.28822,2.28841,2.28761,2.28813,584500000,8
1436400960000,1436401439000,2.2881,2.28842,2.28701,2.28742,433080000,8
1436401440000,1436401919000,2.28742,2.28994,2.28714,2.28992,447310000,8
1436401920000,1436402399000,2.28991,2.29222,2.28882,2.29173,656970000,8
1436402400000,1436402879000,2.29174,2.29263,2.28971,2.29031,694330000,8
1436402880000,1436403359000,2.29021,2.29202,2.28858,2.29093,650280000,8
1436403360000,1436403839000,2.29094,2.29212,2.29047,2.29101,409100000,8
1436403840000,1436404319000,2.29101,2.29111,2.2891,2.28952,497890000,8
1436404320000,1436404799000,2.28961,2.28962,2.28824,2.28852,565840000,8
1436404800000,1436405279000,2.28855,2.28936,2.28763,2.28894,582910000,8
1436405280000,1436405759000,2.28894,2.28912,2.28059,2.28872,1000190000,8
1436405760000,1436406239000,2.28875,2.29151,2.28864,2.29142,688090000,8
1436406240000,1436406719000,2.29132,2.29172,2.28771,2.28781,656650000,8
1436406720000,1436407199000,2.28781,2.28784,2.28015,2.28204,1033600000,8
1436407200000,1436407679000,2.28202,2.28312,2.27943,2.28081,967450000,8
1436407680000,1436408159000,2.28082,2.28111,2.27601,2.27854,758180000,8
1436408160000,1436408639000,2.27843,2.28336,2.27843,2.28183,586840000,8
1436408640000,1436409119000,2.28183,2.28192,2.27911,2.27941,585490000,8
1436409120000,1436409599000,2.27951,2.28264,2.27902,2.28197,479420000,8
1436409600000,1436410079000,2.28196,2.28272,2.28056,2.28173,372840000,8
1436410080000,1436410559000,2.28174,2.28252,2.28103,2.28156,474250000,8
1436410560000,1436411039000,2.28164,2.28224,2.28103,2.28154,321460000,8
1436411040000,1436411519000,2.28156,2.28301,2.28156,2.28292,175130000,8
1436411520000,1436411999000,2.28289,2.28398,2.28224,2.28228,292030000,8
1436412000000,1436412479000,2.28234,2.28254,2.28061,2.28134,364030000,8
1436412480000,1436412959000,2.28134,2.28302,2.28064,2.28283,261940000,8
1436412960000,1436413439000,2.28272,2.28491,2.28231,2.28477,385370000,8
1436413440000,1436413919000,2.28471,2.28562,2.28405,2.28533,333760000,8
1436413920000,1436414399000,2.28536,2.28617,2.28421,2.28464,410580000,8
1436414400000,1436414879000,2.28464,2.28571,2.28452,2.28512,351530000,8
1436414880000,1436415359000,2.28511,2.28524,2.28432,2.28502,338390000,8
1436415360000,1436415839000,2.28497,2.28564,2.28461,2.28472,238560000,8
1436415840000,1436416319000,2.28471,2.28502,2.28371,2.28381,211020000,8
1436416320000,1436416799000,2.28381,2.28411,2.28251,2.28252,288050000,8
1436416800000,1436417279000,2.28251,2.28341,2.28153,2.28294,359310000,8
1436417280000,1436417759000,2.28295,2.28392,2.28261,2.28385,306480000,8
1436417760000,1436418239000,2.28385,2.28477,2.28157,2.28157,448970000,8
1436418240000,1436418719000,2.28157,2.28356,2.28088,2.28238,375240000,8
1436418720000,1436419199000,2.28235,2.28299,2.28002,2.28121,772310000,8
1436419200000,1436419679000,2.28122,2.28453,2.28031,2.28404,673430000,8
1436419680000,1436420159000,2.28404,2.28414,2.28071,2.282,604040000,8
1436420160000,1436420639000,2.282,2.28585,2.28177,2.28473,834480000,8
1436420640000,1436421119000,2.28473,2.28658,2.28318,2.28357,701450000,8
1436421120000,1436421599000,2.28357,2.28499,2.28296,2.2839,415470000,8
1436421600000,1436422079000,2.2839,2.28491,2.28221,2.28372,1030780000,8
1436422080000,1436422559000,2.28371,2.28763,2.28361,2.28734,872540000,8
1436422560000,1436423039000,2.28734,2.28775,2.28596,2.28743,768210000,8
1436423040000,1436423519000,2.28743,2.28774,2.28603,2.28654,578870000,8
1436423520000,1436423999000,2.28654,2.28777,2.28604,2.28734,665030000,8
1436424000000,1436424479000,2.28734,2.28832,2.28671,2.28742,554270000,8
1436424480000,1436424959000,2.28741,2.28775,2.28553,2.28553,683910000,8
1436424960000,1436425439000,2.28554,2.28743,2.28544,2.2862,956540000,8
1436425440000,1436425919000,2.2862,2.28817,2.28586,2.28669,1123740000,8
1436425920000,1436426399000,2.28669,2.28792,2.28541,2.28623,1239680000,8
1436426400000,1436426879000,2.28615,2.28791,2.28558,2.28751,1322110000,8
1436426880000,1436427359000,2.28746,2.29167,2.28685,2.29108,1202890000,8
1436427360000,1436427839000,2.29107,2.29107,2.288,2.28893,1179490000,8
1436427840000,1436428319000,2.28872,2.28903,2.28684,2.28718,888880000,8
1436428320000,1436428799000,2.28723,2.29029,2.28723,2.28897,1127540000,8
1436428800000,1436429279000,2.28899,2.29044,2.28731,2.28786,1160130000,8
1436429280000,1436429759000,2.2879,2.28792,2.28513,2.2867,994450000,8
1436429760000,1436430239000,2.2867,2.28738,2.28621,2.287,983530000,8
1436430240000,1436430719000,2.28698,2.28814,2.28634,2.28733,732350000,8
1436430720000,1436431199000,2.28736,2.28924,2.28723,2.28783,756570000,8
1436431200000,1436431679000,2.28783,2.28854,2.28643,2.28838,700150000,8
1436431680000,1436432159000,2.28833,2.28924,2.28732,2.2889,733920000,8
1436432160000,1436432639000,2.28884,2.28964,2.28845,2.28954,722120000,8
1436432640000,1436433119000,2.28943,2.28974,2.28843,2.28964,857440000,8
1436433120000,1436433599000,2.28963,2.29004,2.2876,2.28855,898060000,8
1436433600000,1436434079000,2.28854,2.28864,2.28681,2.28772,758680000,8
1436434080000,1436434559000,2.28772,2.29041,2.28741,2.29033,821710000,8
1436434560000,1436435039000,2.29031,2.29383,2.28972,2.29304,989300000,8
1436435040000,1436435519000,2.29303,2.29484,2.29243,2.29327,781000000,8
1436435520000,1436435999000,2.29328,2.29444,2.29253,2.29264,992950000,8
1436436000000,1436436479000,2.29263,2.29463,2.29233,2.29443,682420000,8
1436436480000,1436436959000,2.29434,2.29494,2.29274,2.29354,882300000,8
1436436960000,1436437439000,2.29354,2.29354,2.29127,2.29141,646890000,8
1436437440000,1436437919000,2.29141,2.29243,2.29046,2.29174,626590000,8
1436437920000,1436438399000,2.29174,2.29244,2.29043,2.29043,750230000,8
1436438400000,1436438879000,2.29054,2.29233,2.29033,2.29094,676640000,8
1436438880000,1436439359000,2.29094,2.29154,2.28963,2.29113,552630000,8
1436439360000,1436439839000,2.29114,2.29184,2.28794,2.28834,734130000,8
1436439840000,1436440319000,2.28833,2.28844,2.28653,2.28704,865520000,8
1436440320000,1436440799000,2.28702,2.28777,2.28631,2.28694,828270000,8
1436440800000,1436441279000,2.28693,2.28864,2.28634,2.2872,968970000,8
1436441280000,1436441759000,2.2872,2.28853,2.28698,2.28853,649730000,8
1436441760000,1436442239000,2.28855,2.2887,2.28522,2.28573,582230000,8
1436442240000,1436442719000,2.28574,2.28604,2.28471,2.28602,471590000,8
1436442720000,1436443199000,2.28604,2.28684,2.28579,2.28601,609850000,8
1436443200000,1436443679000,2.28603,2.28655,2.28432,2.28494,1040910000,8
1436443680000,1436444159000,2.28494,2.28515,2.28384,2.28399,1181750000,8
1436444160000,1436444639000,2.28403,2.28496,2.28244,2.28284,867550000,8
1436444640000,1436445119000,2.28277,2.28368,2.27959,2.28054,818920000,8
1436445120000,1436445599000,2.28053,2.28171,2.27844,2.27984,857680000,8
1436445600000,1436446079000,2.2797,2.28213,2.27883,2.28194,843350000,8
1436446080000,1436446559000,2.28193,2.28246,2.28108,2.28174,851160000,8
1436446560000,1436447039000,2.28179,2.28226,2.28103,2.28124,938320000,8
1436447040000,1436447519000,2.28124,2.28284,2.28104,2.28284,709400000,8
1436447520000,1436447999000,2.28284,2.28431,2.28236,2.2831,670820000,8
1436448000000,1436448479000,2.28315,2.28364,2.28243,2.28283,769990000,8
1436448480000,1436448959000,2.28284,2.28384,2.28263,2.28289,853440000,8
1436448960000,1436449439000,2.28289,2.28289,2.28014,2.28093,1022940000,8
1436449440000,1436449919000,2.28093,2.28212,2.28066,2.28212,943800000,8
1436449920000,1436450399000,2.28192,2.28404,2.28142,2.28352,896840000,8
1436450400000,1436450879000,2.28352,2.28481,2.28303,2.28336,798390000,8
1436450880000,1436451359000,2.28336,2.28663,2.28283,2.28623,917220000,8
1436451360000,1436451839000,2.28623,2.28704,2.28526,2.28574,766310000,8
1436451840000,1436452319000,2.28576,2.28643,2.28482,2.28521,818290000,8
1436452320000,1436452799000,2.28523,2.28832,2.28481,2.28816,833920000,8
1436452800000,1436453279000,2.28816,2.28816,2.28571,2.28713,757140000,8
1436453280000,1436453759000,2.28713,2.28854,2.28682,2.28765,819430000,8
1436453760000,1436454239000,2.28772,2.28897,2.287,2.28841,1139590000,8
1436454240000,1436454719000,2.28833,2.28834,2.28639,2.28644,703680000,8
1436454720000,1436455199000,2.28654,2.28683,2.28523,2.28523,557600000,8
1436455200000,1436455679000,2.28524,2.28704,2.28524,2.28608,692920000,8
1436455680000,1436456159000,2.28608,2.28654,2.28543,2.28604,621480000,8
1436456160000,1436456639000,2.28603,2.28774,2.28553,2.28653,642480000,8
1436456640000,1436457119000,2.28654,2.28684,2.28498,2.28536,591690000,8
1436457120000,1436457599000,2.28536,2.28602,2.28492,2.28592,865520000,8
1436457600000,1436458079000,2.28592,2.28621,2.28514,2.28561,468010000,8
1436458080000,1436458559000,2.28562,2.28591,2.28434,2.28461,636720000,8
1436458560000,1436459039000,2.28462,2.28472,2.28283,2.28404,536110000,8
1436459040000,1436459519000,2.28412,2.28412,2.28336,2.28387,437780000,8
1436459520000,1436459999000,2.28387,2.28491,2.28331,2.28431,548640000,8
1436460000000,1436460479000,2.28432,2.28451,2.28391,2.28421,473150000,8
1436460480000,1436460959000,2.28421,2.28442,2.28331,2.28422,664000000,8
1436460960000,1436461439000,2.28422,2.28482,2.28272,2.28412,785860000,8
1436461440000,1436461919000,2.28411,2.28462,2.28271,2.28331,601000000,8
1436461920000,1436462399000,2.28341,2.28352,2.28261,2.28282,485340000,8
1436462400000,1436462879000,2.28281,2.28362,2.28251,2.28303,650290000,8
1436462880000,1436463359000,2.28304,2.28393,2.28294,2.28371,413490000,8
1436463360000,1436463839000,2.28362,2.28382,2.28261,2.28291,384950000,8
1436463840000,1436464319000,2.28282,2.28374,2.28231,2.2833,377790000,8
1436464320000,1436464799000,2.2833,2.28363,2.28241,2.28261,421460000,8
1436464800000,1436465279000,2.28262,2.28382,2.28261,2.28342,386360000,8
1436465280000,1436465759000,2.28343,2.28402,2.28298,2.28302,394450000,8
1436465760000,1436466239000,2.28291,2.28342,2.28241,2.28334,333920000,8
1436466240000,1436466719000,2.28333,2.28462,2.28321,2.28414,332760000,8
1436466720000,1436467199000,2.28414,2.28484,2.28414,2.28465,286380000,8
1436467200000,1436467679000,2.28464,2.28509,2.28442,2.28494,465660000,8
1436467680000,1436468159000,2.28494,2.2851,2.2829,2.28342,655770000,8
1436468160000,1436468639000,2.28341,2.28424,2.28263,2.28363,1012100000,8
1436468640000,1436469119000,2.28352,2.28393,2.28241,2.28351,740040000,8
1436469120000,1436469599000,2.28351,2.28422,2.28301,2.28392,572070000,8
1436469600000,1436470079000,2.28391,2.28516,2.28381,2.28511,561070000,8
1436470080000,1436470559000,2.28505,2.28533,2.28454,2.28466,564300000,8
1436470560000,1436471039000,2.28466,2.28504,2.28437,2.28463,367040000,8
1436471040000,1436471519000,2.28454,2.2846,2.28326,2.28379,362460000,8
1436471520000,1436471999000,2.28373,2.28418,2.28267,2.28321,462720000,8
1436472000000,1436472479000,2.28321,2.28383,2.28234,2.28242,269770000,8
1436472480000,1436472959000,2.28242,2.28294,2.28212,2.28212,260200000,8
1436472960000,1436473439000,2.28211,2.28212,2.28034,2.28047,254470000,8
1436473440000,1436473919000,2.28046,2.28166,2.28033,2.28152,181530000,8
1436473920000,1436474399000,2.28152,2.28152,2.27983,2.28021,426570000,8
1436474400000,1436474879000,2.28028,2.28142,2.27927,2.28121,599480000,8
1436474880000,1436475359000,2.28122,2.28184,2.28074,2.28157,892500000,8
1436475360000,1436475839000,2.28161,2.28182,2.28072,2.28072,376500000,8
1436475840000,1436476319000,2.28045,2.28126,2.28043,2.28086,87500000,8
1436476320000,1436476799000,2.28084,2.28126,2.27944,2.28071,123270000,8
1436476800000,1436477279000,2.28071,2.28092,2.27904,2.27905,132590000,8
1436477280000,1436477759000,2.27904,2.28065,2.27904,2.2804,428500000,8
1436477760000,1436478239000,2.2804,2.28046,2.28001,2.28001,85000000,8
1436478240000,1436478719000,2.28001,2.28005,2.27977,2.27988,128500000,8
1436478720000,1436479199000,2.27986,2.28032,2.27982,2.27997,153500000,8
1436479200000,1436479679000,2.27997,2.28002,2.2778,2.27902,385750000,8
1436479680000,1436480159000,2.2788,2.28024,2.27737,2.27842,592750000,8
1436480160000,1436480639000,2.27847,2.27847,2.27554,2.27637,350750000,8
1436480640000,1436481119000,2.27639,2.27652,2.27025,2.27101,800750000,8
1436481120000,1436481599000,2.27102,2.27222,2.26981,2.27211,464000000,8
1436481600000,1436482079000,2.27221,2.27541,2.27188,2.27442,411000000,8
1436482080000,1436482559000,2.27441,2.27562,2.27421,2.27542,389000000,8
1436482560000,1436483039000,2.27541,2.27572,2.27391,2.27541,454000000,8
1436483040000,1436483519000,2.27541,2.27582,2.27466,2.27532,338000000,8
1436483520000,1436483999000,2.27531,2.27673,2.27522,2.27667,304000000,8
1436484000000,1436484479000,2.27671,2.27722,2.27621,2.27622,354250000,8
1436484480000,1436484959000,2.27632,2.27872,2.27607,2.27731,259000000,8
1436484960000,1436485439000,2.27732,2.27752,2.27531,2.27562,451500000,8
1436485440000,1436485919000,2.27562,2.27732,2.27551,2.27722,284500000,8
1436485920000,1436486399000,2.2773,2.27913,2.2773,2.27831,323590000,8
1436486400000,1436486879000,2.27832,2.27862,2.27691,2.27776,656000000,8
1436486880000,1436487359000,2.27776,2.27776,2.27641,2.27681,451250000,8
1436487360000,1436487839000,2.27681,2.27741,2.27581,2.27622,268500000,8
1436487840000,1436488319000,2.27611,2.27811,2.27611,2.27752,350750000,8
1436488320000,1436488799000,2.27752,2.27792,2.27695,2.27791,308500000,8
1436488800000,1436489279000,2.27802,2.27872,2.27721,2.27726,309000000,8
1436489280000,1436489759000,2.27715,2.27778,2.27441,2.27557,488000000,8
1436489760000,1436490239000,2.27558,2.27702,2.27452,2.27611,483000000,8
1436490240000,1436490719000,2.27612,2.27672,2.27431,2.27642,476500000,8
1436490720000,1436491199000,2.27636,2.27636,2.27454,2.27561,370500000,8
1436491200000,1436491679000,2.27544,2.27642,2.27291,2.27582,478000000,8
1436491680000,1436492159000,2.27572,2.27592,2.27461,2.27512,596840000,8
1436492160000,1436492639000,2.27511,2.27682,2.27491,2.27651,534750000,8
1436492640000,1436493119000,2.27642,2.27672,2.27491,2.27598,718920000,8
1436493120000,1436493599000,2.27623,2.27773,2.27581,2.27772,491340000,8
1436493600000,1436494079000,2.27782,2.27837,2.27525,2.27525,476590000,8
1436494080000,1436494559000,2.27517,2.27584,2.27489,2.27536,262810000,8
1436494560000,1436495039000,2.27535,2.27538,2.27451,2.27456,278750000,8
1436495040000,1436495519000,2.27505,2.27591,2.27463,2.27562,296190000,8
1436495520000,1436495999000,2.27562,2.27579,2.27437,2.27454,203370000,8
1436496000000,1436496479000,2.27454,2.2768,2.27322,2.27624,396890000,8
1436496480000,1436496959000,2.27621,2.27664,2.27417,2.27648,361200000,8
1436496960000,1436497439000,2.27647,2.27804,2.27568,2.27683,497970000,8
1436497440000,1436497919000,2.27683,2.27907,2.27679,2.27871,292120000,8
1436497920000,1436498399000,2.27873,2.28015,2.2786,2.27901,378680000,8
1436498400000,1436498879000,2.27902,2.27958,2.27821,2.27928,289540000,8
1436498880000,1436499359000,2.27928,2.28114,2.2792,2.28074,492820000,8
1436499360000,1436499839000,2.28074,2.28117,2.28043,2.28107,325220000,8
1436499840000,1436500319000,2.28109,2.28109,2.28,2.28052,256010000,8
1436500320000,1436500799000,2.28052,2.28087,2.27921,2.27932,271940000,8
1436500800000,1436501279000,2.27921,2.28074,2.27871,2.28065,377920000,8
1436501280000,1436501759000,2.28064,2.28094,2.27874,2.27922,247880000,8
1436501760000,1436502239000,2.27912,2.27912,2.27611,2.27611,433980000,8
1436502240000,1436502719000,2.27611,2.27846,2.27561,2.27803,344490000,8
1436502720000,1436503199000,2.27803,2.27855,2.27588,2.27698,354260000,8
1436503200000,1436503679000,2.27703,2.27724,2.2741,2.27495,400600000,8
1436503680000,1436504159000,2.27495,2.27694,2.27481,2.27591,309380000,8
1436504160000,1436504639000,2.27592,2.27823,2.27582,2.27814,309420000,8
1436504640000,1436505119000,2.27815,2.27857,2.27723,2.27743,293330000,8
1436505120000,1436505599000,2.27737,2.27987,2.27727,2.27843,329580000,8
1436505600000,1436506079000,2.27843,2.27919,2.27711,2.27892,549260000,8
1436506080000,1436506559000,2.27892,2.27976,2.27798,2.2794,251530000,8
1436506560000,1436507039000,2.2794,2.28024,2.27829,2.27829,507890000,8
1436507040000,1436507519000,2.27829,2.27935,2.2781,2.27848,479420000,8
1436507520000,1436507999000,2.27848,2.27862,2.2771,2.27777,822680000,8
1436508000000,1436508479000,2.27784,2.27793,2.27632,2.27637,714910000,8
1436508480000,1436508959000,2.27637,2.27805,2.27553,2.27558,661440000,8
1436508960000,1436509439000,2.27557,2.2799,2.2755,2.27976,666460000,8
1436509440000,1436509919000,2.27983,2.28123,2.27851,2.28113,619430000,8
1436509920000,1436510399000,2.28113,2.28176,2.28076,2.2808,519480000,8
1436510400000,1436510879000,2.2808,2.28106,2.27896,2.2795,595630000,8
1436510880000,1436511359000,2.2795,2.28034,2.27929,2.27966,584470000,8
1436511360000,1436511839000,2.27966,2.28017,2.27731,2.27842,936450000,8
1436511840000,1436512319000,2.27841,2.28014,2.27771,2.27923,849790000,8
1436512320000,1436512799000,2.27923,2.28211,2.27887,2.28075,1323870000,8
1436512800000,1436513279000,2.28075,2.28212,2.2805,2.28095,977330000,8
1436513280000,1436513759000,2.28092,2.2829,2.28091,2.28251,847390000,8
1436513760000,1436514239000,2.28251,2.28592,2.28211,2.28592,932120000,8
1436514240000,1436514719000,2.28581,2.28662,2.28543,2.28553,900030000,8
1436514720000,1436515199000,2.28553,2.28752,2.28543,2.28714,850620000,8
1436515200000,1436515679000,2.28722,2.28782,2.28491,2.28644,838000000,8
1436515680000,1436516159000,2.28651,2.28734,2.28593,2.28683,889180000,8
1436516160000,1436516639000,2.28683,2.28753,2.28551,2.28633,801060000,8
1436516640000,1436517119000,2.28642,2.28874,2.28575,2.28815,750860000,8
1436517120000,1436517599000,2.28812,2.28914,2.28653,2.28744,853280000,8
1436517600000,1436518079000,2.28754,2.28989,2.28753,2.28937,927230000,8
1436518080000,1436518559000,2.28937,2.2908,2.28882,2.28933,850240000,8
1436518560000,1436519039000,2.28934,2.29004,2.28873,2.28934,669540000,8
1436519040000,1436519519000,2.28934,2.29094,2.28893,2.29069,656470000,8
1436519520000,1436519999000,2.29069,2.29183,2.28943,2.29014,1171130000,8
1436520000000,1436520479000,2.29014,2.29094,2.28857,2.28863,1152620000,8
1436520480000,1436520959000,2.28863,2.29114,2.28863,2.29082,968620000,8
1436520960000,1436521439000,2.29094,2.29194,2.2901,2.29167,1051030000,8
1436521440000,1436521919000,2.29167,2.29384,2.29124,2.29254,967370000,8
1436521920000,1436522399000,2.29243,2.29284,2.29167,2.29233,692770000,8
1436522400000,1436522879000,2.29223,2.29413,2.29123,2.29392,692810000,8
1436522880000,1436523359000,2.29392,2.29694,2.29375,2.29684,769480000,8
1436523360000,1436523839000,2.29683,2.29727,2.29531,2.29537,870310000,8
1436523840000,1436524319000,2.29537,2.29944,2.29537,2.29943,816970000,8
1436524320000,1436524799000,2.29943,2.29981,2.29871,2.29934,618220000,8
1436524800000,1436525279000,2.29951,2.29951,2.29581,2.29581,704730000,8
1436525280000,1436525759000,2.29582,2.29849,2.29581,2.29714,818250000,8
1436525760000,1436526239000,2.2972,2.29987,2.29644,2.29713,1082770000,8
1436526240000,1436526719000,2.29704,2.29984,2.29693,2.29904,1071550000,8
1436526720000,1436527199000,2.29903,2.30024,2.29874,2.29954,909350000,8
1436527200000,1436527679000,2.29952,2.30134,2.29951,2.30094,770890000,8
1436527680000,1436528159000,2.30083,2.30241,2.30053,2.30123,852100000,8
1436528160000,1436528639000,2.30123,2.30204,2.30023,2.30061,758720000,8
1436528640000,1436529119000,2.30061,2.30154,2.29933,2.2999,759300000,8
1436529120000,1436529599000,2.2999,2.30034,2.29844,2.29863,811410000,8
1436529600000,1436530079000,2.29863,2.30144,2.29843,2.29983,803890000,8
1436530080000,1436530559000,2.29983,2.29983,2.29793,2.29873,788870000,8
1436530560000,1436531039000,2.29874,2.30044,2.29843,2.29934,689190000,8
1436531040000,1436531519000,2.29924,2.30003,2.29763,2.30003,1003020000,8
1436531520000,1436531999000,2.30003,2.30024,2.29723,2.29753,892460000,8
1436532000000,1436532479000,2.29754,2.29964,2.29652,2.29963,733720000,8
1436532480000,1436532959000,2.29954,2.30086,2.29924,2.30034,633520000,8
1436532960000,1436533439000,2.30044,2.30252,2.30033,2.30252,859080000,8
1436533440000,1436533919000,2.30251,2.30667,2.30251,2.30635,1038020000,8
1436533920000,1436534399000,2.30635,2.31041,2.30635,2.31041,991690000,8
1436534400000,1436534879000,2.31026,2.31304,2.30991,2.31237,893250000,8
1436534880000,1436535359000,2.31242,2.31414,2.31161,2.31162,860360000,8
1436535360000,1436535839000,2.31162,2.3134,2.31013,2.31304,947480000,8
1436535840000,1436536319000,2.31295,2.31385,2.31128,2.31214,881590000,8
1436536320000,1436536799000,2.31224,2.31233,2.30998,2.31074,770410000,8
1436536800000,1436537279000,2.31073,2.31194,2.30891,2.31036,1097690000,8
1436537280000,1436537759000,2.31036,2.31262,2.31034,2.31233,668490000,8
1436537760000,1436538239000,2.31233,2.31302,2.31173,2.31208,694860000,8
1436538240000,1436538719000,2.31214,2.31384,2.31164,2.31343,656870000,8
1436538720000,1436539199000,2.31344,2.31364,2.31124,2.31133,711310000,8
1436539200000,1436539679000,2.31143,2.31258,2.31111,2.31194,700360000,8
1436539680000,1436540159000,2.31194,2.31252,2.31141,2.31161,732490000,8
1436540160000,1436540639000,2.31161,2.31515,2.31061,2.31362,1080220000,8
1436540640000,1436541119000,2.31361,2.31382,2.31173,2.31203,744030000,8
1436541120000,1436541599000,2.31214,2.31514,2.31204,2.31354,610940000,8
1436541600000,1436542079000,2.31353,2.31363,2.31204,2.31336,735100000,8
1436542080000,1436542559000,2.31336,2.31389,2.31122,2.31169,1044640000,8
1436542560000,1436543039000,2.31169,2.31373,2.31158,2.31294,671080000,8
1436543040000,1436543519000,2.31293,2.31434,2.31293,2.31434,817600000,8
1436543520000,1436543999000,2.31434,2.31435,2.31335,2.3141,563500000,8
1436544000000,1436544479000,2.31406,2.31454,2.31343,2.31363,558940000,8
1436544480000,1436544959000,2.31363,2.31364,2.31245,2.31303,493700000,8
1436544960000,1436545439000,2.31304,2.31304,2.31093,2.31214,674920000,8
1436545440000,1436545919000,2.31213,2.31484,2.31173,2.3141,809990000,8
1436545920000,1436546399000,2.31414,2.31453,2.31319,2.31413,739540000,8
1436546400000,1436546879000,2.31413,2.31464,2.31354,2.31384,599620000,8
1436546880000,1436547359000,2.31385,2.31463,2.31283,2.31454,639800000,8
1436547360000,1436547839000,2.31453,2.31454,2.31301,2.31314,553500000,8
1436547840000,1436548319000,2.31313,2.31404,2.31273,2.31364,406860000,8
1436548320000,1436548799000,2.31364,2.31441,2.31222,2.31241,690960000,8
1436548800000,1436549279000,2.31241,2.31371,2.31221,2.31294,488170000,8
1436549280000,1436549759000,2.31294,2.31324,2.31193,2.31213,448750000,8
1436549760000,1436550239000,2.31222,2.31323,2.31201,2.31322,402500000,8
1436550240000,1436550719000,2.31313,2.31414,2.31303,2.31364,277500000,8
1436550720000,1436551199000,2.31363,2.31434,2.31313,2.31323,302000000,8
1436551200000,1436551679000,2.31323,2.31323,2.31201,2.31203,399220000,8
1436551680000,1436552159000,2.31212,2.31244,2.31171,2.31193,281500000,8
1436552160000,1436552639000,2.31193,2.31222,2.31131,2.31154,319000000,8
1436552640000,1436553119000,2.31147,2.31204,2.31022,2.31043,379690000,8
1436553120000,1436553599000,2.31052,2.31074,2.30906,2.30906,474270000,8
1436553600000,1436554079000,2.30896,2.31073,2.30882,2.31054,536430000,8
1436554080000,1436554559000,2.31055,2.31085,2.3101,2.31036,493080000,8
1436554560000,1436555039000,2.31036,2.31154,2.30954,2.31113,643620000,8
1436555040000,1436555519000,2.31113,2.31124,2.30991,2.31039,463250000,8
1436555520000,1436555999000,2.31037,2.31084,2.30971,2.31064,321530000,8
1436556000000,1436556479000,2.31064,2.31111,2.30988,2.31033,335700000,8
1436556480000,1436556959000,2.31031,2.31094,2.30957,2.30993,357090000,8
1436556960000,1436557439000,2.30993,2.31074,2.30954,2.31034,331540000,8
1436557440000,1436557919000,2.31034,2.31034,2.30779,2.30784,308710000,8
1436557920000,1436558399000,2.30783,2.30814,2.30612,2.30726,422340000,8
1436558400000,1436558879000,2.30714,2.30762,2.30641,2.30752,307860000,8
1436558880000,1436559359000,2.30751,2.30902,2.30751,2.30842,171850000,8
1436559360000,1436559839000,2.30851,2.31,2.30841,2.31,203000000,8
1436559840000,1436560319000,2.30999,2.31191,2.3098,2.31141,175860000,8
1436560320000,1436560799000,2.31142,2.31172,2.3103,2.31171,273000000,8
1436560800000,1436561279000,2.31172,2.31311,2.30793,2.31043,286590000,8
1436561280000,1436561759000,2.31039,2.31134,2.30689,2.30719,148500000,8
1436561760000,1436562239000,2.30809,2.3082,2.30609,2.30709,12750000,8
1436562240000,1436562719000,2.30709,2.30709,2.30709,2.30709,0,8
1436562720000,1436563199000,2.30709,2.30709,2.30709,2.30709,0,8
1436563200000,1436563679000,2.30709,2.30709,2.30709,2.30709,0,8
1436563680000,1436564159000,2.30709,2.30709,2.30709,2.30709,0,8
1436564160000,1436564639000,2.30709,2.30709,2.30709,2.30709,0,8
1436564640000,1436565119000,2.30709,2.30709,2.30709,2.30709,0,8
1436565120000,1436565599000,2.30709,2.30709,2.30709,2.30709,0,8
1436565600000,1436566079000,2.30709,2.30709,2.30709,2.30709,0,8
1436566080000,1436566559000,2.30709,2.30709,2.30709,2.30709,0,8
1436566560000,1436567039000,2.30709,2.30709,2.30709,2.30709,0,8
1436567040000,1436567519000,2.30709,2.30709,2.30709,2.30709,0,8
1436567520000,1436567999000,2.30709,2.30709,2.30709,2.30709,0,8
1436568000000,1436568479000,2.30709,2.30709,2.30709,2.30709,0,8
1436568480000,1436568959000,2.30709,2.30709,2.30709,2.30709,0,8
1436568960000,1436569439000,2.30709,2.30709,2.30709,2.30709,0,8
1436569440000,1436569919000,2.30709,2.30709,2.30709,2.30709,0,8
1436569920000,1436570399000,2.30709,2.30709,2.30709,2.30709,0,8
1436570400000,1436570879000,2.30709,2.30709,2.30709,2.30709,0,8
1436570880000,1436571359000,2.30709,2.30709,2.30709,2.30709,0,8
1436571360000,1436571839000,2.30709,2.30709,2.30709,2.30709,0,8
1436571840000,1436572319000,2.30709,2.30709,2.30709,2.30709,0,8
1436572320000,1436572799000,2.30709,2.30709,2.30709,2.30709,0,8
1436735520000,1436735999000,2.31321,2.31432,2.31066,2.31071,94250000,8
1436736000000,1436736479000,2.31072,2.31292,2.30927,2.31192,83750000,8
1436738880000,1436739359000,2.30987,2.31104,2.30943,2.30961,114750000,8
1436739360000,1436739839000,2.30953,2.31111,2.30881,2.30994,268500000,8
1436739840000,1436740319000,2.30993,2.31082,2.3095,2.31043,405250000,8
1436740320000,1436740799000,2.31044,2.3122,2.31043,2.31205,170000000,8
1436740800000,1436741279000,2.31208,2.31351,2.31198,2.31212,181500000,8
1436741280000,1436741759000,2.31209,2.3122,2.30963,2.31018,181500000,8
1436741760000,1436742239000,2.31016,2.3102,2.30791,2.30796,400000000,8
1436742240000,1436742719000,2.30795,2.31065,2.30751,2.31011,619500000,8
1436742720000,1436743199000,2.3103,2.31055,2.30955,2.31002,230000000,8
1436743200000,1436743679000,2.31001,2.31052,2.30999,2.31033,517000000,8
1436743680000,1436744159000,2.31033,2.31126,2.30972,2.31045,479500000,8
1436744160000,1436744639000,2.31045,2.31076,2.30979,2.31017,163500000,8
1436744640000,1436745119000,2.31017,2.31085,2.30954,2.31038,229000000,8
1436745120000,1436745599000,2.31038,2.31158,2.31036,2.31124,188500000,8
1436745600000,1436746079000,2.31121,2.31151,2.30941,2.30971,522500000,8
1436746080000,1436746559000,2.30961,2.31042,2.30924,2.30952,272500000,8
1436746560000,1436747039000,2.30952,2.31082,2.30853,2.30864,473500000,8
1436747040000,1436747519000,2.30861,2.31047,2.30811,2.31033,280500000,8
1436747520000,1436747999000,2.31028,2.31028,2.30963,2.30964,264500000,8
1436748000000,1436748479000,2.30964,2.30994,2.30753,2.30773,513750000,8
1436748480000,1436748959000,2.30774,2.30958,2.30743,2.30814,454000000,8
1436748960000,1436749439000,2.30813,2.30824,2.30653,2.30684,495500000,8
1436749440000,1436749919000,2.30684,2.30754,2.30683,2.30703,493500000,8
1436749920000,1436750399000,2.30703,2.30854,2.30683,2.30844,486000000,8
1436750400000,1436750879000,2.30833,2.30854,2.30571,2.30601,481000000,8
1436750880000,1436751359000,2.30601,2.30674,2.30581,2.30631,383000000,8
1436751360000,1436751839000,2.30622,2.30632,2.30371,2.30612,687820000,8
1436751840000,1436752319000,2.30612,2.30614,2.30351,2.30571,617840000,8
1436752320000,1436752799000,2.30572,2.30671,2.30421,2.30671,616340000,8
1436752800000,1436753279000,2.30692,2.30692,2.30311,2.30434,634500000,8
1436753280000,1436753759000,2.30434,2.30434,2.30261,2.30264,430170000,8
1436753760000,1436754239000,2.30263,2.30274,2.30104,2.30203,415840000,8
1436754240000,1436754719000,2.30204,2.30244,2.30063,2.30154,438340000,8
1436754720000,1436755199000,2.30153,2.30213,2.30073,2.30213,400270000,8
1436755200000,1436755679000,2.30203,2.30414,2.30193,2.30314,370010000,8
1436755680000,1436756159000,2.30313,2.30324,2.30203,2.30244,342720000,8
1436756160000,1436756639000,2.30244,2.30284,2.30073,2.30083,558960000,8
1436756640000,1436757119000,2.30073,2.30114,2.29802,2.29951,689430000,8
1436757120000,1436757599000,2.29944,2.30104,2.29912,2.30013,845830000,8
1436757600000,1436758079000,2.30014,2.30224,2.29963,2.30103,863480000,8
1436758080000,1436758559000,2.30104,2.30204,2.30013,2.30195,726840000,8
1436758560000,1436759039000,2.30193,2.30258,2.30113,2.30143,591770000,8
1436759040000,1436759519000,2.30144,2.30284,2.30093,2.30103,416000000,8
1436759520000,1436759999000,2.30103,2.30214,2.30043,2.30203,473070000,8
1436760000000,1436760479000,2.30204,2.30204,2.30073,2.30093,459950000,8
1436760480000,1436760959000,2.30094,2.30236,2.30073,2.30124,340810000,8
1436760960000,1436761439000,2.30124,2.30242,2.30113,2.30183,437200000,8
1436761440000,1436761919000,2.30181,2.30214,2.30133,2.30163,348500000,8
1436761920000,1436762399000,2.30171,2.30242,2.30092,2.30172,532180000,8
1436762400000,1436762879000,2.30173,2.30294,2.30124,2.30194,655040000,8
1436762880000,1436763359000,2.30183,2.30224,2.30042,2.30104,607520000,8
1436763360000,1436763839000,2.30103,2.30184,2.30071,2.30154,487400000,8
1436763840000,1436764319000,2.30154,2.30164,2.30071,2.30093,399900000,8
1436764320000,1436764799000,2.30102,2.30112,2.29981,2.30063,431200000,8
1436764800000,1436765279000,2.30064,2.30124,2.30003,2.30031,509500000,8
1436765280000,1436765759000,2.30031,2.30244,2.30031,2.30203,487380000,8
1436765760000,1436766239000,2.30204,2.30213,2.30053,2.30123,606630000,8
1436766240000,1436766719000,2.30124,2.30148,2.30041,2.30052,407000000,8
1436766720000,1436767199000,2.30051,2.30154,2.29963,2.30121,471750000,8
1436767200000,1436767679000,2.30121,2.30444,2.30057,2.30253,805480000,8
1436767680000,1436768159000,2.30254,2.30274,2.30134,2.30223,585140000,8
1436768160000,1436768639000,2.30224,2.30274,2.30163,2.30194,661350000,8
1436768640000,1436769119000,2.30193,2.30303,2.30121,2.30244,649450000,8
1436769120000,1436769599000,2.30243,2.30323,2.30143,2.30153,666730000,8
1436769600000,1436770079000,2.30154,2.30194,2.30004,2.30157,1449430000,8
1436770080000,1436770559000,2.30153,2.30814,2.30152,2.30754,1579780000,8
1436770560000,1436771039000,2.30744,2.30793,2.30504,2.30604,1777410000,8
1436771040000,1436771519000,2.30603,2.30753,2.30483,2.30583,1508200000,8
1436771520000,1436771999000,2.30573,2.30862,2.30463,2.30656,1512090000,8
1436772000000,1436772479000,2.30652,2.30844,2.30513,2.30634,1347890000,8
1436772480000,1436772959000,2.30644,2.31579,2.30633,2.31444,1420530000,8
1436772960000,1436773439000,2.31443,2.31804,2.31341,2.31464,1663960000,8
1436773440000,1436773919000,2.31463,2.31672,2.31179,2.31572,1495250000,8
1436773920000,1436774399000,2.31572,2.3168,2.31402,2.31503,1516960000,8
1436774400000,1436774879000,2.31514,2.31966,2.31513,2.31875,1724360000,8
1436774880000,1436775359000,2.31883,2.31913,2.31654,2.31664,1695060000,8
1436775360000,1436775839000,2.31663,2.31733,2.31402,2.31454,1548860000,8
1436775840000,1436776319000,2.31453,2.31479,2.31272,2.31419,933980000,8
1436776320000,1436776799000,2.31419,2.31594,2.31243,2.31554,1189490000,8
1436776800000,1436777279000,2.31556,2.31916,2.31531,2.31644,1158750000,8
1436777280000,1436777759000,2.31643,2.31713,2.31409,2.31513,932150000,8
1436777760000,1436778239000,2.31514,2.31558,2.31303,2.31333,985660000,8
1436778240000,1436778719000,2.31334,2.31474,2.31054,2.31474,873300000,8
1436778720000,1436779199000,2.31474,2.31824,2.31393,2.31734,1075040000,8
1436779200000,1436779679000,2.31734,2.31841,2.31591,2.31693,1066710000,8
1436779680000,1436780159000,2.31704,2.32004,2.31704,2.31913,1002430000,8
1436780160000,1436780639000,2.31913,2.31954,2.31821,2.31833,991420000,8
1436780640000,1436781119000,2.31831,2.31862,2.31722,2.31819,927950000,8
1436781120000,1436781599000,2.31822,2.31874,2.31715,2.31783,1038760000,8
1436781600000,1436782079000,2.31784,2.31858,2.31703,2.31781,859490000,8
1436782080000,1436782559000,2.31786,2.31971,2.31763,2.31944,803610000,8
1436782560000,1436783039000,2.31943,2.31974,2.31873,2.31905,724060000,8
1436783040000,1436783519000,2.31904,2.32004,2.31873,2.31903,797560000,8
1436783520000,1436783999000,2.31904,2.32006,2.31836,2.31997,861610000,8
1436784000000,1436784479000,2.31997,2.32214,2.31996,2.32173,989020000,8
1436784480000,1436784959000,2.32173,2.32334,2.32042,2.32103,869560000,8
1436784960000,1436785439000,2.32102,2.32164,2.31943,2.32013,826100000,8
1436785440000,1436785919000,2.32013,2.32054,2.31838,2.31904,729750000,8
1436785920000,1436786399000,2.31903,2.32044,2.31894,2.32044,872820000,8
1436786400000,1436786879000,2.32044,2.32212,2.32005,2.32032,843400000,8
1436786880000,1436787359000,2.32032,2.32032,2.31764,2.31852,921740000,8
1436787360000,1436787839000,2.31842,2.31892,2.31603,2.31633,747070000,8
1436787840000,1436788319000,2.31633,2.31734,2.31604,2.31642,706000000,8
1436788320000,1436788799000,2.31642,2.31663,2.31469,2.31483,573830000,8
1436788800000,1436789279000,2.31483,2.31549,2.31426,2.31485,933350000,8
1436789280000,1436789759000,2.31493,2.31532,2.31373,2.31384,1179610000,8
1436789760000,1436790239000,2.31374,2.31696,2.31373,2.31683,991320000,8
1436790240000,1436790719000,2.31684,2.3181,2.31603,2.31624,733020000,8
1436790720000,1436791199000,2.31624,2.31703,2.31503,2.31524,831630000,8
1436791200000,1436791679000,2.31533,2.31624,2.31494,2.31594,767210000,8
1436791680000,1436792159000,2.31594,2.31634,2.31473,2.31533,773180000,8
1436792160000,1436792639000,2.31523,2.31694,2.31413,2.31683,639700000,8
1436792640000,1436793119000,2.31694,2.31864,2.31683,2.31763,867110000,8
1436793120000,1436793599000,2.31774,2.31863,2.31643,2.31813,863490000,8
1436793600000,1436794079000,2.31814,2.31914,2.31748,2.31844,689720000,8
1436794080000,1436794559000,2.31843,2.32013,2.31823,2.31873,843620000,8
1436794560000,1436795039000,2.31874,2.31954,2.31714,2.31807,893450000,8
1436795040000,1436795519000,2.31814,2.31914,2.31763,2.31775,680650000,8
1436795520000,1436795999000,2.31775,2.31972,2.31763,2.31763,891930000,8
1436796000000,1436796479000,2.31754,2.32146,2.31754,2.32003,893470000,8
1436796480000,1436796959000,2.32003,2.32164,2.31973,2.32154,977500000,8
1436796960000,1436797439000,2.32161,2.32192,2.32091,2.32142,851810000,8
1436797440000,1436797919000,2.32142,2.32304,2.32101,2.32251,858890000,8
1436797920000,1436798399000,2.32251,2.32514,2.32213,2.32502,846630000,8
1436798400000,1436798879000,2.325,2.32522,2.32323,2.32372,796550000,8
1436798880000,1436799359000,2.32362,2.32423,2.32261,2.32271,977490000,8
1436799360000,1436799839000,2.32261,2.32444,2.32131,2.32261,1222700000,8
1436799840000,1436800319000,2.32274,2.32274,2.32043,2.32194,739040000,8
1436800320000,1436800799000,2.32203,2.32345,2.32133,2.32343,574740000,8
1436800800000,1436801279000,2.32343,2.32374,2.32161,2.32162,666880000,8
1436801280000,1436801759000,2.32151,2.32172,2.31911,2.31922,707840000,8
1436801760000,1436802239000,2.31922,2.31993,2.31761,2.31891,772790000,8
1436802240000,1436802719000,2.31891,2.31982,2.31762,2.31821,694040000,8
1436802720000,1436803199000,2.31822,2.31842,2.31703,2.31816,677020000,8
1436803200000,1436803679000,2.31821,2.31852,2.31603,2.31612,882860000,8
1436803680000,1436804159000,2.31612,2.31634,2.31441,2.31441,751540000,8
1436804160000,1436804639000,2.31451,2.31471,2.313,2.31353,586200000,8
1436804640000,1436805119000,2.31353,2.31404,2.31283,2.31354,416990000,8
1436805120000,1436805599000,2.31353,2.31384,2.31283,2.31334,393910000,8
1436805600000,1436806079000,2.31333,2.31334,2.31193,2.31223,334490000,8
1436806080000,1436806559000,2.31224,2.31404,2.31223,2.31314,429590000,8
1436806560000,1436807039000,2.31313,2.31474,2.31293,2.31434,716110000,8
1436807040000,1436807519000,2.31444,2.31534,2.31363,2.31443,493480000,8
1436807520000,1436807999000,2.31444,2.31484,2.31364,2.31374,380360000,8
1436808000000,1436808479000,2.31374,2.31514,2.31346,2.31364,414870000,8
1436808480000,1436808959000,2.31363,2.31514,2.31333,2.31414,433790000,8
1436808960000,1436809439000,2.31424,2.31464,2.31303,2.31414,365570000,8
1436809440000,1436809919000,2.31413,2.31514,2.31283,2.31314,451940000,8
1436809920000,1436810399000,2.31313,2.31433,2.31293,2.31414,308880000,8
1436810400000,1436810879000,2.31403,2.31459,2.31333,2.31363,457980000,8
1436810880000,1436811359000,2.31373,2.31458,2.31335,2.31393,400940000,8
1436811360000,1436811839000,2.31404,2.31414,2.31327,2.31374,436040000,8
1436811840000,1436812319000,2.31374,2.31404,2.31323,2.31364,468050000,8
1436812320000,1436812799000,2.31363,2.31424,2.31307,2.31363,493530000,8
1436812800000,1436813279000,2.31364,2.31384,2.31183,2.31203,288330000,8
1436813280000,1436813759000,2.31204,2.31273,2.31143,2.31223,337760000,8
1436813760000,1436814239000,2.31234,2.31394,2.31194,2.31353,728130000,8
1436814240000,1436814719000,2.31354,2.31574,2.31354,2.31563,504220000,8
1436814720000,1436815199000,2.31564,2.31564,2.31343,2.31384,832880000,8
1436815200000,1436815679000,2.31383,2.31404,2.31254,2.31313,563340000,8
1436815680000,1436816159000,2.31303,2.31354,2.31303,2.31324,265340000,8
1436816160000,1436816639000,2.31316,2.31394,2.31284,2.31293,379610000,8
1436816640000,1436817119000,2.31294,2.31331,2.31257,2.31275,358050000,8
1436817120000,1436817599000,2.31275,2.31304,2.31244,2.31277,368860000,8
1436817600000,1436818079000,2.3127,2.3127,2.31164,2.31175,348610000,8
1436818080000,1436818559000,2.31177,2.31234,2.31174,2.31234,263540000,8
1436818560000,1436819039000,2.31234,2.31371,2.31234,2.31371,291500000,8
1436819040000,1436819519000,2.31369,2.31468,2.31355,2.31414,174700000,8
1436819520000,1436819999000,2.3141,2.31535,2.31361,2.31364,395600000,8
1436820000000,1436820479000,2.31364,2.3142,2.31298,2.31367,1450250000,8
1436820480000,1436820959000,2.31364,2.31388,2.31219,2.31262,1263500000,8
1436820960000,1436821439000,2.31261,2.31315,2.31242,2.31259,310500000,8
1436821440000,1436821919000,2.31259,2.31259,2.31259,2.31259,0,8
1436821920000,1436822399000,2.31259,2.31269,2.31142,2.31151,254500000,8
1436822400000,1436822879000,2.31176,2.31454,2.31139,2.31454,310000000,8
1436822880000,1436823359000,2.3147,2.31473,2.31218,2.313,121500000,8
1436823360000,1436823839000,2.31316,2.31484,2.31252,2.31461,367750000,8
1436823840000,1436824319000,2.31464,2.31555,2.31408,2.31409,506000000,8
1436824320000,1436824799000,2.31409,2.3144,2.31237,2.31389,220500000,8
1436824800000,1436825279000,2.31389,2.31903,2.31389,2.31775,312500000,8
1436825280000,1436825759000,2.31775,2.31895,2.31562,2.31618,513500000,8
1436825760000,1436826239000,2.31618,2.31632,2.31591,2.316,234500000,8
1436826240000,1436826719000,2.31601,2.31704,2.31586,2.31703,808000000,8
1436826720000,1436827199000,2.31711,2.31867,2.31684,2.31862,533750000,8
1436827200000,1436827679000,2.31862,2.31974,2.31862,2.31904,327750000,8
1436827680000,1436828159000,2.31904,2.31913,2.31703,2.31714,423500000,8
1436828160000,1436828639000,2.31714,2.31764,2.31694,2.31753,241750000,8
1436828640000,1436829119000,2.31754,2.31754,2.31593,2.31603,287250000,8
1436829120000,1436829599000,2.31604,2.31634,2.31586,2.31593,157000000,8
1436829600000,1436830079000,2.31594,2.31668,2.31575,2.31594,317250000,8
1436830080000,1436830559000,2.31594,2.31614,2.31334,2.31493,403090000,8
1436830560000,1436831039000,2.31494,2.31494,2.31383,2.31463,426840000,8
1436831040000,1436831519000,2.31464,2.31811,2.31453,2.31793,302500000,8
1436831520000,1436831999000,2.31794,2.3187,2.31574,2.31639,391500000,8
1436832000000,1436832479000,2.31641,2.31754,2.31593,2.31695,535590000,8
1436832480000,1436832959000,2.31695,2.31724,2.31518,2.31716,428250000,8
1436832960000,1436833439000,2.31723,2.31843,2.31675,2.31686,416030000,8
1436833440000,1436833919000,2.31687,2.31903,2.31687,2.31834,452950000,8
1436833920000,1436834399000,2.31833,2.31924,2.31783,2.31914,421960000,8
1436834400000,1436834879000,2.31914,2.32024,2.31844,2.31943,538210000,8
1436834880000,1436835359000,2.31942,2.31984,2.31683,2.31689,845360000,8
1436835360000,1436835839000,2.31694,2.31694,2.31519,2.31613,524750000,8
1436835840000,1436836319000,2.31623,2.31664,2.31493,2.31644,400900000,8
1436836320000,1436836799000,2.31643,2.31644,2.31523,2.31613,413790000,8
1436836800000,1436837279000,2.31624,2.31784,2.31614,2.31664,332530000,8
1436837280000,1436837759000,2.31654,2.31674,2.31384,2.31503,688980000,8
1436837760000,1436838239000,2.31504,2.31666,2.31414,2.31654,514080000,8
1436838240000,1436838719000,2.31653,2.31734,2.31553,2.31623,493380000,8
1436838720000,1436839199000,2.31623,2.31824,2.31463,2.31765,422190000,8
1436839200000,1436839679000,2.31764,2.31784,2.31414,2.31604,417830000,8
1436839680000,1436840159000,2.31604,2.31664,2.31583,2.31634,197500000,8
1436840160000,1436840639000,2.31624,2.31624,2.31443,2.31454,382680000,8
1436840640000,1436841119000,2.31454,2.31554,2.31443,2.31534,274500000,8
1436841120000,1436841599000,2.31533,2.31695,2.31493,2.31664,301470000,8
1436841600000,1436842079000,2.31664,2.31764,2.31613,2.31733,374000000,8
1436842080000,1436842559000,2.31733,2.31813,2.31653,2.31664,337370000,8
1436842560000,1436843039000,2.31663,2.31754,2.31633,2.31735,354240000,8
1436843040000,1436843519000,2.31735,2.31753,2.31653,2.31753,353530000,8
1436843520000,1436843999000,2.31743,2.31784,2.31713,2.31714,448270000,8
1436844000000,1436844479000,2.31713,2.31783,2.31663,2.31734,280410000,8
1436844480000,1436844959000,2.31733,2.31733,2.31633,2.31653,319100000,8
1436844960000,1436845439000,2.31643,2.31707,2.31633,2.317,198520000,8
1436845440000,1436845919000,2.31694,2.31793,2.31687,2.31703,240540000,8
1436845920000,1436846399000,2.31684,2.31714,2.31663,2.31673,177540000,8
1436846400000,1436846879000,2.31674,2.31704,2.31613,2.31683,284680000,8
1436846880000,1436847359000,2.31684,2.31684,2.31555,2.31594,246000000,8
1436847360000,1436847839000,2.31593,2.31614,2.31474,2.31534,316520000,8
1436847840000,1436848319000,2.3153,2.31614,2.31513,2.31564,352450000,8
1436848320000,1436848799000,2.31563,2.31694,2.31563,2.31656,371000000,8
1436848800000,1436849279000,2.31656,2.31835,2.31603,2.31828,307850000,8
1436849280000,1436849759000,2.31829,2.31902,2.31824,2.31833,300240000,8
1436849760000,1436850239000,2.31844,2.31934,2.31813,2.31854,287880000,8
1436850240000,1436850719000,2.31853,2.31914,2.31789,2.31868,256480000,8
1436850720000,1436851199000,2.31868,2.31964,2.31743,2.31764,394510000,8
1436851200000,1436851679000,2.31763,2.31844,2.31657,2.31677,520720000,8
1436851680000,1436852159000,2.31678,2.31698,2.31593,2.31635,313360000,8
1436852160000,1436852639000,2.31635,2.31754,2.31584,2.31703,576930000,8
1436852640000,1436853119000,2.31704,2.31824,2.31659,2.31813,393840000,8
1436853120000,1436853599000,2.31813,2.31864,2.31753,2.31798,396430000,8
1436853600000,1436854079000,2.31805,2.31824,2.31284,2.31544,1069540000,8
1436854080000,1436854559000,2.31543,2.31617,2.3141,2.31434,899460000,8
1436854560000,1436855039000,2.31426,2.31617,2.31353,2.31376,794370000,8
1436855040000,1436855519000,2.31376,2.31534,2.31353,2.31434,835240000,8
1436855520000,1436855999000,2.31433,2.31614,2.31349,2.31586,870180000,8
1436856000000,1436856479000,2.31594,2.31664,2.31363,2.31383,861220000,8
1436856480000,1436856959000,2.31383,2.31702,2.31363,2.31667,725170000,8
1436856960000,1436857439000,2.31667,2.31704,2.31344,2.31364,878010000,8
1436857440000,1436857919000,2.31364,2.31434,2.31333,2.31393,754380000,8
1436857920000,1436858399000,2.31393,2.31464,2.31233,2.31253,731380000,8
1436858400000,1436858879000,2.31254,2.31504,2.31113,2.31413,927110000,8
1436858880000,1436859359000,2.31414,2.31524,2.31304,2.31404,805600000,8
1436859360000,1436859839000,2.31403,2.31433,2.31233,2.31346,922440000,8
1436859840000,1436860319000,2.31346,2.31398,2.31214,2.31343,803440000,8
1436860320000,1436860799000,2.31353,2.31394,2.31213,2.31327,667420000,8
1436860800000,1436861279000,2.31328,2.31474,2.31324,2.31474,636540000,8
1436861280000,1436861759000,2.31473,2.31494,2.31113,2.31204,727060000,8
1436861760000,1436862239000,2.31214,2.31254,2.31103,2.31114,482500000,8
1436862240000,1436862719000,2.31114,2.313,2.30844,2.3121,1335510000,8
1436862720000,1436863199000,2.3121,2.31446,2.31103,2.31193,1359200000,8
1436863200000,1436863679000,2.31194,2.31385,2.31164,2.31243,1099610000,8
1436863680000,1436864159000,2.31243,2.31374,2.31113,2.31298,1055550000,8
1436864160000,1436864639000,2.31303,2.31613,2.31223,2.31573,1008410000,8
1436864640000,1436865119000,2.31574,2.31754,2.31556,2.31725,802870000,8
1436865120000,1436865599000,2.31723,2.31884,2.31683,2.31864,834110000,8
1436865600000,1436866079000,2.31874,2.31896,2.31613,2.31634,898230000,8
1436866080000,1436866559000,2.31633,2.31644,2.31453,2.31574,824680000,8
1436866560000,1436867039000,2.31573,2.31723,2.31523,2.31603,603560000,8
1436867040000,1436867519000,2.31604,2.32934,2.31553,2.32805,2036690000,8
1436867520000,1436867999000,2.32809,2.33538,2.32804,2.33393,1654900000,8
1436868000000,1436868479000,2.334,2.3351,2.33043,2.33059,1625030000,8
1436868480000,1436868959000,2.33059,2.33284,2.33059,2.33253,1002110000,8
1436868960000,1436869439000,2.33254,2.33494,2.33233,2.33354,783680000,8
1436869440000,1436869919000,2.33353,2.33424,2.33201,2.33231,723000000,8
1436869920000,1436870399000,2.33242,2.33364,2.33211,2.33293,709000000,8
1436870400000,1436870879000,2.33294,2.33324,2.33213,2.33324,658500000,8
1436870880000,1436871359000,2.33323,2.33364,2.33184,2.33284,530500000,8
1436871360000,1436871839000,2.33294,2.33294,2.33004,2.33083,709270000,8
1436871840000,1436872319000,2.33084,2.33214,2.33013,2.33193,638000000,8
1436872320000,1436872799000,2.33193,2.33264,2.33082,2.33263,671500000,8
1436872800000,1436873279000,2.33262,2.33314,2.33223,2.33241,690090000,8
1436873280000,1436873759000,2.33241,2.33256,2.33,2.33043,664750000,8
1436873760000,1436874239000,2.33043,2.33114,2.32995,2.33043,669500000,8
1436874240000,1436874719000,2.33043,2.33114,2.33003,2.33033,540130000,8
1436874720000,1436875199000,2.33033,2.33054,2.32833,2.32844,658000000,8
1436875200000,1436875679000,2.32854,2.32874,2.32213,2.32224,947940000,8
1436875680000,1436876159000,2.32223,2.32454,2.32213,2.32454,850530000,8
1436876160000,1436876639000,2.32454,2.32514,2.32354,2.32399,762200000,8
1436876640000,1436877119000,2.32399,2.32522,2.31817,2.32114,1329240000,8
1436877120000,1436877599000,2.32132,2.32437,2.31731,2.31853,1951410000,8
1436877600000,1436878079000,2.31854,2.31964,2.31553,2.31964,1336940000,8
1436878080000,1436878559000,2.31968,2.32204,2.31943,2.32123,1088130000,8
1436878560000,1436879039000,2.32124,2.32552,2.32083,2.32374,1140140000,8
1436879040000,1436879519000,2.32373,2.32382,2.32091,2.32091,922630000,8
1436879520000,1436879999000,2.32102,2.32174,2.32003,2.32004,1138470000,8
1436880000000,1436880479000,2.32004,2.32084,2.31823,2.32073,1048150000,8
1436880480000,1436880959000,2.32084,2.32244,2.32063,2.32113,863320000,8
1436880960000,1436881439000,2.32113,2.32333,2.32056,2.32214,1021150000,8
1436881440000,1436881919000,2.32213,2.32214,2.32072,2.32084,801430000,8
1436881920000,1436882399000,2.32077,2.32254,2.32073,2.32232,791430000,8
1436882400000,1436882879000,2.32231,2.32231,2.31879,2.31893,938890000,8
1436882880000,1436883359000,2.31894,2.32155,2.31874,2.32144,781920000,8
1436883360000,1436883839000,2.32143,2.32204,2.32062,2.32203,869670000,8
1436883840000,1436884319000,2.32204,2.32372,2.32183,2.32261,994770000,8
1436884320000,1436884799000,2.32261,2.32424,2.32223,2.32404,781380000,8
1436884800000,1436885279000,2.32414,2.32474,2.32361,2.32452,741220000,8
1436885280000,1436885759000,2.32452,2.32462,2.32223,2.32224,830180000,8
1436885760000,1436886239000,2.32224,2.32414,2.32101,2.32244,1083740000,8
1436886240000,1436886719000,2.32244,2.32344,2.32174,2.32184,724630000,8
1436886720000,1436887199000,2.32184,2.32184,2.32033,2.32093,757140000,8
1436887200000,1436887679000,2.32094,2.32184,2.32024,2.32101,657560000,8
1436887680000,1436888159000,2.32102,2.32464,2.32075,2.32381,928430000,8
1436888160000,1436888639000,2.32381,2.32452,2.32333,2.32362,549590000,8
1436888640000,1436889119000,2.32352,2.32424,2.32331,2.32374,713700000,8
1436889120000,1436889599000,2.32373,2.32383,2.32306,2.32331,546610000,8
1436889600000,1436890079000,2.32332,2.32434,2.32323,2.32373,353590000,8
1436890080000,1436890559000,2.32374,2.32374,2.32303,2.32314,424500000,8
1436890560000,1436891039000,2.32313,2.32354,2.32233,2.32274,479110000,8
1436891040000,1436891519000,2.32274,2.32294,2.32143,2.32201,439700000,8
1436891520000,1436891999000,2.32202,2.32242,2.32134,2.32234,278620000,8
1436892000000,1436892479000,2.32233,2.32311,2.32191,2.32231,322490000,8
1436892480000,1436892959000,2.32221,2.32262,2.32201,2.32242,275610000,8
1436892960000,1436893439000,2.32242,2.32264,2.32161,2.32253,365020000,8
1436893440000,1436893919000,2.32253,2.32292,2.32173,2.32201,354180000,8
1436893920000,1436894399000,2.32202,2.32501,2.32201,2.32491,603000000,8
1436894400000,1436894879000,2.32482,2.32572,2.32411,2.32571,591060000,8
1436894880000,1436895359000,2.32572,2.32682,2.32571,2.32681,330000000,8
1436895360000,1436895839000,2.32672,2.32752,2.32671,2.32741,470700000,8
1436895840000,1436896319000,2.32751,2.32812,2.32731,2.32801,348020000,8
1436896320000,1436896799000,2.32802,2.32954,2.32781,2.32952,461120000,8
1436896800000,1436897279000,2.32952,2.33152,2.32903,2.32952,656850000,8
1436897280000,1436897759000,2.32941,2.33024,2.32893,2.32904,413000000,8
1436897760000,1436898239000,2.32913,2.32924,2.32831,2.32863,367610000,8
1436898240000,1436898719000,2.32864,2.32882,2.32821,2.32821,243720000,8
1436898720000,1436899199000,2.32821,2.32992,2.32813,2.32972,332860000,8
1436899200000,1436899679000,2.32971,2.33022,2.32914,2.33012,436560000,8
1436899680000,1436900159000,2.33012,2.33044,2.32911,2.32971,575140000,8
1436900160000,1436900639000,2.32972,2.33052,2.32931,2.33002,570500000,8
1436900640000,1436901119000,2.33001,2.33012,2.32979,2.32998,236000000,8
1436901120000,1436901599000,2.33001,2.33041,2.32963,2.33001,379180000,8
1436901600000,1436902079000,2.33001,2.33032,2.33001,2.33011,181000000,8
1436902080000,1436902559000,2.33022,2.33112,2.33011,2.33071,290180000,8
1436902560000,1436903039000,2.33071,2.33082,2.33061,2.33071,208000000,8
1436903040000,1436903519000,2.33071,2.33081,2.32911,2.33022,413000000,8
1436903520000,1436903999000,2.33022,2.33092,2.33021,2.33082,377030000,8
1436904000000,1436904479000,2.33081,2.33152,2.32991,2.33042,424500000,8
1436904480000,1436904959000,2.33042,2.33051,2.32991,2.32991,189990000,8
1436904960000,1436905439000,2.32991,2.33002,2.32891,2.32901,209000000,8
1436905440000,1436905919000,2.32902,2.33032,2.32901,2.33021,315500000,8
1436905920000,1436906399000,2.33021,2.33101,2.32991,2.32991,811000000,8
1436906400000,1436906879000,2.32991,2.33012,2.32961,2.32992,692000000,8
1436906880000,1436907359000,2.32992,2.33021,2.32981,2.33001,408000000,8
1436907360000,1436907839000,2.33002,2.33012,2.32973,2.32974,112000000,8
1436907840000,1436908319000,2.32974,2.32983,2.32759,2.32858,59070000,8
1436908320000,1436908799000,2.32858,2.32876,2.32764,2.32834,117960000,8
1436908800000,1436909279000,2.32835,2.33017,2.32746,2.32969,63780000,8
1436909280000,1436909759000,2.3297,2.33101,2.32902,2.32982,299170000,8
1436909760000,1436910239000,2.32983,2.33031,2.32751,2.33005,959000000,8
1436910240000,1436910719000,2.33004,2.33111,2.32794,2.32816,646500000,8
1436910720000,1436911199000,2.32814,2.33016,2.32782,2.3288,1248500000,8
1436911200000,1436911679000,2.3288,2.33072,2.3288,2.33052,418000000,8
1436911680000,1436912159000,2.33051,2.33084,2.32912,2.32984,799500000,8
1436912160000,1436912639000,2.32984,2.32994,2.32801,2.32812,902500000,8
1436912640000,1436913119000,2.32811,2.32944,2.32811,2.32861,571000000,8
1436913120000,1436913599000,2.32861,2.32912,2.32841,2.32871,331500000,8
1436913600000,1436914079000,2.32871,2.32902,2.32841,2.32902,229000000,8
1436914080000,1436914559000,2.32902,2.32942,2.32871,2.32942,241000000,8
1436914560000,1436915039000,2.32941,2.32962,2.32911,2.32952,336000000,8
1436915040000,1436915519000,2.32952,2.33052,2.32951,2.33032,384000000,8
1436915520000,1436915999000,2.33021,2.33172,2.33021,2.33092,512500000,8
1436916000000,1436916479000,2.33091,2.33102,2.33051,2.33092,151500000,8
1436916480000,1436916959000,2.33092,2.33182,2.33091,2.33172,246000000,8
1436916960000,1436917439000,2.33163,2.33192,2.33111,2.33191,335000000,8
1436917440000,1436917919000,2.33201,2.33262,2.33161,2.33202,367000000,8
1436917920000,1436918399000,2.33202,2.33262,2.33071,2.33262,625740000,8
1436918400000,1436918879000,2.33261,2.33304,2.33243,2.33273,526500000,8
1436918880000,1436919359000,2.33282,2.33422,2.33266,2.33379,525000000,8
1436919360000,1436919839000,2.33379,2.3341,2.33342,2.33354,390000000,8
1436919840000,1436920319000,2.33351,2.33384,2.33251,2.33334,445500000,8
1436920320000,1436920799000,2.33351,2.33351,2.33142,2.33201,489500000,8
1436920800000,1436921279000,2.33202,2.33314,2.33122,2.33181,598000000,8
1436921280000,1436921759000,2.33173,2.33274,2.33081,2.33262,692000000,8
1436921760000,1436922239000,2.33261,2.33506,2.33261,2.33309,545840000,8
1436922240000,1436922719000,2.33309,2.33399,2.33261,2.33292,411250000,8
1436922720000,1436923199000,2.33292,2.33312,2.33219,2.33285,452500000,8
1436923200000,1436923679000,2.33285,2.33514,2.33279,2.33454,537000000,8
1436923680000,1436924159000,2.33453,2.33544,2.33304,2.33304,496500000,8
1436924160000,1436924639000,2.33314,2.33354,2.33234,2.33313,530000000,8
1436924640000,1436925119000,2.33314,2.33333,2.32919,2.32944,597500000,8
1436925120000,1436925599000,2.32943,2.33052,2.32854,2.32928,721610000,8
1436925600000,1436926079000,2.32739,2.33044,2.32556,2.32943,821200000,8
1436926080000,1436926559000,2.32953,2.33014,2.32893,2.32931,507900000,8
1436926560000,1436927039000,2.32933,2.33074,2.32833,2.32984,364140000,8
1436927040000,1436927519000,2.32994,2.32994,2.32737,2.32803,504130000,8
1436927520000,1436927999000,2.32803,2.33013,2.32783,2.33013,398530000,8
1436928000000,1436928479000,2.33014,2.33304,2.3301,2.33233,548150000,8
1436928480000,1436928959000,2.33234,2.33313,2.33101,2.33184,467850000,8
1436928960000,1436929439000,2.33184,2.33294,2.33123,2.33184,452230000,8
1436929440000,1436929919000,2.33184,2.33284,2.33123,2.33154,327650000,8
1436929920000,1436930399000,2.33153,2.33203,2.33033,2.33043,410020000,8
1436930400000,1436930879000,2.33044,2.33144,2.33033,2.33045,309840000,8
1436930880000,1436931359000,2.33052,2.33134,2.33051,2.33074,348300000,8
1436931360000,1436931839000,2.33073,2.33184,2.33063,2.33154,432720000,8
1436931840000,1436932319000,2.33164,2.33184,2.33073,2.33103,401360000,8
1436932320000,1436932799000,2.33103,2.33204,2.33073,2.33153,308000000,8
1436932800000,1436933279000,2.33154,2.33233,2.33153,2.33194,368000000,8
1436933280000,1436933759000,2.33193,2.33254,2.33153,2.33183,363250000,8
1436933760000,1436934239000,2.33195,2.33226,2.33173,2.33213,259250000,8
1436934240000,1436934719000,2.33214,2.33214,2.33074,2.33124,237680000,8
1436934720000,1436935199000,2.33124,2.33198,2.33083,2.33183,355930000,8
1436935200000,1436935679000,2.33184,2.33256,2.33143,2.33251,363880000,8
1436935680000,1436936159000,2.33241,2.33264,2.33176,2.33254,396000000,8
1436936160000,1436936639000,2.33254,2.33304,2.33181,2.33233,436500000,8
1436936640000,1436937119000,2.33244,2.33292,2.33213,2.33274,361450000,8
1436937120000,1436937599000,2.33267,2.33423,2.33233,2.33312,555760000,8
1436937600000,1436938079000,2.33312,2.33532,2.33304,2.33431,545650000,8
1436938080000,1436938559000,2.33421,2.33474,2.33351,2.33453,357470000,8
1436938560000,1436939039000,2.33454,2.33662,2.33453,2.33561,571560000,8
1436939040000,1436939519000,2.33561,2.33582,2.33303,2.33313,591600000,8
1436939520000,1436939999000,2.33314,2.33404,2.33293,2.33308,534900000,8
1436940000000,1436940479000,2.33308,2.33464,2.33236,2.33444,637770000,8
1436940480000,1436940959000,2.33444,2.33464,2.33353,2.33373,651070000,8
1436940960000,1436941439000,2.33374,2.33533,2.33301,2.33324,802840000,8
1436941440000,1436941919000,2.33324,2.33613,2.33318,2.33554,870490000,8
1436941920000,1436942399000,2.33553,2.33614,2.33464,2.33483,740830000,8
1436942400000,1436942879000,2.33484,2.33614,2.33473,2.33583,640210000,8
1436942880000,1436943359000,2.33584,2.33704,2.33563,2.33663,844680000,8
1436943360000,1436943839000,2.33653,2.33862,2.33603,2.33862,940200000,8
1436943840000,1436944319000,2.33871,2.34002,2.33751,2.33783,1063770000,8
1436944320000,1436944799000,2.33782,2.33934,2.33771,2.33934,848460000,8
1436944800000,1436945279000,2.33923,2.33973,2.33733,2.33843,903290000,8
1436945280000,1436945759000,2.33843,2.33854,2.33673,2.33734,868980000,8
1436945760000,1436946239000,2.33734,2.33984,2.33723,2.33934,813580000,8
1436946240000,1436946719000,2.33933,2.33994,2.33813,2.33893,832520000,8
1436946720000,1436947199000,2.33894,2.33904,2.33793,2.33824,847170000,8
1436947200000,1436947679000,2.33823,2.33904,2.33651,2.33711,1121240000,8
1436947680000,1436948159000,2.33713,2.33964,2.33712,2.33963,923250000,8
1436948160000,1436948639000,2.33974,2.34103,2.33829,2.34073,790910000,8
1436948640000,1436949119000,2.34065,2.34114,2.33292,2.33319,1255000000,8
1436949120000,1436949599000,2.33325,2.33512,2.33201,2.33512,1149630000,8
1436949600000,1436950079000,2.33511,2.33734,2.33501,2.33664,956000000,8
1436950080000,1436950559000,2.33663,2.33782,2.33642,2.33774,696500000,8
1436950560000,1436951039000,2.33764,2.33772,2.33601,2.33682,922540000,8
1436951040000,1436951519000,2.33674,2.33703,2.33511,2.33544,779000000,8
1436951520000,1436951999000,2.33543,2.33544,2.33343,2.33383,620540000,8
1436952000000,1436952479000,2.33383,2.33394,2.33283,2.33334,546050000,8
1436952480000,1436952959000,2.33333,2.33524,2.33253,2.33514,628110000,8
1436952960000,1436953439000,2.33514,2.33524,2.33313,2.33513,789350000,8
1436953440000,1436953919000,2.33514,2.33641,2.33473,2.33633,630760000,8
1436953920000,1436954399000,2.33636,2.33643,2.33373,2.33473,736080000,8
1436954400000,1436954879000,2.33474,2.33674,2.33403,2.33674,627990000,8
1436954880000,1436955359000,2.33673,2.33674,2.33462,2.33543,469420000,8
1436955360000,1436955839000,2.33553,2.33636,2.33501,2.33552,545960000,8
1436955840000,1436956319000,2.33551,2.33572,2.33443,2.33511,508080000,8
1436956320000,1436956799000,2.33511,2.33714,2.33463,2.33693,520190000,8
1436956800000,1436957279000,2.33694,2.33774,2.33676,2.33741,501720000,8
1436957280000,1436957759000,2.33744,2.33912,2.33721,2.33821,614430000,8
1436957760000,1436958239000,2.33832,2.33852,2.33623,2.33664,542800000,8
1436958240000,1436958719000,2.33674,2.33674,2.33413,2.33534,627810000,8
1436958720000,1436959199000,2.33533,2.33634,2.33473,2.33476,483790000,8
1436959200000,1436959679000,2.33484,2.33664,2.33463,2.33604,603960000,8
1436959680000,1436960159000,2.33603,2.33654,2.33503,2.33644,532960000,8
1436960160000,1436960639000,2.33653,2.33744,2.33593,2.33603,607980000,8
1436960640000,1436961119000,2.33604,2.33643,2.33437,2.33437,716180000,8
1436961120000,1436961599000,2.33454,2.33475,2.33313,2.33353,563910000,8
1436961600000,1436962079000,2.33353,2.33524,2.33324,2.33433,657060000,8
1436962080000,1436962559000,2.33434,2.33524,2.33284,2.33454,810020000,8
1436962560000,1436963039000,2.33454,2.33534,2.33163,2.33233,790720000,8
1436963040000,1436963519000,2.33233,2.33587,2.3285,2.33573,1047120000,8
1436963520000,1436963999000,2.33574,2.33771,2.33501,2.33641,1685960000,8
1436964000000,1436964479000,2.33642,2.34021,2.33632,2.33924,1227100000,8
1436964480000,1436964959000,2.33913,2.33932,2.33712,2.33843,821500000,8
1436964960000,1436965439000,2.33844,2.33854,2.33722,2.33732,676180000,8
1436965440000,1436965919000,2.33742,2.33834,2.33668,2.33803,745930000,8
1436965920000,1436966399000,2.33814,2.34015,2.33755,2.33853,1060990000,8
1436966400000,1436966879000,2.33853,2.33964,2.33743,2.33874,1080310000,8
1436966880000,1436967359000,2.33864,2.33924,2.33699,2.33819,889560000,8
1436967360000,1436967839000,2.33821,2.33979,2.33754,2.33963,1017730000,8
1436967840000,1436968319000,2.33964,2.34844,2.33665,2.34804,1406860000,8
1436968320000,1436968799000,2.34804,2.35037,2.34304,2.34414,1415100000,8
1436968800000,1436969279000,2.34418,2.35404,2.34414,2.34733,1506770000,8
1436969280000,1436969759000,2.34731,2.34986,2.34731,2.34893,920550000,8
1436969760000,1436970239000,2.34901,2.35447,2.34864,2.35224,1611390000,8
1436970240000,1436970719000,2.35223,2.35334,2.35104,2.35253,1306390000,8
1436970720000,1436971199000,2.35253,2.35484,2.35167,2.35205,1388030000,8
1436971200000,1436971679000,2.35205,2.35524,2.35205,2.35383,1069200000,8
1436971680000,1436972159000,2.3539,2.35694,2.35296,2.35614,888180000,8
1436972160000,1436972639000,2.35606,2.35724,2.35511,2.35673,1243140000,8
1436972640000,1436973119000,2.35665,2.35979,2.35594,2.35979,1042580000,8
1436973120000,1436973599000,2.35995,2.36282,2.35933,2.36084,1277830000,8
1436973600000,1436974079000,2.36084,2.36564,2.36083,2.36367,1137210000,8
1436974080000,1436974559000,2.36373,2.36393,2.36033,2.36063,1180670000,8
1436974560000,1436975039000,2.36063,2.363,2.36043,2.36173,1042340000,8
1436975040000,1436975519000,2.36173,2.36504,2.36163,2.36423,959320000,8
1436975520000,1436975999000,2.36423,2.36554,2.36318,2.36473,848660000,8
1436976000000,1436976479000,2.36473,2.37259,2.36381,2.36893,1376170000,8
1436976480000,1436976959000,2.36904,2.36923,2.36482,2.36594,800760000,8
1436976960000,1436977439000,2.36593,2.36973,2.36583,2.3683,621130000,8
1436977440000,1436977919000,2.3683,2.36886,2.36703,2.36814,844890000,8
1436977920000,1436978399000,2.36824,2.3727,2.36813,2.37164,1003940000,8
1436978400000,1436978879000,2.37163,2.37183,2.36894,2.36913,751020000,8
1436978880000,1436979359000,2.36903,2.37154,2.36873,2.36884,848150000,8
1436979360000,1436979839000,2.36883,2.36924,2.36744,2.36804,600590000,8
1436979840000,1436980319000,2.36804,2.36844,2.36711,2.36761,495470000,8
1436980320000,1436980799000,2.36762,2.36792,2.36602,2.36644,632500000,8
1436980800000,1436981279000,2.36643,2.36964,2.36643,2.36954,767910000,8
1436981280000,1436981759000,2.36953,2.37044,2.36933,2.36974,550700000,8
1436981760000,1436982239000,2.36974,2.37114,2.36962,2.36964,455110000,8
1436982240000,1436982719000,2.36963,2.37023,2.36932,2.36992,550080000,8
1436982720000,1436983199000,2.36991,2.37193,2.36979,2.37133,464030000,8
1436983200000,1436983679000,2.37134,2.37215,2.36891,2.36902,530000000,8
1436983680000,1436984159000,2.36901,2.36941,2.36802,2.36884,394560000,8
1436984160000,1436984639000,2.36882,2.36904,2.36793,2.36804,290240000,8
1436984640000,1436985119000,2.36803,2.36844,2.36713,2.36724,386720000,8
1436985120000,1436985599000,2.36723,2.36782,2.36683,2.36703,353270000,8
1436985600000,1436986079000,2.36704,2.36814,2.36673,2.36714,518130000,8
1436986080000,1436986559000,2.36721,2.36844,2.36711,2.36771,384570000,8
1436986560000,1436987039000,2.36782,2.37078,2.36712,2.36974,821910000,8
1436987040000,1436987519000,2.36973,2.37043,2.36863,2.36923,538590000,8
1436987520000,1436987999000,2.36923,2.37063,2.36828,2.36963,455990000,8
1436988000000,1436988479000,2.36974,2.37084,2.36953,2.36985,594430000,8
1436988480000,1436988959000,2.36984,2.37094,2.36983,2.37074,298450000,8
1436988960000,1436989439000,2.37073,2.37124,2.37003,2.37016,389780000,8
1436989440000,1436989919000,2.37023,2.37053,2.36931,2.36964,511260000,8
1436989920000,1436990399000,2.36963,2.37061,2.36914,2.37041,417730000,8
1436990400000,1436990879000,2.37042,2.37242,2.37001,2.37162,382080000,8
1436990880000,1436991359000,2.37161,2.37272,2.37064,2.37122,384200000,8
1436991360000,1436991839000,2.37121,2.37165,2.37012,2.3708,384420000,8
1436991840000,1436992319000,2.3708,2.37119,2.36953,2.37094,427250000,8
1436992320000,1436992799000,2.37099,2.37184,2.37047,2.37079,570990000,8
1436992800000,1436993279000,2.37081,2.37099,2.36981,2.37032,980000000,8
1436993280000,1436993759000,2.37032,2.37141,2.36995,2.37122,744500000,8
1436993760000,1436994239000,2.37122,2.37322,2.37117,2.37272,410600000,8
1436994240000,1436994719000,2.37272,2.37272,2.37024,2.371,171000000,8
1436994720000,1436995199000,2.37101,2.37212,2.36762,2.36894,231000000,8
1436995200000,1436995679000,2.36911,2.36956,2.36759,2.36774,109000000,8
1436995680000,1436996159000,2.36762,2.36852,2.36738,2.36784,91250000,8
1436996160000,1436996639000,2.36783,2.37078,2.3677,2.36903,212770000,8
1436996640000,1436997119000,2.36903,2.36951,2.36842,2.36916,653500000,8
1436997120000,1436997599000,2.36919,2.37086,2.36853,2.36942,818500000,8
1436997600000,1436998079000,2.3699,2.37092,2.36911,2.37061,620250000,8
1436998080000,1436998559000,2.37061,2.37182,2.36961,2.37122,936250000,8
1436998560000,1436999039000,2.37122,2.37131,2.36992,2.37011,442000000,8
1436999040000,1436999519000,2.37012,2.37012,2.36863,2.36864,324000000,8
1436999520000,1436999999000,2.36854,2.36984,2.36823,2.36921,510500000,8
1437000000000,1437000479000,2.36913,2.38124,2.3673,2.37444,1051510000,8
1437000480000,1437000959000,2.37454,2.38072,2.37353,2.37701,982750000,8
1437000960000,1437001439000,2.37697,2.37862,2.37384,2.37527,810000000,8
1437001440000,1437001919000,2.3752,2.37554,2.37246,2.37465,551000000,8
1437001920000,1437002399000,2.37462,2.37602,2.37281,2.37584,534500000,8
1437002400000,1437002879000,2.37584,2.37621,2.37321,2.37614,438750000,8
1437002880000,1437003359000,2.37621,2.37632,2.37362,2.37473,290840000,8
1437003360000,1437003839000,2.37473,2.37644,2.37471,2.37613,431000000,8
1437003840000,1437004319000,2.37614,2.37688,2.37461,2.37651,597000000,8
1437004320000,1437004799000,2.37651,2.38067,2.37613,2.37774,880430000,8
1437004800000,1437005279000,2.37773,2.38263,2.37745,2.38132,867340000,8
1437005280000,1437005759000,2.38131,2.38275,2.37982,2.38058,631630000,8
1437005760000,1437006239000,2.38058,2.38286,2.38042,2.38152,444290000,8
1437006240000,1437006719000,2.38152,2.38307,2.38084,2.38084,661610000,8
1437006720000,1437007199000,2.38084,2.38165,2.38058,2.38101,505320000,8
1437007200000,1437007679000,2.38101,2.38124,2.37934,2.37992,551630000,8
1437007680000,1437008159000,2.37991,2.38234,2.37981,2.38224,419830000,8
1437008160000,1437008639000,2.38232,2.38758,2.38183,2.38523,898500000,8
1437008640000,1437009119000,2.38524,2.38781,2.38381,2.38689,744650000,8
1437009120000,1437009599000,2.38689,2.38786,2.38673,2.38673,420770000,8
1437009600000,1437010079000,2.38684,2.38754,2.38422,2.38554,706580000,8
1437010080000,1437010559000,2.38553,2.38826,2.38534,2.38781,703540000,8
1437010560000,1437011039000,2.3878,2.38914,2.38741,2.38747,1015470000,8
1437011040000,1437011519000,2.38747,2.38782,2.38627,2.38695,488650000,8
1437011520000,1437011999000,2.38694,2.38744,2.38481,2.3854,687220000,8
1437012000000,1437012479000,2.3854,2.38564,2.38424,2.38524,671000000,8
1437012480000,1437012959000,2.38524,2.38664,2.38483,2.38493,758890000,8
1437012960000,1437013439000,2.38493,2.38494,2.38234,2.38246,690030000,8
1437013440000,1437013919000,2.38246,2.38393,2.38236,2.38343,645780000,8
1437013920000,1437014399000,2.38339,2.38634,2.38339,2.38601,625280000,8
1437014400000,1437014879000,2.38612,2.38931,2.38602,2.38795,575430000,8
1437014880000,1437015359000,2.38796,2.38843,2.38603,2.38673,464760000,8
1437015360000,1437015839000,2.38673,2.38676,2.38391,2.38501,583380000,8
1437015840000,1437016319000,2.38501,2.38514,2.38412,2.38444,521670000,8
1437016320000,1437016799000,2.38433,2.38562,2.38393,2.38551,386080000,8
1437016800000,1437017279000,2.38561,2.38562,2.38481,2.38552,386690000,8
1437017280000,1437017759000,2.38552,2.38642,2.38492,2.38612,486030000,8
1437017760000,1437018239000,2.38612,2.38744,2.38592,2.38654,430190000,8
1437018240000,1437018719000,2.38653,2.39312,2.38621,2.39312,509530000,8
1437018720000,1437019199000,2.39312,2.39397,2.39063,2.39193,794180000,8
1437019200000,1437019679000,2.39194,2.39615,2.39144,2.39534,830720000,8
1437019680000,1437020159000,2.39544,2.39574,2.39333,2.39433,598820000,8
1437020160000,1437020639000,2.39434,2.39624,2.39433,2.39543,364640000,8
1437020640000,1437021119000,2.39544,2.39981,2.39483,2.39852,874670000,8
1437021120000,1437021599000,2.39862,2.40084,2.39831,2.39834,750400000,8
1437021600000,1437022079000,2.39844,2.39854,2.39743,2.39774,854580000,8
1437022080000,1437022559000,2.39774,2.39955,2.39662,2.39693,463610000,8
1437022560000,1437023039000,2.39693,2.3977,2.39514,2.39765,604780000,8
1437023040000,1437023519000,2.39763,2.3978,2.39512,2.39561,447080000,8
1437023520000,1437023999000,2.39561,2.39922,2.39551,2.39888,631180000,8
1437024000000,1437024479000,2.39883,2.40226,2.39743,2.39774,793130000,8
1437024480000,1437024959000,2.39773,2.39843,2.39678,2.39681,777140000,8
1437024960000,1437025439000,2.39682,2.39834,2.39661,2.39834,581520000,8
1437025440000,1437025919000,2.39839,2.39843,2.39617,2.39683,514420000,8
1437025920000,1437026399000,2.39684,2.39802,2.39586,2.39801,575320000,8
1437026400000,1437026879000,2.39801,2.39816,2.39601,2.39652,789640000,8
1437026880000,1437027359000,2.39652,2.39772,2.39562,2.39664,710160000,8
1437027360000,1437027839000,2.39663,2.39664,2.3917,2.39214,807860000,8
1437027840000,1437028319000,2.39208,2.39301,2.39116,2.39286,890340000,8
1437028320000,1437028799000,2.39286,2.39364,2.39248,2.39274,1019100000,8
1437028800000,1437029279000,2.39274,2.39304,2.3895,2.39224,1078920000,8
1437029280000,1437029759000,2.39223,2.39286,2.39163,2.39286,884920000,8
1437029760000,1437030239000,2.39286,2.39453,2.39283,2.39382,828000000,8
1437030240000,1437030719000,2.39384,2.39579,2.39353,2.39543,1108080000,8
1437030720000,1437031199000,2.39543,2.39603,2.39391,2.39484,1043240000,8
1437031200000,1437031679000,2.39484,2.39714,2.39474,2.39584,1130710000,8
1437031680000,1437032159000,2.39584,2.39713,2.39499,2.39692,1109780000,8
1437032160000,1437032639000,2.39683,2.39874,2.39533,2.39553,1497990000,8
1437032640000,1437033119000,2.39543,2.39558,2.39351,2.39384,1109740000,8
1437033120000,1437033599000,2.39384,2.39544,2.39199,2.39354,1178790000,8
1437033600000,1437034079000,2.39353,2.39423,2.39128,2.39193,1288620000,8
1437034080000,1437034559000,2.39193,2.39194,2.38841,2.38894,874010000,8
1437034560000,1437035039000,2.38893,2.39094,2.38873,2.39084,790080000,8
1437035040000,1437035519000,2.39083,2.39254,2.39057,2.39093,788970000,8
1437035520000,1437035999000,2.39093,2.39364,2.39087,2.39344,858240000,8
1437036000000,1437036479000,2.39343,2.39424,2.39113,2.39382,1117220000,8
1437036480000,1437036959000,2.39383,2.39674,2.39362,2.39448,1077190000,8
1437036960000,1437037439000,2.39448,2.39466,2.39141,2.39173,1097240000,8
1437037440000,1437037919000,2.39173,2.39424,2.39113,2.39143,1037540000,8
1437037920000,1437038399000,2.39134,2.39174,2.39033,2.39163,779740000,8
1437038400000,1437038879000,2.39164,2.39334,2.3905,2.39283,920480000,8
1437038880000,1437039359000,2.39283,2.3946,2.39273,2.39393,839530000,8
1437039360000,1437039839000,2.39394,2.39414,2.39233,2.39253,753900000,8
1437039840000,1437040319000,2.39254,2.39464,2.39253,2.39333,638100000,8
1437040320000,1437040799000,2.39334,2.39471,2.39305,2.39414,798270000,8
1437040800000,1437041279000,2.39414,2.39602,2.39283,2.39602,1012860000,8
1437041280000,1437041759000,2.39601,2.39677,2.39391,2.39491,857640000,8
1437041760000,1437042239000,2.39491,2.39613,2.39471,2.39572,889630000,8
1437042240000,1437042719000,2.39572,2.39604,2.39216,2.39394,991580000,8
1437042720000,1437043199000,2.39393,2.39453,2.39231,2.39253,648280000,8
1437043200000,1437043679000,2.39254,2.39504,2.39251,2.39483,696280000,8
1437043680000,1437044159000,2.39484,2.39574,2.39372,2.39393,929190000,8
1437044160000,1437044639000,2.39384,2.39433,2.39274,2.39279,972620000,8
1437044640000,1437045119000,2.39279,2.39294,2.39051,2.39132,916370000,8
1437045120000,1437045599000,2.39131,2.39151,2.39021,2.39051,648290000,8
1437045600000,1437046079000,2.39043,2.39114,2.39003,2.39024,568020000,8
1437046080000,1437046559000,2.39023,2.39044,2.38753,2.38763,682280000,8
1437046560000,1437047039000,2.38765,2.38853,2.38701,2.38834,1087350000,8
1437047040000,1437047519000,2.38833,2.38874,2.38634,2.38683,826090000,8
1437047520000,1437047999000,2.38684,2.38724,2.38473,2.38628,860640000,8
1437048000000,1437048479000,2.38628,2.38704,2.38513,2.38672,885320000,8
1437048480000,1437048959000,2.38673,2.38854,2.38652,2.38794,755590000,8
1437048960000,1437049439000,2.38803,2.38823,2.38661,2.38722,883860000,8
1437049440000,1437049919000,2.38722,2.38841,2.38479,2.38773,1115770000,8
1437049920000,1437050399000,2.38773,2.38784,2.38493,2.38721,1185240000,8
1437050400000,1437050879000,2.38721,2.39144,2.38721,2.39073,1161970000,8
1437050880000,1437051359000,2.39073,2.39104,2.38773,2.38784,1245690000,8
1437051360000,1437051839000,2.38784,2.38863,2.38742,2.38812,1191180000,8
1437051840000,1437052319000,2.38813,2.38852,2.38634,2.38717,1025380000,8
1437052320000,1437052799000,2.3872,2.38844,2.38701,2.38721,1065680000,8
1437052800000,1437053279000,2.38732,2.38772,2.38368,2.38432,901620000,8
1437053280000,1437053759000,2.38423,2.38614,2.38193,2.38543,853680000,8
1437053760000,1437054239000,2.38554,2.38734,2.38483,2.38614,965490000,8
1437054240000,1437054719000,2.38609,2.38614,2.38411,2.38444,1174020000,8
1437054720000,1437055199000,2.38443,2.38574,2.3839,2.38479,785200000,8
1437055200000,1437055679000,2.38479,2.38654,2.38323,2.38424,1349740000,8
1437055680000,1437056159000,2.38423,2.38574,2.38303,2.38333,1056780000,8
1437056160000,1437056639000,2.38342,2.38432,2.38279,2.38313,912020000,8
1437056640000,1437057119000,2.38322,2.38594,2.38313,2.38433,820240000,8
1437057120000,1437057599000,2.38444,2.38654,2.38433,2.38621,854110000,8
1437057600000,1437058079000,2.38621,2.38844,2.38424,2.38564,955880000,8
1437058080000,1437058559000,2.38563,2.38644,2.38483,2.38576,636350000,8
1437058560000,1437059039000,2.38575,2.38585,2.38453,2.38574,1257580000,8
1437059040000,1437059519000,2.38574,2.38924,2.38573,2.38856,927180000,8
1437059520000,1437059999000,2.38856,2.39024,2.38833,2.39013,755110000,8
1437060000000,1437060479000,2.39004,2.39144,2.38913,2.38914,541200000,8
1437060480000,1437060959000,2.38923,2.38923,2.38723,2.38723,583030000,8
1437060960000,1437061439000,2.38733,2.38744,2.38481,2.38673,686450000,8
1437061440000,1437061919000,2.38674,2.38694,2.385,2.38583,538060000,8
1437061920000,1437062399000,2.38593,2.38603,2.38394,2.38603,691430000,8
1437062400000,1437062879000,2.386,2.3871,2.38545,2.38704,456990000,8
1437062880000,1437063359000,2.38704,2.38844,2.38673,2.38834,261970000,8
1437063360000,1437063839000,2.38834,2.38873,2.38813,2.38854,266770000,8
1437063840000,1437064319000,2.38853,2.38953,2.38823,2.38843,484080000,8
1437064320000,1437064799000,2.38854,2.38874,2.38774,2.38863,237210000,8
1437064800000,1437065279000,2.38864,2.38964,2.38853,2.38933,312640000,8
1437065280000,1437065759000,2.38944,2.39214,2.38893,2.39194,397400000,8
1437065760000,1437066239000,2.39204,2.39244,2.39123,2.39184,397240000,8
1437066240000,1437066719000,2.39183,2.39274,2.39163,2.39203,328290000,8
1437066720000,1437067199000,2.39204,2.39204,2.39048,2.39051,393190000,8
1437067200000,1437067679000,2.39051,2.39233,2.39035,2.39133,556120000,8
1437067680000,1437068159000,2.39133,2.39283,2.39133,2.39273,369360000,8
1437068160000,1437068639000,2.39273,2.39294,2.39223,2.39294,169140000,8
1437068640000,1437069119000,2.39293,2.39384,2.39243,2.39293,297370000,8
1437069120000,1437069599000,2.39294,2.39394,2.39293,2.39368,290930000,8
1437069600000,1437070079000,2.39368,2.39634,2.39333,2.39463,631010000,8
1437070080000,1437070559000,2.39454,2.39613,2.39454,2.39474,510470000,8
1437070560000,1437071039000,2.39484,2.39654,2.39443,2.39643,415090000,8
1437071040000,1437071519000,2.39643,2.39894,2.39643,2.39784,564000000,8
1437071520000,1437071999000,2.39783,2.39794,2.39534,2.39614,339280000,8
1437072000000,1437072479000,2.39603,2.39704,2.39563,2.39564,401320000,8
1437072480000,1437072959000,2.39564,2.39614,2.39537,2.39563,429130000,8
1437072960000,1437073439000,2.39554,2.39744,2.39503,2.39523,848950000,8
1437073440000,1437073919000,2.39524,2.39633,2.39523,2.39613,431710000,8
1437073920000,1437074399000,2.39624,2.39694,2.39613,2.39653,554280000,8
1437074400000,1437074879000,2.39653,2.39683,2.39574,2.39593,331030000,8
1437074880000,1437075359000,2.39593,2.39704,2.39583,2.39683,206600000,8
1437075360000,1437075839000,2.39683,2.39809,2.39643,2.39704,359430000,8
1437075840000,1437076319000,2.39704,2.39733,2.39653,2.39653,220470000,8
1437076320000,1437076799000,2.39656,2.39684,2.39563,2.39627,387750000,8
1437076800000,1437077279000,2.39627,2.39634,2.39529,2.39581,312280000,8
1437077280000,1437077759000,2.39584,2.3968,2.39584,2.39668,273730000,8
1437077760000,1437078239000,2.39671,2.39674,2.39611,2.39644,197900000,8
1437078240000,1437078719000,2.39643,2.39674,2.39514,2.39544,277050000,8
1437078720000,1437079199000,2.39544,2.39596,2.39492,2.3951,581000000,8
1437079200000,1437079679000,2.3951,2.39527,2.39442,2.39502,651880000,8
1437079680000,1437080159000,2.39502,2.39504,2.39402,2.39434,935750000,8
1437080160000,1437080639000,2.39434,2.39556,2.39425,2.39552,489000000,8
1437080640000,1437081119000,2.39552,2.39552,2.39329,2.39455,42250000,8
1437081120000,1437081599000,2.3946,2.39564,2.3946,2.39544,23750000,8
1437081600000,1437082079000,2.39534,2.39569,2.39463,2.39511,79180000,8
1437082080000,1437082559000,2.39511,2.39536,2.39428,2.39484,99750000,8
1437082560000,1437083039000,2.39464,2.39514,2.39235,2.39435,783750000,8
1437083040000,1437083519000,2.39435,2.39456,2.39299,2.39414,1116000000,8
1437083520000,1437083999000,2.39428,2.39553,2.39401,2.39515,661500000,8
1437084000000,1437084479000,2.39515,2.39661,2.39389,2.39431,444750000,8
1437084480000,1437084959000,2.39431,2.39481,2.39329,2.39351,786250000,8
1437084960000,1437085439000,2.39352,2.39415,2.39309,2.39352,444500000,8
1437085440000,1437085919000,2.39348,2.39609,2.39313,2.3947,399000000,8
1437085920000,1437086399000,2.39468,2.39606,2.39435,2.39447,534000000,8
1437086400000,1437086879000,2.39447,2.39606,2.39433,2.39591,316000000,8
1437086880000,1437087359000,2.39593,2.39622,2.39403,2.39404,298750000,8
1437087360000,1437087839000,2.39395,2.3954,2.39373,2.39423,492000000,8
1437087840000,1437088319000,2.39424,2.39447,2.39384,2.39384,465500000,8
1437088320000,1437088799000,2.39384,2.3939,2.39355,2.3939,395500000,8
1437088800000,1437089279000,2.3939,2.39399,2.39271,2.39312,317500000,8
1437089280000,1437089759000,2.39311,2.39374,2.39283,2.39374,352000000,8
1437089760000,1437090239000,2.39374,2.39461,2.39332,2.39461,327250000,8
1437090240000,1437090719000,2.3946,2.39494,2.39318,2.39394,415500000,8
1437090720000,1437091199000,2.39384,2.39394,2.39213,2.39323,561750000,8
1437091200000,1437091679000,2.39323,2.39344,2.39183,2.39184,485000000,8
1437091680000,1437092159000,2.39184,2.39274,2.39143,2.39273,319500000,8
1437092160000,1437092639000,2.39273,2.39307,2.39212,2.39291,349250000,8
1437092640000,1437093119000,2.39291,2.39348,2.39245,2.39329,372090000,8
1437093120000,1437093599000,2.39333,2.39339,2.39237,2.39321,398500000,8
1437093600000,1437094079000,2.39321,2.39353,2.39276,2.39322,397090000,8
1437094080000,1437094559000,2.39322,2.39344,2.39124,2.39213,474250000,8
1437094560000,1437095039000,2.39213,2.39323,2.39208,2.39224,422840000,8
1437095040000,1437095519000,2.39224,2.39254,2.39196,2.39203,261500000,8
1437095520000,1437095999000,2.39211,2.39254,2.39139,2.39139,517500000,8
1437096000000,1437096479000,2.39143,2.39202,2.39103,2.39111,365750000,8
1437096480000,1437096959000,2.39111,2.39221,2.39083,2.39212,556250000,8
1437096960000,1437097439000,2.3921,2.3921,2.39056,2.39094,554250000,8
1437097440000,1437097919000,2.39102,2.39107,2.38953,2.39031,600750000,8
1437097920000,1437098399000,2.39032,2.39081,2.39005,2.39063,564500000,8
1437098400000,1437098879000,2.39063,2.39364,2.39027,2.39312,648880000,8
1437098880000,1437099359000,2.39307,2.39364,2.39273,2.39283,488750000,8
1437099360000,1437099839000,2.39283,2.39283,2.39153,2.39175,360500000,8
1437099840000,1437100319000,2.3917,2.39295,2.3917,2.39294,417250000,8
1437100320000,1437100799000,2.39295,2.39324,2.39231,2.39305,279250000,8
1437100800000,1437101279000,2.39306,2.39314,2.39171,2.39253,471500000,8
1437101280000,1437101759000,2.39254,2.39296,2.39154,2.39182,350750000,8
1437101760000,1437102239000,2.39184,2.39221,2.39104,2.39111,397500000,8
1437102240000,1437102719000,2.39111,2.39142,2.39011,2.39074,456000000,8
1437102720000,1437103199000,2.39082,2.39132,2.39061,2.39091,246500000,8
1437103200000,1437103679000,2.39091,2.39151,2.39071,2.39094,334500000,8
1437103680000,1437104159000,2.39102,2.39111,2.39021,2.39032,346750000,8
1437104160000,1437104639000,2.39032,2.39052,2.38952,2.39012,276500000,8
1437104640000,1437105119000,2.39012,2.39127,2.39001,2.39033,295250000,8
1437105120000,1437105599000,2.39033,2.39073,2.38935,2.38935,376250000,8
1437105600000,1437106079000,2.38934,2.39102,2.38934,2.39081,419000000,8
1437106080000,1437106559000,2.39081,2.39194,2.39071,2.39162,380000000,8
1437106560000,1437107039000,2.39161,2.39241,2.39081,2.39112,351500000,8
1437107040000,1437107519000,2.39112,2.39172,2.39054,2.39132,397750000,8
1437107520000,1437107999000,2.39132,2.39142,2.39051,2.39062,567500000,8
1437108000000,1437108479000,2.39062,2.39102,2.38971,2.39001,364500000,8
1437108480000,1437108959000,2.39011,2.39036,2.38981,2.39016,323250000,8
1437108960000,1437109439000,2.39016,2.39017,2.38892,2.38993,426250000,8
1437109440000,1437109919000,2.38984,2.39064,2.38971,2.39033,323470000,8
1437109920000,1437110399000,2.39033,2.39064,2.38999,2.39021,502450000,8
1437110400000,1437110879000,2.39014,2.39094,2.38975,2.39046,499900000,8
1437110880000,1437111359000,2.39044,2.39123,2.3904,2.39104,313570000,8
1437111360000,1437111839000,2.39104,2.39162,2.39022,2.39152,500190000,8
1437111840000,1437112319000,2.39161,2.39169,2.3895,2.39063,783780000,8
1437112320000,1437112799000,2.39063,2.39166,2.39013,2.39062,743650000,8
1437112800000,1437113279000,2.39051,2.39244,2.39004,2.39213,689320000,8
1437113280000,1437113759000,2.39212,2.39462,2.39212,2.39414,769770000,8
1437113760000,1437114239000,2.39412,2.39502,2.39371,2.39431,565620000,8
1437114240000,1437114719000,2.39432,2.39554,2.39331,2.39519,649970000,8
1437114720000,1437115199000,2.39519,2.39581,2.39411,2.39492,927460000,8
1437115200000,1437115679000,2.39491,2.39643,2.39484,2.39621,739600000,8
1437115680000,1437116159000,2.39621,2.39692,2.39571,2.39628,834050000,8
1437116160000,1437116639000,2.39632,2.39652,2.39553,2.39624,812620000,8
1437116640000,1437117119000,2.39624,2.39702,2.39591,2.39612,1113340000,8
1437117120000,1437117599000,2.39622,2.39792,2.39601,2.39612,829690000,8
1437117600000,1437118079000,2.39612,2.39803,2.39579,2.39632,891040000,8
1437118080000,1437118559000,2.39633,2.39684,2.39593,2.39683,603000000,8
1437118560000,1437119039000,2.39676,2.39774,2.39621,2.39763,742490000,8
1437119040000,1437119519000,2.39772,2.39772,2.39633,2.39681,591500000,8
1437119520000,1437119999000,2.39681,2.39814,2.39671,2.3979,879750000,8
1437120000000,1437120479000,2.3979,2.3979,2.39593,2.39594,811290000,8
1437120480000,1437120959000,2.39593,2.39644,2.39283,2.39364,701940000,8
1437120960000,1437121439000,2.39354,2.39464,2.39183,2.39293,750130000,8
1437121440000,1437121919000,2.39294,2.39423,2.39186,2.39202,880740000,8
1437121920000,1437122399000,2.3921,2.39374,2.39174,2.39214,837690000,8
1437122400000,1437122879000,2.39213,2.39344,2.39213,2.39244,654060000,8
1437122880000,1437123359000,2.39243,2.39502,2.39224,2.39494,687720000,8
1437123360000,1437123839000,2.39494,2.39562,2.39374,2.39391,851010000,8
1437123840000,1437124319000,2.39391,2.39434,2.39263,2.39263,620860000,8
1437124320000,1437124799000,2.39271,2.39294,2.39173,2.39253,651500000,8
1437124800000,1437125279000,2.39253,2.39353,2.39213,2.39253,626300000,8
1437125280000,1437125759000,2.39253,2.39304,2.39184,2.39234,679130000,8
1437125760000,1437126239000,2.39233,2.39234,2.39054,2.39094,602170000,8
1437126240000,1437126719000,2.39095,2.39124,2.38901,2.38984,890200000,8
1437126720000,1437127199000,2.38984,2.39062,2.38949,2.38994,517080000,8
1437127200000,1437127679000,2.38993,2.39014,2.38891,2.38894,600620000,8
1437127680000,1437128159000,2.38896,2.38919,2.38762,2.38815,597380000,8
1437128160000,1437128639000,2.38816,2.38874,2.38612,2.38612,609390000,8
1437128640000,1437129119000,2.38612,2.38809,2.38553,2.38624,607270000,8
1437129120000,1437129599000,2.38634,2.38794,2.38623,2.38771,512430000,8
1437129600000,1437130079000,2.38774,2.38804,2.38514,2.38524,574820000,8
1437130080000,1437130559000,2.38524,2.38524,2.38314,2.38383,629270000,8
1437130560000,1437131039000,2.38384,2.38463,2.37973,2.38049,733140000,8
1437131040000,1437131519000,2.38049,2.38154,2.37999,2.38064,606760000,8
1437131520000,1437131999000,2.38064,2.38329,2.38041,2.38326,782700000,8
1437132000000,1437132479000,2.38328,2.38461,2.38213,2.38344,545270000,8
1437132480000,1437132959000,2.38343,2.38494,2.38323,2.38393,504390000,8
1437132960000,1437133439000,2.38383,2.38385,2.38209,2.38354,438810000,8
1437133440000,1437133919000,2.38363,2.38384,2.38313,2.38354,365810000,8
1437133920000,1437134399000,2.38344,2.38363,2.38119,2.38121,479550000,8
1437134400000,1437134879000,2.38121,2.38132,2.37903,2.37944,555640000,8
1437134880000,1437135359000,2.37943,2.38033,2.37783,2.38004,615040000,8
1437135360000,1437135839000,2.38003,2.38064,2.37813,2.37821,602830000,8
1437135840000,1437136319000,2.37821,2.37881,2.37563,2.37774,1066370000,8
1437136320000,1437136799000,2.37774,2.38554,2.37774,2.38554,1439220000,8
1437136800000,1437137279000,2.38554,2.38623,2.38329,2.38494,1129200000,8
1437137280000,1437137759000,2.38493,2.38543,2.38381,2.38419,863650000,8
1437137760000,1437138239000,2.38419,2.38474,2.38333,2.38373,918080000,8
1437138240000,1437138719000,2.38374,2.38464,2.38201,2.38264,851290000,8
1437138720000,1437139199000,2.38264,2.38264,2.38025,2.38177,824050000,8
1437139200000,1437139679000,2.38175,2.38227,2.3799,2.38076,754190000,8
1437139680000,1437140159000,2.38076,2.38131,2.38051,2.38101,626990000,8
1437140160000,1437140639000,2.38101,2.38102,2.37983,2.38021,802830000,8
1437140640000,1437141119000,2.38022,2.38044,2.37861,2.37884,912960000,8
1437141120000,1437141599000,2.37881,2.38241,2.37864,2.38059,811540000,8
1437141600000,1437142079000,2.38059,2.38452,2.38034,2.38413,1356210000,8
1437142080000,1437142559000,2.38414,2.38644,2.38414,2.38634,1067740000,8
1437142560000,1437143039000,2.38635,2.38892,2.38594,2.38841,1259380000,8
1437143040000,1437143519000,2.38842,2.39041,2.38828,2.38973,911370000,8
1437143520000,1437143999000,2.38984,2.39294,2.38911,2.39192,1100430000,8
1437144000000,1437144479000,2.39193,2.39204,2.39043,2.39094,812580000,8
1437144480000,1437144959000,2.39093,2.39334,2.39083,2.39231,880500000,8
1437144960000,1437145439000,2.39222,2.39278,2.38912,2.39081,1362110000,8
1437145440000,1437145919000,2.39082,2.39132,2.38962,2.39094,937510000,8
1437145920000,1437146399000,2.39093,2.39223,2.39081,2.39214,650220000,8
1437146400000,1437146879000,2.39213,2.39354,2.39164,2.39303,645360000,8
1437146880000,1437147359000,2.39304,2.39314,2.39213,2.39234,636700000,8
1437147360000,1437147839000,2.39223,2.39324,2.39213,2.39303,677840000,8
1437147840000,1437148319000,2.39304,2.39313,2.39216,2.39244,587990000,8
1437148320000,1437148799000,2.39243,2.39379,2.39222,2.39379,527280000,8
1437148800000,1437149279000,2.39379,2.39449,2.3934,2.39383,489840000,8
1437149280000,1437149759000,2.39394,2.39478,2.39383,2.39454,286170000,8
1437149760000,1437150239000,2.39453,2.39644,2.3944,2.39644,432200000,8
1437150240000,1437150719000,2.39644,2.39646,2.39523,2.39543,495630000,8
1437150720000,1437151199000,2.39534,2.39534,2.39373,2.39414,267180000,8
1437151200000,1437151679000,2.39423,2.39534,2.39413,2.39494,184380000,8
1437151680000,1437152159000,2.39494,2.39504,2.39403,2.39434,225260000,8
1437152160000,1437152639000,2.39433,2.39454,2.39273,2.39324,591460000,8
1437152640000,1437153119000,2.39313,2.39324,2.39183,2.39234,466270000,8
1437153120000,1437153599000,2.39233,2.39234,2.39123,2.39173,303380000,8
1437153600000,1437154079000,2.39174,2.39294,2.39163,2.39264,260500000,8
1437154080000,1437154559000,2.39264,2.39324,2.39233,2.39313,241500000,8
1437154560000,1437155039000,2.39323,2.39323,2.39073,2.39124,241880000,8
1437155040000,1437155519000,2.39123,2.39154,2.39083,2.39124,163000000,8
1437155520000,1437155999000,2.39123,2.39214,2.39123,2.39144,236610000,8
1437156000000,1437156479000,2.39144,2.39234,2.39143,2.39183,289630000,8
1437156480000,1437156959000,2.39184,2.39214,2.39173,2.39204,242870000,8
1437156960000,1437157439000,2.39204,2.39254,2.39187,2.39203,278760000,8
1437157440000,1437157919000,2.39204,2.39263,2.39189,2.39249,192360000,8
1437157920000,1437158399000,2.39248,2.39274,2.39193,2.39224,216780000,8
1437158400000,1437158879000,2.39213,2.39233,2.39153,2.39154,280880000,8
1437158880000,1437159359000,2.39153,2.39174,2.39103,2.39103,206840000,8
1437159360000,1437159839000,2.39094,2.39234,2.39094,2.39225,342910000,8
1437159840000,1437160319000,2.39225,2.39244,2.39183,2.39194,161360000,8
1437160320000,1437160799000,2.39194,2.39263,2.39183,2.39233,187070000,8
1437160800000,1437161279000,2.39233,2.39234,2.39193,2.39204,122180000,8
1437161280000,1437161759000,2.39203,2.39214,2.39166,2.39183,130300000,8
1437161760000,1437162239000,2.39183,2.39194,2.39153,2.39154,77040000,8
1437162240000,1437162719000,2.39153,2.39183,2.39114,2.39123,120360000,8
1437162720000,1437163199000,2.39123,2.39124,2.38985,2.38991,272380000,8
1437163200000,1437163679000,2.38991,2.39084,2.38984,2.3905,266700000,8
1437163680000,1437164159000,2.3905,2.39102,2.39016,2.39091,145860000,8
1437164160000,1437164639000,2.39092,2.39102,2.38943,2.38948,248500000,8
1437164640000,1437165119000,2.38949,2.39104,2.38931,2.39096,296750000,8
1437165120000,1437165599000,2.39099,2.39172,2.38924,2.38961,620000000,8
1437165600000,1437166079000,2.38962,2.38962,2.38842,2.38905,732500000,8
1437166080000,1437166559000,2.38902,2.3898,2.38679,2.38859,519490000,8
1437166560000,1437167039000,2.38737,2.39235,2.38723,2.39235,227900000,8
1437167040000,1437167519000,2.39235,2.39235,2.39235,2.39235,0,8
1437167520000,1437167999000,2.39235,2.39235,2.39235,2.39235,0,8
1437168000000,1437168479000,2.39235,2.39235,2.39235,2.39235,0,8
1437168480000,1437168959000,2.39235,2.39235,2.39235,2.39235,0,8
1437168960000,1437169439000,2.39235,2.39235,2.39235,2.39235,0,8
1437169440000,1437169919000,2.39235,2.39235,2.39235,2.39235,0,8
1437169920000,1437170399000,2.39235,2.39235,2.39235,2.39235,0,8
1437170400000,1437170879000,2.39235,2.39235,2.39235,2.39235,0,8
1437170880000,1437171359000,2.39235,2.39235,2.39235,2.39235,0,8
1437171360000,1437171839000,2.39235,2.39235,2.39235,2.39235,0,8
1437171840000,1437172319000,2.39235,2.39235,2.39235,2.39235,0,8
1437172320000,1437172799000,2.39235,2.39235,2.39235,2.39235,0,8
1437172800000,1437173279000,2.39235,2.39235,2.39235,2.39235,0,8
1437173280000,1437173759000,2.39235,2.39235,2.39235,2.39235,0,8
1437173760000,1437174239000,2.39235,2.39235,2.39235,2.39235,0,8
1437174240000,1437174719000,2.39235,2.39235,2.39235,2.39235,0,8
1437174720000,1437175199000,2.39235,2.39235,2.39235,2.39235,0,8
1437175200000,1437175679000,2.39235,2.39235,2.39235,2.39235,0,8
1437175680000,1437176159000,2.39235,2.39235,2.39235,2.39235,0,8
1437176160000,1437176639000,2.39235,2.39235,2.39235,2.39235,0,8
1437176640000,1437177119000,2.39235,2.39235,2.39235,2.39235,0,8
1437177120000,1437177599000,2.39235,2.39235,2.39235,2.39235,0,8
1437341280000,1437341759000,2.39017,2.3907,2.38965,2.3907,21750000,8
1437341760000,1437342239000,2.39068,2.39223,2.3906,2.39157,26750000,8
1437342240000,1437342719000,2.39158,2.39213,2.39035,2.39088,32250000,8
1437343680000,1437344159000,2.39301,2.39302,2.39112,2.39188,496000000,8
1437344160000,1437344639000,2.39195,2.39272,2.39139,2.39202,264250000,8
1437344640000,1437345119000,2.39201,2.39221,2.39155,2.39194,112000000,8
1437345120000,1437345599000,2.39201,2.39202,2.39092,2.39162,226750000,8
1437345600000,1437346079000,2.39161,2.39172,2.39071,2.39112,180500000,8
1437346080000,1437346559000,2.39102,2.39162,2.39051,2.39092,186000000,8
1437346560000,1437347039000,2.39091,2.39132,2.39071,2.39122,430000000,8
1437347040000,1437347519000,2.39112,2.39142,2.39101,2.39101,295000000,8
1437347520000,1437347999000,2.39101,2.39319,2.39101,2.39248,310500000,8
1437348000000,1437348479000,2.39246,2.39332,2.3923,2.39301,229750000,8
1437348480000,1437348959000,2.39304,2.39374,2.39304,2.39341,295250000,8
1437348960000,1437349439000,2.39345,2.39381,2.39272,2.39335,393250000,8
1437349440000,1437349919000,2.39333,2.39392,2.39313,2.39374,167000000,8
1437349920000,1437350399000,2.39382,2.39486,2.39382,2.39463,289000000,8
1437350400000,1437350879000,2.39463,2.39592,2.39444,2.39562,443500000,8
1437350880000,1437351359000,2.39553,2.39564,2.39481,2.39531,236900000,8
1437351360000,1437351839000,2.39532,2.39592,2.39511,2.39581,167590000,8
1437351840000,1437352319000,2.39583,2.39622,2.39532,2.39536,181240000,8
1437352320000,1437352799000,2.39535,2.39582,2.39481,2.39549,195560000,8
1437352800000,1437353279000,2.39551,2.39551,2.39441,2.39446,266580000,8
1437353280000,1437353759000,2.39451,2.39462,2.39291,2.39291,228950000,8
1437353760000,1437354239000,2.39291,2.39342,2.39211,2.39232,236700000,8
1437354240000,1437354719000,2.39231,2.39232,2.39143,2.39172,185880000,8
1437354720000,1437355199000,2.39172,2.39222,2.39111,2.39121,228230000,8
1437355200000,1437355679000,2.39122,2.39142,2.38941,2.38944,341760000,8
1437355680000,1437356159000,2.38945,2.39212,2.38682,2.39201,655640000,8
1437356160000,1437356639000,2.39202,2.39322,2.39051,2.39252,475290000,8
1437356640000,1437357119000,2.39253,2.39395,2.39101,2.39102,571870000,8
1437357120000,1437357599000,2.39101,2.39292,2.39002,2.39292,693820000,8
1437357600000,1437358079000,2.39283,2.39317,2.39062,2.3908,493280000,8
1437358080000,1437358559000,2.39076,2.39078,2.38951,2.39047,320310000,8
1437358560000,1437359039000,2.39047,2.39092,2.39041,2.39062,242400000,8
1437359040000,1437359519000,2.39061,2.39074,2.38921,2.38938,312180000,8
1437359520000,1437359999000,2.38938,2.38953,2.38894,2.38932,348460000,8
1437360000000,1437360479000,2.38932,2.39143,2.38929,2.39101,339750000,8
1437360480000,1437360959000,2.39092,2.39281,2.39071,2.39262,475510000,8
1437360960000,1437361439000,2.39262,2.39521,2.39192,2.39392,670940000,8
1437361440000,1437361919000,2.39391,2.39552,2.39331,2.39552,605520000,8
1437361920000,1437362399000,2.39552,2.39591,2.39471,2.39471,451980000,8
1437362400000,1437362879000,2.39471,2.39481,2.39351,2.39382,335710000,8
1437362880000,1437363359000,2.39382,2.39401,2.39302,2.39331,336790000,8
1437363360000,1437363839000,2.39331,2.39614,2.39327,2.39583,380660000,8
1437363840000,1437364319000,2.39574,2.39594,2.39427,2.395,333740000,8
1437364320000,1437364799000,2.39497,2.39506,2.39293,2.39303,382490000,8
1437364800000,1437365279000,2.39304,2.39374,2.38982,2.39042,621940000,8
1437365280000,1437365759000,2.39031,2.3914,2.38321,2.38449,946080000,8
1437365760000,1437366239000,2.38449,2.38634,2.38232,2.38301,562830000,8
1437366240000,1437366719000,2.38302,2.38302,2.38071,2.38118,378110000,8
1437366720000,1437367199000,2.38118,2.38378,2.38107,2.38138,700880000,8
1437367200000,1437367679000,2.38138,2.38157,2.37954,2.37974,474720000,8
1437367680000,1437368159000,2.37982,2.37982,2.37784,2.37784,526760000,8
1437368160000,1437368639000,2.37784,2.37784,2.37392,2.37445,695150000,8
1437368640000,1437369119000,2.37445,2.37562,2.37133,2.37347,858310000,8
1437369120000,1437369599000,2.37347,2.37573,2.37302,2.37501,785830000,8
1437369600000,1437370079000,2.37502,2.37516,2.37272,2.37492,886120000,8
1437370080000,1437370559000,2.37493,2.37575,2.37381,2.37401,709870000,8
1437370560000,1437371039000,2.37401,2.37507,2.37266,2.37371,733900000,8
1437371040000,1437371519000,2.37363,2.37489,2.37341,2.37455,550850000,8
1437371520000,1437371999000,2.37455,2.37524,2.37281,2.37372,905870000,8
1437372000000,1437372479000,2.37371,2.37412,2.37001,2.37062,699710000,8
1437372480000,1437372959000,2.37072,2.37102,2.36711,2.36833,874280000,8
1437372960000,1437373439000,2.36837,2.36866,2.36681,2.36805,759520000,8
1437373440000,1437373919000,2.36805,2.37112,2.36801,2.37112,991580000,8
1437373920000,1437374399000,2.37092,2.37283,2.37031,2.37074,1177750000,8
1437374400000,1437374879000,2.37071,2.37192,2.37001,2.37041,1064020000,8
1437374880000,1437375359000,2.37041,2.37058,2.36891,2.36984,846390000,8
1437375360000,1437375839000,2.36991,2.37051,2.36655,2.36743,982590000,8
1437375840000,1437376319000,2.36744,2.36992,2.36674,2.36683,1361400000,8
1437376320000,1437376799000,2.36673,2.37076,2.36633,2.36933,1212380000,8
1437376800000,1437377279000,2.36933,2.37294,2.36929,2.37236,941860000,8
1437377280000,1437377759000,2.37236,2.37404,2.36943,2.37123,1029540000,8
1437377760000,1437378239000,2.37124,2.37313,2.37093,2.37144,1036640000,8
1437378240000,1437378719000,2.37144,2.37234,2.37092,2.37164,753400000,8
1437378720000,1437379199000,2.37173,2.37236,2.36891,2.36906,1036470000,8
1437379200000,1437379679000,2.36905,2.37104,2.36885,2.37093,881970000,8
1437379680000,1437380159000,2.37103,2.37428,2.37093,2.37346,977870000,8
1437380160000,1437380639000,2.37346,2.37464,2.37263,2.37383,764170000,8
1437380640000,1437381119000,2.37383,2.37442,2.37173,2.37191,880220000,8
1437381120000,1437381599000,2.37191,2.37242,2.36984,2.37001,841340000,8
1437381600000,1437382079000,2.36992,2.37164,2.36818,2.37043,1041570000,8
1437382080000,1437382559000,2.37028,2.37134,2.36972,2.37014,704010000,8
1437382560000,1437383039000,2.37011,2.37012,2.36757,2.36926,988280000,8
1437383040000,1437383519000,2.36926,2.36976,2.36873,2.36955,992300000,8
1437383520000,1437383999000,2.36954,2.36996,2.36793,2.36793,351610000,8
1437384000000,1437384479000,2.36783,2.36824,2.36523,2.36598,0,8
1437384480000,1437384959000,2.36598,2.36598,2.36413,2.36483,434140000,8
1437384960000,1437385439000,2.36483,2.36619,2.36474,2.36564,921490000,8
1437385440000,1437385919000,2.36564,2.36664,2.36552,2.36633,754720000,8
1437385920000,1437386399000,2.36633,2.36644,2.36466,2.36593,718070000,8
1437386400000,1437386879000,2.36594,2.36604,2.36451,2.36531,868020000,8
1437386880000,1437387359000,2.36523,2.36721,2.36471,2.36664,1137450000,8
1437387360000,1437387839000,2.36664,2.36721,2.36521,2.36562,834810000,8
1437387840000,1437388319000,2.36564,2.36611,2.36311,2.36331,842080000,8
1437388320000,1437388799000,2.36332,2.36414,2.36321,2.36333,829100000,8
1437388800000,1437389279000,2.36334,2.36434,2.36193,2.36413,936250000,8
1437389280000,1437389759000,2.36409,2.36554,2.36409,2.36503,812900000,8
1437389760000,1437390239000,2.36493,2.36583,2.36464,2.36574,901190000,8
1437390240000,1437390719000,2.36573,2.36629,2.36511,2.36594,1072680000,8
1437390720000,1437391199000,2.36593,2.36653,2.36393,2.36424,825140000,8
1437391200000,1437391679000,2.36424,2.36444,2.36363,2.36374,489160000,8
1437391680000,1437392159000,2.36383,2.36563,2.36354,2.36548,672380000,8
1437392160000,1437392639000,2.36547,2.36634,2.36523,2.36544,762820000,8
1437392640000,1437393119000,2.36543,2.36544,2.36273,2.36294,969850000,8
1437393120000,1437393599000,2.36294,2.366,2.36283,2.36494,1022190000,8
1437393600000,1437394079000,2.36495,2.36513,2.36352,2.36393,802960000,8
1437394080000,1437394559000,2.36394,2.36521,2.36333,2.3648,908490000,8
1437394560000,1437395039000,2.3648,2.36544,2.36401,2.36411,890750000,8
1437395040000,1437395519000,2.36401,2.36412,2.36181,2.36302,569060000,8
1437395520000,1437395999000,2.36301,2.36493,2.36271,2.36374,765050000,8
1437396000000,1437396479000,2.36364,2.36684,2.36364,2.36684,761920000,8
1437396480000,1437396959000,2.36684,2.36694,2.36535,2.36551,752010000,8
1437396960000,1437397439000,2.36554,2.36634,2.36529,2.36631,605360000,8
1437397440000,1437397919000,2.36633,2.36724,2.36573,2.36714,608940000,8
1437397920000,1437398399000,2.36714,2.37092,2.36714,2.37051,1052660000,8
1437398400000,1437398879000,2.37051,2.37154,2.36984,2.37104,960360000,8
1437398880000,1437399359000,2.37103,2.37104,2.36902,2.36973,689920000,8
1437399360000,1437399839000,2.36974,2.37063,2.36923,2.3699,674690000,8
1437399840000,1437400319000,2.36991,2.37264,2.36949,2.37197,729030000,8
1437400320000,1437400799000,2.37197,2.37514,2.37197,2.37504,781300000,8
1437400800000,1437401279000,2.37503,2.37674,2.37433,2.37544,1205730000,8
1437401280000,1437401759000,2.37544,2.37544,2.37315,2.37353,910090000,8
1437401760000,1437402239000,2.37353,2.37414,2.37259,2.37314,774620000,8
1437402240000,1437402719000,2.37314,2.37364,2.36974,2.36983,715000000,8
1437402720000,1437403199000,2.36986,2.37144,2.36983,2.37144,677910000,8
1437403200000,1437403679000,2.37143,2.37144,2.36943,2.37033,797560000,8
1437403680000,1437404159000,2.37034,2.37234,2.37013,2.37223,821820000,8
1437404160000,1437404639000,2.37224,2.37364,2.37083,2.37104,1073860000,8
1437404640000,1437405119000,2.37094,2.37324,2.36838,2.37263,1289510000,8
1437405120000,1437405599000,2.37274,2.37284,2.37143,2.37144,620780000,8
1437405600000,1437406079000,2.37144,2.37144,2.36961,2.37034,368460000,8
1437406080000,1437406559000,2.37043,2.37072,2.36984,2.37003,525480000,8
1437406560000,1437407039000,2.37004,2.37134,2.36911,2.37134,633540000,8
1437407040000,1437407519000,2.37134,2.37234,2.37123,2.37153,519080000,8
1437407520000,1437407999000,2.37136,2.37284,2.37113,2.37183,470910000,8
1437408000000,1437408479000,2.37193,2.37194,2.37043,2.37144,365430000,8
1437408480000,1437408959000,2.37143,2.37354,2.37123,2.37354,368950000,8
1437408960000,1437409439000,2.37353,2.37384,2.37233,2.37353,238130000,8
1437409440000,1437409919000,2.37354,2.37384,2.37313,2.37354,310450000,8
1437409920000,1437410399000,2.37353,2.37354,2.37253,2.37264,207000000,8
1437410400000,1437410879000,2.37273,2.37353,2.37213,2.37233,196050000,8
1437410880000,1437411359000,2.37234,2.37274,2.37222,2.37223,173250000,8
1437411360000,1437411839000,2.37232,2.37264,2.37143,2.37212,347970000,8
1437411840000,1437412319000,2.37212,2.37213,2.37073,2.37084,201600000,8
1437412320000,1437412799000,2.37083,2.37124,2.37043,2.37101,188490000,8
1437412800000,1437413279000,2.37102,2.37131,2.37003,2.37003,354180000,8
1437413280000,1437413759000,2.37003,2.37042,2.36953,2.36972,309450000,8
1437413760000,1437414239000,2.36973,2.37034,2.36911,2.36933,356450000,8
1437414240000,1437414719000,2.36933,2.37004,2.36911,2.36973,298000000,8
1437414720000,1437415199000,2.36982,2.37054,2.36971,2.37034,291000000,8
1437415200000,1437415679000,2.37044,2.37044,2.36911,2.36924,319000000,8
1437415680000,1437416159000,2.36932,2.36954,2.36891,2.36912,399510000,8
1437416160000,1437416639000,2.36911,2.36972,2.36792,2.36921,346850000,8
1437416640000,1437417119000,2.36922,2.36972,2.36871,2.36932,382610000,8
1437417120000,1437417599000,2.36931,2.36942,2.36834,2.36864,336000000,8
1437417600000,1437418079000,2.36854,2.36864,2.36733,2.36774,297630000,8
1437418080000,1437418559000,2.36774,2.3689,2.36748,2.36863,258990000,8
1437418560000,1437419039000,2.36863,2.36924,2.36722,2.36772,675430000,8
1437419040000,1437419519000,2.3677,2.36814,2.36659,2.36659,568110000,8
1437419520000,1437419999000,2.36662,2.36662,2.36527,2.36585,490970000,8
1437420000000,1437420479000,2.36585,2.36604,2.36543,2.36573,584660000,8
1437420480000,1437420959000,2.36563,2.36584,2.36533,2.36534,510790000,8
1437420960000,1437421439000,2.36534,2.36554,2.36508,2.36544,290680000,8
1437421440000,1437421919000,2.36541,2.36592,2.36533,2.36564,329190000,8
1437421920000,1437422399000,2.36564,2.36831,2.3652,2.36811,462310000,8
1437422400000,1437422879000,2.36812,2.36821,2.36671,2.36681,327770000,8
1437422880000,1437423359000,2.36692,2.36752,2.36681,2.36741,268840000,8
1437423360000,1437423839000,2.36742,2.37095,2.36722,2.36912,256330000,8
1437423840000,1437424319000,2.36911,2.36962,2.36891,2.36911,274150000,8
1437424320000,1437424799000,2.36901,2.37032,2.36792,2.36912,762150000,8
1437424800000,1437425279000,2.36912,2.36981,2.36801,2.36831,1367750000,8
1437425280000,1437425759000,2.36842,2.37008,2.36811,2.3698,1508500000,8
1437425760000,1437426239000,2.3698,2.37004,2.36864,2.36948,399000000,8
1437426240000,1437426719000,2.36948,2.3695,2.36799,2.36939,44000000,8
1437426720000,1437427199000,2.36939,2.37001,2.36799,2.36998,50500000,8
1437427200000,1437427679000,2.3701,2.37072,2.3679,2.36833,47500000,8
1437427680000,1437428159000,2.36824,2.3705,2.36793,2.36799,92000000,8
1437428160000,1437428639000,2.36805,2.37163,2.36772,2.37101,266500000,8
1437428640000,1437429119000,2.37101,2.37112,2.36996,2.37112,390250000,8
1437429120000,1437429599000,2.37112,2.37122,2.37092,2.37112,185000000,8
1437429600000,1437430079000,2.37148,2.37148,2.37041,2.37122,583250000,8
1437430080000,1437430559000,2.37122,2.37141,2.37051,2.37101,669250000,8
1437430560000,1437431039000,2.37102,2.37171,2.37091,2.37142,534000000,8
1437431040000,1437431519000,2.37141,2.37192,2.37131,2.37152,281000000,8
1437431520000,1437431999000,2.37162,2.37171,2.36981,2.37002,200500000,8
1437432000000,1437432479000,2.37002,2.37045,2.36961,2.36962,149000000,8
1437432480000,1437432959000,2.36962,2.36972,2.36731,2.36741,349000000,8
1437432960000,1437433439000,2.36741,2.36842,2.36671,2.36782,377500000,8
1437433440000,1437433919000,2.36782,2.36915,2.36751,2.36791,386500000,8
1437433920000,1437434399000,2.36781,2.36815,2.36682,2.36815,395000000,8
1437434400000,1437434879000,2.36815,2.36815,2.36731,2.36771,322500000,8
1437434880000,1437435359000,2.36771,2.36788,2.36722,2.36751,205000000,8
1437435360000,1437435839000,2.36742,2.36781,2.36551,2.36551,255500000,8
1437435840000,1437436319000,2.36542,2.36622,2.36531,2.36602,282000000,8
1437436320000,1437436799000,2.36602,2.36623,2.36547,2.36606,358000000,8
1437436800000,1437437279000,2.36606,2.36734,2.36606,2.36709,558590000,8
1437437280000,1437437759000,2.3671,2.36712,2.36553,2.36632,376000000,8
1437437760000,1437438239000,2.36632,2.36652,2.36521,2.36522,556500000,8
1437438240000,1437438719000,2.36532,2.36552,2.36415,2.36457,398350000,8
1437438720000,1437439199000,2.36454,2.36484,2.36388,2.36401,371320000,8
1437439200000,1437439679000,2.36401,2.36402,2.36273,2.36273,171440000,8
1437439680000,1437440159000,2.36282,2.36302,2.36142,2.36232,447230000,8
1437440160000,1437440639000,2.36222,2.36402,2.36211,2.36348,416330000,8
1437440640000,1437441119000,2.36348,2.36367,2.36126,2.36169,525490000,8
1437441120000,1437441599000,2.36169,2.36185,2.36024,2.36027,406620000,8
1437441600000,1437442079000,2.36025,2.36199,2.36011,2.36144,497760000,8
1437442080000,1437442559000,2.36143,2.3638,2.36012,2.36309,779090000,8
1437442560000,1437443039000,2.36314,2.36314,2.35971,2.36054,719840000,8
1437443040000,1437443519000,2.36062,2.36232,2.36021,2.36062,599930000,8
1437443520000,1437443999000,2.36061,2.36092,2.35911,2.35916,542500000,8
1437444000000,1437444479000,2.35916,2.35979,2.35651,2.35756,644660000,8
1437444480000,1437444959000,2.35756,2.35871,2.35539,2.35805,527300000,8
1437444960000,1437445439000,2.35805,2.35848,2.35651,2.35786,421390000,8
1437445440000,1437445919000,2.35786,2.35797,2.35552,2.35642,431200000,8
1437445920000,1437446399000,2.35642,2.35802,2.35601,2.35732,392750000,8
1437446400000,1437446879000,2.35732,2.35835,2.35691,2.35709,449600000,8
1437446880000,1437447359000,2.35709,2.35782,2.35691,2.35732,493800000,8
1437447360000,1437447839000,2.35731,2.35802,2.35614,2.35614,410130000,8
1437447840000,1437448319000,2.35613,2.35881,2.35603,2.35852,504680000,8
1437448320000,1437448799000,2.35851,2.36051,2.35846,2.36,480390000,8
1437448800000,1437449279000,2.36001,2.36012,2.35897,2.35897,469200000,8
1437449280000,1437449759000,2.35897,2.36235,2.35897,2.36166,660250000,8
1437449760000,1437450239000,2.36168,2.36304,2.36156,2.36241,374840000,8
1437450240000,1437450719000,2.36241,2.36292,2.36211,2.36287,332800000,8
1437450720000,1437451199000,2.36291,2.36301,2.36063,2.36102,411440000,8
1437451200000,1437451679000,2.36106,2.36148,2.36061,2.36061,553250000,8
1437451680000,1437452159000,2.36061,2.36071,2.35991,2.36065,306540000,8
1437452160000,1437452639000,2.36066,2.36228,2.36013,2.36042,831680000,8
1437452640000,1437453119000,2.36051,2.36052,2.35911,2.35952,357260000,8
1437453120000,1437453599000,2.35961,2.35982,2.35791,2.35902,736790000,8
1437453600000,1437454079000,2.35914,2.36078,2.35865,2.36036,1115120000,8
1437454080000,1437454559000,2.3604,2.36125,2.35889,2.36001,1100940000,8
1437454560000,1437455039000,2.36002,2.36077,2.35952,2.36051,755280000,8
1437455040000,1437455519000,2.36051,2.36142,2.35991,2.36132,537810000,8
1437455520000,1437455999000,2.36132,2.36178,2.36042,2.36052,628790000,8
1437456000000,1437456479000,2.36052,2.36092,2.35991,2.36022,547060000,8
1437456480000,1437456959000,2.36025,2.36206,2.36011,2.36187,840880000,8
1437456960000,1437457439000,2.36188,2.36237,2.36005,2.36081,892510000,8
1437457440000,1437457919000,2.36081,2.36081,2.35956,2.36039,630630000,8
1437457920000,1437458399000,2.36039,2.36186,2.36031,2.36071,744340000,8
1437458400000,1437458879000,2.36072,2.36332,2.36063,2.36321,622190000,8
1437458880000,1437459359000,2.36322,2.36362,2.36171,2.36362,682790000,8
1437459360000,1437459839000,2.36372,2.36393,2.36151,2.36228,1082250000,8
1437459840000,1437460319000,2.36228,2.36322,2.36112,2.36172,724040000,8
1437460320000,1437460799000,2.36171,2.36282,2.36131,2.36201,758840000,8
1437460800000,1437461279000,2.36202,2.36232,2.35928,2.35955,881730000,8
1437461280000,1437461759000,2.35955,2.36022,2.35791,2.35812,934890000,8
1437461760000,1437462239000,2.35821,2.35854,2.35657,2.35742,1370740000,8
1437462240000,1437462719000,2.35742,2.35778,2.35374,2.35758,1457300000,8
1437462720000,1437463199000,2.35758,2.35886,2.35646,2.35839,963180000,8
1437463200000,1437463679000,2.35839,2.3598,2.35748,2.35904,1164430000,8
1437463680000,1437464159000,2.35903,2.35914,2.35662,2.35724,1664100000,8
1437464160000,1437464639000,2.35724,2.35759,2.35631,2.35732,1074450000,8
1437464640000,1437465119000,2.35732,2.35832,2.35551,2.35633,1174730000,8
1437465120000,1437465599000,2.35633,2.35832,2.35553,2.35792,1162190000,8
1437465600000,1437466079000,2.35795,2.35858,2.35593,2.35654,1171890000,8
1437466080000,1437466559000,2.35653,2.35734,2.3554,2.35644,938550000,8
1437466560000,1437467039000,2.35646,2.3567,2.35503,2.35565,1185060000,8
1437467040000,1437467519000,2.35565,2.35754,2.3555,2.35724,1041450000,8
1437467520000,1437467999000,2.35723,2.35824,2.35683,2.35804,837830000,8
1437468000000,1437468479000,2.35804,2.35814,2.35561,2.35593,912090000,8
1437468480000,1437468959000,2.35592,2.35614,2.35404,2.35451,856650000,8
1437468960000,1437469439000,2.35454,2.35644,2.35454,2.35523,1007890000,8
1437469440000,1437469919000,2.35523,2.35682,2.35381,2.35671,1139090000,8
1437469920000,1437470399000,2.35681,2.35744,2.35545,2.35601,1022470000,8
1437470400000,1437470879000,2.35601,2.35734,2.35555,2.35644,984720000,8
1437470880000,1437471359000,2.35644,2.35673,2.35523,2.35524,1062200000,8
1437471360000,1437471839000,2.35532,2.35541,2.35403,2.35484,884740000,8
1437471840000,1437472319000,2.35484,2.35484,2.35201,2.35202,968060000,8
1437472320000,1437472799000,2.35202,2.35306,2.35081,2.35301,920290000,8
1437472800000,1437473279000,2.35294,2.35354,2.35151,2.35151,882710000,8
1437473280000,1437473759000,2.35151,2.35152,2.34813,2.34944,1194620000,8
1437473760000,1437474239000,2.34943,2.3505,2.34915,2.35024,713290000,8
1437474240000,1437474719000,2.35027,2.35134,2.34982,2.35132,954660000,8
1437474720000,1437475199000,2.35132,2.35274,2.34991,2.35001,1077030000,8
1437475200000,1437475679000,2.35002,2.35032,2.34843,2.34951,944850000,8
1437475680000,1437476159000,2.34951,2.3503,2.34863,2.34993,942220000,8
1437476160000,1437476639000,2.35003,2.35214,2.34997,2.35164,826620000,8
1437476640000,1437477119000,2.35161,2.35254,2.35109,2.35235,765110000,8
1437477120000,1437477599000,2.35234,2.35277,2.35173,2.35194,769680000,8
1437477600000,1437478079000,2.35193,2.35234,2.35053,2.35144,1049840000,8
1437478080000,1437478559000,2.35143,2.35354,2.35111,2.35333,918670000,8
1437478560000,1437479039000,2.35324,2.35542,2.35264,2.35435,847430000,8
1437479040000,1437479519000,2.35441,2.35542,2.35362,2.35362,747200000,8
1437479520000,1437479999000,2.35362,2.35533,2.35354,2.35518,1082790000,8
1437480000000,1437480479000,2.35521,2.35662,2.35471,2.35651,747230000,8
1437480480000,1437480959000,2.35651,2.35672,2.35431,2.35581,1442790000,8
1437480960000,1437481439000,2.35582,2.35852,2.35551,2.35734,1021300000,8
1437481440000,1437481919000,2.35734,2.35826,2.35651,2.35763,892100000,8
1437481920000,1437482399000,2.35764,2.36043,2.35753,2.35934,856870000,8
1437482400000,1437482879000,2.35934,2.35981,2.35773,2.35773,1450570000,8
1437482880000,1437483359000,2.35773,2.35842,2.35603,2.35614,989850000,8
1437483360000,1437483839000,2.35612,2.35664,2.35523,2.35564,938960000,8
1437483840000,1437484319000,2.35563,2.35573,2.35441,2.35502,960770000,8
1437484320000,1437484799000,2.35504,2.35504,2.35355,2.35396,1507770000,8
1437484800000,1437485279000,2.35403,2.35474,2.35353,2.35372,1045730000,8
1437485280000,1437485759000,2.35371,2.35471,2.35252,2.35313,973080000,8
1437485760000,1437486239000,2.35313,2.35322,2.35233,2.35315,983830000,8
1437486240000,1437486719000,2.35306,2.35397,2.35173,2.35324,1068780000,8
1437486720000,1437487199000,2.35323,2.35354,2.34833,2.3502,1333710000,8
1437487200000,1437487679000,2.35021,2.35034,2.34312,2.34464,1519780000,8
1437487680000,1437488159000,2.34472,2.34717,2.34471,2.34534,1112990000,8
1437488160000,1437488639000,2.34533,2.34604,2.34293,2.34534,1221960000,8
1437488640000,1437489119000,2.34534,2.34534,2.33912,2.34139,1559210000,8
1437489120000,1437489599000,2.34138,2.34374,2.3412,2.34299,1477970000,8
1437489600000,1437490079000,2.34303,2.34464,2.34152,2.34208,1465170000,8
1437490080000,1437490559000,2.34208,2.34244,2.33921,2.34223,1500130000,8
1437490560000,1437491039000,2.34224,2.34455,2.3409,2.34264,1744100000,8
1437491040000,1437491519000,2.34268,2.34334,2.34001,2.34032,1266830000,8
1437491520000,1437491999000,2.34032,2.34222,2.33963,2.34194,1046620000,8
1437492000000,1437492479000,2.34193,2.34556,2.34185,2.34459,1100400000,8
1437492480000,1437492959000,2.34466,2.34494,2.34311,2.34423,1040740000,8
1437492960000,1437493439000,2.34424,2.34559,2.34333,2.34523,709450000,8
1437493440000,1437493919000,2.34513,2.34633,2.34423,2.34513,850340000,8
1437493920000,1437494399000,2.34514,2.34604,2.34473,2.34555,669760000,8
1437494400000,1437494879000,2.34554,2.34654,2.34471,2.34473,688590000,8
1437494880000,1437495359000,2.34474,2.34503,2.34244,2.34404,681650000,8
1437495360000,1437495839000,2.34403,2.34414,2.33801,2.34075,724970000,8
1437495840000,1437496319000,2.34073,2.34251,2.34057,2.34184,351080000,8
1437496320000,1437496799000,2.34177,2.34292,2.34143,2.34283,271110000,8
1437496800000,1437497279000,2.34286,2.34314,2.34162,2.34253,409650000,8
1437497280000,1437497759000,2.34263,2.34302,2.34003,2.34076,682030000,8
1437497760000,1437498239000,2.34082,2.34162,2.33991,2.34093,899350000,8
1437498240000,1437498719000,2.34094,2.34224,2.34063,2.34215,615380000,8
1437498720000,1437499199000,2.34213,2.34214,2.34093,2.34093,532140000,8
1437499200000,1437499679000,2.34093,2.34234,2.34074,2.34192,565270000,8
1437499680000,1437500159000,2.34202,2.34256,2.34131,2.34182,489990000,8
1437500160000,1437500639000,2.34192,2.34192,2.34094,2.34153,433970000,8
1437500640000,1437501119000,2.34153,2.34237,2.34121,2.34227,508720000,8
1437501120000,1437501599000,2.34225,2.34273,2.34193,2.34271,446820000,8
1437501600000,1437502079000,2.34272,2.34302,2.34231,2.34251,431560000,8
1437502080000,1437502559000,2.34251,2.34343,2.34231,2.34343,201650000,8
1437502560000,1437503039000,2.34343,2.34384,2.34281,2.34292,285490000,8
1437503040000,1437503519000,2.34292,2.34452,2.34241,2.34404,456380000,8
1437503520000,1437503999000,2.34404,2.34442,2.34311,2.34402,462020000,8
1437504000000,1437504479000,2.34411,2.34422,2.34281,2.34281,410000000,8
1437504480000,1437504959000,2.34281,2.34332,2.34212,2.34213,442780000,8
1437504960000,1437505439000,2.34217,2.3443,2.34162,2.34281,801250000,8
1437505440000,1437505919000,2.34281,2.34403,2.34241,2.34374,472690000,8
1437505920000,1437506399000,2.34383,2.34383,2.34293,2.34303,387770000,8
1437506400000,1437506879000,2.34312,2.34382,2.34303,2.34347,282120000,8
1437506880000,1437507359000,2.34341,2.34414,2.34333,2.34402,176440000,8
1437507360000,1437507839000,2.34392,2.34561,2.34383,2.34442,220770000,8
1437507840000,1437508319000,2.34441,2.34454,2.34326,2.34423,220340000,8
1437508320000,1437508799000,2.34423,2.34484,2.3435,2.34351,304180000,8
1437508800000,1437509279000,2.3435,2.34494,2.34332,2.34491,466850000,8
1437509280000,1437509759000,2.34491,2.34792,2.34479,2.34653,439180000,8
1437509760000,1437510239000,2.34653,2.34664,2.34551,2.34582,477520000,8
1437510240000,1437510719000,2.34582,2.34622,2.34541,2.34612,452140000,8
1437510720000,1437511199000,2.34612,2.34642,2.34571,2.34592,569900000,8
1437511200000,1437511679000,2.34601,2.34694,2.34521,2.34639,1251500000,8
1437511680000,1437512159000,2.34643,2.34662,2.34611,2.34632,1261750000,8
1437512160000,1437512639000,2.34622,2.3471,2.34622,2.34661,430250000,8
1437512640000,1437513119000,2.34661,2.34791,2.34464,2.34683,197500000,8
1437513120000,1437513599000,2.34698,2.34722,2.34395,2.34395,118750000,8
1437513600000,1437514079000,2.34404,2.3444,2.34229,2.34238,132000000,8
1437514080000,1437514559000,2.34239,2.34592,2.34235,2.34326,134500000,8
1437514560000,1437515039000,2.34316,2.3454,2.34222,2.34447,180250000,8
1437515040000,1437515519000,2.34476,2.34828,2.34456,2.34576,366500000,8
1437515520000,1437515999000,2.34582,2.3473,2.34506,2.34686,489500000,8
1437516000000,1437516479000,2.34686,2.35011,2.34686,2.34902,605000000,8
1437516480000,1437516959000,2.34901,2.35101,2.34871,2.34992,660250000,8
1437516960000,1437517439000,2.34991,2.35002,2.34854,2.34942,527500000,8
1437517440000,1437517919000,2.34932,2.34962,2.3482,2.34841,607000000,8
1437517920000,1437518399000,2.34841,2.34842,2.3468,2.34722,473500000,8
1437518400000,1437518879000,2.34722,2.34742,2.34664,2.34672,440500000,8
1437518880000,1437519359000,2.34672,2.34722,2.3465,2.34652,269500000,8
1437519360000,1437519839000,2.34651,2.34742,2.34633,2.34692,323500000,8
1437519840000,1437520319000,2.34692,2.34828,2.34653,2.34781,355500000,8
1437520320000,1437520799000,2.34782,2.34822,2.34732,2.34741,397000000,8
1437520800000,1437521279000,2.34742,2.34792,2.34731,2.34782,257000000,8
1437521280000,1437521759000,2.34771,2.34822,2.34751,2.34772,272000000,8
1437521760000,1437522239000,2.34772,2.34782,2.34611,2.34612,235000000,8
1437522240000,1437522719000,2.34612,2.34692,2.34591,2.34621,333750000,8
1437522720000,1437523199000,2.34621,2.34751,2.34611,2.34721,375000000,8
1437523200000,1437523679000,2.34712,2.34742,2.34621,2.34672,437000000,8
1437523680000,1437524159000,2.34672,2.34682,2.34612,2.34664,444500000,8
1437524160000,1437524639000,2.34664,2.34712,2.34601,2.34662,318990000,8
1437524640000,1437525119000,2.34651,2.34776,2.34641,2.34732,260710000,8
1437525120000,1437525599000,2.34734,2.3487,2.34669,2.34675,557020000,8
1437525600000,1437526079000,2.34678,2.34942,2.34675,2.34901,455360000,8
1437526080000,1437526559000,2.34902,2.34906,2.34811,2.34841,354590000,8
1437526560000,1437527039000,2.34842,2.34912,2.34795,2.34906,390150000,8
1437527040000,1437527519000,2.34908,2.34972,2.34879,2.34965,253430000,8
1437527520000,1437527999000,2.34967,2.35035,2.34934,2.34952,432010000,8
1437528000000,1437528479000,2.34951,2.34951,2.34829,2.34839,466860000,8
1437528480000,1437528959000,2.34839,2.34904,2.34445,2.34478,823830000,8
1437528960000,1437529439000,2.34485,2.34569,2.3433,2.34499,614560000,8
1437529440000,1437529919000,2.34499,2.34554,2.34429,2.34493,589880000,8
1437529920000,1437530399000,2.34492,2.34859,2.3449,2.34782,832890000,8
1437530400000,1437530879000,2.34791,2.34811,2.34601,2.34713,1038720000,8
1437530880000,1437531359000,2.34713,2.34902,2.34608,2.34622,697000000,8
1437531360000,1437531839000,2.34641,2.34722,2.34576,2.34693,518590000,8
1437531840000,1437532319000,2.34704,2.34812,2.34693,2.34792,682500000,8
1437532320000,1437532799000,2.34792,2.34957,2.34731,2.34899,575000000,8
1437532800000,1437533279000,2.34899,2.34899,2.34781,2.34792,566000000,8
1437533280000,1437533759000,2.34792,2.34821,2.34708,2.34745,368130000,8
1437533760000,1437534239000,2.34745,2.35045,2.34705,2.35007,577990000,8
1437534240000,1437534719000,2.35006,2.35312,2.34941,2.35302,995430000,8
1437534720000,1437535199000,2.35302,2.35542,2.35226,2.35389,868830000,8
1437535200000,1437535679000,2.35386,2.35436,2.3525,2.35253,495600000,8
1437535680000,1437536159000,2.35253,2.35352,2.35131,2.35153,670520000,8
1437536160000,1437536639000,2.35153,2.35331,2.35126,2.35311,448090000,8
1437536640000,1437537119000,2.35313,2.35318,2.35051,2.35151,652600000,8
1437537120000,1437537599000,2.35144,2.35169,2.35025,2.35059,567510000,8
1437537600000,1437538079000,2.35062,2.35406,2.35059,2.35297,527930000,8
1437538080000,1437538559000,2.35295,2.35366,2.35248,2.35366,509500000,8
1437538560000,1437539039000,2.35366,2.35404,2.35282,2.3538,706750000,8
1437539040000,1437539519000,2.35384,2.35435,2.35322,2.35338,543000000,8
1437539520000,1437539999000,2.35338,2.35368,2.35234,2.35262,345000000,8
1437540000000,1437540479000,2.35261,2.35292,2.35165,2.35195,429900000,8
1437540480000,1437540959000,2.35195,2.35252,2.35127,2.35224,573410000,8
1437540960000,1437541439000,2.35224,2.35311,2.35212,2.35263,670920000,8
1437541440000,1437541919000,2.35263,2.35321,2.35238,2.35302,419700000,8
1437541920000,1437542399000,2.35301,2.35481,2.35281,2.35311,640030000,8
1437542400000,1437542879000,2.35312,2.35312,2.35185,2.35185,317430000,8
1437542880000,1437543359000,2.35185,2.35282,2.35083,2.35181,790740000,8
1437543360000,1437543839000,2.35181,2.35338,2.35181,2.35335,529990000,8
1437543840000,1437544319000,2.35341,2.35462,2.3531,2.35441,468520000,8
1437544320000,1437544799000,2.3544,2.35692,2.35416,2.35661,575940000,8
1437544800000,1437545279000,2.35661,2.36162,2.35611,2.36101,1185510000,8
1437545280000,1437545759000,2.36101,2.36162,2.35922,2.35941,757190000,8
1437545760000,1437546239000,2.35931,2.36034,2.35901,2.35921,854150000,8
1437546240000,1437546719000,2.35911,2.36276,2.35791,2.36051,945670000,8
1437546720000,1437547199000,2.36051,2.36145,2.35714,2.35725,899280000,8
1437547200000,1437547679000,2.35732,2.35769,2.35511,2.35522,787520000,8
1437547680000,1437548159000,2.35521,2.35662,2.35421,2.35662,824960000,8
1437548160000,1437548639000,2.35662,2.35932,2.35641,2.35852,759720000,8
1437548640000,1437549119000,2.35851,2.36032,2.35821,2.35862,768330000,8
1437549120000,1437549599000,2.35862,2.35964,2.35753,2.35941,768970000,8
1437549600000,1437550079000,2.35941,2.35957,2.35509,2.3567,919250000,8
1437550080000,1437550559000,2.35674,2.35703,2.35504,2.35626,851050000,8
1437550560000,1437551039000,2.35624,2.35836,2.35553,2.35833,903570000,8
1437551040000,1437551519000,2.35833,2.36142,2.35779,2.36032,1064380000,8
1437551520000,1437551999000,2.36037,2.36077,2.35837,2.35992,947560000,8
1437552000000,1437552479000,2.35991,2.36285,2.35987,2.36203,1120060000,8
1437552480000,1437552959000,2.36204,2.36204,2.35895,2.36131,653970000,8
1437552960000,1437553439000,2.36131,2.36394,2.36106,2.36214,835900000,8
1437553440000,1437553919000,2.36225,2.36634,2.3592,2.36504,1220230000,8
1437553920000,1437554399000,2.36494,2.36524,2.3611,2.36163,1578130000,8
1437554400000,1437554879000,2.36163,2.36392,2.36163,2.36285,1081650000,8
1437554880000,1437555359000,2.36285,2.36382,2.36196,2.36334,1142530000,8
1437555360000,1437555839000,2.36323,2.36334,2.36146,2.36269,1100120000,8
1437555840000,1437556319000,2.36269,2.36309,2.36206,2.36264,897420000,8
1437556320000,1437556799000,2.36264,2.36409,2.36211,2.36211,911690000,8
1437556800000,1437557279000,2.36222,2.36222,2.36031,2.36132,738510000,8
1437557280000,1437557759000,2.36134,2.36172,2.35952,2.35976,755990000,8
1437557760000,1437558239000,2.35976,2.36092,2.35943,2.36014,734470000,8
1437558240000,1437558719000,2.36013,2.36094,2.36013,2.36063,725160000,8
1437558720000,1437559199000,2.36064,2.36074,2.35923,2.35933,619970000,8
1437559200000,1437559679000,2.35933,2.36144,2.35912,2.36104,673920000,8
1437559680000,1437560159000,2.36095,2.36244,2.36093,2.36193,678530000,8
1437560160000,1437560639000,2.36194,2.36204,2.36014,2.36096,785750000,8
1437560640000,1437561119000,2.36097,2.36325,2.36064,2.36325,1073760000,8
1437561120000,1437561599000,2.36325,2.36378,2.36186,2.36313,926930000,8
1437561600000,1437562079000,2.36314,2.36334,2.35853,2.35865,1013610000,8
1437562080000,1437562559000,2.35864,2.3613,2.35782,2.36047,760200000,8
1437562560000,1437563039000,2.36047,2.36186,2.35961,2.36174,661330000,8
1437563040000,1437563519000,2.36171,2.36424,2.36123,2.3636,764940000,8
1437563520000,1437563999000,2.3636,2.36554,2.36344,2.36454,835360000,8
1437564000000,1437564479000,2.36454,2.36514,2.36403,2.36403,753330000,8
1437564480000,1437564959000,2.36413,2.36619,2.36343,2.36544,692360000,8
1437564960000,1437565439000,2.36543,2.36584,2.36394,2.3655,641620000,8
1437565440000,1437565919000,2.3655,2.36862,2.36526,2.36801,872410000,8
1437565920000,1437566399000,2.36812,2.36904,2.36772,2.36844,775340000,8
1437566400000,1437566879000,2.36843,2.37464,2.36773,2.37349,1110180000,8
1437566880000,1437567359000,2.37349,2.37458,2.37047,2.37136,1483120000,8
1437567360000,1437567839000,2.37136,2.37333,2.3702,2.37214,987440000,8
1437567840000,1437568319000,2.37214,2.37224,2.36994,2.37035,1095340000,8
1437568320000,1437568799000,2.37044,2.37184,2.37014,2.37164,1153390000,8
1437568800000,1437569279000,2.37164,2.37323,2.37124,2.37124,1021090000,8
1437569280000,1437569759000,2.37121,2.37364,2.37083,2.37174,1060170000,8
1437569760000,1437570239000,2.37174,2.37274,2.37143,2.37204,940710000,8
1437570240000,1437570719000,2.372,2.37389,2.3718,2.37244,1121560000,8
1437570720000,1437571199000,2.37244,2.37349,2.37202,2.37324,747430000,8
1437571200000,1437571679000,2.37324,2.37604,2.37278,2.37484,956440000,8
1437571680000,1437572159000,2.37483,2.37504,2.37273,2.37459,977180000,8
1437572160000,1437572639000,2.3745,2.37623,2.37397,2.37424,1052790000,8
1437572640000,1437573119000,2.37423,2.37474,2.37323,2.37423,924960000,8
1437573120000,1437573599000,2.37444,2.37738,2.37127,2.37431,1037280000,8
1437573600000,1437574079000,2.3747,2.37854,2.3747,2.37634,1302680000,8
1437574080000,1437574559000,2.37634,2.37665,2.37444,2.37597,1172260000,8
1437574560000,1437575039000,2.37596,2.37863,2.37587,2.37797,1171200000,8
1437575040000,1437575519000,2.37797,2.37927,2.37683,2.37756,1257910000,8
1437575520000,1437575999000,2.37756,2.37924,2.37723,2.37894,1135540000,8
1437576000000,1437576479000,2.37894,2.38047,2.37774,2.38044,946450000,8
1437576480000,1437576959000,2.38044,2.38074,2.37863,2.37924,924130000,8
1437576960000,1437577439000,2.37924,2.38014,2.37764,2.37821,1371480000,8
1437577440000,1437577919000,2.37814,2.37906,2.37702,2.37771,964520000,8
1437577920000,1437578399000,2.37768,2.37951,2.37737,2.37822,712950000,8
1437578400000,1437578879000,2.37821,2.37822,2.37601,2.37612,569760000,8
1437578880000,1437579359000,2.37612,2.37672,2.37423,2.37451,837310000,8
1437579360000,1437579839000,2.37462,2.37489,2.37319,2.37342,763180000,8
1437579840000,1437580319000,2.37342,2.37488,2.37335,2.37488,691080000,8
1437580320000,1437580799000,2.37488,2.37714,2.37462,2.37594,823960000,8
1437580800000,1437581279000,2.37593,2.37609,2.37432,2.37466,603210000,8
1437581280000,1437581759000,2.37464,2.37495,2.37364,2.37439,502720000,8
1437581760000,1437582239000,2.37439,2.37439,2.37074,2.37134,797010000,8
1437582240000,1437582719000,2.37123,2.37187,2.37103,2.37154,426420000,8
1437582720000,1437583199000,2.37155,2.37196,2.36945,2.36956,466470000,8
1437583200000,1437583679000,2.36956,2.37006,2.36816,2.36934,536560000,8
1437583680000,1437584159000,2.36934,2.36974,2.36846,2.36924,561140000,8
1437584160000,1437584639000,2.36924,2.37134,2.36924,2.37134,602000000,8
1437584640000,1437585119000,2.37133,2.37174,2.36997,2.37073,463960000,8
1437585120000,1437585599000,2.37073,2.37124,2.36964,2.36964,405490000,8
1437585600000,1437586079000,2.36973,2.36974,2.36803,2.36872,410870000,8
1437586080000,1437586559000,2.36874,2.36894,2.36811,2.36828,291670000,8
1437586560000,1437587039000,2.36828,2.36828,2.36733,2.36773,316270000,8
1437587040000,1437587519000,2.36774,2.36864,2.36722,2.36793,419790000,8
1437587520000,1437587999000,2.36792,2.36864,2.36741,2.36756,388830000,8
1437588000000,1437588479000,2.36756,2.36914,2.36753,2.36841,333040000,8
1437588480000,1437588959000,2.36841,2.36972,2.36831,2.36853,394060000,8
1437588960000,1437589439000,2.36851,2.36892,2.36761,2.36892,403600000,8
1437589440000,1437589919000,2.36892,2.36942,2.36851,2.36913,436960000,8
1437589920000,1437590399000,2.36913,2.37027,2.36911,2.36952,406100000,8
1437590400000,1437590879000,2.36943,2.36951,2.36851,2.36851,370670000,8
1437590880000,1437591359000,2.36851,2.36892,2.36841,2.36882,192180000,8
1437591360000,1437591839000,2.36882,2.36885,2.36758,2.36864,398110000,8
1437591840000,1437592319000,2.36863,2.36877,2.3681,2.36823,256410000,8
1437592320000,1437592799000,2.36824,2.36837,2.36646,2.36761,435520000,8
1437592800000,1437593279000,2.36764,2.36862,2.36743,2.36832,373000000,8
1437593280000,1437593759000,2.36831,2.36973,2.36831,2.36851,230400000,8
1437593760000,1437594239000,2.36852,2.36914,2.36781,2.36792,255790000,8
1437594240000,1437594719000,2.36792,2.36892,2.36771,2.36844,293770000,8
1437594720000,1437595199000,2.36851,2.37002,2.36835,2.36949,362380000,8
1437595200000,1437595679000,2.36949,2.37072,2.36949,2.37028,329840000,8
1437595680000,1437596159000,2.37019,2.37144,2.36921,2.37132,268810000,8
1437596160000,1437596639000,2.37132,2.37252,2.36962,2.37164,405110000,8
1437596640000,1437597119000,2.37162,2.37342,2.37113,2.37342,348460000,8
1437597120000,1437597599000,2.37331,2.37442,2.37311,2.37332,514330000,8
1437597600000,1437598079000,2.37331,2.37573,2.37312,2.37462,839250000,8
1437598080000,1437598559000,2.37461,2.37621,2.36818,2.36864,1144500000,8
1437598560000,1437599039000,2.36857,2.37052,2.36816,2.36961,480500000,8
1437599040000,1437599519000,2.36961,2.36961,2.35134,2.35612,351030000,8
1437599520000,1437599999000,2.35607,2.35988,2.35392,2.3562,327250000,8
1437600000000,1437600479000,2.35621,2.35797,2.35109,2.35112,438500000,8
1437600480000,1437600959000,2.35101,2.35415,2.34727,2.34782,354000000,8
1437600960000,1437601439000,2.34791,2.35268,2.34791,2.35256,403000000,8
1437601440000,1437601919000,2.35266,2.35284,2.35123,2.35154,240500000,8
1437601920000,1437602399000,2.35153,2.35191,2.35113,2.35169,341250000,8
1437602400000,1437602879000,2.35169,2.35185,2.34931,2.35167,819530000,8
1437602880000,1437603359000,2.35166,2.35181,2.34801,2.34841,509500000,8
1437603360000,1437603839000,2.34841,2.3503,2.34621,2.34984,668250000,8
1437603840000,1437604319000,2.34984,2.34984,2.34761,2.34881,478500000,8
1437604320000,1437604799000,2.34882,2.34921,2.34791,2.34881,389000000,8
1437604800000,1437605279000,2.34892,2.35071,2.34871,2.35042,450750000,8
1437605280000,1437605759000,2.35042,2.35122,2.35024,2.35081,314000000,8
1437605760000,1437606239000,2.35081,2.35402,2.35071,2.35402,410500000,8
1437606240000,1437606719000,2.35422,2.35682,2.35401,2.35536,524500000,8
1437606720000,1437607199000,2.35536,2.35623,2.35481,2.35594,498000000,8
1437607200000,1437607679000,2.35595,2.35646,2.3558,2.35624,255500000,8
1437607680000,1437608159000,2.35623,2.35624,2.35454,2.35534,501250000,8
1437608160000,1437608639000,2.3554,2.35564,2.35421,2.35513,364000000,8
1437608640000,1437609119000,2.35514,2.35542,2.35402,2.35432,639000000,8
1437609120000,1437609599000,2.35442,2.35921,2.35393,2.35874,548840000,8
1437609600000,1437610079000,2.35873,2.36137,2.35783,2.36083,578520000,8
1437610080000,1437610559000,2.36076,2.36214,2.36034,2.36136,710520000,8
1437610560000,1437611039000,2.36136,2.36136,2.35962,2.36014,636370000,8
1437611040000,1437611519000,2.36013,2.36452,2.35993,2.36183,610180000,8
1437611520000,1437611999000,2.36183,2.36525,2.36098,2.36312,692300000,8
1437612000000,1437612479000,2.36312,2.36464,2.36263,2.36394,535290000,8
1437612480000,1437612959000,2.36393,2.36443,2.36232,2.36334,853750000,8
1437612960000,1437613439000,2.36343,2.36394,2.36033,2.36063,926330000,8
1437613440000,1437613919000,2.36064,2.36087,2.35953,2.35964,547100000,8
1437613920000,1437614399000,2.35964,2.36104,2.35712,2.36029,710850000,8
1437614400000,1437614879000,2.36029,2.36113,2.35924,2.35983,537860000,8
1437614880000,1437615359000,2.35983,2.35994,2.35783,2.35783,515980000,8
1437615360000,1437615839000,2.35784,2.35923,2.35723,2.35913,561310000,8
1437615840000,1437616319000,2.35913,2.36104,2.35883,2.35953,557140000,8
1437616320000,1437616799000,2.35963,2.36146,2.35963,2.36094,477420000,8
1437616800000,1437617279000,2.36103,2.36124,2.35743,2.35743,453080000,8
1437617280000,1437617759000,2.35751,2.36054,2.35713,2.35863,440830000,8
1437617760000,1437618239000,2.35874,2.35974,2.35643,2.35654,539660000,8
1437618240000,1437618719000,2.35643,2.35654,2.35351,2.35433,621460000,8
1437618720000,1437619199000,2.35423,2.35474,2.35333,2.35393,530860000,8
1437619200000,1437619679000,2.35394,2.35663,2.35293,2.35551,534370000,8
1437619680000,1437620159000,2.35554,2.35674,2.35447,2.35664,415640000,8
1437620160000,1437620639000,2.35663,2.35684,2.35361,2.35414,403880000,8
1437620640000,1437621119000,2.35413,2.35461,2.35301,2.35321,446430000,8
1437621120000,1437621599000,2.35322,2.35444,2.35291,2.35424,553190000,8
1437621600000,1437622079000,2.35424,2.35474,2.35363,2.35454,626620000,8
1437622080000,1437622559000,2.35443,2.35484,2.35274,2.35304,519020000,8
1437622560000,1437623039000,2.35303,2.35494,2.35273,2.35494,360660000,8
1437623040000,1437623519000,2.35504,2.35564,2.35393,2.35564,548630000,8
1437623520000,1437623999000,2.35564,2.35604,2.35502,2.35533,341670000,8
1437624000000,1437624479000,2.35533,2.35534,2.35363,2.35444,415960000,8
1437624480000,1437624959000,2.35443,2.35485,2.35406,2.35473,420680000,8
1437624960000,1437625439000,2.35473,2.35484,2.35383,2.35385,349420000,8
1437625440000,1437625919000,2.35394,2.35619,2.35373,2.35544,606350000,8
1437625920000,1437626399000,2.35545,2.35653,2.35504,2.35532,526500000,8
1437626400000,1437626879000,2.35529,2.35824,2.35514,2.35693,459280000,8
1437626880000,1437627359000,2.35694,2.35724,2.35638,2.35704,360320000,8
1437627360000,1437627839000,2.35704,2.35753,2.35558,2.35664,555080000,8
1437627840000,1437628319000,2.35663,2.35674,2.35533,2.35644,526560000,8
1437628320000,1437628799000,2.35643,2.35654,2.35473,2.35604,555870000,8
1437628800000,1437629279000,2.35603,2.35624,2.35467,2.35473,570600000,8
1437629280000,1437629759000,2.35473,2.35574,2.35396,2.35573,582600000,8
1437629760000,1437630239000,2.35574,2.35624,2.35416,2.35576,577970000,8
1437630240000,1437630719000,2.35576,2.35576,2.35232,2.35274,590640000,8
1437630720000,1437631199000,2.35273,2.35386,2.35273,2.35304,592350000,8
1437631200000,1437631679000,2.35304,2.35373,2.35231,2.35261,591590000,8
1437631680000,1437632159000,2.35261,2.35478,2.35153,2.35411,561820000,8
1437632160000,1437632639000,2.35411,2.35472,2.35341,2.35371,495860000,8
1437632640000,1437633119000,2.35372,2.35432,2.35271,2.35424,643000000,8
1437633120000,1437633599000,2.35422,2.35452,2.35271,2.35282,664000000,8
1437633600000,1437634079000,2.35272,2.35292,2.35111,2.35131,566500000,8
1437634080000,1437634559000,2.35122,2.35214,2.35091,2.35205,610330000,8
1437634560000,1437635039000,2.35204,2.35464,2.34441,2.34481,1058340000,8
1437635040000,1437635519000,2.34482,2.34616,2.34191,2.34262,1152980000,8
1437635520000,1437635999000,2.34271,2.34553,2.34232,2.34494,1103140000,8
1437636000000,1437636479000,2.34484,2.34664,2.34413,2.34473,823380000,8
1437636480000,1437636959000,2.34484,2.34544,2.34178,2.34411,1384190000,8
1437636960000,1437637439000,2.34401,2.34694,2.34361,2.34512,1220710000,8
1437637440000,1437637919000,2.34512,2.34764,2.34504,2.34613,987690000,8
1437637920000,1437638399000,2.34614,2.34774,2.34538,2.34651,1049320000,8
1437638400000,1437638879000,2.34652,2.34665,2.34471,2.34657,888900000,8
1437638880000,1437639359000,2.34668,2.34715,2.34213,2.34264,1138070000,8
1437639360000,1437639839000,2.34254,2.34361,2.34201,2.34233,962450000,8
1437639840000,1437640319000,2.34234,2.34234,2.3317,2.33492,1156370000,8
1437640320000,1437640799000,2.33493,2.33512,2.33002,2.33321,1553590000,8
1437640800000,1437641279000,2.33322,2.33506,2.33081,2.33262,1137360000,8
1437641280000,1437641759000,2.33254,2.33374,2.32924,2.33144,953720000,8
1437641760000,1437642239000,2.33145,2.33155,2.32928,2.33118,912070000,8
1437642240000,1437642719000,2.33124,2.33306,2.33051,2.33275,624750000,8
1437642720000,1437643199000,2.33276,2.33444,2.3324,2.33424,798950000,8
1437643200000,1437643679000,2.33414,2.33821,2.33403,2.33742,1156150000,8
1437643680000,1437644159000,2.33752,2.33991,2.33741,2.33881,773000000,8
1437644160000,1437644639000,2.33891,2.33912,2.33661,2.33732,677260000,8
1437644640000,1437645119000,2.33732,2.33732,2.33472,2.33621,737590000,8
1437645120000,1437645599000,2.33622,2.33731,2.33601,2.33692,746440000,8
1437645600000,1437646079000,2.33691,2.33762,2.33581,2.33644,819510000,8
1437646080000,1437646559000,2.33644,2.33664,2.33423,2.33514,762900000,8
1437646560000,1437647039000,2.33513,2.33522,2.33264,2.33291,679930000,8
1437647040000,1437647519000,2.33291,2.33432,2.33241,2.33251,875020000,8
1437647520000,1437647999000,2.33251,2.33414,2.33181,2.33353,856220000,8
1437648000000,1437648479000,2.33353,2.33374,2.33242,2.33334,597220000,8
1437648480000,1437648959000,2.33334,2.33414,2.33244,2.33333,620180000,8
1437648960000,1437649439000,2.33334,2.33504,2.33281,2.3339,884890000,8
1437649440000,1437649919000,2.33391,2.33563,2.33353,2.33541,615750000,8
1437649920000,1437650399000,2.33544,2.33618,2.33463,2.33572,671000000,8
1437650400000,1437650879000,2.33574,2.33722,2.33523,2.33611,696750000,8
1437650880000,1437651359000,2.33611,2.33721,2.33571,2.33645,820180000,8
1437651360000,1437651839000,2.3364,2.33744,2.33567,2.33593,609000000,8
1437651840000,1437652319000,2.33594,2.33822,2.33584,2.33721,651250000,8
1437652320000,1437652799000,2.33721,2.33915,2.33621,2.33882,744750000,8
1437652800000,1437653279000,2.33892,2.34011,2.33821,2.33864,722700000,8
1437653280000,1437653759000,2.33864,2.33893,2.33733,2.33781,837500000,8
1437653760000,1437654239000,2.33781,2.34004,2.33653,2.33853,957840000,8
1437654240000,1437654719000,2.33844,2.34084,2.33377,2.34066,1037780000,8
1437654720000,1437655199000,2.34066,2.34174,2.33912,2.34074,1393540000,8
1437655200000,1437655679000,2.34073,2.34164,2.33921,2.33974,1218770000,8
1437655680000,1437656159000,2.33973,2.34094,2.33863,2.33931,1172640000,8
1437656160000,1437656639000,2.33931,2.34056,2.33851,2.34041,1123130000,8
1437656640000,1437657119000,2.34043,2.34324,2.33993,2.34141,1178310000,8
1437657120000,1437657599000,2.34133,2.34214,2.34023,2.34152,959340000,8
1437657600000,1437658079000,2.34155,2.34194,2.34021,2.34143,772720000,8
1437658080000,1437658559000,2.34144,2.34264,2.34045,2.34114,806560000,8
1437658560000,1437659039000,2.34114,2.34184,2.33913,2.34028,966200000,8
1437659040000,1437659519000,2.34028,2.34074,2.33905,2.34029,1000380000,8
1437659520000,1437659999000,2.34028,2.34269,2.33913,2.34265,823950000,8
1437660000000,1437660479000,2.3427,2.34288,2.33943,2.34069,988960000,8
1437660480000,1437660959000,2.34072,2.34081,2.33873,2.33973,750820000,8
1437660960000,1437661439000,2.33974,2.33992,2.33806,2.33883,559850000,8
1437661440000,1437661919000,2.33884,2.34025,2.33863,2.33874,762350000,8
1437661920000,1437662399000,2.33873,2.34103,2.33873,2.33983,711110000,8
1437662400000,1437662879000,2.33984,2.34163,2.33961,2.33961,707790000,8
1437662880000,1437663359000,2.33971,2.34134,2.33851,2.34103,740270000,8
1437663360000,1437663839000,2.34113,2.34113,2.33593,2.33794,1144630000,8
1437663840000,1437664319000,2.33784,2.33804,2.33619,2.33693,825120000,8
1437664320000,1437664799000,2.33686,2.33794,2.33624,2.33666,751900000,8
1437664800000,1437665279000,2.33655,2.33714,2.33613,2.33643,576490000,8
1437665280000,1437665759000,2.33638,2.33687,2.33461,2.33584,738910000,8
1437665760000,1437666239000,2.33583,2.33734,2.33566,2.33643,804110000,8
1437666240000,1437666719000,2.33644,2.33799,2.33578,2.33681,905530000,8
1437666720000,1437667199000,2.33681,2.33772,2.33603,2.33751,671880000,8
1437667200000,1437667679000,2.33761,2.33762,2.33581,2.33643,575680000,8
1437667680000,1437668159000,2.33643,2.33652,2.33441,2.33474,677120000,8
1437668160000,1437668639000,2.33474,2.33522,2.33223,2.33324,1017340000,8
1437668640000,1437669119000,2.33324,2.33452,2.33281,2.33422,611500000,8
1437669120000,1437669599000,2.33422,2.33642,2.33401,2.33603,383630000,8
1437669600000,1437670079000,2.33601,2.33684,2.33501,2.33633,547090000,8
1437670080000,1437670559000,2.33633,2.33731,2.33441,2.33444,434510000,8
1437670560000,1437671039000,2.33443,2.33632,2.33423,2.33581,457060000,8
1437671040000,1437671519000,2.33581,2.33612,2.33443,2.33511,415390000,8
1437671520000,1437671999000,2.33512,2.33542,2.33452,2.33471,340400000,8
1437672000000,1437672479000,2.33471,2.33604,2.33421,2.33522,384750000,8
1437672480000,1437672959000,2.33521,2.33674,2.33493,2.33653,395740000,8
1437672960000,1437673439000,2.33654,2.33674,2.33501,2.33544,482380000,8
1437673440000,1437673919000,2.33543,2.33632,2.33423,2.33532,584350000,8
1437673920000,1437674399000,2.33534,2.33734,2.33511,2.33654,548710000,8
1437674400000,1437674879000,2.33663,2.33754,2.33601,2.33734,469230000,8
1437674880000,1437675359000,2.33723,2.33771,2.33673,2.33764,286740000,8
1437675360000,1437675839000,2.33773,2.34341,2.33773,2.34154,747480000,8
1437675840000,1437676319000,2.34162,2.34292,2.34131,2.34193,597930000,8
1437676320000,1437676799000,2.34194,2.34344,2.34191,2.34333,238180000,8
1437676800000,1437677279000,2.34333,2.34524,2.34296,2.34513,318410000,8
1437677280000,1437677759000,2.34524,2.34665,2.34333,2.34454,490680000,8
1437677760000,1437678239000,2.34454,2.34624,2.34418,2.34599,494660000,8
1437678240000,1437678719000,2.34603,2.34644,2.34194,2.34283,492350000,8
1437678720000,1437679199000,2.34283,2.34283,2.34083,2.34183,406630000,8
1437679200000,1437679679000,2.34194,2.34344,2.34193,2.34294,336000000,8
1437679680000,1437680159000,2.34303,2.34314,2.34215,2.34242,298250000,8
1437680160000,1437680639000,2.3424,2.34249,2.34212,2.34218,200650000,8
1437680640000,1437681119000,2.34217,2.34444,2.34213,2.34444,268000000,8
1437681120000,1437681599000,2.34454,2.34663,2.34423,2.34653,414160000,8
1437681600000,1437682079000,2.34654,2.34764,2.34521,2.34688,422340000,8
1437682080000,1437682559000,2.34688,2.34694,2.34595,2.34614,225400000,8
1437682560000,1437683039000,2.34617,2.34752,2.34614,2.34721,167500000,8
1437683040000,1437683519000,2.34728,2.34762,2.34691,2.34693,189270000,8
1437683520000,1437683999000,2.34691,2.34731,2.3443,2.34438,611020000,8
1437684000000,1437684479000,2.34435,2.34714,2.34435,2.34713,1180500000,8
1437684480000,1437684959000,2.34713,2.34817,2.34713,2.34781,595250000,8
1437684960000,1437685439000,2.34781,2.34794,2.34721,2.34731,364000000,8
1437685440000,1437685919000,2.34762,2.34772,2.34571,2.34692,171750000,8
1437685920000,1437686399000,2.34687,2.34754,2.34561,2.34561,193000000,8
1437686400000,1437686879000,2.34561,2.34642,2.34437,2.34612,230750000,8
1437686880000,1437687359000,2.34601,2.34782,2.34589,2.34692,122750000,8
1437687360000,1437687839000,2.34692,2.34872,2.34575,2.34709,136250000,8
1437687840000,1437688319000,2.34793,2.35002,2.34565,2.3495,354750000,8
1437688320000,1437688799000,2.34951,2.35059,2.34749,2.34853,501000000,8
1437688800000,1437689279000,2.34853,2.35072,2.34831,2.34892,523000000,8
1437689280000,1437689759000,2.34892,2.34952,2.34751,2.34751,562000000,8
1437689760000,1437690239000,2.34751,2.34772,2.34721,2.34761,336000000,8
1437690240000,1437690719000,2.34762,2.34822,2.34701,2.34711,371500000,8
1437690720000,1437691199000,2.34722,2.34722,2.34461,2.34542,341500000,8
1437691200000,1437691679000,2.34533,2.34641,2.34133,2.34431,636440000,8
1437691680000,1437692159000,2.34452,2.34542,2.34402,2.34462,306000000,8
1437692160000,1437692639000,2.34452,2.34554,2.34451,2.34492,318500000,8
1437692640000,1437693119000,2.34484,2.34504,2.34231,2.34366,325000000,8
1437693120000,1437693599000,2.34369,2.34472,2.34291,2.34291,265250000,8
1437693600000,1437694079000,2.34291,2.34342,2.34231,2.34292,243500000,8
1437694080000,1437694559000,2.34291,2.34544,2.34291,2.34514,295840000,8
1437694560000,1437695039000,2.34514,2.3462,2.34512,2.34604,406000000,8
1437695040000,1437695519000,2.34602,2.34612,2.34371,2.34421,265500000,8
1437695520000,1437695999000,2.34421,2.34522,2.34411,2.34471,248000000,8
1437696000000,1437696479000,2.34471,2.34542,2.34452,2.34521,300500000,8
1437696480000,1437696959000,2.34522,2.34682,2.34515,2.34674,311500000,8
1437696960000,1437697439000,2.34674,2.34882,2.34653,2.34841,390560000,8
1437697440000,1437697919000,2.34842,2.34954,2.34774,2.34784,555610000,8
1437697920000,1437698399000,2.34774,2.34993,2.34763,2.34831,478020000,8
1437698400000,1437698879000,2.34831,2.34911,2.34733,2.34741,284290000,8
1437698880000,1437699359000,2.34741,2.34794,2.34533,2.34533,479490000,8
1437699360000,1437699839000,2.34527,2.34642,2.34502,2.34642,387080000,8
1437699840000,1437700319000,2.34642,2.34922,2.34642,2.34801,475610000,8
1437700320000,1437700799000,2.34801,2.34802,2.34654,2.34732,393500000,8
1437700800000,1437701279000,2.34731,2.34844,2.34593,2.34603,310270000,8
1437701280000,1437701759000,2.34603,2.34603,2.34341,2.34574,491340000,8
1437701760000,1437702239000,2.34563,2.34584,2.34363,2.34374,457000000,8
1437702240000,1437702719000,2.34373,2.35584,2.34234,2.35182,1130930000,8
1437702720000,1437703199000,2.35174,2.35192,2.34983,2.35006,623770000,8
1437703200000,1437703679000,2.35006,2.3532,2.34951,2.35264,737890000,8
1437703680000,1437704159000,2.35282,2.35344,2.34855,2.34954,604740000,8
1437704160000,1437704639000,2.34954,2.35221,2.34793,2.35221,546650000,8
1437704640000,1437705119000,2.35221,2.35292,2.35141,2.35273,563110000,8
1437705120000,1437705599000,2.35273,2.3551,2.35233,2.3551,416000000,8
1437705600000,1437706079000,2.35501,2.35592,2.35343,2.35387,488150000,8
1437706080000,1437706559000,2.35387,2.35574,2.35362,2.35444,580070000,8
1437706560000,1437707039000,2.35446,2.35783,2.35353,2.35723,617800000,8
1437707040000,1437707519000,2.35723,2.36164,2.35623,2.35663,1125380000,8
1437707520000,1437707999000,2.35664,2.36094,2.35623,2.35942,600440000,8
1437708000000,1437708479000,2.35941,2.36032,2.35886,2.35964,489620000,8
1437708480000,1437708959000,2.35974,2.35995,2.35793,2.35813,497680000,8
1437708960000,1437709439000,2.35813,2.35834,2.35614,2.35684,613590000,8
1437709440000,1437709919000,2.35684,2.35837,2.35684,2.35733,369450000,8
1437709920000,1437710399000,2.35734,2.35818,2.35598,2.35674,452200000,8
1437710400000,1437710879000,2.35673,2.35714,2.35611,2.35653,320470000,8
1437710880000,1437711359000,2.35654,2.35734,2.35643,2.35714,337910000,8
1437711360000,1437711839000,2.35714,2.35714,2.35389,2.35414,477810000,8
1437711840000,1437712319000,2.35413,2.35434,2.35343,2.35353,463320000,8
1437712320000,1437712799000,2.35348,2.35348,2.35171,2.35244,393790000,8
1437712800000,1437713279000,2.35254,2.35264,2.35107,2.35264,326090000,8
1437713280000,1437713759000,2.35254,2.35546,2.35252,2.35483,435680000,8
1437713760000,1437714239000,2.35484,2.35624,2.35413,2.35624,246610000,8
1437714240000,1437714719000,2.35624,2.35624,2.35453,2.35453,404840000,8
1437714720000,1437715199000,2.35453,2.35533,2.35403,2.35423,331690000,8
1437715200000,1437715679000,2.35423,2.3547,2.35254,2.35424,518150000,8
1437715680000,1437716159000,2.35423,2.35504,2.35363,2.35504,658890000,8
1437716160000,1437716639000,2.35504,2.35652,2.35433,2.35642,595340000,8
1437716640000,1437717119000,2.35642,2.35772,2.35634,2.35682,483710000,8
1437717120000,1437717599000,2.35681,2.35681,2.35323,2.35381,433840000,8
1437717600000,1437718079000,2.35378,2.35549,2.35245,2.35502,622060000,8
1437718080000,1437718559000,2.35502,2.35502,2.35275,2.35374,618830000,8
1437718560000,1437719039000,2.35376,2.35388,2.35098,2.35187,508270000,8
1437719040000,1437719519000,2.35187,2.35246,2.35125,2.35246,549360000,8
1437719520000,1437719999000,2.35258,2.3534,2.35159,2.35174,580690000,8
1437720000000,1437720479000,2.35176,2.35214,2.35014,2.35014,537790000,8
1437720480000,1437720959000,2.35014,2.35134,2.3485,2.34963,630300000,8
1437720960000,1437721439000,2.34974,2.35237,2.34903,2.35094,946670000,8
1437721440000,1437721919000,2.35093,2.35184,2.34851,2.34961,1156660000,8
1437721920000,1437722399000,2.34951,2.35152,2.34873,2.35083,828710000,8
1437722400000,1437722879000,2.35073,2.35277,2.35043,2.35242,863040000,8
1437722880000,1437723359000,2.35234,2.35334,2.35063,2.35291,1008950000,8
1437723360000,1437723839000,2.35291,2.35414,2.35134,2.35221,848450000,8
1437723840000,1437724319000,2.35222,2.35322,2.35062,2.35072,661680000,8
1437724320000,1437724799000,2.35071,2.35262,2.35051,2.35239,678800000,8
1437724800000,1437725279000,2.35239,2.35462,2.35223,2.35451,606310000,8
1437725280000,1437725759000,2.35462,2.35462,2.35183,2.35233,633300000,8
1437725760000,1437726239000,2.35234,2.35422,2.35223,2.35411,532690000,8
1437726240000,1437726719000,2.35411,2.35522,2.35253,2.35264,840930000,8
1437726720000,1437727199000,2.35264,2.35524,2.35203,2.35454,628270000,8
1437727200000,1437727679000,2.35444,2.35474,2.35293,2.35374,481520000,8
1437727680000,1437728159000,2.35373,2.35434,2.35334,2.35402,500380000,8
1437728160000,1437728639000,2.35402,2.35514,2.35389,2.35474,492010000,8
1437728640000,1437729119000,2.35473,2.35494,2.3534,2.35402,545080000,8
1437729120000,1437729599000,2.35401,2.35634,2.35391,2.35624,638470000,8
1437729600000,1437730079000,2.35618,2.35663,2.35513,2.35633,579490000,8
1437730080000,1437730559000,2.35633,2.35673,2.35451,2.35483,665360000,8
1437730560000,1437731039000,2.35483,2.35483,2.35214,2.35263,626120000,8
1437731040000,1437731519000,2.35263,2.35324,2.35123,2.35324,551460000,8
1437731520000,1437731999000,2.35334,2.35514,2.35333,2.35434,625660000,8
1437732000000,1437732479000,2.35443,2.35466,2.35323,2.35464,632800000,8
1437732480000,1437732959000,2.35469,2.35504,2.35348,2.35503,601290000,8
1437732960000,1437733439000,2.35504,2.35504,2.35301,2.35454,594130000,8
1437733440000,1437733919000,2.35454,2.35504,2.35393,2.35503,538300000,8
1437733920000,1437734399000,2.35504,2.35508,2.35345,2.35423,634620000,8
1437734400000,1437734879000,2.35423,2.35624,2.35383,2.35546,641290000,8
1437734880000,1437735359000,2.35546,2.35644,2.35533,2.35551,464500000,8
1437735360000,1437735839000,2.35553,2.3563,2.35393,2.35433,731810000,8
1437735840000,1437736319000,2.35443,2.35544,2.35423,2.35524,711490000,8
1437736320000,1437736799000,2.35523,2.35743,2.35487,2.35684,619960000,8
1437736800000,1437737279000,2.35683,2.35834,2.35633,2.35833,577400000,8
1437737280000,1437737759000,2.35825,2.35924,2.35714,2.35794,725560000,8
1437737760000,1437738239000,2.35803,2.35904,2.35744,2.35883,808910000,8
1437738240000,1437738719000,2.35884,2.36044,2.35831,2.35922,730460000,8
1437738720000,1437739199000,2.35921,2.36014,2.35723,2.35724,764860000,8
1437739200000,1437739679000,2.35723,2.35794,2.35603,2.35733,522690000,8
1437739680000,1437740159000,2.35737,2.36074,2.35573,2.35595,745600000,8
1437740160000,1437740639000,2.35595,2.35879,2.35553,2.3581,827740000,8
1437740640000,1437741119000,2.35811,2.35842,2.35531,2.35614,785630000,8
1437741120000,1437741599000,2.35624,2.35704,2.35604,2.35644,345610000,8
1437741600000,1437742079000,2.35653,2.35734,2.35433,2.35544,629280000,8
1437742080000,1437742559000,2.35543,2.35634,2.3535,2.35424,645410000,8
1437742560000,1437743039000,2.35429,2.35474,2.35333,2.35423,691940000,8
1437743040000,1437743519000,2.35414,2.35614,2.35405,2.35614,507790000,8
1437743520000,1437743999000,2.35613,2.35683,2.35463,2.35473,644010000,8
1437744000000,1437744479000,2.35463,2.35564,2.3541,2.35493,621010000,8
1437744480000,1437744959000,2.35503,2.35574,2.35414,2.35524,734790000,8
1437744960000,1437745439000,2.3552,2.35754,2.35467,2.35703,873380000,8
1437745440000,1437745919000,2.35703,2.35867,2.35654,2.35793,917040000,8
1437745920000,1437746399000,2.35794,2.35951,2.35556,2.35663,709070000,8
1437746400000,1437746879000,2.35648,2.35872,2.35563,2.35813,1217500000,8
1437746880000,1437747359000,2.35814,2.35934,2.35713,2.35934,818410000,8
1437747360000,1437747839000,2.35934,2.35992,2.35813,2.35864,834330000,8
1437747840000,1437748319000,2.35863,2.35931,2.35761,2.35821,747210000,8
1437748320000,1437748799000,2.35822,2.35934,2.35751,2.35933,614090000,8
1437748800000,1437749279000,2.35934,2.36015,2.35821,2.35971,680150000,8
1437749280000,1437749759000,2.35971,2.35994,2.35895,2.35901,579420000,8
1437749760000,1437750239000,2.35903,2.35922,2.35631,2.35744,998150000,8
1437750240000,1437750719000,2.35744,2.35794,2.35541,2.35654,592760000,8
1437750720000,1437751199000,2.35662,2.35724,2.35343,2.35394,1090370000,8
1437751200000,1437751679000,2.35393,2.35604,2.35281,2.35594,775020000,8
1437751680000,1437752159000,2.35613,2.35803,2.35602,2.35763,812390000,8
1437752160000,1437752639000,2.35761,2.35763,2.35591,2.35612,686500000,8
1437752640000,1437753119000,2.35611,2.35632,2.35521,2.35532,584000000,8
1437753120000,1437753599000,2.35531,2.35544,2.35352,2.35515,634520000,8
1437753600000,1437754079000,2.35525,2.35684,2.35511,2.35674,473630000,8
1437754080000,1437754559000,2.35673,2.35704,2.35561,2.35693,470180000,8
1437754560000,1437755039000,2.35703,2.35754,2.35413,2.35444,416880000,8
1437755040000,1437755519000,2.35443,2.35482,2.35413,2.35432,316020000,8
1437755520000,1437755999000,2.35423,2.35524,2.35423,2.35461,255170000,8
1437756000000,1437756479000,2.35461,2.35592,2.35444,2.35553,299970000,8
1437756480000,1437756959000,2.35554,2.35732,2.35543,2.35652,393390000,8
1437756960000,1437757439000,2.35652,2.35832,2.35633,2.35761,464420000,8
1437757440000,1437757919000,2.35762,2.36022,2.35723,2.36002,594710000,8
1437757920000,1437758399000,2.36002,2.36252,2.35941,2.36101,476490000,8
1437758400000,1437758879000,2.36101,2.36112,2.36001,2.36011,277340000,8
1437758880000,1437759359000,2.36012,2.36102,2.35991,2.36072,357830000,8
1437759360000,1437759839000,2.36082,2.36113,2.36011,2.36043,293840000,8
1437759840000,1437760319000,2.36051,2.36142,2.36042,2.36072,336000000,8
1437760320000,1437760799000,2.36072,2.36082,2.35924,2.35933,312000000,8
1437760800000,1437761279000,2.35933,2.36154,2.35923,2.36143,340760000,8
1437761280000,1437761759000,2.36144,2.36183,2.3607,2.36074,338180000,8
1437761760000,1437762239000,2.36074,2.36154,2.36039,2.36121,275840000,8
1437762240000,1437762719000,2.36114,2.36114,2.35934,2.35962,297020000,8
1437762720000,1437763199000,2.35954,2.36084,2.35953,2.36073,273000000,8
1437763200000,1437763679000,2.36073,2.36154,2.36053,2.36123,239340000,8
1437763680000,1437764159000,2.36123,2.36174,2.35993,2.36063,186680000,8
1437764160000,1437764639000,2.36073,2.36184,2.36033,2.36113,298270000,8
1437764640000,1437765119000,2.36103,2.36114,2.36024,2.36064,212910000,8
1437765120000,1437765599000,2.36064,2.36064,2.35983,2.35993,255870000,8
1437765600000,1437766079000,2.35984,2.36014,2.35893,2.35993,267300000,8
1437766080000,1437766559000,2.35994,2.36034,2.35873,2.35883,234000000,8
1437766560000,1437767039000,2.35884,2.35934,2.35833,2.35934,205720000,8
1437767040000,1437767519000,2.35933,2.35994,2.35913,2.35993,149000000,8
1437767520000,1437767999000,2.35984,2.35994,2.35853,2.35911,321090000,8
1437768000000,1437768479000,2.35911,2.35935,2.35802,2.35901,309310000,8
1437768480000,1437768959000,2.35902,2.35932,2.35822,2.35822,167820000,8
1437768960000,1437769439000,2.35822,2.35822,2.35701,2.35707,168860000,8
1437769440000,1437769919000,2.35707,2.35711,2.3565,2.35691,170780000,8
1437769920000,1437770399000,2.35692,2.35762,2.35589,2.3565,550250000,8
1437770400000,1437770879000,2.3565,2.35802,2.3563,2.35761,292750000,8
1437770880000,1437771359000,2.35796,2.35815,2.35439,2.35785,634510000,8
1437771360000,1437771839000,2.35785,2.35794,2.35488,2.35605,253330000,8
1437771840000,1437772319000,2.35605,2.35605,2.35605,2.35605,0,8
1437772320000,1437772799000,2.35605,2.35605,2.35605,2.35605,0,8
1437772800000,1437773279000,2.35605,2.35605,2.35605,2.35605,0,8
1437773280000,1437773759000,2.35605,2.35605,2.35605,2.35605,0,8
1437773760000,1437774239000,2.35605,2.35605,2.35605,2.35605,0,8
1437774240000,1437774719000,2.35605,2.35605,2.35605,2.35605,0,8
1437774720000,1437775199000,2.35605,2.35605,2.35605,2.35605,0,8
1437775200000,1437775679000,2.35605,2.35605,2.35605,2.35605,0,8
1437775680000,1437776159000,2.35605,2.35605,2.35605,2.35605,0,8
1437776160000,1437776639000,2.35605,2.35605,2.35605,2.35605,0,8
1437776640000,1437777119000,2.35605,2.35605,2.35605,2.35605,0,8
1437777120000,1437777599000,2.35605,2.35605,2.35605,2.35605,0,8
1437777600000,1437778079000,2.35605,2.35605,2.35605,2.35605,0,8
1437778080000,1437778559000,2.35605,2.35605,2.35605,2.35605,0,8
1437778560000,1437779039000,2.35605,2.35605,2.35605,2.35605,0,8
1437779040000,1437779519000,2.35605,2.35605,2.35605,2.35605,0,8
1437779520000,1437779999000,2.35605,2.35605,2.35605,2.35605,0,8
1437780000000,1437780479000,2.35605,2.35605,2.35605,2.35605,0,8
1437780480000,1437780959000,2.35605,2.35605,2.35605,2.35605,0,8
1437780960000,1437781439000,2.35605,2.35605,2.35605,2.35605,0,8
1437781440000,1437781919000,2.35605,2.35605,2.35605,2.35605,0,8
1437781920000,1437782399000,2.35605,2.35605,2.35605,2.35605,0,8
1437945120000,1437945599000,2.35878,2.36012,2.35842,2.35847,43500000,8
1437945600000,1437946079000,2.35846,2.35987,2.35842,2.35892,43000000,8
1437946080000,1437946559000,2.35901,2.35932,2.35881,2.35931,36000000,8
1437946560000,1437947039000,2.35932,2.35952,2.35883,2.35912,17500000,8
1437947040000,1437947519000,2.35901,2.35911,2.35851,2.35876,34000000,8
1437947520000,1437947999000,2.35877,2.35952,2.35871,2.35871,164000000,8
1437948000000,1437948479000,2.35881,2.36059,2.35874,2.3602,743750000,8
1437948480000,1437948959000,2.3602,2.36039,2.36002,2.36006,419000000,8
1437948960000,1437949439000,2.36017,2.3615,2.35956,2.35965,761750000,8
1437949440000,1437949919000,2.35966,2.35966,2.35822,2.35901,207000000,8
1437949920000,1437950399000,2.35914,2.35932,2.35857,2.35857,254250000,8
1437950400000,1437950879000,2.35857,2.35894,2.3577,2.35774,259500000,8
1437950880000,1437951359000,2.35774,2.35781,2.35718,2.35768,145500000,8
1437951360000,1437951839000,2.35768,2.35874,2.3576,2.3583,268500000,8
1437951840000,1437952319000,2.35834,2.35882,2.35796,2.35866,359000000,8
1437952320000,1437952799000,2.35866,2.3602,2.35861,2.36008,526000000,8
1437952800000,1437953279000,2.36022,2.36022,2.35836,2.3585,379500000,8
1437953280000,1437953759000,2.3585,2.36038,2.35835,2.36038,259500000,8
1437953760000,1437954239000,2.36038,2.36038,2.35897,2.3591,387500000,8
1437954240000,1437954719000,2.3591,2.36028,2.35881,2.3594,504180000,8
1437954720000,1437955199000,2.35941,2.35975,2.35884,2.35898,333000000,8
1437955200000,1437955679000,2.35898,2.35942,2.35704,2.35765,558000000,8
1437955680000,1437956159000,2.35764,2.35969,2.35759,2.35912,791750000,8
1437956160000,1437956639000,2.35912,2.36084,2.35851,2.36074,678500000,8
1437956640000,1437957119000,2.36072,2.36083,2.36001,2.36034,601760000,8
1437957120000,1437957599000,2.36034,2.36073,2.35981,2.36018,435990000,8
1437957600000,1437958079000,2.36019,2.36051,2.35805,2.35824,557650000,8
1437958080000,1437958559000,2.35824,2.35914,2.35728,2.35864,712060000,8
1437958560000,1437959039000,2.35864,2.35904,2.35592,2.35642,741020000,8
1437959040000,1437959519000,2.35642,2.35723,2.35497,2.35502,617020000,8
1437959520000,1437959999000,2.35512,2.35583,2.35424,2.35434,615170000,8
1437960000000,1437960479000,2.35433,2.35454,2.35251,2.35274,682440000,8
1437960480000,1437960959000,2.35264,2.35544,2.35264,2.35514,617080000,8
1437960960000,1437961439000,2.35508,2.35514,2.35392,2.35473,426510000,8
1437961440000,1437961919000,2.35463,2.35484,2.35353,2.35404,565980000,8
1437961920000,1437962399000,2.35404,2.35543,2.35352,2.35538,640220000,8
1437962400000,1437962879000,2.35534,2.35534,2.35333,2.35336,623760000,8
1437962880000,1437963359000,2.35335,2.35424,2.35314,2.35335,440680000,8
1437963360000,1437963839000,2.35333,2.35414,2.35274,2.35283,576660000,8
1437963840000,1437964319000,2.35284,2.35375,2.35267,2.35364,653500000,8
1437964320000,1437964799000,2.35364,2.35494,2.35203,2.35251,643020000,8
1437964800000,1437965279000,2.35251,2.35404,2.35191,2.35341,457280000,8
1437965280000,1437965759000,2.35341,2.35362,2.35192,2.35201,543760000,8
1437965760000,1437966239000,2.35202,2.35302,2.35171,2.35194,567340000,8
1437966240000,1437966719000,2.35193,2.35232,2.35013,2.35054,732540000,8
1437966720000,1437967199000,2.35054,2.35174,2.35013,2.35123,573500000,8
1437967200000,1437967679000,2.35122,2.35274,2.35113,2.35255,610340000,8
1437967680000,1437968159000,2.35252,2.35292,2.35121,2.35122,363000000,8
1437968160000,1437968639000,2.35121,2.35253,2.35121,2.35253,492000000,8
1437968640000,1437969119000,2.35252,2.35382,2.35245,2.35301,480000000,8
1437969120000,1437969599000,2.35301,2.35342,2.35263,2.35283,415000000,8
1437969600000,1437970079000,2.35293,2.35334,2.35201,2.35284,417000000,8
1437970080000,1437970559000,2.3529,2.35503,2.35283,2.35452,453840000,8
1437970560000,1437971039000,2.35452,2.35602,2.35361,2.35574,500340000,8
1437971040000,1437971519000,2.35572,2.35592,2.35514,2.35542,415000000,8
1437971520000,1437971999000,2.35541,2.35622,2.35491,2.35622,292840000,8
1437972000000,1437972479000,2.35622,2.35672,2.35571,2.35631,266720000,8
1437972480000,1437972959000,2.35641,2.35742,2.35641,2.35713,298970000,8
1437972960000,1437973439000,2.35714,2.35762,2.35631,2.35641,409650000,8
1437973440000,1437973919000,2.35641,2.35651,2.35321,2.35492,689500000,8
1437973920000,1437974399000,2.35481,2.35481,2.35193,2.35215,426760000,8
1437974400000,1437974879000,2.35213,2.35356,2.35192,2.35314,315180000,8
1437974880000,1437975359000,2.35323,2.35324,2.35163,2.35237,434530000,8
1437975360000,1437975839000,2.35237,2.35354,2.35216,2.35354,302250000,8
1437975840000,1437976319000,2.35345,2.35424,2.35243,2.35316,286930000,8
1437976320000,1437976799000,2.35316,2.35342,2.35202,2.35215,282870000,8
1437976800000,1437977279000,2.35212,2.35345,2.35202,2.35303,467840000,8
1437977280000,1437977759000,2.35304,2.35354,2.35119,2.35151,514020000,8
1437977760000,1437978239000,2.35151,2.35174,2.34956,2.35164,958400000,8
1437978240000,1437978719000,2.35164,2.35244,2.34883,2.35063,941000000,8
1437978720000,1437979199000,2.35068,2.35339,2.35068,2.35312,816930000,8
1437979200000,1437979679000,2.35311,2.35413,2.35153,2.35154,684490000,8
1437979680000,1437980159000,2.35154,2.35294,2.35073,2.35283,805820000,8
1437980160000,1437980639000,2.35284,2.35301,2.34981,2.35281,826120000,8
1437980640000,1437981119000,2.35276,2.35311,2.35024,2.35074,1500320000,8
1437981120000,1437981599000,2.35064,2.35074,2.34783,2.34852,1533870000,8
1437981600000,1437982079000,2.34843,2.34941,2.34692,2.34918,1267150000,8
1437982080000,1437982559000,2.34918,2.35063,2.34814,2.34955,988280000,8
1437982560000,1437983039000,2.34955,2.35174,2.34833,2.34844,1043850000,8
1437983040000,1437983519000,2.34844,2.34934,2.34714,2.34913,880000000,8
1437983520000,1437983999000,2.34913,2.34913,2.34603,2.34656,981310000,8
1437984000000,1437984479000,2.34662,2.34914,2.34515,2.34764,1291990000,8
1437984480000,1437984959000,2.34773,2.34863,2.34443,2.34473,1006480000,8
1437984960000,1437985439000,2.34474,2.34743,2.34433,2.34594,1008730000,8
1437985440000,1437985919000,2.34593,2.34724,2.34493,2.34636,861580000,8
1437985920000,1437986399000,2.34636,2.34834,2.34613,2.34833,915490000,8
1437986400000,1437986879000,2.34833,2.34943,2.34653,2.34683,827890000,8
1437986880000,1437987359000,2.34692,2.34841,2.34511,2.34816,1103550000,8
1437987360000,1437987839000,2.34811,2.34884,2.34731,2.34861,789820000,8
1437987840000,1437988319000,2.34853,2.34961,2.34734,2.34734,847240000,8
1437988320000,1437988799000,2.34733,2.34862,2.34713,2.34824,757850000,8
1437988800000,1437989279000,2.34823,2.34844,2.34681,2.34691,1010030000,8
1437989280000,1437989759000,2.34691,2.34794,2.34593,2.34794,659340000,8
1437989760000,1437990239000,2.34793,2.34924,2.34704,2.34813,660450000,8
1437990240000,1437990719000,2.34803,2.34843,2.34714,2.34763,945920000,8
1437990720000,1437991199000,2.34774,2.34813,2.34612,2.34625,787770000,8
1437991200000,1437991679000,2.34613,2.34727,2.34574,2.34653,774110000,8
1437991680000,1437992159000,2.34658,2.34834,2.34658,2.34704,829520000,8
1437992160000,1437992639000,2.34703,2.34784,2.34634,2.34714,523750000,8
1437992640000,1437993119000,2.34713,2.34794,2.34668,2.34727,591890000,8
1437993120000,1437993599000,2.34727,2.34755,2.34653,2.34665,534300000,8
1437993600000,1437994079000,2.34665,2.34798,2.34583,2.34792,654240000,8
1437994080000,1437994559000,2.34794,2.34804,2.34652,2.34744,818900000,8
1437994560000,1437995039000,2.34733,2.34804,2.34653,2.34734,867620000,8
1437995040000,1437995519000,2.34734,2.34845,2.34683,2.34753,842980000,8
1437995520000,1437995999000,2.34756,2.34817,2.34694,2.34784,848600000,8
1437996000000,1437996479000,2.34784,2.34837,2.34753,2.34786,1017340000,8
1437996480000,1437996959000,2.34782,2.34874,2.34717,2.34833,895790000,8
1437996960000,1437997439000,2.34834,2.35001,2.34773,2.34983,774560000,8
1437997440000,1437997919000,2.34983,2.34993,2.34774,2.34955,965530000,8
1437997920000,1437998399000,2.34962,2.35013,2.34803,2.34818,704470000,8
1437998400000,1437998879000,2.34818,2.34823,2.34643,2.34703,697310000,8
1437998880000,1437999359000,2.34704,2.34954,2.34703,2.34846,909900000,8
1437999360000,1437999839000,2.34844,2.34934,2.34729,2.34894,865860000,8
1437999840000,1438000319000,2.34884,2.34983,2.34522,2.34774,1029060000,8
1438000320000,1438000799000,2.34774,2.34794,2.34554,2.34654,1098860000,8
1438000800000,1438001279000,2.34654,2.34794,2.34603,2.34718,908010000,8
1438001280000,1438001759000,2.34718,2.34864,2.34683,2.34763,716600000,8
1438001760000,1438002239000,2.34773,2.34874,2.34713,2.34733,765970000,8
1438002240000,1438002719000,2.34734,2.34764,2.34308,2.34351,1012250000,8
1438002720000,1438003199000,2.34356,2.34465,2.34231,2.34374,893870000,8
1438003200000,1438003679000,2.34373,2.34374,2.34221,2.34263,1049420000,8
1438003680000,1438004159000,2.34278,2.34524,2.34253,2.34517,920260000,8
1438004160000,1438004639000,2.34517,2.34754,2.34458,2.34705,1006150000,8
1438004640000,1438005119000,2.34714,2.34794,2.34611,2.34766,903400000,8
1438005120000,1438005599000,2.34767,2.34876,2.34673,2.34673,1075000000,8
1438005600000,1438006079000,2.34673,2.35013,2.34673,2.34974,1302410000,8
1438006080000,1438006559000,2.34973,2.35034,2.34873,2.34923,1003060000,8
1438006560000,1438007039000,2.34933,2.35004,2.34804,2.34943,822550000,8
1438007040000,1438007519000,2.34944,2.35064,2.34743,2.34773,980270000,8
1438007520000,1438007999000,2.34773,2.34964,2.34743,2.34864,887610000,8
1438008000000,1438008479000,2.34874,2.34984,2.34773,2.34824,693540000,8
1438008480000,1438008959000,2.34823,2.34944,2.34753,2.34754,826420000,8
1438008960000,1438009439000,2.34754,2.35018,2.34673,2.34894,1383580000,8
1438009440000,1438009919000,2.34893,2.35084,2.34864,2.34934,764460000,8
1438009920000,1438010399000,2.34924,2.34934,2.34773,2.34913,621950000,8
1438010400000,1438010879000,2.34914,2.34974,2.34783,2.34894,512180000,8
1438010880000,1438011359000,2.34893,2.35053,2.34863,2.34926,517430000,8
1438011360000,1438011839000,2.34926,2.35091,2.34853,2.35014,857590000,8
1438011840000,1438012319000,2.35013,2.35072,2.34904,2.34953,672000000,8
1438012320000,1438012799000,2.34954,2.35034,2.34884,2.35005,594250000,8
1438012800000,1438013279000,2.35013,2.35032,2.34933,2.34962,483700000,8
1438013280000,1438013759000,2.34962,2.34992,2.34831,2.34871,525610000,8
1438013760000,1438014239000,2.34872,2.34905,2.34784,2.34833,564430000,8
1438014240000,1438014719000,2.34832,2.34884,2.34785,2.34865,389500000,8
1438014720000,1438015199000,2.34865,2.34874,2.34803,2.34824,401110000,8
1438015200000,1438015679000,2.34824,2.34914,2.34803,2.34903,266600000,8
1438015680000,1438016159000,2.34904,2.34924,2.34774,2.34787,467910000,8
1438016160000,1438016639000,2.34784,2.35009,2.34784,2.35009,474450000,8
1438016640000,1438017119000,2.35026,2.35044,2.34944,2.34974,515160000,8
1438017120000,1438017599000,2.34974,2.35044,2.34963,2.35013,407270000,8
1438017600000,1438018079000,2.35013,2.35104,2.34973,2.35072,445350000,8
1438018080000,1438018559000,2.35071,2.35174,2.35043,2.35123,384350000,8
1438018560000,1438019039000,2.3513,2.35144,2.35073,2.35113,163590000,8
1438019040000,1438019519000,2.35114,2.35204,2.35063,2.35154,278100000,8
1438019520000,1438019999000,2.35153,2.35253,2.35043,2.35244,373360000,8
1438020000000,1438020479000,2.35244,2.35265,2.35154,2.35183,298200000,8
1438020480000,1438020959000,2.35183,2.35324,2.35155,2.35264,332000000,8
1438020960000,1438021439000,2.35264,2.35329,2.35203,2.35213,307770000,8
1438021440000,1438021919000,2.35214,2.35241,2.35173,2.35174,239100000,8
1438021920000,1438022399000,2.35183,2.35273,2.35174,2.35223,307130000,8
1438022400000,1438022879000,2.35223,2.35244,2.35153,2.35203,301590000,8
1438022880000,1438023359000,2.35204,2.35254,2.35199,2.35209,265990000,8
1438023360000,1438023839000,2.35209,2.35364,2.35204,2.35361,528400000,8
1438023840000,1438024319000,2.35361,2.35454,2.35293,2.35454,369470000,8
1438024320000,1438024799000,2.35453,2.35454,2.35353,2.35383,555500000,8
1438024800000,1438025279000,2.35383,2.35454,2.35373,2.35413,343230000,8
1438025280000,1438025759000,2.35414,2.35514,2.35373,2.35473,320770000,8
1438025760000,1438026239000,2.35483,2.35513,2.35425,2.35463,283430000,8
1438026240000,1438026719000,2.35463,2.35584,2.35463,2.35514,328750000,8
1438026720000,1438027199000,2.35514,2.35574,2.35428,2.35453,403160000,8
1438027200000,1438027679000,2.35444,2.35444,2.35341,2.35377,316290000,8
1438027680000,1438028159000,2.35377,2.3543,2.35361,2.35364,179630000,8
1438028160000,1438028639000,2.35365,2.35384,2.35315,2.35384,117920000,8
1438028640000,1438029119000,2.35384,2.35454,2.35384,2.35424,164700000,8
1438029120000,1438029599000,2.35423,2.35475,2.35413,2.35437,372680000,8
1438029600000,1438030079000,2.3544,2.35457,2.35423,2.35433,369330000,8
1438030080000,1438030559000,2.35434,2.35538,2.35346,2.35458,864250000,8
1438030560000,1438031039000,2.35462,2.35521,2.35442,2.35468,270250000,8
1438031040000,1438031519000,2.35487,2.35533,2.35487,2.35522,123000000,8
1438031520000,1438031999000,2.35527,2.35527,2.35419,2.35512,117000000,8
1438032000000,1438032479000,2.3544,2.3546,2.35439,2.3546,187000000,8
1438032480000,1438032959000,2.3546,2.35588,2.35449,2.35495,154250000,8
1438032960000,1438033439000,2.35504,2.35631,2.3549,2.3556,771000000,8
1438033440000,1438033919000,2.35572,2.35612,2.35467,2.35518,1158000000,8
1438033920000,1438034399000,2.35534,2.35593,2.35419,2.35513,524500000,8
1438034400000,1438034879000,2.35519,2.3556,2.35411,2.35494,349750000,8
1438034880000,1438035359000,2.35494,2.35497,2.3543,2.35492,533250000,8
1438035360000,1438035839000,2.35496,2.35548,2.35471,2.35473,366500000,8
1438035840000,1438036319000,2.35462,2.35525,2.35436,2.35524,246500000,8
1438036320000,1438036799000,2.35524,2.35643,2.35523,2.35583,225000000,8
1438036800000,1438037279000,2.35584,2.35586,2.35535,2.35549,239500000,8
1438037280000,1438037759000,2.35549,2.35556,2.35473,2.35494,251000000,8
1438037760000,1438038239000,2.35494,2.35503,2.35384,2.35402,404250000,8
1438038240000,1438038719000,2.35399,2.35452,2.35384,2.35393,257500000,8
1438038720000,1438039199000,2.35401,2.35438,2.35331,2.35351,214500000,8
1438039200000,1438039679000,2.35341,2.35341,2.35252,2.35262,270750000,8
1438039680000,1438040159000,2.35261,2.35362,2.35221,2.35351,390250000,8
1438040160000,1438040639000,2.35341,2.35372,2.35221,2.35282,442520000,8
1438040640000,1438041119000,2.35282,2.35282,2.34932,2.34974,538090000,8
1438041120000,1438041599000,2.34974,2.35047,2.34764,2.34784,535250000,8
1438041600000,1438042079000,2.34783,2.34954,2.34641,2.34662,678750000,8
1438042080000,1438042559000,2.34662,2.34817,2.34651,2.34709,694840000,8
1438042560000,1438043039000,2.34711,2.34726,2.34633,2.34663,309520000,8
1438043040000,1438043519000,2.34663,2.34698,2.34267,2.34419,658940000,8
1438043520000,1438043999000,2.34419,2.34532,2.34331,2.34494,423320000,8
1438044000000,1438044479000,2.34494,2.34606,2.34471,2.34546,549460000,8
1438044480000,1438044959000,2.34551,2.34581,2.34372,2.34372,680280000,8
1438044960000,1438045439000,2.34371,2.34384,2.34213,2.34213,497060000,8
1438045440000,1438045919000,2.34213,2.34214,2.34083,2.34176,537540000,8
1438045920000,1438046399000,2.34179,2.34659,2.34136,2.34459,674210000,8
1438046400000,1438046879000,2.34464,2.34664,2.34363,2.34644,583540000,8
1438046880000,1438047359000,2.34643,2.34754,2.34523,2.34524,682320000,8
1438047360000,1438047839000,2.34523,2.34524,2.34216,2.34423,706100000,8
1438047840000,1438048319000,2.34433,2.34623,2.34413,2.34574,529980000,8
1438048320000,1438048799000,2.34573,2.34731,2.34529,2.34724,475450000,8
1438048800000,1438049279000,2.34723,2.34832,2.34652,2.34761,779430000,8
1438049280000,1438049759000,2.34753,2.34754,2.34511,2.34583,511230000,8
1438049760000,1438050239000,2.34584,2.34794,2.34531,2.34661,508100000,8
1438050240000,1438050719000,2.34662,2.34683,2.34451,2.34533,683790000,8
1438050720000,1438051199000,2.34533,2.34613,2.34132,2.34241,742320000,8
1438051200000,1438051679000,2.34251,2.34304,2.34074,2.34293,725720000,8
1438051680000,1438052159000,2.34304,2.34363,2.34201,2.34253,464760000,8
1438052160000,1438052639000,2.34254,2.34391,2.34188,2.34303,590630000,8
1438052640000,1438053119000,2.34304,2.34404,2.34264,2.34364,578970000,8
1438053120000,1438053599000,2.34364,2.34394,2.34133,2.34234,507480000,8
1438053600000,1438054079000,2.34223,2.34294,2.34111,2.34164,575810000,8
1438054080000,1438054559000,2.34156,2.34234,2.34153,2.34214,358510000,8
1438054560000,1438055039000,2.34211,2.34322,2.34183,2.34188,467280000,8
1438055040000,1438055519000,2.34188,2.34317,2.34153,2.34237,649570000,8
1438055520000,1438055999000,2.34234,2.34364,2.34177,2.34319,567700000,8
1438056000000,1438056479000,2.34319,2.34483,2.34255,2.34374,447460000,8
1438056480000,1438056959000,2.34373,2.34374,2.34213,2.34223,528720000,8
1438056960000,1438057439000,2.34233,2.34244,2.34034,2.34184,540120000,8
1438057440000,1438057919000,2.34174,2.34254,2.34113,2.34254,487360000,8
1438057920000,1438058399000,2.34253,2.34254,2.34133,2.34153,322260000,8
1438058400000,1438058879000,2.34148,2.34162,2.33301,2.33563,943000000,8
1438058880000,1438059359000,2.33564,2.33634,2.33242,2.33634,722980000,8
1438059360000,1438059839000,2.33624,2.33644,2.33363,2.33554,754730000,8
1438059840000,1438060319000,2.33553,2.33673,2.33522,2.33673,603220000,8
1438060320000,1438060799000,2.33674,2.33764,2.33521,2.33578,576520000,8
1438060800000,1438061279000,2.33583,2.33754,2.33541,2.33551,471320000,8
1438061280000,1438061759000,2.33551,2.33744,2.33541,2.33703,602040000,8
1438061760000,1438062239000,2.33708,2.33985,2.33708,2.33985,585150000,8
1438062240000,1438062719000,2.33983,2.34075,2.33771,2.33802,591160000,8
1438062720000,1438063199000,2.33804,2.33897,2.33728,2.33812,504310000,8
1438063200000,1438063679000,2.33811,2.33961,2.33707,2.33725,859420000,8
1438063680000,1438064159000,2.33725,2.33782,2.33561,2.33641,575000000,8
1438064160000,1438064639000,2.33642,2.33642,2.33451,2.33542,730420000,8
1438064640000,1438065119000,2.33542,2.33621,2.33331,2.33392,648330000,8
1438065120000,1438065599000,2.33391,2.33463,2.33246,2.33431,825870000,8
1438065600000,1438066079000,2.33431,2.33632,2.33426,2.33521,768750000,8
1438066080000,1438066559000,2.33521,2.33565,2.33331,2.33371,702610000,8
1438066560000,1438067039000,2.33372,2.33564,2.33361,2.33492,1116810000,8
1438067040000,1438067519000,2.33502,2.33584,2.33295,2.33316,939630000,8
1438067520000,1438067999000,2.33314,2.33414,2.33211,2.33394,992630000,8
1438068000000,1438068479000,2.33394,2.33493,2.33249,2.33434,1090860000,8
1438068480000,1438068959000,2.33441,2.33641,2.33371,2.3344,908630000,8
1438068960000,1438069439000,2.33434,2.33497,2.33294,2.33483,834340000,8
1438069440000,1438069919000,2.33484,2.33494,2.33151,2.33164,761930000,8
1438069920000,1438070399000,2.33163,2.33201,2.33021,2.33092,812290000,8
1438070400000,1438070879000,2.33092,2.33163,2.32874,2.32953,917050000,8
1438070880000,1438071359000,2.32954,2.33021,2.32811,2.33008,875870000,8
1438071360000,1438071839000,2.33008,2.33025,2.32734,2.32741,882590000,8
1438071840000,1438072319000,2.32742,2.33499,2.32741,2.33473,1157490000,8
1438072320000,1438072799000,2.33474,2.33681,2.33299,2.33562,1187310000,8
1438072800000,1438073279000,2.33556,2.33724,2.33556,2.33652,765120000,8
1438073280000,1438073759000,2.33652,2.33732,2.33517,2.33591,1016500000,8
1438073760000,1438074239000,2.33592,2.33731,2.33532,2.33612,1039180000,8
1438074240000,1438074719000,2.33614,2.33761,2.33581,2.33648,1109420000,8
1438074720000,1438075199000,2.33654,2.33783,2.33533,2.33691,957970000,8
1438075200000,1438075679000,2.33692,2.33771,2.33471,2.33491,861140000,8
1438075680000,1438076159000,2.33492,2.33722,2.33492,2.33684,927760000,8
1438076160000,1438076639000,2.33683,2.33802,2.33491,2.33773,720440000,8
1438076640000,1438077119000,2.33773,2.34004,2.33764,2.34003,852660000,8
1438077120000,1438077599000,2.34014,2.34065,2.33761,2.33851,945540000,8
1438077600000,1438078079000,2.33851,2.34153,2.33851,2.3414,852690000,8
1438078080000,1438078559000,2.3414,2.34204,2.33881,2.33953,1170840000,8
1438078560000,1438079039000,2.33953,2.34189,2.33953,2.34187,896610000,8
1438079040000,1438079519000,2.34184,2.34254,2.34064,2.34123,742910000,8
1438079520000,1438079999000,2.34123,2.34144,2.33935,2.33974,789810000,8
1438080000000,1438080479000,2.33974,2.34074,2.33872,2.33928,762540000,8
1438080480000,1438080959000,2.33928,2.34128,2.33893,2.34023,689150000,8
1438080960000,1438081439000,2.34034,2.34114,2.33973,2.34104,678440000,8
1438081440000,1438081919000,2.34103,2.34194,2.34053,2.34129,790670000,8
1438081920000,1438082399000,2.34129,2.34174,2.33983,2.34071,768690000,8
1438082400000,1438082879000,2.34071,2.34222,2.34071,2.34124,641360000,8
1438082880000,1438083359000,2.34124,2.34172,2.33991,2.34034,845360000,8
1438083360000,1438083839000,2.34034,2.34054,2.33953,2.34025,750070000,8
1438083840000,1438084319000,2.34025,2.34094,2.33931,2.33932,872400000,8
1438084320000,1438084799000,2.33932,2.33954,2.33711,2.33841,840410000,8
1438084800000,1438085279000,2.33842,2.33844,2.33641,2.33744,750000000,8
1438085280000,1438085759000,2.33753,2.33908,2.33711,2.33814,849520000,8
1438085760000,1438086239000,2.33813,2.33861,2.33628,2.33642,816980000,8
1438086240000,1438086719000,2.33642,2.33714,2.33603,2.33654,757050000,8
1438086720000,1438087199000,2.33654,2.33804,2.33603,2.33664,767380000,8
1438087200000,1438087679000,2.33673,2.33764,2.33589,2.33634,657510000,8
1438087680000,1438088159000,2.33643,2.33643,2.33553,2.33633,788620000,8
1438088160000,1438088639000,2.33633,2.33743,2.33372,2.33486,873780000,8
1438088640000,1438089119000,2.33485,2.33713,2.33483,2.33694,515390000,8
1438089120000,1438089599000,2.33684,2.33784,2.33601,2.33685,765080000,8
1438089600000,1438090079000,2.33685,2.33694,2.33371,2.33372,863210000,8
1438090080000,1438090559000,2.33381,2.33572,2.33381,2.33493,782150000,8
1438090560000,1438091039000,2.33494,2.33534,2.33407,2.33436,848610000,8
1438091040000,1438091519000,2.33436,2.33504,2.33303,2.33458,788030000,8
1438091520000,1438091999000,2.33459,2.3361,2.33388,2.3356,779170000,8
1438092000000,1438092479000,2.3356,2.33609,2.32982,2.33219,1637480000,8
1438092480000,1438092959000,2.33223,2.33556,2.33194,2.33473,1045400000,8
1438092960000,1438093439000,2.33473,2.33502,2.33267,2.33413,722000000,8
1438093440000,1438093919000,2.33413,2.33555,2.33306,2.33523,805150000,8
1438093920000,1438094399000,2.33523,2.33597,2.33391,2.33501,966200000,8
1438094400000,1438094879000,2.33502,2.33801,2.33483,2.33774,849840000,8
1438094880000,1438095359000,2.3377,2.3395,2.33702,2.3395,975370000,8
1438095360000,1438095839000,2.3395,2.33992,2.33381,2.33476,1284130000,8
1438095840000,1438096319000,2.33484,2.33484,2.33292,2.33313,856120000,8
1438096320000,1438096799000,2.33312,2.33356,2.33093,2.33147,975150000,8
1438096800000,1438097279000,2.33153,2.33324,2.33119,2.33119,950730000,8
1438097280000,1438097759000,2.33118,2.33465,2.33111,2.33391,893230000,8
1438097760000,1438098239000,2.33393,2.33584,2.33351,2.33554,744430000,8
1438098240000,1438098719000,2.33543,2.33554,2.33291,2.33356,818170000,8
1438098720000,1438099199000,2.33356,2.33508,2.33324,2.33485,675310000,8
1438099200000,1438099679000,2.33484,2.33558,2.33417,2.33493,776560000,8
1438099680000,1438100159000,2.33484,2.33693,2.33414,2.33414,765800000,8
1438100160000,1438100639000,2.33414,2.33414,2.32851,2.3301,923070000,8
1438100640000,1438101119000,2.3301,2.33213,2.3301,2.33162,702260000,8
1438101120000,1438101599000,2.33162,2.33164,2.32862,2.32932,566650000,8
1438101600000,1438102079000,2.32932,2.33272,2.32932,2.33202,734070000,8
1438102080000,1438102559000,2.33202,2.33332,2.33181,2.33241,522710000,8
1438102560000,1438103039000,2.33241,2.33358,2.33211,2.33333,340610000,8
1438103040000,1438103519000,2.33334,2.33352,2.33113,2.33202,547570000,8
1438103520000,1438103999000,2.33184,2.33223,2.33011,2.33062,701090000,8
1438104000000,1438104479000,2.33061,2.33082,2.32914,2.33063,403900000,8
1438104480000,1438104959000,2.33064,2.33152,2.33013,2.33022,400340000,8
1438104960000,1438105439000,2.33032,2.33032,2.32851,2.32891,368840000,8
1438105440000,1438105919000,2.32881,2.32992,2.32881,2.32992,302180000,8
1438105920000,1438106399000,2.32992,2.33114,2.32982,2.33047,332520000,8
1438106400000,1438106879000,2.33046,2.33182,2.33044,2.33181,300500000,8
1438106880000,1438107359000,2.33182,2.33273,2.33115,2.33216,389200000,8
1438107360000,1438107839000,2.33249,2.33314,2.33207,2.33292,339040000,8
1438107840000,1438108319000,2.33294,2.33454,2.33291,2.33424,453600000,8
1438108320000,1438108799000,2.33423,2.33492,2.33393,2.33473,450180000,8
1438108800000,1438109279000,2.33473,2.33543,2.33435,2.33523,305500000,8
1438109280000,1438109759000,2.33525,2.33534,2.33373,2.33384,325340000,8
1438109760000,1438110239000,2.33393,2.33422,2.33211,2.33323,729490000,8
1438110240000,1438110719000,2.33323,2.33473,2.33311,2.33311,601890000,8
1438110720000,1438111199000,2.33311,2.33384,2.33301,2.33361,407210000,8
1438111200000,1438111679000,2.33353,2.33454,2.33317,2.33454,445090000,8
1438111680000,1438112159000,2.33453,2.33496,2.33323,2.33333,478930000,8
1438112160000,1438112639000,2.33334,2.33334,2.33203,2.33203,217530000,8
1438112640000,1438113119000,2.33203,2.33334,2.33193,2.33318,164240000,8
1438113120000,1438113599000,2.33318,2.33496,2.33251,2.33496,369880000,8
1438113600000,1438114079000,2.33496,2.33693,2.33437,2.33641,421040000,8
1438114080000,1438114559000,2.33642,2.33783,2.33641,2.33692,271020000,8
1438114560000,1438115039000,2.33691,2.33981,2.33681,2.33912,372940000,8
1438115040000,1438115519000,2.33902,2.33912,2.33802,2.33852,182150000,8
1438115520000,1438115999000,2.33852,2.33882,2.33649,2.3376,768500000,8
1438116000000,1438116479000,2.33756,2.33786,2.33671,2.33691,2013000000,8
1438116480000,1438116959000,2.33702,2.33752,2.33338,2.3346,1626000000,8
1438116960000,1438117439000,2.33461,2.33622,2.33279,2.3332,318750000,8
1438117440000,1438117919000,2.3332,2.34155,2.32902,2.33067,196250000,8
1438117920000,1438118399000,2.33073,2.3308,2.31672,2.3216,520170000,8
1438118400000,1438118879000,2.32128,2.32306,2.31465,2.31737,360750000,8
1438118880000,1438119359000,2.31731,2.3201,2.31507,2.3201,301250000,8
1438119360000,1438119839000,2.32005,2.32218,2.31953,2.32121,162750000,8
1438119840000,1438120319000,2.32121,2.32532,2.31961,2.32294,430000000,8
1438120320000,1438120799000,2.32293,2.32433,2.32227,2.32396,661000000,8
1438120800000,1438121279000,2.32466,2.32591,2.32451,2.32563,525500000,8
1438121280000,1438121759000,2.32561,2.32603,2.32295,2.32342,758000000,8
1438121760000,1438122239000,2.32343,2.32411,2.32252,2.32262,637500000,8
1438122240000,1438122719000,2.32262,2.32262,2.32011,2.32072,434750000,8
1438122720000,1438123199000,2.32072,2.32252,2.32061,2.32242,313000000,8
1438123200000,1438123679000,2.32241,2.32272,2.32181,2.32192,194750000,8
1438123680000,1438124159000,2.32192,2.32271,2.32104,2.32271,262750000,8
1438124160000,1438124639000,2.32279,2.32589,2.32221,2.32576,521250000,8
1438124640000,1438125119000,2.32576,2.32711,2.32371,2.32521,648170000,8
1438125120000,1438125599000,2.32532,2.32782,2.32522,2.32621,629500000,8
1438125600000,1438126079000,2.32622,2.32672,2.32468,2.32662,674750000,8
1438126080000,1438126559000,2.32672,2.32786,2.32476,2.32551,690250000,8
1438126560000,1438127039000,2.32541,2.32689,2.32501,2.32682,804000000,8
1438127040000,1438127519000,2.32682,2.32682,2.32431,2.32472,433750000,8
1438127520000,1438127999000,2.32461,2.32512,2.32392,2.32443,399500000,8
1438128000000,1438128479000,2.32453,2.32496,2.32253,2.32463,785430000,8
1438128480000,1438128959000,2.32474,2.32553,2.32322,2.32457,673010000,8
1438128960000,1438129439000,2.32457,2.32581,2.32373,2.32373,503500000,8
1438129440000,1438129919000,2.32374,2.3262,2.32373,2.32616,392540000,8
1438129920000,1438130399000,2.32617,2.32721,2.32573,2.32704,366480000,8
1438130400000,1438130879000,2.32697,2.32764,2.32638,2.32667,439710000,8
1438130880000,1438131359000,2.32654,2.32703,2.32484,2.32535,502660000,8
1438131360000,1438131839000,2.3254,2.32624,2.32483,2.32614,646950000,8
1438131840000,1438132319000,2.32613,2.32616,2.32481,2.32514,371220000,8
1438132320000,1438132799000,2.32514,2.32584,2.32488,2.32504,598390000,8
1438132800000,1438133279000,2.32494,2.32674,2.32473,2.32634,564410000,8
1438133280000,1438133759000,2.32634,2.327,2.32507,2.32534,594160000,8
1438133760000,1438134239000,2.32534,2.32583,2.32364,2.32575,671350000,8
1438134240000,1438134719000,2.32578,2.32603,2.32493,2.32564,469450000,8
1438134720000,1438135199000,2.32558,2.32624,2.32436,2.32621,300630000,8
1438135200000,1438135679000,2.32623,2.32636,2.32393,2.32464,568700000,8
1438135680000,1438136159000,2.32463,2.32594,2.32423,2.32553,496250000,8
1438136160000,1438136639000,2.32554,2.32614,2.32494,2.32494,638250000,8
1438136640000,1438137119000,2.32504,2.32555,2.32414,2.32543,479320000,8
1438137120000,1438137599000,2.32543,2.32583,2.32415,2.32574,385920000,8
1438137600000,1438138079000,2.32576,2.32644,2.32471,2.32473,391460000,8
1438138080000,1438138559000,2.32475,2.32504,2.3243,2.32454,342470000,8
1438138560000,1438139039000,2.32453,2.32593,2.32443,2.32563,542060000,8
1438139040000,1438139519000,2.32563,2.32674,2.32498,2.32663,380040000,8
1438139520000,1438139999000,2.32663,2.32703,2.32575,2.32673,480180000,8
1438140000000,1438140479000,2.32674,2.32674,2.32593,2.32594,230290000,8
1438140480000,1438140959000,2.32594,2.32634,2.32573,2.32605,313330000,8
1438140960000,1438141439000,2.32604,2.32643,2.32601,2.32643,220500000,8
1438141440000,1438141919000,2.32644,2.32738,2.32623,2.32714,302050000,8
1438141920000,1438142399000,2.32713,2.32724,2.32614,2.32693,348500000,8
1438142400000,1438142879000,2.32693,2.32794,2.32683,2.32694,416250000,8
1438142880000,1438143359000,2.32694,2.32764,2.32654,2.32673,634010000,8
1438143360000,1438143839000,2.32664,2.32723,2.32552,2.32601,739830000,8
1438143840000,1438144319000,2.32591,2.32624,2.32546,2.32583,470320000,8
1438144320000,1438144799000,2.32581,2.32799,2.32523,2.32791,431130000,8
1438144800000,1438145279000,2.32791,2.3286,2.32662,2.32677,655790000,8
1438145280000,1438145759000,2.32677,2.32764,2.32673,2.32744,891380000,8
1438145760000,1438146239000,2.32744,2.32824,2.32693,2.32723,688900000,8
1438146240000,1438146719000,2.32722,2.32764,2.32572,2.32651,676090000,8
1438146720000,1438147199000,2.32651,2.32764,2.32603,2.32624,494240000,8
1438147200000,1438147679000,2.32621,2.32727,2.32581,2.32622,510970000,8
1438147680000,1438148159000,2.32621,2.32702,2.32531,2.32652,501750000,8
1438148160000,1438148639000,2.32651,2.32724,2.32531,2.32562,557100000,8
1438148640000,1438149119000,2.32564,2.32634,2.32523,2.32547,408280000,8
1438149120000,1438149599000,2.32547,2.32636,2.3252,2.32589,603020000,8
1438149600000,1438150079000,2.32589,2.32733,2.32503,2.32511,628250000,8
1438150080000,1438150559000,2.32511,2.32653,2.32472,2.32652,645220000,8
1438150560000,1438151039000,2.32653,2.33024,2.32635,2.32876,894690000,8
1438151040000,1438151519000,2.32876,2.32994,2.32763,2.32934,564750000,8
1438151520000,1438151999000,2.32934,2.33038,2.32853,2.32924,587950000,8
1438152000000,1438152479000,2.32924,2.32944,2.32843,2.32876,621400000,8
1438152480000,1438152959000,2.32873,2.32883,2.32577,2.32644,846890000,8
1438152960000,1438153439000,2.32644,2.32854,2.32603,2.32854,637670000,8
1438153440000,1438153919000,2.32853,2.33104,2.32773,2.33054,744860000,8
1438153920000,1438154399000,2.33053,2.33173,2.32963,2.33153,898520000,8
1438154400000,1438154879000,2.33154,2.33244,2.33,2.33234,802730000,8
1438154880000,1438155359000,2.33234,2.33378,2.33185,2.33185,969260000,8
1438155360000,1438155839000,2.33185,2.33264,2.33053,2.33228,910250000,8
1438155840000,1438156319000,2.33228,2.33314,2.33175,2.33302,773800000,8
1438156320000,1438156799000,2.33302,2.33322,2.33163,2.33264,821120000,8
1438156800000,1438157279000,2.33253,2.33283,2.33122,2.33232,703500000,8
1438157280000,1438157759000,2.33242,2.33263,2.33074,2.33182,837060000,8
1438157760000,1438158239000,2.33191,2.33264,2.33136,2.33262,742900000,8
1438158240000,1438158719000,2.33262,2.33594,2.33213,2.33524,793710000,8
1438158720000,1438159199000,2.33521,2.33924,2.33492,2.33838,955590000,8
1438159200000,1438159679000,2.33838,2.33844,2.3366,2.33729,822950000,8
1438159680000,1438160159000,2.33729,2.33813,2.33612,2.33613,772290000,8
1438160160000,1438160639000,2.33614,2.33654,2.33488,2.33511,921280000,8
1438160640000,1438161119000,2.33504,2.33562,2.33441,2.33553,711610000,8
1438161120000,1438161599000,2.33554,2.33704,2.33483,2.33654,935680000,8
1438161600000,1438162079000,2.33653,2.33684,2.33553,2.33594,758840000,8
1438162080000,1438162559000,2.33593,2.33734,2.33584,2.33673,654170000,8
1438162560000,1438163039000,2.33674,2.33723,2.33575,2.33664,804930000,8
1438163040000,1438163519000,2.33674,2.33764,2.33563,2.33716,783090000,8
1438163520000,1438163999000,2.33723,2.33764,2.33613,2.33694,698380000,8
1438164000000,1438164479000,2.33693,2.33884,2.33684,2.33863,750150000,8
1438164480000,1438164959000,2.33863,2.33884,2.33762,2.33817,705520000,8
1438164960000,1438165439000,2.33818,2.34024,2.33802,2.33983,608920000,8
1438165440000,1438165919000,2.33978,2.34004,2.33864,2.33953,650850000,8
1438165920000,1438166399000,2.33963,2.34154,2.33913,2.34143,677230000,8
1438166400000,1438166879000,2.34135,2.34274,2.34094,2.34181,640260000,8
1438166880000,1438167359000,2.34181,2.34232,2.34133,2.34182,597970000,8
1438167360000,1438167839000,2.34183,2.34414,2.34181,2.34216,623390000,8
1438167840000,1438168319000,2.34216,2.34416,2.34216,2.34344,756060000,8
1438168320000,1438168799000,2.34353,2.34475,2.34298,2.34428,906580000,8
1438168800000,1438169279000,2.34428,2.34495,2.34247,2.34264,882180000,8
1438169280000,1438169759000,2.34264,2.34404,2.34223,2.34404,713170000,8
1438169760000,1438170239000,2.34403,2.34476,2.34283,2.34342,724940000,8
1438170240000,1438170719000,2.34341,2.34374,2.34271,2.34313,576610000,8
1438170720000,1438171199000,2.34314,2.34391,2.34261,2.34293,895740000,8
1438171200000,1438171679000,2.34303,2.34412,2.34281,2.34404,670720000,8
1438171680000,1438172159000,2.34412,2.34462,2.34301,2.34371,923400000,8
1438172160000,1438172639000,2.34371,2.34384,2.34091,2.34121,890470000,8
1438172640000,1438173119000,2.34121,2.34124,2.33948,2.33983,696880000,8
1438173120000,1438173599000,2.33982,2.34184,2.33982,2.34164,934480000,8
1438173600000,1438174079000,2.34164,2.34267,2.34112,2.34234,998470000,8
1438174080000,1438174559000,2.34234,2.34294,2.34183,2.34283,734390000,8
1438174560000,1438175039000,2.34283,2.34384,2.34238,2.34356,711380000,8
1438175040000,1438175519000,2.34354,2.34363,2.3403,2.34058,802100000,8
1438175520000,1438175999000,2.34058,2.34204,2.34006,2.34093,851020000,8
1438176000000,1438176479000,2.34093,2.34184,2.34023,2.34083,891240000,8
1438176480000,1438176959000,2.34083,2.3419,2.33963,2.34064,816670000,8
1438176960000,1438177439000,2.34074,2.34272,2.34056,2.34104,861190000,8
1438177440000,1438177919000,2.34104,2.34274,2.33975,2.34264,924590000,8
1438177920000,1438178399000,2.34254,2.34354,2.34156,2.34184,1164400000,8
1438178400000,1438178879000,2.34184,2.34414,2.34171,2.34365,802480000,8
1438178880000,1438179359000,2.34364,2.34421,2.34261,2.34334,792850000,8
1438179360000,1438179839000,2.34333,2.34434,2.34311,2.34313,772900000,8
1438179840000,1438180319000,2.34313,2.34704,2.34303,2.34613,1035330000,8
1438180320000,1438180799000,2.34605,2.34623,2.34283,2.34433,969970000,8
1438180800000,1438181279000,2.34433,2.34454,2.34176,2.34176,861310000,8
1438181280000,1438181759000,2.34183,2.34474,2.34125,2.34474,1040450000,8
1438181760000,1438182239000,2.34474,2.34481,2.34129,2.34129,1486180000,8
1438182240000,1438182719000,2.3412,2.34149,2.33875,2.34039,1450400000,8
1438182720000,1438183199000,2.34039,2.34039,2.33863,2.33883,944670000,8
1438183200000,1438183679000,2.33876,2.33904,2.33733,2.33814,795310000,8
1438183680000,1438184159000,2.33814,2.33934,2.33689,2.33707,731970000,8
1438184160000,1438184639000,2.33704,2.33804,2.33651,2.33771,802980000,8
1438184640000,1438185119000,2.33782,2.33974,2.33781,2.33962,615900000,8
1438185120000,1438185599000,2.33961,2.33982,2.33811,2.33811,590070000,8
1438185600000,1438186079000,2.33811,2.34064,2.33761,2.33993,643530000,8
1438186080000,1438186559000,2.33993,2.34123,2.33931,2.34031,609100000,8
1438186560000,1438187039000,2.34032,2.34032,2.33861,2.33892,403630000,8
1438187040000,1438187519000,2.33891,2.33942,2.33801,2.33832,366300000,8
1438187520000,1438187999000,2.33832,2.33873,2.33743,2.33743,472490000,8
1438188000000,1438188479000,2.33744,2.33764,2.33601,2.33611,245090000,8
1438188480000,1438188959000,2.33612,2.33632,2.3345,2.33553,358610000,8
1438188960000,1438189439000,2.33544,2.33564,2.33401,2.33403,594790000,8
1438189440000,1438189919000,2.33403,2.33462,2.33321,2.33402,590020000,8
1438189920000,1438190399000,2.33402,2.33402,2.33211,2.33213,541560000,8
1438190400000,1438190879000,2.33214,2.33324,2.33141,2.33302,465690000,8
1438190880000,1438191359000,2.33302,2.33302,2.33071,2.33082,471850000,8
1438191360000,1438191839000,2.33082,2.33202,2.33031,2.33202,613870000,8
1438191840000,1438192319000,2.33184,2.33252,2.33061,2.33222,661560000,8
1438192320000,1438192799000,2.33232,2.33291,2.32928,2.33209,791330000,8
1438192800000,1438193279000,2.32942,2.33976,2.32393,2.33934,2233300000,8
1438193280000,1438193759000,2.33931,2.34039,2.33353,2.33624,1465210000,8
1438193760000,1438194239000,2.336,2.33714,2.33394,2.33674,1087340000,8
1438194240000,1438194719000,2.33672,2.33854,2.33663,2.33776,656400000,8
1438194720000,1438195199000,2.33776,2.33804,2.33586,2.33724,556430000,8
1438195200000,1438195679000,2.33734,2.33921,2.33694,2.33873,803130000,8
1438195680000,1438196159000,2.33874,2.34144,2.3385,2.33954,1053420000,8
1438196160000,1438196639000,2.33954,2.33998,2.33662,2.3398,1371370000,8
1438196640000,1438197119000,2.3398,2.34113,2.33869,2.34008,1172940000,8
1438197120000,1438197599000,2.34008,2.34016,2.33871,2.33914,1029390000,8
1438197600000,1438198079000,2.33911,2.33946,2.33708,2.33708,818400000,8
1438198080000,1438198559000,2.33712,2.33731,2.33623,2.33644,644330000,8
1438198560000,1438199039000,2.33641,2.33783,2.33582,2.33733,583500000,8
1438199040000,1438199519000,2.33733,2.33764,2.33563,2.33653,369840000,8
1438199520000,1438199999000,2.33653,2.33893,2.33603,2.33867,576660000,8
1438200000000,1438200479000,2.33855,2.33878,2.33707,2.33718,488810000,8
1438200480000,1438200959000,2.33718,2.33794,2.33579,2.33591,475420000,8
1438200960000,1438201439000,2.33591,2.33924,2.33591,2.33853,406200000,8
1438201440000,1438201919000,2.33851,2.33987,2.33815,2.33911,469890000,8
1438201920000,1438202399000,2.33911,2.33995,2.33911,2.33941,486200000,8
1438202400000,1438202879000,2.33943,2.34032,2.33869,2.33972,1145090000,8
1438202880000,1438203359000,2.33972,2.33991,2.33901,2.33962,1491250000,8
1438203360000,1438203839000,2.33961,2.34144,2.3395,2.34024,581000000,8
1438203840000,1438204319000,2.3383,2.33994,2.33745,2.3387,114270000,8
1438204320000,1438204799000,2.33892,2.33985,2.3379,2.33874,132250000,8
1438204800000,1438205279000,2.33873,2.33971,2.33858,2.33929,48250000,8
1438205280000,1438205759000,2.33929,2.34096,2.33929,2.3398,130500000,8
1438205760000,1438206239000,2.33979,2.34271,2.33947,2.33966,231000000,8
1438206240000,1438206719000,2.33973,2.34203,2.33958,2.34074,532500000,8
1438206720000,1438207199000,2.34069,2.34951,2.34067,2.3467,643000000,8
1438207200000,1438207679000,2.34617,2.34829,2.34538,2.34543,441000000,8
1438207680000,1438208159000,2.34543,2.34581,2.34419,2.34572,412500000,8
1438208160000,1438208639000,2.34582,2.34674,2.3454,2.34557,485750000,8
1438208640000,1438209119000,2.34554,2.3458,2.34511,2.3453,476000000,8
1438209120000,1438209599000,2.34531,2.34571,2.34491,2.34532,374000000,8
1438209600000,1438210079000,2.34532,2.34552,2.34441,2.34492,266000000,8
1438210080000,1438210559000,2.34492,2.34501,2.34286,2.34314,247500000,8
1438210560000,1438211039000,2.34313,2.34436,2.34303,2.34436,313670000,8
1438211040000,1438211519000,2.34445,2.34501,2.34423,2.34454,365000000,8
1438211520000,1438211999000,2.34453,2.34491,2.34395,2.34396,287250000,8
1438212000000,1438212479000,2.34394,2.34396,2.34344,2.34344,172750000,8
1438212480000,1438212959000,2.34344,2.3439,2.34313,2.34361,314620000,8
1438212960000,1438213439000,2.3436,2.34364,2.34207,2.34218,412750000,8
1438213440000,1438213919000,2.34222,2.34225,2.34133,2.34199,411860000,8
1438213920000,1438214399000,2.34201,2.34391,2.3418,2.34313,742100000,8
1438214400000,1438214879000,2.34313,2.34504,2.34291,2.34433,641500000,8
1438214880000,1438215359000,2.34424,2.34506,2.34411,2.34493,531270000,8
1438215360000,1438215839000,2.34493,2.34533,2.34442,2.34499,583770000,8
1438215840000,1438216319000,2.34499,2.34709,2.34493,2.34674,484600000,8
1438216320000,1438216799000,2.34674,2.34674,2.34503,2.34613,576570000,8
1438216800000,1438217279000,2.34613,2.35217,2.34589,2.34881,778820000,8
1438217280000,1438217759000,2.34881,2.35051,2.34731,2.34782,653560000,8
1438217760000,1438218239000,2.34782,2.34952,2.34751,2.34891,726730000,8
1438218240000,1438218719000,2.34891,2.34902,2.34583,2.34604,664340000,8
1438218720000,1438219199000,2.34594,2.34964,2.34563,2.34933,760470000,8
1438219200000,1438219679000,2.34926,2.35024,2.34689,2.34693,717160000,8
1438219680000,1438220159000,2.34694,2.35023,2.34694,2.34836,676340000,8
1438220160000,1438220639000,2.34838,2.35054,2.3477,2.35014,619370000,8
1438220640000,1438221119000,2.35014,2.35053,2.34907,2.34952,642570000,8
1438221120000,1438221599000,2.34952,2.35003,2.34829,2.34923,791100000,8
1438221600000,1438222079000,2.34949,2.34984,2.348,2.34809,687050000,8
1438222080000,1438222559000,2.34809,2.34913,2.34743,2.34909,532340000,8
1438222560000,1438223039000,2.34909,2.34934,2.34754,2.34853,528400000,8
1438223040000,1438223519000,2.34853,2.35057,2.34833,2.35034,456190000,8
1438223520000,1438223999000,2.35034,2.35171,2.35033,2.35063,534560000,8
1438224000000,1438224479000,2.35063,2.35146,2.35036,2.35103,532280000,8
1438224480000,1438224959000,2.35104,2.35193,2.35063,2.35077,501900000,8
1438224960000,1438225439000,2.35079,2.35113,2.34973,2.34983,625150000,8
1438225440000,1438225919000,2.34984,2.35224,2.34965,2.35194,476840000,8
1438225920000,1438226399000,2.35193,2.35348,2.35121,2.35134,554650000,8
1438226400000,1438226879000,2.35134,2.35336,2.35133,2.35283,341150000,8
1438226880000,1438227359000,2.35283,2.35351,2.35243,2.35243,317750000,8
1438227360000,1438227839000,2.35246,2.35304,2.35141,2.35168,406150000,8
1438227840000,1438228319000,2.35165,2.35353,2.35163,2.35344,341380000,8
1438228320000,1438228799000,2.3534,2.35565,2.3527,2.3527,544710000,8
1438228800000,1438229279000,2.35271,2.35322,2.35244,2.35303,381470000,8
1438229280000,1438229759000,2.35303,2.35313,2.352,2.3522,703140000,8
1438229760000,1438230239000,2.3522,2.35223,2.35077,2.35137,618290000,8
1438230240000,1438230719000,2.35139,2.35293,2.35099,2.3525,369230000,8
1438230720000,1438231199000,2.3525,2.3525,2.35104,2.35234,288900000,8
1438231200000,1438231679000,2.35234,2.35253,2.34994,2.35001,440670000,8
1438231680000,1438232159000,2.35001,2.3503,2.34938,2.35006,395020000,8
1438232160000,1438232639000,2.35006,2.35006,2.34823,2.3493,492400000,8
1438232640000,1438233119000,2.3493,2.35022,2.34912,2.35013,392470000,8
1438233120000,1438233599000,2.35014,2.35132,2.35007,2.35123,354430000,8
1438233600000,1438234079000,2.35124,2.35252,2.35123,2.35214,424310000,8
1438234080000,1438234559000,2.35214,2.35215,2.34981,2.35074,686100000,8
1438234560000,1438235039000,2.35073,2.35112,2.35016,2.35022,405190000,8
1438235040000,1438235519000,2.35016,2.35075,2.34972,2.35031,490110000,8
1438235520000,1438235999000,2.35027,2.35064,2.34901,2.34989,514740000,8
1438236000000,1438236479000,2.35012,2.35152,2.34903,2.35052,820010000,8
1438236480000,1438236959000,2.35051,2.35219,2.34976,2.35199,660700000,8
1438236960000,1438237439000,2.35197,2.3544,2.35184,2.35349,849730000,8
1438237440000,1438237919000,2.35354,2.35704,2.35349,2.35531,882140000,8
1438237920000,1438238399000,2.35524,2.35753,2.35492,2.35594,734700000,8
1438238400000,1438238879000,2.35601,2.35641,2.35491,2.35494,591540000,8
1438238880000,1438239359000,2.35491,2.35512,2.35393,2.35453,553250000,8
1438239360000,1438239839000,2.35453,2.35505,2.35223,2.35224,958310000,8
1438239840000,1438240319000,2.35224,2.35343,2.35089,2.3528,869280000,8
1438240320000,1438240799000,2.3528,2.35681,2.35268,2.35681,769590000,8
1438240800000,1438241279000,2.35681,2.35784,2.35593,2.35714,1036960000,8
1438241280000,1438241759000,2.35707,2.35823,2.3564,2.35744,835650000,8
1438241760000,1438242239000,2.35744,2.35852,2.3564,2.35694,905890000,8
1438242240000,1438242719000,2.35694,2.35783,2.35663,2.35733,969030000,8
1438242720000,1438243199000,2.35733,2.35794,2.35439,2.35442,1191170000,8
1438243200000,1438243679000,2.35445,2.35507,2.35325,2.35404,812530000,8
1438243680000,1438244159000,2.35403,2.35492,2.35348,2.35443,716490000,8
1438244160000,1438244639000,2.35444,2.35534,2.35394,2.35484,820340000,8
1438244640000,1438245119000,2.35483,2.35564,2.35393,2.354,675230000,8
1438245120000,1438245599000,2.35402,2.35516,2.35339,2.35347,854550000,8
1438245600000,1438246079000,2.35347,2.35385,2.3526,2.35306,648160000,8
1438246080000,1438246559000,2.35306,2.35364,2.35205,2.35233,726790000,8
1438246560000,1438247039000,2.35235,2.35364,2.35235,2.35324,746050000,8
1438247040000,1438247519000,2.35324,2.35474,2.35274,2.35333,871050000,8
1438247520000,1438247999000,2.35328,2.35597,2.35328,2.35514,733960000,8
1438248000000,1438248479000,2.35513,2.35543,2.35413,2.35423,723780000,8
1438248480000,1438248959000,2.35424,2.35688,2.35395,2.35667,755520000,8
1438248960000,1438249439000,2.35663,2.35867,2.35647,2.35855,962420000,8
1438249440000,1438249919000,2.35858,2.35988,2.35777,2.35784,860900000,8
1438249920000,1438250399000,2.35784,2.35796,2.35629,2.35634,800540000,8
1438250400000,1438250879000,2.35633,2.36044,2.35628,2.35994,789430000,8
1438250880000,1438251359000,2.3599,2.36014,2.35734,2.35874,632750000,8
1438251360000,1438251839000,2.35873,2.36064,2.35835,2.35971,671860000,8
1438251840000,1438252319000,2.35973,2.36064,2.35931,2.35994,673040000,8
1438252320000,1438252799000,2.35993,2.36164,2.35953,2.36093,721280000,8
1438252800000,1438253279000,2.36093,2.36254,2.36055,2.36224,659790000,8
1438253280000,1438253759000,2.36223,2.36346,2.36183,2.36227,691810000,8
1438253760000,1438254239000,2.36224,2.36294,2.36103,2.36274,746040000,8
1438254240000,1438254719000,2.36274,2.36554,2.36273,2.36549,684620000,8
1438254720000,1438255199000,2.36543,2.36643,2.3646,2.3663,809430000,8
1438255200000,1438255679000,2.36633,2.36716,2.36582,2.36643,824520000,8
1438255680000,1438256159000,2.36638,2.36699,2.36574,2.36614,904680000,8
1438256160000,1438256639000,2.36613,2.36704,2.3657,2.36633,862440000,8
1438256640000,1438257119000,2.36634,2.36652,2.36504,2.36536,733740000,8
1438257120000,1438257599000,2.36536,2.36734,2.3653,2.36583,818830000,8
1438257600000,1438258079000,2.36585,2.36642,2.36513,2.36556,795820000,8
1438258080000,1438258559000,2.36556,2.36582,2.36383,2.36423,753540000,8
1438258560000,1438259039000,2.36424,2.36824,2.36423,2.36754,1030450000,8
1438259040000,1438259519000,2.36745,2.37125,2.36256,2.37045,1126930000,8
1438259520000,1438259999000,2.37033,2.37033,2.36503,2.36623,1604270000,8
1438260000000,1438260479000,2.36614,2.36722,2.36333,2.36634,1334000000,8
1438260480000,1438260959000,2.36623,2.36755,2.36421,2.36494,1246590000,8
1438260960000,1438261439000,2.36484,2.36794,2.36433,2.36755,1039710000,8
1438261440000,1438261919000,2.36765,2.36824,2.36566,2.36673,1086450000,8
1438261920000,1438262399000,2.36673,2.37013,2.36613,2.3697,1179940000,8
1438262400000,1438262879000,2.36973,2.37004,2.36804,2.36903,1005790000,8
1438262880000,1438263359000,2.36903,2.37004,2.36853,2.3691,1019840000,8
1438263360000,1438263839000,2.3691,2.36978,2.36729,2.36729,1372860000,8
1438263840000,1438264319000,2.36729,2.36754,2.36468,2.36674,1052180000,8
1438264320000,1438264799000,2.36674,2.36834,2.36513,2.36812,1165380000,8
1438264800000,1438265279000,2.36812,2.36913,2.36651,2.36854,1495460000,8
1438265280000,1438265759000,2.36863,2.36933,2.36769,2.36846,1168210000,8
1438265760000,1438266239000,2.36846,2.37006,2.36802,2.36894,1064960000,8
1438266240000,1438266719000,2.36886,2.36985,2.36873,2.36942,944690000,8
1438266720000,1438267199000,2.36942,2.36984,2.36721,2.36843,961560000,8
1438267200000,1438267679000,2.36844,2.37474,2.36823,2.37434,1037620000,8
1438267680000,1438268159000,2.37433,2.37562,2.37273,2.37341,1110710000,8
1438268160000,1438268639000,2.37342,2.37342,2.37031,2.37099,1414300000,8
1438268640000,1438269119000,2.37099,2.37181,2.36922,2.36952,1023400000,8
1438269120000,1438269599000,2.36955,2.37054,2.36803,2.36831,935020000,8
1438269600000,1438270079000,2.36831,2.37031,2.36821,2.36862,835490000,8
1438270080000,1438270559000,2.36861,2.36881,2.36652,2.36781,683780000,8
1438270560000,1438271039000,2.36782,2.36782,2.36582,2.36601,798800000,8
1438271040000,1438271519000,2.36602,2.36612,2.36353,2.36544,779730000,8
1438271520000,1438271999000,2.36543,2.36573,2.36433,2.36464,742870000,8
1438272000000,1438272479000,2.36456,2.36518,2.36392,2.36478,554230000,8
1438272480000,1438272959000,2.36483,2.36538,2.36436,2.36483,532440000,8
1438272960000,1438273439000,2.36481,2.36512,2.36326,2.36438,694260000,8
1438273440000,1438273919000,2.36438,2.36461,2.36347,2.36441,765570000,8
1438273920000,1438274399000,2.36433,2.36452,2.36356,2.36412,510490000,8
1438274400000,1438274879000,2.36403,2.36432,2.36261,2.36392,511590000,8
1438274880000,1438275359000,2.36391,2.36451,2.36271,2.36291,672700000,8
1438275360000,1438275839000,2.36301,2.36332,2.36151,2.36251,695360000,8
1438275840000,1438276319000,2.36253,2.36282,2.36141,2.36221,381200000,8
1438276320000,1438276799000,2.36222,2.36302,2.36151,2.36232,454350000,8
1438276800000,1438277279000,2.36241,2.36402,2.36201,2.36348,491900000,8
1438277280000,1438277759000,2.3635,2.36362,2.36262,2.36281,516720000,8
1438277760000,1438278239000,2.36292,2.36403,2.36271,2.36385,544330000,8
1438278240000,1438278719000,2.36382,2.36426,2.36334,2.36344,458100000,8
1438278720000,1438279199000,2.36346,2.36421,2.36282,2.36383,506690000,8
1438279200000,1438279679000,2.36379,2.36405,2.36263,2.36333,552040000,8
1438279680000,1438280159000,2.36332,2.36404,2.36297,2.3638,443450000,8
1438280160000,1438280639000,2.3638,2.36385,2.36296,2.36375,523650000,8
1438280640000,1438281119000,2.36375,2.36512,2.36336,2.36437,536960000,8
1438281120000,1438281599000,2.36435,2.36505,2.36372,2.36471,452460000,8
1438281600000,1438282079000,2.36471,2.36519,2.36372,2.36388,397340000,8
1438282080000,1438282559000,2.36383,2.36474,2.36351,2.36366,452540000,8
1438282560000,1438283039000,2.36363,2.36428,2.36252,2.36291,369390000,8
1438283040000,1438283519000,2.36292,2.36312,2.362,2.36231,375710000,8
1438283520000,1438283999000,2.36231,2.36276,2.36132,2.36266,555700000,8
1438284000000,1438284479000,2.36266,2.36353,2.36236,2.36328,331290000,8
1438284480000,1438284959000,2.36325,2.36371,2.36312,2.36334,213140000,8
1438284960000,1438285439000,2.36334,2.36355,2.36303,2.3633,205520000,8
1438285440000,1438285919000,2.36329,2.36372,2.36287,2.36302,255700000,8
1438285920000,1438286399000,2.36292,2.36315,2.36222,2.3624,432220000,8
1438286400000,1438286879000,2.36241,2.36314,2.36219,2.36219,247780000,8
1438286880000,1438287359000,2.36222,2.36284,2.36145,2.36152,179470000,8
1438287360000,1438287839000,2.36152,2.36152,2.36046,2.36053,137790000,8
1438287840000,1438288319000,2.36061,2.36085,2.35951,2.36081,369620000,8
1438288320000,1438288799000,2.36083,2.36264,2.36064,2.36222,466750000,8
1438288800000,1438289279000,2.36224,2.36242,2.36174,2.36178,1395500000,8
1438289280000,1438289759000,2.36183,2.36183,2.36069,2.36098,2478750000,8
1438289760000,1438290239000,2.36099,2.36265,2.36091,2.36219,752000000,8
1438290240000,1438290719000,2.36192,2.36228,2.36081,2.36155,129250000,8
1438290720000,1438291199000,2.36155,2.36162,2.3605,2.36101,251000000,8
1438291200000,1438291679000,2.36055,2.36148,2.3595,2.36051,177000000,8
1438291680000,1438292159000,2.36051,2.36102,2.35525,2.35683,208770000,8
1438292160000,1438292639000,2.35678,2.35808,2.35542,2.35669,217000000,8
1438292640000,1438293119000,2.35664,2.3592,2.35552,2.3587,752250000,8
1438293120000,1438293599000,2.35867,2.3591,2.35632,2.35849,442500000,8
1438293600000,1438294079000,2.35871,2.35882,2.3575,2.35875,682870000,8
1438294080000,1438294559000,2.35882,2.35922,2.35842,2.35858,468000000,8
1438294560000,1438295039000,2.35857,2.35892,2.35812,2.35821,420750000,8
1438295040000,1438295519000,2.35828,2.35877,2.35821,2.35862,298000000,8
1438295520000,1438295999000,2.35855,2.3602,2.35823,2.35961,480000000,8
1438296000000,1438296479000,2.35971,2.36022,2.35921,2.35952,413000000,8
1438296480000,1438296959000,2.35952,2.36013,2.35889,2.35892,409000000,8
1438296960000,1438297439000,2.35892,2.36068,2.35891,2.35961,426000000,8
1438297440000,1438297919000,2.35961,2.36102,2.35947,2.36072,385500000,8
1438297920000,1438298399000,2.36082,2.36211,2.36041,2.3617,276750000,8
1438298400000,1438298879000,2.3617,2.36222,2.36126,2.36192,337250000,8
1438298880000,1438299359000,2.36192,2.36252,2.36161,2.36202,411000000,8
1438299360000,1438299839000,2.36201,2.36373,2.36194,2.36304,529000000,8
1438299840000,1438300319000,2.36304,2.36354,2.36212,2.36294,427750000,8
1438300320000,1438300799000,2.36294,2.36324,2.36099,2.36156,847300000,8
1438300800000,1438301279000,2.36156,2.36211,2.36034,2.36081,963070000,8
1438301280000,1438301759000,2.36081,2.36234,2.36081,2.36195,645850000,8
1438301760000,1438302239000,2.36195,2.36195,2.36059,2.36065,527190000,8
1438302240000,1438302719000,2.36065,2.36224,2.36048,2.36154,679600000,8
1438302720000,1438303199000,2.36153,2.36195,2.36063,2.36143,499960000,8
1438303200000,1438303679000,2.36143,2.36144,2.35973,2.35983,423200000,8
1438303680000,1438304159000,2.35974,2.36106,2.35894,2.361,787780000,8
1438304160000,1438304639000,2.36101,2.36821,2.36098,2.36783,980110000,8
1438304640000,1438305119000,2.36784,2.37162,2.36743,2.36953,665950000,8
1438305120000,1438305599000,2.36954,2.37028,2.36903,2.36903,384040000,8
1438305600000,1438306079000,2.36907,2.37114,2.36866,2.36877,474910000,8
1438306080000,1438306559000,2.36884,2.37134,2.36867,2.36989,536220000,8
1438306560000,1438307039000,2.36989,2.37374,2.36953,2.37156,783960000,8
1438307040000,1438307519000,2.37158,2.37356,2.37145,2.37231,657960000,8
1438307520000,1438307999000,2.37231,2.37314,2.37185,2.37203,525880000,8
1438308000000,1438308479000,2.37203,2.37212,2.37083,2.37158,415000000,8
1438308480000,1438308959000,2.37159,2.3717,2.37094,2.37159,552500000,8
1438308960000,1438309439000,2.37155,2.37171,2.37089,2.37093,363000000,8
1438309440000,1438309919000,2.37093,2.37115,2.36961,2.37017,554750000,8
1438309920000,1438310399000,2.3702,2.37244,2.36996,2.37204,582680000,8
1438310400000,1438310879000,2.37203,2.37294,2.37084,2.37144,596470000,8
1438310880000,1438311359000,2.37144,2.37284,2.37113,2.37173,474500000,8
1438311360000,1438311839000,2.37163,2.37254,2.37115,2.37233,605000000,8
1438311840000,1438312319000,2.37244,2.37244,2.37103,2.37113,543500000,8
1438312320000,1438312799000,2.37104,2.37154,2.37061,2.37143,456370000,8
1438312800000,1438313279000,2.37143,2.37204,2.36979,2.36993,457090000,8
1438313280000,1438313759000,2.36993,2.37014,2.36953,2.36993,412340000,8
1438313760000,1438314239000,2.36993,2.37094,2.36946,2.36993,398840000,8
1438314240000,1438314719000,2.36993,2.37054,2.36883,2.36884,377840000,8
1438314720000,1438315199000,2.36884,2.36894,2.36773,2.36773,431790000,8
1438315200000,1438315679000,2.36773,2.36909,2.36773,2.3685,461960000,8
1438315680000,1438316159000,2.36853,2.36934,2.36843,2.36924,283200000,8
1438316160000,1438316639000,2.36924,2.36944,2.36864,2.36931,242380000,8
1438316640000,1438317119000,2.36931,2.37142,2.36923,2.37131,306000000,8
1438317120000,1438317599000,2.3713,2.37204,2.37103,2.37193,267330000,8
1438317600000,1438318079000,2.37184,2.37184,2.3697,2.37015,540250000,8
1438318080000,1438318559000,2.37023,2.37067,2.36974,2.37004,473820000,8
1438318560000,1438319039000,2.37003,2.37004,2.36903,2.36913,450680000,8
1438319040000,1438319519000,2.36907,2.36914,2.36787,2.36823,482430000,8
1438319520000,1438319999000,2.36824,2.36935,2.36796,2.36876,416630000,8
1438320000000,1438320479000,2.36884,2.36943,2.36829,2.36874,599960000,8
1438320480000,1438320959000,2.36874,2.36974,2.36746,2.36906,729660000,8
1438320960000,1438321439000,2.36906,2.37024,2.36858,2.36858,558440000,8
1438321440000,1438321919000,2.36858,2.36944,2.36828,2.36903,336310000,8
1438321920000,1438322399000,2.36903,2.36984,2.36883,2.3694,384000000,8
1438322400000,1438322879000,2.36945,2.37083,2.36883,2.36965,537620000,8
1438322880000,1438323359000,2.36965,2.36997,2.36778,2.36932,924340000,8
1438323360000,1438323839000,2.3693,2.37073,2.36892,2.3704,480460000,8
1438323840000,1438324319000,2.37045,2.37213,2.37028,2.37193,685700000,8
1438324320000,1438324799000,2.37203,2.37254,2.37083,2.37117,662490000,8
1438324800000,1438325279000,2.37117,2.37449,2.37053,2.37283,856420000,8
1438325280000,1438325759000,2.37284,2.37391,2.37162,2.37239,678680000,8
1438325760000,1438326239000,2.37239,2.37282,2.37061,2.37111,861060000,8
1438326240000,1438326719000,2.37112,2.37301,2.36994,2.37233,823870000,8
1438326720000,1438327199000,2.37242,2.37389,2.37101,2.37141,875240000,8
1438327200000,1438327679000,2.37144,2.37227,2.37061,2.37122,779690000,8
1438327680000,1438328159000,2.37122,2.37341,2.37116,2.37281,927100000,8
1438328160000,1438328639000,2.37283,2.37421,2.37261,2.37341,836630000,8
1438328640000,1438329119000,2.37334,2.37424,2.37204,2.37294,884910000,8
1438329120000,1438329599000,2.37293,2.37314,2.37163,2.37232,972240000,8
1438329600000,1438330079000,2.37232,2.37504,2.37154,2.37473,823720000,8
1438330080000,1438330559000,2.37497,2.37584,2.37361,2.37584,747350000,8
1438330560000,1438331039000,2.37584,2.37635,2.37441,2.37531,797730000,8
1438331040000,1438331519000,2.37531,2.37712,2.37531,2.37622,674160000,8
1438331520000,1438331999000,2.37612,2.37822,2.37611,2.37732,713740000,8
1438332000000,1438332479000,2.37732,2.37792,2.37693,2.37762,612040000,8
1438332480000,1438332959000,2.37772,2.37794,2.37551,2.37584,628240000,8
1438332960000,1438333439000,2.37573,2.37698,2.37473,2.37593,962680000,8
1438333440000,1438333919000,2.37594,2.37684,2.37451,2.37674,957890000,8
1438333920000,1438334399000,2.37664,2.37744,2.37573,2.37673,801980000,8
1438334400000,1438334879000,2.37673,2.37854,2.37663,2.37803,859990000,8
1438334880000,1438335359000,2.37784,2.37982,2.37713,2.37913,941920000,8
1438335360000,1438335839000,2.37912,2.37992,2.37823,2.37892,1070650000,8
1438335840000,1438336319000,2.37892,2.37892,2.37684,2.37733,1188010000,8
1438336320000,1438336799000,2.37733,2.37804,2.37603,2.37714,1084300000,8
1438336800000,1438337279000,2.37724,2.37884,2.37695,2.37756,970340000,8
1438337280000,1438337759000,2.37753,2.37821,2.37652,2.37754,899330000,8
1438337760000,1438338239000,2.37757,2.37964,2.37754,2.37911,722610000,8
1438338240000,1438338719000,2.37902,2.38044,2.37831,2.37854,887100000,8
1438338720000,1438339199000,2.37848,2.37967,2.37666,2.37684,799600000,8
1438339200000,1438339679000,2.37684,2.37723,2.37574,2.37678,709260000,8
1438339680000,1438340159000,2.37684,2.37755,2.37613,2.37744,732560000,8
1438340160000,1438340639000,2.37741,2.37744,2.37394,2.37564,759600000,8
1438340640000,1438341119000,2.37564,2.37687,2.37415,2.37613,864270000,8
1438341120000,1438341599000,2.37613,2.37924,2.37593,2.37913,875830000,8
1438341600000,1438342079000,2.37903,2.37934,2.37759,2.37873,738920000,8
1438342080000,1438342559000,2.37873,2.38073,2.37846,2.38024,776810000,8
1438342560000,1438343039000,2.38024,2.38272,2.38012,2.38225,790580000,8
1438343040000,1438343519000,2.38222,2.38252,2.38132,2.38211,722570000,8
1438343520000,1438343999000,2.38214,2.38332,2.38114,2.38123,807010000,8
1438344000000,1438344479000,2.38114,2.38164,2.3793,2.38154,726070000,8
1438344480000,1438344959000,2.38153,2.38184,2.37964,2.38024,888610000,8
1438344960000,1438345439000,2.38025,2.38134,2.37949,2.37993,737250000,8
1438345440000,1438345919000,2.37993,2.38089,2.36694,2.37161,1139490000,8
1438345920000,1438346399000,2.37161,2.37537,2.36356,2.364,1928850000,8
1438346400000,1438346879000,2.36383,2.36972,2.36181,2.36926,1785180000,8
1438346880000,1438347359000,2.36926,2.37013,2.36743,2.36993,1285260000,8
1438347360000,1438347839000,2.36993,2.37274,2.36581,2.36612,1219630000,8
1438347840000,1438348319000,2.36615,2.36761,2.36448,2.36571,1307460000,8
1438348320000,1438348799000,2.36571,2.36571,2.34513,2.34793,1914580000,8
1438348800000,1438349279000,2.34788,2.35451,2.34788,2.35451,1763370000,8
1438349280000,1438349759000,2.35449,2.35654,2.35143,2.35143,1242200000,8
1438349760000,1438350239000,2.35144,2.35839,2.35123,2.35774,1023930000,8
1438350240000,1438350719000,2.3578,2.35943,2.35578,2.35796,1126470000,8
1438350720000,1438351199000,2.35798,2.35839,2.3549,2.35508,975010000,8
1438351200000,1438351679000,2.35526,2.35937,2.35324,2.35937,1471310000,8
1438351680000,1438352159000,2.35937,2.36124,2.35782,2.35911,1109550000,8
1438352160000,1438352639000,2.35922,2.35961,2.35735,2.35774,963500000,8
1438352640000,1438353119000,2.35773,2.35813,2.35474,2.35645,1182260000,8
1438353120000,1438353599000,2.35645,2.35729,2.35463,2.35703,1110830000,8
1438353600000,1438354079000,2.35703,2.35706,2.35243,2.35303,1234270000,8
1438354080000,1438354559000,2.35303,2.35422,2.35141,2.35364,1185670000,8
1438354560000,1438355039000,2.35364,2.35491,2.34681,2.35168,1810780000,8
1438355040000,1438355519000,2.35168,2.35571,2.35131,2.35363,1105160000,8
1438355520000,1438355999000,2.35364,2.35552,2.35333,2.35517,897330000,8
1438356000000,1438356479000,2.35517,2.35937,2.35512,2.35937,1064250000,8
1438356480000,1438356959000,2.35937,2.36044,2.35803,2.35803,1157070000,8
1438356960000,1438357439000,2.35803,2.3594,2.35762,2.35882,893470000,8
1438357440000,1438357919000,2.35885,2.36052,2.35873,2.36022,983910000,8
1438357920000,1438358399000,2.36023,2.36111,2.35914,2.35972,796310000,8
1438358400000,1438358879000,2.35968,2.36184,2.35953,2.36163,572350000,8
1438358880000,1438359359000,2.36163,2.36163,2.35878,2.36014,617680000,8
1438359360000,1438359839000,2.36013,2.36044,2.35922,2.35974,436850000,8
1438359840000,1438360319000,2.35974,2.3601,2.35886,2.35972,407190000,8
1438360320000,1438360799000,2.35972,2.36104,2.35913,2.36095,409100000,8
1438360800000,1438361279000,2.36118,2.36134,2.35986,2.36049,664770000,8
1438361280000,1438361759000,2.36064,2.36373,2.36043,2.36133,943250000,8
1438361760000,1438362239000,2.36124,2.36642,2.36123,2.36531,781510000,8
1438362240000,1438362719000,2.36542,2.36651,2.36531,2.36542,353020000,8
1438362720000,1438363199000,2.36541,2.36601,2.36412,2.36462,378130000,8
1438363200000,1438363679000,2.36462,2.36582,2.36452,2.36572,288930000,8
1438363680000,1438364159000,2.36571,2.36691,2.36561,2.36632,408200000,8
1438364160000,1438364639000,2.36631,2.36682,2.36531,2.36592,378500000,8
1438364640000,1438365119000,2.36592,2.36632,2.36531,2.36542,209500000,8
1438365120000,1438365599000,2.36542,2.36597,2.36507,2.3658,527240000,8
1438365600000,1438366079000,2.36583,2.36791,2.36562,2.36661,537540000,8
1438366080000,1438366559000,2.36662,2.36711,2.36581,2.36652,381440000,8
1438366560000,1438367039000,2.36652,2.36772,2.36599,2.36771,522040000,8
1438367040000,1438367519000,2.36781,2.36834,2.36701,2.368,676770000,8
1438367520000,1438367999000,2.36801,2.3695,2.36774,2.36945,440840000,8
1438368000000,1438368479000,2.36945,2.37197,2.36927,2.37174,817050000,8
1438368480000,1438368959000,2.37174,2.37254,2.37043,2.37243,825950000,8
1438368960000,1438369439000,2.37213,2.37234,2.36851,2.3687,768770000,8
1438369440000,1438369919000,2.36874,2.36934,2.36815,2.36835,537790000,8
1438369920000,1438370399000,2.36837,2.36884,2.36794,2.36865,466520000,8
1438370400000,1438370879000,2.36853,2.36981,2.36853,2.36943,445130000,8
1438370880000,1438371359000,2.36943,2.36976,2.36734,2.36744,456040000,8
1438371360000,1438371839000,2.36744,2.36812,2.36669,2.36682,372430000,8
1438371840000,1438372319000,2.36681,2.36684,2.36533,2.36564,472460000,8
1438372320000,1438372799000,2.36563,2.36594,2.36519,2.36546,679430000,8
1438372800000,1438373279000,2.3654,2.36675,2.36452,2.36531,537260000,8
1438373280000,1438373759000,2.36532,2.36602,2.36472,2.3649,321390000,8
1438373760000,1438374239000,2.3649,2.36538,2.36462,2.36492,160500000,8
1438374240000,1438374719000,2.36486,2.36811,2.36486,2.36652,332750000,8
1438374720000,1438375199000,2.36651,2.36742,2.3653,2.36704,376000000,8
1438375200000,1438375679000,2.36704,2.3676,2.36618,2.36741,914750000,8
1438375680000,1438376159000,2.36746,2.3691,2.3667,2.36759,396750000,8
1438376160000,1438376639000,2.36723,2.36865,2.36526,2.36634,416090000,8
1438376640000,1438377119000,2.36634,2.36634,2.36634,2.36634,0,8
1438377120000,1438377599000,2.36634,2.36634,2.36634,2.36634,0,8
1438377600000,1438378079000,2.36634,2.36634,2.36634,2.36634,0,8
1438378080000,1438378559000,2.36634,2.36634,2.36634,2.36634,0,8
1438378560000,1438379039000,2.36634,2.36634,2.36634,2.36634,0,8
1438379040000,1438379519000,2.36634,2.36634,2.36634,2.36634,0,8
1438379520000,1438379999000,2.36634,2.36634,2.36634,2.36634,0,8
1438380000000,1438380479000,2.36634,2.36634,2.36634,2.36634,0,8
1438380480000,1438380959000,2.36634,2.36634,2.36634,2.36634,0,8
1438380960000,1438381439000,2.36634,2.36634,2.36634,2.36634,0,8
1438381440000,1438381919000,2.36634,2.36634,2.36634,2.36634,0,8
1438381920000,1438382399000,2.36634,2.36634,2.36634,2.36634,0,8
1438382400000,1438382879000,2.36634,2.36634,2.36634,2.36634,0,8
1438382880000,1438383359000,2.36634,2.36634,2.36634,2.36634,0,8
1438383360000,1438383839000,2.36634,2.36634,2.36634,2.36634,0,8
1438383840000,1438384319000,2.36634,2.36634,2.36634,2.36634,0,8
1438384320000,1438384799000,2.36634,2.36634,2.36634,2.36634,0,8
1438384800000,1438385279000,2.36634,2.36634,2.36634,2.36634,0,8
1438385280000,1438385759000,2.36634,2.36634,2.36634,2.36634,0,8
1438385760000,1438386239000,2.36634,2.36634,2.36634,2.36634,0,8
1438386240000,1438386719000,2.36634,2.36634,2.36634,2.36634,0,8
1438386720000,1438387199000,2.36634,2.36634,2.36634,2.36634,0,8
