openEpochMillis,closeEpochMillis,open,high,low,close,volume,sourceBars
1527811200000,1527811679000,1.89647,1.89668,1.89522,1.89546,714060000,8
1527811680000,1527812159000,1.89545,1.89614,1.89531,1.89596,557420000,8
1527812160000,1527812639000,1.89593,1.89602,1.89518,1.89523,441430000,8
1527812640000,1527813119000,1.89523,1.89583,1.89523,1.89554,262820000,8
1527813120000,1527813599000,1.89555,1.89564,1.89354,1.89404,580120000,8
1527813600000,1527814079000,1.89404,1.89496,1.89341,1.89442,583860000,8
1527814080000,1527814559000,1.89441,1.89453,1.89349,1.89363,646550000,8
1527814560000,1527815039000,1.89363,1.8939,1.89303,1.89322,616660000,8
1527815040000,1527815519000,1.89321,1.89371,1.89277,1.89357,643060000,8
1527815520000,1527815999000,1.89356,1.8939,1.89312,1.89341,859710000,8
1527816000000,1527816479000,1.89341,1.89363,1.8928,1.89363,900740000,8
1527816480000,1527816959000,1.89366,1.89416,1.89325,1.89407,519540000,8
1527816960000,1527817439000,1.89407,1.8945,1.89357,1.89435,610300000,8
1527817440000,1527817919000,1.89433,1.89504,1.89417,1.89465,546740000,8
1527817920000,1527818399000,1.89465,1.89491,1.89297,1.89409,826780000,8
1527818400000,1527818879000,1.89408,1.89456,1.89333,1.89333,624580000,8
1527818880000,1527819359000,1.89332,1.89398,1.89252,1.89385,699330000,8
1527819360000,1527819839000,1.89384,1.89416,1.89332,1.89348,517970000,8
1527819840000,1527820319000,1.89347,1.8941,1.89312,1.89316,617990000,8
1527820320000,1527820799000,1.89316,1.89316,1.89247,1.89305,703940000,8
1527820800000,1527821279000,1.89307,1.89347,1.89281,1.89339,647760000,8
1527821280000,1527821759000,1.8934,1.89362,1.89324,1.8934,400780000,8
1527821760000,1527822239000,1.89342,1.89393,1.89258,1.89271,972470000,8
1527822240000,1527822719000,1.89271,1.89381,1.89271,1.89379,831910000,8
1527822720000,1527823199000,1.89384,1.89528,1.89359,1.89481,735790000,8
1527823200000,1527823679000,1.89484,1.89551,1.89452,1.89522,900330000,8
1527823680000,1527824159000,1.89522,1.89523,1.89478,1.89514,700230000,8
1527824160000,1527824639000,1.89514,1.89528,1.89494,1.89528,362190000,8
1527824640000,1527825119000,1.89527,1.89532,1.89501,1.89515,296240000,8
1527825120000,1527825599000,1.89513,1.89523,1.89464,1.89514,361940000,8
1527825600000,1527826079000,1.89514,1.89567,1.89509,1.89566,298270000,8
1527826080000,1527826559000,1.89564,1.89583,1.89535,1.89567,366060000,8
1527826560000,1527827039000,1.89567,1.89579,1.89538,1.89563,249700000,8
1527827040000,1527827519000,1.89561,1.89602,1.89557,1.89584,364530000,8
1527827520000,1527827999000,1.89583,1.89656,1.89579,1.89656,315630000,8
1527828000000,1527828479000,1.89658,1.89679,1.89641,1.89678,239360000,8
1527828480000,1527828959000,1.89678,1.89697,1.8964,1.89643,273740000,8
1527828960000,1527829439000,1.89644,1.89653,1.8958,1.89598,563510000,8
1527829440000,1527829919000,1.89598,1.89794,1.89597,1.89698,1013530000,8
1527829920000,1527830399000,1.897,1.89708,1.89603,1.8962,435960000,8
1527830400000,1527830879000,1.89617,1.89641,1.89557,1.89562,518390000,8
1527830880000,1527831359000,1.89562,1.89649,1.8955,1.89623,469140000,8
1527831360000,1527831839000,1.89623,1.89709,1.89591,1.89681,438460000,8
1527831840000,1527832319000,1.89681,1.89732,1.8968,1.89716,666560000,8
1527832320000,1527832799000,1.89716,1.89805,1.89712,1.89804,581150000,8
1527832800000,1527833279000,1.89803,1.8983,1.89735,1.89829,1246280000,8
1527833280000,1527833759000,1.89832,1.89896,1.8976,1.89795,1155240000,8
1527833760000,1527834239000,1.89803,1.89878,1.89794,1.89863,1194850000,8
1527834240000,1527834719000,1.89863,1.89949,1.89799,1.89821,1482410000,8
1527834720000,1527835199000,1.89823,1.90016,1.89775,1.89991,1067540000,8
1527835200000,1527835679000,1.89988,1.89992,1.89794,1.89815,1102250000,8
1527835680000,1527836159000,1.89813,1.89818,1.89738,1.89777,1041720000,8
1527836160000,1527836639000,1.89775,1.89852,1.89717,1.8985,1744370000,8
1527836640000,1527837119000,1.89851,1.89856,1.89667,1.89679,1303360000,8
1527837120000,1527837599000,1.89682,1.89685,1.89525,1.89617,1492340000,8
1527837600000,1527838079000,1.89618,1.89762,1.89586,1.89749,926470000,8
1527838080000,1527838559000,1.89749,1.89891,1.89738,1.89843,1245960000,8
1527838560000,1527839039000,1.89843,1.89905,1.89723,1.89747,874910000,8
1527839040000,1527839519000,1.89748,1.89854,1.89715,1.89815,1003800000,8
1527839520000,1527839999000,1.89819,1.89923,1.8976,1.89922,1280450000,8
1527840000000,1527840479000,1.89921,1.89967,1.8989,1.89911,1509680000,8
1527840480000,1527840959000,1.8991,1.9006,1.89893,1.9006,1483570000,8
1527840960000,1527841439000,1.90057,1.90138,1.89965,1.90137,2110490000,8
1527841440000,1527841919000,1.90138,1.90279,1.89984,1.90215,1331450000,8
1527841920000,1527842399000,1.90213,1.90259,1.90077,1.90164,1283330000,8
1527842400000,1527842879000,1.9017,1.90233,1.90104,1.9018,1107160000,8
1527842880000,1527843359000,1.90178,1.90258,1.90129,1.90218,1221670000,8
1527843360000,1527843839000,1.9022,1.90313,1.90183,1.90309,1057570000,8
1527843840000,1527844319000,1.90308,1.90318,1.90097,1.90176,1216880000,8
1527844320000,1527844799000,1.90175,1.90248,1.90175,1.90208,1337310000,8
1527844800000,1527845279000,1.90213,1.90356,1.90212,1.90352,1086930000,8
1527845280000,1527845759000,1.90353,1.90418,1.90281,1.9032,1157690000,8
1527845760000,1527846239000,1.9032,1.9041,1.90266,1.90393,818970000,8
1527846240000,1527846719000,1.90391,1.90503,1.9036,1.9037,912320000,8
1527846720000,1527847199000,1.90369,1.90401,1.9031,1.90326,1030660000,8
1527847200000,1527847679000,1.90335,1.90471,1.90327,1.90403,1672860000,8
1527847680000,1527848159000,1.90402,1.90616,1.90361,1.90567,1177460000,8
1527848160000,1527848639000,1.90566,1.90689,1.90529,1.90674,1051640000,8
1527848640000,1527849119000,1.90675,1.90794,1.90648,1.90749,1001310000,8
1527849120000,1527849599000,1.90749,1.9082,1.907,1.90702,987800000,8
1527849600000,1527850079000,1.90708,1.90797,1.90689,1.90697,906260000,8
1527850080000,1527850559000,1.90696,1.90763,1.90625,1.90732,1233490000,8
1527850560000,1527851039000,1.90732,1.9075,1.90653,1.90658,1055720000,8
1527851040000,1527851519000,1.90658,1.90739,1.90657,1.90733,969150000,8
1527851520000,1527851999000,1.90733,1.908,1.90692,1.90754,2059330000,8
1527852000000,1527852479000,1.90761,1.90831,1.9071,1.90826,1687220000,8
1527852480000,1527852959000,1.90826,1.9089,1.90781,1.90888,1365500000,8
1527852960000,1527853439000,1.9089,1.90986,1.90868,1.9092,1219060000,8
1527853440000,1527853919000,1.9092,1.9111,1.90918,1.90958,1291500000,8
1527853920000,1527854399000,1.90958,1.91003,1.90896,1.90984,1916390000,8
1527854400000,1527854879000,1.90985,1.90992,1.90859,1.90895,1573460000,8
1527854880000,1527855359000,1.90895,1.90901,1.90813,1.90849,1423120000,8
1527855360000,1527855839000,1.9085,1.90866,1.90758,1.90777,1319460000,8
1527855840000,1527856319000,1.90776,1.90983,1.90649,1.9084,1579760000,8
1527856320000,1527856799000,1.90836,1.90971,1.90764,1.90887,2495960000,8
1527856800000,1527857279000,1.90887,1.91158,1.90871,1.91065,2322570000,8
1527857280000,1527857759000,1.91066,1.9134,1.91058,1.91218,1832690000,8
1527857760000,1527858239000,1.91218,1.91218,1.91095,1.91116,2117460000,8
1527858240000,1527858719000,1.9112,1.91196,1.91052,1.91196,1886990000,8
1527858720000,1527859199000,1.91191,1.91216,1.91096,1.91123,1548080000,8
1527859200000,1527859679000,1.91123,1.91126,1.91017,1.9105,1538700000,8
1527859680000,1527860159000,1.91053,1.91133,1.91023,1.91099,1607890000,8
1527860160000,1527860639000,1.91101,1.9117,1.91043,1.9113,1621770000,8
1527860640000,1527861119000,1.9113,1.91265,1.9113,1.91243,1714870000,8
1527861120000,1527861599000,1.91243,1.91273,1.91124,1.9114,1467540000,8
1527861600000,1527862079000,1.91138,1.9126,1.91052,1.91059,1927090000,8
1527862080000,1527862559000,1.91054,1.91135,1.90988,1.91124,2367570000,8
1527862560000,1527863039000,1.91124,1.91183,1.91005,1.91161,2534570000,8
1527863040000,1527863519000,1.91162,1.91249,1.91041,1.91078,2027010000,8
1527863520000,1527863999000,1.91078,1.91138,1.91044,1.91124,2268920000,8
1527864000000,1527864479000,1.91127,1.91211,1.91006,1.9101,2398250000,8
1527864480000,1527864959000,1.9101,1.91096,1.90991,1.91062,1947400000,8
1527864960000,1527865439000,1.91062,1.91125,1.90944,1.91046,2203600000,8
1527865440000,1527865919000,1.91046,1.91178,1.91037,1.91128,1819130000,8
1527865920000,1527866399000,1.91129,1.91225,1.91095,1.91206,1765680000,8
1527866400000,1527866879000,1.91207,1.91387,1.91185,1.9127,1393500000,8
1527866880000,1527867359000,1.91275,1.91315,1.9123,1.91258,1326590000,8
1527867360000,1527867839000,1.91261,1.91295,1.91212,1.91249,1462520000,8
1527867840000,1527868319000,1.91249,1.91274,1.9119,1.91209,1337620000,8
1527868320000,1527868799000,1.91206,1.91227,1.91148,1.91199,1374860000,8
1527868800000,1527869279000,1.91201,1.9124,1.91118,1.91238,978350000,8
1527869280000,1527869759000,1.91237,1.91346,1.91226,1.91341,947730000,8
1527869760000,1527870239000,1.91339,1.91365,1.91257,1.91272,834600000,8
1527870240000,1527870719000,1.91272,1.91366,1.91192,1.91196,944450000,8
1527870720000,1527871199000,1.91192,1.91233,1.91166,1.91216,645870000,8
1527871200000,1527871679000,1.91216,1.91227,1.91136,1.91136,610700000,8
1527871680000,1527872159000,1.91137,1.91163,1.91098,1.91098,547020000,8
1527872160000,1527872639000,1.91108,1.91117,1.90986,1.91027,1003430000,8
1527872640000,1527873119000,1.91026,1.91081,1.91021,1.91079,640490000,8
1527873120000,1527873599000,1.91077,1.91089,1.9102,1.91061,572950000,8
1527873600000,1527874079000,1.91061,1.91061,1.9097,1.91009,680240000,8
1527874080000,1527874559000,1.91009,1.91017,1.90946,1.90969,785720000,8
1527874560000,1527875039000,1.90969,1.90991,1.90933,1.90954,494130000,8
1527875040000,1527875519000,1.90956,1.91024,1.90925,1.91018,763870000,8
1527875520000,1527875999000,1.91018,1.9108,1.90962,1.90965,925860000,8
1527876000000,1527876479000,1.90965,1.91043,1.90927,1.91037,777510000,8
1527876480000,1527876959000,1.91038,1.91075,1.91035,1.91052,492730000,8
1527876960000,1527877439000,1.91052,1.91078,1.91042,1.91054,517640000,8
1527877440000,1527877919000,1.91053,1.91078,1.90981,1.9102,564770000,8
1527877920000,1527878399000,1.91022,1.91072,1.91021,1.91042,363970000,8
1527878400000,1527878879000,1.91037,1.91063,1.90997,1.91013,819420000,8
1527878880000,1527879359000,1.91015,1.91041,1.90994,1.91026,645430000,8
1527879360000,1527879839000,1.91031,1.91071,1.90969,1.90988,640880000,8
1527879840000,1527880319000,1.90989,1.91157,1.90988,1.91156,418230000,8
1527880320000,1527880799000,1.91155,1.91178,1.91146,1.91154,220510000,8
1527880800000,1527881279000,1.91153,1.91162,1.91085,1.911,301750000,8
1527881280000,1527881759000,1.91099,1.91132,1.91074,1.91129,346000000,8
1527881760000,1527882239000,1.91129,1.91142,1.91068,1.91077,481760000,8
1527882240000,1527882719000,1.91076,1.91083,1.91034,1.91035,571450000,8
1527882720000,1527883199000,1.91035,1.91073,1.91025,1.91073,391010000,8
1527883200000,1527883679000,1.91071,1.91116,1.91018,1.91031,382710000,8
1527883680000,1527884159000,1.91031,1.91039,1.91007,1.91007,135500000,8
1527884160000,1527884639000,1.91007,1.91088,1.91001,1.91082,956610000,8
1527884640000,1527885119000,1.91082,1.91095,1.90996,1.91006,661240000,8
1527885120000,1527885599000,1.91006,1.91062,1.91006,1.91047,442490000,8
1527885600000,1527886079000,1.91047,1.91075,1.90992,1.91015,524030000,8
1527886080000,1527886559000,1.91015,1.91072,1.90997,1.91038,537310000,8
1527886560000,1527887039000,1.91036,1.91117,1.90962,1.91035,188190000,8
1527887040000,1527887519000,1.91035,1.91035,1.91035,1.91035,0,8
1527887520000,1527887999000,1.91035,1.91035,1.91035,1.91035,0,8
1527888000000,1527888479000,1.91035,1.91035,1.91035,1.91035,0,8
1527888480000,1527888959000,1.91035,1.91035,1.91035,1.91035,0,8
1527888960000,1527889439000,1.91035,1.91035,1.91035,1.91035,0,8
1527889440000,1527889919000,1.91035,1.91035,1.91035,1.91035,0,8
1527889920000,1527890399000,1.91035,1.91035,1.91035,1.91035,0,8
1527890400000,1527890879000,1.91035,1.91035,1.91035,1.91035,0,8
1527890880000,1527891359000,1.91035,1.91035,1.91035,1.91035,0,8
1527891360000,1527891839000,1.91035,1.91035,1.91035,1.91035,0,8
1527891840000,1527892319000,1.91035,1.91035,1.91035,1.91035,0,8
1527892320000,1527892799000,1.91035,1.91035,1.91035,1.91035,0,8
1527892800000,1527893279000,1.91035,1.91035,1.91035,1.91035,0,8
1527893280000,1527893759000,1.91035,1.91035,1.91035,1.91035,0,8
1527893760000,1527894239000,1.91035,1.91035,1.91035,1.91035,0,8
1527894240000,1527894719000,1.91035,1.91035,1.91035,1.91035,0,8
1527894720000,1527895199000,1.91035,1.91035,1.91035,1.91035,0,8
1527895200000,1527895679000,1.91035,1.91035,1.91035,1.91035,0,8
1527895680000,1527896159000,1.91035,1.91035,1.91035,1.91035,0,8
1527896160000,1527896639000,1.91035,1.91035,1.91035,1.91035,0,8
1527896640000,1527897119000,1.91035,1.91035,1.91035,1.91035,0,8
1527897120000,1527897599000,1.91035,1.91035,1.91035,1.91035,0,8
1528060320000,1528060799000,1.90859,1.91049,1.90859,1.90997,90750000,8
1528060800000,1528061279000,1.91,1.91008,1.90972,1.90997,291750000,8
1528061280000,1528061759000,1.91,1.91068,1.90957,1.91001,639250000,8
1528061760000,1528062239000,1.90996,1.91023,1.9094,1.91002,101190000,8
1528062240000,1528062719000,1.91007,1.9105,1.90932,1.91027,146210000,8
1528063680000,1528064159000,1.91103,1.91115,1.91072,1.91083,253080000,8
1528064160000,1528064639000,1.91083,1.91092,1.91071,1.91077,164030000,8
1528064640000,1528065119000,1.91074,1.91109,1.91065,1.91105,70760000,8
1528065120000,1528065599000,1.91105,1.91157,1.91105,1.91147,107500000,8
1528065600000,1528066079000,1.91147,1.91198,1.91141,1.91178,116000000,8
1528066080000,1528066559000,1.91178,1.91252,1.91178,1.91248,235000000,8
1528066560000,1528067039000,1.91249,1.91296,1.91242,1.91273,267000000,8
1528067040000,1528067519000,1.9127,1.91272,1.91198,1.91213,256330000,8
1528067520000,1528067999000,1.91213,1.91279,1.91213,1.91259,209000000,8
1528068000000,1528068479000,1.91259,1.91312,1.91236,1.913,288370000,8
1528068480000,1528068959000,1.91298,1.91326,1.91239,1.91258,334770000,8
1528068960000,1528069439000,1.91251,1.91289,1.91247,1.9126,357240000,8
1528069440000,1528069919000,1.91261,1.91339,1.91246,1.91318,212320000,8
1528069920000,1528070399000,1.9132,1.91324,1.91276,1.91324,292000000,8
1528070400000,1528070879000,1.91326,1.91347,1.91208,1.91245,942590000,8
1528070880000,1528071359000,1.91242,1.91291,1.91188,1.91266,894150000,8
1528071360000,1528071839000,1.91266,1.91336,1.91226,1.91232,600340000,8
1528071840000,1528072319000,1.91233,1.91261,1.91162,1.91185,424390000,8
1528072320000,1528072799000,1.91185,1.91225,1.91146,1.91171,339340000,8
1528072800000,1528073279000,1.9117,1.9124,1.9117,1.91232,322870000,8
1528073280000,1528073759000,1.91232,1.91304,1.91203,1.91281,587810000,8
1528073760000,1528074239000,1.9128,1.91343,1.9114,1.91149,743730000,8
1528074240000,1528074719000,1.91148,1.91198,1.91131,1.91172,408220000,8
1528074720000,1528075199000,1.91179,1.91223,1.91175,1.91192,346170000,8
1528075200000,1528075679000,1.91193,1.912,1.91155,1.91173,236020000,8
1528075680000,1528076159000,1.91176,1.91214,1.90926,1.90993,1120990000,8
1528076160000,1528076639000,1.90991,1.91073,1.90983,1.90994,664190000,8
1528076640000,1528077119000,1.90995,1.90999,1.90912,1.90934,746990000,8
1528077120000,1528077599000,1.90935,1.91062,1.90918,1.90988,717310000,8
1528077600000,1528078079000,1.90988,1.90996,1.90874,1.90955,933770000,8
1528078080000,1528078559000,1.90955,1.90962,1.90868,1.90945,620360000,8
1528078560000,1528079039000,1.90943,1.90981,1.9087,1.90875,752680000,8
1528079040000,1528079519000,1.90874,1.90926,1.90849,1.90849,508880000,8
1528079520000,1528079999000,1.9085,1.90885,1.90847,1.9088,682190000,8
1528080000000,1528080479000,1.9088,1.90882,1.90816,1.90836,394500000,8
1528080480000,1528080959000,1.90837,1.9088,1.90822,1.90839,394620000,8
1528080960000,1528081439000,1.90839,1.90933,1.90836,1.90853,544690000,8
1528081440000,1528081919000,1.90855,1.91025,1.90852,1.90994,598040000,8
1528081920000,1528082399000,1.90996,1.9102,1.90934,1.91012,630620000,8
1528082400000,1528082879000,1.91014,1.91019,1.90969,1.90973,614810000,8
1528082880000,1528083359000,1.90971,1.91008,1.90891,1.90944,554930000,8
1528083360000,1528083839000,1.90944,1.90998,1.90922,1.90945,499580000,8
1528083840000,1528084319000,1.90946,1.90959,1.90875,1.90895,585770000,8
1528084320000,1528084799000,1.90896,1.90913,1.90867,1.909,338850000,8
1528084800000,1528085279000,1.90898,1.90929,1.90872,1.90925,402140000,8
1528085280000,1528085759000,1.90926,1.90945,1.90886,1.90905,362630000,8
1528085760000,1528086239000,1.90905,1.90914,1.90887,1.90903,380670000,8
1528086240000,1528086719000,1.90904,1.90906,1.90831,1.90843,326740000,8
1528086720000,1528087199000,1.90841,1.90844,1.90799,1.90828,430360000,8
1528087200000,1528087679000,1.90827,1.90899,1.9082,1.90893,415000000,8
1528087680000,1528088159000,1.90892,1.90925,1.90844,1.90866,458380000,8
1528088160000,1528088639000,1.90867,1.909,1.90843,1.90869,529400000,8
1528088640000,1528089119000,1.90867,1.90868,1.90822,1.90826,363950000,8
1528089120000,1528089599000,1.90825,1.90849,1.90763,1.90765,418000000,8
1528089600000,1528090079000,1.90763,1.90796,1.90742,1.90771,624670000,8
1528090080000,1528090559000,1.90772,1.90805,1.90733,1.90805,434500000,8
1528090560000,1528091039000,1.90802,1.90858,1.90781,1.90815,476190000,8
1528091040000,1528091519000,1.90815,1.90831,1.907,1.90705,857530000,8
1528091520000,1528091999000,1.90704,1.90848,1.90702,1.90821,864560000,8
1528092000000,1528092479000,1.90821,1.90871,1.90739,1.90768,957440000,8
1528092480000,1528092959000,1.90767,1.90853,1.90746,1.90803,1149690000,8
1528092960000,1528093439000,1.90798,1.90832,1.90754,1.90793,1141570000,8
1528093440000,1528093919000,1.90792,1.90842,1.90721,1.90803,1233310000,8
1528093920000,1528094399000,1.90803,1.9082,1.9063,1.90666,1684890000,8
1528094400000,1528094879000,1.90669,1.90669,1.90612,1.90632,974510000,8
1528094880000,1528095359000,1.90631,1.90697,1.90585,1.90693,1418220000,8
1528095360000,1528095839000,1.90684,1.90694,1.90399,1.90463,1471850000,8
1528095840000,1528096319000,1.90464,1.90549,1.90464,1.90487,1302540000,8
1528096320000,1528096799000,1.90492,1.90586,1.90465,1.90542,1459210000,8
1528096800000,1528097279000,1.90541,1.90625,1.90512,1.90537,1500110000,8
1528097280000,1528097759000,1.90539,1.90628,1.90522,1.9056,1406790000,8
1528097760000,1528098239000,1.90559,1.90603,1.90502,1.90541,981940000,8
1528098240000,1528098719000,1.90541,1.9056,1.90434,1.90444,1020720000,8
1528098720000,1528099199000,1.90443,1.90484,1.90381,1.90436,1101210000,8
1528099200000,1528099679000,1.90432,1.9047,1.90343,1.90397,1375110000,8
1528099680000,1528100159000,1.90397,1.90419,1.90279,1.90354,1240540000,8
1528100160000,1528100639000,1.90351,1.9036,1.9029,1.90351,993020000,8
1528100640000,1528101119000,1.9035,1.90379,1.90288,1.9033,1144600000,8
1528101120000,1528101599000,1.90329,1.9041,1.90306,1.90407,1301980000,8
1528101600000,1528102079000,1.90407,1.90407,1.90167,1.90197,1348560000,8
1528102080000,1528102559000,1.90197,1.90225,1.9015,1.9019,969150000,8
1528102560000,1528103039000,1.90188,1.90231,1.90108,1.90195,1159060000,8
1528103040000,1528103519000,1.90194,1.90318,1.90192,1.90318,1090490000,8
1528103520000,1528103999000,1.90319,1.90502,1.90305,1.90458,1153850000,8
1528104000000,1528104479000,1.90455,1.90583,1.90438,1.90556,1437190000,8
1528104480000,1528104959000,1.90558,1.90584,1.90413,1.90427,1167050000,8
1528104960000,1528105439000,1.90428,1.90446,1.90304,1.90308,1170040000,8
1528105440000,1528105919000,1.90306,1.90311,1.90235,1.90243,765660000,8
1528105920000,1528106399000,1.90243,1.90252,1.90164,1.90247,1035470000,8
1528106400000,1528106879000,1.90245,1.90291,1.90193,1.90224,1420450000,8
1528106880000,1528107359000,1.90226,1.90278,1.90179,1.90179,1019020000,8
1528107360000,1528107839000,1.90178,1.90205,1.90025,1.90028,861910000,8
1528107840000,1528108319000,1.90027,1.90039,1.89946,1.89998,1072490000,8
1528108320000,1528108799000,1.89998,1.90018,1.89965,1.9001,881690000,8
1528108800000,1528109279000,1.90008,1.9007,1.8993,1.89937,911500000,8
1528109280000,1528109759000,1.89937,1.90024,1.89877,1.90021,1117670000,8
1528109760000,1528110239000,1.90022,1.90142,1.89997,1.90103,1132630000,8
1528110240000,1528110719000,1.90104,1.90158,1.90088,1.90108,953510000,8
1528110720000,1528111199000,1.90108,1.90149,1.90078,1.90103,1099290000,8
1528111200000,1528111679000,1.90102,1.90137,1.90007,1.90015,972950000,8
1528111680000,1528112159000,1.90015,1.9004,1.89974,1.89974,935500000,8
1528112160000,1528112639000,1.89976,1.89986,1.89922,1.89941,705450000,8
1528112640000,1528113119000,1.8994,1.89983,1.89898,1.89975,933340000,8
1528113120000,1528113599000,1.89975,1.90032,1.8997,1.89995,926830000,8
1528113600000,1528114079000,1.89993,1.90024,1.89959,1.90002,1392830000,8
1528114080000,1528114559000,1.90002,1.9003,1.89927,1.89936,1246290000,8
1528114560000,1528115039000,1.89939,1.89965,1.89855,1.89857,1267070000,8
1528115040000,1528115519000,1.89858,1.8994,1.89847,1.89922,1325730000,8
1528115520000,1528115999000,1.89921,1.8997,1.89905,1.89956,1474030000,8
1528116000000,1528116479000,1.89958,1.90008,1.89911,1.89981,1357770000,8
1528116480000,1528116959000,1.89982,1.89985,1.89927,1.89954,1023220000,8
1528116960000,1528117439000,1.89954,1.89997,1.89917,1.89919,1310970000,8
1528117440000,1528117919000,1.89919,1.90051,1.89889,1.90011,1600290000,8
1528117920000,1528118399000,1.90011,1.90021,1.89871,1.89944,1819380000,8
1528118400000,1528118879000,1.89946,1.8999,1.89786,1.89788,1320730000,8
1528118880000,1528119359000,1.8979,1.89804,1.89711,1.89726,1260310000,8
1528119360000,1528119839000,1.8973,1.89741,1.89659,1.89737,1325290000,8
1528119840000,1528120319000,1.89738,1.8979,1.89713,1.89742,1018770000,8
1528120320000,1528120799000,1.89741,1.89809,1.89715,1.89744,1169120000,8
1528120800000,1528121279000,1.8975,1.89775,1.89669,1.89751,1500820000,8
1528121280000,1528121759000,1.8975,1.89786,1.89701,1.89776,1184810000,8
1528121760000,1528122239000,1.89775,1.89792,1.89655,1.89658,1362730000,8
1528122240000,1528122719000,1.89658,1.89778,1.89647,1.8977,1278280000,8
1528122720000,1528123199000,1.89771,1.89823,1.89715,1.89732,1391940000,8
1528123200000,1528123679000,1.8973,1.89787,1.89538,1.89639,1648200000,8
1528123680000,1528124159000,1.89636,1.89655,1.8958,1.89597,1501820000,8
1528124160000,1528124639000,1.89602,1.89666,1.89516,1.89589,1955690000,8
1528124640000,1528125119000,1.89589,1.89657,1.89499,1.89499,1418000000,8
1528125120000,1528125599000,1.89496,1.89548,1.89338,1.89382,1631540000,8
1528125600000,1528126079000,1.89375,1.89443,1.89244,1.89244,1323220000,8
1528126080000,1528126559000,1.89244,1.89344,1.89242,1.89324,941240000,8
1528126560000,1528127039000,1.89324,1.89352,1.89212,1.89305,1504340000,8
1528127040000,1528127519000,1.89304,1.89443,1.89302,1.89377,1263090000,8
1528127520000,1528127999000,1.89381,1.89421,1.89335,1.89347,1253050000,8
1528128000000,1528128479000,1.89344,1.89372,1.89284,1.89314,889880000,8
1528128480000,1528128959000,1.89313,1.8941,1.89309,1.8935,786820000,8
1528128960000,1528129439000,1.89352,1.89384,1.89299,1.89331,756560000,8
1528129440000,1528129919000,1.89332,1.89333,1.89232,1.89267,663290000,8
1528129920000,1528130399000,1.89265,1.8932,1.89249,1.89304,540940000,8
1528130400000,1528130879000,1.89304,1.89361,1.89277,1.89283,926790000,8
1528130880000,1528131359000,1.89282,1.89319,1.89269,1.89318,804970000,8
1528131360000,1528131839000,1.8932,1.89397,1.89253,1.89309,1239240000,8
1528131840000,1528132319000,1.89311,1.89363,1.89303,1.89347,1379360000,8
1528132320000,1528132799000,1.89345,1.89383,1.89294,1.89311,966230000,8
1528132800000,1528133279000,1.89312,1.8937,1.89303,1.89353,1141460000,8
1528133280000,1528133759000,1.89353,1.89356,1.8931,1.89334,1068980000,8
1528133760000,1528134239000,1.89334,1.89372,1.89309,1.89366,1117400000,8
1528134240000,1528134719000,1.89366,1.89377,1.8932,1.89357,666710000,8
1528134720000,1528135199000,1.89357,1.89404,1.8934,1.89375,736290000,8
1528135200000,1528135679000,1.89376,1.89425,1.89296,1.89304,939120000,8
1528135680000,1528136159000,1.89303,1.89315,1.89263,1.89314,706520000,8
1528136160000,1528136639000,1.89314,1.89318,1.89237,1.8924,893310000,8
1528136640000,1528137119000,1.89238,1.89259,1.89184,1.89256,1177730000,8
1528137120000,1528137599000,1.89257,1.89332,1.89227,1.89318,893110000,8
1528137600000,1528138079000,1.89316,1.89327,1.89269,1.89315,950430000,8
1528138080000,1528138559000,1.89315,1.8935,1.89296,1.89327,944040000,8
1528138560000,1528139039000,1.89327,1.89347,1.89274,1.893,892190000,8
1528139040000,1528139519000,1.89301,1.8932,1.89252,1.89285,455180000,8
1528139520000,1528139999000,1.89284,1.89342,1.89282,1.8934,512500000,8
1528140000000,1528140479000,1.8934,1.89359,1.89315,1.89352,515000000,8
1528140480000,1528140959000,1.89354,1.89363,1.89321,1.89339,472500000,8
1528140960000,1528141439000,1.89339,1.89397,1.89327,1.89394,1018000000,8
1528141440000,1528141919000,1.89395,1.89421,1.89386,1.89417,1157000000,8
1528141920000,1528142399000,1.89417,1.89472,1.89402,1.89445,1132500000,8
1528142400000,1528142879000,1.89446,1.89465,1.89387,1.894,685900000,8
1528142880000,1528143359000,1.89401,1.89454,1.89395,1.89452,333580000,8
1528143360000,1528143839000,1.8945,1.8945,1.89409,1.8941,164920000,8
1528143840000,1528144319000,1.8941,1.89415,1.89358,1.89364,350150000,8
1528144320000,1528144799000,1.89364,1.89367,1.89301,1.8933,252560000,8
1528144800000,1528145279000,1.89329,1.89342,1.89291,1.89303,244570000,8
1528145280000,1528145759000,1.89303,1.89303,1.89274,1.89278,165480000,8
1528145760000,1528146239000,1.89278,1.89347,1.89278,1.89319,124750000,8
1528146240000,1528146719000,1.89319,1.89408,1.89239,1.89384,151820000,8
1528146720000,1528147199000,1.89384,1.89388,1.89325,1.89356,126190000,8
1528147200000,1528147679000,1.89347,1.89429,1.89326,1.89378,131120000,8
1528147680000,1528148159000,1.89378,1.89432,1.89336,1.89412,172370000,8
1528148160000,1528148639000,1.89412,1.89476,1.89412,1.89434,330650000,8
1528148640000,1528149119000,1.89432,1.89442,1.89374,1.89385,389490000,8
1528149120000,1528149599000,1.89385,1.89449,1.8937,1.89405,550790000,8
1528149600000,1528150079000,1.89393,1.89466,1.89311,1.89437,364970000,8
1528150080000,1528150559000,1.89436,1.89477,1.89435,1.8945,98220000,8
1528150560000,1528151039000,1.89449,1.89474,1.8936,1.89378,92030000,8
1528151040000,1528151519000,1.89378,1.89442,1.89372,1.894,128960000,8
1528151520000,1528151999000,1.89401,1.89407,1.89305,1.89305,157010000,8
1528152000000,1528152479000,1.89306,1.8933,1.89306,1.89327,134500000,8
1528152480000,1528152959000,1.89326,1.89343,1.89322,1.89324,123000000,8
1528152960000,1528153439000,1.89323,1.89424,1.89316,1.89418,218070000,8
1528153440000,1528153919000,1.89417,1.8945,1.89397,1.89398,223440000,8
1528153920000,1528154399000,1.89397,1.89435,1.89292,1.89292,335500000,8
1528154400000,1528154879000,1.89293,1.89322,1.89282,1.89297,189740000,8
1528154880000,1528155359000,1.89297,1.89346,1.8926,1.89269,293940000,8
1528155360000,1528155839000,1.89267,1.89313,1.89239,1.8931,416360000,8
1528155840000,1528156319000,1.89309,1.8932,1.89274,1.89313,209990000,8
1528156320000,1528156799000,1.89311,1.89389,1.89298,1.8938,282490000,8
1528156800000,1528157279000,1.89381,1.89381,1.89219,1.89225,673420000,8
1528157280000,1528157759000,1.89225,1.89247,1.89184,1.89208,420490000,8
1528157760000,1528158239000,1.8921,1.89337,1.89208,1.89298,510540000,8
1528158240000,1528158719000,1.89298,1.89382,1.89295,1.89304,400120000,8
1528158720000,1528159199000,1.89303,1.89316,1.89248,1.89267,365150000,8
1528159200000,1528159679000,1.89262,1.89317,1.89244,1.8929,571630000,8
1528159680000,1528160159000,1.8929,1.89348,1.89272,1.89308,478050000,8
1528160160000,1528160639000,1.89306,1.89354,1.89242,1.89249,458320000,8
1528160640000,1528161119000,1.89249,1.89249,1.89156,1.89187,506430000,8
1528161120000,1528161599000,1.89189,1.89213,1.89102,1.89144,509440000,8
1528161600000,1528162079000,1.89146,1.89242,1.89146,1.89216,436320000,8
1528162080000,1528162559000,1.89216,1.89253,1.89078,1.89124,593260000,8
1528162560000,1528163039000,1.89153,1.89167,1.89103,1.89128,519320000,8
1528163040000,1528163519000,1.89129,1.89221,1.8911,1.89214,504040000,8
1528163520000,1528163999000,1.89214,1.89254,1.89207,1.8925,351500000,8
1528164000000,1528164479000,1.8925,1.89445,1.89101,1.89122,600850000,8
1528164480000,1528164959000,1.89121,1.89266,1.89116,1.89214,571270000,8
1528164960000,1528165439000,1.89214,1.89221,1.89157,1.8921,492290000,8
1528165440000,1528165919000,1.8921,1.89256,1.89198,1.89218,324510000,8
1528165920000,1528166399000,1.89221,1.89232,1.89121,1.89188,308840000,8
1528166400000,1528166879000,1.89186,1.89298,1.89162,1.89239,483210000,8
1528166880000,1528167359000,1.89238,1.89267,1.89215,1.89235,265620000,8
1528167360000,1528167839000,1.89236,1.89264,1.89147,1.89196,353040000,8
1528167840000,1528168319000,1.89198,1.89285,1.89167,1.89282,274240000,8
1528168320000,1528168799000,1.89288,1.89371,1.8926,1.89331,391570000,8
1528168800000,1528169279000,1.89331,1.89346,1.89316,1.89338,239320000,8
1528169280000,1528169759000,1.89339,1.89364,1.89304,1.8936,251360000,8
1528169760000,1528170239000,1.8936,1.89383,1.89345,1.89346,211750000,8
1528170240000,1528170719000,1.89346,1.89374,1.89346,1.89357,182440000,8
1528170720000,1528171199000,1.89357,1.89401,1.89343,1.89392,290610000,8
1528171200000,1528171679000,1.89391,1.89414,1.89325,1.89337,345740000,8
1528171680000,1528172159000,1.89342,1.89373,1.8934,1.8935,302500000,8
1528172160000,1528172639000,1.89355,1.89386,1.89337,1.89364,514120000,8
1528172640000,1528173119000,1.89364,1.89536,1.89316,1.89368,517390000,8
1528173120000,1528173599000,1.89368,1.89495,1.89358,1.89493,416380000,8
1528173600000,1528174079000,1.89493,1.89534,1.89437,1.89482,558870000,8
1528174080000,1528174559000,1.89481,1.89537,1.89454,1.89516,289370000,8
1528174560000,1528175039000,1.89516,1.89552,1.89469,1.89511,389980000,8
1528175040000,1528175519000,1.89505,1.89528,1.89433,1.89467,438800000,8
1528175520000,1528175999000,1.8947,1.89542,1.89457,1.89482,782480000,8
1528176000000,1528176479000,1.89486,1.89541,1.89455,1.89525,749990000,8
1528176480000,1528176959000,1.89525,1.89536,1.89461,1.89502,657580000,8
1528176960000,1528177439000,1.89502,1.89505,1.89428,1.89471,765820000,8
1528177440000,1528177919000,1.89472,1.89516,1.89402,1.89428,982220000,8
1528177920000,1528178399000,1.89425,1.89444,1.89376,1.89399,663850000,8
1528178400000,1528178879000,1.89397,1.89484,1.89367,1.8947,1049400000,8
1528178880000,1528179359000,1.8947,1.89474,1.89362,1.89406,918760000,8
1528179360000,1528179839000,1.89406,1.89472,1.8936,1.89428,836110000,8
1528179840000,1528180319000,1.8943,1.89467,1.89403,1.89421,815760000,8
1528180320000,1528180799000,1.89423,1.89423,1.89294,1.89359,1045560000,8
1528180800000,1528181279000,1.8936,1.89392,1.89255,1.89275,1027730000,8
1528181280000,1528181759000,1.89276,1.8935,1.89263,1.89329,890340000,8
1528181760000,1528182239000,1.89328,1.89375,1.89209,1.89231,1511100000,8
1528182240000,1528182719000,1.89232,1.8931,1.89102,1.89283,1241230000,8
1528182720000,1528183199000,1.89279,1.89332,1.89162,1.89218,1286570000,8
1528183200000,1528183679000,1.89218,1.89219,1.89094,1.89205,1324110000,8
1528183680000,1528184159000,1.89203,1.89231,1.89119,1.89216,1353340000,8
1528184160000,1528184639000,1.89215,1.89253,1.89175,1.89175,1266340000,8
1528184640000,1528185119000,1.89175,1.89243,1.89146,1.89202,948810000,8
1528185120000,1528185599000,1.89202,1.89307,1.89182,1.89278,932320000,8
1528185600000,1528186079000,1.89275,1.89313,1.89221,1.89272,1095200000,8
1528186080000,1528186559000,1.89272,1.89357,1.89192,1.89275,1506300000,8
1528186560000,1528187039000,1.89275,1.89377,1.8926,1.89342,1122350000,8
1528187040000,1528187519000,1.89345,1.89756,1.89295,1.89595,1229290000,8
1528187520000,1528187999000,1.896,1.89896,1.896,1.89888,1781140000,8
1528188000000,1528188479000,1.89888,1.89914,1.89764,1.89846,1570210000,8
1528188480000,1528188959000,1.89845,1.90087,1.8984,1.90033,1169870000,8
1528188960000,1528189439000,1.90036,1.90171,1.89996,1.90083,1276590000,8
1528189440000,1528189919000,1.90081,1.90088,1.89936,1.89966,1092780000,8
1528189920000,1528190399000,1.89965,1.90027,1.89932,1.89932,992190000,8
1528190400000,1528190879000,1.89932,1.9,1.89925,1.89986,936220000,8
1528190880000,1528191359000,1.89972,1.90129,1.89944,1.90055,1429200000,8
1528191360000,1528191839000,1.90054,1.90166,1.90054,1.90151,1210940000,8
1528191840000,1528192319000,1.90157,1.90245,1.90139,1.90212,1129250000,8
1528192320000,1528192799000,1.90211,1.90225,1.90096,1.90157,1103430000,8
1528192800000,1528193279000,1.90158,1.90266,1.90151,1.90194,799220000,8
1528193280000,1528193759000,1.90194,1.90423,1.90194,1.90413,852070000,8
1528193760000,1528194239000,1.90417,1.90507,1.90369,1.90443,1322070000,8
1528194240000,1528194719000,1.90447,1.90529,1.90396,1.90428,1127900000,8
1528194720000,1528195199000,1.90428,1.90428,1.90276,1.90279,905420000,8
1528195200000,1528195679000,1.90279,1.9032,1.90221,1.90221,841960000,8
1528195680000,1528196159000,1.90224,1.90266,1.90154,1.90206,1018880000,8
1528196160000,1528196639000,1.90207,1.90358,1.90154,1.90273,1802950000,8
1528196640000,1528197119000,1.90279,1.90358,1.90271,1.90318,1191420000,8
1528197120000,1528197599000,1.90313,1.90377,1.90296,1.90376,1022430000,8
1528197600000,1528198079000,1.90374,1.90381,1.9021,1.90295,1218250000,8
1528198080000,1528198559000,1.90295,1.90312,1.90114,1.90139,1218860000,8
1528198560000,1528199039000,1.90141,1.9017,1.90118,1.9016,1147140000,8
1528199040000,1528199519000,1.90158,1.9029,1.90156,1.90244,1267090000,8
1528199520000,1528199999000,1.90246,1.90378,1.90235,1.90317,1532090000,8
1528200000000,1528200479000,1.90316,1.90493,1.90312,1.90486,1834120000,8
1528200480000,1528200959000,1.90485,1.9055,1.90298,1.90314,1699270000,8
1528200960000,1528201439000,1.90314,1.90418,1.9029,1.90329,2028020000,8
1528201440000,1528201919000,1.90329,1.9037,1.90263,1.90279,1779140000,8
1528201920000,1528202399000,1.90281,1.90357,1.90245,1.90348,1487360000,8
1528202400000,1528202879000,1.90345,1.90415,1.90322,1.90393,1537100000,8
1528202880000,1528203359000,1.90393,1.90554,1.90386,1.90546,1705680000,8
1528203360000,1528203839000,1.90548,1.90675,1.90466,1.90516,1745860000,8
1528203840000,1528204319000,1.90522,1.90524,1.90446,1.90496,1328360000,8
1528204320000,1528204799000,1.90491,1.90612,1.90476,1.90581,1483540000,8
1528204800000,1528205279000,1.90582,1.9059,1.90442,1.90448,1371610000,8
1528205280000,1528205759000,1.90444,1.90543,1.90431,1.90523,1610240000,8
1528205760000,1528206239000,1.90523,1.90579,1.90493,1.90521,1366930000,8
1528206240000,1528206719000,1.90525,1.90594,1.90485,1.90589,1671980000,8
1528206720000,1528207199000,1.90593,1.90658,1.90492,1.90625,1398000000,8
1528207200000,1528207679000,1.90605,1.90702,1.90469,1.90511,2055180000,8
1528207680000,1528208159000,1.9052,1.90546,1.90471,1.90532,1370590000,8
1528208160000,1528208639000,1.90537,1.9055,1.90427,1.90457,1526970000,8
1528208640000,1528209119000,1.90457,1.90466,1.90334,1.90373,1285110000,8
1528209120000,1528209599000,1.90376,1.9038,1.90233,1.90261,1370790000,8
1528209600000,1528210079000,1.90262,1.90304,1.90221,1.90272,1064460000,8
1528210080000,1528210559000,1.90275,1.90307,1.90216,1.90253,1248900000,8
1528210560000,1528211039000,1.90252,1.90513,1.90237,1.90485,2115150000,8
1528211040000,1528211519000,1.90488,1.90617,1.90448,1.90567,1800340000,8
1528211520000,1528211999000,1.90565,1.90641,1.90552,1.90582,1400050000,8
1528212000000,1528212479000,1.90586,1.90605,1.90463,1.90465,1432980000,8
1528212480000,1528212959000,1.90465,1.90507,1.90415,1.90427,1166300000,8
1528212960000,1528213439000,1.90427,1.9047,1.90406,1.90413,1111450000,8
1528213440000,1528213919000,1.90414,1.90519,1.90413,1.90466,1433740000,8
1528213920000,1528214399000,1.90467,1.90518,1.90439,1.90447,1279920000,8
1528214400000,1528214879000,1.90447,1.90609,1.90431,1.90512,2365070000,8
1528214880000,1528215359000,1.90516,1.90602,1.90458,1.9055,1526080000,8
1528215360000,1528215839000,1.90549,1.90589,1.90492,1.90525,1629590000,8
1528215840000,1528216319000,1.90525,1.9056,1.90383,1.90404,1658920000,8
1528216320000,1528216799000,1.90403,1.90476,1.90367,1.90436,1321490000,8
1528216800000,1528217279000,1.90433,1.90484,1.90418,1.90468,1084400000,8
1528217280000,1528217759000,1.90467,1.90507,1.90373,1.90398,1115730000,8
1528217760000,1528218239000,1.90395,1.90497,1.90373,1.90405,1429870000,8
1528218240000,1528218719000,1.90408,1.90447,1.90346,1.9039,1353370000,8
1528218720000,1528219199000,1.9039,1.90435,1.90364,1.90418,1422560000,8
1528219200000,1528219679000,1.90419,1.90452,1.90372,1.90412,940830000,8
1528219680000,1528220159000,1.90412,1.90501,1.90401,1.90469,1043230000,8
1528220160000,1528220639000,1.90469,1.90504,1.90438,1.90478,909830000,8
1528220640000,1528221119000,1.90476,1.90582,1.90442,1.90568,1186520000,8
1528221120000,1528221599000,1.90569,1.90597,1.9052,1.90526,1017370000,8
1528221600000,1528222079000,1.90527,1.90618,1.90524,1.906,835870000,8
1528222080000,1528222559000,1.90599,1.90632,1.90529,1.90542,761560000,8
1528222560000,1528223039000,1.90543,1.90589,1.90534,1.90538,514600000,8
1528223040000,1528223519000,1.9053,1.90554,1.90478,1.90511,810160000,8
1528223520000,1528223999000,1.90513,1.90559,1.90474,1.90558,600380000,8
1528224000000,1528224479000,1.90555,1.90558,1.90491,1.90514,748310000,8
1528224480000,1528224959000,1.90508,1.90554,1.90495,1.90518,564680000,8
1528224960000,1528225439000,1.90518,1.90563,1.90499,1.9052,616450000,8
1528225440000,1528225919000,1.90521,1.90586,1.90512,1.90573,405330000,8
1528225920000,1528226399000,1.90573,1.90586,1.90528,1.90586,411380000,8
1528226400000,1528226879000,1.90587,1.90618,1.90565,1.90593,556180000,8
1528226880000,1528227359000,1.90595,1.90618,1.9057,1.90598,617210000,8
1528227360000,1528227839000,1.90598,1.90614,1.90562,1.90601,767930000,8
1528227840000,1528228319000,1.90601,1.90623,1.90544,1.90546,796500000,8
1528228320000,1528228799000,1.90548,1.90561,1.90514,1.9055,434210000,8
1528228800000,1528229279000,1.9055,1.90565,1.90511,1.90554,184580000,8
1528229280000,1528229759000,1.9056,1.90626,1.9056,1.90622,219020000,8
1528229760000,1528230239000,1.90622,1.90636,1.90591,1.90596,168240000,8
1528230240000,1528230719000,1.90596,1.90645,1.90596,1.90625,295500000,8
1528230720000,1528231199000,1.90625,1.9064,1.90612,1.90623,230500000,8
1528231200000,1528231679000,1.9062,1.90675,1.90606,1.90652,153000000,8
1528231680000,1528232159000,1.90652,1.90704,1.90638,1.90689,345000000,8
1528232160000,1528232639000,1.9069,1.90723,1.9063,1.9063,221500000,8
1528232640000,1528233119000,1.90499,1.90661,1.9048,1.90545,496970000,8
1528233120000,1528233599000,1.90546,1.90682,1.90423,1.90611,669890000,8
1528233600000,1528234079000,1.90682,1.90682,1.90555,1.90625,630630000,8
1528234080000,1528234559000,1.90625,1.90691,1.90599,1.90649,582300000,8
1528234560000,1528235039000,1.90649,1.90657,1.9063,1.90644,420240000,8
1528235040000,1528235519000,1.90644,1.90695,1.90643,1.90649,509500000,8
1528235520000,1528235999000,1.90648,1.90655,1.90594,1.90618,505090000,8
1528236000000,1528236479000,1.90618,1.90652,1.90585,1.90621,578160000,8
1528236480000,1528236959000,1.90621,1.90651,1.90595,1.90642,354990000,8
1528236960000,1528237439000,1.90642,1.9072,1.9064,1.90687,307280000,8
1528237440000,1528237919000,1.90687,1.90702,1.90656,1.90657,271640000,8
1528237920000,1528238399000,1.90653,1.90682,1.90631,1.90631,297540000,8
1528238400000,1528238879000,1.90631,1.90711,1.90616,1.90711,336900000,8
1528238880000,1528239359000,1.90715,1.90723,1.90633,1.90634,213110000,8
1528239360000,1528239839000,1.90634,1.90706,1.90633,1.90683,329540000,8
1528239840000,1528240319000,1.90683,1.90698,1.90664,1.90688,429140000,8
1528240320000,1528240799000,1.90688,1.90722,1.90653,1.90665,330780000,8
1528240800000,1528241279000,1.90665,1.90687,1.90574,1.90663,670480000,8
1528241280000,1528241759000,1.90664,1.90697,1.90648,1.90693,415650000,8
1528241760000,1528242239000,1.90696,1.90752,1.90668,1.90742,456230000,8
1528242240000,1528242719000,1.90742,1.90742,1.90659,1.90693,409210000,8
1528242720000,1528243199000,1.90697,1.90758,1.90655,1.90726,306930000,8
1528243200000,1528243679000,1.90725,1.90771,1.90687,1.90734,425710000,8
1528243680000,1528244159000,1.90734,1.90752,1.90699,1.90704,561060000,8
1528244160000,1528244639000,1.90704,1.90733,1.9066,1.90685,556780000,8
1528244640000,1528245119000,1.90685,1.90718,1.90652,1.90654,505570000,8
1528245120000,1528245599000,1.90654,1.90656,1.90594,1.90642,379340000,8
1528245600000,1528246079000,1.90643,1.90667,1.90619,1.90633,348610000,8
1528246080000,1528246559000,1.90633,1.90681,1.90593,1.90646,568600000,8
1528246560000,1528247039000,1.90644,1.9067,1.90604,1.90614,468510000,8
1528247040000,1528247519000,1.90614,1.90669,1.90612,1.90639,358530000,8
1528247520000,1528247999000,1.90638,1.90654,1.90587,1.90611,305090000,8
1528248000000,1528248479000,1.90609,1.90642,1.90602,1.90633,228600000,8
1528248480000,1528248959000,1.90633,1.90686,1.90524,1.90582,992030000,8
1528248960000,1528249439000,1.90584,1.90678,1.90577,1.90592,824990000,8
1528249440000,1528249919000,1.90595,1.90619,1.90531,1.90577,731020000,8
1528249920000,1528250399000,1.9058,1.90581,1.90518,1.90551,581850000,8
1528250400000,1528250879000,1.90551,1.90608,1.90454,1.90594,600830000,8
1528250880000,1528251359000,1.90596,1.90619,1.90493,1.90493,390300000,8
1528251360000,1528251839000,1.905,1.90558,1.90499,1.90536,217660000,8
1528251840000,1528252319000,1.90536,1.90579,1.90522,1.9057,244670000,8
1528252320000,1528252799000,1.90569,1.90593,1.90548,1.90583,309800000,8
1528252800000,1528253279000,1.90582,1.90607,1.90548,1.90551,140070000,8
1528253280000,1528253759000,1.90549,1.90549,1.9045,1.90459,347400000,8
1528253760000,1528254239000,1.90458,1.90476,1.90367,1.9037,358670000,8
1528254240000,1528254719000,1.90369,1.90456,1.90364,1.904,294500000,8
1528254720000,1528255199000,1.90399,1.90415,1.90361,1.90369,267690000,8
1528255200000,1528255679000,1.90369,1.90432,1.90366,1.90419,189000000,8
1528255680000,1528256159000,1.90418,1.90428,1.90405,1.90411,185740000,8
1528256160000,1528256639000,1.90412,1.90429,1.90357,1.90376,179620000,8
1528256640000,1528257119000,1.90376,1.90377,1.90334,1.90346,313970000,8
1528257120000,1528257599000,1.90347,1.90363,1.90331,1.90354,315710000,8
1528257600000,1528258079000,1.90353,1.90375,1.90344,1.90356,386180000,8
1528258080000,1528258559000,1.90356,1.90381,1.90346,1.90362,278270000,8
1528258560000,1528259039000,1.90362,1.90362,1.90323,1.90323,304900000,8
1528259040000,1528259519000,1.90321,1.90341,1.90284,1.903,355960000,8
1528259520000,1528259999000,1.90298,1.90395,1.90291,1.90372,241500000,8
1528260000000,1528260479000,1.90372,1.90387,1.90318,1.90379,261630000,8
1528260480000,1528260959000,1.90378,1.9038,1.90331,1.90332,203210000,8
1528260960000,1528261439000,1.90331,1.90331,1.90292,1.90295,258610000,8
1528261440000,1528261919000,1.90294,1.90308,1.90264,1.90277,276890000,8
1528261920000,1528262399000,1.9029,1.90335,1.90272,1.90329,445550000,8
1528262400000,1528262879000,1.90332,1.90383,1.90331,1.90373,495090000,8
1528262880000,1528263359000,1.90373,1.90375,1.90256,1.90272,916930000,8
1528263360000,1528263839000,1.90271,1.90355,1.90225,1.90267,842800000,8
1528263840000,1528264319000,1.90266,1.90312,1.90226,1.90278,825420000,8
1528264320000,1528264799000,1.90278,1.90311,1.90245,1.90254,703300000,8
1528264800000,1528265279000,1.90253,1.90352,1.90208,1.90295,1129990000,8
1528265280000,1528265759000,1.90297,1.90305,1.9019,1.9024,1190630000,8
1528265760000,1528266239000,1.90242,1.90284,1.90133,1.90159,1054090000,8
1528266240000,1528266719000,1.90157,1.90206,1.90018,1.9018,1327570000,8
1528266720000,1528267199000,1.90198,1.90281,1.90169,1.90172,1272340000,8
1528267200000,1528267679000,1.90173,1.90257,1.90136,1.90243,1037650000,8
1528267680000,1528268159000,1.90242,1.90253,1.90105,1.90112,1398750000,8
1528268160000,1528268639000,1.90112,1.9014,1.89989,1.90127,1757110000,8
1528268640000,1528269119000,1.90128,1.90298,1.90091,1.90281,1967770000,8
1528269120000,1528269599000,1.90284,1.90498,1.90219,1.90449,1492240000,8
1528269600000,1528270079000,1.90451,1.90535,1.90421,1.90516,1972090000,8
1528270080000,1528270559000,1.90517,1.90642,1.90469,1.90527,1942430000,8
1528270560000,1528271039000,1.90523,1.90687,1.90516,1.90651,1395000000,8
1528271040000,1528271519000,1.90649,1.90666,1.90557,1.90597,1530070000,8
1528271520000,1528271999000,1.90596,1.90723,1.90513,1.90693,1309260000,8
1528272000000,1528272479000,1.90691,1.90823,1.90691,1.9076,1239250000,8
1528272480000,1528272959000,1.90762,1.90766,1.90649,1.9067,1300640000,8
1528272960000,1528273439000,1.9067,1.90721,1.90636,1.90708,1285850000,8
1528273440000,1528273919000,1.90708,1.90764,1.90611,1.90738,994120000,8
1528273920000,1528274399000,1.90736,1.90737,1.9057,1.90592,780980000,8
1528274400000,1528274879000,1.90597,1.90625,1.90557,1.90617,968070000,8
1528274880000,1528275359000,1.90618,1.90739,1.90595,1.90655,1234450000,8
1528275360000,1528275839000,1.90656,1.90808,1.90616,1.90802,1038770000,8
1528275840000,1528276319000,1.90802,1.90919,1.90778,1.90803,1004470000,8
1528276320000,1528276799000,1.90804,1.90833,1.90686,1.90692,1218210000,8
1528276800000,1528277279000,1.90696,1.9086,1.90696,1.90854,1257760000,8
1528277280000,1528277759000,1.90853,1.90905,1.90799,1.90889,1316170000,8
1528277760000,1528278239000,1.90886,1.90886,1.90774,1.90779,908640000,8
1528278240000,1528278719000,1.90779,1.90813,1.90656,1.90669,1066220000,8
1528278720000,1528279199000,1.90672,1.90757,1.90617,1.90652,1097860000,8
1528279200000,1528279679000,1.90653,1.9078,1.90562,1.90596,1311480000,8
1528279680000,1528280159000,1.90596,1.90688,1.90569,1.90668,994320000,8
1528280160000,1528280639000,1.90668,1.90767,1.90644,1.90672,1050280000,8
1528280640000,1528281119000,1.90671,1.90781,1.90666,1.9078,913830000,8
1528281120000,1528281599000,1.90782,1.90855,1.90777,1.90824,691820000,8
1528281600000,1528282079000,1.90824,1.90859,1.90786,1.90823,936760000,8
1528282080000,1528282559000,1.90821,1.90851,1.90707,1.90721,1080560000,8
1528282560000,1528283039000,1.90718,1.90721,1.90601,1.90648,1137650000,8
1528283040000,1528283519000,1.90647,1.90695,1.90614,1.90676,1262560000,8
1528283520000,1528283999000,1.90678,1.90681,1.90484,1.90517,1311390000,8
1528284000000,1528284479000,1.90517,1.90577,1.90495,1.90565,797650000,8
1528284480000,1528284959000,1.90565,1.90624,1.90528,1.90613,1089370000,8
1528284960000,1528285439000,1.90613,1.90632,1.90523,1.90542,1004900000,8
1528285440000,1528285919000,1.90542,1.90576,1.90382,1.90398,1137790000,8
1528285920000,1528286399000,1.90398,1.90512,1.90378,1.90467,1118460000,8
1528286400000,1528286879000,1.90467,1.90616,1.90455,1.9056,1617420000,8
1528286880000,1528287359000,1.90556,1.90566,1.90375,1.90384,1343640000,8
1528287360000,1528287839000,1.90384,1.90493,1.90358,1.90425,1448400000,8
1528287840000,1528288319000,1.90427,1.90467,1.90396,1.90406,1561640000,8
1528288320000,1528288799000,1.90406,1.90479,1.90374,1.90412,1423020000,8
1528288800000,1528289279000,1.90411,1.90479,1.90356,1.90384,1260100000,8
1528289280000,1528289759000,1.90384,1.90485,1.90345,1.90404,1328260000,8
1528289760000,1528290239000,1.90404,1.90434,1.90342,1.90365,1078230000,8
1528290240000,1528290719000,1.90366,1.9037,1.90297,1.90316,1084150000,8
1528290720000,1528291199000,1.90314,1.90414,1.90314,1.90391,1223170000,8
1528291200000,1528291679000,1.90392,1.90427,1.90378,1.90391,1332580000,8
1528291680000,1528292159000,1.90392,1.90414,1.90295,1.90326,1328670000,8
1528292160000,1528292639000,1.90326,1.90554,1.90291,1.90511,1531940000,8
1528292640000,1528293119000,1.90508,1.90625,1.90488,1.90541,1429420000,8
1528293120000,1528293599000,1.90546,1.906,1.90501,1.90572,1342110000,8
1528293600000,1528294079000,1.90574,1.90623,1.90498,1.90546,1716680000,8
1528294080000,1528294559000,1.90545,1.90603,1.90501,1.90521,1619270000,8
1528294560000,1528295039000,1.90522,1.90642,1.90514,1.9062,1349830000,8
1528295040000,1528295519000,1.90618,1.90671,1.90546,1.90591,1493340000,8
1528295520000,1528295999000,1.90595,1.90647,1.90558,1.90577,1666210000,8
1528296000000,1528296479000,1.90578,1.90757,1.90499,1.90722,1629020000,8
1528296480000,1528296959000,1.90719,1.90891,1.90681,1.9082,1855230000,8
1528296960000,1528297439000,1.90819,1.90966,1.90667,1.90669,2221510000,8
1528297440000,1528297919000,1.90667,1.90683,1.90552,1.90613,1306200000,8
1528297920000,1528298399000,1.90611,1.90699,1.90601,1.90631,1467520000,8
1528298400000,1528298879000,1.90631,1.90689,1.90537,1.90581,1434870000,8
1528298880000,1528299359000,1.90581,1.90625,1.90538,1.90575,1358660000,8
1528299360000,1528299839000,1.90571,1.9061,1.90502,1.90603,1260480000,8
1528299840000,1528300319000,1.90603,1.90649,1.90571,1.906,1546580000,8
1528300320000,1528300799000,1.90596,1.90649,1.90564,1.90591,1107920000,8
1528300800000,1528301279000,1.90592,1.9064,1.90513,1.90533,1091460000,8
1528301280000,1528301759000,1.90533,1.90544,1.90405,1.90418,1609720000,8
1528301760000,1528302239000,1.90422,1.9058,1.90381,1.90561,1283390000,8
1528302240000,1528302719000,1.90564,1.90595,1.90494,1.90518,1119050000,8
1528302720000,1528303199000,1.90518,1.90605,1.90511,1.90585,913470000,8
1528303200000,1528303679000,1.90579,1.90616,1.90571,1.90608,623120000,8
1528303680000,1528304159000,1.90608,1.90629,1.9059,1.90596,657420000,8
1528304160000,1528304639000,1.90597,1.9065,1.9049,1.9056,1167440000,8
1528304640000,1528305119000,1.90562,1.9063,1.90505,1.90551,935120000,8
1528305120000,1528305599000,1.90551,1.90632,1.90529,1.90631,522740000,8
1528305600000,1528306079000,1.90631,1.90642,1.90589,1.90638,1174010000,8
1528306080000,1528306559000,1.90638,1.90642,1.90563,1.90605,935100000,8
1528306560000,1528307039000,1.90604,1.90672,1.90586,1.90611,850580000,8
1528307040000,1528307519000,1.90608,1.9067,1.90596,1.9063,528500000,8
1528307520000,1528307999000,1.90628,1.90637,1.90586,1.90598,698000000,8
1528308000000,1528308479000,1.90598,1.90602,1.90509,1.90509,530500000,8
1528308480000,1528308959000,1.90509,1.90586,1.90479,1.90584,523620000,8
1528308960000,1528309439000,1.90582,1.90613,1.90535,1.90552,479910000,8
1528309440000,1528309919000,1.90551,1.90647,1.90551,1.90634,577430000,8
1528309920000,1528310399000,1.90634,1.90688,1.90634,1.90662,351190000,8
1528310400000,1528310879000,1.90662,1.90671,1.90621,1.9065,287620000,8
1528310880000,1528311359000,1.90651,1.90653,1.90603,1.90633,304480000,8
1528311360000,1528311839000,1.90633,1.9067,1.90593,1.90664,472210000,8
1528311840000,1528312319000,1.90664,1.90727,1.90654,1.90685,759470000,8
1528312320000,1528312799000,1.90683,1.90705,1.9066,1.90689,819820000,8
1528312800000,1528313279000,1.90689,1.90698,1.90633,1.90665,852000000,8
1528313280000,1528313759000,1.90666,1.90687,1.90625,1.90635,874560000,8
1528313760000,1528314239000,1.90634,1.90668,1.90628,1.90659,936230000,8
1528314240000,1528314719000,1.90659,1.90728,1.90649,1.90694,803740000,8
1528314720000,1528315199000,1.90696,1.90705,1.90618,1.90652,551750000,8
1528315200000,1528315679000,1.9065,1.90675,1.90641,1.90665,367190000,8
1528315680000,1528316159000,1.90665,1.90689,1.90632,1.90637,327630000,8
1528316160000,1528316639000,1.90644,1.9066,1.90605,1.90605,281620000,8
1528316640000,1528317119000,1.90605,1.90622,1.90559,1.90587,446840000,8
1528317120000,1528317599000,1.90587,1.9061,1.90582,1.90601,271000000,8
1528317600000,1528318079000,1.90601,1.90627,1.90582,1.90625,232500000,8
1528318080000,1528318559000,1.90625,1.90671,1.90614,1.9067,311500000,8
1528318560000,1528319039000,1.90666,1.90719,1.90554,1.90582,258300000,8
1528319040000,1528319519000,1.90582,1.90663,1.90575,1.90663,220450000,8
1528319520000,1528319999000,1.90663,1.90739,1.9059,1.90604,224350000,8
1528320000000,1528320479000,1.90603,1.90612,1.90582,1.90604,93000000,8
1528320480000,1528320959000,1.90607,1.90614,1.90576,1.90581,265910000,8
1528320960000,1528321439000,1.90584,1.90634,1.90552,1.90634,162000000,8
1528321440000,1528321919000,1.90631,1.90646,1.90628,1.90632,67000000,8
1528321920000,1528322399000,1.90628,1.9064,1.90605,1.90614,133560000,8
1528322400000,1528322879000,1.90611,1.90639,1.90589,1.90636,232150000,8
1528322880000,1528323359000,1.90636,1.90637,1.90597,1.9063,238470000,8
1528323360000,1528323839000,1.90631,1.9068,1.90628,1.9068,208040000,8
1528323840000,1528324319000,1.9068,1.90694,1.90649,1.90657,168000000,8
1528324320000,1528324799000,1.90661,1.90661,1.90624,1.90624,108730000,8
1528324800000,1528325279000,1.90625,1.90698,1.90624,1.90698,122160000,8
1528325280000,1528325759000,1.90698,1.90707,1.90678,1.90701,135470000,8
1528325760000,1528326239000,1.90697,1.907,1.90653,1.90686,177830000,8
1528326240000,1528326719000,1.90687,1.90698,1.90631,1.90632,82540000,8
1528326720000,1528327199000,1.90631,1.90676,1.90628,1.90655,115340000,8
1528327200000,1528327679000,1.90656,1.90708,1.90654,1.90672,136830000,8
1528327680000,1528328159000,1.90672,1.90672,1.9064,1.9065,252370000,8
1528328160000,1528328639000,1.9065,1.90675,1.90645,1.90675,228500000,8
1528328640000,1528329119000,1.90675,1.90692,1.90648,1.90663,227750000,8
1528329120000,1528329599000,1.90662,1.90675,1.90624,1.90638,274430000,8
1528329600000,1528330079000,1.90638,1.90728,1.90637,1.90704,382480000,8
1528330080000,1528330559000,1.90705,1.90752,1.90689,1.90713,552910000,8
1528330560000,1528331039000,1.90712,1.90768,1.90671,1.90697,530630000,8
1528331040000,1528331519000,1.90695,1.90747,1.90662,1.90703,526930000,8
1528331520000,1528331999000,1.90703,1.90714,1.90641,1.90643,455000000,8
1528332000000,1528332479000,1.90638,1.90732,1.90625,1.90639,468970000,8
1528332480000,1528332959000,1.90639,1.90672,1.90605,1.90633,332000000,8
1528332960000,1528333439000,1.90631,1.90641,1.90574,1.90591,402860000,8
1528333440000,1528333919000,1.9059,1.90604,1.90537,1.90565,315750000,8
1528333920000,1528334399000,1.90564,1.90666,1.90525,1.90638,480860000,8
1528334400000,1528334879000,1.90637,1.90709,1.90587,1.90687,462000000,8
1528334880000,1528335359000,1.90687,1.90761,1.90668,1.90719,637560000,8
1528335360000,1528335839000,1.90719,1.9076,1.90682,1.90705,556930000,8
1528335840000,1528336319000,1.90704,1.90746,1.90672,1.90672,314330000,8
1528336320000,1528336799000,1.90684,1.90794,1.90684,1.90766,418940000,8
1528336800000,1528337279000,1.90766,1.90835,1.90688,1.90735,774970000,8
1528337280000,1528337759000,1.90735,1.90758,1.90703,1.90727,574350000,8
1528337760000,1528338239000,1.90727,1.90731,1.90635,1.90685,542800000,8
1528338240000,1528338719000,1.90685,1.90762,1.90678,1.90728,620450000,8
1528338720000,1528339199000,1.90728,1.90768,1.90702,1.90763,342000000,8
1528339200000,1528339679000,1.90762,1.90789,1.90703,1.90765,464480000,8
1528339680000,1528340159000,1.90764,1.90766,1.90731,1.90758,221810000,8
1528340160000,1528340639000,1.90756,1.9092,1.9071,1.90726,554880000,8
1528340640000,1528341119000,1.90725,1.90725,1.90612,1.90635,493160000,8
1528341120000,1528341599000,1.9063,1.90645,1.90611,1.90616,434880000,8
1528341600000,1528342079000,1.90615,1.90626,1.90596,1.90599,413750000,8
1528342080000,1528342559000,1.90601,1.9068,1.90592,1.90634,506090000,8
1528342560000,1528343039000,1.90634,1.90688,1.90615,1.90679,470820000,8
1528343040000,1528343519000,1.9068,1.90688,1.90662,1.90687,286120000,8
1528343520000,1528343999000,1.90687,1.90705,1.90669,1.90681,370410000,8
1528344000000,1528344479000,1.90681,1.90786,1.9068,1.90775,416400000,8
1528344480000,1528344959000,1.90773,1.90773,1.90665,1.90713,479220000,8
1528344960000,1528345439000,1.90713,1.90713,1.90654,1.90703,538690000,8
1528345440000,1528345919000,1.90703,1.90743,1.90676,1.90703,472000000,8
1528345920000,1528346399000,1.90702,1.90703,1.90639,1.90645,404560000,8
1528346400000,1528346879000,1.90646,1.90662,1.90615,1.90622,354900000,8
1528346880000,1528347359000,1.90617,1.90632,1.90592,1.9062,457010000,8
1528347360000,1528347839000,1.90622,1.90655,1.90603,1.90616,558500000,8
1528347840000,1528348319000,1.90616,1.90657,1.90605,1.90624,375790000,8
1528348320000,1528348799000,1.90624,1.90625,1.9055,1.90574,363660000,8
1528348800000,1528349279000,1.90575,1.90613,1.90556,1.90599,603820000,8
1528349280000,1528349759000,1.90597,1.9062,1.90535,1.90558,540240000,8
1528349760000,1528350239000,1.90558,1.90581,1.9053,1.90576,460070000,8
1528350240000,1528350719000,1.90569,1.90648,1.90569,1.90633,770300000,8
1528350720000,1528351199000,1.90632,1.90671,1.90614,1.90643,553500000,8
1528351200000,1528351679000,1.90646,1.90661,1.90583,1.90602,887970000,8
1528351680000,1528352159000,1.90601,1.90604,1.90409,1.90416,772280000,8
1528352160000,1528352639000,1.90432,1.90544,1.90418,1.90544,1263670000,8
1528352640000,1528353119000,1.90545,1.90626,1.90533,1.906,1093280000,8
1528353120000,1528353599000,1.906,1.90807,1.90565,1.90787,1224700000,8
1528353600000,1528354079000,1.90785,1.90799,1.90678,1.90684,1151970000,8
1528354080000,1528354559000,1.90678,1.90715,1.90592,1.90696,1163510000,8
1528354560000,1528355039000,1.90695,1.90747,1.90595,1.90731,1387610000,8
1528355040000,1528355519000,1.90728,1.90728,1.90516,1.90528,1345350000,8
1528355520000,1528355999000,1.90542,1.90736,1.90542,1.90735,1205310000,8
1528356000000,1528356479000,1.90733,1.90872,1.90689,1.90856,1179700000,8
1528356480000,1528356959000,1.90855,1.90931,1.90826,1.90833,1064950000,8
1528356960000,1528357439000,1.90831,1.90839,1.90747,1.90782,1040830000,8
1528357440000,1528357919000,1.90785,1.90919,1.90731,1.90899,1569030000,8
1528357920000,1528358399000,1.90898,1.91021,1.90834,1.90959,1512280000,8
1528358400000,1528358879000,1.90959,1.91027,1.90905,1.9094,1299950000,8
1528358880000,1528359359000,1.9094,1.90946,1.90825,1.90875,1314610000,8
1528359360000,1528359839000,1.90875,1.90978,1.90821,1.90856,1689010000,8
1528359840000,1528360319000,1.90856,1.90938,1.90816,1.90929,1576270000,8
1528360320000,1528360799000,1.90932,1.90963,1.90878,1.90919,1188720000,8
1528360800000,1528361279000,1.90922,1.90996,1.90898,1.90988,1208000000,8
1528361280000,1528361759000,1.90988,1.91006,1.9091,1.90975,1004720000,8
1528361760000,1528362239000,1.90975,1.91069,1.90961,1.91008,881890000,8
1528362240000,1528362719000,1.91008,1.9104,1.90945,1.90968,948250000,8
1528362720000,1528363199000,1.90967,1.91071,1.90936,1.91055,825350000,8
1528363200000,1528363679000,1.91058,1.91061,1.90887,1.9097,805700000,8
1528363680000,1528364159000,1.9097,1.91088,1.90942,1.90947,1482960000,8
1528364160000,1528364639000,1.90941,1.90956,1.90872,1.90897,890740000,8
1528364640000,1528365119000,1.90896,1.90938,1.90855,1.9091,893130000,8
1528365120000,1528365599000,1.9091,1.90921,1.90796,1.90816,957650000,8
1528365600000,1528366079000,1.90816,1.90919,1.90794,1.9081,1202620000,8
1528366080000,1528366559000,1.9081,1.90862,1.90748,1.90768,847370000,8
1528366560000,1528367039000,1.90769,1.90796,1.90686,1.90746,969330000,8
1528367040000,1528367519000,1.90742,1.90792,1.90544,1.90766,1228830000,8
1528367520000,1528367999000,1.90766,1.90885,1.90711,1.90844,853710000,8
1528368000000,1528368479000,1.90844,1.90962,1.90815,1.90903,1026060000,8
1528368480000,1528368959000,1.90903,1.90904,1.90835,1.90884,836760000,8
1528368960000,1528369439000,1.90885,1.90998,1.9084,1.90883,1346410000,8
1528369440000,1528369919000,1.90884,1.9091,1.90705,1.90769,1502730000,8
1528369920000,1528370399000,1.90772,1.90779,1.90575,1.90653,1877690000,8
1528370400000,1528370879000,1.90655,1.90722,1.9054,1.90561,1535580000,8
1528370880000,1528371359000,1.90558,1.90575,1.90435,1.90497,1711300000,8
1528371360000,1528371839000,1.90497,1.9053,1.90003,1.90251,2004080000,8
1528371840000,1528372319000,1.90252,1.90256,1.89908,1.90004,1614370000,8
1528372320000,1528372799000,1.90004,1.90159,1.89935,1.90153,1619150000,8
1528372800000,1528373279000,1.90148,1.90237,1.89995,1.90202,1692110000,8
1528373280000,1528373759000,1.90202,1.90531,1.90178,1.90494,1710730000,8
1528373760000,1528374239000,1.90494,1.90519,1.90402,1.90455,1668580000,8
1528374240000,1528374719000,1.90455,1.90638,1.90353,1.90394,1280600000,8
1528374720000,1528375199000,1.90393,1.9051,1.90326,1.9047,1105000000,8
1528375200000,1528375679000,1.90468,1.90505,1.90338,1.90363,1143240000,8
1528375680000,1528376159000,1.9036,1.90389,1.90208,1.90242,1327890000,8
1528376160000,1528376639000,1.90242,1.90299,1.9017,1.90199,1323360000,8
1528376640000,1528377119000,1.90194,1.90199,1.90068,1.90108,1688220000,8
1528377120000,1528377599000,1.90107,1.90177,1.89994,1.90024,1281160000,8
1528377600000,1528378079000,1.90024,1.90079,1.89965,1.90061,1295520000,8
1528378080000,1528378559000,1.90061,1.90063,1.9,1.90009,1261220000,8
1528378560000,1528379039000,1.90011,1.90087,1.89991,1.90068,1078680000,8
1528379040000,1528379519000,1.90068,1.90112,1.89985,1.90005,1835590000,8
1528379520000,1528379999000,1.90006,1.90088,1.89901,1.90055,2115380000,8
1528380000000,1528380479000,1.90061,1.90087,1.9,1.90064,1497180000,8
1528380480000,1528380959000,1.90066,1.90147,1.90026,1.90144,1658070000,8
1528380960000,1528381439000,1.90144,1.902,1.9011,1.90112,1521820000,8
1528381440000,1528381919000,1.90109,1.90189,1.90074,1.90145,1444030000,8
1528381920000,1528382399000,1.90145,1.90189,1.89911,1.90073,1577590000,8
1528382400000,1528382879000,1.90072,1.90292,1.90013,1.90187,1589400000,8
1528382880000,1528383359000,1.90186,1.90244,1.90098,1.9024,1743750000,8
1528383360000,1528383839000,1.90239,1.90629,1.90239,1.90529,2407320000,8
1528383840000,1528384319000,1.90527,1.90832,1.90527,1.90712,1686090000,8
1528384320000,1528384799000,1.90709,1.90727,1.90563,1.90623,1658900000,8
1528384800000,1528385279000,1.90625,1.90702,1.90619,1.90678,1153130000,8
1528385280000,1528385759000,1.90678,1.91059,1.90677,1.91053,1404560000,8
1528385760000,1528386239000,1.91052,1.91207,1.9103,1.91136,1626750000,8
1528386240000,1528386719000,1.91135,1.9115,1.90989,1.911,1398340000,8
1528386720000,1528387199000,1.91101,1.91115,1.909,1.9091,1378410000,8
1528387200000,1528387679000,1.90906,1.91119,1.90903,1.91084,965930000,8
1528387680000,1528388159000,1.91083,1.91245,1.91078,1.91166,1169880000,8
1528388160000,1528388639000,1.91167,1.91172,1.91068,1.91106,1194010000,8
1528388640000,1528389119000,1.91102,1.91132,1.90979,1.91127,1149160000,8
1528389120000,1528389599000,1.91127,1.91127,1.90984,1.90985,1045960000,8
1528389600000,1528390079000,1.90985,1.9104,1.90903,1.90932,1119520000,8
1528390080000,1528390559000,1.90932,1.9094,1.90822,1.9084,1117300000,8
1528390560000,1528391039000,1.90839,1.90927,1.90824,1.90873,981680000,8
1528391040000,1528391519000,1.90874,1.90948,1.9083,1.90833,897890000,8
1528391520000,1528391999000,1.90832,1.90891,1.90809,1.90857,940180000,8
1528392000000,1528392479000,1.90859,1.90859,1.90733,1.90733,875090000,8
1528392480000,1528392959000,1.90733,1.90997,1.90733,1.90986,1580960000,8
1528392960000,1528393439000,1.90985,1.91088,1.90848,1.90866,2005730000,8
1528393440000,1528393919000,1.90862,1.90938,1.90805,1.9087,1596850000,8
1528393920000,1528394399000,1.9087,1.90982,1.9087,1.90941,1272180000,8
1528394400000,1528394879000,1.90943,1.90988,1.90852,1.90884,1282090000,8
1528394880000,1528395359000,1.90886,1.90913,1.90842,1.90886,896680000,8
1528395360000,1528395839000,1.90887,1.90912,1.90856,1.90891,1544400000,8
1528395840000,1528396319000,1.9089,1.90912,1.90848,1.90909,1375080000,8
1528396320000,1528396799000,1.90906,1.90934,1.90855,1.90895,897300000,8
1528396800000,1528397279000,1.90894,1.90922,1.90865,1.90922,709360000,8
1528397280000,1528397759000,1.90921,1.90986,1.909,1.90921,882470000,8
1528397760000,1528398239000,1.90921,1.90975,1.90724,1.90896,737750000,8
1528398240000,1528398719000,1.90895,1.90973,1.90893,1.90968,775050000,8
1528398720000,1528399199000,1.90966,1.90968,1.90904,1.90925,623430000,8
1528399200000,1528399679000,1.90927,1.90952,1.90909,1.90922,568720000,8
1528399680000,1528400159000,1.90923,1.90971,1.90907,1.90955,638390000,8
1528400160000,1528400639000,1.90962,1.90976,1.90929,1.90958,482000000,8
1528400640000,1528401119000,1.90958,1.90977,1.9094,1.9094,872690000,8
1528401120000,1528401599000,1.90941,1.90959,1.90912,1.90941,1062670000,8
1528401600000,1528402079000,1.90939,1.90948,1.90912,1.90913,632080000,8
1528402080000,1528402559000,1.90913,1.90935,1.90887,1.90934,648270000,8
1528402560000,1528403039000,1.90934,1.90958,1.9092,1.90923,639460000,8
1528403040000,1528403519000,1.90924,1.90926,1.90835,1.90905,1016150000,8
1528403520000,1528403999000,1.90905,1.91064,1.90902,1.91053,529000000,8
1528404000000,1528404479000,1.91055,1.91072,1.90974,1.90978,352270000,8
1528404480000,1528404959000,1.90973,1.91002,1.90923,1.90925,218000000,8
1528404960000,1528405439000,1.90925,1.90967,1.90879,1.90929,352500000,8
1528405440000,1528405919000,1.90781,1.90981,1.9068,1.90789,222300000,8
1528405920000,1528406399000,1.90797,1.90849,1.9079,1.90791,393520000,8
1528406400000,1528406879000,1.90791,1.90969,1.90791,1.90968,456620000,8
1528406880000,1528407359000,1.90968,1.90969,1.90792,1.90848,682240000,8
1528407360000,1528407839000,1.90852,1.90865,1.90805,1.90828,207000000,8
1528407840000,1528408319000,1.90829,1.90881,1.90812,1.90843,399460000,8
1528408320000,1528408799000,1.90843,1.90871,1.908,1.90849,351700000,8
1528408800000,1528409279000,1.90884,1.91007,1.90874,1.9095,303230000,8
1528409280000,1528409759000,1.90952,1.90984,1.9094,1.90983,140000000,8
1528409760000,1528410239000,1.90983,1.9101,1.90971,1.90987,198700000,8
1528410240000,1528410719000,1.90987,1.91014,1.9095,1.90985,212690000,8
1528410720000,1528411199000,1.90985,1.91011,1.90975,1.9101,111500000,8
1528411200000,1528411679000,1.9101,1.9103,1.91006,1.9103,61000000,8
1528411680000,1528412159000,1.91031,1.91045,1.91023,1.91024,66500000,8
1528412160000,1528412639000,1.91024,1.91074,1.90998,1.91031,222000000,8
1528412640000,1528413119000,1.91035,1.91041,1.90981,1.9102,200120000,8
1528413120000,1528413599000,1.9102,1.91051,1.91019,1.91028,190190000,8
1528413600000,1528414079000,1.91031,1.91055,1.91023,1.91055,160500000,8
1528414080000,1528414559000,1.91055,1.91148,1.91047,1.91102,246500000,8
1528414560000,1528415039000,1.91097,1.91145,1.91084,1.91117,271660000,8
1528415040000,1528415519000,1.91125,1.91177,1.91081,1.91116,444440000,8
1528415520000,1528415999000,1.91116,1.91171,1.91112,1.91124,342190000,8
1528416000000,1528416479000,1.91126,1.91223,1.91119,1.91173,549240000,8
1528416480000,1528416959000,1.91173,1.9119,1.9109,1.91144,407960000,8
1528416960000,1528417439000,1.91145,1.91167,1.91137,1.91142,222840000,8
1528417440000,1528417919000,1.91139,1.9118,1.91079,1.91079,254430000,8
1528417920000,1528418399000,1.9108,1.91081,1.90998,1.90998,471030000,8
1528418400000,1528418879000,1.90998,1.91045,1.90978,1.91044,325120000,8
1528418880000,1528419359000,1.91044,1.91066,1.91015,1.91042,365240000,8
1528419360000,1528419839000,1.91042,1.91044,1.90955,1.90992,408320000,8
1528419840000,1528420319000,1.91008,1.91008,1.90941,1.90949,339540000,8
1528420320000,1528420799000,1.90951,1.91059,1.90944,1.91047,426190000,8
1528420800000,1528421279000,1.91046,1.91046,1.90966,1.90971,319880000,8
1528421280000,1528421759000,1.9097,1.91001,1.90931,1.90975,353570000,8
1528421760000,1528422239000,1.90975,1.91004,1.90933,1.90936,347750000,8
1528422240000,1528422719000,1.90934,1.91008,1.90934,1.90988,356000000,8
1528422720000,1528423199000,1.90991,1.91061,1.90949,1.91039,433530000,8
1528423200000,1528423679000,1.91039,1.91087,1.91,1.91005,375360000,8
1528423680000,1528424159000,1.91005,1.91033,1.90993,1.91017,406000000,8
1528424160000,1528424639000,1.91015,1.91056,1.91005,1.91055,429520000,8
1528424640000,1528425119000,1.91056,1.91075,1.91016,1.91021,346500000,8
1528425120000,1528425599000,1.9102,1.91029,1.90987,1.90989,359000000,8
1528425600000,1528426079000,1.90989,1.91038,1.90978,1.90978,330210000,8
1528426080000,1528426559000,1.90977,1.90985,1.90943,1.90955,306000000,8
1528426560000,1528427039000,1.90957,1.91051,1.90937,1.9101,499370000,8
1528427040000,1528427519000,1.91019,1.91098,1.91008,1.9109,390000000,8
1528427520000,1528427999000,1.91089,1.91137,1.91049,1.91077,555500000,8
1528428000000,1528428479000,1.91076,1.91076,1.90997,1.91017,374000000,8
1528428480000,1528428959000,1.91017,1.91109,1.91016,1.91062,523680000,8
1528428960000,1528429439000,1.91062,1.91082,1.90971,1.91008,643370000,8
1528429440000,1528429919000,1.91008,1.91063,1.90993,1.91051,432440000,8
1528429920000,1528430399000,1.91051,1.91123,1.91047,1.91057,364000000,8
1528430400000,1528430879000,1.9106,1.91183,1.91058,1.91062,341720000,8
1528430880000,1528431359000,1.91062,1.91125,1.91048,1.91098,300190000,8
1528431360000,1528431839000,1.91098,1.91152,1.9107,1.91075,396550000,8
1528431840000,1528432319000,1.91077,1.91092,1.91001,1.9105,564140000,8
1528432320000,1528432799000,1.91051,1.91098,1.91008,1.9107,375620000,8
1528432800000,1528433279000,1.9107,1.91078,1.91015,1.91045,374500000,8
1528433280000,1528433759000,1.91044,1.91059,1.91024,1.91038,375000000,8
1528433760000,1528434239000,1.91036,1.91175,1.9103,1.91138,598000000,8
1528434240000,1528434719000,1.91139,1.91152,1.91021,1.91023,465600000,8
1528434720000,1528435199000,1.91023,1.91036,1.90964,1.90984,242000000,8
1528435200000,1528435679000,1.90986,1.90997,1.90947,1.90975,406490000,8
1528435680000,1528436159000,1.90977,1.91053,1.90968,1.91001,383180000,8
1528436160000,1528436639000,1.91001,1.91006,1.90938,1.90949,327410000,8
1528436640000,1528437119000,1.90945,1.90975,1.90911,1.9092,529370000,8
1528437120000,1528437599000,1.90921,1.90972,1.909,1.90956,432410000,8
1528437600000,1528438079000,1.90969,1.91052,1.90932,1.91005,1054640000,8
1528438080000,1528438559000,1.91005,1.91011,1.90833,1.90899,1202360000,8
1528438560000,1528439039000,1.90897,1.91159,1.90873,1.91147,1541560000,8
1528439040000,1528439519000,1.91144,1.91404,1.90969,1.91337,1887990000,8
1528439520000,1528439999000,1.91334,1.91397,1.91192,1.91215,1638230000,8
1528440000000,1528440479000,1.91213,1.9127,1.91077,1.91099,1669320000,8
1528440480000,1528440959000,1.911,1.9117,1.9107,1.91135,1487900000,8
1528440960000,1528441439000,1.91136,1.91362,1.91076,1.91113,1828210000,8
1528441440000,1528441919000,1.91112,1.913,1.91088,1.91166,1461660000,8
1528441920000,1528442399000,1.91167,1.91349,1.91151,1.91229,1455730000,8
1528442400000,1528442879000,1.91231,1.91273,1.91163,1.91247,1257520000,8
1528442880000,1528443359000,1.91245,1.91312,1.91143,1.91202,1480940000,8
1528443360000,1528443839000,1.91204,1.91264,1.91075,1.91098,1054530000,8
1528443840000,1528444319000,1.91097,1.91219,1.91095,1.91129,1210230000,8
1528444320000,1528444799000,1.9113,1.91262,1.91096,1.9125,1445750000,8
1528444800000,1528445279000,1.9125,1.91415,1.91231,1.91271,1498510000,8
1528445280000,1528445759000,1.9127,1.9127,1.91107,1.912,1488780000,8
1528445760000,1528446239000,1.912,1.91237,1.91032,1.91173,1844070000,8
1528446240000,1528446719000,1.91172,1.91287,1.91039,1.91237,1338560000,8
1528446720000,1528447199000,1.91242,1.91346,1.91233,1.913,1017180000,8
1528447200000,1528447679000,1.91303,1.91419,1.91157,1.91157,1141510000,8
1528447680000,1528448159000,1.91157,1.91239,1.91114,1.91209,1209200000,8
1528448160000,1528448639000,1.91213,1.91272,1.9115,1.91232,991380000,8
1528448640000,1528449119000,1.91233,1.91244,1.90991,1.91032,1421610000,8
1528449120000,1528449599000,1.91032,1.91086,1.90938,1.91051,952380000,8
1528449600000,1528450079000,1.91052,1.91082,1.9092,1.90978,825700000,8
1528450080000,1528450559000,1.90979,1.91175,1.90963,1.91109,1005430000,8
1528450560000,1528451039000,1.91108,1.91155,1.9105,1.91129,901580000,8
1528451040000,1528451519000,1.91129,1.91259,1.91085,1.91095,1171120000,8
1528451520000,1528451999000,1.91095,1.91149,1.91,1.91117,850320000,8
1528452000000,1528452479000,1.91118,1.9114,1.91017,1.91131,1391770000,8
1528452480000,1528452959000,1.91133,1.91281,1.911,1.91252,1190200000,8
1528452960000,1528453439000,1.9125,1.91255,1.91059,1.9109,1272150000,8
1528453440000,1528453919000,1.91089,1.91095,1.90964,1.90973,937350000,8
1528453920000,1528454399000,1.90972,1.91007,1.90889,1.90918,907570000,8
1528454400000,1528454879000,1.90917,1.91017,1.90909,1.90934,957740000,8
1528454880000,1528455359000,1.90934,1.91012,1.90856,1.90881,937430000,8
1528455360000,1528455839000,1.90891,1.90991,1.90806,1.90828,1357580000,8
1528455840000,1528456319000,1.90828,1.90948,1.90777,1.9091,1585710000,8
1528456320000,1528456799000,1.90909,1.90938,1.90823,1.90824,1047700000,8
1528456800000,1528457279000,1.90827,1.90846,1.90756,1.90788,1244610000,8
1528457280000,1528457759000,1.90788,1.90887,1.90757,1.90812,1137020000,8
1528457760000,1528458239000,1.90812,1.90845,1.90773,1.90823,1136870000,8
1528458240000,1528458719000,1.90827,1.90858,1.9071,1.90746,1244430000,8
1528458720000,1528459199000,1.90738,1.90761,1.90672,1.90711,1025140000,8
1528459200000,1528459679000,1.9071,1.9076,1.90626,1.90678,1494980000,8
1528459680000,1528460159000,1.90678,1.90751,1.90675,1.90715,905680000,8
1528460160000,1528460639000,1.90713,1.90768,1.90675,1.90702,1274420000,8
1528460640000,1528461119000,1.90702,1.90821,1.90677,1.9074,1528110000,8
1528461120000,1528461599000,1.90731,1.90766,1.90252,1.90268,1745880000,8
1528461600000,1528462079000,1.90272,1.90442,1.90228,1.90395,1873690000,8
1528462080000,1528462559000,1.90392,1.90462,1.90251,1.90281,1509440000,8
1528462560000,1528463039000,1.90281,1.90378,1.90223,1.90372,1636360000,8
1528463040000,1528463519000,1.90373,1.90488,1.90332,1.90464,1699690000,8
1528463520000,1528463999000,1.90456,1.90541,1.90422,1.90509,1375860000,8
1528464000000,1528464479000,1.90509,1.90598,1.90483,1.90576,1480420000,8
1528464480000,1528464959000,1.90552,1.90619,1.90508,1.90545,1373210000,8
1528464960000,1528465439000,1.90546,1.90548,1.9036,1.90382,1413330000,8
1528465440000,1528465919000,1.90382,1.90526,1.90372,1.90506,1390100000,8
1528465920000,1528466399000,1.90509,1.90568,1.9046,1.90497,1418000000,8
1528466400000,1528466879000,1.90493,1.90626,1.90404,1.90596,1440500000,8
1528466880000,1528467359000,1.90596,1.9071,1.90596,1.90657,1434010000,8
1528467360000,1528467839000,1.90657,1.90748,1.90643,1.90724,1562380000,8
1528467840000,1528468319000,1.90723,1.90735,1.90645,1.90654,1440140000,8
1528468320000,1528468799000,1.90656,1.90696,1.90611,1.90628,1801540000,8
1528468800000,1528469279000,1.90624,1.90628,1.90521,1.90556,1711230000,8
1528469280000,1528469759000,1.90556,1.90566,1.90425,1.90491,1372390000,8
1528469760000,1528470239000,1.90492,1.90729,1.90469,1.90652,2012590000,8
1528470240000,1528470719000,1.90657,1.90832,1.9062,1.90785,1506270000,8
1528470720000,1528471199000,1.90782,1.90818,1.90683,1.90705,1422560000,8
1528471200000,1528471679000,1.90704,1.90727,1.90663,1.90682,1153620000,8
1528471680000,1528472159000,1.90682,1.90687,1.90524,1.90564,1107430000,8
1528472160000,1528472639000,1.90567,1.90679,1.90564,1.90678,909360000,8
1528472640000,1528473119000,1.90678,1.90701,1.9064,1.90656,884510000,8
1528473120000,1528473599000,1.90654,1.90667,1.90535,1.90535,1145170000,8
1528473600000,1528474079000,1.90535,1.90566,1.9045,1.90464,983140000,8
1528474080000,1528474559000,1.90464,1.90482,1.90388,1.9041,625630000,8
1528474560000,1528475039000,1.90408,1.90408,1.90345,1.90382,501300000,8
1528475040000,1528475519000,1.90384,1.90437,1.90363,1.9042,740580000,8
1528475520000,1528475999000,1.9042,1.90448,1.90388,1.90429,599690000,8
1528476000000,1528476479000,1.90427,1.9055,1.90399,1.90523,653680000,8
1528476480000,1528476959000,1.90524,1.90581,1.90481,1.90567,435460000,8
1528476960000,1528477439000,1.90561,1.90613,1.90555,1.9061,568470000,8
1528477440000,1528477919000,1.9061,1.90611,1.90526,1.90551,284480000,8
1528477920000,1528478399000,1.90549,1.90549,1.9046,1.90469,358830000,8
1528478400000,1528478879000,1.9047,1.90517,1.90455,1.90505,362560000,8
1528478880000,1528479359000,1.90505,1.90521,1.90476,1.90513,542190000,8
1528479360000,1528479839000,1.90516,1.90528,1.90493,1.90505,435470000,8
1528479840000,1528480319000,1.905,1.905,1.90391,1.90451,593650000,8
1528480320000,1528480799000,1.90451,1.90527,1.90441,1.90518,800460000,8
1528480800000,1528481279000,1.9052,1.90551,1.90481,1.90516,562000000,8
1528481280000,1528481759000,1.90516,1.90547,1.90505,1.90528,441410000,8
1528481760000,1528482239000,1.90526,1.90562,1.90514,1.90551,504000000,8
1528482240000,1528482719000,1.90549,1.90586,1.9054,1.90564,545070000,8
1528482720000,1528483199000,1.90564,1.90592,1.90551,1.90574,454710000,8
1528483200000,1528483679000,1.90573,1.90586,1.90549,1.90563,380960000,8
1528483680000,1528484159000,1.90562,1.90597,1.90531,1.90541,464240000,8
1528484160000,1528484639000,1.90541,1.9059,1.90514,1.90517,653720000,8
1528484640000,1528485119000,1.90516,1.90564,1.90509,1.90513,399440000,8
1528485120000,1528485599000,1.90514,1.90539,1.90488,1.90537,430000000,8
1528485600000,1528486079000,1.90536,1.90553,1.90512,1.90541,391420000,8
1528486080000,1528486559000,1.90541,1.90554,1.90492,1.90519,469430000,8
1528486560000,1528487039000,1.90519,1.90533,1.90465,1.90479,364010000,8
1528487040000,1528487519000,1.90481,1.90549,1.90433,1.90542,571170000,8
1528487520000,1528487999000,1.90542,1.90637,1.9052,1.90634,687470000,8
1528488000000,1528488479000,1.90631,1.90659,1.90601,1.90624,512300000,8
1528488480000,1528488959000,1.90624,1.90664,1.9061,1.90635,335240000,8
1528488960000,1528489439000,1.90635,1.90671,1.90623,1.90665,274640000,8
1528489440000,1528489919000,1.90664,1.90665,1.90635,1.90652,322000000,8
1528489920000,1528490399000,1.90652,1.90666,1.90592,1.90625,236540000,8
1528490400000,1528490879000,1.90624,1.90627,1.90607,1.90622,206540000,8
1528490880000,1528491359000,1.90622,1.90719,1.90591,1.90686,322460000,8
1528491360000,1528491839000,1.90681,1.90746,1.90662,1.90731,125500000,8
1528491840000,1528492319000,1.90731,1.90731,1.90731,1.90731,0,8
1528492320000,1528492799000,1.90731,1.90731,1.90731,1.90731,0,8
1528492800000,1528493279000,1.90731,1.90731,1.90731,1.90731,0,8
1528493280000,1528493759000,1.90731,1.90731,1.90731,1.90731,0,8
1528493760000,1528494239000,1.90731,1.90731,1.90731,1.90731,0,8
1528494240000,1528494719000,1.90731,1.90731,1.90731,1.90731,0,8
1528494720000,1528495199000,1.90731,1.90731,1.90731,1.90731,0,8
1528495200000,1528495679000,1.90731,1.90731,1.90731,1.90731,0,8
1528495680000,1528496159000,1.90731,1.90731,1.90731,1.90731,0,8
1528496160000,1528496639000,1.90731,1.90731,1.90731,1.90731,0,8
1528496640000,1528497119000,1.90731,1.90731,1.90731,1.90731,0,8
1528497120000,1528497599000,1.90731,1.90731,1.90731,1.90731,0,8
1528497600000,1528498079000,1.90731,1.90731,1.90731,1.90731,0,8
1528498080000,1528498559000,1.90731,1.90731,1.90731,1.90731,0,8
1528498560000,1528499039000,1.90731,1.90731,1.90731,1.90731,0,8
1528499040000,1528499519000,1.90731,1.90731,1.90731,1.90731,0,8
1528499520000,1528499999000,1.90731,1.90731,1.90731,1.90731,0,8
1528500000000,1528500479000,1.90731,1.90731,1.90731,1.90731,0,8
1528500480000,1528500959000,1.90731,1.90731,1.90731,1.90731,0,8
1528500960000,1528501439000,1.90731,1.90731,1.90731,1.90731,0,8
1528501440000,1528501919000,1.90731,1.90731,1.90731,1.90731,0,8
1528501920000,1528502399000,1.90731,1.90731,1.90731,1.90731,0,8
1528665120000,1528665599000,1.90729,1.90729,1.90584,1.90646,65250000,8
1528665600000,1528666079000,1.90645,1.9066,1.90645,1.90659,33000000,8
1528666080000,1528666559000,1.9062,1.9066,1.90498,1.90504,60250000,8
1528666560000,1528667039000,1.90506,1.90562,1.90465,1.90561,68000000,8
1528667040000,1528667519000,1.90562,1.90756,1.90558,1.90737,200100000,8
1528668000000,1528668479000,1.90808,1.90824,1.90745,1.90811,347100000,8
1528668480000,1528668959000,1.90811,1.9089,1.90798,1.90863,421590000,8
1528668960000,1528669439000,1.90863,1.90952,1.90837,1.90916,233100000,8
1528669440000,1528669919000,1.90915,1.90925,1.90878,1.90881,86000000,8
1528669920000,1528670399000,1.90882,1.90889,1.90809,1.90825,205310000,8
1528670400000,1528670879000,1.90825,1.90825,1.90766,1.90814,253990000,8
1528670880000,1528671359000,1.90812,1.90846,1.908,1.90821,104320000,8
1528671360000,1528671839000,1.90825,1.90835,1.9079,1.90819,186620000,8
1528671840000,1528672319000,1.9082,1.90867,1.90805,1.90862,216250000,8
1528672320000,1528672799000,1.90862,1.9087,1.90834,1.90835,163540000,8
1528672800000,1528673279000,1.90838,1.90906,1.90817,1.90855,289250000,8
1528673280000,1528673759000,1.90855,1.90862,1.9081,1.9083,159660000,8
1528673760000,1528674239000,1.90831,1.90834,1.90779,1.90779,243680000,8
1528674240000,1528674719000,1.9078,1.9078,1.90751,1.90764,239910000,8
1528674720000,1528675199000,1.90764,1.90771,1.90684,1.90711,211310000,8
1528675200000,1528675679000,1.90711,1.90717,1.90647,1.90648,345320000,8
1528675680000,1528676159000,1.90646,1.90653,1.90548,1.90553,330750000,8
1528676160000,1528676639000,1.90555,1.90632,1.90553,1.90626,198180000,8
1528676640000,1528677119000,1.90627,1.9069,1.90615,1.90643,379730000,8
1528677120000,1528677599000,1.90644,1.90663,1.90557,1.90581,304260000,8
1528677600000,1528678079000,1.90583,1.90597,1.90541,1.90571,598460000,8
1528678080000,1528678559000,1.90571,1.90629,1.90522,1.90575,804050000,8
1528678560000,1528679039000,1.9058,1.90597,1.90496,1.90539,663860000,8
1528679040000,1528679519000,1.90539,1.90577,1.90504,1.90537,601580000,8
1528679520000,1528679999000,1.90537,1.9064,1.90501,1.90614,428720000,8
1528680000000,1528680479000,1.90616,1.9062,1.90545,1.90561,343000000,8
1528680480000,1528680959000,1.90562,1.90594,1.90519,1.90536,329480000,8
1528680960000,1528681439000,1.90536,1.90584,1.9051,1.90522,362060000,8
1528681440000,1528681919000,1.90523,1.90592,1.90459,1.90461,490790000,8
1528681920000,1528682399000,1.90462,1.90598,1.90448,1.90596,581620000,8
1528682400000,1528682879000,1.90595,1.90618,1.90545,1.90556,452200000,8
1528682880000,1528683359000,1.90556,1.90556,1.90475,1.90516,342940000,8
1528683360000,1528683839000,1.90516,1.90522,1.90494,1.90497,254070000,8
1528683840000,1528684319000,1.90497,1.905,1.90441,1.9047,364740000,8
1528684320000,1528684799000,1.90471,1.9052,1.90464,1.90487,580360000,8
1528684800000,1528685279000,1.90487,1.90511,1.9046,1.90462,543830000,8
1528685280000,1528685759000,1.90465,1.90486,1.90428,1.90429,697760000,8
1528685760000,1528686239000,1.90427,1.9051,1.90409,1.90504,557560000,8
1528686240000,1528686719000,1.90504,1.90557,1.90488,1.90527,282860000,8
1528686720000,1528687199000,1.90527,1.90541,1.90502,1.90527,325690000,8
1528687200000,1528687679000,1.90526,1.90539,1.90507,1.90527,283070000,8
1528687680000,1528688159000,1.90527,1.90544,1.90494,1.905,263440000,8
1528688160000,1528688639000,1.905,1.90513,1.90446,1.905,186220000,8
1528688640000,1528689119000,1.905,1.90501,1.90463,1.90477,154080000,8
1528689120000,1528689599000,1.90478,1.90498,1.90467,1.90475,149300000,8
1528689600000,1528690079000,1.90478,1.9054,1.90473,1.90527,260190000,8
1528690080000,1528690559000,1.90524,1.90541,1.9047,1.90509,235570000,8
1528690560000,1528691039000,1.90509,1.90509,1.90482,1.90491,139500000,8
1528691040000,1528691519000,1.90491,1.90513,1.90457,1.90474,281990000,8
1528691520000,1528691999000,1.90477,1.90501,1.90443,1.90446,307770000,8
1528692000000,1528692479000,1.90445,1.90511,1.90445,1.90454,243350000,8
1528692480000,1528692959000,1.90455,1.90491,1.90427,1.90441,240740000,8
1528692960000,1528693439000,1.90441,1.90552,1.90435,1.90497,329580000,8
1528693440000,1528693919000,1.90495,1.9054,1.90486,1.90512,322750000,8
1528693920000,1528694399000,1.90512,1.90519,1.9045,1.90451,224000000,8
1528694400000,1528694879000,1.90451,1.90477,1.9043,1.90473,279000000,8
1528694880000,1528695359000,1.90474,1.90516,1.90457,1.90484,192620000,8
1528695360000,1528695839000,1.90483,1.90504,1.9047,1.90483,191130000,8
1528695840000,1528696319000,1.90483,1.90506,1.90406,1.90432,312520000,8
1528696320000,1528696799000,1.90432,1.90444,1.90389,1.90398,327240000,8
1528696800000,1528697279000,1.904,1.90588,1.90381,1.90583,822490000,8
1528697280000,1528697759000,1.90582,1.90616,1.90542,1.90597,1072730000,8
1528697760000,1528698239000,1.90597,1.90678,1.90573,1.9067,1216110000,8
1528698240000,1528698719000,1.90669,1.90773,1.90663,1.90773,894860000,8
1528698720000,1528699199000,1.90773,1.90842,1.90747,1.90809,840640000,8
1528699200000,1528699679000,1.90811,1.90855,1.90771,1.90779,887670000,8
1528699680000,1528700159000,1.90778,1.90779,1.90698,1.90744,942820000,8
1528700160000,1528700639000,1.90744,1.90867,1.90722,1.90852,1079250000,8
1528700640000,1528701119000,1.90852,1.90855,1.90689,1.90759,1161640000,8
1528701120000,1528701599000,1.90759,1.90836,1.90754,1.90811,1317620000,8
1528701600000,1528702079000,1.90811,1.90886,1.90772,1.90861,1099620000,8
1528702080000,1528702559000,1.90862,1.90882,1.90817,1.90836,770260000,8
1528702560000,1528703039000,1.90835,1.90914,1.90827,1.90855,860820000,8
1528703040000,1528703519000,1.90856,1.90862,1.90652,1.90705,906960000,8
1528703520000,1528703999000,1.90705,1.90705,1.9063,1.90662,1001970000,8
1528704000000,1528704479000,1.90662,1.90691,1.90621,1.90655,929630000,8
1528704480000,1528704959000,1.90655,1.90693,1.90623,1.9069,637990000,8
1528704960000,1528705439000,1.90688,1.90792,1.90669,1.90792,974010000,8
1528705440000,1528705919000,1.90793,1.908,1.90247,1.90321,1303400000,8
1528705920000,1528706399000,1.90321,1.90328,1.90027,1.90156,1769800000,8
1528706400000,1528706879000,1.90147,1.90172,1.9004,1.90072,1297260000,8
1528706880000,1528707359000,1.90079,1.90147,1.9001,1.90063,946330000,8
1528707360000,1528707839000,1.90077,1.90294,1.9007,1.90286,1330580000,8
1528707840000,1528708319000,1.90286,1.90353,1.90169,1.90221,1015060000,8
1528708320000,1528708799000,1.90221,1.90299,1.90206,1.90225,847170000,8
1528708800000,1528709279000,1.90225,1.90273,1.90192,1.90249,715010000,8
1528709280000,1528709759000,1.90248,1.9031,1.90223,1.90258,806880000,8
1528709760000,1528710239000,1.90256,1.90273,1.90219,1.90251,431200000,8
1528710240000,1528710719000,1.90249,1.90249,1.90162,1.90207,623680000,8
1528710720000,1528711199000,1.90207,1.90257,1.90189,1.90246,513460000,8
1528711200000,1528711679000,1.90244,1.90253,1.90166,1.90206,670590000,8
1528711680000,1528712159000,1.90205,1.90297,1.90195,1.90215,706620000,8
1528712160000,1528712639000,1.90212,1.90236,1.90036,1.90125,959570000,8
1528712640000,1528713119000,1.90125,1.90127,1.89895,1.89904,1205390000,8
1528713120000,1528713599000,1.89907,1.90009,1.89856,1.89959,882100000,8
1528713600000,1528714079000,1.89957,1.90005,1.89934,1.89984,616490000,8
1528714080000,1528714559000,1.89986,1.9001,1.89945,1.8999,655030000,8
1528714560000,1528715039000,1.89988,1.89999,1.89896,1.89958,1026510000,8
1528715040000,1528715519000,1.89958,1.90053,1.89898,1.89902,1160190000,8
1528715520000,1528715999000,1.89903,1.89986,1.89902,1.89931,895780000,8
1528716000000,1528716479000,1.89931,1.89966,1.89897,1.899,694790000,8
1528716480000,1528716959000,1.899,1.89933,1.89888,1.89901,806640000,8
1528716960000,1528717439000,1.89901,1.90024,1.89889,1.89996,736900000,8
1528717440000,1528717919000,1.89996,1.90035,1.89985,1.90018,947530000,8
1528717920000,1528718399000,1.90017,1.90093,1.8993,1.90093,924190000,8
1528718400000,1528718879000,1.90097,1.90177,1.90078,1.90169,1236440000,8
1528718880000,1528719359000,1.90169,1.90169,1.90063,1.90068,1043330000,8
1528719360000,1528719839000,1.9007,1.90095,1.90002,1.90009,1225510000,8
1528719840000,1528720319000,1.9001,1.90024,1.89915,1.89916,1075930000,8
1528720320000,1528720799000,1.89917,1.89942,1.898,1.89802,1245600000,8
1528720800000,1528721279000,1.89802,1.89838,1.89745,1.8976,829520000,8
1528721280000,1528721759000,1.8976,1.89824,1.89751,1.89806,910090000,8
1528721760000,1528722239000,1.89806,1.89833,1.89766,1.89817,861190000,8
1528722240000,1528722719000,1.89817,1.8988,1.89786,1.89873,737320000,8
1528722720000,1528723199000,1.89873,1.89899,1.89813,1.8983,677270000,8
1528723200000,1528723679000,1.8983,1.89957,1.89811,1.89931,1210690000,8
1528723680000,1528724159000,1.89931,1.89944,1.89878,1.8988,989760000,8
1528724160000,1528724639000,1.8988,1.89914,1.89757,1.89777,1392370000,8
1528724640000,1528725119000,1.89768,1.89909,1.89764,1.89894,956710000,8
1528725120000,1528725599000,1.89895,1.89979,1.89879,1.89944,1011560000,8
1528725600000,1528726079000,1.89947,1.90048,1.8993,1.89973,1149570000,8
1528726080000,1528726559000,1.89971,1.90028,1.89942,1.8996,1254130000,8
1528726560000,1528727039000,1.8996,1.90023,1.89933,1.89945,1511120000,8
1528727040000,1528727519000,1.89944,1.90147,1.89944,1.90136,1559870000,8
1528727520000,1528727999000,1.90135,1.90247,1.90066,1.90239,1354810000,8
1528728000000,1528728479000,1.90241,1.90331,1.90231,1.90323,1286370000,8
1528728480000,1528728959000,1.9032,1.90413,1.90317,1.90386,1555650000,8
1528728960000,1528729439000,1.90387,1.90441,1.90291,1.90292,1654320000,8
1528729440000,1528729919000,1.90288,1.90296,1.90211,1.90229,1396200000,8
1528729920000,1528730399000,1.90229,1.90293,1.90122,1.90148,1369770000,8
1528730400000,1528730879000,1.90145,1.90173,1.90093,1.90112,1282030000,8
1528730880000,1528731359000,1.90112,1.90116,1.90031,1.9009,1176560000,8
1528731360000,1528731839000,1.9009,1.90133,1.90045,1.90133,1085020000,8
1528731840000,1528732319000,1.90134,1.90166,1.90069,1.90161,884780000,8
1528732320000,1528732799000,1.90158,1.90182,1.90129,1.90156,968480000,8
1528732800000,1528733279000,1.90153,1.90194,1.90149,1.90169,759130000,8
1528733280000,1528733759000,1.90172,1.90203,1.90126,1.90187,999600000,8
1528733760000,1528734239000,1.90187,1.90243,1.90164,1.9019,782500000,8
1528734240000,1528734719000,1.90194,1.90244,1.90194,1.90241,608630000,8
1528734720000,1528735199000,1.90241,1.9032,1.90213,1.90318,654220000,8
1528735200000,1528735679000,1.90318,1.90364,1.9031,1.90351,536000000,8
1528735680000,1528736159000,1.90351,1.90359,1.90281,1.90319,652250000,8
1528736160000,1528736639000,1.90319,1.90354,1.90292,1.90314,774050000,8
1528736640000,1528737119000,1.90311,1.90343,1.90288,1.90317,758800000,8
1528737120000,1528737599000,1.90317,1.9038,1.90306,1.9038,660560000,8
1528737600000,1528738079000,1.90379,1.90382,1.90274,1.90274,536960000,8
1528738080000,1528738559000,1.90274,1.9037,1.90271,1.90346,485000000,8
1528738560000,1528739039000,1.90343,1.90372,1.90341,1.90364,542290000,8
1528739040000,1528739519000,1.90362,1.90383,1.90301,1.90301,619290000,8
1528739520000,1528739999000,1.90298,1.90346,1.9028,1.90346,677280000,8
1528740000000,1528740479000,1.90353,1.9046,1.90352,1.90449,612150000,8
1528740480000,1528740959000,1.90447,1.9048,1.90434,1.90469,619390000,8
1528740960000,1528741439000,1.90467,1.90594,1.90465,1.90558,1011110000,8
1528741440000,1528741919000,1.90556,1.90638,1.90503,1.90505,916670000,8
1528741920000,1528742399000,1.90503,1.90579,1.90503,1.90545,673650000,8
1528742400000,1528742879000,1.90541,1.90578,1.90524,1.90548,462100000,8
1528742880000,1528743359000,1.90548,1.90643,1.90539,1.90642,505950000,8
1528743360000,1528743839000,1.90642,1.90653,1.90576,1.90614,520280000,8
1528743840000,1528744319000,1.90614,1.90628,1.90591,1.90604,419330000,8
1528744320000,1528744799000,1.90604,1.90633,1.90586,1.90614,431330000,8
1528744800000,1528745279000,1.90614,1.90615,1.90531,1.9055,619010000,8
1528745280000,1528745759000,1.9055,1.9059,1.9055,1.90559,620230000,8
1528745760000,1528746239000,1.90559,1.90624,1.90559,1.90609,644970000,8
1528746240000,1528746719000,1.90609,1.90626,1.90534,1.90534,699190000,8
1528746720000,1528747199000,1.90536,1.90563,1.90501,1.90511,540490000,8
1528747200000,1528747679000,1.90513,1.90543,1.90509,1.90512,276080000,8
1528747680000,1528748159000,1.90512,1.90528,1.90494,1.90517,338500000,8
1528748160000,1528748639000,1.90517,1.90517,1.90471,1.90471,269130000,8
1528748640000,1528749119000,1.90471,1.90512,1.90408,1.90443,365240000,8
1528749120000,1528749599000,1.90445,1.90461,1.90411,1.90448,240760000,8
1528749600000,1528750079000,1.90448,1.90505,1.90448,1.90489,558560000,8
1528750080000,1528750559000,1.90509,1.90544,1.90455,1.90525,547560000,8
1528750560000,1528751039000,1.90523,1.90544,1.90446,1.9047,253970000,8
1528751040000,1528751519000,1.90474,1.90474,1.9022,1.90331,90850000,8
1528751520000,1528751999000,1.90336,1.90424,1.90201,1.90342,328120000,8
1528752000000,1528752479000,1.90342,1.90367,1.9025,1.90308,901600000,8
1528752480000,1528752959000,1.90309,1.90478,1.90302,1.90421,453200000,8
1528752960000,1528753439000,1.90422,1.90473,1.90401,1.90406,465500000,8
1528753440000,1528753919000,1.90405,1.90498,1.90403,1.90448,439350000,8
1528753920000,1528754399000,1.90448,1.90448,1.90368,1.90431,278860000,8
1528754400000,1528754879000,1.90431,1.90452,1.90391,1.90451,351970000,8
1528754880000,1528755359000,1.90451,1.90498,1.90435,1.9047,314780000,8
1528755360000,1528755839000,1.90471,1.90501,1.90459,1.90484,252990000,8
1528755840000,1528756319000,1.90484,1.90497,1.90446,1.90483,232880000,8
1528756320000,1528756799000,1.90484,1.90514,1.90481,1.90511,175200000,8
1528756800000,1528757279000,1.90508,1.90529,1.90487,1.90523,192490000,8
1528757280000,1528757759000,1.90522,1.9054,1.90519,1.90537,137250000,8
1528757760000,1528758239000,1.90538,1.90588,1.90538,1.90554,166490000,8
1528758240000,1528758719000,1.90556,1.90578,1.90519,1.90539,174550000,8
1528758720000,1528759199000,1.90539,1.90546,1.90484,1.90535,302970000,8
1528759200000,1528759679000,1.90534,1.906,1.90518,1.90581,318920000,8
1528759680000,1528760159000,1.90581,1.9059,1.90509,1.90509,293590000,8
1528760160000,1528760639000,1.9051,1.90511,1.90469,1.90498,289890000,8
1528760640000,1528761119000,1.905,1.90517,1.90496,1.9051,164490000,8
1528761120000,1528761599000,1.9051,1.90588,1.90509,1.9057,353010000,8
1528761600000,1528762079000,1.9057,1.90655,1.90475,1.90647,1128630000,8
1528762080000,1528762559000,1.90648,1.90691,1.90602,1.90636,672750000,8
1528762560000,1528763039000,1.90637,1.90696,1.90622,1.9065,543590000,8
1528763040000,1528763519000,1.90648,1.90687,1.90575,1.90582,788840000,8
1528763520000,1528763999000,1.90579,1.90615,1.90541,1.90559,575700000,8
1528764000000,1528764479000,1.9056,1.90652,1.9056,1.90599,605120000,8
1528764480000,1528764959000,1.906,1.90659,1.90538,1.90646,430000000,8
1528764960000,1528765439000,1.90647,1.90728,1.90604,1.90674,608120000,8
1528765440000,1528765919000,1.90675,1.90715,1.9057,1.90578,611910000,8
1528765920000,1528766399000,1.90577,1.90599,1.90532,1.90532,632270000,8
1528766400000,1528766879000,1.90526,1.90546,1.90469,1.90499,449330000,8
1528766880000,1528767359000,1.90496,1.9054,1.90386,1.90412,805610000,8
1528767360000,1528767839000,1.90403,1.90434,1.90369,1.9037,443520000,8
1528767840000,1528768319000,1.90372,1.90385,1.9026,1.9033,444480000,8
1528768320000,1528768799000,1.90328,1.90328,1.90216,1.9027,489700000,8
1528768800000,1528769279000,1.90276,1.90321,1.9022,1.90294,497620000,8
1528769280000,1528769759000,1.90293,1.90326,1.90273,1.90326,425500000,8
1528769760000,1528770239000,1.90323,1.90355,1.9023,1.90235,614300000,8
1528770240000,1528770719000,1.90234,1.90274,1.90225,1.9023,269120000,8
1528770720000,1528771199000,1.9023,1.90245,1.90136,1.90157,622230000,8
1528771200000,1528771679000,1.90153,1.90177,1.90095,1.90172,350210000,8
1528771680000,1528772159000,1.90172,1.9021,1.90162,1.90165,264060000,8
1528772160000,1528772639000,1.90163,1.90179,1.90097,1.90168,427090000,8
1528772640000,1528773119000,1.90167,1.90171,1.90057,1.90086,389820000,8
1528773120000,1528773599000,1.90086,1.90098,1.89988,1.90026,349510000,8
1528773600000,1528774079000,1.90025,1.90026,1.89977,1.90004,211220000,8
1528774080000,1528774559000,1.90004,1.90007,1.89971,1.89982,212090000,8
1528774560000,1528775039000,1.89992,1.9008,1.89985,1.90014,442770000,8
1528775040000,1528775519000,1.90016,1.90054,1.90006,1.90014,390620000,8
1528775520000,1528775999000,1.90015,1.90049,1.90005,1.90005,337070000,8
1528776000000,1528776479000,1.90006,1.90032,1.8984,1.89996,363440000,8
1528776480000,1528776959000,1.89994,1.90002,1.89955,1.89972,312240000,8
1528776960000,1528777439000,1.89972,1.89977,1.89912,1.89942,242090000,8
1528777440000,1528777919000,1.89942,1.89946,1.89853,1.89901,252030000,8
1528777920000,1528778399000,1.89901,1.89906,1.89717,1.89769,671910000,8
1528778400000,1528778879000,1.89767,1.89891,1.89732,1.8985,561230000,8
1528778880000,1528779359000,1.89851,1.89881,1.89767,1.8981,428640000,8
1528779360000,1528779839000,1.8981,1.89838,1.89719,1.89737,608570000,8
1528779840000,1528780319000,1.89737,1.8986,1.89732,1.8986,413750000,8
1528780320000,1528780799000,1.89856,1.89878,1.89802,1.8982,524470000,8
1528780800000,1528781279000,1.8982,1.89856,1.8971,1.89742,547540000,8
1528781280000,1528781759000,1.89742,1.89747,1.89686,1.8971,441750000,8
1528781760000,1528782239000,1.8971,1.89746,1.89696,1.89746,580750000,8
1528782240000,1528782719000,1.89745,1.89801,1.89722,1.8977,503190000,8
1528782720000,1528783199000,1.89772,1.89792,1.89749,1.89787,372500000,8
1528783200000,1528783679000,1.89794,1.89816,1.89726,1.89805,859050000,8
1528783680000,1528784159000,1.89806,1.89921,1.89755,1.8986,816780000,8
1528784160000,1528784639000,1.89861,1.89881,1.89724,1.89848,1000320000,8
1528784640000,1528785119000,1.89848,1.89855,1.89748,1.89819,747280000,8
1528785120000,1528785599000,1.89818,1.89893,1.89801,1.8984,651480000,8
1528785600000,1528786079000,1.89841,1.89936,1.89797,1.89897,679600000,8
1528786080000,1528786559000,1.89898,1.89938,1.89812,1.89928,798680000,8
1528786560000,1528787039000,1.89929,1.89992,1.89793,1.89966,1254520000,8
1528787040000,1528787519000,1.89962,1.89981,1.89851,1.89937,1157310000,8
1528787520000,1528787999000,1.89938,1.90004,1.89883,1.89999,1604480000,8
1528788000000,1528788479000,1.89998,1.9007,1.89985,1.90061,835550000,8
1528788480000,1528788959000,1.9006,1.90119,1.90006,1.90088,1310130000,8
1528788960000,1528789439000,1.90086,1.90223,1.90068,1.90193,1104430000,8
1528789440000,1528789919000,1.90193,1.90354,1.90176,1.90329,1054590000,8
1528789920000,1528790399000,1.90329,1.90412,1.90321,1.90352,981440000,8
1528790400000,1528790879000,1.90354,1.90552,1.90352,1.90511,1414260000,8
1528790880000,1528791359000,1.90509,1.90573,1.9047,1.90517,1099770000,8
1528791360000,1528791839000,1.90517,1.90684,1.90477,1.90638,1257510000,8
1528791840000,1528792319000,1.90635,1.90697,1.90181,1.90623,1863890000,8
1528792320000,1528792799000,1.90631,1.90632,1.90466,1.90491,1432650000,8
1528792800000,1528793279000,1.90491,1.90551,1.90381,1.90511,1330580000,8
1528793280000,1528793759000,1.90512,1.90575,1.90463,1.90536,1517280000,8
1528793760000,1528794239000,1.90535,1.90549,1.90409,1.90462,1318350000,8
1528794240000,1528794719000,1.9046,1.90595,1.90442,1.90453,1230580000,8
1528794720000,1528795199000,1.90453,1.90479,1.90376,1.90398,1158390000,8
1528795200000,1528795679000,1.90399,1.90455,1.90388,1.90389,904790000,8
1528795680000,1528796159000,1.90389,1.90552,1.9035,1.90516,849730000,8
1528796160000,1528796639000,1.90515,1.90613,1.90455,1.90591,973840000,8
1528796640000,1528797119000,1.90591,1.90595,1.90487,1.90513,702890000,8
1528797120000,1528797599000,1.90521,1.90535,1.9044,1.90445,926870000,8
1528797600000,1528798079000,1.90444,1.90498,1.90432,1.90489,1220010000,8
1528798080000,1528798559000,1.90493,1.90631,1.90486,1.90601,914410000,8
1528798560000,1528799039000,1.90602,1.9066,1.90516,1.90561,1038740000,8
1528799040000,1528799519000,1.90559,1.90591,1.90529,1.90577,779720000,8
1528799520000,1528799999000,1.90577,1.90579,1.90473,1.90481,866470000,8
1528800000000,1528800479000,1.90486,1.90526,1.90422,1.90507,697130000,8
1528800480000,1528800959000,1.90508,1.90552,1.90485,1.90494,626210000,8
1528800960000,1528801439000,1.90501,1.906,1.90499,1.90564,808940000,8
1528801440000,1528801919000,1.90566,1.90573,1.90527,1.90529,754540000,8
1528801920000,1528802399000,1.90526,1.90576,1.90459,1.90479,872290000,8
1528802400000,1528802879000,1.90479,1.90502,1.90428,1.90449,838340000,8
1528802880000,1528803359000,1.90449,1.90456,1.90361,1.90412,869250000,8
1528803360000,1528803839000,1.90413,1.90422,1.90348,1.90353,546800000,8
1528803840000,1528804319000,1.90352,1.90353,1.90285,1.90297,641810000,8
1528804320000,1528804799000,1.90296,1.90302,1.90219,1.90297,842930000,8
1528804800000,1528805279000,1.90297,1.90351,1.90249,1.90291,1012320000,8
1528805280000,1528805759000,1.90291,1.90316,1.90225,1.90255,1026810000,8
1528805760000,1528806239000,1.90256,1.90359,1.90234,1.9025,872110000,8
1528806240000,1528806719000,1.9025,1.90373,1.90163,1.90249,1305770000,8
1528806720000,1528807199000,1.90255,1.90311,1.90074,1.90079,1690980000,8
1528807200000,1528807679000,1.90079,1.90107,1.89999,1.90098,1308200000,8
1528807680000,1528808159000,1.901,1.90169,1.90066,1.90143,1260590000,8
1528808160000,1528808639000,1.90144,1.90214,1.90121,1.9017,1236210000,8
1528808640000,1528809119000,1.90168,1.90227,1.901,1.90168,1095100000,8
1528809120000,1528809599000,1.90168,1.90292,1.9014,1.90262,1197060000,8
1528809600000,1528810079000,1.90262,1.90262,1.89956,1.89957,1317400000,8
1528810080000,1528810559000,1.89958,1.89969,1.89856,1.89879,1190760000,8
1528810560000,1528811039000,1.89879,1.89967,1.89865,1.89956,1470360000,8
1528811040000,1528811519000,1.89955,1.90034,1.8989,1.90032,1268400000,8
1528811520000,1528811999000,1.9003,1.9007,1.89998,1.90027,891130000,8
1528812000000,1528812479000,1.90022,1.90142,1.9,1.90097,1151180000,8
1528812480000,1528812959000,1.90099,1.90242,1.90099,1.90217,1122950000,8
1528812960000,1528813439000,1.90217,1.9023,1.90067,1.90225,1280010000,8
1528813440000,1528813919000,1.90227,1.90291,1.90143,1.90143,1369070000,8
1528813920000,1528814399000,1.90143,1.90184,1.90017,1.90026,1134280000,8
1528814400000,1528814879000,1.90027,1.90031,1.89847,1.89924,1176000000,8
1528814880000,1528815359000,1.89928,1.89955,1.8983,1.89925,1374110000,8
1528815360000,1528815839000,1.8993,1.90035,1.89789,1.90032,1979260000,8
1528815840000,1528816319000,1.90033,1.90049,1.89958,1.89958,1059760000,8
1528816320000,1528816799000,1.89953,1.90352,1.89911,1.90244,1784970000,8
1528816800000,1528817279000,1.90245,1.90428,1.90193,1.90399,1474370000,8
1528817280000,1528817759000,1.90402,1.9071,1.90395,1.90646,1878820000,8
1528817760000,1528818239000,1.90647,1.90732,1.90567,1.90628,1528310000,8
1528818240000,1528818719000,1.90623,1.90734,1.90593,1.90656,987390000,8
1528818720000,1528819199000,1.90663,1.90846,1.90618,1.90816,1361000000,8
1528819200000,1528819679000,1.90816,1.90909,1.90807,1.90896,1440830000,8
1528819680000,1528820159000,1.90895,1.90944,1.90855,1.90916,1016920000,8
1528820160000,1528820639000,1.90916,1.90967,1.90858,1.90896,913580000,8
1528820640000,1528821119000,1.90899,1.90969,1.90871,1.90968,888520000,8
1528821120000,1528821599000,1.90968,1.90989,1.90836,1.90863,1241640000,8
1528821600000,1528822079000,1.90868,1.90922,1.90808,1.90878,912010000,8
1528822080000,1528822559000,1.9088,1.90897,1.90786,1.90823,962100000,8
1528822560000,1528823039000,1.90823,1.90839,1.90688,1.90777,1345310000,8
1528823040000,1528823519000,1.90777,1.90908,1.90777,1.90908,970650000,8
1528823520000,1528823999000,1.90906,1.91079,1.90898,1.91008,1992500000,8
1528824000000,1528824479000,1.91008,1.91043,1.90928,1.90959,1580090000,8
1528824480000,1528824959000,1.90958,1.90982,1.90866,1.90911,1087100000,8
1528824960000,1528825439000,1.90912,1.90989,1.90895,1.90956,1123670000,8
1528825440000,1528825919000,1.90955,1.9098,1.90795,1.90803,1093940000,8
1528825920000,1528826399000,1.90803,1.90851,1.90803,1.90834,800690000,8
1528826400000,1528826879000,1.90834,1.90974,1.90821,1.90944,1328080000,8
1528826880000,1528827359000,1.90942,1.91057,1.90941,1.91048,850650000,8
1528827360000,1528827839000,1.91049,1.91059,1.90951,1.90951,881410000,8
1528827840000,1528828319000,1.90951,1.90991,1.90898,1.90979,1111270000,8
1528828320000,1528828799000,1.90979,1.91005,1.90909,1.90943,817480000,8
1528828800000,1528829279000,1.90944,1.90987,1.90876,1.90977,848050000,8
1528829280000,1528829759000,1.90977,1.91003,1.90862,1.90874,767090000,8
1528829760000,1528830239000,1.90876,1.90976,1.90855,1.90896,841370000,8
1528830240000,1528830719000,1.90897,1.90942,1.90889,1.90912,618350000,8
1528830720000,1528831199000,1.90921,1.90931,1.9085,1.90857,473000000,8
1528831200000,1528831679000,1.90857,1.90892,1.90827,1.90892,581690000,8
1528831680000,1528832159000,1.90893,1.90911,1.90849,1.90901,612680000,8
1528832160000,1528832639000,1.90901,1.90901,1.90836,1.90865,672540000,8
1528832640000,1528833119000,1.90865,1.90894,1.90858,1.90876,489760000,8
1528833120000,1528833599000,1.90874,1.9091,1.90853,1.90878,539770000,8
1528833600000,1528834079000,1.90879,1.90941,1.90859,1.90905,352500000,8
1528834080000,1528834559000,1.90906,1.90917,1.90872,1.90875,285500000,8
1528834560000,1528835039000,1.90875,1.90883,1.90833,1.90863,267340000,8
1528835040000,1528835519000,1.90864,1.90885,1.90831,1.90837,471940000,8
1528835520000,1528835999000,1.90837,1.90863,1.90831,1.90862,346700000,8
1528836000000,1528836479000,1.90862,1.90863,1.9083,1.90832,444000000,8
1528836480000,1528836959000,1.90832,1.90845,1.90802,1.90815,315960000,8
1528836960000,1528837439000,1.90815,1.90863,1.90751,1.90751,210000000,8
1528837440000,1528837919000,1.90751,1.90887,1.90751,1.90821,89000000,8
1528837920000,1528838399000,1.90815,1.90914,1.90804,1.90881,219990000,8
1528838400000,1528838879000,1.90881,1.90886,1.90849,1.90849,85570000,8
1528838880000,1528839359000,1.9085,1.90853,1.90772,1.90792,121630000,8
1528839360000,1528839839000,1.90793,1.90835,1.90775,1.90787,170880000,8
1528839840000,1528840319000,1.90783,1.90862,1.90783,1.90847,139940000,8
1528840320000,1528840799000,1.90849,1.90849,1.90798,1.90817,68750000,8
1528840800000,1528841279000,1.90806,1.90844,1.90769,1.90788,432530000,8
1528841280000,1528841759000,1.90788,1.90844,1.90788,1.90841,422680000,8
1528841760000,1528842239000,1.9084,1.90869,1.90831,1.90849,187530000,8
1528842240000,1528842719000,1.90848,1.90932,1.90848,1.90856,210150000,8
1528842720000,1528843199000,1.90856,1.90896,1.90835,1.90871,173850000,8
1528843200000,1528843679000,1.90871,1.90934,1.90868,1.9089,366100000,8
1528843680000,1528844159000,1.9089,1.90934,1.90887,1.90919,246110000,8
1528844160000,1528844639000,1.90919,1.90937,1.9089,1.90928,291380000,8
1528844640000,1528845119000,1.90928,1.90979,1.9092,1.90943,235000000,8
1528845120000,1528845599000,1.90943,1.90949,1.90915,1.90944,205950000,8
1528845600000,1528846079000,1.90943,1.90943,1.90898,1.90904,132920000,8
1528846080000,1528846559000,1.90904,1.90919,1.90878,1.9089,136890000,8
1528846560000,1528847039000,1.90888,1.90948,1.90884,1.90947,176690000,8
1528847040000,1528847519000,1.90941,1.90952,1.90894,1.90897,209000000,8
1528847520000,1528847999000,1.90898,1.90918,1.90884,1.90908,182500000,8
1528848000000,1528848479000,1.9091,1.9091,1.90815,1.90835,319460000,8
1528848480000,1528848959000,1.90835,1.90836,1.90781,1.90811,328550000,8
1528848960000,1528849439000,1.90813,1.90876,1.90792,1.90869,324370000,8
1528849440000,1528849919000,1.90869,1.90874,1.90825,1.90847,286500000,8
1528849920000,1528850399000,1.90846,1.90897,1.9084,1.90863,305750000,8
1528850400000,1528850879000,1.90863,1.90883,1.90811,1.90859,424500000,8
1528850880000,1528851359000,1.90859,1.90899,1.90821,1.90874,559440000,8
1528851360000,1528851839000,1.90874,1.90887,1.9083,1.9086,342000000,8
1528851840000,1528852319000,1.90857,1.90965,1.90812,1.90933,468820000,8
1528852320000,1528852799000,1.90933,1.90997,1.90905,1.90947,500880000,8
1528852800000,1528853279000,1.90947,1.90984,1.90921,1.90939,352970000,8
1528853280000,1528853759000,1.90941,1.90959,1.90915,1.90915,321780000,8
1528853760000,1528854239000,1.90915,1.90924,1.90827,1.90835,334750000,8
1528854240000,1528854719000,1.90836,1.9089,1.90825,1.90829,288060000,8
1528854720000,1528855199000,1.90828,1.90829,1.90751,1.90787,321000000,8
1528855200000,1528855679000,1.90782,1.90836,1.90777,1.90833,282000000,8
1528855680000,1528856159000,1.90833,1.90844,1.90806,1.90815,214000000,8
1528856160000,1528856639000,1.90815,1.90824,1.90792,1.90823,195000000,8
1528856640000,1528857119000,1.90824,1.90835,1.90771,1.90773,274500000,8
1528857120000,1528857599000,1.90773,1.90807,1.90767,1.90805,204000000,8
1528857600000,1528858079000,1.90805,1.9085,1.90787,1.90836,144280000,8
1528858080000,1528858559000,1.90836,1.90842,1.9078,1.90791,162040000,8
1528858560000,1528859039000,1.90793,1.90816,1.90745,1.90745,232000000,8
1528859040000,1528859519000,1.90744,1.90752,1.90712,1.90713,232160000,8
1528859520000,1528859999000,1.90712,1.90764,1.90712,1.90752,208500000,8
1528860000000,1528860479000,1.90753,1.90772,1.90697,1.90732,451000000,8
1528860480000,1528860959000,1.90732,1.90801,1.90714,1.90787,284590000,8
1528860960000,1528861439000,1.90787,1.90795,1.90736,1.90759,198500000,8
1528861440000,1528861919000,1.90759,1.90787,1.90755,1.90765,161500000,8
1528861920000,1528862399000,1.90766,1.90779,1.90761,1.90769,123500000,8
1528862400000,1528862879000,1.90769,1.90769,1.90642,1.90649,497000000,8
1528862880000,1528863359000,1.90649,1.90712,1.90629,1.90656,305370000,8
1528863360000,1528863839000,1.90658,1.90668,1.90619,1.9063,164000000,8
1528863840000,1528864319000,1.90632,1.90647,1.90573,1.90576,154370000,8
1528864320000,1528864799000,1.90573,1.90599,1.90534,1.90548,204960000,8
1528864800000,1528865279000,1.90545,1.90554,1.9053,1.90554,144000000,8
1528865280000,1528865759000,1.90554,1.9058,1.90524,1.9053,170870000,8
1528865760000,1528866239000,1.90528,1.90545,1.90491,1.9053,225850000,8
1528866240000,1528866719000,1.9053,1.90589,1.90506,1.90516,245000000,8
1528866720000,1528867199000,1.90515,1.90569,1.90505,1.90556,285000000,8
1528867200000,1528867679000,1.90553,1.90597,1.9054,1.90559,362340000,8
1528867680000,1528868159000,1.90559,1.9059,1.90543,1.90577,400750000,8
1528868160000,1528868639000,1.90576,1.90618,1.90571,1.90593,287510000,8
1528868640000,1528869119000,1.90591,1.90644,1.90588,1.90597,451310000,8
1528869120000,1528869599000,1.90596,1.90609,1.90574,1.90577,283800000,8
1528869600000,1528870079000,1.90577,1.9059,1.90513,1.90573,467200000,8
1528870080000,1528870559000,1.90572,1.90644,1.9056,1.90644,444800000,8
1528870560000,1528871039000,1.90644,1.90691,1.90604,1.9067,926500000,8
1528871040000,1528871519000,1.90669,1.90669,1.90586,1.90649,845190000,8
1528871520000,1528871999000,1.90649,1.90733,1.90635,1.90681,877410000,8
1528872000000,1528872479000,1.90682,1.90706,1.90611,1.90672,646550000,8
1528872480000,1528872959000,1.90671,1.90684,1.90579,1.9064,798500000,8
1528872960000,1528873439000,1.90638,1.90662,1.9052,1.9052,962200000,8
1528873440000,1528873919000,1.90518,1.90566,1.9047,1.90502,1001890000,8
1528873920000,1528874399000,1.90493,1.90513,1.90349,1.90372,1117660000,8
1528874400000,1528874879000,1.90375,1.90417,1.90323,1.90394,1073140000,8
1528874880000,1528875359000,1.90394,1.90454,1.90383,1.90438,957000000,8
1528875360000,1528875839000,1.90437,1.90537,1.90393,1.90533,812170000,8
1528875840000,1528876319000,1.90533,1.90536,1.90398,1.9044,946940000,8
1528876320000,1528876799000,1.90439,1.90513,1.9039,1.90482,859890000,8
1528876800000,1528877279000,1.90481,1.90483,1.90194,1.90222,1317110000,8
1528877280000,1528877759000,1.90222,1.90258,1.90049,1.90079,1287410000,8
1528877760000,1528878239000,1.90079,1.90228,1.90078,1.9022,944970000,8
1528878240000,1528878719000,1.9022,1.90319,1.89887,1.90181,1356630000,8
1528878720000,1528879199000,1.90175,1.90184,1.89954,1.89957,1316290000,8
1528879200000,1528879679000,1.89959,1.90044,1.89886,1.89971,1094550000,8
1528879680000,1528880159000,1.89975,1.89983,1.89796,1.89846,793000000,8
1528880160000,1528880639000,1.89843,1.89898,1.89831,1.89883,825430000,8
1528880640000,1528881119000,1.89885,1.89885,1.89809,1.89869,798580000,8
1528881120000,1528881599000,1.89869,1.89872,1.89744,1.89744,648080000,8
1528881600000,1528882079000,1.89746,1.89764,1.896,1.89724,1143120000,8
1528882080000,1528882559000,1.89724,1.89827,1.89698,1.89819,1443890000,8
1528882560000,1528883039000,1.89821,1.89902,1.89809,1.89853,996030000,8
1528883040000,1528883519000,1.89852,1.89867,1.89788,1.89791,835740000,8
1528883520000,1528883999000,1.8979,1.89895,1.89781,1.89845,1376350000,8
1528884000000,1528884479000,1.89847,1.89861,1.89797,1.89812,1101520000,8
1528884480000,1528884959000,1.89813,1.89914,1.89743,1.89788,1076510000,8
1528884960000,1528885439000,1.89789,1.89819,1.8966,1.89669,918630000,8
1528885440000,1528885919000,1.89672,1.89744,1.89627,1.89645,939840000,8
1528885920000,1528886399000,1.89645,1.89777,1.89642,1.89777,697650000,8
1528886400000,1528886879000,1.89776,1.89786,1.8967,1.89704,920710000,8
1528886880000,1528887359000,1.89703,1.89758,1.89668,1.89699,676880000,8
1528887360000,1528887839000,1.89699,1.8972,1.89553,1.89561,862470000,8
1528887840000,1528888319000,1.89561,1.89576,1.89419,1.89423,917520000,8
1528888320000,1528888799000,1.89427,1.8945,1.89393,1.89416,796040000,8
1528888800000,1528889279000,1.89416,1.89457,1.89389,1.89439,641950000,8
1528889280000,1528889759000,1.8944,1.89493,1.89408,1.89474,787880000,8
1528889760000,1528890239000,1.89473,1.89555,1.8943,1.89535,834670000,8
1528890240000,1528890719000,1.89536,1.89551,1.89469,1.89484,760590000,8
1528890720000,1528891199000,1.89488,1.89488,1.89419,1.89464,1129150000,8
1528891200000,1528891679000,1.89463,1.89476,1.89388,1.89437,1099680000,8
1528891680000,1528892159000,1.89438,1.89487,1.8939,1.89393,928410000,8
1528892160000,1528892639000,1.89394,1.89408,1.89304,1.89378,930310000,8
1528892640000,1528893119000,1.89378,1.89412,1.89279,1.89399,1147230000,8
1528893120000,1528893599000,1.89397,1.89428,1.89347,1.89378,1041250000,8
1528893600000,1528894079000,1.89375,1.8949,1.89368,1.89479,873790000,8
1528894080000,1528894559000,1.89477,1.89483,1.89421,1.89438,952080000,8
1528894560000,1528895039000,1.89441,1.89512,1.89403,1.89455,953350000,8
1528895040000,1528895519000,1.89457,1.8946,1.89371,1.89424,723520000,8
1528895520000,1528895999000,1.89425,1.89571,1.8942,1.89543,879710000,8
1528896000000,1528896479000,1.89543,1.89577,1.89484,1.89524,1039790000,8
1528896480000,1528896959000,1.89523,1.89554,1.89467,1.89486,1040460000,8
1528896960000,1528897439000,1.89485,1.89598,1.89477,1.89581,1076170000,8
1528897440000,1528897919000,1.89581,1.89756,1.89563,1.89739,1158660000,8
1528897920000,1528898399000,1.89738,1.89852,1.89738,1.89762,1228230000,8
1528898400000,1528898879000,1.89761,1.89818,1.89714,1.89734,1070040000,8
1528898880000,1528899359000,1.89737,1.89808,1.89712,1.89786,1013160000,8
1528899360000,1528899839000,1.89787,1.8985,1.89748,1.89754,1011470000,8
1528899840000,1528900319000,1.89756,1.89896,1.89715,1.89876,1286430000,8
1528900320000,1528900799000,1.89874,1.89946,1.89822,1.89881,1264150000,8
1528900800000,1528901279000,1.89881,1.90032,1.89859,1.89992,1192190000,8
1528901280000,1528901759000,1.89992,1.90026,1.89855,1.89857,1141630000,8
1528901760000,1528902239000,1.89855,1.89916,1.89781,1.89885,1575190000,8
1528902240000,1528902719000,1.89885,1.89893,1.89812,1.89842,1189440000,8
1528902720000,1528903199000,1.89842,1.89908,1.89822,1.89865,1093580000,8
1528903200000,1528903679000,1.89867,1.89889,1.89797,1.89814,797590000,8
1528903680000,1528904159000,1.89808,1.89817,1.89679,1.89774,1014390000,8
1528904160000,1528904639000,1.8977,1.89774,1.89703,1.89755,1108450000,8
1528904640000,1528905119000,1.89755,1.89808,1.89733,1.89746,798740000,8
1528905120000,1528905599000,1.89747,1.89864,1.89739,1.89834,688310000,8
1528905600000,1528906079000,1.89834,1.89874,1.89777,1.89812,838600000,8
1528906080000,1528906559000,1.89809,1.89858,1.89773,1.89837,850780000,8
1528906560000,1528907039000,1.89837,1.89881,1.898,1.89855,835900000,8
1528907040000,1528907519000,1.89857,1.89869,1.89815,1.89836,583290000,8
1528907520000,1528907999000,1.89834,1.89891,1.89822,1.89868,550710000,8
1528908000000,1528908479000,1.89869,1.89891,1.89836,1.89861,571040000,8
1528908480000,1528908959000,1.89858,1.89935,1.89826,1.89921,487670000,8
1528908960000,1528909439000,1.89924,1.89937,1.89866,1.89888,835780000,8
1528909440000,1528909919000,1.89888,1.89958,1.89887,1.89912,792860000,8
1528909920000,1528910399000,1.89912,1.89946,1.89877,1.89892,699160000,8
1528910400000,1528910879000,1.89892,1.89915,1.89872,1.89902,616340000,8
1528910880000,1528911359000,1.89902,1.89906,1.89854,1.89873,591850000,8
1528911360000,1528911839000,1.89878,1.89883,1.89792,1.89805,533210000,8
1528911840000,1528912319000,1.89805,1.89827,1.89749,1.89818,814650000,8
1528912320000,1528912799000,1.89818,1.89842,1.8967,1.89711,867200000,8
1528912800000,1528913279000,1.89711,1.90293,1.89641,1.90244,2658240000,8
1528913280000,1528913759000,1.90242,1.90509,1.9017,1.904,2426900000,8
1528913760000,1528914239000,1.90401,1.9065,1.90349,1.90642,2327890000,8
1528914240000,1528914719000,1.90627,1.90884,1.90538,1.90798,2129690000,8
1528914720000,1528915199000,1.90793,1.91014,1.90742,1.90866,2483940000,8
1528915200000,1528915679000,1.90864,1.90967,1.90744,1.90924,2017520000,8
1528915680000,1528916159000,1.90923,1.90964,1.90792,1.90834,1799660000,8
1528916160000,1528916639000,1.90827,1.90844,1.9051,1.90561,2183000000,8
1528916640000,1528917119000,1.90562,1.9057,1.90327,1.90414,2356420000,8
1528917120000,1528917599000,1.90414,1.90547,1.90387,1.9047,1668740000,8
1528917600000,1528918079000,1.90473,1.90691,1.90467,1.90675,1474090000,8
1528918080000,1528918559000,1.90684,1.90815,1.9058,1.9058,1463860000,8
1528918560000,1528919039000,1.90585,1.90605,1.90382,1.90406,1448400000,8
1528919040000,1528919519000,1.90397,1.90456,1.90357,1.9042,1349010000,8
1528919520000,1528919999000,1.90423,1.90457,1.9036,1.9042,1080690000,8
1528920000000,1528920479000,1.90417,1.90482,1.90401,1.90418,704330000,8
1528920480000,1528920959000,1.90418,1.90488,1.90386,1.90475,660140000,8
1528920960000,1528921439000,1.90475,1.90516,1.90456,1.90456,493090000,8
1528921440000,1528921919000,1.90456,1.90481,1.90416,1.90457,273130000,8
1528921920000,1528922399000,1.90457,1.90483,1.90428,1.90473,435500000,8
1528922400000,1528922879000,1.90473,1.90515,1.90446,1.90475,401790000,8
1528922880000,1528923359000,1.90474,1.9052,1.90461,1.90499,427080000,8
1528923360000,1528923839000,1.90499,1.90547,1.90398,1.90398,251500000,8
1528923840000,1528924319000,1.90232,1.90358,1.90225,1.90313,239900000,8
1528924320000,1528924799000,1.90313,1.90363,1.90304,1.90358,438640000,8
1528924800000,1528925279000,1.90358,1.90406,1.90332,1.90385,254440000,8
1528925280000,1528925759000,1.90385,1.90472,1.90327,1.90466,531560000,8
1528925760000,1528926239000,1.90468,1.90474,1.90364,1.9038,498570000,8
1528926240000,1528926719000,1.90379,1.90428,1.90364,1.90366,259280000,8
1528926720000,1528927199000,1.90368,1.90414,1.90336,1.9039,457680000,8
1528927200000,1528927679000,1.90391,1.90477,1.9039,1.90416,659030000,8
1528927680000,1528928159000,1.90418,1.90432,1.9034,1.90346,404910000,8
1528928160000,1528928639000,1.90346,1.90371,1.90334,1.9034,299220000,8
1528928640000,1528929119000,1.90341,1.90377,1.90338,1.90356,295530000,8
1528929120000,1528929599000,1.90356,1.90397,1.90334,1.90363,207220000,8
1528929600000,1528930079000,1.90363,1.90408,1.90338,1.90402,219550000,8
1528930080000,1528930559000,1.90414,1.9042,1.90386,1.90393,191290000,8
1528930560000,1528931039000,1.90393,1.90423,1.90356,1.90356,327370000,8
1528931040000,1528931519000,1.90354,1.90418,1.90354,1.90417,155780000,8
1528931520000,1528931999000,1.90418,1.90433,1.90395,1.90401,205190000,8
1528932000000,1528932479000,1.90398,1.90412,1.90391,1.9041,175640000,8
1528932480000,1528932959000,1.90412,1.90451,1.90403,1.90405,199990000,8
1528932960000,1528933439000,1.90421,1.9051,1.90421,1.9051,229260000,8
1528933440000,1528933919000,1.90511,1.90545,1.9046,1.90464,334690000,8
1528933920000,1528934399000,1.90465,1.90489,1.90436,1.90478,379690000,8
1528934400000,1528934879000,1.90479,1.90558,1.9043,1.90435,584840000,8
1528934880000,1528935359000,1.90437,1.90464,1.90393,1.90448,466190000,8
1528935360000,1528935839000,1.90448,1.90488,1.9041,1.90427,464770000,8
1528935840000,1528936319000,1.90427,1.90456,1.90391,1.90447,489610000,8
1528936320000,1528936799000,1.90446,1.90458,1.90394,1.90401,343330000,8
1528936800000,1528937279000,1.90402,1.90424,1.90352,1.90424,433990000,8
1528937280000,1528937759000,1.90416,1.9042,1.90353,1.90383,491980000,8
1528937760000,1528938239000,1.90385,1.9041,1.90337,1.90339,517890000,8
1528938240000,1528938719000,1.90343,1.9035,1.90218,1.90307,604780000,8
1528938720000,1528939199000,1.90307,1.9041,1.90307,1.90404,518990000,8
1528939200000,1528939679000,1.90403,1.90419,1.9032,1.9032,455500000,8
1528939680000,1528940159000,1.90319,1.90484,1.90259,1.90469,962200000,8
1528940160000,1528940639000,1.90468,1.90475,1.90358,1.90408,580610000,8
1528940640000,1528941119000,1.90407,1.90463,1.90394,1.90428,487560000,8
1528941120000,1528941599000,1.9043,1.90459,1.90398,1.90404,397000000,8
1528941600000,1528942079000,1.90406,1.90553,1.90406,1.90553,587790000,8
1528942080000,1528942559000,1.90551,1.90606,1.90526,1.906,373310000,8
1528942560000,1528943039000,1.906,1.90636,1.90577,1.90585,545990000,8
1528943040000,1528943519000,1.90584,1.90613,1.90516,1.90542,519040000,8
1528943520000,1528943999000,1.90542,1.90662,1.90537,1.90647,355430000,8
1528944000000,1528944479000,1.90647,1.90676,1.90609,1.90645,321620000,8
1528944480000,1528944959000,1.90646,1.90701,1.90646,1.90673,437470000,8
1528944960000,1528945439000,1.90668,1.90697,1.90613,1.90647,456310000,8
1528945440000,1528945919000,1.90647,1.9068,1.90582,1.90584,277000000,8
1528945920000,1528946399000,1.90585,1.90683,1.90585,1.90677,332500000,8
1528946400000,1528946879000,1.90678,1.90681,1.90611,1.90611,271500000,8
1528946880000,1528947359000,1.9061,1.9067,1.90604,1.90627,294000000,8
1528947360000,1528947839000,1.90625,1.90628,1.90591,1.90591,307110000,8
1528947840000,1528948319000,1.90591,1.90623,1.90508,1.90516,289620000,8
1528948320000,1528948799000,1.9051,1.90547,1.90486,1.90505,229500000,8
1528948800000,1528949279000,1.90507,1.9053,1.90487,1.90497,222440000,8
1528949280000,1528949759000,1.90498,1.90511,1.90456,1.90469,163640000,8
1528949760000,1528950239000,1.90467,1.90499,1.90452,1.90477,163600000,8
1528950240000,1528950719000,1.90477,1.90509,1.90452,1.90509,208210000,8
1528950720000,1528951199000,1.9051,1.90556,1.9051,1.90556,249500000,8
1528951200000,1528951679000,1.90553,1.90575,1.90514,1.90547,290620000,8
1528951680000,1528952159000,1.90547,1.90565,1.90528,1.90557,300370000,8
1528952160000,1528952639000,1.90557,1.90561,1.90518,1.90533,398090000,8
1528952640000,1528953119000,1.90533,1.90553,1.9047,1.9047,483030000,8
1528953120000,1528953599000,1.9047,1.90485,1.90358,1.90383,526240000,8
1528953600000,1528954079000,1.90384,1.90397,1.90294,1.90355,423680000,8
1528954080000,1528954559000,1.90356,1.90366,1.90293,1.9033,522530000,8
1528954560000,1528955039000,1.90332,1.90344,1.90164,1.9022,683860000,8
1528955040000,1528955519000,1.9022,1.903,1.90216,1.90298,623240000,8
1528955520000,1528955999000,1.90298,1.90349,1.90276,1.90339,378000000,8
1528956000000,1528956479000,1.90336,1.90426,1.90329,1.90387,860540000,8
1528956480000,1528956959000,1.9039,1.90407,1.90316,1.90358,538620000,8
1528956960000,1528957439000,1.9036,1.90427,1.90321,1.90398,771500000,8
1528957440000,1528957919000,1.904,1.90409,1.90361,1.90374,727700000,8
1528957920000,1528958399000,1.90371,1.90514,1.90364,1.90514,809500000,8
1528958400000,1528958879000,1.90512,1.90563,1.90495,1.90522,981500000,8
1528958880000,1528959359000,1.90522,1.9062,1.90518,1.90525,1090810000,8
1528959360000,1528959839000,1.90521,1.90633,1.90459,1.90487,1365820000,8
1528959840000,1528960319000,1.90488,1.90637,1.90449,1.90612,1170870000,8
1528960320000,1528960799000,1.90611,1.90612,1.90494,1.90508,841870000,8
1528960800000,1528961279000,1.90509,1.90516,1.90457,1.9048,902940000,8
1528961280000,1528961759000,1.9048,1.9049,1.90388,1.90444,958490000,8
1528961760000,1528962239000,1.90443,1.90471,1.90393,1.90464,788720000,8
1528962240000,1528962719000,1.90466,1.90476,1.90388,1.90448,718690000,8
1528962720000,1528963199000,1.90452,1.90506,1.90396,1.90396,877750000,8
1528963200000,1528963679000,1.90393,1.90419,1.90358,1.90397,961990000,8
1528963680000,1528964159000,1.90397,1.90428,1.90348,1.90378,752970000,8
1528964160000,1528964639000,1.90378,1.90477,1.90375,1.90415,755680000,8
1528964640000,1528965119000,1.90413,1.90906,1.90355,1.9078,1337290000,8
1528965120000,1528965599000,1.9078,1.90836,1.90745,1.90821,1476190000,8
1528965600000,1528966079000,1.90817,1.90977,1.90792,1.90976,1124180000,8
1528966080000,1528966559000,1.90976,1.9098,1.90901,1.90941,1004730000,8
1528966560000,1528967039000,1.90943,1.91001,1.90912,1.90954,1093500000,8
1528967040000,1528967519000,1.90956,1.91004,1.90911,1.9098,1147760000,8
1528967520000,1528967999000,1.90978,1.91023,1.90952,1.91009,925430000,8
1528968000000,1528968479000,1.91014,1.91115,1.90974,1.90982,1100170000,8
1528968480000,1528968959000,1.90984,1.91013,1.9096,1.90984,1042690000,8
1528968960000,1528969439000,1.90981,1.91002,1.90906,1.90959,1084110000,8
1528969440000,1528969919000,1.90959,1.91032,1.90942,1.90987,908920000,8
1528969920000,1528970399000,1.90988,1.91031,1.90957,1.90985,784000000,8
1528970400000,1528970879000,1.90985,1.91,1.90822,1.90847,805420000,8
1528970880000,1528971359000,1.90847,1.90889,1.90806,1.90826,790300000,8
1528971360000,1528971839000,1.90825,1.90831,1.90674,1.90688,731030000,8
1528971840000,1528972319000,1.9069,1.90708,1.90645,1.90675,652000000,8
1528972320000,1528972799000,1.90675,1.90728,1.90655,1.90698,510320000,8
1528972800000,1528973279000,1.90699,1.90709,1.90607,1.90687,608140000,8
1528973280000,1528973759000,1.90691,1.9079,1.90685,1.90786,637550000,8
1528973760000,1528974239000,1.90786,1.9084,1.90732,1.9082,741440000,8
1528974240000,1528974719000,1.90821,1.90829,1.90698,1.90733,779180000,8
1528974720000,1528975199000,1.90726,1.90752,1.90579,1.90641,789030000,8
1528975200000,1528975679000,1.90642,1.90654,1.9055,1.90617,788890000,8
1528975680000,1528976159000,1.90619,1.90779,1.906,1.9077,941800000,8
1528976160000,1528976639000,1.90769,1.90798,1.90687,1.90766,1039250000,8
1528976640000,1528977119000,1.90766,1.90932,1.9055,1.90698,2760710000,8
1528977120000,1528977599000,1.90698,1.90741,1.90277,1.90305,2580450000,8
1528977600000,1528978079000,1.90305,1.90354,1.89953,1.90043,2761120000,8
1528978080000,1528978559000,1.90047,1.90055,1.89892,1.89956,2465130000,8
1528978560000,1528979039000,1.89957,1.90058,1.89932,1.89939,2115930000,8
1528979040000,1528979519000,1.89932,1.8999,1.89739,1.89809,1970980000,8
1528979520000,1528979999000,1.89808,1.90044,1.89797,1.9,2734080000,8
1528980000000,1528980479000,1.90001,1.90036,1.89825,1.89838,2415350000,8
1528980480000,1528980959000,1.89838,1.89909,1.89702,1.89735,2678700000,8
1528980960000,1528981439000,1.89735,1.89762,1.89434,1.89547,2524210000,8
1528981440000,1528981919000,1.89545,1.89607,1.89323,1.89337,2192040000,8
1528981920000,1528982399000,1.89337,1.89589,1.89314,1.89493,2124360000,8
1528982400000,1528982879000,1.89493,1.89764,1.89479,1.8967,1904140000,8
1528982880000,1528983359000,1.89669,1.89834,1.89658,1.8982,1663230000,8
1528983360000,1528983839000,1.89821,1.89861,1.89709,1.89793,1829720000,8
1528983840000,1528984319000,1.89795,1.90009,1.89793,1.8984,1667120000,8
1528984320000,1528984799000,1.89842,1.89892,1.89821,1.89844,1739650000,8
1528984800000,1528985279000,1.89841,1.89941,1.89802,1.89851,1674240000,8
1528985280000,1528985759000,1.89853,1.8991,1.89755,1.89792,1619590000,8
1528985760000,1528986239000,1.89792,1.89804,1.89659,1.89716,1320440000,8
1528986240000,1528986719000,1.89714,1.89875,1.897,1.89773,2020140000,8
1528986720000,1528987199000,1.89776,1.89841,1.89765,1.89779,1441280000,8
1528987200000,1528987679000,1.89779,1.89895,1.8974,1.89862,1326080000,8
1528987680000,1528988159000,1.89863,1.89888,1.89782,1.89793,1545510000,8
1528988160000,1528988639000,1.89795,1.90073,1.8977,1.90052,2178590000,8
1528988640000,1528989119000,1.90049,1.90091,1.9,1.90065,1293830000,8
1528989120000,1528989599000,1.90065,1.90095,1.89989,1.90062,1061180000,8
1528989600000,1528990079000,1.90062,1.90372,1.90017,1.9032,1563460000,8
1528990080000,1528990559000,1.90322,1.90423,1.90283,1.90408,1652560000,8
1528990560000,1528991039000,1.90412,1.90477,1.90393,1.90416,1624140000,8
1528991040000,1528991519000,1.90416,1.90546,1.9039,1.90528,1081820000,8
1528991520000,1528991999000,1.90526,1.90608,1.905,1.90524,1218090000,8
1528992000000,1528992479000,1.90522,1.90595,1.90512,1.90573,984620000,8
1528992480000,1528992959000,1.90573,1.9058,1.90451,1.90474,1079020000,8
1528992960000,1528993439000,1.90475,1.90508,1.90381,1.90398,1531280000,8
1528993440000,1528993919000,1.90389,1.9041,1.90296,1.90312,1108180000,8
1528993920000,1528994399000,1.90312,1.90327,1.90041,1.90132,1661280000,8
1528994400000,1528994879000,1.90134,1.90231,1.90117,1.90147,1340340000,8
1528994880000,1528995359000,1.90146,1.90222,1.90131,1.90178,1340670000,8
1528995360000,1528995839000,1.90176,1.90271,1.90164,1.90213,1745350000,8
1528995840000,1528996319000,1.90214,1.90352,1.90199,1.90319,1110300000,8
1528996320000,1528996799000,1.9032,1.90501,1.90317,1.90501,832890000,8
1528996800000,1528997279000,1.90501,1.90513,1.90385,1.90405,837320000,8
1528997280000,1528997759000,1.90401,1.90439,1.90318,1.90354,1309190000,8
1528997760000,1528998239000,1.90357,1.90405,1.90331,1.90394,1316500000,8
1528998240000,1528998719000,1.90395,1.90449,1.90368,1.90369,971730000,8
1528998720000,1528999199000,1.9037,1.90409,1.90228,1.90298,1307980000,8
1528999200000,1528999679000,1.90298,1.90326,1.90182,1.90225,1462100000,8
1528999680000,1529000159000,1.90225,1.90262,1.90152,1.90228,897590000,8
1529000160000,1529000639000,1.90228,1.90257,1.90165,1.90235,1079000000,8
1529000640000,1529001119000,1.90234,1.90247,1.90136,1.9014,749000000,8
1529001120000,1529001599000,1.9014,1.90178,1.90128,1.90167,664490000,8
1529001600000,1529002079000,1.90165,1.90232,1.90081,1.90204,791600000,8
1529002080000,1529002559000,1.90206,1.90258,1.90201,1.90242,722940000,8
1529002560000,1529003039000,1.90243,1.90262,1.90005,1.90097,1275360000,8
1529003040000,1529003519000,1.90106,1.90156,1.90011,1.90047,1043100000,8
1529003520000,1529003999000,1.90048,1.90087,1.90008,1.90077,1000250000,8
1529004000000,1529004479000,1.90077,1.90121,1.90059,1.90059,802500000,8
1529004480000,1529004959000,1.9006,1.90177,1.9003,1.90127,692970000,8
1529004960000,1529005439000,1.90127,1.90137,1.90028,1.90058,620940000,8
1529005440000,1529005919000,1.90066,1.90094,1.90057,1.90094,513500000,8
1529005920000,1529006399000,1.90094,1.90099,1.90034,1.90091,680000000,8
1529006400000,1529006879000,1.90091,1.90125,1.89975,1.90013,936500000,8
1529006880000,1529007359000,1.90013,1.90135,1.8998,1.90135,634270000,8
1529007360000,1529007839000,1.90134,1.90153,1.90081,1.90145,584280000,8
1529007840000,1529008319000,1.90142,1.90239,1.90092,1.90232,669570000,8
1529008320000,1529008799000,1.90232,1.90323,1.9023,1.90277,1084950000,8
1529008800000,1529009279000,1.90276,1.90294,1.90092,1.90143,707100000,8
1529009280000,1529009759000,1.90146,1.90216,1.9013,1.90168,707050000,8
1529009760000,1529010239000,1.90165,1.90177,1.90036,1.90036,429960000,8
1529010240000,1529010719000,1.90028,1.90196,1.90019,1.90118,282730000,8
1529010720000,1529011199000,1.90114,1.90498,1.90097,1.90448,361350000,8
1529011200000,1529011679000,1.90452,1.90476,1.90247,1.90382,494430000,8
1529011680000,1529012159000,1.90382,1.90421,1.90343,1.90357,691320000,8
1529012160000,1529012639000,1.90357,1.90357,1.9024,1.90354,393010000,8
1529012640000,1529013119000,1.90354,1.90377,1.90323,1.90349,838930000,8
1529013120000,1529013599000,1.90349,1.90375,1.90268,1.90282,398940000,8
1529013600000,1529014079000,1.90282,1.90382,1.90199,1.90382,555230000,8
1529014080000,1529014559000,1.90382,1.90412,1.90348,1.90352,289500000,8
1529014560000,1529015039000,1.90352,1.90382,1.90331,1.9036,120280000,8
1529015040000,1529015519000,1.9036,1.90431,1.90285,1.90407,352190000,8
1529015520000,1529015999000,1.90409,1.90427,1.90245,1.90248,296500000,8
1529016000000,1529016479000,1.90251,1.90293,1.90238,1.90258,253000000,8
1529016480000,1529016959000,1.90259,1.90291,1.90251,1.90267,147500000,8
1529016960000,1529017439000,1.90268,1.90394,1.90229,1.90269,333960000,8
1529017440000,1529017919000,1.9027,1.90338,1.90259,1.9033,364700000,8
1529017920000,1529018399000,1.90332,1.90336,1.90263,1.90263,183970000,8
1529018400000,1529018879000,1.90262,1.90299,1.90236,1.90239,536000000,8
1529018880000,1529019359000,1.90238,1.90313,1.90238,1.90273,240500000,8
1529019360000,1529019839000,1.90272,1.90321,1.90253,1.90292,260000000,8
1529019840000,1529020319000,1.90293,1.90375,1.90291,1.90373,412000000,8
1529020320000,1529020799000,1.90373,1.90429,1.90353,1.90394,449000000,8
1529020800000,1529021279000,1.90393,1.90507,1.9038,1.90474,667000000,8
1529021280000,1529021759000,1.90476,1.9048,1.90345,1.90467,620500000,8
1529021760000,1529022239000,1.90466,1.90492,1.90423,1.90428,664000000,8
1529022240000,1529022719000,1.90431,1.90522,1.90416,1.90522,411750000,8
1529022720000,1529023199000,1.90517,1.90573,1.90486,1.90547,351000000,8
1529023200000,1529023679000,1.90546,1.90634,1.90537,1.90596,408500000,8
1529023680000,1529024159000,1.906,1.90659,1.90581,1.90633,909070000,8
1529024160000,1529024639000,1.90635,1.90657,1.90586,1.90627,603270000,8
1529024640000,1529025119000,1.90628,1.90644,1.90573,1.90583,456500000,8
1529025120000,1529025599000,1.90582,1.90725,1.90582,1.90709,391000000,8
1529025600000,1529026079000,1.90709,1.90729,1.90641,1.90675,403500000,8
1529026080000,1529026559000,1.90672,1.90699,1.90619,1.90629,497500000,8
1529026560000,1529027039000,1.9063,1.907,1.9063,1.90685,382690000,8
1529027040000,1529027519000,1.90685,1.90685,1.90621,1.90645,421500000,8
1529027520000,1529027999000,1.90644,1.90665,1.90614,1.90632,403000000,8
1529028000000,1529028479000,1.90631,1.90653,1.90576,1.90643,363000000,8
1529028480000,1529028959000,1.90645,1.90675,1.9059,1.9061,357500000,8
1529028960000,1529029439000,1.9061,1.90636,1.9059,1.90606,498000000,8
1529029440000,1529029919000,1.90605,1.90618,1.90585,1.90586,364500000,8
1529029920000,1529030399000,1.90595,1.90595,1.90538,1.9055,285000000,8
1529030400000,1529030879000,1.90551,1.90617,1.90522,1.90557,509440000,8
1529030880000,1529031359000,1.90555,1.90581,1.90517,1.90524,393500000,8
1529031360000,1529031839000,1.90524,1.9061,1.90494,1.90596,656630000,8
1529031840000,1529032319000,1.90595,1.90655,1.90559,1.90566,530000000,8
1529032320000,1529032799000,1.90564,1.90636,1.90536,1.90635,433000000,8
1529032800000,1529033279000,1.90636,1.90696,1.90574,1.90683,343250000,8
1529033280000,1529033759000,1.90683,1.90702,1.90637,1.90664,368000000,8
1529033760000,1529034239000,1.90664,1.9067,1.9062,1.90633,341010000,8
1529034240000,1529034719000,1.90631,1.90647,1.90566,1.90572,326500000,8
1529034720000,1529035199000,1.90572,1.90577,1.9053,1.90541,354940000,8
1529035200000,1529035679000,1.90541,1.90593,1.90537,1.90557,235000000,8
1529035680000,1529036159000,1.90562,1.90589,1.90533,1.90536,290500000,8
1529036160000,1529036639000,1.90536,1.90536,1.90518,1.90519,161000000,8
1529036640000,1529037119000,1.90519,1.90567,1.90499,1.90534,289630000,8
1529037120000,1529037599000,1.90535,1.90567,1.90511,1.90517,243500000,8
1529037600000,1529038079000,1.90518,1.90536,1.90505,1.90528,267500000,8
1529038080000,1529038559000,1.9053,1.9053,1.9047,1.90502,154500000,8
1529038560000,1529039039000,1.90503,1.90537,1.90499,1.90517,291690000,8
1529039040000,1529039519000,1.90517,1.90532,1.90512,1.90526,223010000,8
1529039520000,1529039999000,1.90528,1.9054,1.90507,1.90523,216500000,8
1529040000000,1529040479000,1.90524,1.90536,1.90488,1.9049,230500000,8
1529040480000,1529040959000,1.90488,1.90515,1.90461,1.90505,487840000,8
1529040960000,1529041439000,1.90505,1.9051,1.90415,1.90487,721450000,8
1529041440000,1529041919000,1.90489,1.90545,1.90455,1.90513,431500000,8
1529041920000,1529042399000,1.90515,1.90535,1.90472,1.90503,550000000,8
1529042400000,1529042879000,1.905,1.90621,1.90461,1.90609,1218960000,8
1529042880000,1529043359000,1.90609,1.90678,1.90536,1.90589,1476640000,8
1529043360000,1529043839000,1.90589,1.90714,1.90544,1.90598,992660000,8
1529043840000,1529044319000,1.90597,1.90689,1.9058,1.90629,1169830000,8
1529044320000,1529044799000,1.90628,1.90647,1.90578,1.9062,1132250000,8
1529044800000,1529045279000,1.90619,1.90636,1.90536,1.90582,898120000,8
1529045280000,1529045759000,1.90582,1.90635,1.9054,1.90611,1114270000,8
1529045760000,1529046239000,1.90611,1.90785,1.90517,1.90519,1511390000,8
1529046240000,1529046719000,1.90518,1.90684,1.90514,1.90683,1608100000,8
1529046720000,1529047199000,1.90683,1.90704,1.90549,1.90601,1530100000,8
1529047200000,1529047679000,1.90601,1.90635,1.90455,1.90603,1419820000,8
1529047680000,1529048159000,1.90602,1.90706,1.90575,1.90601,1492940000,8
1529048160000,1529048639000,1.90601,1.90694,1.9057,1.90662,1372750000,8
1529048640000,1529049119000,1.90661,1.90782,1.90624,1.90781,1264390000,8
1529049120000,1529049599000,1.90779,1.90828,1.90746,1.90765,1482760000,8
1529049600000,1529050079000,1.90764,1.90866,1.90764,1.90827,1261530000,8
1529050080000,1529050559000,1.90826,1.90844,1.90764,1.90831,1205620000,8
1529050560000,1529051039000,1.90827,1.90899,1.90803,1.90873,933970000,8
1529051040000,1529051519000,1.90874,1.90931,1.90821,1.90829,1059240000,8
1529051520000,1529051999000,1.9083,1.91005,1.90818,1.90991,1055500000,8
1529052000000,1529052479000,1.90993,1.9112,1.90945,1.91116,1006060000,8
1529052480000,1529052959000,1.91115,1.91177,1.91059,1.91155,1138290000,8
1529052960000,1529053439000,1.91159,1.91201,1.91091,1.91105,1162700000,8
1529053440000,1529053919000,1.91102,1.91188,1.91093,1.91161,1302690000,8
1529053920000,1529054399000,1.9116,1.91212,1.91024,1.91028,1718890000,8
1529054400000,1529054879000,1.91028,1.91033,1.90941,1.90949,1479680000,8
1529054880000,1529055359000,1.90949,1.91013,1.9091,1.91002,1097980000,8
1529055360000,1529055839000,1.91003,1.91074,1.90994,1.9104,1088910000,8
1529055840000,1529056319000,1.91041,1.91063,1.90965,1.9097,854580000,8
1529056320000,1529056799000,1.90969,1.91108,1.90966,1.91094,1283180000,8
1529056800000,1529057279000,1.91095,1.9119,1.91052,1.91111,1505950000,8
1529057280000,1529057759000,1.91111,1.91199,1.91062,1.91199,881340000,8
1529057760000,1529058239000,1.91197,1.91214,1.91,1.91024,1669450000,8
1529058240000,1529058719000,1.91028,1.91261,1.90946,1.9117,2910490000,8
1529058720000,1529059199000,1.91171,1.91225,1.9111,1.91155,1625270000,8
1529059200000,1529059679000,1.91153,1.91157,1.91033,1.91126,1098590000,8
1529059680000,1529060159000,1.91127,1.9119,1.91054,1.91079,1055460000,8
1529060160000,1529060639000,1.91079,1.91179,1.91079,1.91135,1006670000,8
1529060640000,1529061119000,1.91146,1.912,1.91036,1.91073,985240000,8
1529061120000,1529061599000,1.91068,1.91084,1.90993,1.90993,871800000,8
1529061600000,1529062079000,1.90992,1.91098,1.90989,1.91055,908720000,8
1529062080000,1529062559000,1.91055,1.91057,1.90988,1.90995,864980000,8
1529062560000,1529063039000,1.90995,1.91004,1.90891,1.90907,986210000,8
1529063040000,1529063519000,1.90907,1.90953,1.90887,1.90944,1028820000,8
1529063520000,1529063999000,1.90943,1.91001,1.90887,1.909,1210830000,8
1529064000000,1529064479000,1.90898,1.90997,1.90894,1.90949,1340760000,8
1529064480000,1529064959000,1.90948,1.90964,1.90905,1.90949,981570000,8
1529064960000,1529065439000,1.90949,1.90959,1.90795,1.90805,1153830000,8
1529065440000,1529065919000,1.90805,1.9093,1.90795,1.90885,1504560000,8
1529065920000,1529066399000,1.90885,1.9102,1.90879,1.91014,1627020000,8
1529066400000,1529066879000,1.91013,1.91073,1.90978,1.91072,1510290000,8
1529066880000,1529067359000,1.91073,1.91156,1.91056,1.91069,1546300000,8
1529067360000,1529067839000,1.91069,1.91229,1.91035,1.91191,1529860000,8
1529067840000,1529068319000,1.91194,1.91224,1.91076,1.91107,1563550000,8
1529068320000,1529068799000,1.9111,1.91151,1.91061,1.91074,1498510000,8
1529068800000,1529069279000,1.91076,1.91143,1.90984,1.91003,1699400000,8
1529069280000,1529069759000,1.91002,1.91031,1.90946,1.90982,1610430000,8
1529069760000,1529070239000,1.90984,1.91089,1.90969,1.91,1658250000,8
1529070240000,1529070719000,1.91,1.91082,1.90976,1.90999,1816120000,8
1529070720000,1529071199000,1.91,1.91038,1.90908,1.90967,1614520000,8
1529071200000,1529071679000,1.90967,1.91181,1.90967,1.91043,1888750000,8
1529071680000,1529072159000,1.91041,1.91077,1.90991,1.91043,1663980000,8
1529072160000,1529072639000,1.91045,1.91045,1.90947,1.90983,1376340000,8
1529072640000,1529073119000,1.90982,1.90998,1.90902,1.90961,1023260000,8
1529073120000,1529073599000,1.90967,1.91088,1.90958,1.91083,1709570000,8
1529073600000,1529074079000,1.9108,1.91244,1.91012,1.91241,1610460000,8
1529074080000,1529074559000,1.9124,1.91348,1.91201,1.91261,2053770000,8
1529074560000,1529075039000,1.91264,1.91303,1.90937,1.90961,2453010000,8
1529075040000,1529075519000,1.90962,1.9104,1.90921,1.91009,1466270000,8
1529075520000,1529075999000,1.91014,1.91237,1.91001,1.91183,1592940000,8
1529076000000,1529076479000,1.91183,1.91313,1.91179,1.91298,1213010000,8
1529076480000,1529076959000,1.91298,1.91357,1.91247,1.91326,1198670000,8
1529076960000,1529077439000,1.91329,1.91388,1.91265,1.91286,1518500000,8
1529077440000,1529077919000,1.91288,1.91305,1.91212,1.913,1178200000,8
1529077920000,1529078399000,1.91299,1.91397,1.91285,1.91327,1098870000,8
1529078400000,1529078879000,1.91327,1.91429,1.91308,1.91413,1091990000,8
1529078880000,1529079359000,1.91416,1.91516,1.91393,1.91492,1159310000,8
1529079360000,1529079839000,1.9149,1.91541,1.91443,1.91447,1189220000,8
1529079840000,1529080319000,1.91447,1.91451,1.91362,1.91419,1020360000,8
1529080320000,1529080799000,1.91419,1.9144,1.91365,1.91386,898300000,8
1529080800000,1529081279000,1.91385,1.91437,1.91342,1.91429,713040000,8
1529081280000,1529081759000,1.91426,1.91446,1.91375,1.91413,741960000,8
1529081760000,1529082239000,1.91412,1.91524,1.91384,1.91477,778810000,8
1529082240000,1529082719000,1.91477,1.91484,1.91435,1.9147,582610000,8
1529082720000,1529083199000,1.9147,1.91517,1.91457,1.91497,476890000,8
1529083200000,1529083679000,1.91497,1.91552,1.91474,1.91527,842150000,8
1529083680000,1529084159000,1.91525,1.91577,1.91514,1.91556,1130280000,8
1529084160000,1529084639000,1.91556,1.91571,1.91513,1.91554,682680000,8
1529084640000,1529085119000,1.91553,1.91599,1.91553,1.91567,531710000,8
1529085120000,1529085599000,1.91566,1.91576,1.91446,1.91449,853150000,8
1529085600000,1529086079000,1.91449,1.91459,1.91382,1.91382,694130000,8
1529086080000,1529086559000,1.91382,1.91414,1.91333,1.91373,495190000,8
1529086560000,1529087039000,1.91373,1.91426,1.91373,1.91405,418290000,8
1529087040000,1529087519000,1.91405,1.91415,1.91372,1.91409,425580000,8
1529087520000,1529087999000,1.91412,1.91439,1.91265,1.91273,757640000,8
1529088000000,1529088479000,1.91272,1.91289,1.91213,1.91271,722660000,8
1529088480000,1529088959000,1.91269,1.91296,1.91251,1.91286,551150000,8
1529088960000,1529089439000,1.91285,1.91326,1.91271,1.91287,797000000,8
1529089440000,1529089919000,1.91287,1.91309,1.91225,1.91258,815610000,8
1529089920000,1529090399000,1.91259,1.91295,1.91246,1.91264,399970000,8
1529090400000,1529090879000,1.91264,1.91271,1.91222,1.91243,337370000,8
1529090880000,1529091359000,1.9124,1.91278,1.9121,1.91273,512120000,8
1529091360000,1529091839000,1.91264,1.91267,1.91244,1.91246,505370000,8
1529091840000,1529092319000,1.91246,1.91287,1.91246,1.91252,479180000,8
1529092320000,1529092799000,1.91252,1.91272,1.9118,1.91183,662980000,8
1529092800000,1529093279000,1.91181,1.91298,1.91178,1.91267,430020000,8
1529093280000,1529093759000,1.91267,1.91323,1.91266,1.91314,353730000,8
1529093760000,1529094239000,1.91314,1.91354,1.91302,1.91302,396340000,8
1529094240000,1529094719000,1.91302,1.91403,1.91302,1.91367,420600000,8
1529094720000,1529095199000,1.91367,1.91378,1.9131,1.91327,493930000,8
1529095200000,1529095679000,1.91327,1.91377,1.91311,1.91338,593790000,8
1529095680000,1529096159000,1.91336,1.9137,1.91245,1.91259,292840000,8
1529096160000,1529096639000,1.91267,1.91315,1.91197,1.91302,175250000,8
1529096640000,1529097119000,1.91302,1.91302,1.91302,1.91302,0,8
1529097120000,1529097599000,1.91302,1.91302,1.91302,1.91302,0,8
1529097600000,1529098079000,1.91302,1.91302,1.91302,1.91302,0,8
1529098080000,1529098559000,1.91302,1.91302,1.91302,1.91302,0,8
1529098560000,1529099039000,1.91302,1.91302,1.91302,1.91302,0,8
1529099040000,1529099519000,1.91302,1.91302,1.91302,1.91302,0,8
1529099520000,1529099999000,1.91302,1.91302,1.91302,1.91302,0,8
1529100000000,1529100479000,1.91302,1.91302,1.91302,1.91302,0,8
1529100480000,1529100959000,1.91302,1.91302,1.91302,1.91302,0,8
1529100960000,1529101439000,1.91302,1.91302,1.91302,1.91302,0,8
1529101440000,1529101919000,1.91302,1.91302,1.91302,1.91302,0,8
1529101920000,1529102399000,1.91302,1.91302,1.91302,1.91302,0,8
1529102400000,1529102879000,1.91302,1.91302,1.91302,1.91302,0,8
1529102880000,1529103359000,1.91302,1.91302,1.91302,1.91302,0,8
1529103360000,1529103839000,1.91302,1.91302,1.91302,1.91302,0,8
1529103840000,1529104319000,1.91302,1.91302,1.91302,1.91302,0,8
1529104320000,1529104799000,1.91302,1.91302,1.91302,1.91302,0,8
1529104800000,1529105279000,1.91302,1.91302,1.91302,1.91302,0,8
1529105280000,1529105759000,1.91302,1.91302,1.91302,1.91302,0,8
1529105760000,1529106239000,1.91302,1.91302,1.91302,1.91302,0,8
1529106240000,1529106719000,1.91302,1.91302,1.91302,1.91302,0,8
1529106720000,1529107199000,1.91302,1.91302,1.91302,1.91302,0,8
1529269920000,1529270399000,1.91186,1.91378,1.91186,1.91303,563750000,8
1529270400000,1529270879000,1.91303,1.91369,1.91206,1.91207,2055720000,8
1529270880000,1529271359000,1.91206,1.91332,1.91202,1.91276,765520000,8
1529271360000,1529271839000,1.91267,1.91361,1.91183,1.91313,738830000,8
1529271840000,1529272319000,1.91313,1.91345,1.91254,1.91341,394880000,8
1529272800000,1529273279000,1.91309,1.91332,1.91289,1.91308,352030000,8
1529273280000,1529273759000,1.91309,1.91342,1.91274,1.91314,1016830000,8
1529273760000,1529274239000,1.91314,1.91436,1.91287,1.91379,867770000,8
1529274240000,1529274719000,1.91379,1.91393,1.91342,1.91365,342690000,8
1529274720000,1529275199000,1.91365,1.91365,1.91321,1.91348,228010000,8
1529275200000,1529275679000,1.9135,1.91353,1.91334,1.91337,150990000,8
1529275680000,1529276159000,1.91337,1.91351,1.91333,1.91351,183210000,8
1529276160000,1529276639000,1.91351,1.91355,1.913,1.91338,281920000,8
1529276640000,1529277119000,1.9134,1.91362,1.91306,1.91306,263260000,8
1529277120000,1529277599000,1.91308,1.91323,1.91277,1.91281,217390000,8
1529277600000,1529278079000,1.91281,1.91288,1.9123,1.91254,254070000,8
1529278080000,1529278559000,1.91256,1.91296,1.91247,1.91271,262110000,8
1529278560000,1529279039000,1.91273,1.91308,1.91271,1.91281,294640000,8
1529279040000,1529279519000,1.91281,1.91339,1.91279,1.91327,371000000,8
1529279520000,1529279999000,1.91329,1.91355,1.91292,1.91339,291050000,8
1529280000000,1529280479000,1.9134,1.91617,1.91324,1.91553,623570000,8
1529280480000,1529280959000,1.91553,1.91612,1.91499,1.91499,421520000,8
1529280960000,1529281439000,1.91493,1.91592,1.91493,1.91546,644700000,8
1529281440000,1529281919000,1.91549,1.91679,1.91537,1.91656,602590000,8
1529281920000,1529282399000,1.91659,1.91691,1.91583,1.91585,415350000,8
1529282400000,1529282879000,1.91584,1.91644,1.91508,1.91542,427350000,8
1529282880000,1529283359000,1.91541,1.9156,1.91494,1.91528,668830000,8
1529283360000,1529283839000,1.9153,1.91558,1.91487,1.91504,713500000,8
1529283840000,1529284319000,1.91508,1.91555,1.91493,1.91527,436840000,8
1529284320000,1529284799000,1.91527,1.91552,1.91481,1.9149,424820000,8
1529284800000,1529285279000,1.9149,1.91494,1.91449,1.91469,181560000,8
1529285280000,1529285759000,1.91469,1.91659,1.91468,1.91657,577050000,8
1529285760000,1529286239000,1.91657,1.91721,1.91645,1.91648,427900000,8
1529286240000,1529286719000,1.91648,1.91733,1.91617,1.9165,432820000,8
1529286720000,1529287199000,1.91652,1.91739,1.91643,1.91688,448210000,8
1529287200000,1529287679000,1.9169,1.917,1.91645,1.91658,573610000,8
1529287680000,1529288159000,1.9166,1.91671,1.91596,1.91598,358920000,8
1529288160000,1529288639000,1.91598,1.91668,1.91592,1.91667,447320000,8
1529288640000,1529289119000,1.91668,1.91673,1.91633,1.91639,316090000,8
1529289120000,1529289599000,1.91638,1.91662,1.91615,1.9162,400440000,8
1529289600000,1529290079000,1.91618,1.91619,1.91574,1.91585,401130000,8
1529290080000,1529290559000,1.91583,1.91586,1.91522,1.91524,293590000,8
1529290560000,1529291039000,1.91533,1.91558,1.91489,1.91497,356830000,8
1529291040000,1529291519000,1.91496,1.91501,1.91445,1.9147,306890000,8
1529291520000,1529291999000,1.91468,1.91495,1.91452,1.91452,248270000,8
1529292000000,1529292479000,1.91454,1.91467,1.91411,1.91417,301490000,8
1529292480000,1529292959000,1.91416,1.91417,1.91347,1.91371,391410000,8
1529292960000,1529293439000,1.91369,1.91397,1.91351,1.91371,242150000,8
1529293440000,1529293919000,1.91372,1.91397,1.91293,1.91313,263820000,8
1529293920000,1529294399000,1.91311,1.91316,1.91244,1.91278,404970000,8
1529294400000,1529294879000,1.91269,1.91316,1.9125,1.91309,329220000,8
1529294880000,1529295359000,1.91312,1.91317,1.91225,1.9124,286950000,8
1529295360000,1529295839000,1.9124,1.9124,1.91189,1.91194,381510000,8
1529295840000,1529296319000,1.91202,1.91213,1.91155,1.91162,354240000,8
1529296320000,1529296799000,1.91161,1.91163,1.91134,1.91156,278700000,8
1529296800000,1529297279000,1.91154,1.91184,1.91116,1.91184,333860000,8
1529297280000,1529297759000,1.91178,1.91178,1.91081,1.91164,409640000,8
1529297760000,1529298239000,1.91161,1.91205,1.91111,1.91116,317930000,8
1529298240000,1529298719000,1.91116,1.91136,1.91068,1.91071,332830000,8
1529298720000,1529299199000,1.91071,1.91074,1.9104,1.91064,365160000,8
1529299200000,1529299679000,1.91063,1.91137,1.91044,1.91084,544510000,8
1529299680000,1529300159000,1.91084,1.91093,1.90999,1.91017,681570000,8
1529300160000,1529300639000,1.91017,1.91018,1.90892,1.90912,562210000,8
1529300640000,1529301119000,1.90911,1.91028,1.90897,1.91021,492950000,8
1529301120000,1529301599000,1.91021,1.91048,1.90987,1.91016,458340000,8
1529301600000,1529302079000,1.91014,1.91033,1.90868,1.90984,644170000,8
1529302080000,1529302559000,1.90983,1.91003,1.90929,1.90962,715820000,8
1529302560000,1529303039000,1.90963,1.90993,1.90923,1.90933,537890000,8
1529303040000,1529303519000,1.90929,1.91001,1.90902,1.90993,991870000,8
1529303520000,1529303999000,1.90993,1.91029,1.90947,1.91021,1007780000,8
1529304000000,1529304479000,1.9102,1.91081,1.90852,1.90852,938050000,8
1529304480000,1529304959000,1.90869,1.90927,1.90847,1.90891,930700000,8
1529304960000,1529305439000,1.90889,1.90922,1.9082,1.90896,1299050000,8
1529305440000,1529305919000,1.90895,1.90896,1.90754,1.90806,1057110000,8
1529305920000,1529306399000,1.90806,1.90947,1.90791,1.90804,1230290000,8
1529306400000,1529306879000,1.90804,1.90832,1.9074,1.90786,1150320000,8
1529306880000,1529307359000,1.90786,1.90833,1.90752,1.90828,721030000,8
1529307360000,1529307839000,1.90826,1.90907,1.90788,1.90896,715840000,8
1529307840000,1529308319000,1.90896,1.90896,1.90799,1.9082,897460000,8
1529308320000,1529308799000,1.90818,1.90863,1.90745,1.90761,918610000,8
1529308800000,1529309279000,1.90762,1.90829,1.90726,1.90814,1026010000,8
1529309280000,1529309759000,1.90811,1.90814,1.90704,1.90739,1289760000,8
1529309760000,1529310239000,1.90739,1.90784,1.90657,1.90735,1129430000,8
1529310240000,1529310719000,1.90735,1.9074,1.90568,1.90671,918950000,8
1529310720000,1529311199000,1.90673,1.90718,1.90592,1.90595,771120000,8
1529311200000,1529311679000,1.90595,1.90609,1.9049,1.90513,1028010000,8
1529311680000,1529312159000,1.90509,1.90652,1.90509,1.90642,1048280000,8
1529312160000,1529312639000,1.90642,1.90754,1.90639,1.90713,1038870000,8
1529312640000,1529313119000,1.90711,1.90835,1.90705,1.90805,820110000,8
1529313120000,1529313599000,1.90806,1.90815,1.9068,1.90707,1038440000,8
1529313600000,1529314079000,1.90708,1.90767,1.90643,1.90644,1129900000,8
1529314080000,1529314559000,1.90645,1.90853,1.90645,1.90805,1104690000,8
1529314560000,1529315039000,1.90807,1.9082,1.90682,1.90711,844600000,8
1529315040000,1529315519000,1.90711,1.90729,1.90612,1.90623,890510000,8
1529315520000,1529315999000,1.90624,1.90643,1.90568,1.90609,725240000,8
1529316000000,1529316479000,1.90609,1.90683,1.90594,1.90674,1005760000,8
1529316480000,1529316959000,1.90676,1.90758,1.90664,1.9073,824340000,8
1529316960000,1529317439000,1.9073,1.90758,1.90682,1.90741,889050000,8
1529317440000,1529317919000,1.90741,1.90763,1.90706,1.90738,944000000,8
1529317920000,1529318399000,1.90739,1.9075,1.90641,1.90642,1045810000,8
1529318400000,1529318879000,1.90642,1.90642,1.9054,1.90571,949450000,8
1529318880000,1529319359000,1.90571,1.90625,1.90564,1.906,797570000,8
1529319360000,1529319839000,1.906,1.90625,1.90534,1.906,1009840000,8
1529319840000,1529320319000,1.90598,1.90628,1.90563,1.90595,1051880000,8
1529320320000,1529320799000,1.90592,1.90645,1.90574,1.90634,934710000,8
1529320800000,1529321279000,1.90632,1.90663,1.90584,1.90624,400410000,8
1529321280000,1529321759000,1.90625,1.9072,1.90572,1.90693,839370000,8
1529321760000,1529322239000,1.90693,1.90698,1.90531,1.90537,686560000,8
1529322240000,1529322719000,1.90536,1.90585,1.90519,1.9052,613570000,8
1529322720000,1529323199000,1.90521,1.90605,1.90457,1.90603,992730000,8
1529323200000,1529323679000,1.90604,1.90642,1.90576,1.90613,1065150000,8
1529323680000,1529324159000,1.90615,1.90685,1.90599,1.9066,791860000,8
1529324160000,1529324639000,1.90659,1.90683,1.90475,1.90477,878490000,8
1529324640000,1529325119000,1.90478,1.90478,1.90311,1.9033,1230520000,8
1529325120000,1529325599000,1.90331,1.90421,1.90308,1.90413,933080000,8
1529325600000,1529326079000,1.90413,1.90593,1.90375,1.90572,845070000,8
1529326080000,1529326559000,1.90574,1.90677,1.90538,1.90617,995630000,8
1529326560000,1529327039000,1.90617,1.90629,1.90447,1.90551,1097690000,8
1529327040000,1529327519000,1.90547,1.90632,1.90515,1.90575,1099890000,8
1529327520000,1529327999000,1.90572,1.90688,1.90547,1.90602,878520000,8
1529328000000,1529328479000,1.90602,1.90614,1.90494,1.90544,869690000,8
1529328480000,1529328959000,1.90544,1.90677,1.90543,1.90597,1101000000,8
1529328960000,1529329439000,1.90598,1.90631,1.90479,1.90479,1052740000,8
1529329440000,1529329919000,1.90473,1.907,1.90458,1.90678,1069240000,8
1529329920000,1529330399000,1.90678,1.90693,1.90601,1.90601,927840000,8
1529330400000,1529330879000,1.90601,1.90657,1.90507,1.90521,925260000,8
1529330880000,1529331359000,1.90523,1.90594,1.90463,1.90535,1029530000,8
1529331360000,1529331839000,1.90537,1.90613,1.90522,1.90549,1035220000,8
1529331840000,1529332319000,1.9055,1.90556,1.9046,1.90513,1379840000,8
1529332320000,1529332799000,1.90512,1.90661,1.90498,1.90548,1596550000,8
1529332800000,1529333279000,1.90549,1.90606,1.9052,1.9054,1122780000,8
1529333280000,1529333759000,1.90539,1.90638,1.90526,1.90637,1273080000,8
1529333760000,1529334239000,1.90635,1.90683,1.90534,1.90641,1530310000,8
1529334240000,1529334719000,1.90638,1.90756,1.90635,1.90734,940690000,8
1529334720000,1529335199000,1.90735,1.90735,1.90647,1.90654,1048960000,8
1529335200000,1529335679000,1.90655,1.90915,1.90648,1.90898,1184940000,8
1529335680000,1529336159000,1.90894,1.9105,1.90886,1.90974,1391610000,8
1529336160000,1529336639000,1.90978,1.90995,1.90882,1.9092,908730000,8
1529336640000,1529337119000,1.90925,1.9101,1.90874,1.9101,1009950000,8
1529337120000,1529337599000,1.9101,1.91137,1.91007,1.91113,1037380000,8
1529337600000,1529338079000,1.91115,1.91207,1.9111,1.91128,1197500000,8
1529338080000,1529338559000,1.91124,1.91147,1.91096,1.91113,685690000,8
1529338560000,1529339039000,1.91114,1.91146,1.91102,1.91141,660830000,8
1529339040000,1529339519000,1.91141,1.91199,1.91126,1.91172,694250000,8
1529339520000,1529339999000,1.91173,1.91182,1.91115,1.91131,496210000,8
1529340000000,1529340479000,1.91131,1.9119,1.91127,1.91169,496810000,8
1529340480000,1529340959000,1.91169,1.91181,1.91108,1.91168,619340000,8
1529340960000,1529341439000,1.91168,1.91253,1.91132,1.91175,590760000,8
1529341440000,1529341919000,1.91175,1.91204,1.91167,1.91186,429220000,8
1529341920000,1529342399000,1.91187,1.91188,1.91031,1.91053,430030000,8
1529342400000,1529342879000,1.91051,1.91118,1.91038,1.91048,675810000,8
1529342880000,1529343359000,1.91049,1.91114,1.91037,1.91062,564700000,8
1529343360000,1529343839000,1.91061,1.91101,1.91046,1.91083,448720000,8
1529343840000,1529344319000,1.91084,1.91088,1.91061,1.91074,429240000,8
1529344320000,1529344799000,1.91074,1.91079,1.90983,1.90983,563740000,8
1529344800000,1529345279000,1.90982,1.91051,1.90978,1.91033,677950000,8
1529345280000,1529345759000,1.91031,1.91072,1.91016,1.91031,479510000,8
1529345760000,1529346239000,1.91029,1.91039,1.90988,1.91037,370620000,8
1529346240000,1529346719000,1.91036,1.91059,1.90964,1.9099,512700000,8
1529346720000,1529347199000,1.9099,1.91026,1.90982,1.91002,400070000,8
1529347200000,1529347679000,1.90999,1.91037,1.90999,1.91037,443060000,8
1529347680000,1529348159000,1.91036,1.91083,1.90993,1.91003,744470000,8
1529348160000,1529348639000,1.91001,1.91058,1.90988,1.91047,533800000,8
1529348640000,1529349119000,1.91048,1.91083,1.91034,1.91034,292690000,8
1529349120000,1529349599000,1.91031,1.91046,1.90991,1.9101,395360000,8
1529349600000,1529350079000,1.9101,1.91062,1.90993,1.91059,425430000,8
1529350080000,1529350559000,1.91059,1.9107,1.9103,1.9107,377990000,8
1529350560000,1529351039000,1.9107,1.91084,1.91054,1.91082,351670000,8
1529351040000,1529351519000,1.91082,1.91097,1.90991,1.91014,565620000,8
1529351520000,1529351999000,1.91014,1.91028,1.90958,1.90972,596350000,8
1529352000000,1529352479000,1.90967,1.91003,1.90939,1.90983,894530000,8
1529352480000,1529352959000,1.90983,1.91012,1.90982,1.91009,703580000,8
1529352960000,1529353439000,1.91008,1.91065,1.91003,1.91049,429980000,8
1529353440000,1529353919000,1.91047,1.91109,1.91047,1.91095,363160000,8
1529353920000,1529354399000,1.91093,1.91096,1.91024,1.91035,454480000,8
1529354400000,1529354879000,1.91035,1.91046,1.91006,1.91024,225300000,8
1529354880000,1529355359000,1.91024,1.91063,1.90998,1.90998,287180000,8
1529355360000,1529355839000,1.90998,1.91027,1.90814,1.90842,172790000,8
1529355840000,1529356319000,1.90731,1.90829,1.9067,1.90797,48480000,8
1529356320000,1529356799000,1.90729,1.90859,1.90729,1.90825,130820000,8
1529356800000,1529357279000,1.90807,1.90935,1.9073,1.90835,174250000,8
1529357280000,1529357759000,1.90836,1.90936,1.90787,1.9092,265000000,8
1529357760000,1529358239000,1.90924,1.90936,1.90912,1.90932,171300000,8
1529358240000,1529358719000,1.9093,1.9098,1.90929,1.90979,430710000,8
1529358720000,1529359199000,1.9098,1.91035,1.90957,1.90986,476300000,8
1529359200000,1529359679000,1.90989,1.91046,1.90924,1.90984,511300000,8
1529359680000,1529360159000,1.90984,1.91045,1.90965,1.90986,300660000,8
1529360160000,1529360639000,1.90986,1.91021,1.90969,1.91004,142750000,8
1529360640000,1529361119000,1.91003,1.91022,1.90989,1.9102,106000000,8
1529361120000,1529361599000,1.91019,1.91068,1.91016,1.91017,144500000,8
1529361600000,1529362079000,1.91017,1.91018,1.90985,1.91004,201750000,8
1529362080000,1529362559000,1.91003,1.91023,1.91002,1.91017,146010000,8
1529362560000,1529363039000,1.91015,1.91053,1.91011,1.91038,139760000,8
1529363040000,1529363519000,1.91041,1.9107,1.91025,1.9104,193870000,8
1529363520000,1529363999000,1.91044,1.91081,1.9103,1.91063,304060000,8
1529364000000,1529364479000,1.91067,1.91096,1.91053,1.91053,304870000,8
1529364480000,1529364959000,1.91053,1.91188,1.91044,1.91182,795560000,8
1529364960000,1529365439000,1.9118,1.91252,1.91114,1.91241,1371910000,8
1529365440000,1529365919000,1.9124,1.91303,1.91176,1.91254,900380000,8
1529365920000,1529366399000,1.91254,1.91334,1.91251,1.91274,608040000,8
1529366400000,1529366879000,1.91275,1.91304,1.91222,1.91255,1246920000,8
1529366880000,1529367359000,1.91252,1.91304,1.91226,1.91291,915230000,8
1529367360000,1529367839000,1.91292,1.91392,1.91286,1.91369,689240000,8
1529367840000,1529368319000,1.91367,1.91441,1.91344,1.91441,441440000,8
1529368320000,1529368799000,1.9144,1.91441,1.91363,1.91396,443270000,8
1529368800000,1529369279000,1.91397,1.91409,1.91351,1.91375,427080000,8
1529369280000,1529369759000,1.91375,1.91392,1.9131,1.91358,743630000,8
1529369760000,1529370239000,1.91359,1.91361,1.91232,1.91252,794640000,8
1529370240000,1529370719000,1.91254,1.91287,1.91206,1.91255,539720000,8
1529370720000,1529371199000,1.91255,1.91312,1.91238,1.913,519000000,8
1529371200000,1529371679000,1.91299,1.91337,1.91278,1.91323,381590000,8
1529371680000,1529372159000,1.91321,1.91323,1.91127,1.91209,794590000,8
1529372160000,1529372639000,1.9121,1.91302,1.91198,1.91254,633750000,8
1529372640000,1529373119000,1.91254,1.91335,1.91246,1.91328,631690000,8
1529373120000,1529373599000,1.91328,1.9141,1.91308,1.91316,834590000,8
1529373600000,1529374079000,1.91318,1.91414,1.91289,1.91327,782270000,8
1529374080000,1529374559000,1.91329,1.91406,1.91287,1.91368,635270000,8
1529374560000,1529375039000,1.91367,1.9137,1.91242,1.91242,397500000,8
1529375040000,1529375519000,1.91243,1.91265,1.91214,1.91261,690250000,8
1529375520000,1529375999000,1.91262,1.91266,1.91195,1.91254,480380000,8
1529376000000,1529376479000,1.91255,1.91284,1.91212,1.91229,560190000,8
1529376480000,1529376959000,1.9123,1.91277,1.91215,1.91268,426060000,8
1529376960000,1529377439000,1.91268,1.91283,1.91218,1.91268,533530000,8
1529377440000,1529377919000,1.91269,1.91275,1.91218,1.91225,461560000,8
1529377920000,1529378399000,1.91224,1.91253,1.91205,1.91226,517000000,8
1529378400000,1529378879000,1.91237,1.91241,1.91187,1.91215,514850000,8
1529378880000,1529379359000,1.91213,1.91226,1.91158,1.91193,546310000,8
1529379360000,1529379839000,1.91193,1.91198,1.91095,1.91145,480210000,8
1529379840000,1529380319000,1.91146,1.91154,1.91086,1.91128,328000000,8
1529380320000,1529380799000,1.91131,1.91184,1.91119,1.91123,439230000,8
1529380800000,1529381279000,1.91125,1.91205,1.91115,1.91124,690480000,8
1529381280000,1529381759000,1.91125,1.9116,1.91078,1.91127,512770000,8
1529381760000,1529382239000,1.91127,1.9117,1.91102,1.91128,667850000,8
1529382240000,1529382719000,1.91127,1.91241,1.91113,1.91198,500330000,8
1529382720000,1529383199000,1.91198,1.91224,1.91123,1.91177,565680000,8
1529383200000,1529383679000,1.91175,1.9123,1.91172,1.91226,496860000,8
1529383680000,1529384159000,1.91226,1.91226,1.91138,1.91145,459730000,8
1529384160000,1529384639000,1.91144,1.91173,1.91126,1.9116,480660000,8
1529384640000,1529385119000,1.91165,1.91272,1.91152,1.91266,687990000,8
1529385120000,1529385599000,1.91268,1.91413,1.91261,1.9135,652250000,8
1529385600000,1529386079000,1.91352,1.91367,1.91313,1.91333,628210000,8
1529386080000,1529386559000,1.91333,1.91438,1.91311,1.91437,759610000,8
1529386560000,1529387039000,1.91433,1.91485,1.91387,1.9143,854340000,8
1529387040000,1529387519000,1.91431,1.91478,1.91312,1.91385,601190000,8
1529387520000,1529387999000,1.91386,1.91446,1.91354,1.91444,723270000,8
1529388000000,1529388479000,1.91446,1.91692,1.91446,1.91645,1441150000,8
1529388480000,1529388959000,1.91647,1.91648,1.91545,1.916,1215070000,8
1529388960000,1529389439000,1.916,1.91887,1.91569,1.91887,1755040000,8
1529389440000,1529389919000,1.91887,1.91986,1.91752,1.91825,1209290000,8
1529389920000,1529390399000,1.91826,1.91858,1.91715,1.91819,1307960000,8
1529390400000,1529390879000,1.9182,1.91825,1.91685,1.91731,1259940000,8
1529390880000,1529391359000,1.91731,1.91807,1.91626,1.91678,1292100000,8
1529391360000,1529391839000,1.9168,1.91734,1.9154,1.91572,1679360000,8
1529391840000,1529392319000,1.91573,1.91621,1.91538,1.91565,1290460000,8
1529392320000,1529392799000,1.91565,1.91811,1.91563,1.91665,1314840000,8
1529392800000,1529393279000,1.91665,1.91673,1.91505,1.91511,1546670000,8
1529393280000,1529393759000,1.91512,1.91526,1.9136,1.91441,1451020000,8
1529393760000,1529394239000,1.91441,1.91456,1.91181,1.91199,1283910000,8
1529394240000,1529394719000,1.91197,1.91287,1.91174,1.91286,1564670000,8
1529394720000,1529395199000,1.91291,1.91328,1.91111,1.91117,1274780000,8
1529395200000,1529395679000,1.91119,1.91273,1.91093,1.91188,1917650000,8
1529395680000,1529396159000,1.91189,1.91287,1.9113,1.91268,1619550000,8
1529396160000,1529396639000,1.91268,1.91313,1.9124,1.91266,1400200000,8
1529396640000,1529397119000,1.91264,1.91264,1.90987,1.91134,2226660000,8
1529397120000,1529397599000,1.91136,1.91189,1.9099,1.9102,1816220000,8
1529397600000,1529398079000,1.91023,1.91117,1.90983,1.91035,1879260000,8
1529398080000,1529398559000,1.91033,1.9108,1.90902,1.90994,1614570000,8
1529398560000,1529399039000,1.90998,1.91043,1.90779,1.90843,1606330000,8
1529399040000,1529399519000,1.90837,1.90842,1.90659,1.90717,1547940000,8
1529399520000,1529399999000,1.90719,1.90933,1.90719,1.90799,1470580000,8
1529400000000,1529400479000,1.90798,1.9084,1.90707,1.90742,1349550000,8
1529400480000,1529400959000,1.90743,1.90875,1.90727,1.90874,1117400000,8
1529400960000,1529401439000,1.90871,1.90905,1.9073,1.90761,1123160000,8
1529401440000,1529401919000,1.90761,1.90772,1.90699,1.90757,963280000,8
1529401920000,1529402399000,1.90756,1.90762,1.90612,1.90704,1292970000,8
1529402400000,1529402879000,1.90701,1.9075,1.90647,1.90686,1207790000,8
1529402880000,1529403359000,1.90686,1.90806,1.90668,1.9077,1034220000,8
1529403360000,1529403839000,1.90771,1.90802,1.90729,1.90794,1274890000,8
1529403840000,1529404319000,1.90797,1.90813,1.907,1.90742,1009250000,8
1529404320000,1529404799000,1.90742,1.90868,1.90691,1.90855,1129830000,8
1529404800000,1529405279000,1.9085,1.90866,1.90774,1.90832,1009430000,8
1529405280000,1529405759000,1.90832,1.9097,1.90741,1.90947,1094520000,8
1529405760000,1529406239000,1.90956,1.90966,1.90882,1.90963,1387190000,8
1529406240000,1529406719000,1.90965,1.91034,1.90933,1.90957,1336380000,8
1529406720000,1529407199000,1.90956,1.90985,1.90802,1.90832,1450620000,8
1529407200000,1529407679000,1.90832,1.9088,1.90802,1.90852,1459170000,8
1529407680000,1529408159000,1.90854,1.90949,1.90848,1.90921,1418520000,8
1529408160000,1529408639000,1.90923,1.90967,1.90864,1.90933,1186200000,8
1529408640000,1529409119000,1.90931,1.90934,1.90805,1.90832,936810000,8
1529409120000,1529409599000,1.90836,1.90866,1.90786,1.90834,1251680000,8
1529409600000,1529410079000,1.90834,1.90931,1.90801,1.90929,1545600000,8
1529410080000,1529410559000,1.90929,1.90972,1.90895,1.90949,1436370000,8
1529410560000,1529411039000,1.90952,1.9096,1.90894,1.90907,1071880000,8
1529411040000,1529411519000,1.90907,1.90934,1.90793,1.90907,1306860000,8
1529411520000,1529411999000,1.90907,1.91018,1.90901,1.9094,1366380000,8
1529412000000,1529412479000,1.90938,1.91126,1.90896,1.91085,1562810000,8
1529412480000,1529412959000,1.91089,1.91127,1.91073,1.91099,1011480000,8
1529412960000,1529413439000,1.91101,1.9113,1.91043,1.91081,1280090000,8
1529413440000,1529413919000,1.9108,1.911,1.91034,1.91088,1228330000,8
1529413920000,1529414399000,1.91085,1.91115,1.91023,1.91081,1313880000,8
1529414400000,1529414879000,1.91089,1.91094,1.90972,1.91004,1040740000,8
1529414880000,1529415359000,1.91004,1.91018,1.90953,1.91006,1428010000,8
1529415360000,1529415839000,1.91004,1.91128,1.90993,1.91096,1297420000,8
1529415840000,1529416319000,1.91094,1.91132,1.90996,1.91122,1361010000,8
1529416320000,1529416799000,1.91124,1.91159,1.90925,1.90957,1424340000,8
1529416800000,1529417279000,1.90958,1.90991,1.90782,1.90823,1997420000,8
1529417280000,1529417759000,1.90823,1.90878,1.90734,1.9075,1695440000,8
1529417760000,1529418239000,1.90759,1.90804,1.90708,1.90742,1807470000,8
1529418240000,1529418719000,1.90747,1.9082,1.90699,1.90724,1863290000,8
1529418720000,1529419199000,1.90725,1.90914,1.90717,1.9091,1358840000,8
1529419200000,1529419679000,1.90907,1.90928,1.90847,1.90867,1488300000,8
1529419680000,1529420159000,1.90866,1.90987,1.90856,1.90954,1483060000,8
1529420160000,1529420639000,1.90952,1.91033,1.9089,1.91033,1591680000,8
1529420640000,1529421119000,1.91031,1.91108,1.91014,1.91044,1022270000,8
1529421120000,1529421599000,1.91039,1.91083,1.90995,1.91056,1086650000,8
1529421600000,1529422079000,1.91055,1.91071,1.90892,1.90991,1639010000,8
1529422080000,1529422559000,1.90991,1.91071,1.90918,1.90972,1210080000,8
1529422560000,1529423039000,1.90972,1.91006,1.90877,1.909,1313860000,8
1529423040000,1529423519000,1.90898,1.90918,1.90792,1.90795,1059830000,8
1529423520000,1529423999000,1.90793,1.90794,1.90686,1.90715,779680000,8
1529424000000,1529424479000,1.90714,1.90821,1.90674,1.9081,748960000,8
1529424480000,1529424959000,1.9081,1.90837,1.90765,1.90813,654210000,8
1529424960000,1529425439000,1.90811,1.90877,1.90796,1.90802,901870000,8
1529425440000,1529425919000,1.90788,1.90843,1.90773,1.90817,561110000,8
1529425920000,1529426399000,1.90816,1.90825,1.90748,1.90763,679960000,8
1529426400000,1529426879000,1.90763,1.9083,1.90754,1.90821,765920000,8
1529426880000,1529427359000,1.90822,1.90904,1.90807,1.90904,647480000,8
1529427360000,1529427839000,1.90904,1.90939,1.90875,1.90897,725370000,8
1529427840000,1529428319000,1.90897,1.90905,1.90833,1.90862,631340000,8
1529428320000,1529428799000,1.90862,1.90881,1.90801,1.90828,732810000,8
1529428800000,1529429279000,1.90839,1.90858,1.90818,1.9085,777730000,8
1529429280000,1529429759000,1.90851,1.90888,1.90842,1.90854,603350000,8
1529429760000,1529430239000,1.90856,1.90902,1.90838,1.90866,476610000,8
1529430240000,1529430719000,1.90867,1.90896,1.90836,1.90849,483120000,8
1529430720000,1529431199000,1.9085,1.9089,1.90833,1.90849,396430000,8
1529431200000,1529431679000,1.90848,1.90908,1.90837,1.90853,589750000,8
1529431680000,1529432159000,1.90854,1.90955,1.90845,1.90948,596700000,8
1529432160000,1529432639000,1.90948,1.90998,1.9089,1.9094,648570000,8
1529432640000,1529433119000,1.9094,1.90943,1.909,1.90918,557500000,8
1529433120000,1529433599000,1.90932,1.90937,1.90882,1.90891,449930000,8
1529433600000,1529434079000,1.90891,1.90892,1.90832,1.90837,431060000,8
1529434080000,1529434559000,1.9083,1.90867,1.90805,1.90861,440000000,8
1529434560000,1529435039000,1.90862,1.90917,1.9084,1.90916,683110000,8
1529435040000,1529435519000,1.90913,1.90972,1.90901,1.90921,446000000,8
1529435520000,1529435999000,1.9092,1.90933,1.90881,1.90917,361240000,8
1529436000000,1529436479000,1.90916,1.90962,1.90908,1.90934,390140000,8
1529436480000,1529436959000,1.90935,1.90943,1.90894,1.90908,346010000,8
1529436960000,1529437439000,1.90907,1.9098,1.90896,1.90964,354000000,8
1529437440000,1529437919000,1.90964,1.90999,1.90949,1.90955,363250000,8
1529437920000,1529438399000,1.90955,1.91013,1.90954,1.90964,427880000,8
1529438400000,1529438879000,1.90965,1.91023,1.90947,1.91019,441500000,8
1529438880000,1529439359000,1.91016,1.9102,1.90953,1.90966,214570000,8
1529439360000,1529439839000,1.90967,1.91013,1.90944,1.90947,320040000,8
1529439840000,1529440319000,1.90946,1.91005,1.90942,1.90966,396320000,8
1529440320000,1529440799000,1.90965,1.90974,1.90896,1.90896,221790000,8
1529440800000,1529441279000,1.909,1.90906,1.90843,1.90845,220050000,8
1529441280000,1529441759000,1.90845,1.90884,1.90845,1.9086,107460000,8
1529441760000,1529442239000,1.90856,1.90857,1.90746,1.90746,126850000,8
1529442240000,1529442719000,1.90811,1.90893,1.90707,1.90845,105310000,8
1529442720000,1529443199000,1.90797,1.90868,1.9079,1.90848,76150000,8
1529443200000,1529443679000,1.90848,1.90848,1.90697,1.90783,213620000,8
1529443680000,1529444159000,1.90752,1.90803,1.90742,1.90802,249510000,8
1529444160000,1529444639000,1.90801,1.90844,1.90801,1.90839,269800000,8
1529444640000,1529445119000,1.90839,1.90855,1.90831,1.90843,367480000,8
1529445120000,1529445599000,1.90843,1.90869,1.90839,1.90853,243900000,8
1529445600000,1529446079000,1.90852,1.90982,1.90832,1.90977,265580000,8
1529446080000,1529446559000,1.90977,1.91106,1.90967,1.91097,489240000,8
1529446560000,1529447039000,1.91097,1.91097,1.91029,1.91036,132240000,8
1529447040000,1529447519000,1.91036,1.91053,1.91026,1.91026,158760000,8
1529447520000,1529447999000,1.91026,1.91026,1.90974,1.90998,201070000,8
1529448000000,1529448479000,1.90996,1.91077,1.90996,1.9103,316510000,8
1529448480000,1529448959000,1.91028,1.91028,1.90957,1.90984,176830000,8
1529448960000,1529449439000,1.90984,1.90984,1.90898,1.90925,288340000,8
1529449440000,1529449919000,1.90925,1.90983,1.909,1.90925,274870000,8
1529449920000,1529450399000,1.90924,1.90961,1.90849,1.90883,254330000,8
1529450400000,1529450879000,1.9088,1.90887,1.90743,1.90746,285510000,8
1529450880000,1529451359000,1.90748,1.90865,1.90748,1.90844,425130000,8
1529451360000,1529451839000,1.90845,1.90857,1.90805,1.90817,359810000,8
1529451840000,1529452319000,1.90818,1.90842,1.90749,1.90761,449000000,8
1529452320000,1529452799000,1.90762,1.90842,1.90743,1.90775,330000000,8
1529452800000,1529453279000,1.90776,1.9087,1.90755,1.90807,424070000,8
1529453280000,1529453759000,1.90806,1.9088,1.90767,1.90874,499910000,8
1529453760000,1529454239000,1.90874,1.90898,1.90738,1.90809,460210000,8
1529454240000,1529454719000,1.90811,1.90838,1.90754,1.90778,387440000,8
1529454720000,1529455199000,1.9078,1.90796,1.90738,1.9076,566730000,8
1529455200000,1529455679000,1.90759,1.90795,1.90745,1.90752,475570000,8
1529455680000,1529456159000,1.90751,1.90767,1.90664,1.90702,768390000,8
1529456160000,1529456639000,1.90699,1.90777,1.90634,1.90767,738470000,8
1529456640000,1529457119000,1.90766,1.90834,1.90741,1.90782,627440000,8
1529457120000,1529457599000,1.90781,1.90789,1.90657,1.90679,758500000,8
1529457600000,1529458079000,1.90679,1.90696,1.90584,1.90606,554580000,8
1529458080000,1529458559000,1.90606,1.90606,1.90516,1.90539,815510000,8
1529458560000,1529459039000,1.90534,1.9058,1.905,1.90523,818070000,8
1529459040000,1529459519000,1.90523,1.90544,1.90448,1.90457,621540000,8
1529459520000,1529459999000,1.90456,1.90511,1.90427,1.90478,512860000,8
1529460000000,1529460479000,1.90479,1.90496,1.90345,1.90368,954960000,8
1529460480000,1529460959000,1.90367,1.90463,1.90342,1.90457,617670000,8
1529460960000,1529461439000,1.90459,1.90493,1.90414,1.90463,451910000,8
1529461440000,1529461919000,1.90463,1.90478,1.90411,1.90432,521240000,8
1529461920000,1529462399000,1.9043,1.9046,1.90422,1.9044,459250000,8
1529462400000,1529462879000,1.90439,1.90507,1.90436,1.90461,406000000,8
1529462880000,1529463359000,1.90462,1.9052,1.9043,1.90504,571820000,8
1529463360000,1529463839000,1.90506,1.9056,1.90461,1.90468,584470000,8
1529463840000,1529464319000,1.90466,1.90474,1.90404,1.90458,443370000,8
1529464320000,1529464799000,1.90456,1.90456,1.90376,1.90399,354130000,8
1529464800000,1529465279000,1.90399,1.90405,1.90336,1.90363,442640000,8
1529465280000,1529465759000,1.90363,1.90446,1.90353,1.90415,464000000,8
1529465760000,1529466239000,1.90415,1.90463,1.90351,1.90363,479070000,8
1529466240000,1529466719000,1.90361,1.9044,1.90361,1.90417,638730000,8
1529466720000,1529467199000,1.90416,1.90493,1.90379,1.90469,456410000,8
1529467200000,1529467679000,1.90469,1.90515,1.90465,1.90513,352130000,8
1529467680000,1529468159000,1.9051,1.90592,1.90507,1.90586,384250000,8
1529468160000,1529468639000,1.90586,1.90628,1.90545,1.90555,390260000,8
1529468640000,1529469119000,1.90568,1.90596,1.90548,1.90565,504110000,8
1529469120000,1529469599000,1.90566,1.90636,1.90565,1.90614,333550000,8
1529469600000,1529470079000,1.90611,1.9062,1.90537,1.9055,208610000,8
1529470080000,1529470559000,1.90551,1.90663,1.90547,1.90614,528880000,8
1529470560000,1529471039000,1.90615,1.90638,1.90584,1.90609,329250000,8
1529471040000,1529471519000,1.90608,1.90676,1.90602,1.90643,484000000,8
1529471520000,1529471999000,1.90641,1.90647,1.90555,1.90574,655880000,8
1529472000000,1529472479000,1.90576,1.906,1.90515,1.90528,845350000,8
1529472480000,1529472959000,1.9053,1.90592,1.90485,1.90531,773100000,8
1529472960000,1529473439000,1.90532,1.90613,1.90486,1.90605,731000000,8
1529473440000,1529473919000,1.90606,1.90632,1.9054,1.90601,582260000,8
1529473920000,1529474399000,1.90602,1.90643,1.90568,1.90626,582070000,8
1529474400000,1529474879000,1.90627,1.90738,1.9059,1.90696,809670000,8
1529474880000,1529475359000,1.90694,1.90694,1.90551,1.90634,990570000,8
1529475360000,1529475839000,1.90633,1.9067,1.90587,1.90637,978810000,8
1529475840000,1529476319000,1.90636,1.90659,1.90573,1.90619,1089710000,8
1529476320000,1529476799000,1.90619,1.90623,1.90537,1.90578,1041000000,8
1529476800000,1529477279000,1.90582,1.9059,1.90514,1.90543,617190000,8
1529477280000,1529477759000,1.90543,1.90588,1.9044,1.90473,771950000,8
1529477760000,1529478239000,1.90471,1.906,1.90441,1.90531,1603720000,8
1529478240000,1529478719000,1.9053,1.90553,1.90449,1.90527,1499290000,8
1529478720000,1529479199000,1.90525,1.90569,1.90491,1.90556,1174270000,8
1529479200000,1529479679000,1.90556,1.9059,1.90506,1.9057,948400000,8
1529479680000,1529480159000,1.9057,1.90621,1.90532,1.90595,1013200000,8
1529480160000,1529480639000,1.90601,1.90722,1.90593,1.90694,1247210000,8
1529480640000,1529481119000,1.907,1.90829,1.90697,1.9077,1904270000,8
1529481120000,1529481599000,1.9077,1.90855,1.9077,1.9084,1293000000,8
1529481600000,1529482079000,1.90841,1.90911,1.90796,1.90875,1202430000,8
1529482080000,1529482559000,1.90877,1.9093,1.90773,1.90857,1787160000,8
1529482560000,1529483039000,1.90859,1.90946,1.90791,1.90868,1477570000,8
1529483040000,1529483519000,1.90867,1.90874,1.90726,1.90818,1459950000,8
1529483520000,1529483999000,1.90818,1.91,1.9078,1.90983,1161560000,8
1529484000000,1529484479000,1.90989,1.91151,1.90982,1.91073,1160020000,8
1529484480000,1529484959000,1.91072,1.91209,1.91039,1.91178,991910000,8
1529484960000,1529485439000,1.9118,1.91181,1.91074,1.91108,1087990000,8
1529485440000,1529485919000,1.91108,1.91111,1.90988,1.91018,799100000,8
1529485920000,1529486399000,1.91014,1.91048,1.90974,1.90974,945530000,8
1529486400000,1529486879000,1.90974,1.91126,1.90971,1.91108,870970000,8
1529486880000,1529487359000,1.91106,1.91152,1.9097,1.9097,1381610000,8
1529487360000,1529487839000,1.90972,1.91164,1.90972,1.91151,756300000,8
1529487840000,1529488319000,1.91151,1.91226,1.91126,1.9121,901540000,8
1529488320000,1529488799000,1.91206,1.91222,1.911,1.91132,792300000,8
1529488800000,1529489279000,1.91132,1.91193,1.91074,1.91086,1036190000,8
1529489280000,1529489759000,1.9109,1.91091,1.90986,1.91007,1029810000,8
1529489760000,1529490239000,1.91007,1.91055,1.90979,1.91049,747810000,8
1529490240000,1529490719000,1.91045,1.91084,1.9099,1.9099,831090000,8
1529490720000,1529491199000,1.90989,1.91051,1.90973,1.91044,1016010000,8
1529491200000,1529491679000,1.91042,1.91099,1.91011,1.91079,781760000,8
1529491680000,1529492159000,1.91079,1.91099,1.90998,1.91034,770890000,8
1529492160000,1529492639000,1.91036,1.91169,1.91036,1.91154,1823670000,8
1529492640000,1529493119000,1.91154,1.91195,1.91108,1.91192,2014660000,8
1529493120000,1529493599000,1.91196,1.91332,1.91193,1.91332,1674970000,8
1529493600000,1529494079000,1.91332,1.91388,1.91265,1.91361,1006570000,8
1529494080000,1529494559000,1.91359,1.91438,1.91307,1.91412,886500000,8
1529494560000,1529495039000,1.91413,1.91672,1.91372,1.91671,1153480000,8
1529495040000,1529495519000,1.91671,1.91695,1.91593,1.91601,890220000,8
1529495520000,1529495999000,1.91601,1.91727,1.91546,1.91727,1006220000,8
1529496000000,1529496479000,1.91725,1.91776,1.91585,1.91591,1138560000,8
1529496480000,1529496959000,1.91592,1.91814,1.91592,1.91769,975270000,8
1529496960000,1529497439000,1.9177,1.91773,1.91651,1.91661,977120000,8
1529497440000,1529497919000,1.91659,1.91774,1.91602,1.91766,1071510000,8
1529497920000,1529498399000,1.91768,1.91906,1.91766,1.91858,953340000,8
1529498400000,1529498879000,1.91858,1.91861,1.91688,1.9171,1111740000,8
1529498880000,1529499359000,1.91711,1.91749,1.9161,1.9168,1382080000,8
1529499360000,1529499839000,1.9168,1.91739,1.91644,1.91718,1491620000,8
1529499840000,1529500319000,1.91717,1.9174,1.91644,1.91655,1374680000,8
1529500320000,1529500799000,1.91655,1.91753,1.91632,1.9171,1287760000,8
1529500800000,1529501279000,1.91711,1.91907,1.91691,1.91874,1572640000,8
1529501280000,1529501759000,1.91879,1.91885,1.91786,1.91844,2049220000,8
1529501760000,1529502239000,1.91846,1.91968,1.91831,1.91925,1373860000,8
1529502240000,1529502719000,1.91924,1.91928,1.91635,1.91668,1430350000,8
1529502720000,1529503199000,1.91666,1.91746,1.91491,1.91518,1943040000,8
1529503200000,1529503679000,1.9153,1.91668,1.91454,1.91623,1759070000,8
1529503680000,1529504159000,1.91623,1.9177,1.91623,1.91711,1569240000,8
1529504160000,1529504639000,1.91716,1.91748,1.9157,1.91733,1401490000,8
1529504640000,1529505119000,1.91733,1.91789,1.91656,1.91766,1593860000,8
1529505120000,1529505599000,1.91766,1.9182,1.91727,1.91807,1186210000,8
1529505600000,1529506079000,1.91807,1.91885,1.91748,1.91826,1356290000,8
1529506080000,1529506559000,1.91822,1.9194,1.91772,1.91885,1535920000,8
1529506560000,1529507039000,1.91884,1.91903,1.91749,1.91843,1843280000,8
1529507040000,1529507519000,1.91843,1.91845,1.91654,1.91654,1445970000,8
1529507520000,1529507999000,1.91658,1.91844,1.91578,1.91829,1230980000,8
1529508000000,1529508479000,1.91827,1.91968,1.91826,1.91959,1119930000,8
1529508480000,1529508959000,1.91957,1.92035,1.91946,1.9201,1193860000,8
1529508960000,1529509439000,1.9201,1.92076,1.91987,1.92044,1312990000,8
1529509440000,1529509919000,1.92044,1.92095,1.92018,1.92018,976630000,8
1529509920000,1529510399000,1.9202,1.92076,1.91985,1.92015,1269710000,8
1529510400000,1529510879000,1.92017,1.92071,1.9194,1.91965,1180130000,8
1529510880000,1529511359000,1.91964,1.92005,1.91907,1.91927,949330000,8
1529511360000,1529511839000,1.91929,1.91973,1.91883,1.91936,953690000,8
1529511840000,1529512319000,1.91936,1.91943,1.91874,1.91895,999500000,8
1529512320000,1529512799000,1.91895,1.91912,1.91838,1.91881,923340000,8
1529512800000,1529513279000,1.91861,1.91929,1.9184,1.91895,830270000,8
1529513280000,1529513759000,1.91895,1.91941,1.91871,1.91936,656990000,8
1529513760000,1529514239000,1.91937,1.9196,1.91884,1.91894,612160000,8
1529514240000,1529514719000,1.91894,1.91943,1.91878,1.91939,645400000,8
1529514720000,1529515199000,1.91928,1.91967,1.91889,1.91914,527880000,8
1529515200000,1529515679000,1.91914,1.91914,1.91857,1.91863,602750000,8
1529515680000,1529516159000,1.91861,1.91872,1.91806,1.91832,746400000,8
1529516160000,1529516639000,1.9183,1.9183,1.91731,1.91732,578390000,8
1529516640000,1529517119000,1.91747,1.91834,1.91745,1.91789,592370000,8
1529517120000,1529517599000,1.91789,1.91851,1.9178,1.91794,735460000,8
1529517600000,1529518079000,1.91794,1.91899,1.91794,1.91887,707690000,8
1529518080000,1529518559000,1.91886,1.91953,1.91875,1.91912,549130000,8
1529518560000,1529519039000,1.91914,1.91921,1.91871,1.91883,875720000,8
1529519040000,1529519519000,1.91884,1.91913,1.91845,1.91878,752320000,8
1529519520000,1529519999000,1.91878,1.91907,1.91825,1.9185,1005990000,8
1529520000000,1529520479000,1.91849,1.91877,1.91833,1.91842,739910000,8
1529520480000,1529520959000,1.91841,1.92025,1.91837,1.92021,636230000,8
1529520960000,1529521439000,1.92021,1.9214,1.9202,1.92129,772130000,8
1529521440000,1529521919000,1.9213,1.9214,1.92105,1.92117,441500000,8
1529521920000,1529522399000,1.92118,1.92148,1.92098,1.92124,476940000,8
1529522400000,1529522879000,1.92124,1.92132,1.92071,1.92102,447640000,8
1529522880000,1529523359000,1.92099,1.92128,1.92082,1.92098,406690000,8
1529523360000,1529523839000,1.92098,1.92138,1.92092,1.9213,320190000,8
1529523840000,1529524319000,1.92128,1.9219,1.92121,1.92178,293600000,8
1529524320000,1529524799000,1.92178,1.92186,1.92114,1.92124,524790000,8
1529524800000,1529525279000,1.92121,1.92158,1.92059,1.92093,411600000,8
1529525280000,1529525759000,1.92094,1.92124,1.92062,1.92065,355690000,8
1529525760000,1529526239000,1.92064,1.92121,1.92027,1.92095,467670000,8
1529526240000,1529526719000,1.92093,1.92121,1.91995,1.92066,615840000,8
1529526720000,1529527199000,1.92066,1.92104,1.92053,1.92085,693630000,8
1529527200000,1529527679000,1.92085,1.92097,1.92017,1.92046,557100000,8
1529527680000,1529528159000,1.92038,1.92045,1.91886,1.91929,501170000,8
1529528160000,1529528639000,1.91929,1.91939,1.91827,1.91876,358130000,8
1529528640000,1529529119000,1.91811,1.91962,1.91791,1.91906,261080000,8
1529529120000,1529529599000,1.91906,1.91931,1.9186,1.9189,516990000,8
1529529600000,1529530079000,1.91891,1.91892,1.91848,1.91872,490310000,8
1529530080000,1529530559000,1.91872,1.91967,1.91867,1.91867,389420000,8
1529530560000,1529531039000,1.91867,1.91902,1.91829,1.9183,312530000,8
1529531040000,1529531519000,1.91832,1.91904,1.91829,1.91894,132190000,8
1529531520000,1529531999000,1.91887,1.91936,1.91865,1.91885,219750000,8
1529532000000,1529532479000,1.91887,1.92059,1.91886,1.92046,297100000,8
1529532480000,1529532959000,1.92046,1.92057,1.92006,1.92006,269000000,8
1529532960000,1529533439000,1.92007,1.92007,1.91936,1.9194,233810000,8
1529533440000,1529533919000,1.91937,1.91985,1.91931,1.91951,215500000,8
1529533920000,1529534399000,1.9195,1.91959,1.919,1.91905,312560000,8
1529534400000,1529534879000,1.91905,1.91961,1.91767,1.91876,458900000,8
1529534880000,1529535359000,1.91877,1.92022,1.91876,1.91942,203500000,8
1529535360000,1529535839000,1.91942,1.91971,1.91889,1.91932,303500000,8
1529535840000,1529536319000,1.91929,1.91993,1.91889,1.91895,392750000,8
1529536320000,1529536799000,1.91895,1.91917,1.91873,1.91903,319920000,8
1529536800000,1529537279000,1.91903,1.91911,1.91872,1.91895,209420000,8
1529537280000,1529537759000,1.91896,1.91936,1.91857,1.91859,353950000,8
1529537760000,1529538239000,1.91856,1.91861,1.91773,1.91806,315450000,8
1529538240000,1529538719000,1.91804,1.91806,1.91736,1.91771,391110000,8
1529538720000,1529539199000,1.91774,1.91811,1.9175,1.9179,272370000,8
1529539200000,1529539679000,1.91789,1.91918,1.91785,1.91837,700430000,8
1529539680000,1529540159000,1.91837,1.91895,1.91831,1.91837,536180000,8
1529540160000,1529540639000,1.91837,1.9217,1.91837,1.92164,978140000,8
1529540640000,1529541119000,1.92166,1.92211,1.92044,1.92047,562240000,8
1529541120000,1529541599000,1.92049,1.92087,1.91999,1.92049,350090000,8
1529541600000,1529542079000,1.92046,1.92097,1.9204,1.92097,331250000,8
1529542080000,1529542559000,1.92097,1.92216,1.92035,1.92176,606490000,8
1529542560000,1529543039000,1.92178,1.92414,1.92173,1.92358,800710000,8
1529543040000,1529543519000,1.92359,1.9244,1.92293,1.92339,644640000,8
1529543520000,1529543999000,1.9234,1.92572,1.92337,1.92535,644760000,8
1529544000000,1529544479000,1.92535,1.92602,1.92476,1.92524,1037840000,8
1529544480000,1529544959000,1.92524,1.926,1.92452,1.92562,1073650000,8
1529544960000,1529545439000,1.92563,1.9257,1.92469,1.92492,844450000,8
1529545440000,1529545919000,1.92486,1.92527,1.92445,1.92486,588750000,8
1529545920000,1529546399000,1.92487,1.92525,1.92319,1.92358,771990000,8
1529546400000,1529546879000,1.92357,1.9253,1.92311,1.92473,731990000,8
1529546880000,1529547359000,1.92473,1.92516,1.92277,1.92283,764160000,8
1529547360000,1529547839000,1.9228,1.92319,1.92268,1.92277,666270000,8
1529547840000,1529548319000,1.92278,1.92282,1.92202,1.92222,1005040000,8
1529548320000,1529548799000,1.92226,1.9233,1.92201,1.92282,884710000,8
1529548800000,1529549279000,1.92283,1.92327,1.92275,1.92316,721010000,8
1529549280000,1529549759000,1.92316,1.92334,1.92226,1.92257,383880000,8
1529549760000,1529550239000,1.92254,1.92337,1.92234,1.92309,547750000,8
1529550240000,1529550719000,1.92309,1.92399,1.92303,1.92356,600390000,8
1529550720000,1529551199000,1.92362,1.92373,1.92325,1.92362,354380000,8
1529551200000,1529551679000,1.92362,1.92388,1.92278,1.9229,710610000,8
1529551680000,1529552159000,1.9229,1.92312,1.92265,1.92295,631190000,8
1529552160000,1529552639000,1.92293,1.92469,1.92281,1.92409,917380000,8
1529552640000,1529553119000,1.92409,1.9241,1.92325,1.92326,410190000,8
1529553120000,1529553599000,1.92326,1.92362,1.92324,1.92349,266000000,8
1529553600000,1529554079000,1.92349,1.9237,1.92316,1.92347,399660000,8
1529554080000,1529554559000,1.92347,1.92491,1.92344,1.92462,581030000,8
1529554560000,1529555039000,1.92462,1.92462,1.9236,1.92375,491760000,8
1529555040000,1529555519000,1.92374,1.92383,1.92325,1.92337,317180000,8
1529555520000,1529555999000,1.92335,1.92425,1.92325,1.92397,374490000,8
1529556000000,1529556479000,1.92397,1.92418,1.92338,1.92367,416500000,8
1529556480000,1529556959000,1.92369,1.92373,1.92263,1.92288,529620000,8
1529556960000,1529557439000,1.92289,1.92351,1.92286,1.92328,525500000,8
1529557440000,1529557919000,1.92332,1.92379,1.92323,1.92378,512870000,8
1529557920000,1529558399000,1.92378,1.92545,1.9237,1.92494,929070000,8
1529558400000,1529558879000,1.92493,1.92496,1.9242,1.92446,877030000,8
1529558880000,1529559359000,1.92446,1.92462,1.92362,1.92381,609740000,8
1529559360000,1529559839000,1.9238,1.92451,1.92357,1.92375,588380000,8
1529559840000,1529560319000,1.92375,1.9238,1.92281,1.92281,608240000,8
1529560320000,1529560799000,1.92278,1.92336,1.92264,1.92336,482710000,8
1529560800000,1529561279000,1.92336,1.92428,1.92322,1.92397,1648620000,8
1529561280000,1529561759000,1.92398,1.92443,1.92262,1.92418,1267060000,8
1529561760000,1529562239000,1.92424,1.92433,1.92245,1.92304,1157900000,8
1529562240000,1529562719000,1.92305,1.92318,1.92121,1.92131,1357770000,8
1529562720000,1529563199000,1.9213,1.92212,1.92052,1.92161,1433220000,8
1529563200000,1529563679000,1.9216,1.92204,1.9206,1.92088,998780000,8
1529563680000,1529564159000,1.92088,1.92224,1.92083,1.92216,1018550000,8
1529564160000,1529564639000,1.92214,1.9234,1.922,1.92335,1540770000,8
1529564640000,1529565119000,1.92336,1.92337,1.92119,1.92163,1297270000,8
1529565120000,1529565599000,1.92163,1.92314,1.92154,1.9216,1294310000,8
1529565600000,1529566079000,1.92157,1.92311,1.92139,1.92155,1201460000,8
1529566080000,1529566559000,1.92155,1.92225,1.92034,1.92114,1002200000,8
1529566560000,1529567039000,1.92114,1.92125,1.92023,1.92056,1474990000,8
1529567040000,1529567519000,1.92056,1.92158,1.92017,1.92118,1991210000,8
1529567520000,1529567999000,1.92117,1.92122,1.91912,1.9197,1526000000,8
1529568000000,1529568479000,1.91967,1.92124,1.91965,1.92109,1477870000,8
1529568480000,1529568959000,1.92109,1.92124,1.92045,1.92093,1292030000,8
1529568960000,1529569439000,1.92093,1.92203,1.92038,1.9218,1519300000,8
1529569440000,1529569919000,1.9218,1.92184,1.92044,1.92133,1386420000,8
1529569920000,1529570399000,1.92131,1.92176,1.92072,1.92112,1329130000,8
1529570400000,1529570879000,1.92112,1.92137,1.91977,1.92039,1465510000,8
1529570880000,1529571359000,1.92035,1.92043,1.91799,1.91825,1967960000,8
1529571360000,1529571839000,1.91822,1.91863,1.91708,1.91722,2002800000,8
1529571840000,1529572319000,1.91721,1.91776,1.9163,1.9172,1621700000,8
1529572320000,1529572799000,1.91715,1.9181,1.91669,1.91785,1625240000,8
1529572800000,1529573279000,1.91785,1.91801,1.9168,1.91689,1435630000,8
1529573280000,1529573759000,1.9169,1.91737,1.9163,1.91733,1223940000,8
1529573760000,1529574239000,1.91734,1.91751,1.91573,1.91591,1353400000,8
1529574240000,1529574719000,1.91588,1.91652,1.91545,1.91567,1035060000,8
1529574720000,1529575199000,1.91567,1.91672,1.91525,1.91576,1245580000,8
1529575200000,1529575679000,1.91575,1.91587,1.91511,1.91541,1040250000,8
1529575680000,1529576159000,1.91543,1.91569,1.91438,1.91496,1102350000,8
1529576160000,1529576639000,1.91495,1.91496,1.91316,1.91322,1037530000,8
1529576640000,1529577119000,1.91317,1.91394,1.91264,1.91345,1067740000,8
1529577120000,1529577599000,1.91346,1.91362,1.91273,1.91299,923390000,8
1529577600000,1529578079000,1.91299,1.91387,1.91266,1.91322,858900000,8
1529578080000,1529578559000,1.9132,1.91456,1.91318,1.91431,1263740000,8
1529578560000,1529579039000,1.91429,1.92419,1.91305,1.9239,2872650000,8
1529579040000,1529579519000,1.92399,1.92741,1.92283,1.9264,2620740000,8
1529579520000,1529579999000,1.92636,1.92759,1.92537,1.9256,2115930000,8
1529580000000,1529580479000,1.9256,1.92775,1.92558,1.92726,1535230000,8
1529580480000,1529580959000,1.92727,1.93,1.92708,1.92963,2027410000,8
1529580960000,1529581439000,1.92964,1.92965,1.9281,1.92831,1681650000,8
1529581440000,1529581919000,1.92831,1.9289,1.92773,1.92789,1436260000,8
1529581920000,1529582399000,1.9279,1.9282,1.92651,1.92661,1215480000,8
1529582400000,1529582879000,1.92659,1.92809,1.92657,1.92797,1497780000,8
1529582880000,1529583359000,1.92802,1.92833,1.92706,1.92712,1558090000,8
1529583360000,1529583839000,1.92712,1.92807,1.92711,1.92769,1472770000,8
1529583840000,1529584319000,1.92766,1.92836,1.92695,1.92768,1616560000,8
1529584320000,1529584799000,1.92767,1.92818,1.92676,1.92715,2317340000,8
1529584800000,1529585279000,1.92712,1.92857,1.92648,1.9283,2198120000,8
1529585280000,1529585759000,1.92828,1.92876,1.92765,1.92833,2406940000,8
1529585760000,1529586239000,1.92836,1.92858,1.92651,1.92714,2122000000,8
1529586240000,1529586719000,1.92715,1.92772,1.92643,1.92771,2109550000,8
1529586720000,1529587199000,1.92761,1.92781,1.92643,1.92694,1913270000,8
1529587200000,1529587679000,1.92696,1.92818,1.92695,1.92784,1589570000,8
1529587680000,1529588159000,1.92784,1.92832,1.9273,1.92799,1966250000,8
1529588160000,1529588639000,1.92801,1.92861,1.92769,1.92836,2153650000,8
1529588640000,1529589119000,1.92837,1.92894,1.92689,1.92717,1868600000,8
1529589120000,1529589599000,1.92715,1.92843,1.92674,1.92794,1662060000,8
1529589600000,1529590079000,1.92794,1.92871,1.92714,1.92854,1869340000,8
1529590080000,1529590559000,1.92853,1.92889,1.92697,1.92758,1916150000,8
1529590560000,1529591039000,1.92755,1.92819,1.92609,1.92613,1861310000,8
1529591040000,1529591519000,1.92609,1.92638,1.9252,1.92575,1951070000,8
1529591520000,1529591999000,1.92574,1.92743,1.92566,1.9271,1985440000,8
1529592000000,1529592479000,1.92708,1.92881,1.92682,1.92787,2436850000,8
1529592480000,1529592959000,1.92789,1.92877,1.92722,1.92754,1864200000,8
1529592960000,1529593439000,1.92754,1.92921,1.92736,1.92831,2039470000,8
1529593440000,1529593919000,1.92831,1.92833,1.92685,1.92807,1585460000,8
1529593920000,1529594399000,1.92804,1.92859,1.92755,1.92828,1523520000,8
1529594400000,1529594879000,1.92827,1.92891,1.92784,1.92846,1272040000,8
1529594880000,1529595359000,1.92848,1.92851,1.92763,1.92803,1288320000,8
1529595360000,1529595839000,1.92803,1.92843,1.92729,1.92762,1182800000,8
1529595840000,1529596319000,1.9276,1.92787,1.92715,1.92735,1215690000,8
1529596320000,1529596799000,1.92735,1.92847,1.92674,1.92825,1305270000,8
1529596800000,1529597279000,1.92825,1.92826,1.92733,1.92764,1154130000,8
1529597280000,1529597759000,1.92766,1.92799,1.92653,1.92686,1268130000,8
1529597760000,1529598239000,1.92685,1.92765,1.92668,1.92687,882620000,8
1529598240000,1529598719000,1.92687,1.92708,1.92585,1.92596,744770000,8
1529598720000,1529599199000,1.92598,1.9265,1.92578,1.92627,836860000,8
1529599200000,1529599679000,1.92627,1.92676,1.92617,1.92635,689890000,8
1529599680000,1529600159000,1.92639,1.92732,1.92626,1.92688,625450000,8
1529600160000,1529600639000,1.92688,1.92721,1.92656,1.92677,956750000,8
1529600640000,1529601119000,1.92677,1.92677,1.92575,1.92594,730370000,8
1529601120000,1529601599000,1.92598,1.92631,1.9257,1.92585,843420000,8
1529601600000,1529602079000,1.92586,1.92611,1.92525,1.92557,799340000,8
1529602080000,1529602559000,1.9256,1.92597,1.92531,1.92587,722570000,8
1529602560000,1529603039000,1.92585,1.92593,1.92499,1.92555,808920000,8
1529603040000,1529603519000,1.92556,1.92649,1.92524,1.92646,778620000,8
1529603520000,1529603999000,1.92649,1.92725,1.92623,1.92702,788380000,8
1529604000000,1529604479000,1.92703,1.92727,1.92656,1.92722,1046380000,8
1529604480000,1529604959000,1.92723,1.92733,1.92668,1.92694,960370000,8
1529604960000,1529605439000,1.92694,1.92738,1.9264,1.92684,851310000,8
1529605440000,1529605919000,1.92686,1.92693,1.92611,1.92613,665730000,8
1529605920000,1529606399000,1.92612,1.92635,1.92589,1.92629,586330000,8
1529606400000,1529606879000,1.92627,1.9266,1.92617,1.92636,728470000,8
1529606880000,1529607359000,1.92636,1.92645,1.9257,1.9257,803420000,8
1529607360000,1529607839000,1.92571,1.92625,1.92559,1.92581,630340000,8
1529607840000,1529608319000,1.92581,1.92581,1.92536,1.92545,495830000,8
1529608320000,1529608799000,1.92545,1.9257,1.92519,1.92547,402240000,8
1529608800000,1529609279000,1.92547,1.92588,1.92532,1.9254,683790000,8
1529609280000,1529609759000,1.92538,1.92573,1.92515,1.92546,715880000,8
1529609760000,1529610239000,1.92546,1.92572,1.92527,1.9254,552970000,8
1529610240000,1529610719000,1.92542,1.92579,1.92513,1.92535,497240000,8
1529610720000,1529611199000,1.92532,1.92535,1.92475,1.92508,399620000,8
1529611200000,1529611679000,1.92508,1.92572,1.92497,1.92559,310460000,8
1529611680000,1529612159000,1.92558,1.92612,1.92539,1.92542,210180000,8
1529612160000,1529612639000,1.92542,1.92575,1.92523,1.92541,279370000,8
1529612640000,1529613119000,1.92542,1.92643,1.92541,1.92611,315200000,8
1529613120000,1529613599000,1.92609,1.92733,1.92609,1.927,434410000,8
1529613600000,1529614079000,1.92696,1.92737,1.92696,1.92735,483640000,8
1529614080000,1529614559000,1.92737,1.92779,1.92699,1.92726,247000000,8
1529614560000,1529615039000,1.92728,1.92778,1.92717,1.92747,207940000,8
1529615040000,1529615519000,1.92747,1.92793,1.92747,1.92754,12740000,8
1529615520000,1529615999000,1.92784,1.92831,1.9271,1.92782,460920000,8
1529616000000,1529616479000,1.92782,1.92851,1.9274,1.92754,363530000,8
1529616480000,1529616959000,1.92752,1.92853,1.92738,1.9284,381660000,8
1529616960000,1529617439000,1.92841,1.92957,1.92813,1.92834,327230000,8
1529617440000,1529617919000,1.92848,1.92866,1.92731,1.92777,879150000,8
1529617920000,1529618399000,1.92785,1.92789,1.92597,1.92668,1248580000,8
1529618400000,1529618879000,1.92668,1.9274,1.9259,1.92738,378950000,8
1529618880000,1529619359000,1.92738,1.92908,1.92738,1.9281,339480000,8
1529619360000,1529619839000,1.92809,1.92814,1.92714,1.92751,167150000,8
1529619840000,1529620319000,1.9275,1.92762,1.92701,1.92731,203430000,8
1529620320000,1529620799000,1.92731,1.92741,1.92711,1.9274,167600000,8
1529620800000,1529621279000,1.9274,1.9274,1.92664,1.92665,187250000,8
1529621280000,1529621759000,1.92665,1.92694,1.92596,1.92694,265810000,8
1529621760000,1529622239000,1.92693,1.92745,1.92687,1.92739,197210000,8
1529622240000,1529622719000,1.92739,1.92827,1.92736,1.92795,261940000,8
1529622720000,1529623199000,1.92795,1.92844,1.92756,1.92757,327100000,8
1529623200000,1529623679000,1.92757,1.92806,1.92752,1.92794,306630000,8
1529623680000,1529624159000,1.92794,1.92818,1.92778,1.92815,282410000,8
1529624160000,1529624639000,1.92813,1.92844,1.92777,1.92784,533080000,8
1529624640000,1529625119000,1.92782,1.9281,1.92736,1.92759,409880000,8
1529625120000,1529625599000,1.92758,1.92822,1.9275,1.92818,324380000,8
1529625600000,1529626079000,1.92818,1.92841,1.9276,1.9279,663780000,8
1529626080000,1529626559000,1.9279,1.92811,1.92718,1.9273,754730000,8
1529626560000,1529627039000,1.9273,1.92745,1.92652,1.92668,555190000,8
1529627040000,1529627519000,1.92664,1.92735,1.92634,1.92727,823010000,8
1529627520000,1529627999000,1.9273,1.92752,1.92649,1.92696,655780000,8
1529628000000,1529628479000,1.92697,1.92774,1.92686,1.92732,428370000,8
1529628480000,1529628959000,1.92729,1.92778,1.92704,1.92757,489790000,8
1529628960000,1529629439000,1.92758,1.92774,1.92708,1.92748,505160000,8
1529629440000,1529629919000,1.92746,1.92822,1.92721,1.92786,552740000,8
1529629920000,1529630399000,1.92786,1.92822,1.92726,1.9279,688590000,8
1529630400000,1529630879000,1.9279,1.9279,1.92736,1.92756,523930000,8
1529630880000,1529631359000,1.92755,1.92785,1.92729,1.9277,589110000,8
1529631360000,1529631839000,1.9277,1.92773,1.92698,1.92747,503310000,8
1529631840000,1529632319000,1.92746,1.92747,1.92601,1.92651,715800000,8
1529632320000,1529632799000,1.92651,1.92722,1.9261,1.92705,586560000,8
1529632800000,1529633279000,1.92704,1.92712,1.92593,1.92611,693760000,8
1529633280000,1529633759000,1.92606,1.92617,1.9254,1.92559,679690000,8
1529633760000,1529634239000,1.92562,1.92617,1.92561,1.92596,435940000,8
1529634240000,1529634719000,1.92596,1.92682,1.9258,1.92634,439610000,8
1529634720000,1529635199000,1.92633,1.92661,1.92602,1.92649,391200000,8
1529635200000,1529635679000,1.92649,1.92655,1.92558,1.92581,329630000,8
1529635680000,1529636159000,1.92581,1.92581,1.924,1.92425,572280000,8
1529636160000,1529636639000,1.92449,1.92468,1.92369,1.92396,691110000,8
1529636640000,1529637119000,1.92394,1.9241,1.923,1.9239,670700000,8
1529637120000,1529637599000,1.92387,1.92407,1.9231,1.92337,558550000,8
1529637600000,1529638079000,1.92334,1.92373,1.92288,1.92372,573410000,8
1529638080000,1529638559000,1.92371,1.92402,1.92357,1.92401,416740000,8
1529638560000,1529639039000,1.92399,1.92429,1.92344,1.92403,355470000,8
1529639040000,1529639519000,1.924,1.92401,1.92338,1.92375,412210000,8
1529639520000,1529639999000,1.92374,1.92375,1.92278,1.92278,479210000,8
1529640000000,1529640479000,1.92278,1.9235,1.92243,1.92335,451010000,8
1529640480000,1529640959000,1.92333,1.92356,1.92305,1.92311,306710000,8
1529640960000,1529641439000,1.9231,1.9235,1.92256,1.9226,400380000,8
1529641440000,1529641919000,1.9226,1.9231,1.92258,1.92303,277950000,8
1529641920000,1529642399000,1.92304,1.92321,1.92262,1.92274,424270000,8
1529642400000,1529642879000,1.9227,1.92301,1.92129,1.92151,389050000,8
1529642880000,1529643359000,1.92156,1.92225,1.92148,1.92168,483170000,8
1529643360000,1529643839000,1.92169,1.92191,1.92037,1.92182,418780000,8
1529643840000,1529644319000,1.92182,1.92231,1.92144,1.92163,585030000,8
1529644320000,1529644799000,1.92163,1.92212,1.92136,1.92163,630190000,8
1529644800000,1529645279000,1.92163,1.9225,1.9216,1.92249,581120000,8
1529645280000,1529645759000,1.92249,1.92306,1.92201,1.92299,1060990000,8
1529645760000,1529646239000,1.92298,1.92336,1.92244,1.92296,596250000,8
1529646240000,1529646719000,1.92294,1.92312,1.92257,1.92294,564670000,8
1529646720000,1529647199000,1.92294,1.92317,1.92225,1.92293,524710000,8
1529647200000,1529647679000,1.92296,1.924,1.92269,1.92373,1049220000,8
1529647680000,1529648159000,1.92372,1.92444,1.92359,1.9243,1099370000,8
1529648160000,1529648639000,1.92429,1.92477,1.92384,1.92425,1118900000,8
1529648640000,1529649119000,1.92427,1.92454,1.92363,1.92441,1065260000,8
1529649120000,1529649599000,1.92442,1.92486,1.92373,1.92472,1127360000,8
1529649600000,1529650079000,1.92466,1.92474,1.92394,1.92467,1193810000,8
1529650080000,1529650559000,1.92467,1.92558,1.9242,1.92509,1121590000,8
1529650560000,1529651039000,1.92511,1.92575,1.92411,1.92543,1963940000,8
1529651040000,1529651519000,1.92542,1.92606,1.92453,1.92598,1940320000,8
1529651520000,1529651999000,1.92599,1.92695,1.92546,1.92679,1286300000,8
1529652000000,1529652479000,1.92681,1.92696,1.92591,1.92599,1226850000,8
1529652480000,1529652959000,1.92602,1.92612,1.9241,1.92458,1382500000,8
1529652960000,1529653439000,1.92462,1.92486,1.92328,1.92435,1606650000,8
1529653440000,1529653919000,1.92437,1.92653,1.92437,1.92616,1173290000,8
1529653920000,1529654399000,1.92617,1.92643,1.92463,1.92486,884540000,8
1529654400000,1529654879000,1.92489,1.92637,1.92476,1.92628,1363670000,8
1529654880000,1529655359000,1.92626,1.92671,1.92572,1.9261,1412890000,8
1529655360000,1529655839000,1.92612,1.92755,1.92587,1.92745,1299380000,8
1529655840000,1529656319000,1.92747,1.92785,1.92673,1.92693,1417040000,8
1529656320000,1529656799000,1.9269,1.92748,1.92592,1.9265,1201130000,8
1529656800000,1529657279000,1.92652,1.92722,1.92579,1.92666,1729050000,8
1529657280000,1529657759000,1.92664,1.92691,1.92601,1.92608,1121160000,8
1529657760000,1529658239000,1.92607,1.92643,1.92477,1.92512,1398630000,8
1529658240000,1529658719000,1.92512,1.92603,1.92478,1.92518,1240390000,8
1529658720000,1529659199000,1.92519,1.92537,1.9243,1.92491,1143030000,8
1529659200000,1529659679000,1.92492,1.92575,1.92482,1.92531,1084650000,8
1529659680000,1529660159000,1.92531,1.92674,1.92524,1.92544,1019790000,8
1529660160000,1529660639000,1.9254,1.92633,1.92517,1.92627,978430000,8
1529660640000,1529661119000,1.92627,1.9265,1.92588,1.92595,984690000,8
1529661120000,1529661599000,1.92595,1.92608,1.92537,1.92553,1041750000,8
1529661600000,1529662079000,1.92555,1.92567,1.92406,1.92567,1958140000,8
1529662080000,1529662559000,1.92569,1.92657,1.92559,1.92592,1087750000,8
1529662560000,1529663039000,1.9259,1.92592,1.92478,1.92529,1208310000,8
1529663040000,1529663519000,1.92528,1.92568,1.92498,1.92533,957810000,8
1529663520000,1529663999000,1.92533,1.92654,1.92513,1.92621,834060000,8
1529664000000,1529664479000,1.9262,1.92691,1.92567,1.92675,900720000,8
1529664480000,1529664959000,1.92679,1.92712,1.92599,1.92667,866500000,8
1529664960000,1529665439000,1.92667,1.9273,1.92636,1.92657,954250000,8
1529665440000,1529665919000,1.92658,1.92694,1.92506,1.92519,979750000,8
1529665920000,1529666399000,1.92519,1.92527,1.9241,1.92469,1095240000,8
1529666400000,1529666879000,1.92469,1.92539,1.92386,1.92539,886280000,8
1529666880000,1529667359000,1.92537,1.92598,1.92498,1.92529,988640000,8
1529667360000,1529667839000,1.92528,1.92568,1.92415,1.92526,1193350000,8
1529667840000,1529668319000,1.92529,1.92565,1.92405,1.92437,906060000,8
1529668320000,1529668799000,1.92439,1.92493,1.92368,1.92381,850940000,8
1529668800000,1529669279000,1.9238,1.92467,1.92367,1.92451,1063850000,8
1529669280000,1529669759000,1.9245,1.92556,1.92405,1.92546,926500000,8
1529669760000,1529670239000,1.92549,1.92596,1.925,1.92575,1045560000,8
1529670240000,1529670719000,1.92574,1.92597,1.92528,1.92562,985720000,8
1529670720000,1529671199000,1.92561,1.92574,1.92409,1.92489,1392680000,8
1529671200000,1529671679000,1.92486,1.92639,1.92482,1.92568,1276660000,8
1529671680000,1529672159000,1.92575,1.92619,1.92519,1.92535,1285720000,8
1529672160000,1529672639000,1.92533,1.92616,1.9252,1.92598,1598860000,8
1529672640000,1529673119000,1.926,1.92682,1.92592,1.92669,1434420000,8
1529673120000,1529673599000,1.92656,1.92677,1.92576,1.92581,1451010000,8
1529673600000,1529674079000,1.92583,1.92614,1.92505,1.92597,1390420000,8
1529674080000,1529674559000,1.92602,1.92711,1.92512,1.92701,1584800000,8
1529674560000,1529675039000,1.927,1.92703,1.92577,1.92611,1369240000,8
1529675040000,1529675519000,1.92607,1.92641,1.92404,1.92432,1654880000,8
1529675520000,1529675999000,1.9243,1.92434,1.92275,1.92335,1544950000,8
1529676000000,1529676479000,1.92335,1.92402,1.92236,1.92249,1618190000,8
1529676480000,1529676959000,1.9225,1.923,1.92194,1.92257,1389470000,8
1529676960000,1529677439000,1.92255,1.92367,1.92193,1.92334,1467170000,8
1529677440000,1529677919000,1.92334,1.92345,1.92185,1.92329,2023710000,8
1529677920000,1529678399000,1.92329,1.92361,1.92256,1.92274,1424740000,8
1529678400000,1529678879000,1.92274,1.92327,1.92211,1.92277,1654140000,8
1529678880000,1529679359000,1.92278,1.92462,1.92258,1.92439,1585210000,8
1529679360000,1529679839000,1.9244,1.92595,1.92435,1.92492,2056610000,8
1529679840000,1529680319000,1.92492,1.92504,1.92394,1.92408,1275030000,8
1529680320000,1529680799000,1.92405,1.92488,1.92365,1.92416,1053480000,8
1529680800000,1529681279000,1.92424,1.92445,1.9238,1.92432,897210000,8
1529681280000,1529681759000,1.92432,1.92459,1.92382,1.92423,1195950000,8
1529681760000,1529682239000,1.92423,1.92453,1.92369,1.92408,904040000,8
1529682240000,1529682719000,1.92408,1.92414,1.92282,1.92284,848890000,8
1529682720000,1529683199000,1.92284,1.92296,1.92194,1.92259,1101790000,8
1529683200000,1529683679000,1.92259,1.92298,1.92213,1.92214,806550000,8
1529683680000,1529684159000,1.92212,1.92263,1.92139,1.9216,614990000,8
1529684160000,1529684639000,1.92153,1.92195,1.92116,1.92119,550800000,8
1529684640000,1529685119000,1.92119,1.9213,1.92034,1.9205,638970000,8
1529685120000,1529685599000,1.92051,1.92092,1.92051,1.92071,533370000,8
1529685600000,1529686079000,1.92074,1.92105,1.91977,1.91978,551030000,8
1529686080000,1529686559000,1.91979,1.9203,1.91789,1.91853,721170000,8
1529686560000,1529687039000,1.91852,1.91863,1.91767,1.91845,855260000,8
1529687040000,1529687519000,1.91846,1.91882,1.91799,1.91868,593830000,8
1529687520000,1529687999000,1.91865,1.91891,1.91828,1.91882,511020000,8
1529688000000,1529688479000,1.9188,1.9189,1.91798,1.91828,513810000,8
1529688480000,1529688959000,1.91828,1.91863,1.91823,1.91839,453180000,8
1529688960000,1529689439000,1.91839,1.91864,1.91812,1.91829,517300000,8
1529689440000,1529689919000,1.91829,1.91879,1.91775,1.91836,599850000,8
1529689920000,1529690399000,1.91836,1.91837,1.91769,1.91789,498270000,8
1529690400000,1529690879000,1.91789,1.9179,1.91629,1.9163,769110000,8
1529690880000,1529691359000,1.91629,1.91637,1.91582,1.91594,294390000,8
1529691360000,1529691839000,1.91596,1.91604,1.91498,1.91508,590580000,8
1529691840000,1529692319000,1.91503,1.91598,1.91468,1.91582,860820000,8
1529692320000,1529692799000,1.91581,1.91668,1.91576,1.91666,1073310000,8
1529692800000,1529693279000,1.91669,1.91705,1.91629,1.9168,402840000,8
1529693280000,1529693759000,1.91681,1.91698,1.91616,1.9162,478610000,8
1529693760000,1529694239000,1.9162,1.91671,1.91608,1.91664,597440000,8
1529694240000,1529694719000,1.91665,1.91677,1.91621,1.91627,601290000,8
1529694720000,1529695199000,1.91627,1.91653,1.91607,1.91626,419850000,8
1529695200000,1529695679000,1.91624,1.91655,1.91617,1.91645,263250000,8
1529695680000,1529696159000,1.91643,1.91651,1.9162,1.91623,166030000,8
1529696160000,1529696639000,1.91623,1.91664,1.91621,1.91648,190000000,8
1529696640000,1529697119000,1.91648,1.91669,1.916,1.91651,466440000,8
1529697120000,1529697599000,1.9165,1.91721,1.91607,1.91636,572500000,8
1529697600000,1529698079000,1.91629,1.91668,1.91607,1.9165,323430000,8
1529698080000,1529698559000,1.91649,1.91679,1.91641,1.91679,242020000,8
1529698560000,1529699039000,1.9168,1.91693,1.91665,1.91686,354880000,8
1529699040000,1529699519000,1.91685,1.91691,1.9164,1.91663,506820000,8
1529699520000,1529699999000,1.91663,1.91799,1.91658,1.91772,1388170000,8
1529700000000,1529700479000,1.91771,1.9179,1.91723,1.91742,978560000,8
1529700480000,1529700959000,1.91741,1.9195,1.91738,1.91887,485670000,8
1529700960000,1529701439000,1.91886,1.91963,1.91871,1.91897,316750000,8
1529701440000,1529701919000,1.91897,1.91897,1.91897,1.91897,0,8
1529701920000,1529702399000,1.91897,1.91897,1.91897,1.91897,0,8
1529702400000,1529702879000,1.91897,1.91897,1.91897,1.91897,0,8
1529702880000,1529703359000,1.91897,1.91897,1.91897,1.91897,0,8
1529703360000,1529703839000,1.91897,1.91897,1.91897,1.91897,0,8
1529703840000,1529704319000,1.91897,1.91897,1.91897,1.91897,0,8
1529704320000,1529704799000,1.91897,1.91897,1.91897,1.91897,0,8
1529704800000,1529705279000,1.91897,1.91897,1.91897,1.91897,0,8
1529705280000,1529705759000,1.91897,1.91897,1.91897,1.91897,0,8
1529705760000,1529706239000,1.91897,1.91897,1.91897,1.91897,0,8
1529706240000,1529706719000,1.91897,1.91897,1.91897,1.91897,0,8
1529706720000,1529707199000,1.91897,1.91897,1.91897,1.91897,0,8
1529707200000,1529707679000,1.91897,1.91897,1.91897,1.91897,0,8
1529707680000,1529708159000,1.91897,1.91897,1.91897,1.91897,0,8
1529708160000,1529708639000,1.91897,1.91897,1.91897,1.91897,0,8
1529708640000,1529709119000,1.91897,1.91897,1.91897,1.91897,0,8
1529709120000,1529709599000,1.91897,1.91897,1.91897,1.91897,0,8
1529709600000,1529710079000,1.91897,1.91897,1.91897,1.91897,0,8
1529710080000,1529710559000,1.91897,1.91897,1.91897,1.91897,0,8
1529710560000,1529711039000,1.91897,1.91897,1.91897,1.91897,0,8
1529711040000,1529711519000,1.91897,1.91897,1.91897,1.91897,0,8
1529711520000,1529711999000,1.91897,1.91897,1.91897,1.91897,0,8
1529874240000,1529874719000,1.91602,1.91848,1.91597,1.91792,302250000,8
1529874720000,1529875199000,1.91782,1.91793,1.91738,1.9176,235750000,8
1529875200000,1529875679000,1.91763,1.91806,1.91711,1.91805,161250000,8
1529875680000,1529876159000,1.91722,1.9181,1.91717,1.91803,255500000,8
1529876160000,1529876639000,1.91797,1.91806,1.91687,1.91773,178000000,8
1529876640000,1529877119000,1.91777,1.91785,1.91705,1.91705,648250000,8
1529877120000,1529877599000,1.91704,1.91786,1.91681,1.91715,957250000,8
1529878080000,1529878559000,1.91827,1.91832,1.91758,1.91802,268600000,8
1529878560000,1529879039000,1.91801,1.91815,1.91737,1.91801,263000000,8
1529879040000,1529879519000,1.91798,1.91819,1.91754,1.91769,294250000,8
1529879520000,1529879999000,1.91768,1.91809,1.91672,1.91721,675500000,8
1529880000000,1529880479000,1.91721,1.91777,1.91705,1.91732,353500000,8
1529880480000,1529880959000,1.91732,1.91803,1.91724,1.918,188000000,8
1529880960000,1529881439000,1.918,1.91802,1.91688,1.91699,432360000,8
1529881440000,1529881919000,1.91693,1.91722,1.91677,1.91691,293500000,8
1529881920000,1529882399000,1.91691,1.91768,1.91676,1.91752,488930000,8
1529882400000,1529882879000,1.91759,1.91798,1.91747,1.91783,204750000,8
1529882880000,1529883359000,1.91782,1.91791,1.91766,1.91781,298370000,8
1529883360000,1529883839000,1.91777,1.91838,1.91777,1.91823,380800000,8
1529883840000,1529884319000,1.91822,1.91853,1.91795,1.91845,218210000,8
1529884320000,1529884799000,1.91845,1.91845,1.91747,1.91769,206500000,8
1529884800000,1529885279000,1.9177,1.91891,1.91707,1.91781,768370000,8
1529885280000,1529885759000,1.91782,1.91827,1.91742,1.91814,479780000,8
1529885760000,1529886239000,1.91812,1.9188,1.91772,1.91804,454350000,8
1529886240000,1529886719000,1.91804,1.91885,1.91785,1.91793,950230000,8
1529886720000,1529887199000,1.91795,1.91798,1.91725,1.91754,873480000,8
1529887200000,1529887679000,1.91754,1.91877,1.91743,1.91864,725010000,8
1529887680000,1529888159000,1.91862,1.91902,1.91806,1.91881,991740000,8
1529888160000,1529888639000,1.91883,1.9193,1.91844,1.91914,943500000,8
1529888640000,1529889119000,1.91912,1.9193,1.9188,1.91923,579000000,8
1529889120000,1529889599000,1.91924,1.9194,1.91827,1.91912,781100000,8
1529889600000,1529890079000,1.91922,1.91941,1.91873,1.91915,964000000,8
1529890080000,1529890559000,1.91916,1.92028,1.91907,1.91964,921000000,8
1529890560000,1529891039000,1.91965,1.92019,1.91906,1.92006,805000000,8
1529891040000,1529891519000,1.9201,1.92035,1.91972,1.91993,582500000,8
1529891520000,1529891999000,1.91993,1.92045,1.91977,1.92012,649000000,8
1529892000000,1529892479000,1.92011,1.92114,1.92008,1.92086,404550000,8
1529892480000,1529892959000,1.92089,1.92153,1.92081,1.92085,757000000,8
1529892960000,1529893439000,1.92085,1.92107,1.92048,1.9206,437500000,8
1529893440000,1529893919000,1.92059,1.92075,1.92023,1.92049,558000000,8
1529893920000,1529894399000,1.92052,1.92105,1.92027,1.92093,548000000,8
1529894400000,1529894879000,1.92093,1.921,1.9206,1.92063,334000000,8
1529894880000,1529895359000,1.92064,1.92096,1.92051,1.9209,517370000,8
1529895360000,1529895839000,1.92091,1.92154,1.92085,1.92146,650000000,8
1529895840000,1529896319000,1.92146,1.9218,1.92128,1.92141,580000000,8
1529896320000,1529896799000,1.92141,1.92148,1.92114,1.92117,459000000,8
1529896800000,1529897279000,1.92115,1.9215,1.92089,1.92113,436180000,8
1529897280000,1529897759000,1.92115,1.92141,1.92077,1.92132,503640000,8
1529897760000,1529898239000,1.92126,1.92153,1.92107,1.92129,377590000,8
1529898240000,1529898719000,1.92125,1.92132,1.92065,1.9209,547430000,8
1529898720000,1529899199000,1.9209,1.92193,1.9209,1.92174,453000000,8
1529899200000,1529899679000,1.92175,1.92175,1.92107,1.92129,479370000,8
1529899680000,1529900159000,1.92129,1.92169,1.921,1.92147,444250000,8
1529900160000,1529900639000,1.92147,1.92157,1.92124,1.9214,389620000,8
1529900640000,1529901119000,1.92141,1.92215,1.92137,1.92209,535540000,8
1529901120000,1529901599000,1.92206,1.92238,1.92193,1.92233,366170000,8
1529901600000,1529902079000,1.92233,1.92236,1.92201,1.92207,420800000,8
1529902080000,1529902559000,1.92207,1.92219,1.92163,1.92203,421900000,8
1529902560000,1529903039000,1.92203,1.92203,1.92098,1.9211,442340000,8
1529903040000,1529903519000,1.92111,1.92166,1.92087,1.92149,308500000,8
1529903520000,1529903999000,1.92149,1.92171,1.92121,1.9214,445000000,8
1529904000000,1529904479000,1.92139,1.9215,1.9207,1.92094,366500000,8
1529904480000,1529904959000,1.92096,1.92156,1.92089,1.92121,591580000,8
1529904960000,1529905439000,1.92122,1.92162,1.92085,1.92105,699950000,8
1529905440000,1529905919000,1.921,1.92205,1.92093,1.92159,1092060000,8
1529905920000,1529906399000,1.92155,1.9219,1.92139,1.92185,746390000,8
1529906400000,1529906879000,1.92187,1.9232,1.92138,1.92206,999750000,8
1529906880000,1529907359000,1.92206,1.92239,1.92161,1.92224,667000000,8
1529907360000,1529907839000,1.92224,1.9226,1.92117,1.9212,961870000,8
1529907840000,1529908319000,1.92119,1.92145,1.92044,1.92047,885420000,8
1529908320000,1529908799000,1.92047,1.92123,1.92027,1.92093,961330000,8
1529908800000,1529909279000,1.92097,1.92192,1.92067,1.92163,858670000,8
1529909280000,1529909759000,1.92165,1.92237,1.92134,1.9218,1054250000,8
1529909760000,1529910239000,1.9218,1.92184,1.91864,1.91871,1475700000,8
1529910240000,1529910719000,1.91869,1.91939,1.9183,1.91837,1154610000,8
1529910720000,1529911199000,1.91837,1.91837,1.91641,1.91683,1344690000,8
1529911200000,1529911679000,1.91683,1.91718,1.91538,1.91718,1128620000,8
1529911680000,1529912159000,1.91718,1.91815,1.91673,1.91775,1044500000,8
1529912160000,1529912639000,1.91777,1.91808,1.91737,1.91769,827250000,8
1529912640000,1529913119000,1.91776,1.91798,1.9169,1.91708,949370000,8
1529913120000,1529913599000,1.91711,1.91803,1.91677,1.91763,981490000,8
1529913600000,1529914079000,1.91756,1.91832,1.91698,1.91815,1432120000,8
1529914080000,1529914559000,1.91818,1.91856,1.91753,1.91761,1055610000,8
1529914560000,1529915039000,1.91762,1.91848,1.91755,1.91816,876870000,8
1529915040000,1529915519000,1.91816,1.91963,1.91773,1.91821,1237750000,8
1529915520000,1529915999000,1.91818,1.9195,1.91806,1.91866,870160000,8
1529916000000,1529916479000,1.91865,1.9188,1.91807,1.91847,708620000,8
1529916480000,1529916959000,1.91848,1.91885,1.91786,1.91809,787370000,8
1529916960000,1529917439000,1.91809,1.91955,1.91797,1.91933,939460000,8
1529917440000,1529917919000,1.91935,1.92012,1.91899,1.91936,928880000,8
1529917920000,1529918399000,1.91936,1.91974,1.91894,1.9196,960120000,8
1529918400000,1529918879000,1.91961,1.91962,1.91844,1.91856,1005610000,8
1529918880000,1529919359000,1.91856,1.91977,1.91839,1.91853,728570000,8
1529919360000,1529919839000,1.91852,1.91937,1.91804,1.91905,685390000,8
1529919840000,1529920319000,1.91906,1.91968,1.91882,1.91936,639500000,8
1529920320000,1529920799000,1.9193,1.91964,1.91892,1.91942,547000000,8
1529920800000,1529921279000,1.91941,1.91998,1.91887,1.91974,764210000,8
1529921280000,1529921759000,1.91974,1.92037,1.91962,1.92004,794120000,8
1529921760000,1529922239000,1.92004,1.92051,1.91921,1.91946,769710000,8
1529922240000,1529922719000,1.91947,1.92013,1.91939,1.92006,685870000,8
1529922720000,1529923199000,1.92001,1.92051,1.91933,1.91975,650560000,8
1529923200000,1529923679000,1.91975,1.91979,1.91895,1.91972,655930000,8
1529923680000,1529924159000,1.91971,1.92155,1.91936,1.9213,929890000,8
1529924160000,1529924639000,1.92131,1.92192,1.9206,1.92118,1140140000,8
1529924640000,1529925119000,1.92119,1.92193,1.9209,1.92185,1352160000,8
1529925120000,1529925599000,1.92186,1.9225,1.92124,1.92158,1369010000,8
1529925600000,1529926079000,1.92159,1.92271,1.92157,1.92269,1516140000,8
1529926080000,1529926559000,1.92271,1.92378,1.92236,1.92331,1150000000,8
1529926560000,1529927039000,1.92331,1.92407,1.92318,1.92395,762470000,8
1529927040000,1529927519000,1.92394,1.92408,1.92259,1.92261,1093460000,8
1529927520000,1529927999000,1.92261,1.92502,1.92257,1.92499,806080000,8
1529928000000,1529928479000,1.92509,1.92522,1.92416,1.92432,1268320000,8
1529928480000,1529928959000,1.92436,1.92498,1.92411,1.92448,1141700000,8
1529928960000,1529929439000,1.92448,1.92513,1.92419,1.92504,889720000,8
1529929440000,1529929919000,1.92504,1.92532,1.92421,1.92467,850030000,8
1529929920000,1529930399000,1.92467,1.92537,1.92428,1.92437,922500000,8
1529930400000,1529930879000,1.92439,1.92511,1.92418,1.92463,887500000,8
1529930880000,1529931359000,1.92463,1.92512,1.92432,1.92463,1056540000,8
1529931360000,1529931839000,1.92464,1.92541,1.92462,1.92525,1440750000,8
1529931840000,1529932319000,1.92525,1.92555,1.92481,1.92538,1396590000,8
1529932320000,1529932799000,1.92546,1.92628,1.92502,1.92579,994020000,8
1529932800000,1529933279000,1.92579,1.92643,1.9257,1.92602,850990000,8
1529933280000,1529933759000,1.926,1.92716,1.92598,1.927,1593590000,8
1529933760000,1529934239000,1.927,1.92757,1.92654,1.9275,1566800000,8
1529934240000,1529934719000,1.92749,1.92771,1.92671,1.92759,1096010000,8
1529934720000,1529935199000,1.92756,1.92779,1.92629,1.92652,1253710000,8
1529935200000,1529935679000,1.9265,1.92825,1.92632,1.92781,1497050000,8
1529935680000,1529936159000,1.92781,1.92781,1.9268,1.92723,1183320000,8
1529936160000,1529936639000,1.92726,1.92752,1.9263,1.92652,897350000,8
1529936640000,1529937119000,1.92653,1.92668,1.9254,1.9258,994580000,8
1529937120000,1529937599000,1.92582,1.92718,1.92573,1.92583,1091660000,8
1529937600000,1529938079000,1.92582,1.92599,1.92446,1.92466,1302770000,8
1529938080000,1529938559000,1.92468,1.92627,1.92409,1.92607,1157950000,8
1529938560000,1529939039000,1.92607,1.92622,1.92503,1.92523,1634280000,8
1529939040000,1529939519000,1.92521,1.92652,1.92517,1.92569,1095220000,8
1529939520000,1529939999000,1.92569,1.92613,1.92535,1.92593,1033210000,8
1529940000000,1529940479000,1.92593,1.92623,1.92546,1.92566,1263940000,8
1529940480000,1529940959000,1.92565,1.92627,1.92502,1.92606,1098530000,8
1529940960000,1529941439000,1.926,1.92647,1.92555,1.92574,1047740000,8
1529941440000,1529941919000,1.92575,1.92575,1.92479,1.92564,899680000,8
1529941920000,1529942399000,1.9256,1.92566,1.92509,1.92526,802220000,8
1529942400000,1529942879000,1.92525,1.92582,1.92494,1.92552,993390000,8
1529942880000,1529943359000,1.92553,1.92654,1.92553,1.92628,827960000,8
1529943360000,1529943839000,1.92629,1.92693,1.92593,1.92628,748640000,8
1529943840000,1529944319000,1.9263,1.92635,1.92503,1.9256,854010000,8
1529944320000,1529944799000,1.92559,1.92593,1.92506,1.9255,648700000,8
1529944800000,1529945279000,1.9255,1.92569,1.92486,1.92541,690540000,8
1529945280000,1529945759000,1.92542,1.92587,1.92491,1.92557,597860000,8
1529945760000,1529946239000,1.92558,1.92592,1.9254,1.9256,721910000,8
1529946240000,1529946719000,1.9256,1.9258,1.9251,1.9252,353640000,8
1529946720000,1529947199000,1.9252,1.92569,1.92453,1.92469,557160000,8
1529947200000,1529947679000,1.92469,1.92512,1.92464,1.9251,625200000,8
1529947680000,1529948159000,1.92509,1.92549,1.92478,1.9253,540360000,8
1529948160000,1529948639000,1.92532,1.92544,1.92487,1.92492,304750000,8
1529948640000,1529949119000,1.92492,1.92515,1.92471,1.92485,461730000,8
1529949120000,1529949599000,1.92484,1.9257,1.92481,1.92544,372330000,8
1529949600000,1529950079000,1.92543,1.92576,1.92483,1.92569,741080000,8
1529950080000,1529950559000,1.92572,1.92631,1.92567,1.92595,459860000,8
1529950560000,1529951039000,1.92597,1.92597,1.92511,1.92517,440690000,8
1529951040000,1529951519000,1.92517,1.92525,1.92438,1.92465,677300000,8
1529951520000,1529951999000,1.92468,1.925,1.92455,1.9249,690150000,8
1529952000000,1529952479000,1.9249,1.92572,1.92456,1.92516,713620000,8
1529952480000,1529952959000,1.92515,1.92543,1.9249,1.9249,630240000,8
1529952960000,1529953439000,1.9249,1.92534,1.92446,1.92531,659370000,8
1529953440000,1529953919000,1.92531,1.9255,1.92513,1.92535,518510000,8
1529953920000,1529954399000,1.92535,1.92535,1.92475,1.92497,551250000,8
1529954400000,1529954879000,1.92498,1.9255,1.92483,1.92547,350820000,8
1529954880000,1529955359000,1.92547,1.9257,1.92504,1.92523,476750000,8
1529955360000,1529955839000,1.92523,1.92623,1.9248,1.92541,1122850000,8
1529955840000,1529956319000,1.9254,1.9257,1.92503,1.92524,512980000,8
1529956320000,1529956799000,1.92524,1.92557,1.92492,1.92508,543870000,8
1529956800000,1529957279000,1.92508,1.92537,1.92487,1.92527,515500000,8
1529957280000,1529957759000,1.92527,1.92533,1.92494,1.92508,334250000,8
1529957760000,1529958239000,1.92507,1.92541,1.92504,1.92527,160500000,8
1529958240000,1529958719000,1.92527,1.92543,1.92512,1.92541,180000000,8
1529958720000,1529959199000,1.92541,1.92558,1.92521,1.92549,217000000,8
1529959200000,1529959679000,1.92548,1.92556,1.92525,1.92525,132000000,8
1529959680000,1529960159000,1.92551,1.92572,1.92526,1.92543,211680000,8
1529960160000,1529960639000,1.92544,1.92577,1.92483,1.92483,149710000,8
1529960640000,1529961119000,1.92483,1.92483,1.92253,1.92349,119180000,8
1529961120000,1529961599000,1.92356,1.92427,1.92338,1.92391,368870000,8
1529961600000,1529962079000,1.92391,1.9242,1.92212,1.92297,462500000,8
1529962080000,1529962559000,1.92295,1.92841,1.92295,1.92725,709850000,8
1529962560000,1529963039000,1.92725,1.92751,1.92647,1.92698,496000000,8
1529963040000,1529963519000,1.92698,1.92709,1.92641,1.92662,205400000,8
1529963520000,1529963999000,1.92659,1.92734,1.92628,1.92669,304520000,8
1529964000000,1529964479000,1.92673,1.92735,1.92591,1.92665,218390000,8
1529964480000,1529964959000,1.92665,1.92666,1.92611,1.92632,215770000,8
1529964960000,1529965439000,1.92633,1.9264,1.92585,1.92616,215000000,8
1529965440000,1529965919000,1.92616,1.92668,1.92612,1.92663,154500000,8
1529965920000,1529966399000,1.92664,1.92686,1.92611,1.92614,150500000,8
1529966400000,1529966879000,1.92601,1.92616,1.92588,1.92599,131000000,8
1529966880000,1529967359000,1.926,1.92636,1.926,1.92632,110000000,8
1529967360000,1529967839000,1.92632,1.92681,1.92616,1.92681,191500000,8
1529967840000,1529968319000,1.92679,1.92714,1.92675,1.92714,256500000,8
1529968320000,1529968799000,1.92706,1.9273,1.92669,1.9273,252620000,8
1529968800000,1529969279000,1.92732,1.9278,1.92668,1.92673,342120000,8
1529969280000,1529969759000,1.9267,1.92722,1.92668,1.92713,281960000,8
1529969760000,1529970239000,1.92713,1.92744,1.927,1.92712,208870000,8
1529970240000,1529970719000,1.92712,1.92763,1.92694,1.92749,289370000,8
1529970720000,1529971199000,1.9275,1.92762,1.9269,1.92694,338000000,8
1529971200000,1529971679000,1.92695,1.92752,1.92689,1.92725,801990000,8
1529971680000,1529972159000,1.92724,1.92734,1.92637,1.92646,664620000,8
1529972160000,1529972639000,1.92647,1.92666,1.92621,1.92647,673000000,8
1529972640000,1529973119000,1.92647,1.92676,1.92585,1.92672,503000000,8
1529973120000,1529973599000,1.92673,1.92689,1.92601,1.92654,497500000,8
1529973600000,1529974079000,1.92651,1.92656,1.92559,1.92603,738870000,8
1529974080000,1529974559000,1.926,1.92674,1.9254,1.92598,810490000,8
1529974560000,1529975039000,1.92598,1.92631,1.92565,1.92582,577750000,8
1529975040000,1529975519000,1.92583,1.92593,1.92506,1.92506,508000000,8
1529975520000,1529975999000,1.92507,1.92534,1.92402,1.92436,859000000,8
1529976000000,1529976479000,1.92439,1.92539,1.92416,1.92528,613500000,8
1529976480000,1529976959000,1.92527,1.92619,1.92488,1.92593,788750000,8
1529976960000,1529977439000,1.92593,1.92595,1.92496,1.92519,737750000,8
1529977440000,1529977919000,1.92519,1.92583,1.92519,1.92569,677500000,8
1529977920000,1529978399000,1.9257,1.92678,1.92564,1.92659,622500000,8
1529978400000,1529978879000,1.92661,1.92673,1.92602,1.92615,693610000,8
1529978880000,1529979359000,1.92617,1.9275,1.926,1.92742,1037120000,8
1529979360000,1529979839000,1.92742,1.92753,1.92612,1.92634,803000000,8
1529979840000,1529980319000,1.92632,1.92725,1.92615,1.92717,751500000,8
1529980320000,1529980799000,1.92715,1.92721,1.92646,1.92699,547750000,8
1529980800000,1529981279000,1.92698,1.92704,1.92653,1.92671,454770000,8
1529981280000,1529981759000,1.9267,1.92753,1.9267,1.92709,512000000,8
1529981760000,1529982239000,1.92711,1.92777,1.92684,1.92766,659990000,8
1529982240000,1529982719000,1.92767,1.92852,1.92767,1.92842,545250000,8
1529982720000,1529983199000,1.92837,1.92875,1.92812,1.92833,354000000,8
1529983200000,1529983679000,1.92835,1.92918,1.92835,1.92877,358360000,8
1529983680000,1529984159000,1.92876,1.92907,1.92786,1.92808,536120000,8
1529984160000,1529984639000,1.9281,1.92852,1.92798,1.9284,377490000,8
1529984640000,1529985119000,1.92837,1.92846,1.92787,1.92806,444780000,8
1529985120000,1529985599000,1.92807,1.92824,1.92783,1.92797,347830000,8
1529985600000,1529986079000,1.92796,1.92816,1.92695,1.92726,313450000,8
1529986080000,1529986559000,1.92728,1.92756,1.92707,1.92746,318500000,8
1529986560000,1529987039000,1.92747,1.92751,1.92708,1.92717,286840000,8
1529987040000,1529987519000,1.92717,1.92765,1.92717,1.9276,278180000,8
1529987520000,1529987999000,1.92759,1.92817,1.92752,1.92802,393730000,8
1529988000000,1529988479000,1.92805,1.92823,1.92777,1.92812,267990000,8
1529988480000,1529988959000,1.92811,1.92821,1.92774,1.92794,268210000,8
1529988960000,1529989439000,1.92792,1.92792,1.92695,1.92708,475600000,8
1529989440000,1529989919000,1.92708,1.92758,1.92651,1.9266,519590000,8
1529989920000,1529990399000,1.92661,1.92755,1.92661,1.92713,515000000,8
1529990400000,1529990879000,1.92712,1.92754,1.92678,1.92693,444000000,8
1529990880000,1529991359000,1.92693,1.92718,1.9263,1.92642,543250000,8
1529991360000,1529991839000,1.9264,1.92648,1.92566,1.92583,546370000,8
1529991840000,1529992319000,1.92579,1.92592,1.9254,1.92548,437370000,8
1529992320000,1529992799000,1.92548,1.92574,1.92527,1.92545,409620000,8
1529992800000,1529993279000,1.92544,1.9274,1.92514,1.92718,853500000,8
1529993280000,1529993759000,1.92719,1.92758,1.9269,1.92755,834500000,8
1529993760000,1529994239000,1.92756,1.92771,1.92679,1.927,716350000,8
1529994240000,1529994719000,1.927,1.92767,1.92652,1.92752,1118770000,8
1529994720000,1529995199000,1.92752,1.9283,1.92737,1.92753,757140000,8
1529995200000,1529995679000,1.92752,1.92846,1.92704,1.92776,967130000,8
1529995680000,1529996159000,1.92776,1.92856,1.92758,1.92832,1068750000,8
1529996160000,1529996639000,1.92837,1.9301,1.9282,1.9298,1107390000,8
1529996640000,1529997119000,1.9298,1.93133,1.92973,1.93037,1256620000,8
1529997120000,1529997599000,1.93038,1.93153,1.93015,1.93028,931500000,8
1529997600000,1529998079000,1.9303,1.93066,1.9294,1.92997,951640000,8
1529998080000,1529998559000,1.92995,1.93025,1.92923,1.92963,1189250000,8
1529998560000,1529999039000,1.92963,1.92982,1.92904,1.9295,892490000,8
1529999040000,1529999519000,1.9295,1.92998,1.92913,1.92976,960870000,8
1529999520000,1529999999000,1.92974,1.93038,1.92936,1.92936,912080000,8
1530000000000,1530000479000,1.92935,1.92979,1.92803,1.92804,1341120000,8
1530000480000,1530000959000,1.92804,1.92825,1.92705,1.92714,1123540000,8
1530000960000,1530001439000,1.92721,1.92886,1.9272,1.92877,1121440000,8
1530001440000,1530001919000,1.92877,1.92894,1.92809,1.92832,928360000,8
1530001920000,1530002399000,1.92832,1.92964,1.92805,1.92902,1194150000,8
1530002400000,1530002879000,1.92902,1.92902,1.92813,1.92876,978700000,8
1530002880000,1530003359000,1.92873,1.92897,1.92823,1.92849,875680000,8
1530003360000,1530003839000,1.92849,1.92938,1.92823,1.92876,1139120000,8
1530003840000,1530004319000,1.92875,1.92925,1.92774,1.92779,1347830000,8
1530004320000,1530004799000,1.92779,1.92781,1.92608,1.9273,1671100000,8
1530004800000,1530005279000,1.92732,1.92778,1.92642,1.9268,1238750000,8
1530005280000,1530005759000,1.92682,1.92762,1.92352,1.92538,1859140000,8
1530005760000,1530006239000,1.92538,1.92629,1.92487,1.92536,1732770000,8
1530006240000,1530006719000,1.92538,1.92654,1.92524,1.92633,1252050000,8
1530006720000,1530007199000,1.92632,1.92653,1.92522,1.92586,1216240000,8
1530007200000,1530007679000,1.92586,1.92725,1.92561,1.92658,1337750000,8
1530007680000,1530008159000,1.92662,1.92739,1.92625,1.92724,1366060000,8
1530008160000,1530008639000,1.92724,1.92751,1.92574,1.92629,1138760000,8
1530008640000,1530009119000,1.9263,1.92662,1.92566,1.92584,1197020000,8
1530009120000,1530009599000,1.92585,1.92615,1.92529,1.92535,982240000,8
1530009600000,1530010079000,1.92537,1.92563,1.92489,1.92529,771620000,8
1530010080000,1530010559000,1.92529,1.92658,1.9251,1.92641,849510000,8
1530010560000,1530011039000,1.92641,1.92768,1.92599,1.92708,1079750000,8
1530011040000,1530011519000,1.92708,1.92733,1.92628,1.92727,992240000,8
1530011520000,1530011999000,1.92727,1.9276,1.92612,1.92755,1070520000,8
1530012000000,1530012479000,1.92753,1.92779,1.92667,1.92694,1053090000,8
1530012480000,1530012959000,1.92692,1.92841,1.92686,1.9279,1070010000,8
1530012960000,1530013439000,1.92793,1.9282,1.92726,1.92806,806010000,8
1530013440000,1530013919000,1.92806,1.9292,1.92804,1.92878,1190520000,8
1530013920000,1530014399000,1.92877,1.92964,1.92869,1.92882,1188370000,8
1530014400000,1530014879000,1.92881,1.92918,1.92764,1.92774,933760000,8
1530014880000,1530015359000,1.92778,1.9289,1.92752,1.92878,939200000,8
1530015360000,1530015839000,1.92876,1.92913,1.92828,1.92899,1140290000,8
1530015840000,1530016319000,1.92901,1.92937,1.92787,1.92843,982450000,8
1530016320000,1530016799000,1.92843,1.92944,1.9281,1.92915,1061410000,8
1530016800000,1530017279000,1.92916,1.93013,1.92916,1.92941,866290000,8
1530017280000,1530017759000,1.92942,1.92978,1.92898,1.92912,932750000,8
1530017760000,1530018239000,1.92915,1.92995,1.92869,1.92973,693600000,8
1530018240000,1530018719000,1.92971,1.93048,1.92919,1.93028,1079470000,8
1530018720000,1530019199000,1.93033,1.93097,1.93003,1.93037,916040000,8
1530019200000,1530019679000,1.93037,1.93061,1.92973,1.92976,1065590000,8
1530019680000,1530020159000,1.92975,1.93135,1.92965,1.93116,1096760000,8
1530020160000,1530020639000,1.93117,1.93213,1.93093,1.93178,1428430000,8
1530020640000,1530021119000,1.93177,1.93183,1.93013,1.9305,1191870000,8
1530021120000,1530021599000,1.93049,1.93094,1.92988,1.92991,907130000,8
1530021600000,1530022079000,1.92991,1.93086,1.92959,1.93066,1277140000,8
1530022080000,1530022559000,1.93058,1.93111,1.92991,1.93084,1295650000,8
1530022560000,1530023039000,1.93081,1.93126,1.9295,1.92989,1595610000,8
1530023040000,1530023519000,1.92992,1.93127,1.9298,1.93086,1338510000,8
1530023520000,1530023999000,1.93089,1.93166,1.93062,1.93082,1153370000,8
1530024000000,1530024479000,1.93083,1.93196,1.9308,1.9319,1141450000,8
1530024480000,1530024959000,1.93191,1.93251,1.93058,1.93066,1227840000,8
1530024960000,1530025439000,1.93066,1.93083,1.92899,1.9303,1701940000,8
1530025440000,1530025919000,1.9303,1.93066,1.92964,1.93006,1172090000,8
1530025920000,1530026399000,1.93008,1.93027,1.92956,1.92975,1081200000,8
1530026400000,1530026879000,1.92976,1.93049,1.92964,1.92992,856300000,8
1530026880000,1530027359000,1.92983,1.93035,1.92905,1.92907,911820000,8
1530027360000,1530027839000,1.92907,1.92985,1.92898,1.92931,1144440000,8
1530027840000,1530028319000,1.92931,1.92966,1.92805,1.92911,1233770000,8
1530028320000,1530028799000,1.92911,1.92932,1.92865,1.92884,902500000,8
1530028800000,1530029279000,1.92884,1.92974,1.92852,1.92926,856150000,8
1530029280000,1530029759000,1.92926,1.93003,1.9289,1.92983,793790000,8
1530029760000,1530030239000,1.92987,1.93048,1.92966,1.92966,859490000,8
1530030240000,1530030719000,1.9295,1.92985,1.92934,1.9296,739640000,8
1530030720000,1530031199000,1.92958,1.93002,1.92951,1.92992,519440000,8
1530031200000,1530031679000,1.92992,1.93059,1.9297,1.93027,670820000,8
1530031680000,1530032159000,1.9303,1.93069,1.93009,1.93036,614530000,8
1530032160000,1530032639000,1.93036,1.93042,1.92898,1.92916,1014540000,8
1530032640000,1530033119000,1.92914,1.92932,1.92804,1.92821,917080000,8
1530033120000,1530033599000,1.92821,1.92881,1.92807,1.92853,1100100000,8
1530033600000,1530034079000,1.92851,1.92905,1.92825,1.92865,880610000,8
1530034080000,1530034559000,1.92866,1.92881,1.92834,1.92863,773960000,8
1530034560000,1530035039000,1.92864,1.92909,1.92705,1.92707,800840000,8
1530035040000,1530035519000,1.92708,1.92724,1.92546,1.92673,1004910000,8
1530035520000,1530035999000,1.92671,1.92756,1.92668,1.92755,764500000,8
1530036000000,1530036479000,1.92755,1.92761,1.92683,1.92717,645500000,8
1530036480000,1530036959000,1.92713,1.92748,1.92702,1.92724,370000000,8
1530036960000,1530037439000,1.92724,1.92753,1.92704,1.9271,326500000,8
1530037440000,1530037919000,1.92709,1.92755,1.92704,1.92749,273000000,8
1530037920000,1530038399000,1.92751,1.92768,1.92695,1.92741,364500000,8
1530038400000,1530038879000,1.92741,1.92809,1.92711,1.92758,482490000,8
1530038880000,1530039359000,1.92756,1.92908,1.92735,1.9289,702740000,8
1530039360000,1530039839000,1.9289,1.93062,1.92883,1.93019,777780000,8
1530039840000,1530040319000,1.9302,1.93081,1.92996,1.93047,669500000,8
1530040320000,1530040799000,1.93048,1.93079,1.93021,1.93039,580500000,8
1530040800000,1530041279000,1.93039,1.93053,1.93006,1.9301,564500000,8
1530041280000,1530041759000,1.9301,1.9303,1.92952,1.92969,504500000,8
1530041760000,1530042239000,1.92969,1.92986,1.92928,1.92968,487000000,8
1530042240000,1530042719000,1.92968,1.9297,1.92927,1.92929,550500000,8
1530042720000,1530043199000,1.92931,1.92973,1.92911,1.92915,568500000,8
1530043200000,1530043679000,1.92915,1.92994,1.92913,1.92955,298500000,8
1530043680000,1530044159000,1.92958,1.92983,1.92907,1.92932,240000000,8
1530044160000,1530044639000,1.92932,1.92968,1.9293,1.92947,155500000,8
1530044640000,1530045119000,1.92947,1.92968,1.92907,1.92951,339500000,8
1530045120000,1530045599000,1.92951,1.93012,1.92943,1.9298,272050000,8
1530045600000,1530046079000,1.9298,1.92983,1.92935,1.9296,217000000,8
1530046080000,1530046559000,1.9296,1.92974,1.92929,1.92945,145500000,8
1530046560000,1530047039000,1.92942,1.9296,1.92855,1.92874,145600000,8
1530047040000,1530047519000,1.92874,1.92874,1.92609,1.92807,295260000,8
1530047520000,1530047999000,1.92897,1.92911,1.92691,1.92769,456160000,8
1530048000000,1530048479000,1.92768,1.92873,1.9275,1.92791,353980000,8
1530048480000,1530048959000,1.92791,1.9287,1.92757,1.92862,335950000,8
1530048960000,1530049439000,1.92862,1.92936,1.92856,1.92882,497500000,8
1530049440000,1530049919000,1.92883,1.92948,1.92853,1.92853,572810000,8
1530049920000,1530050399000,1.92856,1.9292,1.92783,1.92857,596540000,8
1530050400000,1530050879000,1.92855,1.92931,1.92815,1.92903,264000000,8
1530050880000,1530051359000,1.92901,1.92948,1.92864,1.92876,367030000,8
1530051360000,1530051839000,1.92876,1.92932,1.92864,1.92878,267300000,8
1530051840000,1530052319000,1.92876,1.92895,1.92855,1.92883,189860000,8
1530052320000,1530052799000,1.92887,1.92953,1.92853,1.92945,156370000,8
1530052800000,1530053279000,1.92945,1.92987,1.92759,1.92877,404710000,8
1530053280000,1530053759000,1.9288,1.92895,1.92852,1.92862,208000000,8
1530053760000,1530054239000,1.92863,1.92904,1.92809,1.92875,249000000,8
1530054240000,1530054719000,1.92874,1.92874,1.92846,1.92853,152000000,8
1530054720000,1530055199000,1.92854,1.92864,1.92816,1.92842,218000000,8
1530055200000,1530055679000,1.92841,1.9286,1.92816,1.92849,201000000,8
1530055680000,1530056159000,1.92848,1.92916,1.92848,1.92914,127330000,8
1530056160000,1530056639000,1.92912,1.93056,1.92912,1.93049,249500000,8
1530056640000,1530057119000,1.93052,1.93052,1.92997,1.93005,265620000,8
1530057120000,1530057599000,1.93005,1.93022,1.9296,1.92971,252750000,8
1530057600000,1530058079000,1.92972,1.93114,1.92953,1.93095,762080000,8
1530058080000,1530058559000,1.93096,1.93118,1.93059,1.93106,531120000,8
1530058560000,1530059039000,1.93109,1.93212,1.93096,1.93195,542980000,8
1530059040000,1530059519000,1.93195,1.93266,1.93159,1.93209,588500000,8
1530059520000,1530059999000,1.93213,1.93235,1.93169,1.93198,335500000,8
1530060000000,1530060479000,1.93199,1.93255,1.93199,1.93216,288340000,8
1530060480000,1530060959000,1.93222,1.93379,1.93154,1.93308,1006200000,8
1530060960000,1530061439000,1.93306,1.93538,1.93148,1.93503,1200370000,8
1530061440000,1530061919000,1.93504,1.93539,1.93426,1.93499,685230000,8
1530061920000,1530062399000,1.93499,1.93675,1.93445,1.93611,883350000,8
1530062400000,1530062879000,1.93607,1.93676,1.9354,1.93671,650250000,8
1530062880000,1530063359000,1.93671,1.93765,1.93607,1.93759,949110000,8
1530063360000,1530063839000,1.93759,1.93875,1.93701,1.93826,1173990000,8
1530063840000,1530064319000,1.93826,1.9391,1.93796,1.93855,1281190000,8
1530064320000,1530064799000,1.93863,1.93929,1.93803,1.93831,954500000,8
1530064800000,1530065279000,1.93831,1.93895,1.9377,1.9377,794250000,8
1530065280000,1530065759000,1.9377,1.93883,1.93748,1.93878,706370000,8
1530065760000,1530066239000,1.93876,1.93933,1.93815,1.93864,877370000,8
1530066240000,1530066719000,1.93863,1.94038,1.93858,1.94005,823000000,8
1530066720000,1530067199000,1.93995,1.94002,1.93841,1.93941,608500000,8
1530067200000,1530067679000,1.93944,1.93956,1.93877,1.93951,572500000,8
1530067680000,1530068159000,1.93952,1.94043,1.93941,1.93998,402000000,8
1530068160000,1530068639000,1.93996,1.94052,1.93951,1.94007,829250000,8
1530068640000,1530069119000,1.94026,1.94062,1.937,1.93837,1285500000,8
1530069120000,1530069599000,1.93838,1.93946,1.93766,1.93914,871610000,8
1530069600000,1530070079000,1.93915,1.93995,1.93904,1.93964,647750000,8
1530070080000,1530070559000,1.93961,1.93963,1.93731,1.93736,839730000,8
1530070560000,1530071039000,1.93737,1.93805,1.93737,1.93769,506000000,8
1530071040000,1530071519000,1.93772,1.93844,1.93731,1.93815,626490000,8
1530071520000,1530071999000,1.93813,1.93895,1.93798,1.93877,590750000,8
1530072000000,1530072479000,1.93883,1.93933,1.93874,1.9389,479000000,8
1530072480000,1530072959000,1.93889,1.93972,1.9387,1.93942,611000000,8
1530072960000,1530073439000,1.9394,1.93958,1.939,1.93927,405000000,8
1530073440000,1530073919000,1.93927,1.93987,1.93918,1.93961,353000000,8
1530073920000,1530074399000,1.9396,1.93977,1.93771,1.93779,501250000,8
1530074400000,1530074879000,1.93777,1.93819,1.93735,1.93748,543130000,8
1530074880000,1530075359000,1.93748,1.93781,1.93724,1.93767,516500000,8
1530075360000,1530075839000,1.93766,1.9397,1.93764,1.93958,539050000,8
1530075840000,1530076319000,1.93958,1.94014,1.93941,1.93966,631120000,8
1530076320000,1530076799000,1.93966,1.93973,1.93889,1.93927,1186110000,8
1530076800000,1530077279000,1.93925,1.9399,1.93869,1.93895,633680000,8
1530077280000,1530077759000,1.93899,1.93921,1.93866,1.93917,662900000,8
1530077760000,1530078239000,1.93917,1.93938,1.93803,1.93807,648740000,8
1530078240000,1530078719000,1.93807,1.93831,1.93765,1.9377,711050000,8
1530078720000,1530079199000,1.93772,1.93839,1.9371,1.93839,686340000,8
1530079200000,1530079679000,1.93837,1.93899,1.93805,1.9388,628750000,8
1530079680000,1530080159000,1.93879,1.93932,1.93802,1.93815,909840000,8
1530080160000,1530080639000,1.93816,1.94106,1.93811,1.94049,903120000,8
1530080640000,1530081119000,1.94047,1.94077,1.93974,1.93979,826260000,8
1530081120000,1530081599000,1.93981,1.94139,1.93976,1.94094,867530000,8
1530081600000,1530082079000,1.94093,1.94121,1.94006,1.94026,932120000,8
1530082080000,1530082559000,1.94026,1.9407,1.93963,1.93982,921570000,8
1530082560000,1530083039000,1.93985,1.94035,1.93867,1.93881,1274130000,8
1530083040000,1530083519000,1.93881,1.93926,1.93816,1.93908,1092710000,8
1530083520000,1530083999000,1.93906,1.9393,1.93796,1.93811,1174870000,8
1530084000000,1530084479000,1.93808,1.93808,1.93597,1.93611,924300000,8
1530084480000,1530084959000,1.93609,1.93752,1.93602,1.9374,1038330000,8
1530084960000,1530085439000,1.93741,1.93763,1.93603,1.93617,1061090000,8
1530085440000,1530085919000,1.93623,1.93668,1.93549,1.93644,1147700000,8
1530085920000,1530086399000,1.93642,1.93671,1.93487,1.93619,1235110000,8
1530086400000,1530086879000,1.93615,1.93624,1.9342,1.93425,1327490000,8
1530086880000,1530087359000,1.93424,1.936,1.93421,1.93516,1206360000,8
1530087360000,1530087839000,1.93514,1.93598,1.93499,1.935,1102490000,8
1530087840000,1530088319000,1.93499,1.93737,1.93493,1.93583,1599430000,8
1530088320000,1530088799000,1.93584,1.93681,1.93546,1.93641,1653210000,8
1530088800000,1530089279000,1.93643,1.9371,1.93559,1.93559,1195800000,8
1530089280000,1530089759000,1.9356,1.93617,1.93532,1.93568,1184080000,8
1530089760000,1530090239000,1.93567,1.93577,1.93484,1.93502,912000000,8
1530090240000,1530090719000,1.935,1.93535,1.93439,1.93519,933590000,8
1530090720000,1530091199000,1.93519,1.93757,1.93515,1.9374,1217370000,8
1530091200000,1530091679000,1.9374,1.9374,1.93618,1.93633,849250000,8
1530091680000,1530092159000,1.93636,1.93761,1.93577,1.93673,1183050000,8
1530092160000,1530092639000,1.93672,1.93674,1.93448,1.93483,774820000,8
1530092640000,1530093119000,1.93479,1.93533,1.93455,1.93508,702580000,8
1530093120000,1530093599000,1.93511,1.93649,1.93503,1.93606,843660000,8
1530093600000,1530094079000,1.93606,1.93729,1.93599,1.93727,1124820000,8
1530094080000,1530094559000,1.93727,1.93744,1.93626,1.93684,1068630000,8
1530094560000,1530095039000,1.93698,1.93769,1.93631,1.93637,898950000,8
1530095040000,1530095519000,1.93633,1.93669,1.936,1.93662,928430000,8
1530095520000,1530095999000,1.93663,1.93815,1.93659,1.938,886570000,8
1530096000000,1530096479000,1.93799,1.93834,1.93734,1.9381,691000000,8
1530096480000,1530096959000,1.93815,1.93825,1.93716,1.93763,1018670000,8
1530096960000,1530097439000,1.93768,1.93789,1.93599,1.93604,1049720000,8
1530097440000,1530097919000,1.93605,1.93669,1.93532,1.93539,1170510000,8
1530097920000,1530098399000,1.93538,1.93564,1.93357,1.93401,1421870000,8
1530098400000,1530098879000,1.93398,1.93516,1.9339,1.93516,1141840000,8
1530098880000,1530099359000,1.93516,1.93619,1.93492,1.93498,1124870000,8
1530099360000,1530099839000,1.93502,1.93519,1.9332,1.93417,1324690000,8
1530099840000,1530100319000,1.93417,1.9344,1.93071,1.93075,10362990000,8
1530100320000,1530100799000,1.93077,1.9328,1.93023,1.93171,1518260000,8
1530100800000,1530101279000,1.93167,1.93235,1.9313,1.93177,1865730000,8
1530101280000,1530101759000,1.93178,1.93309,1.93114,1.93158,1593960000,8
1530101760000,1530102239000,1.93158,1.9324,1.93136,1.93194,1407670000,8
1530102240000,1530102719000,1.93193,1.93424,1.93139,1.93397,1397770000,8
1530102720000,1530103199000,1.93398,1.93516,1.93358,1.93479,1538310000,8
1530103200000,1530103679000,1.93479,1.9349,1.93363,1.93377,1229760000,8
1530103680000,1530104159000,1.93375,1.93403,1.93247,1.93284,1328870000,8
1530104160000,1530104639000,1.93283,1.93295,1.9308,1.9308,1515240000,8
1530104640000,1530105119000,1.93081,1.93316,1.93064,1.93306,1245120000,8
1530105120000,1530105599000,1.93305,1.93365,1.9328,1.93333,1205980000,8
1530105600000,1530106079000,1.93333,1.93471,1.93282,1.93344,1370160000,8
1530106080000,1530106559000,1.93344,1.9344,1.93267,1.93289,1333710000,8
1530106560000,1530107039000,1.93288,1.93351,1.93155,1.93157,1428090000,8
1530107040000,1530107519000,1.93166,1.93186,1.92962,1.92991,1582460000,8
1530107520000,1530107999000,1.92985,1.93037,1.92893,1.92932,1249950000,8
1530108000000,1530108479000,1.9292,1.93145,1.9292,1.93108,1587940000,8
1530108480000,1530108959000,1.93112,1.93192,1.93066,1.93117,1365030000,8
1530108960000,1530109439000,1.93114,1.9318,1.93069,1.9313,1023060000,8
1530109440000,1530109919000,1.93132,1.93238,1.93095,1.9312,1462360000,8
1530109920000,1530110399000,1.9312,1.93206,1.93073,1.93138,1169010000,8
1530110400000,1530110879000,1.93137,1.93155,1.93092,1.93126,1211980000,8
1530110880000,1530111359000,1.93126,1.93153,1.92976,1.93015,1327950000,8
1530111360000,1530111839000,1.93015,1.93194,1.9299,1.93111,2083660000,8
1530111840000,1530112319000,1.9311,1.93282,1.93072,1.93231,1553090000,8
1530112320000,1530112799000,1.93232,1.93273,1.93151,1.93236,1293180000,8
1530112800000,1530113279000,1.93235,1.93352,1.93172,1.93339,1540030000,8
1530113280000,1530113759000,1.93339,1.93348,1.93193,1.9323,1301950000,8
1530113760000,1530114239000,1.93236,1.93253,1.93163,1.93212,1041200000,8
1530114240000,1530114719000,1.93212,1.9324,1.93052,1.93118,1328990000,8
1530114720000,1530115199000,1.93115,1.93195,1.93109,1.93145,1009560000,8
1530115200000,1530115679000,1.93148,1.93169,1.93065,1.93112,955350000,8
1530115680000,1530116159000,1.9311,1.9321,1.93106,1.93186,991880000,8
1530116160000,1530116639000,1.93189,1.93265,1.93178,1.93221,1129460000,8
1530116640000,1530117119000,1.93217,1.93352,1.93204,1.93316,931500000,8
1530117120000,1530117599000,1.93315,1.93321,1.93213,1.93262,1066210000,8
1530117600000,1530118079000,1.93264,1.93317,1.93238,1.93294,942750000,8
1530118080000,1530118559000,1.93294,1.93296,1.93241,1.93295,668850000,8
1530118560000,1530119039000,1.93292,1.93356,1.93269,1.9331,918960000,8
1530119040000,1530119519000,1.9331,1.93355,1.93297,1.93349,949190000,8
1530119520000,1530119999000,1.93349,1.9339,1.93313,1.93371,798090000,8
1530120000000,1530120479000,1.93371,1.93383,1.93328,1.93362,849240000,8
1530120480000,1530120959000,1.93362,1.93365,1.93226,1.93245,629960000,8
1530120960000,1530121439000,1.93245,1.933,1.9323,1.9326,653000000,8
1530121440000,1530121919000,1.9326,1.93325,1.93233,1.93298,734680000,8
1530121920000,1530122399000,1.93298,1.93379,1.93272,1.93352,979480000,8
1530122400000,1530122879000,1.93353,1.93368,1.93248,1.93248,814370000,8
1530122880000,1530123359000,1.93248,1.93306,1.9324,1.93301,640750000,8
1530123360000,1530123839000,1.933,1.93322,1.93157,1.93184,837500000,8
1530123840000,1530124319000,1.93185,1.9324,1.93166,1.93167,685490000,8
1530124320000,1530124799000,1.93167,1.93236,1.93167,1.93229,666850000,8
1530124800000,1530125279000,1.9323,1.93233,1.93141,1.93163,457150000,8
1530125280000,1530125759000,1.93161,1.93185,1.93108,1.93113,800930000,8
1530125760000,1530126239000,1.93116,1.93196,1.93099,1.93195,1046690000,8
1530126240000,1530126719000,1.93194,1.93241,1.93158,1.9322,829000000,8
1530126720000,1530127199000,1.93221,1.93432,1.93218,1.93419,1332000000,8
1530127200000,1530127679000,1.9342,1.93443,1.93277,1.93312,1071660000,8
1530127680000,1530128159000,1.93317,1.93358,1.93189,1.93202,1030840000,8
1530128160000,1530128639000,1.93201,1.93245,1.93163,1.93178,783750000,8
1530128640000,1530129119000,1.93178,1.93297,1.93156,1.93217,830500000,8
1530129120000,1530129599000,1.93216,1.93246,1.93106,1.93189,759570000,8
1530129600000,1530130079000,1.93188,1.93221,1.931,1.93108,529220000,8
1530130080000,1530130559000,1.93108,1.93135,1.93026,1.93038,429430000,8
1530130560000,1530131039000,1.93034,1.93042,1.92976,1.93024,316990000,8
1530131040000,1530131519000,1.93024,1.93048,1.92976,1.93044,372690000,8
1530131520000,1530131999000,1.93046,1.93065,1.9296,1.93006,545450000,8
1530132000000,1530132479000,1.93004,1.93008,1.92893,1.9291,437000000,8
1530132480000,1530132959000,1.92913,1.93095,1.92906,1.93009,382250000,8
1530132960000,1530133439000,1.93011,1.93169,1.92916,1.9314,235250000,8
1530133440000,1530133919000,1.92997,1.93027,1.92562,1.926,407250000,8
1530133920000,1530134399000,1.92596,1.92871,1.92585,1.92837,392110000,8
1530134400000,1530134879000,1.92849,1.93006,1.92824,1.92845,457720000,8
1530134880000,1530135359000,1.92856,1.92901,1.92814,1.92886,1264000000,8
1530135360000,1530135839000,1.92886,1.92954,1.92865,1.92912,1315000000,8
1530135840000,1530136319000,1.92912,1.92981,1.92846,1.92913,1444500000,8
1530136320000,1530136799000,1.92923,1.92927,1.92646,1.92695,2825750000,8
1530136800000,1530137279000,1.92699,1.92937,1.92693,1.92853,1107000000,8
1530137280000,1530137759000,1.92862,1.92892,1.92822,1.9286,275210000,8
1530137760000,1530138239000,1.92861,1.92911,1.92839,1.92865,215720000,8
1530138240000,1530138719000,1.9286,1.92869,1.92716,1.92734,282000000,8
1530138720000,1530139199000,1.92734,1.92751,1.92648,1.9275,294250000,8
1530139200000,1530139679000,1.92748,1.92749,1.92599,1.9265,315250000,8
1530139680000,1530140159000,1.9265,1.92813,1.92645,1.92765,209500000,8
1530140160000,1530140639000,1.92765,1.92814,1.92734,1.92799,248000000,8
1530140640000,1530141119000,1.92802,1.92878,1.9276,1.92852,273000000,8
1530141120000,1530141599000,1.92846,1.92984,1.9284,1.92965,364000000,8
1530141600000,1530142079000,1.92964,1.93124,1.92944,1.93099,323750000,8
1530142080000,1530142559000,1.93099,1.93103,1.93017,1.93099,378950000,8
1530142560000,1530143039000,1.93099,1.93136,1.93066,1.93114,317500000,8
1530143040000,1530143519000,1.93112,1.93268,1.9311,1.93221,294500000,8
1530143520000,1530143999000,1.93219,1.93262,1.93129,1.93257,557000000,8
1530144000000,1530144479000,1.93258,1.93293,1.93177,1.93236,701500000,8
1530144480000,1530144959000,1.93235,1.93413,1.93197,1.93392,953620000,8
1530144960000,1530145439000,1.93391,1.93394,1.93296,1.93358,820500000,8
1530145440000,1530145919000,1.93352,1.93374,1.93284,1.93374,636680000,8
1530145920000,1530146399000,1.93374,1.93409,1.9333,1.93369,547670000,8
1530146400000,1530146879000,1.93369,1.93384,1.93303,1.93306,487500000,8
1530146880000,1530147359000,1.93306,1.93419,1.93306,1.93404,601500000,8
1530147360000,1530147839000,1.93405,1.93414,1.93279,1.93279,610000000,8
1530147840000,1530148319000,1.93278,1.93301,1.93228,1.93272,549500000,8
1530148320000,1530148799000,1.93272,1.93385,1.93227,1.9335,753370000,8
1530148800000,1530149279000,1.93349,1.93471,1.93305,1.93444,572000000,8
1530149280000,1530149759000,1.93445,1.93481,1.93281,1.93423,1114970000,8
1530149760000,1530150239000,1.9342,1.93612,1.93417,1.93605,1216540000,8
1530150240000,1530150719000,1.93608,1.93621,1.93442,1.93577,898750000,8
1530150720000,1530151199000,1.93576,1.93598,1.93502,1.93595,740750000,8
1530151200000,1530151679000,1.93596,1.93598,1.93403,1.93413,868500000,8
1530151680000,1530152159000,1.93413,1.9352,1.93393,1.93479,816000000,8
1530152160000,1530152639000,1.93479,1.93522,1.9337,1.93495,825990000,8
1530152640000,1530153119000,1.93495,1.9357,1.9346,1.93531,813000000,8
1530153120000,1530153599000,1.93531,1.9354,1.93453,1.93481,539490000,8
1530153600000,1530154079000,1.93482,1.93491,1.934,1.93401,486500000,8
1530154080000,1530154559000,1.93404,1.93425,1.93354,1.93356,443500000,8
1530154560000,1530155039000,1.93358,1.93438,1.933,1.93355,762240000,8
1530155040000,1530155519000,1.93355,1.93504,1.93335,1.93455,673590000,8
1530155520000,1530155999000,1.93468,1.93519,1.93458,1.93464,288000000,8
1530156000000,1530156479000,1.93462,1.93479,1.93413,1.9347,319500000,8
1530156480000,1530156959000,1.93469,1.93486,1.93362,1.93433,468500000,8
1530156960000,1530157439000,1.93433,1.93512,1.93433,1.93502,432000000,8
1530157440000,1530157919000,1.93504,1.93508,1.93466,1.93491,394000000,8
1530157920000,1530158399000,1.9349,1.93545,1.93417,1.93425,343090000,8
1530158400000,1530158879000,1.93425,1.93493,1.93422,1.93474,357000000,8
1530158880000,1530159359000,1.93473,1.93518,1.93421,1.93447,389370000,8
1530159360000,1530159839000,1.93447,1.93461,1.93397,1.93421,370500000,8
1530159840000,1530160319000,1.93421,1.93437,1.93339,1.93347,412500000,8
1530160320000,1530160799000,1.93348,1.9337,1.93286,1.93315,409750000,8
1530160800000,1530161279000,1.93315,1.93348,1.93285,1.93344,356000000,8
1530161280000,1530161759000,1.93344,1.93356,1.93267,1.93323,444500000,8
1530161760000,1530162239000,1.93322,1.93322,1.93261,1.93314,446500000,8
1530162240000,1530162719000,1.93315,1.93351,1.93311,1.93347,462500000,8
1530162720000,1530163199000,1.9335,1.9343,1.93347,1.9339,475000000,8
1530163200000,1530163679000,1.93391,1.93453,1.93385,1.93393,589050000,8
1530163680000,1530164159000,1.9339,1.93394,1.93071,1.93081,1256250000,8
1530164160000,1530164639000,1.93081,1.93138,1.92939,1.93097,1158930000,8
1530164640000,1530165119000,1.93097,1.9311,1.93008,1.93074,1104960000,8
1530165120000,1530165599000,1.93076,1.93111,1.93009,1.93047,660250000,8
1530165600000,1530166079000,1.93046,1.93101,1.92975,1.93043,851590000,8
1530166080000,1530166559000,1.93044,1.93122,1.9298,1.93072,587930000,8
1530166560000,1530167039000,1.93069,1.93127,1.93047,1.93079,877500000,8
1530167040000,1530167519000,1.93079,1.93151,1.93028,1.93093,852870000,8
1530167520000,1530167999000,1.93093,1.93191,1.93041,1.93186,1504900000,8
1530168000000,1530168479000,1.93186,1.93327,1.93112,1.93169,1401920000,8
1530168480000,1530168959000,1.93169,1.93402,1.93139,1.9333,1113840000,8
1530168960000,1530169439000,1.9333,1.9339,1.93249,1.93313,1361610000,8
1530169440000,1530169919000,1.93316,1.93399,1.9322,1.93268,1502000000,8
1530169920000,1530170399000,1.93268,1.93402,1.93262,1.93386,1514000000,8
1530170400000,1530170879000,1.93385,1.93481,1.9337,1.93438,1311280000,8
1530170880000,1530171359000,1.93439,1.93461,1.93371,1.93404,1107720000,8
1530171360000,1530171839000,1.93405,1.93429,1.93298,1.93357,1497430000,8
1530171840000,1530172319000,1.93357,1.93503,1.93357,1.93455,1061920000,8
1530172320000,1530172799000,1.93451,1.93527,1.93428,1.93435,1088520000,8
1530172800000,1530173279000,1.93432,1.93511,1.93292,1.93292,1382500000,8
1530173280000,1530173759000,1.93293,1.93411,1.93286,1.9334,1083210000,8
1530173760000,1530174239000,1.9334,1.93506,1.93328,1.93388,1171960000,8
1530174240000,1530174719000,1.93388,1.93538,1.93385,1.9348,1433730000,8
1530174720000,1530175199000,1.9348,1.93557,1.93416,1.93475,1199760000,8
1530175200000,1530175679000,1.93475,1.93499,1.9339,1.93458,1191070000,8
1530175680000,1530176159000,1.93458,1.93562,1.93438,1.93464,930660000,8
1530176160000,1530176639000,1.93463,1.93678,1.93432,1.93666,784840000,8
1530176640000,1530177119000,1.93666,1.93822,1.93611,1.9382,893000000,8
1530177120000,1530177599000,1.93816,1.93832,1.93673,1.93673,1048250000,8
1530177600000,1530178079000,1.93674,1.93718,1.93618,1.93698,895120000,8
1530178080000,1530178559000,1.93694,1.93767,1.93665,1.93763,821500000,8
1530178560000,1530179039000,1.93759,1.93804,1.93589,1.93593,1033590000,8
1530179040000,1530179519000,1.93589,1.93719,1.93551,1.9367,955190000,8
1530179520000,1530179999000,1.93671,1.93714,1.93533,1.93546,1432300000,8
1530180000000,1530180479000,1.93544,1.9356,1.93381,1.93414,1219620000,8
1530180480000,1530180959000,1.93417,1.93541,1.93373,1.93388,972500000,8
1530180960000,1530181439000,1.93396,1.93405,1.932,1.93224,1085250000,8
1530181440000,1530181919000,1.93225,1.93311,1.9319,1.93286,1180630000,8
1530181920000,1530182399000,1.93292,1.93346,1.93097,1.93106,1197860000,8
1530182400000,1530182879000,1.93105,1.93416,1.9308,1.93344,1150440000,8
1530182880000,1530183359000,1.93344,1.93396,1.932,1.93207,935740000,8
1530183360000,1530183839000,1.93207,1.93547,1.93207,1.93513,1603000000,8
1530183840000,1530184319000,1.93514,1.93565,1.93493,1.93517,1512450000,8
1530184320000,1530184799000,1.93518,1.93521,1.93413,1.93415,1050770000,8
1530184800000,1530185279000,1.93415,1.93536,1.93345,1.93522,1027490000,8
1530185280000,1530185759000,1.93522,1.93561,1.93462,1.93508,1005030000,8
1530185760000,1530186239000,1.93508,1.93541,1.93414,1.93431,893710000,8
1530186240000,1530186719000,1.93431,1.93524,1.93425,1.93472,847540000,8
1530186720000,1530187199000,1.9347,1.9361,1.93457,1.93604,699000000,8
1530187200000,1530187679000,1.93604,1.93651,1.93461,1.93466,965270000,8
1530187680000,1530188159000,1.93467,1.93585,1.93373,1.93536,1060410000,8
1530188160000,1530188639000,1.93536,1.93552,1.93397,1.93438,1404750000,8
1530188640000,1530189119000,1.93436,1.93494,1.93262,1.93494,834170000,8
1530189120000,1530189599000,1.93491,1.93491,1.93224,1.93241,1498080000,8
1530189600000,1530190079000,1.93246,1.93388,1.93241,1.93319,1434230000,8
1530190080000,1530190559000,1.93315,1.93335,1.93186,1.93221,840600000,8
1530190560000,1530191039000,1.93219,1.93255,1.93085,1.93203,1746330000,8
1530191040000,1530191519000,1.932,1.93279,1.93144,1.93229,1720840000,8
1530191520000,1530191999000,1.93229,1.93301,1.93164,1.93221,1175170000,8
1530192000000,1530192479000,1.93226,1.93338,1.93215,1.93313,1149040000,8
1530192480000,1530192959000,1.93308,1.93418,1.93286,1.93342,1801000000,8
1530192960000,1530193439000,1.93341,1.93437,1.93337,1.93358,1608410000,8
1530193440000,1530193919000,1.9336,1.93687,1.9336,1.93679,1480250000,8
1530193920000,1530194399000,1.9368,1.93811,1.93574,1.93788,1766220000,8
1530194400000,1530194879000,1.93787,1.93848,1.93659,1.93832,1896540000,8
1530194880000,1530195359000,1.93839,1.9393,1.9377,1.93903,2015340000,8
1530195360000,1530195839000,1.93902,1.93937,1.93699,1.93744,1916910000,8
1530195840000,1530196319000,1.93743,1.93851,1.93663,1.93843,1552900000,8
1530196320000,1530196799000,1.93845,1.93986,1.93843,1.93865,1606490000,8
1530196800000,1530197279000,1.93866,1.93916,1.93813,1.93904,1750760000,8
1530197280000,1530197759000,1.93904,1.94028,1.93792,1.93866,1902640000,8
1530197760000,1530198239000,1.93864,1.94,1.93864,1.93934,2112000000,8
1530198240000,1530198719000,1.93935,1.93987,1.93871,1.93888,1563000000,8
1530198720000,1530199199000,1.93891,1.93912,1.93753,1.93785,1351500000,8
1530199200000,1530199679000,1.93783,1.93825,1.93737,1.93753,1448500000,8
1530199680000,1530200159000,1.93754,1.93803,1.93676,1.93764,1542210000,8
1530200160000,1530200639000,1.93765,1.93798,1.93725,1.93766,1193030000,8
1530200640000,1530201119000,1.93764,1.93832,1.9374,1.93826,1302240000,8
1530201120000,1530201599000,1.93825,1.93828,1.93741,1.93757,1166680000,8
1530201600000,1530202079000,1.9376,1.9378,1.93693,1.93716,1060340000,8
1530202080000,1530202559000,1.93716,1.93799,1.93697,1.93784,803600000,8
1530202560000,1530203039000,1.93784,1.93789,1.93676,1.9368,747860000,8
1530203040000,1530203519000,1.93683,1.93702,1.93641,1.93651,800000000,8
1530203520000,1530203999000,1.93651,1.93705,1.93639,1.93661,749080000,8
1530204000000,1530204479000,1.93659,1.93663,1.93555,1.93649,688930000,8
1530204480000,1530204959000,1.93649,1.93669,1.9362,1.93643,562000000,8
1530204960000,1530205439000,1.93641,1.93784,1.93641,1.93692,765000000,8
1530205440000,1530205919000,1.9369,1.93739,1.9369,1.93705,553500000,8
1530205920000,1530206399000,1.93708,1.93753,1.93668,1.93738,564450000,8
1530206400000,1530206879000,1.93738,1.93753,1.93706,1.93725,645500000,8
1530206880000,1530207359000,1.93725,1.93737,1.93663,1.93671,866000000,8
1530207360000,1530207839000,1.93671,1.93683,1.9358,1.93637,882680000,8
1530207840000,1530208319000,1.93637,1.93671,1.93583,1.93647,729750000,8
1530208320000,1530208799000,1.93647,1.93656,1.93597,1.93632,768500000,8
1530208800000,1530209279000,1.93632,1.93652,1.93588,1.93616,826500000,8
1530209280000,1530209759000,1.93616,1.93721,1.93616,1.93676,878250000,8
1530209760000,1530210239000,1.93678,1.93684,1.9362,1.93659,943360000,8
1530210240000,1530210719000,1.93656,1.93675,1.93573,1.93642,767250000,8
1530210720000,1530211199000,1.93641,1.93721,1.93637,1.93686,655620000,8
1530211200000,1530211679000,1.93686,1.93709,1.93656,1.93676,857120000,8
1530211680000,1530212159000,1.93673,1.93689,1.93609,1.93615,504000000,8
1530212160000,1530212639000,1.93617,1.93639,1.93517,1.93567,746000000,8
1530212640000,1530213119000,1.93567,1.93647,1.93565,1.936,499250000,8
1530213120000,1530213599000,1.936,1.93607,1.93568,1.93607,437760000,8
1530213600000,1530214079000,1.93607,1.93636,1.93597,1.93628,604050000,8
1530214080000,1530214559000,1.9363,1.93653,1.9358,1.9361,698470000,8
1530214560000,1530215039000,1.9361,1.93633,1.9358,1.93593,589750000,8
1530215040000,1530215519000,1.93592,1.93595,1.93534,1.93538,478000000,8
1530215520000,1530215999000,1.93538,1.9357,1.93509,1.93528,573250000,8
1530216000000,1530216479000,1.93531,1.93611,1.93522,1.93598,403750000,8
1530216480000,1530216959000,1.936,1.93617,1.93584,1.93601,201970000,8
1530216960000,1530217439000,1.93601,1.93605,1.9357,1.93595,217430000,8
1530217440000,1530217919000,1.93596,1.93621,1.93571,1.93594,469500000,8
1530217920000,1530218399000,1.93601,1.93654,1.93572,1.93603,293000000,8
1530218400000,1530218879000,1.93602,1.93629,1.93586,1.93612,200500000,8
1530218880000,1530219359000,1.9361,1.93611,1.93549,1.93557,352000000,8
1530219360000,1530219839000,1.93561,1.93607,1.93469,1.93516,238500000,8
1530219840000,1530220319000,1.93399,1.93519,1.93245,1.93381,210000000,8
1530220320000,1530220799000,1.93362,1.93431,1.93292,1.93314,250500000,8
1530220800000,1530221279000,1.93316,1.93471,1.93267,1.93332,625500000,8
1530221280000,1530221759000,1.93333,1.93487,1.93332,1.93487,440150000,8
1530221760000,1530222239000,1.93488,1.93497,1.93461,1.93461,118000000,8
1530222240000,1530222719000,1.93442,1.93484,1.93441,1.93474,163200000,8
1530222720000,1530223199000,1.93473,1.93529,1.93473,1.93521,396320000,8
1530223200000,1530223679000,1.93521,1.93624,1.93505,1.93511,284490000,8
1530223680000,1530224159000,1.93517,1.93622,1.93482,1.93572,279160000,8
1530224160000,1530224639000,1.9357,1.93682,1.9357,1.93652,216150000,8
1530224640000,1530225119000,1.93649,1.93654,1.93612,1.93622,168750000,8
1530225120000,1530225599000,1.93623,1.93701,1.93623,1.93683,189000000,8
1530225600000,1530226079000,1.93683,1.93751,1.93658,1.93661,191500000,8
1530226080000,1530226559000,1.93662,1.93704,1.93626,1.93657,315500000,8
1530226560000,1530227039000,1.93657,1.93677,1.936,1.93642,425500000,8
1530227040000,1530227519000,1.93642,1.93643,1.93561,1.93571,416500000,8
1530227520000,1530227999000,1.9357,1.9357,1.93471,1.9349,425500000,8
1530228000000,1530228479000,1.93491,1.93495,1.93403,1.93462,580500000,8
1530228480000,1530228959000,1.93461,1.93472,1.93439,1.93469,269500000,8
1530228960000,1530229439000,1.93469,1.93582,1.93466,1.93576,289500000,8
1530229440000,1530229919000,1.93575,1.93627,1.93572,1.93586,271000000,8
1530229920000,1530230399000,1.93586,1.93641,1.93578,1.93609,269000000,8
1530230400000,1530230879000,1.93611,1.93726,1.93603,1.93655,688500000,8
1530230880000,1530231359000,1.93657,1.93674,1.93569,1.93569,762000000,8
1530231360000,1530231839000,1.93565,1.93579,1.93483,1.93494,533080000,8
1530231840000,1530232319000,1.93496,1.93613,1.93494,1.93589,577500000,8
1530232320000,1530232799000,1.93589,1.93693,1.93576,1.93666,570000000,8
1530232800000,1530233279000,1.93666,1.93857,1.93666,1.93823,672670000,8
1530233280000,1530233759000,1.93821,1.93854,1.9375,1.93816,820500000,8
1530233760000,1530234239000,1.9382,1.9385,1.93771,1.93783,674500000,8
1530234240000,1530234719000,1.93782,1.93799,1.93744,1.93777,482500000,8
1530234720000,1530235199000,1.93777,1.93942,1.93763,1.93803,909520000,8
1530235200000,1530235679000,1.93802,1.93952,1.93705,1.93896,786560000,8
1530235680000,1530236159000,1.93899,1.93972,1.93866,1.93901,834250000,8
1530236160000,1530236639000,1.93886,1.93941,1.93872,1.93872,657000000,8
1530236640000,1530237119000,1.93874,1.93952,1.93855,1.93895,621000000,8
1530237120000,1530237599000,1.93893,1.94002,1.93869,1.93929,767250000,8
1530237600000,1530238079000,1.93928,1.9395,1.93866,1.93903,723500000,8
1530238080000,1530238559000,1.93905,1.93972,1.93891,1.93935,567500000,8
1530238560000,1530239039000,1.93935,1.93935,1.93825,1.93876,532500000,8
1530239040000,1530239519000,1.93875,1.93905,1.93764,1.93784,591120000,8
1530239520000,1530239999000,1.93784,1.93939,1.93699,1.9383,1785870000,8
1530240000000,1530240479000,1.93845,1.93905,1.9368,1.93773,1926280000,8
1530240480000,1530240959000,1.93772,1.93772,1.93593,1.93666,1280000000,8
1530240960000,1530241439000,1.93665,1.93767,1.93403,1.93471,1818500000,8
1530241440000,1530241919000,1.93474,1.93656,1.93388,1.93579,1359060000,8
1530241920000,1530242399000,1.93579,1.93706,1.93566,1.93702,1228500000,8
1530242400000,1530242879000,1.93709,1.93713,1.93552,1.93567,968500000,8
1530242880000,1530243359000,1.93567,1.93675,1.93545,1.93645,1030000000,8
1530243360000,1530243839000,1.93648,1.93676,1.93576,1.93658,686000000,8
1530243840000,1530244319000,1.93658,1.93686,1.93547,1.93639,917000000,8
1530244320000,1530244799000,1.93636,1.93713,1.9361,1.93627,748000000,8
1530244800000,1530245279000,1.93627,1.93671,1.93506,1.93513,820000000,8
1530245280000,1530245759000,1.93513,1.93562,1.93467,1.93546,1052000000,8
1530245760000,1530246239000,1.93546,1.93587,1.93501,1.93515,1118000000,8
1530246240000,1530246719000,1.93514,1.93579,1.93496,1.93539,1129500000,8
1530246720000,1530247199000,1.93537,1.93607,1.9347,1.93472,676500000,8
1530247200000,1530247679000,1.93471,1.93514,1.93445,1.93505,665000000,8
1530247680000,1530248159000,1.93505,1.93532,1.93446,1.93499,648250000,8
1530248160000,1530248639000,1.93499,1.93554,1.93466,1.93494,825000000,8
1530248640000,1530249119000,1.93496,1.93543,1.93445,1.93503,627500000,8
1530249120000,1530249599000,1.93502,1.93523,1.93444,1.9348,423000000,8
1530249600000,1530250079000,1.93486,1.93493,1.93429,1.93438,459000000,8
1530250080000,1530250559000,1.93435,1.9356,1.93405,1.93559,677520000,8
1530250560000,1530251039000,1.93559,1.93559,1.93444,1.93446,873500000,8
1530251040000,1530251519000,1.93447,1.93526,1.93442,1.93465,866500000,8
1530251520000,1530251999000,1.93466,1.93508,1.93377,1.93499,857000000,8
1530252000000,1530252479000,1.93505,1.93552,1.93387,1.93543,1052750000,8
1530252480000,1530252959000,1.93544,1.93629,1.93504,1.93535,1346500000,8
1530252960000,1530253439000,1.93534,1.93566,1.93447,1.93528,1119500000,8
1530253440000,1530253919000,1.93529,1.93633,1.9348,1.93554,868500000,8
1530253920000,1530254399000,1.93554,1.93603,1.93514,1.9355,882000000,8
1530254400000,1530254879000,1.93551,1.93677,1.93547,1.93646,1067120000,8
1530254880000,1530255359000,1.93648,1.93701,1.93629,1.93631,1061750000,8
1530255360000,1530255839000,1.93634,1.93771,1.93634,1.93742,1231000000,8
1530255840000,1530256319000,1.93742,1.93778,1.93649,1.93657,1479350000,8
1530256320000,1530256799000,1.93653,1.93686,1.93573,1.93633,1410870000,8
1530256800000,1530257279000,1.93629,1.93722,1.93592,1.93669,1279620000,8
1530257280000,1530257759000,1.93669,1.93835,1.93651,1.93819,1176810000,8
1530257760000,1530258239000,1.93817,1.93905,1.93761,1.93762,1255320000,8
1530258240000,1530258719000,1.93764,1.93863,1.93763,1.9381,1140840000,8
1530258720000,1530259199000,1.93813,1.93887,1.93774,1.93829,972230000,8
1530259200000,1530259679000,1.9383,1.93859,1.93741,1.938,1263110000,8
1530259680000,1530260159000,1.93798,1.93812,1.93693,1.9377,1257130000,8
1530260160000,1530260639000,1.93775,1.93846,1.93739,1.9383,1572250000,8
1530260640000,1530261119000,1.93829,1.94362,1.9382,1.94136,1529030000,8
1530261120000,1530261599000,1.94143,1.94534,1.94091,1.94319,2291660000,8
1530261600000,1530262079000,1.94315,1.94562,1.94301,1.94541,1649500000,8
1530262080000,1530262559000,1.94542,1.94673,1.9453,1.9463,1529190000,8
1530262560000,1530263039000,1.94633,1.94639,1.94386,1.94525,1439500000,8
1530263040000,1530263519000,1.94525,1.94612,1.94425,1.94443,1311250000,8
1530263520000,1530263999000,1.94444,1.94593,1.94422,1.94557,1084500000,8
1530264000000,1530264479000,1.94557,1.94606,1.94505,1.94589,1129250000,8
1530264480000,1530264959000,1.94577,1.94595,1.94485,1.94527,1164000000,8
1530264960000,1530265439000,1.94526,1.94561,1.94446,1.94497,1142370000,8
1530265440000,1530265919000,1.94496,1.94504,1.94364,1.94377,1147540000,8
1530265920000,1530266399000,1.94377,1.94457,1.9434,1.9445,1241500000,8
1530266400000,1530266879000,1.94449,1.94455,1.94314,1.94429,1377370000,8
1530266880000,1530267359000,1.94429,1.9447,1.94386,1.9444,1064620000,8
1530267360000,1530267839000,1.94438,1.94484,1.94386,1.94444,1072490000,8
1530267840000,1530268319000,1.94446,1.94494,1.94369,1.94466,1474960000,8
1530268320000,1530268799000,1.94466,1.94498,1.94381,1.94394,1381100000,8
1530268800000,1530269279000,1.94391,1.94447,1.94346,1.94371,1225970000,8
1530269280000,1530269759000,1.9437,1.94443,1.94321,1.94403,927130000,8
1530269760000,1530270239000,1.94403,1.94455,1.94385,1.94423,1033340000,8
1530270240000,1530270719000,1.9442,1.94491,1.94394,1.94475,982800000,8
1530270720000,1530271199000,1.9448,1.94576,1.94398,1.94501,1178560000,8
1530271200000,1530271679000,1.94501,1.94611,1.94425,1.9451,1185350000,8
1530271680000,1530272159000,1.9451,1.94552,1.94433,1.94436,1028860000,8
1530272160000,1530272639000,1.94438,1.94494,1.94371,1.94483,973670000,8
1530272640000,1530273119000,1.94482,1.94596,1.94439,1.94539,937690000,8
1530273120000,1530273599000,1.94536,1.94598,1.94458,1.9456,943250000,8
1530273600000,1530274079000,1.94561,1.94683,1.94537,1.94609,1130000000,8
1530274080000,1530274559000,1.94609,1.94653,1.94566,1.94631,1201860000,8
1530274560000,1530275039000,1.94631,1.94721,1.94578,1.9461,1171920000,8
1530275040000,1530275519000,1.94606,1.94638,1.94473,1.9454,1101260000,8
1530275520000,1530275999000,1.94538,1.94789,1.9453,1.94695,1498750000,8
1530276000000,1530276479000,1.9469,1.94757,1.94615,1.9473,1574500000,8
1530276480000,1530276959000,1.9473,1.94776,1.94573,1.94588,1340500000,8
1530276960000,1530277439000,1.94587,1.94639,1.9438,1.94411,1655530000,8
1530277440000,1530277919000,1.94413,1.94496,1.9439,1.94496,1287590000,8
1530277920000,1530278399000,1.94494,1.94526,1.94411,1.94412,1076040000,8
1530278400000,1530278879000,1.94412,1.94522,1.94412,1.94473,1096620000,8
1530278880000,1530279359000,1.94474,1.94517,1.94424,1.94492,1516750000,8
1530279360000,1530279839000,1.94492,1.94564,1.94443,1.94532,1283000000,8
1530279840000,1530280319000,1.94532,1.94559,1.94465,1.94541,1334620000,8
1530280320000,1530280799000,1.94539,1.94564,1.94454,1.94554,1421270000,8
1530280800000,1530281279000,1.94554,1.94606,1.94502,1.94572,1330420000,8
1530281280000,1530281759000,1.94572,1.94779,1.94532,1.94749,1357960000,8
1530281760000,1530282239000,1.94748,1.94748,1.94634,1.94694,1075790000,8
1530282240000,1530282719000,1.94693,1.94726,1.9459,1.94591,1508430000,8
1530282720000,1530283199000,1.94592,1.94604,1.94462,1.9456,1463780000,8
1530283200000,1530283679000,1.94556,1.94616,1.94502,1.94573,1525500000,8
1530283680000,1530284159000,1.94571,1.94849,1.94569,1.94833,1695120000,8
1530284160000,1530284639000,1.94833,1.95123,1.94805,1.95109,2497340000,8
1530284640000,1530285119000,1.95116,1.95123,1.94904,1.94953,1761700000,8
1530285120000,1530285599000,1.9495,1.94965,1.94799,1.94799,1440750000,8
1530285600000,1530286079000,1.94788,1.94804,1.94627,1.9464,1467000000,8
1530286080000,1530286559000,1.9464,1.94844,1.94637,1.94835,1269600000,8
1530286560000,1530287039000,1.94837,1.94872,1.94678,1.94691,1181830000,8
1530287040000,1530287519000,1.9469,1.94844,1.9467,1.94843,1139730000,8
1530287520000,1530287999000,1.94844,1.94934,1.948,1.9483,1461150000,8
1530288000000,1530288479000,1.9483,1.94882,1.94797,1.94851,1216230000,8
1530288480000,1530288959000,1.9485,1.94963,1.94848,1.9496,889260000,8
1530288960000,1530289439000,1.94961,1.94999,1.94905,1.94906,808150000,8
1530289440000,1530289919000,1.94906,1.94976,1.9488,1.94929,708460000,8
1530289920000,1530290399000,1.94936,1.94987,1.94863,1.94872,764210000,8
1530290400000,1530290879000,1.94869,1.94931,1.94851,1.94894,893840000,8
1530290880000,1530291359000,1.94894,1.94917,1.94807,1.94871,859500000,8
1530291360000,1530291839000,1.94868,1.94896,1.94767,1.94829,1123560000,8
1530291840000,1530292319000,1.94828,1.94871,1.94786,1.94865,733810000,8
1530292320000,1530292799000,1.94866,1.94935,1.94839,1.94918,834750000,8
1530292800000,1530293279000,1.94918,1.94955,1.94885,1.94924,722180000,8
1530293280000,1530293759000,1.94918,1.94938,1.94857,1.94889,697600000,8
1530293760000,1530294239000,1.94888,1.94905,1.94821,1.94854,499840000,8
1530294240000,1530294719000,1.94853,1.94918,1.94851,1.94895,360750000,8
1530294720000,1530295199000,1.94896,1.94926,1.94873,1.94913,435000000,8
1530295200000,1530295679000,1.94913,1.94933,1.94861,1.94931,540710000,8
1530295680000,1530296159000,1.94933,1.9495,1.94875,1.94943,492990000,8
1530296160000,1530296639000,1.94943,1.94974,1.94879,1.94882,382500000,8
1530296640000,1530297119000,1.94883,1.94937,1.94883,1.94928,524500000,8
1530297120000,1530297599000,1.94934,1.94956,1.94887,1.94899,370000000,8
1530297600000,1530298079000,1.94901,1.94989,1.94896,1.94958,398500000,8
1530298080000,1530298559000,1.94962,1.94972,1.94925,1.94947,485710000,8
1530298560000,1530299039000,1.94947,1.94973,1.94792,1.94877,705790000,8
1530299040000,1530299519000,1.94878,1.94946,1.94865,1.94901,386620000,8
1530299520000,1530299999000,1.94917,1.94965,1.94914,1.94946,303480000,8
1530300000000,1530300479000,1.94945,1.94981,1.94916,1.94917,265950000,8
1530300480000,1530300959000,1.94914,1.94936,1.94893,1.9492,381990000,8
1530300960000,1530301439000,1.94922,1.94938,1.94893,1.94916,350980000,8
1530301440000,1530301919000,1.94916,1.94916,1.94836,1.94855,257240000,8
1530301920000,1530302399000,1.94865,1.94904,1.94778,1.94814,539500000,8
1530302400000,1530302879000,1.94814,1.94887,1.94778,1.94803,389500000,8
1530302880000,1530303359000,1.94803,1.9484,1.94741,1.94744,299000000,8
1530303360000,1530303839000,1.94747,1.94761,1.94734,1.94734,167500000,8
1530303840000,1530304319000,1.94743,1.94786,1.94706,1.94728,369500000,8
1530304320000,1530304799000,1.94728,1.94753,1.9466,1.94694,281000000,8
1530304800000,1530305279000,1.94693,1.94731,1.94675,1.94707,562000000,8
1530305280000,1530305759000,1.94707,1.94803,1.94692,1.94774,419750000,8
1530305760000,1530306239000,1.94774,1.94835,1.94766,1.94823,208500000,8
1530306240000,1530306719000,1.94823,1.94823,1.94823,1.94823,0,8
1530306720000,1530307199000,1.94823,1.94823,1.94823,1.94823,0,8
1530307200000,1530307679000,1.94823,1.94823,1.94823,1.94823,0,8
1530307680000,1530308159000,1.94823,1.94823,1.94823,1.94823,0,8
1530308160000,1530308639000,1.94823,1.94823,1.94823,1.94823,0,8
1530308640000,1530309119000,1.94823,1.94823,1.94823,1.94823,0,8
1530309120000,1530309599000,1.94823,1.94823,1.94823,1.94823,0,8
1530309600000,1530310079000,1.94823,1.94823,1.94823,1.94823,0,8
1530310080000,1530310559000,1.94823,1.94823,1.94823,1.94823,0,8
1530310560000,1530311039000,1.94823,1.94823,1.94823,1.94823,0,8
1530311040000,1530311519000,1.94823,1.94823,1.94823,1.94823,0,8
1530311520000,1530311999000,1.94823,1.94823,1.94823,1.94823,0,8
1530312000000,1530312479000,1.94823,1.94823,1.94823,1.94823,0,8
1530312480000,1530312959000,1.94823,1.94823,1.94823,1.94823,0,8
1530312960000,1530313439000,1.94823,1.94823,1.94823,1.94823,0,8
1530313440000,1530313919000,1.94823,1.94823,1.94823,1.94823,0,8
1530313920000,1530314399000,1.94823,1.94823,1.94823,1.94823,0,8
1530314400000,1530314879000,1.94823,1.94823,1.94823,1.94823,0,8
1530314880000,1530315359000,1.94823,1.94823,1.94823,1.94823,0,8
1530315360000,1530315839000,1.94823,1.94823,1.94823,1.94823,0,8
1530315840000,1530316319000,1.94823,1.94823,1.94823,1.94823,0,8
1530316320000,1530316799000,1.94823,1.94823,1.94823,1.94823,0,8
