openEpochMillis,closeEpochMillis,open,high,low,close,volume,sourceBars
1719792000000,1719792479000,117.68,117.688,117.603,117.617,474570000,8
1719792480000,1719792959000,117.619,117.682,117.616,117.678,235890000,8
1719792960000,1719793439000,117.679,117.738,117.549,117.612,1003560000,8
1719793440000,1719793919000,117.615,117.69,117.598,117.69,873960000,8
1719793920000,1719794399000,117.693,117.732,117.691,117.711,507300000,8
1719794400000,1719794879000,117.709,117.82,117.708,117.809,590520000,8
1719794880000,1719795359000,117.81,117.863,117.805,117.817,671730000,8
1719795360000,1719795839000,117.814,117.824,117.652,117.668,1149900000,8
1719795840000,1719796319000,117.668,117.706,117.652,117.68,791700000,8
1719796320000,1719796799000,117.682,117.732,117.679,117.698,576690000,8
1719796800000,1719797279000,117.696,117.762,117.695,117.735,597180000,8
1719797280000,1719797759000,117.733,117.756,117.707,117.749,579930000,8
1719797760000,1719798239000,117.75,117.758,117.655,117.676,551130000,8
1719798240000,1719798719000,117.676,117.722,117.662,117.669,492390000,8
1719798720000,1719799199000,117.672,117.7,117.666,117.7,359940000,8
1719799200000,1719799679000,117.704,117.707,117.647,117.653,267180000,8
1719799680000,1719800159000,117.653,117.711,117.645,117.68,327480000,8
1719800160000,1719800639000,117.681,117.681,117.65,117.657,299670000,8
1719800640000,1719801119000,117.654,117.678,117.633,117.677,266670000,8
1719801120000,1719801599000,117.677,117.699,117.673,117.678,206010000,8
1719801600000,1719802079000,117.684,117.691,117.658,117.658,105600000,8
1719802080000,1719802559000,117.654,117.678,117.652,117.674,125130000,8
1719802560000,1719803039000,117.672,117.685,117.672,117.683,84360000,8
1719803040000,1719803519000,117.684,117.716,117.679,117.713,116610000,8
1719803520000,1719803999000,117.713,117.719,117.693,117.709,108240000,8
1719804000000,1719804479000,117.71,117.741,117.705,117.731,182610000,8
1719804480000,1719804959000,117.733,117.78,117.728,117.732,236040000,8
1719804960000,1719805439000,117.734,117.752,117.724,117.742,181740000,8
1719805440000,1719805919000,117.742,117.769,117.735,117.743,201840000,8
1719805920000,1719806399000,117.742,117.775,117.736,117.768,119580000,8
1719806400000,1719806879000,117.768,117.774,117.741,117.742,151230000,8
1719806880000,1719807359000,117.743,117.78,117.728,117.777,211650000,8
1719807360000,1719807839000,117.776,117.778,117.756,117.763,101400000,8
1719807840000,1719808319000,117.762,117.786,117.756,117.766,198600000,8
1719808320000,1719808799000,117.765,117.805,117.765,117.803,161040000,8
1719808800000,1719809279000,117.801,117.813,117.788,117.797,90000000,8
1719809280000,1719809759000,117.796,117.804,117.781,117.783,79800000,8
1719809760000,1719810239000,117.783,117.835,117.781,117.833,141600000,8
1719810240000,1719810719000,117.832,117.84,117.803,117.808,152400000,8
1719810720000,1719811199000,117.808,117.809,117.748,117.769,168540000,8
1719811200000,1719811679000,117.769,117.775,117.736,117.754,224580000,8
1719811680000,1719812159000,117.756,117.806,117.756,117.806,245460000,8
1719812160000,1719812639000,117.807,117.81,117.789,117.802,165870000,8
1719812640000,1719813119000,117.803,117.805,117.778,117.803,192900000,8
1719813120000,1719813599000,117.805,117.817,117.76,117.786,197520000,8
1719813600000,1719814079000,117.785,117.831,117.772,117.796,441210000,8
1719814080000,1719814559000,117.796,117.797,117.755,117.76,498480000,8
1719814560000,1719815039000,117.762,117.79,117.74,117.751,415620000,8
1719815040000,1719815519000,117.756,117.797,117.75,117.791,410820000,8
1719815520000,1719815999000,117.79,117.817,117.77,117.795,548010000,8
1719816000000,1719816479000,117.793,117.799,117.727,117.729,395790000,8
1719816480000,1719816959000,117.729,117.766,117.729,117.731,450630000,8
1719816960000,1719817439000,117.728,117.738,117.706,117.72,971070000,8
1719817440000,1719817919000,117.718,117.751,117.69,117.75,743790000,8
1719817920000,1719818399000,117.752,117.76,117.721,117.746,617910000,8
1719818400000,1719818879000,117.747,117.787,117.738,117.779,329910000,8
1719818880000,1719819359000,117.774,117.784,117.733,117.738,371340000,8
1719819360000,1719819839000,117.737,117.744,117.684,117.686,381630000,8
1719819840000,1719820319000,117.686,117.728,117.686,117.707,379110000,8
1719820320000,1719820799000,117.708,117.75,117.684,117.72,755400000,8
1719820800000,1719821279000,117.721,117.768,117.718,117.74,628590000,8
1719821280000,1719821759000,117.739,117.764,117.71,117.76,533220000,8
1719821760000,1719822239000,117.761,117.805,117.755,117.777,384390000,8
1719822240000,1719822719000,117.778,117.789,117.761,117.784,223650000,8
1719822720000,1719823199000,117.784,117.785,117.721,117.739,339900000,8
1719823200000,1719823679000,117.739,117.766,117.736,117.76,258210000,8
1719823680000,1719824159000,117.762,117.768,117.741,117.75,220410000,8
1719824160000,1719824639000,117.751,117.772,117.707,117.711,213600000,8
1719824640000,1719825119000,117.712,117.721,117.678,117.694,295620000,8
1719825120000,1719825599000,117.693,117.731,117.682,117.724,301410000,8
1719825600000,1719826079000,117.724,117.724,117.68,117.698,210600000,8
1719826080000,1719826559000,117.698,117.729,117.698,117.715,328830000,8
1719826560000,1719827039000,117.715,117.719,117.698,117.702,200310000,8
1719827040000,1719827519000,117.701,117.706,117.685,117.695,166770000,8
1719827520000,1719827999000,117.694,117.722,117.681,117.716,196800000,8
1719828000000,1719828479000,117.715,117.715,117.685,117.698,209040000,8
1719828480000,1719828959000,117.698,117.706,117.684,117.698,193920000,8
1719828960000,1719829439000,117.699,117.733,117.698,117.727,239460000,8
1719829440000,1719829919000,117.726,117.735,117.711,117.731,160920000,8
1719829920000,1719830399000,117.729,117.729,117.691,117.698,188280000,8
1719830400000,1719830879000,117.697,117.704,117.687,117.7,188220000,8
1719830880000,1719831359000,117.7,117.734,117.697,117.708,184230000,8
1719831360000,1719831839000,117.706,117.714,117.689,117.69,227820000,8
1719831840000,1719832319000,117.689,117.714,117.679,117.688,202800000,8
1719832320000,1719832799000,117.689,117.709,117.681,117.683,151200000,8
1719832800000,1719833279000,117.681,117.691,117.673,117.682,174660000,8
1719833280000,1719833759000,117.683,117.698,117.67,117.698,232800000,8
1719833760000,1719834239000,117.699,117.74,117.678,117.695,215670000,8
1719834240000,1719834719000,117.696,117.701,117.673,117.673,199200000,8
1719834720000,1719835199000,117.672,117.707,117.671,117.699,173250000,8
1719835200000,1719835679000,117.698,117.717,117.679,117.699,242460000,8
1719835680000,1719836159000,117.701,117.707,117.659,117.701,324750000,8
1719836160000,1719836639000,117.703,117.724,117.69,117.702,557850000,8
1719836640000,1719837119000,117.701,117.725,117.687,117.709,430620000,8
1719837120000,1719837599000,117.708,117.708,117.649,117.703,504690000,8
1719837600000,1719838079000,117.7,117.745,117.685,117.74,935160000,8
1719838080000,1719838559000,117.741,117.76,117.716,117.728,566760000,8
1719838560000,1719839039000,117.729,117.787,117.719,117.77,776850000,8
1719839040000,1719839519000,117.769,117.787,117.734,117.779,573240000,8
1719839520000,1719839999000,117.777,117.858,117.763,117.858,564000000,8
1719840000000,1719840479000,117.856,117.878,117.79,117.839,826470000,8
1719840480000,1719840959000,117.838,117.859,117.804,117.834,992370000,8
1719840960000,1719841439000,117.834,117.871,117.799,117.8,986730000,8
1719841440000,1719841919000,117.799,117.845,117.782,117.833,838590000,8
1719841920000,1719842399000,117.836,117.84,117.743,117.758,736590000,8
1719842400000,1719842879000,117.755,117.838,117.577,117.809,2000670000,8
1719842880000,1719843359000,117.809,117.817,117.72,117.721,1363340000,8
1719843360000,1719843839000,117.72,117.731,117.646,117.709,1667070000,8
1719843840000,1719844319000,117.709,117.71,117.623,117.699,1674000000,8
1719844320000,1719844799000,117.701,117.721,117.624,117.664,1564790000,8
1719844800000,1719845279000,117.66,117.674,117.615,117.644,1216830000,8
1719845280000,1719845759000,117.644,117.71,117.639,117.708,1119780000,8
1719845760000,1719846239000,117.708,117.759,117.689,117.692,775470000,8
1719846240000,1719846719000,117.691,117.702,117.595,117.6,1042140000,8
1719846720000,1719847199000,117.6,117.605,117.565,117.576,665580000,8
1719847200000,1719847679000,117.576,117.597,117.55,117.583,752250000,8
1719847680000,1719848159000,117.582,117.608,117.567,117.578,480750000,8
1719848160000,1719848639000,117.577,117.589,117.549,117.572,459600000,8
1719848640000,1719849119000,117.571,117.572,117.518,117.55,471690000,8
1719849120000,1719849599000,117.549,117.556,117.522,117.544,354300000,8
1719849600000,1719850079000,117.542,117.569,117.508,117.523,551430000,8
1719850080000,1719850559000,117.523,117.536,117.51,117.535,317970000,8
1719850560000,1719851039000,117.537,117.577,117.53,117.565,403890000,8
1719851040000,1719851519000,117.567,117.591,117.544,117.591,469350000,8
1719851520000,1719851999000,117.589,117.606,117.582,117.582,305400000,8
1719852000000,1719852479000,117.582,117.591,117.556,117.562,216030000,8
1719852480000,1719852959000,117.56,117.57,117.542,117.567,293910000,8
1719852960000,1719853439000,117.567,117.593,117.539,117.543,373230000,8
1719853440000,1719853919000,117.543,117.548,117.513,117.527,211200000,8
1719853920000,1719854399000,117.525,117.541,117.514,117.533,397620000,8
1719854400000,1719854879000,117.534,117.547,117.515,117.535,256170000,8
1719854880000,1719855359000,117.534,117.549,117.518,117.524,214950000,8
1719855360000,1719855839000,117.528,117.546,117.518,117.535,204600000,8
1719855840000,1719856319000,117.539,117.544,117.524,117.536,219540000,8
1719856320000,1719856799000,117.537,117.542,117.527,117.536,265800000,8
1719856800000,1719857279000,117.534,117.537,117.507,117.512,271650000,8
1719857280000,1719857759000,117.513,117.528,117.501,117.523,230490000,8
1719857760000,1719858239000,117.522,117.548,117.521,117.527,236190000,8
1719858240000,1719858719000,117.527,117.532,117.5,117.504,290400000,8
1719858720000,1719859199000,117.504,117.51,117.481,117.483,262050000,8
1719859200000,1719859679000,117.483,117.507,117.473,117.501,213600000,8
1719859680000,1719860159000,117.503,117.509,117.482,117.487,193800000,8
1719860160000,1719860639000,117.486,117.513,117.466,117.486,404700000,8
1719860640000,1719861119000,117.487,117.541,117.487,117.534,212940000,8
1719861120000,1719861599000,117.533,117.541,117.509,117.524,278190000,8
1719861600000,1719862079000,117.525,117.53,117.511,117.519,265710000,8
1719862080000,1719862559000,117.52,117.546,117.519,117.543,240240000,8
1719862560000,1719863039000,117.542,117.558,117.53,117.546,240810000,8
1719863040000,1719863519000,117.545,117.557,117.538,117.549,216300000,8
1719863520000,1719863999000,117.55,117.553,117.508,117.522,256500000,8
1719864000000,1719864479000,117.527,117.533,117.495,117.503,167550000,8
1719864480000,1719864959000,117.504,117.525,117.504,117.522,158130000,8
1719864960000,1719865439000,117.523,117.542,117.522,117.541,101850000,8
1719865440000,1719865919000,117.541,117.548,117.521,117.539,193560000,8
1719865920000,1719866399000,117.539,117.555,117.532,117.554,176280000,8
1719866400000,1719866879000,117.555,117.555,117.54,117.546,94320000,8
1719866880000,1719867359000,117.546,117.562,117.534,117.534,155010000,8
1719867360000,1719867839000,117.533,117.545,117.489,117.502,185250000,8
1719867840000,1719868319000,117.502,117.554,117.375,117.546,100950000,8
1719868320000,1719868799000,117.548,117.578,117.518,117.518,266460000,8
1719868800000,1719869279000,117.517,117.549,117.507,117.531,74880000,8
1719869280000,1719869759000,117.531,117.549,117.521,117.537,340200000,8
1719869760000,1719870239000,117.539,117.539,117.504,117.509,339840000,8
1719870240000,1719870719000,117.506,117.552,117.504,117.545,432570000,8
1719870720000,1719871199000,117.545,117.548,117.524,117.524,522000000,8
1719871200000,1719871679000,117.524,117.552,117.504,117.537,192390000,8
1719871680000,1719872159000,117.536,117.546,117.526,117.537,100800000,8
1719872160000,1719872639000,117.537,117.539,117.5,117.519,69000000,8
1719872640000,1719873119000,117.517,117.526,117.499,117.509,114000000,8
1719873120000,1719873599000,117.51,117.517,117.494,117.504,72000000,8
1719873600000,1719874079000,117.506,117.508,117.494,117.494,57000000,8
1719874080000,1719874559000,117.495,117.507,117.493,117.494,55200000,8
1719874560000,1719875039000,117.493,117.527,117.493,117.505,261270000,8
1719875040000,1719875519000,117.503,117.503,117.489,117.5,167770000,8
1719875520000,1719875999000,117.5,117.508,117.495,117.505,63600000,8
1719876000000,1719876479000,117.506,117.509,117.496,117.498,57600000,8
1719876480000,1719876959000,117.494,117.514,117.493,117.514,75600000,8
1719876960000,1719877439000,117.512,117.526,117.511,117.525,78600000,8
1719877440000,1719877919000,117.526,117.534,117.507,117.534,158940000,8
1719877920000,1719878399000,117.532,117.572,117.532,117.564,121980000,8
1719878400000,1719878879000,117.564,117.626,117.557,117.626,380640000,8
1719878880000,1719879359000,117.624,117.643,117.612,117.631,213330000,8
1719879360000,1719879839000,117.632,117.643,117.611,117.615,304830000,8
1719879840000,1719880319000,117.615,117.636,117.597,117.607,242400000,8
1719880320000,1719880799000,117.607,117.657,117.601,117.653,376590000,8
1719880800000,1719881279000,117.654,117.657,117.597,117.598,494100000,8
1719881280000,1719881759000,117.599,117.634,117.577,117.583,603420000,8
1719881760000,1719882239000,117.58,117.583,117.5,117.528,535320000,8
1719882240000,1719882719000,117.528,117.578,117.524,117.556,243780000,8
1719882720000,1719883199000,117.555,117.563,117.52,117.52,268200000,8
1719883200000,1719883679000,117.52,117.568,117.517,117.566,259800000,8
1719883680000,1719884159000,117.565,117.635,117.553,117.633,385350000,8
1719884160000,1719884639000,117.634,117.664,117.623,117.645,413400000,8
1719884640000,1719885119000,117.645,117.647,117.604,117.61,361200000,8
1719885120000,1719885599000,117.61,117.644,117.61,117.635,273810000,8
1719885600000,1719886079000,117.633,117.636,117.567,117.585,363210000,8
1719886080000,1719886559000,117.585,117.604,117.566,117.567,405030000,8
1719886560000,1719887039000,117.568,117.575,117.535,117.54,337710000,8
1719887040000,1719887519000,117.537,117.566,117.533,117.534,335670000,8
1719887520000,1719887999000,117.533,117.558,117.526,117.529,332340000,8
1719888000000,1719888479000,117.528,117.58,117.528,117.565,361320000,8
1719888480000,1719888959000,117.565,117.568,117.538,117.544,212460000,8
1719888960000,1719889439000,117.547,117.569,117.53,117.566,291210000,8
1719889440000,1719889919000,117.563,117.574,117.528,117.53,224610000,8
1719889920000,1719890399000,117.529,117.537,117.518,117.523,263700000,8
1719890400000,1719890879000,117.523,117.549,117.514,117.541,208800000,8
1719890880000,1719891359000,117.541,117.55,117.536,117.539,131760000,8
1719891360000,1719891839000,117.54,117.546,117.532,117.539,165000000,8
1719891840000,1719892319000,117.537,117.549,117.525,117.547,125070000,8
1719892320000,1719892799000,117.546,117.561,117.544,117.546,112320000,8
1719892800000,1719893279000,117.546,117.556,117.521,117.529,178890000,8
1719893280000,1719893759000,117.528,117.543,117.513,117.528,222840000,8
1719893760000,1719894239000,117.527,117.547,117.518,117.544,147690000,8
1719894240000,1719894719000,117.545,117.561,117.541,117.551,131280000,8
1719894720000,1719895199000,117.55,117.562,117.538,117.559,177600000,8
1719895200000,1719895679000,117.559,117.578,117.546,117.567,201840000,8
1719895680000,1719896159000,117.572,117.61,117.569,117.577,318180000,8
1719896160000,1719896639000,117.577,117.58,117.545,117.558,196020000,8
1719896640000,1719897119000,117.558,117.561,117.536,117.544,152400000,8
1719897120000,1719897599000,117.544,117.546,117.523,117.526,136200000,8
1719897600000,1719898079000,117.526,117.535,117.513,117.524,225120000,8
1719898080000,1719898559000,117.527,117.562,117.521,117.562,213000000,8
1719898560000,1719899039000,117.563,117.577,117.558,117.57,165600000,8
1719899040000,1719899519000,117.569,117.578,117.552,117.57,149400000,8
1719899520000,1719899999000,117.571,117.618,117.569,117.603,262800000,8
1719900000000,1719900479000,117.598,117.645,117.598,117.637,538260000,8
1719900480000,1719900959000,117.637,117.638,117.583,117.614,308670000,8
1719900960000,1719901439000,117.613,117.633,117.609,117.627,250500000,8
1719901440000,1719901919000,117.626,117.671,117.606,117.671,275970000,8
1719901920000,1719902399000,117.67,117.672,117.634,117.644,250530000,8
1719902400000,1719902879000,117.643,117.672,117.625,117.661,254400000,8
1719902880000,1719903359000,117.66,117.67,117.602,117.613,318420000,8
1719903360000,1719903839000,117.614,117.659,117.612,117.643,570090000,8
1719903840000,1719904319000,117.643,117.665,117.637,117.653,363060000,8
1719904320000,1719904799000,117.653,117.674,117.636,117.654,327720000,8
1719904800000,1719905279000,117.652,117.672,117.632,117.662,292020000,8
1719905280000,1719905759000,117.663,117.683,117.656,117.669,353220000,8
1719905760000,1719906239000,117.668,117.673,117.596,117.615,635670000,8
1719906240000,1719906719000,117.614,117.668,117.596,117.667,551340000,8
1719906720000,1719907199000,117.666,117.707,117.657,117.691,352710000,8
1719907200000,1719907679000,117.688,117.696,117.638,117.682,394230000,8
1719907680000,1719908159000,117.682,117.708,117.658,117.703,330420000,8
1719908160000,1719908639000,117.703,117.709,117.683,117.709,293400000,8
1719908640000,1719909119000,117.707,117.712,117.677,117.7,315600000,8
1719909120000,1719909599000,117.701,117.723,117.689,117.706,243780000,8
1719909600000,1719910079000,117.707,117.72,117.677,117.682,315120000,8
1719910080000,1719910559000,117.684,117.696,117.654,117.678,499440000,8
1719910560000,1719911039000,117.677,117.716,117.672,117.697,445680000,8
1719911040000,1719911519000,117.698,117.707,117.671,117.676,303720000,8
1719911520000,1719911999000,117.677,117.711,117.674,117.693,288600000,8
1719912000000,1719912479000,117.692,117.701,117.674,117.675,224880000,8
1719912480000,1719912959000,117.676,117.699,117.674,117.674,239520000,8
1719912960000,1719913439000,117.672,117.707,117.672,117.694,208920000,8
1719913440000,1719913919000,117.691,117.72,117.681,117.708,188400000,8
1719913920000,1719914399000,117.709,117.733,117.705,117.729,156600000,8
1719914400000,1719914879000,117.732,117.743,117.707,117.72,194580000,8
1719914880000,1719915359000,117.72,117.727,117.681,117.693,192270000,8
1719915360000,1719915839000,117.694,117.722,117.692,117.716,151080000,8
1719915840000,1719916319000,117.715,117.755,117.711,117.732,188400000,8
1719916320000,1719916799000,117.734,117.747,117.721,117.722,175560000,8
1719916800000,1719917279000,117.721,117.729,117.712,117.715,148200000,8
1719917280000,1719917759000,117.717,117.724,117.693,117.699,172800000,8
1719917760000,1719918239000,117.698,117.704,117.673,117.693,187200000,8
1719918240000,1719918719000,117.694,117.702,117.679,117.68,126000000,8
1719918720000,1719919199000,117.683,117.715,117.68,117.698,172080000,8
1719919200000,1719919679000,117.701,117.715,117.697,117.705,163380000,8
1719919680000,1719920159000,117.705,117.719,117.703,117.715,155310000,8
1719920160000,1719920639000,117.714,117.725,117.664,117.676,152880000,8
1719920640000,1719921119000,117.677,117.695,117.675,117.683,105000000,8
1719921120000,1719921599000,117.682,117.697,117.642,117.692,287520000,8
1719921600000,1719922079000,117.688,117.733,117.68,117.725,552840000,8
1719922080000,1719922559000,117.725,117.725,117.682,117.7,401430000,8
1719922560000,1719923039000,117.7,117.741,117.687,117.706,437070000,8
1719923040000,1719923519000,117.706,117.722,117.677,117.719,326760000,8
1719923520000,1719923999000,117.721,117.733,117.696,117.718,299040000,8
1719924000000,1719924479000,117.721,117.746,117.707,117.734,331530000,8
1719924480000,1719924959000,117.735,117.742,117.695,117.719,324270000,8
1719924960000,1719925439000,117.717,117.768,117.698,117.768,514710000,8
1719925440000,1719925919000,117.769,117.771,117.731,117.732,469200000,8
1719925920000,1719926399000,117.733,117.734,117.678,117.678,464550000,8
1719926400000,1719926879000,117.679,117.713,117.676,117.707,398010000,8
1719926880000,1719927359000,117.707,117.722,117.641,117.683,768570000,8
1719927360000,1719927839000,117.684,117.698,117.621,117.67,1699560000,8
1719927840000,1719928319000,117.67,117.744,117.623,117.732,1363740000,8
1719928320000,1719928799000,117.732,117.853,117.731,117.802,991620000,8
1719928800000,1719929279000,117.803,117.971,117.749,117.931,2181770000,8
1719929280000,1719929759000,117.932,117.94,117.885,117.89,1850190000,8
1719929760000,1719930239000,117.891,117.929,117.867,117.886,1020990000,8
1719930240000,1719930719000,117.885,117.893,117.847,117.864,1274880000,8
1719930720000,1719931199000,117.863,117.887,117.825,117.851,853830000,8
1719931200000,1719931679000,117.855,117.908,117.849,117.876,1028730000,8
1719931680000,1719932159000,117.877,117.911,117.85,117.857,1025310000,8
1719932160000,1719932639000,117.859,117.906,117.852,117.884,825000000,8
1719932640000,1719933119000,117.885,117.892,117.836,117.858,553200000,8
1719933120000,1719933599000,117.858,117.92,117.858,117.897,605700000,8
1719933600000,1719934079000,117.896,117.966,117.89,117.936,495720000,8
1719934080000,1719934559000,117.937,117.981,117.928,117.972,436290000,8
1719934560000,1719935039000,117.97,117.977,117.94,117.953,352200000,8
1719935040000,1719935519000,117.955,117.972,117.934,117.937,287700000,8
1719935520000,1719935999000,117.936,117.974,117.933,117.973,358560000,8
1719936000000,1719936479000,117.974,117.976,117.944,117.952,307500000,8
1719936480000,1719936959000,117.952,117.957,117.929,117.95,294600000,8
1719936960000,1719937439000,117.951,117.981,117.943,117.979,217290000,8
1719937440000,1719937919000,117.978,117.993,117.961,117.971,233790000,8
1719937920000,1719938399000,117.972,117.992,117.969,117.975,171000000,8
1719938400000,1719938879000,117.975,117.987,117.95,117.984,148800000,8
1719938880000,1719939359000,117.985,117.998,117.977,117.986,179400000,8
1719939360000,1719939839000,117.987,117.997,117.967,117.991,169920000,8
1719939840000,1719940319000,117.992,118.036,117.987,118.025,340810000,8
1719940320000,1719940799000,118.025,118.06,118.017,118.037,279600000,8
1719940800000,1719941279000,118.037,118.053,118.019,118.049,142320000,8
1719941280000,1719941759000,118.05,118.053,118.017,118.029,162720000,8
1719941760000,1719942239000,118.029,118.049,118.023,118.028,180240000,8
1719942240000,1719942719000,118.029,118.052,118.023,118.05,150600000,8
1719942720000,1719943199000,118.053,118.057,118.036,118.042,192720000,8
1719943200000,1719943679000,118.043,118.053,118.018,118.023,231570000,8
1719943680000,1719944159000,118.026,118.032,118.009,118.014,147600000,8
1719944160000,1719944639000,118.014,118.039,118.011,118.037,135930000,8
1719944640000,1719945119000,118.036,118.043,118.015,118.034,128280000,8
1719945120000,1719945599000,118.033,118.037,118.012,118.034,268200000,8
1719945600000,1719946079000,118.033,118.046,118.033,118.043,125400000,8
1719946080000,1719946559000,118.046,118.063,118.031,118.062,218250000,8
1719946560000,1719947039000,118.063,118.09,118.053,118.053,293880000,8
1719947040000,1719947519000,118.053,118.057,118.04,118.049,181770000,8
1719947520000,1719947999000,118.049,118.067,118.038,118.067,181500000,8
1719948000000,1719948479000,118.063,118.094,118.063,118.082,238080000,8
1719948480000,1719948959000,118.087,118.093,118.068,118.089,188400000,8
1719948960000,1719949439000,118.09,118.127,118.09,118.125,184050000,8
1719949440000,1719949919000,118.123,118.132,118.088,118.092,218400000,8
1719949920000,1719950399000,118.089,118.108,118.079,118.108,366120000,8
1719950400000,1719950879000,118.105,118.118,118.071,118.077,193800000,8
1719950880000,1719951359000,118.079,118.088,118.07,118.08,99600000,8
1719951360000,1719951839000,118.079,118.087,118.069,118.077,95160000,8
1719951840000,1719952319000,118.075,118.079,118.053,118.061,139200000,8
1719952320000,1719952799000,118.061,118.068,118.052,118.06,90540000,8
1719952800000,1719953279000,118.057,118.057,118.026,118.027,172350000,8
1719953280000,1719953759000,118.029,118.029,118.004,118.021,144300000,8
1719953760000,1719954239000,118.025,118.047,117.921,117.953,300690000,8
1719954240000,1719954719000,117.933,117.976,117.933,117.969,78540000,8
1719954720000,1719955199000,117.968,117.985,117.964,117.978,1775790000,8
1719955200000,1719955679000,117.979,117.992,117.979,117.981,66030000,8
1719955680000,1719956159000,117.984,118.007,117.971,117.984,581790000,8
1719956160000,1719956639000,117.986,118.021,117.982,118.014,455940000,8
1719956640000,1719957119000,118.013,118.027,117.995,118.002,691950000,8
1719957120000,1719957599000,118.002,118.005,117.991,117.999,241650000,8
1719957600000,1719958079000,117.996,118.057,117.996,118.031,210300000,8
1719958080000,1719958559000,118.033,118.053,118.033,118.039,64200000,8
1719958560000,1719959039000,118.04,118.05,118.029,118.044,83550000,8
1719959040000,1719959519000,118.047,118.062,118.045,118.058,93600000,8
1719959520000,1719959999000,118.057,118.063,118.049,118.06,102600000,8
1719960000000,1719960479000,118.059,118.07,118.052,118.066,177600000,8
1719960480000,1719960959000,118.065,118.07,118.048,118.06,124200000,8
1719960960000,1719961439000,118.059,118.085,118.054,118.073,200100000,8
1719961440000,1719961919000,118.075,118.075,118.046,118.049,190050000,8
1719961920000,1719962399000,118.051,118.07,118.046,118.07,108000000,8
1719962400000,1719962879000,118.07,118.104,118.07,118.1,57600000,8
1719962880000,1719963359000,118.097,118.112,118.096,118.099,111780000,8
1719963360000,1719963839000,118.1,118.1,118.071,118.077,86190000,8
1719963840000,1719964319000,118.075,118.084,118.059,118.084,113040000,8
1719964320000,1719964799000,118.085,118.092,118.063,118.063,123720000,8
1719964800000,1719965279000,118.064,118.104,118.032,118.1,446880000,8
1719965280000,1719965759000,118.101,118.114,118.084,118.093,334770000,8
1719965760000,1719966239000,118.094,118.112,118.093,118.108,251400000,8
1719966240000,1719966719000,118.109,118.126,118.103,118.118,222030000,8
1719966720000,1719967199000,118.116,118.121,118.099,118.121,143100000,8
1719967200000,1719967679000,118.124,118.144,118.116,118.126,180000000,8
1719967680000,1719968159000,118.124,118.155,118.114,118.129,406680000,8
1719968160000,1719968639000,118.128,118.139,118.116,118.117,289710000,8
1719968640000,1719969119000,118.113,118.114,118.087,118.094,173280000,8
1719969120000,1719969599000,118.092,118.134,118.086,118.127,228300000,8
1719969600000,1719970079000,118.125,118.126,118.098,118.108,144300000,8
1719970080000,1719970559000,118.107,118.151,118.105,118.13,371490000,8
1719970560000,1719971039000,118.128,118.137,118.123,118.123,204240000,8
1719971040000,1719971519000,118.126,118.127,118.094,118.094,144960000,8
1719971520000,1719971999000,118.092,118.131,118.088,118.125,226860000,8
1719972000000,1719972479000,118.128,118.158,118.128,118.157,157320000,8
1719972480000,1719972959000,118.158,118.169,118.148,118.149,142200000,8
1719972960000,1719973439000,118.147,118.15,118.133,118.144,109800000,8
1719973440000,1719973919000,118.142,118.149,118.116,118.123,112950000,8
1719973920000,1719974399000,118.123,118.123,118.092,118.092,135000000,8
1719974400000,1719974879000,118.093,118.106,118.089,118.1,146400000,8
1719974880000,1719975359000,118.101,118.128,118.101,118.126,131700000,8
1719975360000,1719975839000,118.125,118.145,118.125,118.138,129120000,8
1719975840000,1719976319000,118.138,118.153,118.137,118.148,93720000,8
1719976320000,1719976799000,118.151,118.168,118.142,118.143,119430000,8
1719976800000,1719977279000,118.142,118.158,118.138,118.152,100200000,8
1719977280000,1719977759000,118.153,118.186,118.153,118.182,84450000,8
1719977760000,1719978239000,118.183,118.184,118.17,118.18,76800000,8
1719978240000,1719978719000,118.179,118.179,118.166,118.175,83400000,8
1719978720000,1719979199000,118.176,118.177,118.168,118.169,70920000,8
1719979200000,1719979679000,118.166,118.169,118.159,118.159,52200000,8
1719979680000,1719980159000,118.159,118.17,118.159,118.167,66600000,8
1719980160000,1719980639000,118.169,118.172,118.166,118.169,37200000,8
1719980640000,1719981119000,118.171,118.188,118.171,118.186,89160000,8
1719981120000,1719981599000,118.188,118.214,118.188,118.203,141120000,8
1719981600000,1719982079000,118.202,118.245,118.202,118.226,278730000,8
1719982080000,1719982559000,118.227,118.24,118.218,118.218,123600000,8
1719982560000,1719983039000,118.22,118.228,118.193,118.202,206760000,8
1719983040000,1719983519000,118.203,118.279,118.193,118.243,410370000,8
1719983520000,1719983999000,118.244,118.258,118.234,118.242,214350000,8
1719984000000,1719984479000,118.244,118.292,118.242,118.247,241470000,8
1719984480000,1719984959000,118.247,118.256,118.231,118.248,157290000,8
1719984960000,1719985439000,118.248,118.257,118.238,118.251,157620000,8
1719985440000,1719985919000,118.249,118.28,118.245,118.278,119490000,8
1719985920000,1719986399000,118.277,118.304,118.265,118.288,264660000,8
1719986400000,1719986879000,118.289,118.318,118.279,118.281,380760000,8
1719986880000,1719987359000,118.282,118.314,118.279,118.297,213960000,8
1719987360000,1719987839000,118.299,118.319,118.294,118.314,154800000,8
1719987840000,1719988319000,118.313,118.32,118.305,118.318,199500000,8
1719988320000,1719988799000,118.32,118.333,118.291,118.296,279090000,8
1719988800000,1719989279000,118.294,118.294,118.171,118.23,897510000,8
1719989280000,1719989759000,118.228,118.303,118.228,118.28,573180000,8
1719989760000,1719990239000,118.281,118.36,118.281,118.356,726540000,8
1719990240000,1719990719000,118.357,118.382,118.346,118.373,416190000,8
1719990720000,1719991199000,118.372,118.403,118.37,118.402,349590000,8
1719991200000,1719991679000,118.403,118.433,118.387,118.408,349740000,8
1719991680000,1719992159000,118.41,118.418,118.368,118.418,358800000,8
1719992160000,1719992639000,118.418,118.425,118.364,118.379,371280000,8
1719992640000,1719993119000,118.38,118.406,118.369,118.406,452430000,8
1719993120000,1719993599000,118.404,118.404,118.303,118.338,573090000,8
1719993600000,1719994079000,118.34,118.354,118.313,118.331,412050000,8
1719994080000,1719994559000,118.333,118.356,118.321,118.349,327450000,8
1719994560000,1719995039000,118.347,118.357,118.289,118.31,376200000,8
1719995040000,1719995519000,118.311,118.326,118.3,118.306,302730000,8
1719995520000,1719995999000,118.305,118.349,118.295,118.305,354390000,8
1719996000000,1719996479000,118.306,118.323,118.278,118.301,401880000,8
1719996480000,1719996959000,118.303,118.319,118.297,118.315,293370000,8
1719996960000,1719997439000,118.318,118.342,118.307,118.315,290220000,8
1719997440000,1719997919000,118.317,118.319,118.273,118.273,202260000,8
1719997920000,1719998399000,118.274,118.304,118.271,118.299,209880000,8
1719998400000,1719998879000,118.302,118.305,118.288,118.305,180870000,8
1719998880000,1719999359000,118.304,118.312,118.287,118.311,208380000,8
1719999360000,1719999839000,118.312,118.333,118.312,118.333,164400000,8
1719999840000,1720000319000,118.333,118.35,118.33,118.335,219360000,8
1720000320000,1720000799000,118.335,118.349,118.321,118.338,206940000,8
1720000800000,1720001279000,118.338,118.353,118.308,118.352,210390000,8
1720001280000,1720001759000,118.35,118.362,118.332,118.36,140250000,8
1720001760000,1720002239000,118.362,118.366,118.346,118.36,162600000,8
1720002240000,1720002719000,118.359,118.386,118.355,118.371,222600000,8
1720002720000,1720003199000,118.373,118.379,118.349,118.373,366000000,8
1720003200000,1720003679000,118.374,118.403,118.371,118.371,220500000,8
1720003680000,1720004159000,118.37,118.388,118.363,118.382,159600000,8
1720004160000,1720004639000,118.378,118.384,118.367,118.374,216690000,8
1720004640000,1720005119000,118.375,118.397,118.37,118.373,235950000,8
1720005120000,1720005599000,118.374,118.387,118.36,118.387,149310000,8
1720005600000,1720006079000,118.39,118.396,118.379,118.387,217800000,8
1720006080000,1720006559000,118.385,118.391,118.369,118.378,222240000,8
1720006560000,1720007039000,118.379,118.419,118.369,118.407,271560000,8
1720007040000,1720007519000,118.409,118.429,118.406,118.416,240570000,8
1720007520000,1720007999000,118.416,118.44,118.393,118.432,223440000,8
1720008000000,1720008479000,118.433,118.473,118.418,118.465,311640000,8
1720008480000,1720008959000,118.464,118.512,118.439,118.508,569280000,8
1720008960000,1720009439000,118.51,118.527,118.479,118.492,536880000,8
1720009440000,1720009919000,118.491,118.514,118.444,118.484,656340000,8
1720009920000,1720010399000,118.482,118.523,118.465,118.509,790260000,8
1720010400000,1720010879000,118.511,118.521,118.473,118.493,610080000,8
1720010880000,1720011359000,118.497,118.511,118.47,118.487,362670000,8
1720011360000,1720011839000,118.49,118.523,118.476,118.515,380490000,8
1720011840000,1720012319000,118.514,118.521,118.481,118.493,528750000,8
1720012320000,1720012799000,118.493,118.505,118.431,118.433,715770000,8
1720012800000,1720013279000,118.434,118.467,118.387,118.399,607830000,8
1720013280000,1720013759000,118.401,118.448,118.396,118.418,747090000,8
1720013760000,1720014239000,118.419,118.451,118.41,118.448,973470000,8
1720014240000,1720014719000,118.448,118.477,118.417,118.456,754380000,8
1720014720000,1720015199000,118.457,118.487,118.425,118.434,691800000,8
1720015200000,1720015679000,118.435,118.456,118.266,118.399,3614170000,8
1720015680000,1720016159000,118.4,118.422,117.992,118.156,3415280000,8
1720016160000,1720016639000,118.157,118.278,118.103,118.256,2742960000,8
1720016640000,1720017119000,118.26,118.277,118.187,118.21,2124130000,8
1720017120000,1720017599000,118.212,118.292,118.189,118.274,1601840000,8
1720017600000,1720018079000,118.272,118.356,118.255,118.322,1573770000,8
1720018080000,1720018559000,118.321,118.348,118.221,118.282,1463580000,8
1720018560000,1720019039000,118.281,118.388,118.258,118.33,1801170000,8
1720019040000,1720019519000,118.329,118.36,118.295,118.328,1291590000,8
1720019520000,1720019999000,118.328,118.398,118.308,118.389,1400130000,8
1720020000000,1720020479000,118.391,118.458,118.385,118.419,1292790000,8
1720020480000,1720020959000,118.42,118.511,118.409,118.483,1389210000,8
1720020960000,1720021439000,118.483,118.501,118.46,118.499,809250000,8
1720021440000,1720021919000,118.5,118.516,118.478,118.508,780030000,8
1720021920000,1720022399000,118.508,118.537,118.494,118.511,600720000,8
1720022400000,1720022879000,118.512,118.512,118.45,118.457,678600000,8
1720022880000,1720023359000,118.458,118.482,118.448,118.465,428220000,8
1720023360000,1720023839000,118.465,118.475,118.435,118.461,516360000,8
1720023840000,1720024319000,118.462,118.482,118.452,118.465,479640000,8
1720024320000,1720024799000,118.464,118.472,118.425,118.459,395970000,8
1720024800000,1720025279000,118.46,118.474,118.445,118.461,427140000,8
1720025280000,1720025759000,118.463,118.523,118.463,118.517,538050000,8
1720025760000,1720026239000,118.517,118.524,118.485,118.507,519000000,8
1720026240000,1720026719000,118.507,118.508,118.465,118.476,248880000,8
1720026720000,1720027199000,118.471,118.486,118.453,118.47,250800000,8
1720027200000,1720027679000,118.469,118.503,118.46,118.495,246690000,8
1720027680000,1720028159000,118.497,118.499,118.48,118.492,227640000,8
1720028160000,1720028639000,118.493,118.503,118.491,118.498,121920000,8
1720028640000,1720029119000,118.501,118.503,118.466,118.467,150000000,8
1720029120000,1720029599000,118.468,118.474,118.415,118.415,243960000,8
1720029600000,1720030079000,118.413,118.463,118.41,118.454,384300000,8
1720030080000,1720030559000,118.455,118.475,118.429,118.445,438540000,8
1720030560000,1720031039000,118.447,118.492,118.442,118.487,324750000,8
1720031040000,1720031519000,118.49,118.503,118.465,118.498,276660000,8
1720031520000,1720031999000,118.496,118.521,118.495,118.517,180180000,8
1720032000000,1720032479000,118.517,118.533,118.513,118.527,154770000,8
1720032480000,1720032959000,118.527,118.555,118.523,118.55,177330000,8
1720032960000,1720033439000,118.557,118.564,118.523,118.56,438240000,8
1720033440000,1720033919000,118.56,118.587,118.56,118.581,323940000,8
1720033920000,1720034399000,118.579,118.594,118.567,118.593,229590000,8
1720034400000,1720034879000,118.592,118.614,118.576,118.602,177600000,8
1720034880000,1720035359000,118.602,118.629,118.598,118.604,165750000,8
1720035360000,1720035839000,118.601,118.608,118.589,118.603,155850000,8
1720035840000,1720036319000,118.604,118.613,118.592,118.594,95400000,8
1720036320000,1720036799000,118.594,118.611,118.584,118.585,164850000,8
1720036800000,1720037279000,118.586,118.612,118.575,118.607,148740000,8
1720037280000,1720037759000,118.613,118.621,118.599,118.599,118740000,8
1720037760000,1720038239000,118.598,118.598,118.553,118.561,111540000,8
1720038240000,1720038719000,118.559,118.581,118.556,118.58,121230000,8
1720038720000,1720039199000,118.581,118.584,118.559,118.559,66060000,8
1720039200000,1720039679000,118.559,118.56,118.535,118.556,206190000,8
1720039680000,1720040159000,118.556,118.574,118.552,118.552,161040000,8
1720040160000,1720040639000,118.55,118.558,118.486,118.495,154080000,8
1720040640000,1720041119000,118.392,118.449,118.388,118.422,251100000,8
1720041120000,1720041599000,118.422,118.454,118.397,118.444,393630000,8
1720041600000,1720042079000,118.445,118.445,118.421,118.428,203820000,8
1720042080000,1720042559000,118.427,118.505,118.421,118.482,365130000,8
1720042560000,1720043039000,118.482,118.493,118.451,118.462,656820000,8
1720043040000,1720043519000,118.461,118.473,118.401,118.417,1087830000,8
1720043520000,1720043999000,118.417,118.437,118.408,118.423,675330000,8
1720044000000,1720044479000,118.422,118.513,118.419,118.483,265800000,8
1720044480000,1720044959000,118.484,118.509,118.482,118.486,64950000,8
1720044960000,1720045439000,118.486,118.499,118.486,118.494,24600000,8
1720045440000,1720045919000,118.494,118.5,118.492,118.5,19200000,8
1720045920000,1720046399000,118.501,118.511,118.5,118.509,30000000,8
1720046400000,1720046879000,118.509,118.51,118.504,118.506,18000000,8
1720046880000,1720047359000,118.507,118.513,118.484,118.49,50430000,8
1720047360000,1720047839000,118.49,118.521,118.486,118.521,32520000,8
1720047840000,1720048319000,118.519,118.538,118.518,118.529,64800000,8
1720048320000,1720048799000,118.53,118.535,118.515,118.531,61200000,8
1720048800000,1720049279000,118.526,118.541,118.518,118.539,52800000,8
1720049280000,1720049759000,118.538,118.555,118.538,118.555,74160000,8
1720049760000,1720050239000,118.553,118.565,118.541,118.55,70860000,8
1720050240000,1720050719000,118.55,118.573,118.541,118.556,263520000,8
1720050720000,1720051199000,118.556,118.568,118.516,118.521,337680000,8
1720051200000,1720051679000,118.521,118.535,118.43,118.469,685350000,8
1720051680000,1720052159000,118.465,118.491,118.45,118.476,441750000,8
1720052160000,1720052639000,118.478,118.51,118.469,118.493,187890000,8
1720052640000,1720053119000,118.495,118.497,118.469,118.486,177480000,8
1720053120000,1720053599000,118.488,118.505,118.471,118.499,177450000,8
1720053600000,1720054079000,118.5,118.53,118.496,118.525,184080000,8
1720054080000,1720054559000,118.527,118.529,118.396,118.444,774660000,8
1720054560000,1720055039000,118.445,118.462,118.356,118.378,690210000,8
1720055040000,1720055519000,118.379,118.382,118.254,118.347,1161450000,8
1720055520000,1720055999000,118.346,118.397,118.33,118.395,615630000,8
1720056000000,1720056479000,118.393,118.416,118.363,118.398,570120000,8
1720056480000,1720056959000,118.398,118.399,118.359,118.368,455880000,8
1720056960000,1720057439000,118.368,118.391,118.347,118.364,357630000,8
1720057440000,1720057919000,118.362,118.386,118.346,118.367,457050000,8
1720057920000,1720058399000,118.367,118.386,118.362,118.362,217800000,8
1720058400000,1720058879000,118.36,118.363,118.32,118.337,362400000,8
1720058880000,1720059359000,118.338,118.358,118.334,118.352,268560000,8
1720059360000,1720059839000,118.351,118.388,118.348,118.382,258540000,8
1720059840000,1720060319000,118.38,118.391,118.368,118.379,220860000,8
1720060320000,1720060799000,118.374,118.379,118.349,118.357,297120000,8
1720060800000,1720061279000,118.357,118.377,118.357,118.371,161610000,8
1720061280000,1720061759000,118.372,118.397,118.372,118.377,99600000,8
1720061760000,1720062239000,118.379,118.411,118.368,118.387,277380000,8
1720062240000,1720062719000,118.387,118.392,118.359,118.383,187410000,8
1720062720000,1720063199000,118.385,118.389,118.374,118.389,146490000,8
1720063200000,1720063679000,118.388,118.398,118.376,118.386,186720000,8
1720063680000,1720064159000,118.385,118.411,118.383,118.404,123720000,8
1720064160000,1720064639000,118.402,118.418,118.401,118.417,78090000,8
1720064640000,1720065119000,118.416,118.457,118.415,118.457,260160000,8
1720065120000,1720065599000,118.456,118.464,118.447,118.447,178710000,8
1720065600000,1720066079000,118.448,118.455,118.444,118.447,106620000,8
1720066080000,1720066559000,118.447,118.457,118.437,118.45,170010000,8
1720066560000,1720067039000,118.451,118.472,118.448,118.472,111120000,8
1720067040000,1720067519000,118.473,118.49,118.468,118.47,134220000,8
1720067520000,1720067999000,118.469,118.473,118.453,118.453,49200000,8
1720068000000,1720068479000,118.453,118.468,118.444,118.465,83970000,8
1720068480000,1720068959000,118.466,118.466,118.445,118.45,84930000,8
1720068960000,1720069439000,118.451,118.455,118.423,118.451,201000000,8
1720069440000,1720069919000,118.451,118.474,118.447,118.462,112290000,8
1720069920000,1720070399000,118.464,118.476,118.454,118.458,108240000,8
1720070400000,1720070879000,118.457,118.462,118.442,118.449,120660000,8
1720070880000,1720071359000,118.449,118.491,118.449,118.487,111600000,8
1720071360000,1720071839000,118.488,118.504,118.47,118.473,117120000,8
1720071840000,1720072319000,118.476,118.487,118.461,118.485,112200000,8
1720072320000,1720072799000,118.486,118.487,118.446,118.48,140040000,8
1720072800000,1720073279000,118.481,118.481,118.399,118.415,347400000,8
1720073280000,1720073759000,118.415,118.436,118.396,118.419,283140000,8
1720073760000,1720074239000,118.421,118.436,118.41,118.417,283680000,8
1720074240000,1720074719000,118.416,118.437,118.392,118.433,273030000,8
1720074720000,1720075199000,118.432,118.455,118.426,118.441,200640000,8
1720075200000,1720075679000,118.443,118.48,118.432,118.473,257070000,8
1720075680000,1720076159000,118.47,118.47,118.413,118.425,226050000,8
1720076160000,1720076639000,118.426,118.453,118.404,118.451,392370000,8
1720076640000,1720077119000,118.451,118.452,118.418,118.422,268470000,8
1720077120000,1720077599000,118.424,118.449,118.413,118.44,239310000,8
1720077600000,1720078079000,118.44,118.491,118.429,118.459,312600000,8
1720078080000,1720078559000,118.458,118.477,118.433,118.433,218040000,8
1720078560000,1720079039000,118.432,118.432,118.371,118.371,324450000,8
1720079040000,1720079519000,118.372,118.387,118.35,118.377,604260000,8
1720079520000,1720079999000,118.38,118.393,118.363,118.368,298950000,8
1720080000000,1720080479000,118.369,118.384,118.346,118.366,387240000,8
1720080480000,1720080959000,118.367,118.374,118.347,118.353,302400000,8
1720080960000,1720081439000,118.353,118.412,118.352,118.41,368640000,8
1720081440000,1720081919000,118.41,118.425,118.376,118.386,231330000,8
1720081920000,1720082399000,118.385,118.407,118.379,118.404,335790000,8
1720082400000,1720082879000,118.402,118.418,118.382,118.39,264810000,8
1720082880000,1720083359000,118.389,118.397,118.37,118.381,318240000,8
1720083360000,1720083839000,118.381,118.39,118.352,118.384,261120000,8
1720083840000,1720084319000,118.382,118.395,118.376,118.387,209340000,8
1720084320000,1720084799000,118.384,118.403,118.372,118.377,186000000,8
1720084800000,1720085279000,118.372,118.384,118.35,118.357,169800000,8
1720085280000,1720085759000,118.357,118.388,118.35,118.377,171810000,8
1720085760000,1720086239000,118.381,118.386,118.363,118.373,148980000,8
1720086240000,1720086719000,118.372,118.378,118.347,118.347,128280000,8
1720086720000,1720087199000,118.343,118.347,118.331,118.339,183030000,8
1720087200000,1720087679000,118.338,118.355,118.33,118.33,187080000,8
1720087680000,1720088159000,118.332,118.351,118.326,118.341,133080000,8
1720088160000,1720088639000,118.34,118.34,118.296,118.301,152850000,8
1720088640000,1720089119000,118.299,118.321,118.257,118.319,286110000,8
1720089120000,1720089599000,118.317,118.318,118.257,118.258,176400000,8
1720089600000,1720090079000,118.26,118.268,118.236,118.253,168600000,8
1720090080000,1720090559000,118.255,118.276,118.252,118.265,122400000,8
1720090560000,1720091039000,118.265,118.265,118.192,118.223,256800000,8
1720091040000,1720091519000,118.22,118.22,118.175,118.197,339120000,8
1720091520000,1720091999000,118.199,118.231,118.162,118.231,321060000,8
1720092000000,1720092479000,118.23,118.262,118.228,118.241,275280000,8
1720092480000,1720092959000,118.242,118.258,118.21,118.214,168810000,8
1720092960000,1720093439000,118.215,118.239,118.211,118.233,288000000,8
1720093440000,1720093919000,118.233,118.238,118.21,118.216,218130000,8
1720093920000,1720094399000,118.215,118.264,118.211,118.219,295710000,8
1720094400000,1720094879000,118.22,118.242,118.198,118.223,310020000,8
1720094880000,1720095359000,118.223,118.25,118.213,118.229,361350000,8
1720095360000,1720095839000,118.227,118.267,118.226,118.267,274050000,8
1720095840000,1720096319000,118.266,118.308,118.257,118.305,311340000,8
1720096320000,1720096799000,118.303,118.324,118.289,118.316,405720000,8
1720096800000,1720097279000,118.313,118.329,118.294,118.327,468240000,8
1720097280000,1720097759000,118.329,118.397,118.322,118.385,397320000,8
1720097760000,1720098239000,118.387,118.393,118.365,118.37,327600000,8
1720098240000,1720098719000,118.374,118.376,118.336,118.338,258720000,8
1720098720000,1720099199000,118.339,118.349,118.331,118.34,189600000,8
1720099200000,1720099679000,118.336,118.347,118.306,118.339,256770000,8
1720099680000,1720100159000,118.345,118.367,118.324,118.353,314970000,8
1720100160000,1720100639000,118.353,118.406,118.346,118.382,305400000,8
1720100640000,1720101119000,118.383,118.393,118.367,118.381,237000000,8
1720101120000,1720101599000,118.382,118.403,118.367,118.393,285600000,8
1720101600000,1720102079000,118.394,118.415,118.372,118.375,212490000,8
1720102080000,1720102559000,118.374,118.382,118.329,118.329,278430000,8
1720102560000,1720103039000,118.328,118.335,118.279,118.291,440220000,8
1720103040000,1720103519000,118.292,118.3,118.25,118.257,294210000,8
1720103520000,1720103999000,118.257,118.262,118.233,118.239,306000000,8
1720104000000,1720104479000,118.237,118.277,118.227,118.274,313830000,8
1720104480000,1720104959000,118.272,118.312,118.261,118.262,603720000,8
1720104960000,1720105439000,118.264,118.292,118.263,118.278,581010000,8
1720105440000,1720105919000,118.278,118.345,118.273,118.32,429150000,8
1720105920000,1720106399000,118.318,118.358,118.313,118.358,369540000,8
1720106400000,1720106879000,118.359,118.399,118.357,118.394,235710000,8
1720106880000,1720107359000,118.393,118.411,118.393,118.4,170550000,8
1720107360000,1720107839000,118.403,118.403,118.379,118.38,53520000,8
1720107840000,1720108319000,118.381,118.409,118.381,118.401,73200000,8
1720108320000,1720108799000,118.401,118.408,118.381,118.408,122190000,8
1720108800000,1720109279000,118.407,118.411,118.379,118.391,123660000,8
1720109280000,1720109759000,118.391,118.4,118.388,118.389,66600000,8
1720109760000,1720110239000,118.39,118.401,118.371,118.391,113640000,8
1720110240000,1720110719000,118.392,118.414,118.39,118.409,135300000,8
1720110720000,1720111199000,118.409,118.425,118.402,118.414,115710000,8
1720111200000,1720111679000,118.414,118.419,118.408,118.41,42180000,8
1720111680000,1720112159000,118.409,118.426,118.409,118.424,67800000,8
1720112160000,1720112639000,118.423,118.424,118.384,118.39,106890000,8
1720112640000,1720113119000,118.391,118.396,118.387,118.391,65160000,8
1720113120000,1720113599000,118.392,118.396,118.391,118.394,25320000,8
1720113600000,1720114079000,118.394,118.395,118.391,118.393,24000000,8
1720114080000,1720114559000,118.391,118.391,118.375,118.378,72000000,8
1720114560000,1720115039000,118.375,118.381,118.367,118.381,44400000,8
1720115040000,1720115519000,118.38,118.389,118.376,118.385,63600000,8
1720115520000,1720115999000,118.385,118.404,118.384,118.401,60600000,8
1720116000000,1720116479000,118.4,118.442,118.4,118.44,135480000,8
1720116480000,1720116959000,118.442,118.454,118.438,118.448,41400000,8
1720116960000,1720117439000,118.448,118.473,118.448,118.468,67320000,8
1720117440000,1720117919000,118.466,118.47,118.463,118.465,59550000,8
1720117920000,1720118399000,118.463,118.469,118.459,118.469,30840000,8
1720118400000,1720118879000,118.468,118.471,118.468,118.471,18780000,8
1720118880000,1720119359000,118.472,118.472,118.466,118.468,15570000,8
1720119360000,1720119839000,118.469,118.472,118.457,118.46,84150000,8
1720119840000,1720120319000,118.459,118.464,118.436,118.44,37740000,8
1720120320000,1720120799000,118.439,118.441,118.417,118.418,51720000,8
1720120800000,1720121279000,118.417,118.435,118.414,118.424,90990000,8
1720121280000,1720121759000,118.421,118.422,118.409,118.41,104040000,8
1720121760000,1720122239000,118.41,118.413,118.399,118.402,57600000,8
1720122240000,1720122719000,118.403,118.421,118.402,118.409,75540000,8
1720122720000,1720123199000,118.41,118.446,118.408,118.433,224940000,8
1720123200000,1720123679000,118.433,118.474,118.433,118.457,122790000,8
1720123680000,1720124159000,118.455,118.479,118.455,118.47,161400000,8
1720124160000,1720124639000,118.469,118.475,118.453,118.457,110400000,8
1720124640000,1720125119000,118.456,118.457,118.439,118.447,252600000,8
1720125120000,1720125599000,118.448,118.459,118.447,118.452,389190000,8
1720125600000,1720126079000,118.452,118.464,118.449,118.457,108750000,8
1720126080000,1720126559000,118.456,118.471,118.456,118.466,107640000,8
1720126560000,1720127039000,118.465,118.485,118.387,118.387,151110000,8
1720127040000,1720127519000,118.369,118.44,118.369,118.423,255510000,8
1720127520000,1720127999000,118.456,118.488,118.369,118.405,50040000,8
1720128000000,1720128479000,118.405,118.415,118.398,118.411,38670000,8
1720128480000,1720128959000,118.411,118.439,118.391,118.428,498810000,8
1720128960000,1720129439000,118.412,118.446,118.394,118.427,1557090000,8
1720129440000,1720129919000,118.43,118.45,118.393,118.449,917490000,8
1720129920000,1720130399000,118.448,118.449,118.408,118.409,853950000,8
1720130400000,1720130879000,118.417,118.461,118.402,118.412,186150000,8
1720130880000,1720131359000,118.413,118.437,118.393,118.416,384450000,8
1720131360000,1720131839000,118.415,118.433,118.408,118.418,150600000,8
1720131840000,1720132319000,118.419,118.425,118.409,118.42,94200000,8
1720132320000,1720132799000,118.421,118.449,118.42,118.447,64200000,8
1720132800000,1720133279000,118.446,118.461,118.432,118.449,73560000,8
1720133280000,1720133759000,118.446,118.451,118.44,118.451,36000000,8
1720133760000,1720134239000,118.453,118.461,118.445,118.454,75210000,8
1720134240000,1720134719000,118.455,118.457,118.443,118.45,94320000,8
1720134720000,1720135199000,118.452,118.479,118.449,118.476,162600000,8
1720135200000,1720135679000,118.474,118.506,118.472,118.494,195000000,8
1720135680000,1720136159000,118.494,118.499,118.487,118.49,54720000,8
1720136160000,1720136639000,118.489,118.515,118.481,118.511,80520000,8
1720136640000,1720137119000,118.511,118.527,118.511,118.514,124590000,8
1720137120000,1720137599000,118.514,118.527,118.508,118.511,99750000,8
1720137600000,1720138079000,118.513,118.547,118.503,118.511,414150000,8
1720138080000,1720138559000,118.51,118.523,118.451,118.471,268020000,8
1720138560000,1720139039000,118.472,118.49,118.456,118.456,234930000,8
1720139040000,1720139519000,118.455,118.455,118.361,118.364,519390000,8
1720139520000,1720139999000,118.363,118.381,118.282,118.375,899460000,8
1720140000000,1720140479000,118.377,118.378,118.188,118.257,1120470000,8
1720140480000,1720140959000,118.254,118.355,118.236,118.336,1280670000,8
1720140960000,1720141439000,118.336,118.399,118.333,118.355,719400000,8
1720141440000,1720141919000,118.357,118.389,118.262,118.264,688740000,8
1720141920000,1720142399000,118.261,118.307,118.218,118.262,1171140000,8
1720142400000,1720142879000,118.264,118.33,118.259,118.324,615000000,8
1720142880000,1720143359000,118.325,118.355,118.31,118.33,424230000,8
1720143360000,1720143839000,118.331,118.359,118.302,118.319,412750000,8
1720143840000,1720144319000,118.318,118.333,118.287,118.298,374130000,8
1720144320000,1720144799000,118.299,118.331,118.277,118.325,485700000,8
1720144800000,1720145279000,118.332,118.349,118.284,118.319,335700000,8
1720145280000,1720145759000,118.32,118.326,118.271,118.32,302400000,8
1720145760000,1720146239000,118.321,118.326,118.261,118.268,373800000,8
1720146240000,1720146719000,118.266,118.284,118.248,118.267,286800000,8
1720146720000,1720147199000,118.268,118.292,118.25,118.289,266640000,8
1720147200000,1720147679000,118.289,118.303,118.273,118.282,178530000,8
1720147680000,1720148159000,118.279,118.282,118.261,118.274,191400000,8
1720148160000,1720148639000,118.273,118.28,118.192,118.196,417450000,8
1720148640000,1720149119000,118.198,118.199,118.117,118.163,559980000,8
1720149120000,1720149599000,118.163,118.163,118.062,118.077,567890000,8
1720149600000,1720150079000,118.076,118.078,117.94,118.015,1288650000,8
1720150080000,1720150559000,118.015,118.032,117.97,118.023,698100000,8
1720150560000,1720151039000,118.023,118.062,117.988,118.004,514350000,8
1720151040000,1720151519000,118.002,118.084,118.0,118.051,447210000,8
1720151520000,1720151999000,118.051,118.062,118.008,118.034,310690000,8
1720152000000,1720152479000,118.033,118.048,117.979,118.012,410160000,8
1720152480000,1720152959000,118.014,118.053,117.999,118.046,378630000,8
1720152960000,1720153439000,118.045,118.067,118.036,118.052,180600000,8
1720153440000,1720153919000,118.053,118.06,118.026,118.059,195360000,8
1720153920000,1720154399000,118.06,118.066,118.02,118.023,177780000,8
1720154400000,1720154879000,118.023,118.061,118.013,118.056,163860000,8
1720154880000,1720155359000,118.056,118.082,118.047,118.063,179850000,8
1720155360000,1720155839000,118.063,118.08,118.052,118.069,277770000,8
1720155840000,1720156319000,118.068,118.133,118.059,118.127,441600000,8
1720156320000,1720156799000,118.128,118.143,118.102,118.102,267840000,8
1720156800000,1720157279000,118.105,118.133,118.096,118.11,253170000,8
1720157280000,1720157759000,118.107,118.118,118.091,118.101,162810000,8
1720157760000,1720158239000,118.103,118.114,118.082,118.107,202440000,8
1720158240000,1720158719000,118.106,118.117,118.076,118.089,196890000,8
1720158720000,1720159199000,118.09,118.11,118.078,118.094,171060000,8
1720159200000,1720159679000,118.093,118.094,118.026,118.071,552690000,8
1720159680000,1720160159000,118.07,118.07,118.03,118.052,276360000,8
1720160160000,1720160639000,118.051,118.087,118.041,118.078,276510000,8
1720160640000,1720161119000,118.077,118.092,118.034,118.07,284700000,8
1720161120000,1720161599000,118.071,118.137,118.071,118.133,356250000,8
1720161600000,1720162079000,118.131,118.131,118.101,118.113,291210000,8
1720162080000,1720162559000,118.112,118.147,118.102,118.139,228000000,8
1720162560000,1720163039000,118.138,118.181,118.064,118.117,657570000,8
1720163040000,1720163519000,118.117,118.161,118.078,118.152,586230000,8
1720163520000,1720163999000,118.152,118.201,118.151,118.178,476880000,8
1720164000000,1720164479000,118.178,118.179,118.122,118.153,444390000,8
1720164480000,1720164959000,118.153,118.187,118.147,118.151,372900000,8
1720164960000,1720165439000,118.151,118.206,118.151,118.203,331140000,8
1720165440000,1720165919000,118.202,118.223,118.195,118.204,320070000,8
1720165920000,1720166399000,118.205,118.216,118.159,118.177,346920000,8
1720166400000,1720166879000,118.173,118.174,118.135,118.139,347970000,8
1720166880000,1720167359000,118.136,118.162,118.096,118.102,364230000,8
1720167360000,1720167839000,118.105,118.156,118.105,118.137,236880000,8
1720167840000,1720168319000,118.137,118.149,118.1,118.107,339120000,8
1720168320000,1720168799000,118.107,118.115,118.026,118.089,464640000,8
1720168800000,1720169279000,118.091,118.134,118.089,118.127,380040000,8
1720169280000,1720169759000,118.126,118.142,118.105,118.135,291840000,8
1720169760000,1720170239000,118.134,118.168,118.134,118.149,187860000,8
1720170240000,1720170719000,118.148,118.155,118.079,118.084,267690000,8
1720170720000,1720171199000,118.084,118.087,118.055,118.075,275130000,8
1720171200000,1720171679000,118.076,118.081,118.045,118.054,201690000,8
1720171680000,1720172159000,118.052,118.12,118.048,118.11,449130000,8
1720172160000,1720172639000,118.109,118.119,118.081,118.096,266610000,8
1720172640000,1720173119000,118.095,118.105,118.069,118.074,299520000,8
1720173120000,1720173599000,118.074,118.092,118.071,118.092,133200000,8
1720173600000,1720174079000,118.091,118.099,118.055,118.086,272490000,8
1720174080000,1720174559000,118.087,118.095,118.066,118.075,156000000,8
1720174560000,1720175039000,118.078,118.105,118.075,118.096,216120000,8
1720175040000,1720175519000,118.097,118.117,118.09,118.111,144600000,8
1720175520000,1720175999000,118.115,118.125,118.084,118.1,231180000,8
1720176000000,1720176479000,118.099,118.112,118.082,118.112,187320000,8
1720176480000,1720176959000,118.11,118.171,118.098,118.168,199020000,8
1720176960000,1720177439000,118.169,118.172,118.133,118.137,202200000,8
1720177440000,1720177919000,118.139,118.143,118.124,118.129,110400000,8
1720177920000,1720178399000,118.13,118.169,118.128,118.154,190860000,8
1720178400000,1720178879000,118.156,118.183,118.138,118.168,265290000,8
1720178880000,1720179359000,118.17,118.199,118.165,118.193,227610000,8
1720179360000,1720179839000,118.193,118.2,118.168,118.171,203460000,8
1720179840000,1720180319000,118.173,118.2,118.145,118.186,200700000,8
1720180320000,1720180799000,118.186,118.186,118.111,118.134,275790000,8
1720180800000,1720181279000,118.132,118.151,118.099,118.113,432000000,8
1720181280000,1720181759000,118.111,118.125,118.084,118.11,347490000,8
1720181760000,1720182239000,118.112,118.128,118.081,118.101,501420000,8
1720182240000,1720182719000,118.099,118.185,117.724,117.729,2356800000,8
1720182720000,1720183199000,117.727,118.229,117.727,118.17,4583740000,8
1720183200000,1720183679000,118.167,118.215,118.058,118.067,3210330000,8
1720183680000,1720184159000,118.069,118.218,118.069,118.149,2691250000,8
1720184160000,1720184639000,118.148,118.18,118.057,118.087,1815060000,8
1720184640000,1720185119000,118.085,118.167,118.085,118.112,1928460000,8
1720185120000,1720185599000,118.11,118.186,118.062,118.142,1825260000,8
1720185600000,1720186079000,118.137,118.144,118.072,118.117,1215600000,8
1720186080000,1720186559000,118.118,118.141,118.054,118.062,1495290000,8
1720186560000,1720187039000,118.063,118.092,118.023,118.092,1315440000,8
1720187040000,1720187519000,118.089,118.091,118.012,118.07,1413900000,8
1720187520000,1720187999000,118.073,118.246,118.062,118.2,1820490000,8
1720188000000,1720188479000,118.2,118.22,118.104,118.142,1649400000,8
1720188480000,1720188959000,118.14,118.174,118.091,118.11,1579020000,8
1720188960000,1720189439000,118.112,118.12,118.032,118.032,1254780000,8
1720189440000,1720189919000,118.03,118.084,118.024,118.039,1095480000,8
1720189920000,1720190399000,118.039,118.082,118.027,118.035,1451040000,8
1720190400000,1720190879000,118.034,118.055,117.991,118.044,1378050000,8
1720190880000,1720191359000,118.043,118.079,118.004,118.073,1141370000,8
1720191360000,1720191839000,118.072,118.088,118.014,118.023,1437030000,8
1720191840000,1720192319000,118.024,118.049,118.001,118.009,1181520000,8
1720192320000,1720192799000,118.009,118.028,117.933,117.933,941550000,8
1720192800000,1720193279000,117.935,117.94,117.891,117.902,1220430000,8
1720193280000,1720193759000,117.904,117.904,117.843,117.853,836250000,8
1720193760000,1720194239000,117.854,117.9,117.832,117.888,815850000,8
1720194240000,1720194719000,117.887,117.913,117.867,117.881,570600000,8
1720194720000,1720195199000,117.879,117.895,117.85,117.894,613470000,8
1720195200000,1720195679000,117.894,117.906,117.881,117.897,561600000,8
1720195680000,1720196159000,117.899,117.984,117.899,117.972,708540000,8
1720196160000,1720196639000,117.973,117.978,117.951,117.966,513480000,8
1720196640000,1720197119000,117.966,117.966,117.929,117.952,315090000,8
1720197120000,1720197599000,117.953,117.968,117.926,117.968,357780000,8
1720197600000,1720198079000,117.966,117.982,117.95,117.954,424320000,8
1720198080000,1720198559000,117.954,117.999,117.947,117.998,334680000,8
1720198560000,1720199039000,117.995,118.007,117.967,117.986,485910000,8
1720199040000,1720199519000,117.986,117.988,117.942,117.946,473760000,8
1720199520000,1720199999000,117.947,117.98,117.939,117.958,396420000,8
1720200000000,1720200479000,117.955,117.961,117.938,117.939,385230000,8
1720200480000,1720200959000,117.941,117.945,117.917,117.937,341430000,8
1720200960000,1720201439000,117.937,117.959,117.931,117.938,274290000,8
1720201440000,1720201919000,117.935,117.937,117.901,117.928,407100000,8
1720201920000,1720202399000,117.928,117.944,117.923,117.938,360090000,8
1720202400000,1720202879000,117.939,117.945,117.927,117.931,274500000,8
1720202880000,1720203359000,117.933,117.94,117.921,117.923,230700000,8
1720203360000,1720203839000,117.925,117.934,117.895,117.895,268200000,8
1720203840000,1720204319000,117.896,117.899,117.871,117.898,328800000,8
1720204320000,1720204799000,117.899,117.918,117.895,117.904,192030000,8
1720204800000,1720205279000,117.906,117.928,117.904,117.919,210420000,8
1720205280000,1720205759000,117.917,117.927,117.902,117.919,334860000,8
1720205760000,1720206239000,117.918,117.952,117.916,117.931,344790000,8
1720206240000,1720206719000,117.93,117.93,117.904,117.913,290010000,8
1720206720000,1720207199000,117.914,117.929,117.886,117.888,179190000,8
1720207200000,1720207679000,117.887,117.901,117.884,117.892,185100000,8
1720207680000,1720208159000,117.892,117.908,117.879,117.894,231300000,8
1720208160000,1720208639000,117.892,117.9,117.88,117.9,203970000,8
1720208640000,1720209119000,117.9,117.927,117.896,117.926,292830000,8
1720209120000,1720209599000,117.926,117.938,117.893,117.937,345270000,8
1720209600000,1720210079000,117.938,117.944,117.889,117.89,205350000,8
1720210080000,1720210559000,117.893,117.917,117.893,117.904,131340000,8
1720210560000,1720211039000,117.904,117.925,117.899,117.906,83190000,8
1720211040000,1720211519000,117.905,117.913,117.892,117.905,128100000,8
1720211520000,1720211999000,117.907,117.91,117.867,117.867,190320000,8
1720212000000,1720212479000,117.868,117.912,117.868,117.905,153600000,8
1720212480000,1720212959000,117.906,117.916,117.853,117.853,376380000,8
1720212960000,1720213439000,117.854,117.858,117.761,117.761,170460000,8
1720213440000,1720213919000,117.761,117.761,117.761,117.761,0,8
1720213920000,1720214399000,117.761,117.761,117.761,117.761,0,8
1720214400000,1720214879000,117.761,117.761,117.761,117.761,0,8
1720214880000,1720215359000,117.761,117.761,117.761,117.761,0,8
1720215360000,1720215839000,117.761,117.761,117.761,117.761,0,8
1720215840000,1720216319000,117.761,117.761,117.761,117.761,0,8
1720216320000,1720216799000,117.761,117.761,117.761,117.761,0,8
1720216800000,1720217279000,117.761,117.761,117.761,117.761,0,8
1720217280000,1720217759000,117.761,117.761,117.761,117.761,0,8
1720217760000,1720218239000,117.761,117.761,117.761,117.761,0,8
1720218240000,1720218719000,117.761,117.761,117.761,117.761,0,8
1720218720000,1720219199000,117.761,117.761,117.761,117.761,0,8
1720219200000,1720219679000,117.761,117.761,117.761,117.761,0,8
1720219680000,1720220159000,117.761,117.761,117.761,117.761,0,8
1720220160000,1720220639000,117.761,117.761,117.761,117.761,0,8
1720220640000,1720221119000,117.761,117.761,117.761,117.761,0,8
1720221120000,1720221599000,117.761,117.761,117.761,117.761,0,8
1720221600000,1720222079000,117.761,117.761,117.761,117.761,0,8
1720222080000,1720222559000,117.761,117.761,117.761,117.761,0,8
1720222560000,1720223039000,117.761,117.761,117.761,117.761,0,8
1720223040000,1720223519000,117.761,117.761,117.761,117.761,0,8
1720223520000,1720223999000,117.761,117.761,117.761,117.761,0,8
1720386240000,1720386719000,117.728,117.753,117.728,117.732,63600000,8
1720388160000,1720388639000,117.802,117.855,117.8,117.831,169200000,8
1720388640000,1720389119000,117.835,117.86,117.815,117.843,142200000,8
1720389120000,1720389599000,117.846,117.848,117.78,117.795,58500000,8
1720389600000,1720390079000,117.801,117.83,117.734,117.82,218850000,8
1720390080000,1720390559000,117.818,117.819,117.766,117.772,100500000,8
1720390560000,1720391039000,117.77,117.785,117.763,117.781,144300000,8
1720391040000,1720391519000,117.782,117.806,117.76,117.8,127050000,8
1720391520000,1720391999000,117.799,117.823,117.786,117.794,96600000,8
1720392480000,1720392959000,117.813,117.815,117.795,117.809,92400000,8
1720392960000,1720393439000,117.812,117.846,117.802,117.811,196800000,8
1720393440000,1720393919000,117.809,117.81,117.766,117.779,194850000,8
1720393920000,1720394399000,117.777,117.79,117.764,117.782,164400000,8
1720394400000,1720394879000,117.782,117.802,117.777,117.8,210600000,8
1720394880000,1720395359000,117.799,117.809,117.787,117.8,144810000,8
1720395360000,1720395839000,117.8,117.805,117.778,117.789,112260000,8
1720395840000,1720396319000,117.789,117.807,117.721,117.732,422340000,8
1720396320000,1720396799000,117.732,117.783,117.724,117.762,474150000,8
1720396800000,1720397279000,117.761,117.795,117.723,117.767,670020000,8
1720397280000,1720397759000,117.766,117.774,117.701,117.722,512310000,8
1720397760000,1720398239000,117.721,117.769,117.714,117.762,486180000,8
1720398240000,1720398719000,117.764,117.775,117.711,117.726,521100000,8
1720398720000,1720399199000,117.729,117.736,117.708,117.735,243570000,8
1720399200000,1720399679000,117.737,117.776,117.715,117.735,444930000,8
1720399680000,1720400159000,117.734,117.8,117.709,117.769,757980000,8
1720400160000,1720400639000,117.768,117.768,117.693,117.713,834180000,8
1720400640000,1720401119000,117.712,117.787,117.71,117.772,429150000,8
1720401120000,1720401599000,117.771,117.794,117.76,117.78,377640000,8
1720401600000,1720402079000,117.785,117.789,117.757,117.775,281430000,8
1720402080000,1720402559000,117.773,117.779,117.677,117.694,610170000,8
1720402560000,1720403039000,117.696,117.741,117.694,117.718,619590000,8
1720403040000,1720403519000,117.719,117.732,117.65,117.702,674060000,8
1720403520000,1720403999000,117.703,117.722,117.605,117.625,842610000,8
1720404000000,1720404479000,117.623,117.671,117.604,117.618,403380000,8
1720404480000,1720404959000,117.619,117.642,117.579,117.603,551100000,8
1720404960000,1720405439000,117.602,117.669,117.536,117.652,647610000,8
1720405440000,1720405919000,117.648,117.654,117.583,117.608,504360000,8
1720405920000,1720406399000,117.614,117.627,117.546,117.565,350580000,8
1720406400000,1720406879000,117.566,117.586,117.518,117.576,584190000,8
1720406880000,1720407359000,117.579,117.591,117.503,117.504,473700000,8
1720407360000,1720407839000,117.506,117.613,117.501,117.609,583080000,8
1720407840000,1720408319000,117.608,117.625,117.594,117.612,291060000,8
1720408320000,1720408799000,117.609,117.645,117.592,117.645,207930000,8
1720408800000,1720409279000,117.644,117.676,117.639,117.662,270210000,8
1720409280000,1720409759000,117.66,117.684,117.647,117.682,200610000,8
1720409760000,1720410239000,117.68,117.769,117.672,117.762,273690000,8
1720410240000,1720410719000,117.766,117.774,117.733,117.737,347160000,8
1720410720000,1720411199000,117.736,117.736,117.675,117.697,650820000,8
1720411200000,1720411679000,117.698,117.747,117.696,117.717,405750000,8
1720411680000,1720412159000,117.718,117.759,117.718,117.754,206760000,8
1720412160000,1720412639000,117.754,117.766,117.749,117.756,121800000,8
1720412640000,1720413119000,117.755,117.762,117.727,117.729,95520000,8
1720413120000,1720413599000,117.73,117.735,117.714,117.724,88800000,8
1720413600000,1720414079000,117.726,117.728,117.68,117.686,147720000,8
1720414080000,1720414559000,117.688,117.7,117.678,117.696,111840000,8
1720414560000,1720415039000,117.698,117.734,117.698,117.728,165000000,8
1720415040000,1720415519000,117.728,117.744,117.716,117.716,208200000,8
1720415520000,1720415999000,117.715,117.733,117.703,117.705,187380000,8
1720416000000,1720416479000,117.706,117.743,117.696,117.739,219150000,8
1720416480000,1720416959000,117.74,117.767,117.734,117.758,205260000,8
1720416960000,1720417439000,117.759,117.767,117.741,117.762,210660000,8
1720417440000,1720417919000,117.76,117.77,117.734,117.738,240870000,8
1720417920000,1720418399000,117.739,117.791,117.733,117.783,281220000,8
1720418400000,1720418879000,117.785,117.791,117.684,117.691,716760000,8
1720418880000,1720419359000,117.69,117.762,117.666,117.741,682530000,8
1720419360000,1720419839000,117.741,117.768,117.734,117.756,543930000,8
1720419840000,1720420319000,117.759,117.819,117.759,117.809,555870000,8
1720420320000,1720420799000,117.809,117.852,117.801,117.845,290400000,8
1720420800000,1720421279000,117.845,117.896,117.829,117.888,435360000,8
1720421280000,1720421759000,117.889,117.922,117.864,117.867,506640000,8
1720421760000,1720422239000,117.865,117.897,117.852,117.881,482310000,8
1720422240000,1720422719000,117.888,117.957,117.888,117.936,856770000,8
1720422720000,1720423199000,117.934,117.952,117.909,117.93,715320000,8
1720423200000,1720423679000,117.927,117.961,117.911,117.959,802380000,8
1720423680000,1720424159000,117.958,118.034,117.955,118.007,613800000,8
1720424160000,1720424639000,118.009,118.045,117.99,118.014,565020000,8
1720424640000,1720425119000,118.013,118.045,118.001,118.011,353130000,8
1720425120000,1720425599000,118.012,118.047,117.994,118.024,399990000,8
1720425600000,1720426079000,118.03,118.046,118.012,118.022,372930000,8
1720426080000,1720426559000,118.023,118.062,118.019,118.044,296400000,8
1720426560000,1720427039000,118.041,118.042,118.005,118.034,236280000,8
1720427040000,1720427519000,118.035,118.046,118.024,118.043,289290000,8
1720427520000,1720427999000,118.045,118.088,118.043,118.088,254310000,8
1720428000000,1720428479000,118.088,118.121,118.068,118.107,456630000,8
1720428480000,1720428959000,118.11,118.134,118.098,118.107,460050000,8
1720428960000,1720429439000,118.106,118.145,118.099,118.101,538410000,8
1720429440000,1720429919000,118.1,118.116,118.065,118.109,307080000,8
1720429920000,1720430399000,118.106,118.121,118.082,118.095,232590000,8
1720430400000,1720430879000,118.095,118.109,118.085,118.103,198240000,8
1720430880000,1720431359000,118.102,118.13,118.098,118.125,216450000,8
1720431360000,1720431839000,118.125,118.142,118.117,118.12,177870000,8
1720431840000,1720432319000,118.123,118.135,118.106,118.121,297390000,8
1720432320000,1720432799000,118.121,118.136,118.102,118.118,218970000,8
1720432800000,1720433279000,118.119,118.128,118.073,118.08,188880000,8
1720433280000,1720433759000,118.081,118.083,118.044,118.048,244500000,8
1720433760000,1720434239000,118.048,118.079,118.048,118.066,235830000,8
1720434240000,1720434719000,118.066,118.067,118.041,118.044,129960000,8
1720434720000,1720435199000,118.045,118.045,118.018,118.04,222240000,8
1720435200000,1720435679000,118.039,118.044,118.017,118.027,234090000,8
1720435680000,1720436159000,118.029,118.031,117.971,117.971,215620000,8
1720436160000,1720436639000,117.972,117.992,117.963,117.988,186150000,8
1720436640000,1720437119000,117.988,117.989,117.942,117.946,245670000,8
1720437120000,1720437599000,117.947,118.0,117.947,117.988,220800000,8
1720437600000,1720438079000,117.987,117.989,117.962,117.963,198600000,8
1720438080000,1720438559000,117.965,117.989,117.961,117.983,223560000,8
1720438560000,1720439039000,117.984,118.088,117.984,118.088,208740000,8
1720439040000,1720439519000,118.089,118.126,118.079,118.125,250500000,8
1720439520000,1720439999000,118.123,118.127,118.087,118.103,240120000,8
1720440000000,1720440479000,118.107,118.122,118.02,118.029,531570000,8
1720440480000,1720440959000,118.028,118.079,118.011,118.055,484680000,8
1720440960000,1720441439000,118.057,118.06,117.922,117.922,608280000,8
1720441440000,1720441919000,117.92,118.01,117.913,117.976,1067190000,8
1720441920000,1720442399000,117.977,118.008,117.969,117.995,507240000,8
1720442400000,1720442879000,117.994,118.019,117.959,117.964,502710000,8
1720442880000,1720443359000,117.967,117.967,117.925,117.947,817380000,8
1720443360000,1720443839000,117.947,117.951,117.895,117.9,786450000,8
1720443840000,1720444319000,117.901,117.902,117.843,117.876,816720000,8
1720444320000,1720444799000,117.875,117.921,117.842,117.908,696060000,8
1720444800000,1720445279000,117.909,117.953,117.894,117.894,653370000,8
1720445280000,1720445759000,117.893,117.945,117.874,117.882,971070000,8
1720445760000,1720446239000,117.884,117.993,117.882,117.918,1430430000,8
1720446240000,1720446719000,117.918,117.963,117.892,117.907,1051530000,8
1720446720000,1720447199000,117.906,117.91,117.848,117.872,763530000,8
1720447200000,1720447679000,117.873,117.873,117.749,117.792,857250000,8
1720447680000,1720448159000,117.79,117.826,117.758,117.781,851880000,8
1720448160000,1720448639000,117.782,117.783,117.688,117.703,714870000,8
1720448640000,1720449119000,117.705,117.735,117.681,117.721,1020150000,8
1720449120000,1720449599000,117.721,117.817,117.719,117.788,771630000,8
1720449600000,1720450079000,117.788,117.809,117.761,117.77,648930000,8
1720450080000,1720450559000,117.77,117.791,117.728,117.78,1078710000,8
1720450560000,1720451039000,117.781,117.875,117.778,117.874,972840000,8
1720451040000,1720451519000,117.873,117.881,117.844,117.872,537510000,8
1720451520000,1720451999000,117.87,117.885,117.849,117.867,511980000,8
1720452000000,1720452479000,117.87,117.883,117.851,117.863,454680000,8
1720452480000,1720452959000,117.858,117.907,117.839,117.857,578520000,8
1720452960000,1720453439000,117.855,117.874,117.84,117.845,400560000,8
1720453440000,1720453919000,117.845,117.899,117.845,117.869,667200000,8
1720453920000,1720454399000,117.868,117.902,117.863,117.879,506880000,8
1720454400000,1720454879000,117.878,117.893,117.862,117.868,404370000,8
1720454880000,1720455359000,117.867,117.881,117.857,117.874,345390000,8
1720455360000,1720455839000,117.879,117.91,117.865,117.889,229800000,8
1720455840000,1720456319000,117.888,117.951,117.885,117.942,301560000,8
1720456320000,1720456799000,117.94,117.957,117.938,117.939,263520000,8
1720456800000,1720457279000,117.94,117.961,117.938,117.955,230610000,8
1720457280000,1720457759000,117.956,117.971,117.936,117.941,222150000,8
1720457760000,1720458239000,117.941,117.946,117.918,117.92,139860000,8
1720458240000,1720458719000,117.919,117.92,117.877,117.877,226800000,8
1720458720000,1720459199000,117.877,117.888,117.868,117.888,191340000,8
1720459200000,1720459679000,117.89,117.896,117.873,117.875,155820000,8
1720459680000,1720460159000,117.877,117.906,117.877,117.885,187830000,8
1720460160000,1720460639000,117.887,117.903,117.858,117.864,181200000,8
1720460640000,1720461119000,117.864,117.892,117.861,117.885,169020000,8
1720461120000,1720461599000,117.881,117.892,117.86,117.885,222000000,8
1720461600000,1720462079000,117.883,117.89,117.864,117.883,248790000,8
1720462080000,1720462559000,117.882,117.896,117.877,117.877,183780000,8
1720462560000,1720463039000,117.877,117.895,117.865,117.868,174330000,8
1720463040000,1720463519000,117.87,117.891,117.862,117.88,120600000,8
1720463520000,1720463999000,117.88,117.897,117.875,117.89,174360000,8
1720464000000,1720464479000,117.889,117.889,117.829,117.849,263160000,8
1720464480000,1720464959000,117.849,117.912,117.848,117.911,231330000,8
1720464960000,1720465439000,117.915,117.923,117.857,117.872,365220000,8
1720465440000,1720465919000,117.872,117.874,117.837,117.841,225630000,8
1720465920000,1720466399000,117.842,117.859,117.841,117.843,140400000,8
1720466400000,1720466879000,117.843,117.867,117.84,117.855,116490000,8
1720466880000,1720467359000,117.856,117.887,117.85,117.883,200520000,8
1720467360000,1720467839000,117.881,117.881,117.852,117.852,197700000,8
1720467840000,1720468319000,117.854,117.903,117.848,117.894,252780000,8
1720468320000,1720468799000,117.893,117.911,117.88,117.888,328380000,8
1720468800000,1720469279000,117.886,117.892,117.872,117.887,112410000,8
1720469280000,1720469759000,117.888,117.921,117.888,117.921,109020000,8
1720469760000,1720470239000,117.922,117.928,117.909,117.918,71190000,8
1720470240000,1720470719000,117.918,117.939,117.905,117.936,149670000,8
1720470720000,1720471199000,117.936,117.947,117.92,117.925,128220000,8
1720471200000,1720471679000,117.927,117.937,117.917,117.937,103680000,8
1720471680000,1720472159000,117.936,117.95,117.919,117.946,127440000,8
1720472160000,1720472639000,117.946,117.956,117.865,117.865,270870000,8
1720472640000,1720473119000,117.786,117.883,117.786,117.868,116100000,8
1720473120000,1720473599000,117.867,117.892,117.848,117.886,123420000,8
1720473600000,1720474079000,117.886,117.892,117.877,117.89,42300000,8
1720474080000,1720474559000,117.891,117.918,117.87,117.906,193680000,8
1720474560000,1720475039000,117.906,117.91,117.873,117.888,144540000,8
1720475040000,1720475519000,117.888,117.894,117.873,117.883,87240000,8
1720475520000,1720475999000,117.879,117.893,117.873,117.891,130380000,8
1720476000000,1720476479000,117.891,117.934,117.88,117.905,91800000,8
1720476480000,1720476959000,117.906,117.927,117.906,117.922,45000000,8
1720476960000,1720477439000,117.923,117.929,117.917,117.917,63000000,8
1720477440000,1720477919000,117.917,117.923,117.905,117.905,72600000,8
1720477920000,1720478399000,117.905,117.91,117.895,117.903,63600000,8
1720478400000,1720478879000,117.902,117.913,117.898,117.911,78000000,8
1720478880000,1720479359000,117.909,117.912,117.904,117.905,50400000,8
1720479360000,1720479839000,117.905,117.938,117.905,117.93,109320000,8
1720479840000,1720480319000,117.925,117.938,117.9,117.909,177120000,8
1720480320000,1720480799000,117.908,117.917,117.892,117.896,77550000,8
1720480800000,1720481279000,117.896,117.909,117.894,117.908,48000000,8
1720481280000,1720481759000,117.908,117.924,117.907,117.919,51000000,8
1720481760000,1720482239000,117.92,117.924,117.906,117.92,105720000,8
1720482240000,1720482719000,117.922,117.998,117.922,117.987,171240000,8
1720482720000,1720483199000,117.988,118.026,117.987,118.016,162240000,8
1720483200000,1720483679000,118.017,118.017,117.959,117.976,448620000,8
1720483680000,1720484159000,117.974,117.994,117.971,117.972,264990000,8
1720484160000,1720484639000,117.97,117.972,117.921,117.945,291510000,8
1720484640000,1720485119000,117.946,117.991,117.937,117.974,252930000,8
1720485120000,1720485599000,117.973,117.973,117.948,117.952,204000000,8
1720485600000,1720486079000,117.952,117.965,117.937,117.957,207270000,8
1720486080000,1720486559000,117.959,117.994,117.946,117.984,549060000,8
1720486560000,1720487039000,117.985,118.002,117.973,117.997,259290000,8
1720487040000,1720487519000,117.998,117.999,117.978,117.984,171000000,8
1720487520000,1720487999000,117.985,118.035,117.98,118.035,269100000,8
1720488000000,1720488479000,118.03,118.049,118.028,118.04,206370000,8
1720488480000,1720488959000,118.038,118.062,118.038,118.048,207720000,8
1720488960000,1720489439000,118.047,118.066,118.035,118.04,225270000,8
1720489440000,1720489919000,118.039,118.053,118.015,118.048,367020000,8
1720489920000,1720490399000,118.047,118.049,117.999,118.015,252750000,8
1720490400000,1720490879000,118.015,118.051,117.998,118.037,411540000,8
1720490880000,1720491359000,118.038,118.08,118.026,118.044,482040000,8
1720491360000,1720491839000,118.043,118.064,118.015,118.025,286500000,8
1720491840000,1720492319000,118.024,118.054,118.009,118.032,297000000,8
1720492320000,1720492799000,118.03,118.046,118.019,118.037,292470000,8
1720492800000,1720493279000,118.036,118.039,118.02,118.029,141000000,8
1720493280000,1720493759000,118.03,118.055,118.028,118.028,234000000,8
1720493760000,1720494239000,118.028,118.049,118.012,118.022,345630000,8
1720494240000,1720494719000,118.019,118.019,117.986,117.992,235650000,8
1720494720000,1720495199000,117.993,118.008,117.976,117.989,404580000,8
1720495200000,1720495679000,117.99,118.051,117.989,118.05,439290000,8
1720495680000,1720496159000,118.049,118.084,118.048,118.076,377790000,8
1720496160000,1720496639000,118.076,118.096,118.073,118.096,240180000,8
1720496640000,1720497119000,118.098,118.138,118.092,118.12,358620000,8
1720497120000,1720497599000,118.123,118.129,118.095,118.096,225960000,8
1720497600000,1720498079000,118.096,118.107,118.072,118.072,442080000,8
1720498080000,1720498559000,118.072,118.093,118.061,118.084,301650000,8
1720498560000,1720499039000,118.084,118.124,118.067,118.121,216870000,8
1720499040000,1720499519000,118.123,118.127,118.108,118.111,229200000,8
1720499520000,1720499999000,118.112,118.112,118.069,118.078,160440000,8
1720500000000,1720500479000,118.079,118.08,118.04,118.047,246780000,8
1720500480000,1720500959000,118.047,118.06,118.032,118.055,212850000,8
1720500960000,1720501439000,118.057,118.076,118.055,118.06,180030000,8
1720501440000,1720501919000,118.061,118.078,118.051,118.073,172680000,8
1720501920000,1720502399000,118.074,118.097,118.07,118.093,140400000,8
1720502400000,1720502879000,118.093,118.094,118.056,118.056,156840000,8
1720502880000,1720503359000,118.055,118.072,118.036,118.042,199320000,8
1720503360000,1720503839000,118.044,118.072,118.041,118.062,172260000,8
1720503840000,1720504319000,118.061,118.076,118.057,118.071,191400000,8
1720504320000,1720504799000,118.072,118.078,118.036,118.037,354000000,8
1720504800000,1720505279000,118.038,118.045,117.995,118.035,644640000,8
1720505280000,1720505759000,118.036,118.045,118.01,118.031,306450000,8
1720505760000,1720506239000,118.03,118.032,117.964,117.983,284520000,8
1720506240000,1720506719000,117.982,117.982,117.944,117.973,361530000,8
1720506720000,1720507199000,117.975,117.986,117.96,117.971,358470000,8
1720507200000,1720507679000,117.97,117.984,117.963,117.968,116310000,8
1720507680000,1720508159000,117.966,117.979,117.952,117.975,178140000,8
1720508160000,1720508639000,117.974,117.974,117.902,117.925,496080000,8
1720508640000,1720509119000,117.924,117.948,117.911,117.935,362190000,8
1720509120000,1720509599000,117.933,117.991,117.928,117.967,555510000,8
1720509600000,1720510079000,117.963,117.995,117.954,117.966,414150000,8
1720510080000,1720510559000,117.968,117.997,117.957,117.981,455700000,8
1720510560000,1720511039000,117.98,117.986,117.949,117.969,362820000,8
1720511040000,1720511519000,117.968,117.973,117.941,117.973,354690000,8
1720511520000,1720511999000,117.972,117.993,117.957,117.978,348480000,8
1720512000000,1720512479000,117.977,117.981,117.949,117.979,237660000,8
1720512480000,1720512959000,117.979,117.98,117.958,117.976,171120000,8
1720512960000,1720513439000,117.974,117.998,117.968,117.998,227820000,8
1720513440000,1720513919000,117.996,118.031,117.996,118.027,466830000,8
1720513920000,1720514399000,118.025,118.045,118.008,118.029,369570000,8
1720514400000,1720514879000,118.027,118.06,118.026,118.051,271650000,8
1720514880000,1720515359000,118.052,118.076,118.041,118.053,316590000,8
1720515360000,1720515839000,118.051,118.081,118.05,118.079,386400000,8
1720515840000,1720516319000,118.077,118.092,118.035,118.047,211350000,8
1720516320000,1720516799000,118.045,118.066,118.033,118.051,212850000,8
1720516800000,1720517279000,118.053,118.055,118.004,118.04,192600000,8
1720517280000,1720517759000,118.037,118.068,118.037,118.064,308820000,8
1720517760000,1720518239000,118.062,118.065,118.037,118.043,202650000,8
1720518240000,1720518719000,118.041,118.048,118.02,118.03,204000000,8
1720518720000,1720519199000,118.028,118.06,118.025,118.06,190920000,8
1720519200000,1720519679000,118.06,118.066,118.028,118.031,167640000,8
1720519680000,1720520159000,118.031,118.055,118.031,118.042,238710000,8
1720520160000,1720520639000,118.043,118.051,118.033,118.041,160170000,8
1720520640000,1720521119000,118.042,118.048,118.014,118.034,105600000,8
1720521120000,1720521599000,118.035,118.036,118.014,118.026,250410000,8
1720521600000,1720522079000,118.027,118.047,118.027,118.047,286410000,8
1720522080000,1720522559000,118.047,118.059,118.038,118.048,357510000,8
1720522560000,1720523039000,118.048,118.082,118.042,118.063,301260000,8
1720523040000,1720523519000,118.062,118.109,118.06,118.097,443610000,8
1720523520000,1720523999000,118.099,118.134,118.092,118.105,305130000,8
1720524000000,1720524479000,118.105,118.135,118.098,118.108,306000000,8
1720524480000,1720524959000,118.109,118.129,118.103,118.121,203970000,8
1720524960000,1720525439000,118.119,118.137,118.096,118.096,243720000,8
1720525440000,1720525919000,118.097,118.111,118.087,118.105,169800000,8
1720525920000,1720526399000,118.106,118.114,118.09,118.112,178800000,8
1720526400000,1720526879000,118.11,118.134,118.105,118.105,270480000,8
1720526880000,1720527359000,118.106,118.106,118.065,118.075,374430000,8
1720527360000,1720527839000,118.075,118.088,118.067,118.073,325290000,8
1720527840000,1720528319000,118.074,118.099,118.028,118.043,385380000,8
1720528320000,1720528799000,118.041,118.107,118.027,118.107,548280000,8
1720528800000,1720529279000,118.106,118.123,118.09,118.115,367440000,8
1720529280000,1720529759000,118.114,118.137,118.094,118.122,461820000,8
1720529760000,1720530239000,118.123,118.157,118.114,118.141,561540000,8
1720530240000,1720530719000,118.143,118.145,118.091,118.096,378330000,8
1720530720000,1720531199000,118.094,118.152,118.09,118.128,616320000,8
1720531200000,1720531679000,118.128,118.146,118.115,118.144,461730000,8
1720531680000,1720532159000,118.143,118.153,118.06,118.096,918150000,8
1720532160000,1720532639000,118.095,118.099,118.042,118.064,1078020000,8
1720532640000,1720533119000,118.063,118.08,118.037,118.049,754830000,8
1720533120000,1720533599000,118.049,118.084,118.039,118.057,613290000,8
1720533600000,1720534079000,118.057,118.211,117.992,118.13,2179000000,8
1720534080000,1720534559000,118.131,118.165,118.099,118.122,1475580000,8
1720534560000,1720535039000,118.123,118.189,118.122,118.169,1451760000,8
1720535040000,1720535519000,118.168,118.235,118.144,118.158,1416120000,8
1720535520000,1720535999000,118.159,118.256,118.151,118.256,1012440000,8
1720536000000,1720536479000,118.256,118.284,118.237,118.254,950280000,8
1720536480000,1720536959000,118.252,118.317,118.236,118.277,1196970000,8
1720536960000,1720537439000,118.275,118.352,118.255,118.302,1362750000,8
1720537440000,1720537919000,118.302,118.353,118.282,118.32,938790000,8
1720537920000,1720538399000,118.321,118.394,118.32,118.349,881790000,8
1720538400000,1720538879000,118.349,118.365,118.315,118.32,676740000,8
1720538880000,1720539359000,118.318,118.34,118.303,118.321,631740000,8
1720539360000,1720539839000,118.319,118.339,118.309,118.333,562620000,8
1720539840000,1720540319000,118.333,118.348,118.32,118.332,344550000,8
1720540320000,1720540799000,118.334,118.368,118.333,118.34,462990000,8
1720540800000,1720541279000,118.34,118.349,118.286,118.316,612840000,8
1720541280000,1720541759000,118.318,118.331,118.297,118.318,409800000,8
1720541760000,1720542239000,118.317,118.329,118.304,118.312,347730000,8
1720542240000,1720542719000,118.31,118.344,118.292,118.333,345240000,8
1720542720000,1720543199000,118.334,118.337,118.286,118.293,418830000,8
1720543200000,1720543679000,118.292,118.318,118.271,118.31,260280000,8
1720543680000,1720544159000,118.309,118.316,118.3,118.3,225510000,8
1720544160000,1720544639000,118.299,118.333,118.265,118.267,391080000,8
1720544640000,1720545119000,118.268,118.312,118.268,118.299,369420000,8
1720545120000,1720545599000,118.3,118.345,118.291,118.315,440040000,8
1720545600000,1720546079000,118.316,118.321,118.29,118.301,365400000,8
1720546080000,1720546559000,118.306,118.355,118.305,118.337,302970000,8
1720546560000,1720547039000,118.338,118.348,118.32,118.339,303720000,8
1720547040000,1720547519000,118.341,118.344,118.305,118.312,239970000,8
1720547520000,1720547999000,118.314,118.337,118.299,118.328,236250000,8
1720548000000,1720548479000,118.327,118.333,118.29,118.303,174600000,8
1720548480000,1720548959000,118.304,118.304,118.272,118.279,190200000,8
1720548960000,1720549439000,118.281,118.292,118.27,118.292,170700000,8
1720549440000,1720549919000,118.294,118.301,118.272,118.292,279630000,8
1720549920000,1720550399000,118.291,118.332,118.286,118.329,159600000,8
1720550400000,1720550879000,118.327,118.337,118.315,118.321,196440000,8
1720550880000,1720551359000,118.321,118.333,118.311,118.321,211380000,8
1720551360000,1720551839000,118.32,118.352,118.319,118.32,283530000,8
1720551840000,1720552319000,118.319,118.325,118.296,118.301,167400000,8
1720552320000,1720552799000,118.301,118.32,118.282,118.316,194040000,8
1720552800000,1720553279000,118.318,118.319,118.299,118.31,152970000,8
1720553280000,1720553759000,118.312,118.319,118.293,118.309,199380000,8
1720553760000,1720554239000,118.311,118.312,118.294,118.306,148200000,8
1720554240000,1720554719000,118.302,118.316,118.299,118.308,217380000,8
1720554720000,1720555199000,118.309,118.319,118.3,118.315,307470000,8
1720555200000,1720555679000,118.313,118.327,118.306,118.31,123600000,8
1720555680000,1720556159000,118.309,118.31,118.3,118.309,93900000,8
1720556160000,1720556639000,118.307,118.326,118.306,118.311,121110000,8
1720556640000,1720557119000,118.313,118.318,118.301,118.313,144120000,8
1720557120000,1720557599000,118.312,118.312,118.292,118.302,81810000,8
1720557600000,1720558079000,118.304,118.306,118.29,118.291,144270000,8
1720558080000,1720558559000,118.293,118.307,118.286,118.292,132120000,8
1720558560000,1720559039000,118.293,118.302,118.199,118.199,421200000,8
1720559040000,1720559519000,118.193,118.25,118.189,118.244,52800000,8
1720559520000,1720559999000,118.224,118.25,118.219,118.25,59760000,8
1720560000000,1720560479000,118.25,118.259,118.233,118.241,39420000,8
1720560480000,1720560959000,118.24,118.318,118.237,118.269,263400000,8
1720560960000,1720561439000,118.269,118.284,118.258,118.28,559800000,8
1720561440000,1720561919000,118.279,118.279,118.259,118.271,385680000,8
1720561920000,1720562399000,118.266,118.277,118.259,118.277,246690000,8
1720562400000,1720562879000,118.277,118.285,118.257,118.283,122850000,8
1720562880000,1720563359000,118.283,118.294,118.276,118.286,47100000,8
1720563360000,1720563839000,118.285,118.301,118.276,118.285,49200000,8
1720563840000,1720564319000,118.285,118.3,118.281,118.295,40410000,8
1720564320000,1720564799000,118.295,118.307,118.283,118.303,85950000,8
1720564800000,1720565279000,118.303,118.323,118.303,118.319,161520000,8
1720565280000,1720565759000,118.319,118.332,118.315,118.327,127740000,8
1720565760000,1720566239000,118.328,118.345,118.317,118.343,193080000,8
1720566240000,1720566719000,118.342,118.358,118.332,118.352,72750000,8
1720566720000,1720567199000,118.353,118.356,118.342,118.355,67200000,8
1720567200000,1720567679000,118.353,118.356,118.341,118.344,141000000,8
1720567680000,1720568159000,118.343,118.343,118.33,118.33,60480000,8
1720568160000,1720568639000,118.331,118.344,118.32,118.335,85080000,8
1720568640000,1720569119000,118.335,118.354,118.326,118.345,181230000,8
1720569120000,1720569599000,118.345,118.351,118.331,118.342,113490000,8
1720569600000,1720570079000,118.343,118.38,118.331,118.366,392730000,8
1720570080000,1720570559000,118.367,118.383,118.362,118.376,261930000,8
1720570560000,1720571039000,118.376,118.399,118.362,118.396,151680000,8
1720571040000,1720571519000,118.395,118.408,118.387,118.4,216480000,8
1720571520000,1720571999000,118.401,118.422,118.396,118.417,269370000,8
1720572000000,1720572479000,118.417,118.427,118.395,118.426,242260000,8
1720572480000,1720572959000,118.434,118.454,118.416,118.446,568200000,8
1720572960000,1720573439000,118.446,118.456,118.415,118.422,439470000,8
1720573440000,1720573919000,118.422,118.487,118.42,118.448,388980000,8
1720573920000,1720574399000,118.446,118.483,118.441,118.467,373110000,8
1720574400000,1720574879000,118.467,118.47,118.441,118.454,174900000,8
1720574880000,1720575359000,118.453,118.496,118.452,118.491,241590000,8
1720575360000,1720575839000,118.487,118.491,118.475,118.489,197280000,8
1720575840000,1720576319000,118.492,118.494,118.473,118.474,219480000,8
1720576320000,1720576799000,118.473,118.479,118.454,118.472,151110000,8
1720576800000,1720577279000,118.472,118.495,118.453,118.471,613710000,8
1720577280000,1720577759000,118.472,118.474,118.42,118.427,290760000,8
1720577760000,1720578239000,118.428,118.471,118.427,118.449,294780000,8
1720578240000,1720578719000,118.447,118.478,118.445,118.474,187440000,8
1720578720000,1720579199000,118.475,118.497,118.464,118.496,164400000,8
1720579200000,1720579679000,118.497,118.519,118.493,118.493,246960000,8
1720579680000,1720580159000,118.493,118.497,118.474,118.481,124320000,8
1720580160000,1720580639000,118.48,118.483,118.463,118.463,222390000,8
1720580640000,1720581119000,118.465,118.467,118.446,118.446,113490000,8
1720581120000,1720581599000,118.447,118.448,118.42,118.437,102240000,8
1720581600000,1720582079000,118.437,118.46,118.435,118.459,145050000,8
1720582080000,1720582559000,118.457,118.482,118.453,118.453,242010000,8
1720582560000,1720583039000,118.453,118.456,118.424,118.428,150000000,8
1720583040000,1720583519000,118.43,118.431,118.406,118.42,157830000,8
1720583520000,1720583999000,118.418,118.437,118.412,118.43,116970000,8
1720584000000,1720584479000,118.432,118.442,118.427,118.436,72720000,8
1720584480000,1720584959000,118.436,118.452,118.436,118.444,162510000,8
1720584960000,1720585439000,118.443,118.443,118.424,118.427,128280000,8
1720585440000,1720585919000,118.426,118.435,118.419,118.431,123660000,8
1720585920000,1720586399000,118.431,118.433,118.406,118.413,95520000,8
1720586400000,1720586879000,118.414,118.432,118.413,118.419,160680000,8
1720586880000,1720587359000,118.419,118.433,118.417,118.425,163800000,8
1720587360000,1720587839000,118.425,118.443,118.425,118.438,264690000,8
1720587840000,1720588319000,118.437,118.474,118.428,118.46,234900000,8
1720588320000,1720588799000,118.459,118.474,118.447,118.453,139800000,8
1720588800000,1720589279000,118.453,118.488,118.453,118.486,136080000,8
1720589280000,1720589759000,118.486,118.501,118.481,118.483,174600000,8
1720589760000,1720590239000,118.477,118.478,118.46,118.468,127020000,8
1720590240000,1720590719000,118.466,118.473,118.443,118.446,145680000,8
1720590720000,1720591199000,118.443,118.459,118.441,118.445,125280000,8
1720591200000,1720591679000,118.443,118.443,118.396,118.415,280350000,8
1720591680000,1720592159000,118.412,118.42,118.393,118.393,162990000,8
1720592160000,1720592639000,118.393,118.403,118.383,118.398,137700000,8
1720592640000,1720593119000,118.398,118.409,118.387,118.409,214770000,8
1720593120000,1720593599000,118.408,118.416,118.387,118.388,222630000,8
1720593600000,1720594079000,118.387,118.418,118.373,118.418,204810000,8
1720594080000,1720594559000,118.419,118.43,118.402,118.402,261450000,8
1720594560000,1720595039000,118.401,118.401,118.334,118.35,452310000,8
1720595040000,1720595519000,118.35,118.388,118.338,118.34,419130000,8
1720595520000,1720595999000,118.341,118.379,118.329,118.373,412050000,8
1720596000000,1720596479000,118.374,118.383,118.348,118.372,351930000,8
1720596480000,1720596959000,118.371,118.373,118.329,118.341,353040000,8
1720596960000,1720597439000,118.342,118.38,118.34,118.372,344760000,8
1720597440000,1720597919000,118.372,118.399,118.364,118.377,350130000,8
1720597920000,1720598399000,118.375,118.4,118.347,118.399,387600000,8
1720598400000,1720598879000,118.398,118.4,118.352,118.379,414690000,8
1720598880000,1720599359000,118.378,118.409,118.378,118.386,351540000,8
1720599360000,1720599839000,118.391,118.425,118.386,118.408,333300000,8
1720599840000,1720600319000,118.407,118.424,118.39,118.396,316950000,8
1720600320000,1720600799000,118.397,118.418,118.392,118.395,380250000,8
1720600800000,1720601279000,118.394,118.422,118.388,118.405,267120000,8
1720601280000,1720601759000,118.404,118.418,118.4,118.418,184470000,8
1720601760000,1720602239000,118.417,118.467,118.395,118.464,278580000,8
1720602240000,1720602719000,118.463,118.476,118.439,118.443,232500000,8
1720602720000,1720603199000,118.444,118.499,118.435,118.498,197790000,8
1720603200000,1720603679000,118.496,118.515,118.486,118.504,326370000,8
1720603680000,1720604159000,118.506,118.552,118.502,118.531,287700000,8
1720604160000,1720604639000,118.532,118.533,118.498,118.508,322710000,8
1720604640000,1720605119000,118.506,118.506,118.473,118.487,183270000,8
1720605120000,1720605599000,118.486,118.509,118.485,118.506,188670000,8
1720605600000,1720606079000,118.505,118.525,118.491,118.502,311940000,8
1720606080000,1720606559000,118.502,118.516,118.491,118.513,284010000,8
1720606560000,1720607039000,118.514,118.518,118.497,118.5,122010000,8
1720607040000,1720607519000,118.499,118.522,118.494,118.507,169200000,8
1720607520000,1720607999000,118.508,118.512,118.479,118.483,162000000,8
1720608000000,1720608479000,118.481,118.487,118.471,118.474,161610000,8
1720608480000,1720608959000,118.474,118.497,118.464,118.494,201300000,8
1720608960000,1720609439000,118.495,118.503,118.474,118.477,167400000,8
1720609440000,1720609919000,118.476,118.497,118.465,118.466,105270000,8
1720609920000,1720610399000,118.465,118.467,118.387,118.392,238860000,8
1720610400000,1720610879000,118.39,118.412,118.383,118.406,186360000,8
1720610880000,1720611359000,118.407,118.421,118.401,118.421,272130000,8
1720611360000,1720611839000,118.421,118.461,118.42,118.447,282120000,8
1720611840000,1720612319000,118.447,118.462,118.411,118.411,213000000,8
1720612320000,1720612799000,118.409,118.434,118.407,118.428,311370000,8
1720612800000,1720613279000,118.426,118.453,118.414,118.453,395310000,8
1720613280000,1720613759000,118.452,118.458,118.412,118.447,328590000,8
1720613760000,1720614239000,118.447,118.462,118.437,118.439,458790000,8
1720614240000,1720614719000,118.439,118.475,118.432,118.475,347520000,8
1720614720000,1720615199000,118.474,118.48,118.446,118.48,228930000,8
1720615200000,1720615679000,118.481,118.509,118.457,118.463,256830000,8
1720615680000,1720616159000,118.464,118.509,118.457,118.503,347820000,8
1720616160000,1720616639000,118.502,118.541,118.499,118.531,312330000,8
1720616640000,1720617119000,118.531,118.557,118.519,118.557,437700000,8
1720617120000,1720617599000,118.556,118.564,118.537,118.547,353520000,8
1720617600000,1720618079000,118.549,118.566,118.53,118.558,372300000,8
1720618080000,1720618559000,118.559,118.57,118.513,118.521,985020000,8
1720618560000,1720619039000,118.518,118.563,118.502,118.507,1027800000,8
1720619040000,1720619519000,118.508,118.579,118.494,118.574,696810000,8
1720619520000,1720619999000,118.57,118.612,118.547,118.611,531150000,8
1720620000000,1720620479000,118.609,118.668,118.595,118.66,599250000,8
1720620480000,1720620959000,118.657,118.677,118.646,118.669,580080000,8
1720620960000,1720621439000,118.668,118.687,118.63,118.637,669240000,8
1720621440000,1720621919000,118.636,118.694,118.636,118.666,894240000,8
1720621920000,1720622399000,118.666,118.678,118.647,118.663,467400000,8
1720622400000,1720622879000,118.662,118.716,118.659,118.706,553020000,8
1720622880000,1720623359000,118.707,118.719,118.641,118.669,792000000,8
1720623360000,1720623839000,118.669,118.711,118.659,118.702,757050000,8
1720623840000,1720624319000,118.702,118.74,118.651,118.736,684120000,8
1720624320000,1720624799000,118.735,118.787,118.71,118.76,536670000,8
1720624800000,1720625279000,118.759,118.829,118.751,118.814,451530000,8
1720625280000,1720625759000,118.815,118.861,118.815,118.829,375300000,8
1720625760000,1720626239000,118.83,118.846,118.802,118.807,335100000,8
1720626240000,1720626719000,118.809,118.822,118.786,118.822,331410000,8
1720626720000,1720627199000,118.823,118.842,118.808,118.839,184200000,8
1720627200000,1720627679000,118.84,118.843,118.791,118.806,327300000,8
1720627680000,1720628159000,118.804,118.805,118.763,118.774,344400000,8
1720628160000,1720628639000,118.773,118.785,118.763,118.778,339270000,8
1720628640000,1720629119000,118.777,118.8,118.775,118.787,222480000,8
1720629120000,1720629599000,118.786,118.798,118.775,118.775,174300000,8
1720629600000,1720630079000,118.776,118.777,118.75,118.77,179400000,8
1720630080000,1720630559000,118.769,118.777,118.749,118.76,207690000,8
1720630560000,1720631039000,118.761,118.769,118.739,118.764,273720000,8
1720631040000,1720631519000,118.765,118.773,118.746,118.769,271800000,8
1720631520000,1720631999000,118.774,118.774,118.749,118.749,220260000,8
1720632000000,1720632479000,118.751,118.754,118.733,118.75,267960000,8
1720632480000,1720632959000,118.746,118.762,118.735,118.753,223710000,8
1720632960000,1720633439000,118.751,118.754,118.742,118.746,139500000,8
1720633440000,1720633919000,118.748,118.768,118.745,118.754,179850000,8
1720633920000,1720634399000,118.754,118.774,118.748,118.772,205140000,8
1720634400000,1720634879000,118.773,118.779,118.746,118.773,221790000,8
1720634880000,1720635359000,118.777,118.781,118.753,118.761,209100000,8
1720635360000,1720635839000,118.758,118.768,118.751,118.762,171600000,8
1720635840000,1720636319000,118.759,118.764,118.75,118.764,117600000,8
1720636320000,1720636799000,118.763,118.767,118.755,118.76,85800000,8
1720636800000,1720637279000,118.756,118.77,118.749,118.767,91350000,8
1720637280000,1720637759000,118.768,118.774,118.748,118.75,129000000,8
1720637760000,1720638239000,118.752,118.763,118.741,118.757,208200000,8
1720638240000,1720638719000,118.758,118.766,118.744,118.744,156900000,8
1720638720000,1720639199000,118.745,118.746,118.723,118.732,142800000,8
1720639200000,1720639679000,118.732,118.748,118.732,118.746,96600000,8
1720639680000,1720640159000,118.744,118.762,118.723,118.724,174600000,8
1720640160000,1720640639000,118.723,118.736,118.716,118.724,204000000,8
1720640640000,1720641119000,118.725,118.762,118.723,118.748,229800000,8
1720641120000,1720641599000,118.753,118.761,118.73,118.749,305700000,8
1720641600000,1720642079000,118.747,118.752,118.737,118.748,88260000,8
1720642080000,1720642559000,118.749,118.76,118.746,118.746,87600000,8
1720642560000,1720643039000,118.747,118.749,118.721,118.723,69900000,8
1720643040000,1720643519000,118.722,118.737,118.722,118.725,96750000,8
1720643520000,1720643999000,118.725,118.727,118.713,118.713,108600000,8
1720644000000,1720644479000,118.714,118.73,118.702,118.706,187260000,8
1720644480000,1720644959000,118.707,118.726,118.695,118.726,253080000,8
1720644960000,1720645439000,118.727,118.729,118.611,118.641,297150000,8
1720645440000,1720645919000,118.641,118.658,118.638,118.656,31200000,8
1720645920000,1720646399000,118.656,118.669,118.651,118.667,52620000,8
1720646400000,1720646879000,118.666,118.682,118.66,118.681,14400000,8
1720646880000,1720647359000,118.681,118.686,118.646,118.657,81570000,8
1720647360000,1720647839000,118.656,118.657,118.644,118.644,75120000,8
1720647840000,1720648319000,118.646,118.647,118.627,118.627,19200000,8
1720648320000,1720648799000,118.628,118.628,118.622,118.624,25050000,8
1720648800000,1720649279000,118.623,118.677,118.616,118.676,102000000,8
1720649280000,1720649759000,118.676,118.676,118.655,118.675,48900000,8
1720649760000,1720650239000,118.671,118.677,118.665,118.674,97200000,8
1720650240000,1720650719000,118.682,118.687,118.674,118.676,57750000,8
1720650720000,1720651199000,118.676,118.679,118.664,118.672,72600000,8
1720651200000,1720651679000,118.669,118.673,118.662,118.673,92400000,8
1720651680000,1720652159000,118.672,118.676,118.664,118.666,79200000,8
1720652160000,1720652639000,118.668,118.668,118.644,118.654,55200000,8
1720652640000,1720653119000,118.653,118.671,118.653,118.671,80400000,8
1720653120000,1720653599000,118.67,118.673,118.651,118.656,127950000,8
1720653600000,1720654079000,118.655,118.66,118.654,118.66,54600000,8
1720654080000,1720654559000,118.662,118.693,118.662,118.678,76200000,8
1720654560000,1720655039000,118.677,118.696,118.677,118.695,69600000,8
1720655040000,1720655519000,118.697,118.701,118.68,118.686,57600000,8
1720655520000,1720655999000,118.688,118.697,118.658,118.663,127920000,8
1720656000000,1720656479000,118.662,118.662,118.625,118.633,361080000,8
1720656480000,1720656959000,118.633,118.64,118.604,118.621,221400000,8
1720656960000,1720657439000,118.617,118.645,118.604,118.631,202890000,8
1720657440000,1720657919000,118.631,118.636,118.583,118.583,239400000,8
1720657920000,1720658399000,118.583,118.619,118.576,118.606,182520000,8
1720658400000,1720658879000,118.605,118.612,118.571,118.587,267330000,8
1720658880000,1720659359000,118.587,118.664,118.577,118.631,639390000,8
1720659360000,1720659839000,118.631,118.652,118.609,118.647,265710000,8
1720659840000,1720660319000,118.646,118.653,118.635,118.645,167820000,8
1720660320000,1720660799000,118.646,118.667,118.632,118.639,206940000,8
1720660800000,1720661279000,118.639,118.667,118.628,118.648,199410000,8
1720661280000,1720661759000,118.654,118.656,118.643,118.654,118260000,8
1720661760000,1720662239000,118.653,118.655,118.64,118.65,145290000,8
1720662240000,1720662719000,118.652,118.672,118.642,118.67,250590000,8
1720662720000,1720663199000,118.672,118.697,118.671,118.676,207570000,8
1720663200000,1720663679000,118.68,118.68,118.651,118.674,234960000,8
1720663680000,1720664159000,118.673,118.71,118.673,118.71,136200000,8
1720664160000,1720664639000,118.707,118.709,118.694,118.694,112440000,8
1720664640000,1720665119000,118.693,118.706,118.684,118.695,116310000,8
1720665120000,1720665599000,118.696,118.701,118.673,118.682,140100000,8
1720665600000,1720666079000,118.684,118.701,118.677,118.68,180720000,8
1720666080000,1720666559000,118.679,118.685,118.662,118.679,229710000,8
1720666560000,1720667039000,118.681,118.717,118.677,118.689,438600000,8
1720667040000,1720667519000,118.689,118.703,118.682,118.7,205800000,8
1720667520000,1720667999000,118.701,118.713,118.68,118.688,252600000,8
1720668000000,1720668479000,118.689,118.727,118.684,118.723,343950000,8
1720668480000,1720668959000,118.721,118.723,118.705,118.71,125760000,8
1720668960000,1720669439000,118.709,118.735,118.699,118.735,141720000,8
1720669440000,1720669919000,118.734,118.742,118.73,118.73,106470000,8
1720669920000,1720670399000,118.73,118.731,118.707,118.708,157560000,8
1720670400000,1720670879000,118.711,118.717,118.704,118.708,55800000,8
1720670880000,1720671359000,118.71,118.722,118.704,118.722,64800000,8
1720671360000,1720671839000,118.725,118.732,118.711,118.714,102000000,8
1720671840000,1720672319000,118.715,118.717,118.697,118.707,91200000,8
1720672320000,1720672799000,118.707,118.707,118.69,118.698,118800000,8
1720672800000,1720673279000,118.702,118.709,118.689,118.703,178200000,8
1720673280000,1720673759000,118.702,118.713,118.691,118.706,131400000,8
1720673760000,1720674239000,118.706,118.719,118.699,118.711,147000000,8
1720674240000,1720674719000,118.711,118.723,118.709,118.711,82500000,8
1720674720000,1720675199000,118.711,118.719,118.702,118.715,129300000,8
1720675200000,1720675679000,118.717,118.739,118.714,118.734,98220000,8
1720675680000,1720676159000,118.732,118.743,118.727,118.742,149160000,8
1720676160000,1720676639000,118.743,118.744,118.722,118.723,151200000,8
1720676640000,1720677119000,118.723,118.737,118.722,118.724,150600000,8
1720677120000,1720677599000,118.725,118.736,118.694,118.708,175290000,8
1720677600000,1720678079000,118.712,118.77,118.71,118.74,470550000,8
1720678080000,1720678559000,118.738,118.745,118.7,118.709,292710000,8
1720678560000,1720679039000,118.708,118.722,118.702,118.717,127200000,8
1720679040000,1720679519000,118.717,118.728,118.67,118.687,251130000,8
1720679520000,1720679999000,118.688,118.688,118.672,118.676,154470000,8
1720680000000,1720680479000,118.68,118.686,118.662,118.674,199440000,8
1720680480000,1720680959000,118.673,118.701,118.668,118.692,214380000,8
1720680960000,1720681439000,118.69,118.711,118.69,118.701,196770000,8
1720681440000,1720681919000,118.702,118.71,118.66,118.664,335190000,8
1720681920000,1720682399000,118.662,118.667,118.614,118.615,254310000,8
1720682400000,1720682879000,118.615,118.615,118.566,118.597,391200000,8
1720682880000,1720683359000,118.595,118.599,118.543,118.546,590370000,8
1720683360000,1720683839000,118.54,118.558,118.515,118.549,665970000,8
1720683840000,1720684319000,118.551,118.587,118.543,118.577,409530000,8
1720684320000,1720684799000,118.575,118.587,118.558,118.573,346050000,8
1720684800000,1720685279000,118.573,118.583,118.543,118.549,388500000,8
1720685280000,1720685759000,118.548,118.558,118.534,118.537,289410000,8
1720685760000,1720686239000,118.537,118.551,118.522,118.528,231180000,8
1720686240000,1720686719000,118.526,118.534,118.509,118.523,208050000,8
1720686720000,1720687199000,118.523,118.539,118.52,118.536,175530000,8
1720687200000,1720687679000,118.537,118.545,118.518,118.529,167070000,8
1720687680000,1720688159000,118.527,118.533,118.481,118.505,212130000,8
1720688160000,1720688639000,118.504,118.529,118.5,118.506,353640000,8
1720688640000,1720689119000,118.505,118.521,118.496,118.517,435240000,8
1720689120000,1720689599000,118.516,118.522,118.492,118.5,267150000,8
1720689600000,1720690079000,118.501,118.501,118.461,118.478,247920000,8
1720690080000,1720690559000,118.479,118.496,118.474,118.493,353310000,8
1720690560000,1720691039000,118.492,118.496,118.476,118.492,308850000,8
1720691040000,1720691519000,118.492,118.507,118.486,118.504,220890000,8
1720691520000,1720691999000,118.505,118.524,118.504,118.518,182400000,8
1720692000000,1720692479000,118.516,118.523,118.477,118.493,250080000,8
1720692480000,1720692959000,118.494,118.506,118.482,118.5,147840000,8
1720692960000,1720693439000,118.499,118.51,118.495,118.507,127980000,8
1720693440000,1720693919000,118.51,118.51,118.462,118.463,225480000,8
1720693920000,1720694399000,118.462,118.493,118.462,118.47,165600000,8
1720694400000,1720694879000,118.468,118.482,118.442,118.451,151350000,8
1720694880000,1720695359000,118.451,118.482,118.451,118.479,228150000,8
1720695360000,1720695839000,118.478,118.498,118.476,118.495,230490000,8
1720695840000,1720696319000,118.497,118.501,118.49,118.493,256260000,8
1720696320000,1720696799000,118.492,118.526,118.491,118.519,181230000,8
1720696800000,1720697279000,118.517,118.518,118.486,118.487,126390000,8
1720697280000,1720697759000,118.49,118.507,118.483,118.506,165150000,8
1720697760000,1720698239000,118.506,118.523,118.505,118.512,135000000,8
1720698240000,1720698719000,118.513,118.514,118.499,118.511,87840000,8
1720698720000,1720699199000,118.512,118.536,118.512,118.514,214860000,8
1720699200000,1720699679000,118.513,118.563,118.493,118.527,482940000,8
1720699680000,1720700159000,118.527,118.598,118.522,118.596,369480000,8
1720700160000,1720700639000,118.597,118.613,118.569,118.587,555930000,8
1720700640000,1720701119000,118.588,118.59,118.2,118.21,1995820000,8
1720701120000,1720701599000,118.21,118.397,118.162,118.347,3672280000,8
1720701600000,1720702079000,118.349,118.376,116.585,116.925,6537950000,8
1720702080000,1720702559000,116.93,117.13,116.517,116.914,6488390000,8
1720702560000,1720703039000,116.906,116.99,116.173,116.198,6164030000,8
1720703040000,1720703519000,116.189,116.233,115.706,115.949,6009930000,8
1720703520000,1720703999000,115.949,116.522,115.934,116.407,4583160000,8
1720704000000,1720704479000,116.408,116.583,116.383,116.575,3674870000,8
1720704480000,1720704959000,116.573,116.796,116.067,116.57,4374960000,8
1720704960000,1720705439000,116.572,116.656,116.361,116.611,3305640000,8
1720705440000,1720705919000,116.609,116.709,116.347,116.656,2873130000,8
1720705920000,1720706399000,116.659,116.72,116.538,116.65,2464620000,8
1720706400000,1720706879000,116.652,116.664,116.429,116.493,2684790000,8
1720706880000,1720707359000,116.496,116.535,116.388,116.473,2370040000,8
1720707360000,1720707839000,116.466,116.466,116.314,116.389,2686080000,8
1720707840000,1720708319000,116.391,116.506,116.342,116.454,2030100000,8
1720708320000,1720708799000,116.452,116.455,116.368,116.389,1934460000,8
1720708800000,1720709279000,116.39,116.637,116.378,116.625,1811130000,8
1720709280000,1720709759000,116.624,116.635,116.5,116.544,1805490000,8
1720709760000,1720710239000,116.545,116.568,116.4,116.422,2071530000,8
1720710240000,1720710719000,116.423,116.48,116.353,116.427,2164350000,8
1720710720000,1720711199000,116.427,116.489,116.4,116.442,1601070000,8
1720711200000,1720711679000,116.442,116.484,116.391,116.432,1223670000,8
1720711680000,1720712159000,116.431,116.431,116.359,116.374,1214760000,8
1720712160000,1720712639000,116.376,116.412,116.358,116.395,946230000,8
1720712640000,1720713119000,116.392,116.486,116.386,116.388,1178700000,8
1720713120000,1720713599000,116.388,116.465,116.379,116.443,900480000,8
1720713600000,1720714079000,116.446,116.448,116.396,116.414,714720000,8
1720714080000,1720714559000,116.419,116.453,116.408,116.438,619860000,8
1720714560000,1720715039000,116.437,116.456,116.337,116.341,738120000,8
1720715040000,1720715519000,116.341,116.372,116.299,116.367,702600000,8
1720715520000,1720715999000,116.368,116.369,116.312,116.349,675420000,8
1720716000000,1720716479000,116.349,116.357,116.314,116.316,644340000,8
1720716480000,1720716959000,116.317,116.352,116.293,116.352,924810000,8
1720716960000,1720717439000,116.35,116.405,116.307,116.373,1332840000,8
1720717440000,1720717919000,116.371,116.396,116.298,116.313,1245210000,8
1720717920000,1720718399000,116.312,116.362,116.312,116.339,945690000,8
1720718400000,1720718879000,116.34,116.381,116.3,116.369,695940000,8
1720718880000,1720719359000,116.37,116.373,116.309,116.365,754050000,8
1720719360000,1720719839000,116.366,116.385,116.33,116.354,719670000,8
1720719840000,1720720319000,116.354,116.442,116.322,116.395,1039650000,8
1720720320000,1720720799000,116.396,116.453,116.393,116.407,699600000,8
1720720800000,1720721279000,116.403,116.424,116.35,116.381,502290000,8
1720721280000,1720721759000,116.382,116.468,116.378,116.464,576810000,8
1720721760000,1720722239000,116.462,116.502,116.453,116.48,673260000,8
1720722240000,1720722719000,116.482,116.496,116.447,116.474,813150000,8
1720722720000,1720723199000,116.476,116.507,116.465,116.494,684750000,8
1720723200000,1720723679000,116.494,116.504,116.464,116.49,397530000,8
1720723680000,1720724159000,116.487,116.495,116.47,116.482,311070000,8
1720724160000,1720724639000,116.481,116.485,116.429,116.445,893670000,8
1720724640000,1720725119000,116.448,116.452,116.43,116.448,405090000,8
1720725120000,1720725599000,116.45,116.465,116.436,116.451,354210000,8
1720725600000,1720726079000,116.448,116.469,116.439,116.455,466470000,8
1720726080000,1720726559000,116.456,116.476,116.441,116.47,783270000,8
1720726560000,1720727039000,116.471,116.491,116.459,116.48,589980000,8
1720727040000,1720727519000,116.479,116.492,116.463,116.482,674820000,8
1720727520000,1720727999000,116.482,116.506,116.473,116.488,477750000,8
1720728000000,1720728479000,116.487,116.503,116.48,116.496,424200000,8
1720728480000,1720728959000,116.495,116.506,116.489,116.496,164970000,8
1720728960000,1720729439000,116.496,116.509,116.483,116.507,192120000,8
1720729440000,1720729919000,116.508,116.571,116.508,116.512,173820000,8
1720729920000,1720730399000,116.508,116.548,116.506,116.543,175200000,8
1720730400000,1720730879000,116.544,116.555,116.53,116.553,142200000,8
1720730880000,1720731359000,116.555,116.561,116.522,116.561,149190000,8
1720731360000,1720731839000,116.557,116.572,116.426,116.436,159570000,8
1720731840000,1720732319000,116.418,116.512,116.418,116.491,89580000,8
1720732320000,1720732799000,116.492,116.511,116.483,116.511,88950000,8
1720732800000,1720733279000,116.511,116.544,116.507,116.538,145200000,8
1720733280000,1720733759000,116.54,116.54,116.522,116.523,138000000,8
1720733760000,1720734239000,116.522,116.542,116.521,116.535,243510000,8
1720734240000,1720734719000,116.536,116.559,116.521,116.558,238050000,8
1720734720000,1720735199000,116.558,116.571,116.555,116.563,51000000,8
1720735200000,1720735679000,116.565,116.769,116.535,116.763,546930000,8
1720735680000,1720736159000,116.764,116.814,116.686,116.726,545700000,8
1720736160000,1720736639000,116.728,116.766,116.714,116.765,407100000,8
1720736640000,1720737119000,116.765,116.798,116.746,116.746,414900000,8
1720737120000,1720737599000,116.748,116.79,116.722,116.788,365700000,8
1720737600000,1720738079000,116.791,116.799,116.755,116.755,201600000,8
1720738080000,1720738559000,116.759,116.806,116.743,116.783,156330000,8
1720738560000,1720739039000,116.785,116.835,116.785,116.806,338280000,8
1720739040000,1720739519000,116.81,116.907,116.795,116.902,558150000,8
1720739520000,1720739999000,116.902,116.959,116.893,116.918,570510000,8
1720740000000,1720740479000,116.917,116.956,116.903,116.921,591510000,8
1720740480000,1720740959000,116.926,116.928,115.741,116.793,5121360000,8
1720740960000,1720741439000,116.794,116.932,116.764,116.844,1929120000,8
1720741440000,1720741919000,116.854,116.886,115.969,116.287,4331480000,8
1720741920000,1720742399000,116.282,116.47,116.023,116.173,4606260000,8
1720742400000,1720742879000,116.166,116.448,115.949,116.438,4291800000,8
1720742880000,1720743359000,116.433,116.497,116.241,116.411,2464680000,8
1720743360000,1720743839000,116.409,116.519,116.327,116.497,2069550000,8
1720743840000,1720744319000,116.498,116.618,116.454,116.593,1729500000,8
1720744320000,1720744799000,116.592,116.657,116.564,116.643,1605240000,8
1720744800000,1720745279000,116.642,116.7,116.567,116.596,1812600000,8
1720745280000,1720745759000,116.595,116.73,116.572,116.719,2281790000,8
1720745760000,1720746239000,116.72,116.794,116.682,116.73,1453530000,8
1720746240000,1720746719000,116.726,116.821,116.715,116.78,1395930000,8
1720746720000,1720747199000,116.78,116.84,116.763,116.821,1131750000,8
1720747200000,1720747679000,116.823,116.834,116.728,116.788,1199130000,8
1720747680000,1720748159000,116.788,116.825,116.751,116.803,1027650000,8
1720748160000,1720748639000,116.802,116.877,116.77,116.848,1011720000,8
1720748640000,1720749119000,116.849,116.849,116.777,116.837,680370000,8
1720749120000,1720749599000,116.836,116.912,116.789,116.901,854640000,8
1720749600000,1720750079000,116.9,116.9,116.468,116.793,1653420000,8
1720750080000,1720750559000,116.798,116.884,116.771,116.849,1456350000,8
1720750560000,1720751039000,116.849,116.877,116.812,116.874,943410000,8
1720751040000,1720751519000,116.876,116.919,116.833,116.873,1105330000,8
1720751520000,1720751999000,116.876,116.914,116.856,116.886,720480000,8
1720752000000,1720752479000,116.885,116.915,116.877,116.913,452190000,8
1720752480000,1720752959000,116.915,116.95,116.907,116.916,668220000,8
1720752960000,1720753439000,116.915,116.934,116.88,116.898,693090000,8
1720753440000,1720753919000,116.897,116.909,116.862,116.897,618630000,8
1720753920000,1720754399000,116.897,116.898,116.831,116.861,521550000,8
1720754400000,1720754879000,116.858,116.858,116.792,116.815,678360000,8
1720754880000,1720755359000,116.817,116.917,116.815,116.896,561840000,8
1720755360000,1720755839000,116.895,116.924,116.869,116.898,606670000,8
1720755840000,1720756319000,116.897,116.93,116.851,116.879,455760000,8
1720756320000,1720756799000,116.883,116.909,116.864,116.907,255930000,8
1720756800000,1720757279000,116.906,116.908,116.858,116.866,376170000,8
1720757280000,1720757759000,116.865,116.88,116.832,116.852,451890000,8
1720757760000,1720758239000,116.854,116.881,116.83,116.87,616200000,8
1720758240000,1720758719000,116.87,116.872,116.84,116.847,404130000,8
1720758720000,1720759199000,116.848,116.85,116.798,116.814,420150000,8
1720759200000,1720759679000,116.814,116.842,116.796,116.799,585630000,8
1720759680000,1720760159000,116.797,116.829,116.758,116.829,565290000,8
1720760160000,1720760639000,116.83,116.845,116.81,116.817,316440000,8
1720760640000,1720761119000,116.815,116.835,116.792,116.803,256200000,8
1720761120000,1720761599000,116.803,116.823,116.754,116.759,356640000,8
1720761600000,1720762079000,116.759,116.817,116.759,116.806,438990000,8
1720762080000,1720762559000,116.807,116.809,116.695,116.781,894780000,8
1720762560000,1720763039000,116.781,116.787,116.703,116.725,1110960000,8
1720763040000,1720763519000,116.722,116.735,116.641,116.692,1174170000,8
1720763520000,1720763999000,116.69,116.761,116.669,116.756,967530000,8
1720764000000,1720764479000,116.754,116.831,116.71,116.79,1649340000,8
1720764480000,1720764959000,116.791,116.812,116.727,116.746,1117530000,8
1720764960000,1720765439000,116.744,116.785,116.704,116.768,852330000,8
1720765440000,1720765919000,116.767,116.836,116.748,116.794,969390000,8
1720765920000,1720766399000,116.794,116.808,116.759,116.796,540000000,8
1720766400000,1720766879000,116.796,116.834,116.758,116.758,753960000,8
1720766880000,1720767359000,116.757,116.816,116.708,116.746,650880000,8
1720767360000,1720767839000,116.748,116.828,116.745,116.815,683310000,8
1720767840000,1720768319000,116.813,116.823,116.763,116.786,608340000,8
1720768320000,1720768799000,116.785,116.862,116.785,116.849,915000000,8
1720768800000,1720769279000,116.848,116.874,116.832,116.855,614040000,8
1720769280000,1720769759000,116.856,116.912,116.853,116.888,435990000,8
1720769760000,1720770239000,116.887,116.894,116.846,116.88,492120000,8
1720770240000,1720770719000,116.879,116.927,116.872,116.915,650610000,8
1720770720000,1720771199000,116.913,116.94,116.842,116.864,515460000,8
1720771200000,1720771679000,116.861,116.902,116.806,116.843,673430000,8
1720771680000,1720772159000,116.844,116.9,116.839,116.884,397650000,8
1720772160000,1720772639000,116.884,116.894,116.845,116.861,467730000,8
1720772640000,1720773119000,116.858,116.894,116.848,116.858,529380000,8
1720773120000,1720773599000,116.855,116.885,116.82,116.823,444330000,8
1720773600000,1720774079000,116.824,116.847,116.801,116.837,641700000,8
1720774080000,1720774559000,116.84,116.885,116.822,116.855,848670000,8
1720774560000,1720775039000,116.856,116.901,116.826,116.887,982740000,8
1720775040000,1720775519000,116.886,116.891,116.859,116.875,932400000,8
1720775520000,1720775999000,116.875,116.877,116.855,116.865,565530000,8
1720776000000,1720776479000,116.866,116.916,116.852,116.883,789690000,8
1720776480000,1720776959000,116.883,116.904,116.859,116.869,770610000,8
1720776960000,1720777439000,116.872,116.884,116.837,116.884,564870000,8
1720777440000,1720777919000,116.883,116.889,116.844,116.864,513300000,8
1720777920000,1720778399000,116.863,116.906,116.862,116.895,307230000,8
1720778400000,1720778879000,116.894,116.904,116.863,116.886,261000000,8
1720778880000,1720779359000,116.887,116.917,116.863,116.916,340050000,8
1720779360000,1720779839000,116.916,116.934,116.882,116.882,244320000,8
1720779840000,1720780319000,116.88,116.954,116.87,116.933,359730000,8
1720780320000,1720780799000,116.934,116.939,116.887,116.895,205920000,8
1720780800000,1720781279000,116.896,116.902,116.87,116.879,205500000,8
1720781280000,1720781759000,116.88,116.882,116.837,116.844,478260000,8
1720781760000,1720782239000,116.844,116.868,116.841,116.846,312690000,8
1720782240000,1720782719000,116.847,116.865,116.84,116.862,222270000,8
1720782720000,1720783199000,116.862,116.865,116.791,116.801,320520000,8
1720783200000,1720783679000,116.8,116.807,116.688,116.732,574440000,8
1720783680000,1720784159000,116.734,116.775,116.712,116.775,498300000,8
1720784160000,1720784639000,116.776,116.779,116.733,116.741,280530000,8
1720784640000,1720785119000,116.742,116.769,116.739,116.76,241860000,8
1720785120000,1720785599000,116.762,116.778,116.693,116.704,275880000,8
1720785600000,1720786079000,116.704,116.729,116.491,116.491,987810000,8
1720786080000,1720786559000,116.491,116.568,116.389,116.463,1940330000,8
1720786560000,1720787039000,116.465,116.503,116.349,116.389,1603330000,8
1720787040000,1720787519000,116.388,116.706,116.354,116.684,2612850000,8
1720787520000,1720787999000,116.688,116.744,116.514,116.615,3476010000,8
1720788000000,1720788479000,116.614,116.645,116.454,116.46,2644350000,8
1720788480000,1720788959000,116.46,116.504,116.317,116.35,2169990000,8
1720788960000,1720789439000,116.352,116.49,116.338,116.459,1767940000,8
1720789440000,1720789919000,116.46,116.473,115.629,115.784,4177810000,8
1720789920000,1720790399000,115.787,115.881,115.457,115.696,4509340000,8
1720790400000,1720790879000,115.697,116.017,115.684,115.951,2672520000,8
1720790880000,1720791359000,115.95,116.069,115.829,116.008,2951990000,8
1720791360000,1720791839000,116.007,116.17,115.969,116.106,2171220000,8
1720791840000,1720792319000,116.104,116.166,116.067,116.095,1516010000,8
1720792320000,1720792799000,116.093,116.205,116.035,116.077,1786620000,8
1720792800000,1720793279000,116.084,116.133,115.973,116.126,2071320000,8
1720793280000,1720793759000,116.125,116.151,115.511,115.655,4209440000,8
1720793760000,1720794239000,115.656,115.809,115.517,115.77,4164060000,8
1720794240000,1720794719000,115.772,115.861,115.724,115.846,2057130000,8
1720794720000,1720795199000,115.844,115.894,115.772,115.822,1408350000,8
1720795200000,1720795679000,115.818,115.878,115.807,115.831,1128390000,8
1720795680000,1720796159000,115.83,115.845,115.676,115.743,1678140000,8
1720796160000,1720796639000,115.744,115.882,115.744,115.862,1407300000,8
1720796640000,1720797119000,115.86,115.893,115.822,115.888,848970000,8
1720797120000,1720797599000,115.889,115.923,115.681,115.92,1323320000,8
1720797600000,1720798079000,115.921,115.987,115.897,115.959,760380000,8
1720798080000,1720798559000,115.958,115.977,115.92,115.938,756360000,8
1720798560000,1720799039000,115.935,115.969,115.888,115.947,800130000,8
1720799040000,1720799519000,115.946,116.049,115.936,116.026,995820000,8
1720799520000,1720799999000,116.026,116.094,115.872,115.874,1240320000,8
1720800000000,1720800479000,115.875,115.947,115.864,115.908,908760000,8
1720800480000,1720800959000,115.908,115.923,115.824,115.913,652890000,8
1720800960000,1720801439000,115.916,115.958,115.912,115.926,460200000,8
1720801440000,1720801919000,115.924,115.96,115.906,115.952,498330000,8
1720801920000,1720802399000,115.952,115.965,115.911,115.938,572100000,8
1720802400000,1720802879000,115.938,115.972,115.92,115.935,569640000,8
1720802880000,1720803359000,115.936,115.939,115.897,115.903,491790000,8
1720803360000,1720803839000,115.901,115.922,115.884,115.896,463500000,8
1720803840000,1720804319000,115.894,115.923,115.891,115.912,254040000,8
1720804320000,1720804799000,115.911,115.926,115.879,115.898,441600000,8
1720804800000,1720805279000,115.899,115.922,115.863,115.918,347160000,8
1720805280000,1720805759000,115.917,115.929,115.9,115.911,300900000,8
1720805760000,1720806239000,115.909,115.924,115.889,115.919,194010000,8
1720806240000,1720806719000,115.918,115.94,115.911,115.918,226680000,8
1720806720000,1720807199000,115.917,115.955,115.909,115.917,205320000,8
1720807200000,1720807679000,115.922,115.922,115.857,115.89,319590000,8
1720807680000,1720808159000,115.888,115.897,115.853,115.854,411360000,8
1720808160000,1720808639000,115.857,115.884,115.828,115.836,483990000,8
1720808640000,1720809119000,115.835,115.856,115.828,115.828,373260000,8
1720809120000,1720809599000,115.827,115.849,115.814,115.836,438690000,8
1720809600000,1720810079000,115.836,115.859,115.832,115.853,319020000,8
1720810080000,1720810559000,115.848,115.856,115.819,115.827,346500000,8
1720810560000,1720811039000,115.828,115.865,115.816,115.82,459900000,8
1720811040000,1720811519000,115.821,115.832,115.771,115.804,312900000,8
1720811520000,1720811999000,115.803,115.814,115.764,115.788,339510000,8
1720812000000,1720812479000,115.787,115.828,115.776,115.809,402270000,8
1720812480000,1720812959000,115.806,115.835,115.76,115.788,521730000,8
1720812960000,1720813439000,115.786,115.79,115.744,115.754,359820000,8
1720813440000,1720813919000,115.753,115.782,115.741,115.742,362760000,8
1720813920000,1720814399000,115.74,115.803,115.74,115.775,350430000,8
1720814400000,1720814879000,115.78,115.793,115.767,115.772,171090000,8
1720814880000,1720815359000,115.773,115.779,115.719,115.737,145230000,8
1720815360000,1720815839000,115.736,115.739,115.726,115.733,78960000,8
1720815840000,1720816319000,115.733,115.791,115.727,115.791,311310000,8
1720816320000,1720816799000,115.79,115.849,115.776,115.776,238980000,8
1720816800000,1720817279000,115.777,115.808,115.772,115.792,178500000,8
1720817280000,1720817759000,115.79,115.8,115.735,115.78,253800000,8
1720817760000,1720818239000,115.781,115.804,115.648,115.673,186060000,8
1720818240000,1720818719000,115.673,115.673,115.673,115.673,0,8
1720818720000,1720819199000,115.673,115.673,115.673,115.673,0,8
1720819200000,1720819679000,115.673,115.673,115.673,115.673,0,8
1720819680000,1720820159000,115.673,115.673,115.673,115.673,0,8
1720820160000,1720820639000,115.673,115.673,115.673,115.673,0,8
1720820640000,1720821119000,115.673,115.673,115.673,115.673,0,8
1720821120000,1720821599000,115.673,115.673,115.673,115.673,0,8
1720821600000,1720822079000,115.673,115.673,115.673,115.673,0,8
1720822080000,1720822559000,115.673,115.673,115.673,115.673,0,8
1720822560000,1720823039000,115.673,115.673,115.673,115.673,0,8
1720823040000,1720823519000,115.673,115.673,115.673,115.673,0,8
1720823520000,1720823999000,115.673,115.673,115.673,115.673,0,8
1720824000000,1720824479000,115.673,115.673,115.673,115.673,0,8
1720824480000,1720824959000,115.673,115.673,115.673,115.673,0,8
1720824960000,1720825439000,115.673,115.673,115.673,115.673,0,8
1720825440000,1720825919000,115.673,115.673,115.673,115.673,0,8
1720825920000,1720826399000,115.673,115.673,115.673,115.673,0,8
1720826400000,1720826879000,115.673,115.673,115.673,115.673,0,8
1720826880000,1720827359000,115.673,115.673,115.673,115.673,0,8
1720827360000,1720827839000,115.673,115.673,115.673,115.673,0,8
1720827840000,1720828319000,115.673,115.673,115.673,115.673,0,8
1720828320000,1720828799000,115.673,115.673,115.673,115.673,0,8
1720991040000,1720991519000,115.838,115.845,115.81,115.838,38700000,8
1720991520000,1720991999000,115.841,115.924,115.841,115.923,154500000,8
1720992480000,1720992959000,115.928,115.953,115.91,115.926,195480000,8
1720992960000,1720993439000,115.925,115.926,115.885,115.889,116250000,8
1720993440000,1720993919000,115.89,115.926,115.871,115.895,176100000,8
1720993920000,1720994399000,115.894,115.943,115.877,115.925,220500000,8
1720994400000,1720994879000,115.925,115.97,115.793,115.793,688740000,8
1720994880000,1720995359000,115.794,115.857,115.722,115.855,384510000,8
1720995360000,1720995839000,115.865,115.876,115.83,115.865,236550000,8
1720995840000,1720996319000,115.866,115.918,115.864,115.908,246000000,8
1720996320000,1720996799000,115.909,115.915,115.887,115.909,249600000,8
1720996800000,1720997279000,115.911,115.985,115.899,115.98,289650000,8
1720997280000,1720997759000,115.979,115.989,115.946,115.983,257850000,8
1720997760000,1720998239000,115.983,116.031,115.973,116.012,262560000,8
1720998240000,1720998719000,116.011,116.019,115.875,115.984,464910000,8
1720998720000,1720999199000,115.984,116.008,115.952,116.007,304320000,8
1720999200000,1720999679000,116.006,116.05,115.984,115.994,380850000,8
1720999680000,1721000159000,115.991,116.034,115.972,116.013,444240000,8
1721000160000,1721000639000,116.013,116.032,116.001,116.016,359700000,8
1721000640000,1721001119000,116.015,116.051,116.001,116.004,204720000,8
1721001120000,1721001599000,116.005,116.036,115.963,115.98,241350000,8
1721001600000,1721002079000,115.98,115.997,115.911,115.939,744480000,8
1721002080000,1721002559000,115.935,115.967,115.893,115.927,494130000,8
1721002560000,1721003039000,115.926,115.955,115.905,115.925,317400000,8
1721003040000,1721003519000,115.931,115.96,115.911,115.93,364950000,8
1721003520000,1721003999000,115.928,115.946,115.89,115.941,607290000,8
1721004000000,1721004479000,115.942,115.955,115.905,115.911,488970000,8
1721004480000,1721004959000,115.909,115.912,115.708,115.748,1080450000,8
1721004960000,1721005439000,115.752,115.828,115.729,115.814,1003650000,8
1721005440000,1721005919000,115.812,115.864,115.81,115.84,776960000,8
1721005920000,1721006399000,115.838,115.848,115.802,115.824,543030000,8
1721006400000,1721006879000,115.824,115.826,115.738,115.787,459330000,8
1721006880000,1721007359000,115.79,115.798,115.68,115.723,610020000,8
1721007360000,1721007839000,115.721,115.806,115.721,115.806,490800000,8
1721007840000,1721008319000,115.805,115.814,115.787,115.805,282600000,8
1721008320000,1721008799000,115.807,115.81,115.756,115.772,266370000,8
1721008800000,1721009279000,115.773,115.803,115.751,115.786,463920000,8
1721009280000,1721009759000,115.788,115.828,115.779,115.797,448020000,8
1721009760000,1721010239000,115.798,115.816,115.79,115.793,218310000,8
1721010240000,1721010719000,115.796,115.821,115.787,115.798,219750000,8
1721010720000,1721011199000,115.797,115.802,115.712,115.718,262200000,8
1721011200000,1721011679000,115.717,115.743,115.679,115.728,471000000,8
1721011680000,1721012159000,115.727,115.769,115.722,115.722,391800000,8
1721012160000,1721012639000,115.724,115.779,115.684,115.707,718560000,8
1721012640000,1721013119000,115.707,115.721,115.674,115.715,363930000,8
1721013120000,1721013599000,115.718,115.72,115.672,115.686,294870000,8
1721013600000,1721014079000,115.687,115.729,115.682,115.724,258720000,8
1721014080000,1721014559000,115.723,115.73,115.691,115.697,228000000,8
1721014560000,1721015039000,115.696,115.71,115.681,115.699,177660000,8
1721015040000,1721015519000,115.699,115.723,115.698,115.719,145590000,8
1721015520000,1721015999000,115.718,115.722,115.7,115.722,137130000,8
1721016000000,1721016479000,115.719,115.741,115.71,115.739,107310000,8
1721016480000,1721016959000,115.738,115.752,115.733,115.738,185430000,8
1721016960000,1721017439000,115.739,115.755,115.734,115.744,191370000,8
1721017440000,1721017919000,115.74,115.75,115.721,115.734,159390000,8
1721017920000,1721018399000,115.734,115.739,115.714,115.727,99450000,8
1721018400000,1721018879000,115.727,115.727,115.711,115.711,92400000,8
1721018880000,1721019359000,115.713,115.715,115.7,115.7,74370000,8
1721019360000,1721019839000,115.701,115.701,115.673,115.674,108000000,8
1721019840000,1721020319000,115.672,115.675,115.661,115.661,78000000,8
1721020320000,1721020799000,115.662,115.662,115.614,115.614,143400000,8
1721020800000,1721021279000,115.616,115.651,115.585,115.644,310440000,8
1721021280000,1721021759000,115.646,115.658,115.622,115.633,189570000,8
1721021760000,1721022239000,115.632,115.65,115.621,115.642,182490000,8
1721022240000,1721022719000,115.645,115.67,115.635,115.66,209070000,8
1721022720000,1721023199000,115.66,115.661,115.615,115.66,270810000,8
1721023200000,1721023679000,115.657,115.688,115.605,115.671,842320000,8
1721023680000,1721024159000,115.674,115.756,115.67,115.74,553860000,8
1721024160000,1721024639000,115.738,115.847,115.737,115.768,615210000,8
1721024640000,1721025119000,115.767,115.825,115.759,115.779,654780000,8
1721025120000,1721025599000,115.776,115.825,115.763,115.798,453360000,8
1721025600000,1721026079000,115.805,115.806,115.716,115.753,480270000,8
1721026080000,1721026559000,115.75,115.769,115.723,115.754,533130000,8
1721026560000,1721027039000,115.754,115.775,115.696,115.7,706380000,8
1721027040000,1721027519000,115.699,115.701,115.615,115.617,630960000,8
1721027520000,1721027999000,115.616,115.663,115.588,115.652,571530000,8
1721028000000,1721028479000,115.653,115.736,115.61,115.637,693630000,8
1721028480000,1721028959000,115.636,115.636,115.577,115.616,916230000,8
1721028960000,1721029439000,115.617,115.688,115.599,115.602,810570000,8
1721029440000,1721029919000,115.605,115.654,115.596,115.651,867570000,8
1721029920000,1721030399000,115.651,115.686,115.62,115.674,502260000,8
1721030400000,1721030879000,115.67,115.72,115.662,115.67,541950000,8
1721030880000,1721031359000,115.672,115.716,115.656,115.709,621570000,8
1721031360000,1721031839000,115.71,115.737,115.651,115.71,713280000,8
1721031840000,1721032319000,115.711,115.724,115.677,115.724,543600000,8
1721032320000,1721032799000,115.724,115.781,115.717,115.761,409350000,8
1721032800000,1721033279000,115.761,115.79,115.741,115.789,371670000,8
1721033280000,1721033759000,115.788,115.791,115.75,115.754,486000000,8
1721033760000,1721034239000,115.754,115.772,115.704,115.738,481620000,8
1721034240000,1721034719000,115.736,115.767,115.731,115.731,411210000,8
1721034720000,1721035199000,115.731,115.782,115.731,115.755,528990000,8
1721035200000,1721035679000,115.756,115.798,115.748,115.776,371520000,8
1721035680000,1721036159000,115.778,115.823,115.769,115.821,443700000,8
1721036160000,1721036639000,115.821,115.835,115.766,115.771,471540000,8
1721036640000,1721037119000,115.769,115.777,115.744,115.744,230670000,8
1721037120000,1721037599000,115.743,115.774,115.743,115.764,384570000,8
1721037600000,1721038079000,115.764,115.815,115.743,115.815,454620000,8
1721038080000,1721038559000,115.814,115.83,115.801,115.83,308400000,8
1721038560000,1721039039000,115.831,115.857,115.81,115.842,336390000,8
1721039040000,1721039519000,115.844,115.849,115.812,115.82,300030000,8
1721039520000,1721039999000,115.821,115.846,115.796,115.807,386730000,8
1721040000000,1721040479000,115.805,115.813,115.773,115.777,438180000,8
1721040480000,1721040959000,115.778,115.789,115.739,115.744,406740000,8
1721040960000,1721041439000,115.745,115.764,115.732,115.758,254730000,8
1721041440000,1721041919000,115.757,115.794,115.749,115.762,311640000,8
1721041920000,1721042399000,115.763,115.824,115.758,115.821,372570000,8
1721042400000,1721042879000,115.82,115.824,115.764,115.783,215940000,8
1721042880000,1721043359000,115.783,115.85,115.771,115.845,440790000,8
1721043360000,1721043839000,115.847,115.969,115.847,115.966,403530000,8
1721043840000,1721044319000,115.965,115.967,115.909,115.946,499200000,8
1721044320000,1721044799000,115.946,115.965,115.896,115.898,555720000,8
1721044800000,1721045279000,115.9,115.9,115.818,115.834,496110000,8
1721045280000,1721045759000,115.837,115.864,115.817,115.859,509760000,8
1721045760000,1721046239000,115.86,115.894,115.853,115.88,502920000,8
1721046240000,1721046719000,115.879,115.894,115.834,115.884,634950000,8
1721046720000,1721047199000,115.888,115.895,115.807,115.84,644220000,8
1721047200000,1721047679000,115.84,115.841,115.78,115.795,609210000,8
1721047680000,1721048159000,115.794,115.804,115.741,115.771,973080000,8
1721048160000,1721048639000,115.772,115.789,115.745,115.769,994560000,8
1721048640000,1721049119000,115.767,115.821,115.762,115.807,742560000,8
1721049120000,1721049599000,115.808,115.813,115.759,115.771,541470000,8
1721049600000,1721050079000,115.77,115.79,115.73,115.766,600600000,8
1721050080000,1721050559000,115.765,115.771,115.659,115.701,1250370000,8
1721050560000,1721051039000,115.7,115.742,115.647,115.7,1018650000,8
1721051040000,1721051519000,115.701,115.738,115.673,115.687,954780000,8
1721051520000,1721051999000,115.687,115.749,115.682,115.712,768450000,8
1721052000000,1721052479000,115.715,115.726,115.666,115.666,1060230000,8
1721052480000,1721052959000,115.663,115.684,115.62,115.645,853560000,8
1721052960000,1721053439000,115.645,115.677,115.631,115.64,619650000,8
1721053440000,1721053919000,115.642,115.672,115.612,115.625,570450000,8
1721053920000,1721054399000,115.624,115.635,115.584,115.59,726540000,8
1721054400000,1721054879000,115.589,115.591,115.536,115.563,650880000,8
1721054880000,1721055359000,115.561,115.637,115.544,115.578,1186050000,8
1721055360000,1721055839000,115.576,115.621,115.547,115.619,964500000,8
1721055840000,1721056319000,115.62,115.623,115.566,115.578,833580000,8
1721056320000,1721056799000,115.578,115.625,115.558,115.561,557790000,8
1721056800000,1721057279000,115.56,115.578,115.526,115.526,540210000,8
1721057280000,1721057759000,115.525,115.562,115.507,115.523,668040000,8
1721057760000,1721058239000,115.523,115.549,115.523,115.538,453630000,8
1721058240000,1721058719000,115.536,115.54,115.519,115.533,370770000,8
1721058720000,1721059199000,115.535,115.568,115.513,115.565,439440000,8
1721059200000,1721059679000,115.565,115.567,115.527,115.543,366600000,8
1721059680000,1721060159000,115.544,115.554,115.512,115.516,477600000,8
1721060160000,1721060639000,115.514,115.536,115.496,115.515,418290000,8
1721060640000,1721061119000,115.515,115.52,115.492,115.504,384570000,8
1721061120000,1721061599000,115.503,115.511,115.485,115.499,402000000,8
1721061600000,1721062079000,115.498,115.498,115.045,115.277,3163230000,8
1721062080000,1721062559000,115.279,115.391,115.269,115.379,1300710000,8
1721062560000,1721063039000,115.379,115.453,115.319,115.441,1529970000,8
1721063040000,1721063519000,115.441,115.523,115.418,115.474,1142370000,8
1721063520000,1721063999000,115.474,115.492,115.379,115.438,1173840000,8
1721064000000,1721064479000,115.436,115.452,115.383,115.392,952320000,8
1721064480000,1721064959000,115.392,115.442,115.378,115.384,1103850000,8
1721064960000,1721065439000,115.389,115.425,115.382,115.384,560520000,8
1721065440000,1721065919000,115.384,115.422,115.368,115.421,765300000,8
1721065920000,1721066399000,115.429,115.458,115.406,115.409,462930000,8
1721066400000,1721066879000,115.408,115.416,115.373,115.381,679200000,8
1721066880000,1721067359000,115.382,115.423,115.369,115.417,934740000,8
1721067360000,1721067839000,115.418,115.466,115.416,115.453,440280000,8
1721067840000,1721068319000,115.454,115.455,115.408,115.417,450240000,8
1721068320000,1721068799000,115.416,115.455,115.415,115.425,363540000,8
1721068800000,1721069279000,115.426,115.478,115.423,115.474,284160000,8
1721069280000,1721069759000,115.474,115.483,115.448,115.472,193440000,8
1721069760000,1721070239000,115.469,115.495,115.457,115.491,348060000,8
1721070240000,1721070719000,115.492,115.515,115.478,115.48,260130000,8
1721070720000,1721071199000,115.48,115.508,115.475,115.507,238200000,8
1721071200000,1721071679000,115.509,115.531,115.498,115.522,298800000,8
1721071680000,1721072159000,115.521,115.545,115.506,115.506,277980000,8
1721072160000,1721072639000,115.506,115.507,115.478,115.481,347580000,8
1721072640000,1721073119000,115.481,115.485,115.406,115.418,593190000,8
1721073120000,1721073599000,115.418,115.49,115.409,115.489,585900000,8
1721073600000,1721074079000,115.49,115.499,115.451,115.462,186930000,8
1721074080000,1721074559000,115.463,115.5,115.446,115.497,145560000,8
1721074560000,1721075039000,115.498,115.51,115.473,115.501,160560000,8
1721075040000,1721075519000,115.501,115.613,115.501,115.573,335610000,8
1721075520000,1721075999000,115.575,115.592,115.565,115.566,138480000,8
1721076000000,1721076479000,115.567,115.583,115.544,115.576,163050000,8
1721076480000,1721076959000,115.574,115.574,115.545,115.555,202380000,8
1721076960000,1721077439000,115.554,115.554,115.393,115.399,175470000,8
1721077440000,1721077919000,115.407,115.439,115.375,115.425,63900000,8
1721077920000,1721078399000,115.428,115.442,115.379,115.421,83100000,8
1721078400000,1721078879000,115.419,115.442,115.397,115.44,144900000,8
1721078880000,1721079359000,115.452,115.515,115.452,115.498,361410000,8
1721079360000,1721079839000,115.497,115.538,115.485,115.488,887250000,8
1721079840000,1721080319000,115.492,115.523,115.483,115.522,208740000,8
1721080320000,1721080799000,115.522,115.53,115.498,115.503,166320000,8
1721080800000,1721081279000,115.502,115.563,115.501,115.558,133620000,8
1721081280000,1721081759000,115.558,115.577,115.549,115.576,109500000,8
1721081760000,1721082239000,115.584,115.602,115.572,115.595,99000000,8
1721082240000,1721082719000,115.595,115.602,115.581,115.583,61350000,8
1721082720000,1721083199000,115.583,115.593,115.571,115.592,57600000,8
1721083200000,1721083679000,115.592,115.593,115.577,115.577,75600000,8
1721083680000,1721084159000,115.579,115.584,115.557,115.584,70800000,8
1721084160000,1721084639000,115.583,115.601,115.57,115.572,177720000,8
1721084640000,1721085119000,115.572,115.593,115.572,115.587,193050000,8
1721085120000,1721085599000,115.587,115.6,115.58,115.582,134400000,8
1721085600000,1721086079000,115.581,115.601,115.579,115.597,108600000,8
1721086080000,1721086559000,115.599,115.608,115.59,115.597,78600000,8
1721086560000,1721087039000,115.598,115.615,115.597,115.611,66720000,8
1721087040000,1721087519000,115.611,115.709,115.609,115.663,324780000,8
1721087520000,1721087999000,115.664,115.67,115.619,115.623,254010000,8
1721088000000,1721088479000,115.622,115.659,115.602,115.639,549030000,8
1721088480000,1721088959000,115.638,115.689,115.629,115.681,401100000,8
1721088960000,1721089439000,115.686,115.719,115.673,115.705,391560000,8
1721089440000,1721089919000,115.703,115.734,115.677,115.693,409080000,8
1721089920000,1721090399000,115.694,115.718,115.687,115.708,402480000,8
1721090400000,1721090879000,115.71,115.737,115.698,115.699,365520000,8
1721090880000,1721091359000,115.7,115.771,115.7,115.759,966960000,8
1721091360000,1721091839000,115.762,115.846,115.749,115.809,1017480000,8
1721091840000,1721092319000,115.811,115.863,115.798,115.809,661450000,8
1721092320000,1721092799000,115.807,115.853,115.793,115.835,456000000,8
1721092800000,1721093279000,115.834,115.898,115.834,115.89,522000000,8
1721093280000,1721093759000,115.885,115.956,115.881,115.913,713970000,8
1721093760000,1721094239000,115.907,115.909,115.868,115.901,602160000,8
1721094240000,1721094719000,115.902,115.925,115.884,115.901,466740000,8
1721094720000,1721095199000,115.901,115.913,115.866,115.882,243930000,8
1721095200000,1721095679000,115.882,115.913,115.872,115.891,281340000,8
1721095680000,1721096159000,115.892,115.923,115.89,115.914,236610000,8
1721096160000,1721096639000,115.913,115.925,115.892,115.925,260010000,8
1721096640000,1721097119000,115.924,115.933,115.895,115.92,209820000,8
1721097120000,1721097599000,115.921,115.953,115.912,115.927,485940000,8
1721097600000,1721098079000,115.927,116.001,115.917,115.986,363090000,8
1721098080000,1721098559000,115.984,115.995,115.964,115.965,228300000,8
1721098560000,1721099039000,115.964,115.981,115.929,115.938,441120000,8
1721099040000,1721099519000,115.938,115.952,115.93,115.933,175920000,8
1721099520000,1721099999000,115.932,115.945,115.93,115.939,121770000,8
1721100000000,1721100479000,115.939,115.962,115.919,115.931,245310000,8
1721100480000,1721100959000,115.931,115.999,115.923,115.973,306360000,8
1721100960000,1721101439000,115.971,115.985,115.955,115.955,162150000,8
1721101440000,1721101919000,115.956,115.96,115.943,115.949,141180000,8
1721101920000,1721102399000,115.95,115.951,115.934,115.942,106380000,8
1721102400000,1721102879000,115.941,115.953,115.933,115.95,213420000,8
1721102880000,1721103359000,115.948,115.958,115.94,115.94,109650000,8
1721103360000,1721103839000,115.941,115.944,115.929,115.936,75210000,8
1721103840000,1721104319000,115.939,115.983,115.933,115.961,202440000,8
1721104320000,1721104799000,115.962,115.975,115.929,115.955,193050000,8
1721104800000,1721105279000,115.957,115.961,115.929,115.934,111960000,8
1721105280000,1721105759000,115.937,115.964,115.908,115.922,255900000,8
1721105760000,1721106239000,115.925,115.976,115.918,115.941,214650000,8
1721106240000,1721106719000,115.95,115.965,115.937,115.939,286320000,8
1721106720000,1721107199000,115.94,116.007,115.933,115.999,319830000,8
1721107200000,1721107679000,115.998,116.005,115.973,115.977,183090000,8
1721107680000,1721108159000,115.974,115.983,115.965,115.98,228630000,8
1721108160000,1721108639000,115.981,116.007,115.965,115.981,364800000,8
1721108640000,1721109119000,115.981,115.982,115.952,115.952,279300000,8
1721109120000,1721109599000,115.951,115.989,115.94,115.976,327540000,8
1721109600000,1721110079000,115.973,115.984,115.845,115.849,860310000,8
1721110080000,1721110559000,115.85,115.875,115.843,115.874,472740000,8
1721110560000,1721111039000,115.873,115.873,115.84,115.846,345900000,8
1721111040000,1721111519000,115.844,115.863,115.799,115.84,420840000,8
1721111520000,1721111999000,115.837,115.837,115.766,115.768,356910000,8
1721112000000,1721112479000,115.768,115.778,115.725,115.756,361800000,8
1721112480000,1721112959000,115.755,115.81,115.728,115.794,468070000,8
1721112960000,1721113439000,115.793,115.819,115.778,115.782,482370000,8
1721113440000,1721113919000,115.781,115.792,115.744,115.755,575280000,8
1721113920000,1721114399000,115.753,115.755,115.643,115.733,1025310000,8
1721114400000,1721114879000,115.734,115.742,115.703,115.719,616890000,8
1721114880000,1721115359000,115.719,115.765,115.712,115.752,627000000,8
1721115360000,1721115839000,115.753,115.779,115.722,115.777,541350000,8
1721115840000,1721116319000,115.777,115.786,115.737,115.737,529230000,8
1721116320000,1721116799000,115.737,115.797,115.711,115.784,583920000,8
1721116800000,1721117279000,115.786,115.791,115.754,115.779,569520000,8
1721117280000,1721117759000,115.778,115.844,115.767,115.844,581040000,8
1721117760000,1721118239000,115.844,115.86,115.813,115.858,500670000,8
1721118240000,1721118719000,115.861,115.872,115.835,115.835,534570000,8
1721118720000,1721119199000,115.835,115.848,115.808,115.81,411570000,8
1721119200000,1721119679000,115.811,115.812,115.778,115.792,435900000,8
1721119680000,1721120159000,115.793,115.805,115.749,115.798,384780000,8
1721120160000,1721120639000,115.799,115.818,115.786,115.795,373380000,8
1721120640000,1721121119000,115.796,115.812,115.783,115.803,359760000,8
1721121120000,1721121599000,115.805,115.848,115.802,115.826,309570000,8
1721121600000,1721122079000,115.824,115.836,115.789,115.805,273450000,8
1721122080000,1721122559000,115.807,115.822,115.78,115.782,334860000,8
1721122560000,1721123039000,115.784,115.817,115.776,115.776,434370000,8
1721123040000,1721123519000,115.775,115.795,115.743,115.784,623670000,8
1721123520000,1721123999000,115.783,115.835,115.774,115.807,505380000,8
1721124000000,1721124479000,115.806,115.835,115.787,115.788,325290000,8
1721124480000,1721124959000,115.789,115.795,115.771,115.779,253320000,8
1721124960000,1721125439000,115.781,115.801,115.779,115.796,179100000,8
1721125440000,1721125919000,115.797,115.823,115.784,115.806,216000000,8
1721125920000,1721126399000,115.807,115.817,115.786,115.811,199320000,8
1721126400000,1721126879000,115.814,115.818,115.787,115.791,212400000,8
1721126880000,1721127359000,115.791,115.802,115.778,115.796,148800000,8
1721127360000,1721127839000,115.797,115.809,115.783,115.789,251820000,8
1721127840000,1721128319000,115.79,115.804,115.767,115.771,233340000,8
1721128320000,1721128799000,115.774,115.786,115.768,115.786,247920000,8
1721128800000,1721129279000,115.786,115.807,115.778,115.78,182190000,8
1721129280000,1721129759000,115.778,115.779,115.743,115.761,178650000,8
1721129760000,1721130239000,115.76,115.779,115.751,115.754,261960000,8
1721130240000,1721130719000,115.753,115.78,115.752,115.774,242640000,8
1721130720000,1721131199000,115.777,115.787,115.752,115.766,318570000,8
1721131200000,1721131679000,115.765,115.79,115.75,115.78,428340000,8
1721131680000,1721132159000,115.781,115.817,115.779,115.814,206880000,8
1721132160000,1721132639000,115.818,115.824,115.763,115.769,515700000,8
1721132640000,1721133119000,115.771,115.933,115.621,115.772,1714150000,8
1721133120000,1721133599000,115.771,115.872,115.738,115.843,3027810000,8
1721133600000,1721134079000,115.846,115.918,115.822,115.911,1721970000,8
1721134080000,1721134559000,115.91,115.917,115.869,115.882,1484880000,8
1721134560000,1721135039000,115.881,115.903,115.833,115.865,1325460000,8
1721135040000,1721135519000,115.864,115.88,115.818,115.84,1034490000,8
1721135520000,1721135999000,115.838,115.853,115.793,115.797,930180000,8
1721136000000,1721136479000,115.796,115.796,115.733,115.784,904830000,8
1721136480000,1721136959000,115.786,115.847,115.774,115.803,1412070000,8
1721136960000,1721137439000,115.804,115.833,115.762,115.803,1550760000,8
1721137440000,1721137919000,115.805,115.88,115.797,115.861,1094940000,8
1721137920000,1721138399000,115.861,115.93,115.85,115.913,946260000,8
1721138400000,1721138879000,115.912,115.955,115.903,115.921,799410000,8
1721138880000,1721139359000,115.921,115.976,115.921,115.95,960480000,8
1721139360000,1721139839000,115.952,115.959,115.896,115.896,567780000,8
1721139840000,1721140319000,115.899,115.917,115.865,115.908,633900000,8
1721140320000,1721140799000,115.907,115.908,115.859,115.897,939540000,8
1721140800000,1721141279000,115.899,115.922,115.868,115.879,839460000,8
1721141280000,1721141759000,115.88,115.912,115.8,115.808,921990000,8
1721141760000,1721142239000,115.808,115.815,115.73,115.77,1255890000,8
1721142240000,1721142719000,115.776,115.861,115.773,115.852,689760000,8
1721142720000,1721143199000,115.857,115.871,115.818,115.866,595380000,8
1721143200000,1721143679000,115.865,115.867,115.817,115.858,506400000,8
1721143680000,1721144159000,115.858,115.866,115.798,115.832,526110000,8
1721144160000,1721144639000,115.832,115.862,115.823,115.85,438540000,8
1721144640000,1721145119000,115.851,115.866,115.837,115.864,353820000,8
1721145120000,1721145599000,115.863,115.868,115.826,115.844,335940000,8
1721145600000,1721146079000,115.846,115.858,115.832,115.842,379800000,8
1721146080000,1721146559000,115.842,115.883,115.826,115.872,515400000,8
1721146560000,1721147039000,115.871,115.88,115.856,115.873,416280000,8
1721147040000,1721147519000,115.873,115.877,115.838,115.852,265950000,8
1721147520000,1721147999000,115.852,115.854,115.828,115.846,289350000,8
1721148000000,1721148479000,115.847,115.847,115.811,115.829,294990000,8
1721148480000,1721148959000,115.832,115.855,115.82,115.854,349320000,8
1721148960000,1721149439000,115.854,115.871,115.851,115.86,344130000,8
1721149440000,1721149919000,115.863,115.892,115.843,115.851,303300000,8
1721149920000,1721150399000,115.85,115.856,115.83,115.841,303270000,8
1721150400000,1721150879000,115.839,115.882,115.839,115.881,177600000,8
1721150880000,1721151359000,115.882,115.889,115.868,115.876,276270000,8
1721151360000,1721151839000,115.876,115.88,115.861,115.877,186600000,8
1721151840000,1721152319000,115.878,115.878,115.834,115.842,273630000,8
1721152320000,1721152799000,115.843,115.865,115.842,115.861,208200000,8
1721152800000,1721153279000,115.859,115.859,115.823,115.824,180240000,8
1721153280000,1721153759000,115.824,115.83,115.812,115.825,175980000,8
1721153760000,1721154239000,115.823,115.841,115.813,115.828,144690000,8
1721154240000,1721154719000,115.83,115.842,115.822,115.837,185700000,8
1721154720000,1721155199000,115.838,115.849,115.808,115.814,274950000,8
1721155200000,1721155679000,115.813,115.826,115.779,115.799,412710000,8
1721155680000,1721156159000,115.796,115.803,115.779,115.79,364560000,8
1721156160000,1721156639000,115.79,115.798,115.751,115.787,624570000,8
1721156640000,1721157119000,115.789,115.812,115.778,115.809,333570000,8
1721157120000,1721157599000,115.809,115.841,115.796,115.808,343020000,8
1721157600000,1721158079000,115.809,115.818,115.799,115.807,295500000,8
1721158080000,1721158559000,115.807,115.823,115.797,115.813,411600000,8
1721158560000,1721159039000,115.812,115.823,115.783,115.786,263760000,8
1721159040000,1721159519000,115.786,115.805,115.779,115.801,396300000,8
1721159520000,1721159999000,115.8,115.861,115.786,115.859,464790000,8
1721160000000,1721160479000,115.857,115.859,115.798,115.798,217590000,8
1721160480000,1721160959000,115.796,115.817,115.796,115.817,117210000,8
1721160960000,1721161439000,115.818,115.835,115.812,115.829,126480000,8
1721161440000,1721161919000,115.83,115.855,115.824,115.84,180840000,8
1721161920000,1721162399000,115.84,115.863,115.836,115.838,175680000,8
1721162400000,1721162879000,115.84,115.851,115.816,115.827,211890000,8
1721162880000,1721163359000,115.827,115.827,115.802,115.809,225240000,8
1721163360000,1721163839000,115.81,115.838,115.74,115.741,299100000,8
1721163840000,1721164319000,115.732,115.774,115.716,115.772,95040000,8
1721164320000,1721164799000,115.774,115.783,115.741,115.748,158070000,8
1721164800000,1721165279000,115.749,115.768,115.742,115.762,119790000,8
1721165280000,1721165759000,115.762,115.786,115.758,115.778,422280000,8
1721165760000,1721166239000,115.778,115.779,115.766,115.767,432810000,8
1721166240000,1721166719000,115.775,115.786,115.767,115.784,575160000,8
1721166720000,1721167199000,115.783,115.793,115.769,115.769,747270000,8
1721167200000,1721167679000,115.77,115.802,115.767,115.788,259800000,8
1721167680000,1721168159000,115.785,115.825,115.785,115.824,81000000,8
1721168160000,1721168639000,115.826,115.844,115.821,115.835,125400000,8
1721168640000,1721169119000,115.841,115.847,115.825,115.827,135600000,8
1721169120000,1721169599000,115.827,115.833,115.802,115.811,137700000,8
1721169600000,1721170079000,115.81,115.829,115.803,115.803,369000000,8
1721170080000,1721170559000,115.805,115.821,115.803,115.82,252600000,8
1721170560000,1721171039000,115.821,115.84,115.799,115.804,229380000,8
1721171040000,1721171519000,115.806,115.811,115.786,115.797,219420000,8
1721171520000,1721171999000,115.798,115.821,115.788,115.801,183600000,8
1721172000000,1721172479000,115.801,115.821,115.799,115.812,132600000,8
1721172480000,1721172959000,115.811,115.831,115.807,115.821,164130000,8
1721172960000,1721173439000,115.819,115.83,115.815,115.829,176100000,8
1721173440000,1721173919000,115.827,115.839,115.821,115.83,142260000,8
1721173920000,1721174399000,115.829,115.844,115.816,115.838,190200000,8
1721174400000,1721174879000,115.836,115.861,115.801,115.849,596820000,8
1721174880000,1721175359000,115.85,115.902,115.833,115.869,545400000,8
1721175360000,1721175839000,115.869,115.898,115.844,115.846,588780000,8
1721175840000,1721176319000,115.845,115.869,115.832,115.84,312300000,8
1721176320000,1721176799000,115.84,115.851,115.82,115.835,315000000,8
1721176800000,1721177279000,115.833,115.861,115.819,115.841,393000000,8
1721177280000,1721177759000,115.84,115.893,115.837,115.864,917430000,8
1721177760000,1721178239000,115.864,115.907,115.851,115.858,607980000,8
1721178240000,1721178719000,115.857,115.931,115.822,115.898,747870000,8
1721178720000,1721179199000,115.896,115.909,115.873,115.875,522360000,8
1721179200000,1721179679000,115.875,115.922,115.852,115.91,497460000,8
1721179680000,1721180159000,115.909,115.931,115.892,115.905,309390000,8
1721180160000,1721180639000,115.903,115.919,115.881,115.885,285450000,8
1721180640000,1721181119000,115.884,115.904,115.878,115.899,141600000,8
1721181120000,1721181599000,115.896,115.9,115.867,115.879,288210000,8
1721181600000,1721182079000,115.881,115.896,115.865,115.869,299700000,8
1721182080000,1721182559000,115.867,115.901,115.865,115.898,270420000,8
1721182560000,1721183039000,115.897,115.907,115.873,115.879,371460000,8
1721183040000,1721183519000,115.882,115.889,115.85,115.853,317760000,8
1721183520000,1721183999000,115.856,115.857,115.829,115.831,226980000,8
1721184000000,1721184479000,115.833,115.86,115.823,115.858,216840000,8
1721184480000,1721184959000,115.857,115.882,115.857,115.878,215130000,8
1721184960000,1721185439000,115.875,115.891,115.858,115.858,343020000,8
1721185440000,1721185919000,115.861,115.88,115.858,115.872,129600000,8
1721185920000,1721186399000,115.873,115.876,115.859,115.859,94410000,8
1721186400000,1721186879000,115.861,115.881,115.856,115.876,123840000,8
1721186880000,1721187359000,115.877,115.892,115.874,115.875,128760000,8
1721187360000,1721187839000,115.872,115.88,115.818,115.818,193200000,8
1721187840000,1721188319000,115.818,115.822,115.786,115.819,251160000,8
1721188320000,1721188799000,115.819,115.839,115.811,115.835,220590000,8
1721188800000,1721189279000,115.833,115.839,115.811,115.82,192390000,8
1721189280000,1721189759000,115.82,115.832,115.816,115.828,177330000,8
1721189760000,1721190239000,115.828,115.842,115.825,115.829,141060000,8
1721190240000,1721190719000,115.828,115.833,115.799,115.8,99480000,8
1721190720000,1721191199000,115.801,115.819,115.78,115.78,184830000,8
1721191200000,1721191679000,115.781,115.784,115.713,115.737,412590000,8
1721191680000,1721192159000,115.736,115.749,115.721,115.735,140010000,8
1721192160000,1721192639000,115.737,115.739,115.655,115.657,429710000,8
1721192640000,1721193119000,115.657,115.685,115.634,115.682,450210000,8
1721193120000,1721193599000,115.682,115.701,115.681,115.69,246630000,8
1721193600000,1721194079000,115.691,115.712,115.673,115.675,226230000,8
1721194080000,1721194559000,115.674,115.697,115.64,115.696,296340000,8
1721194560000,1721195039000,115.694,115.72,115.691,115.702,210210000,8
1721195040000,1721195519000,115.703,115.703,115.577,115.577,568020000,8
1721195520000,1721195999000,115.575,115.583,115.431,115.436,1274790000,8
1721196000000,1721196479000,115.431,115.514,115.311,115.493,1673480000,8
1721196480000,1721196959000,115.492,115.54,115.49,115.531,748470000,8
1721196960000,1721197439000,115.532,115.564,115.43,115.444,919770000,8
1721197440000,1721197919000,115.441,115.441,115.371,115.383,1183980000,8
1721197920000,1721198399000,115.378,115.436,115.342,115.411,837150000,8
1721198400000,1721198879000,115.412,115.468,115.412,115.417,615060000,8
1721198880000,1721199359000,115.417,115.419,115.356,115.415,744600000,8
1721199360000,1721199839000,115.414,115.42,115.285,115.294,1176630000,8
1721199840000,1721200319000,115.293,115.337,115.178,115.18,1181910000,8
1721200320000,1721200799000,115.176,115.215,115.12,115.189,1670940000,8
1721200800000,1721201279000,115.19,115.205,115.002,115.027,1638840000,8
1721201280000,1721201759000,115.025,115.025,114.815,114.921,2405710000,8
1721201760000,1721202239000,114.917,114.939,114.832,114.922,1831440000,8
1721202240000,1721202719000,114.922,115.064,114.869,114.925,1563840000,8
1721202720000,1721203199000,114.927,114.961,114.832,114.846,1460850000,8
1721203200000,1721203679000,114.848,114.865,114.63,114.637,2140630000,8
1721203680000,1721204159000,114.636,114.681,114.553,114.633,1603950000,8
1721204160000,1721204639000,114.635,114.698,114.594,114.679,1254240000,8
1721204640000,1721205119000,114.678,114.708,114.574,114.606,1040010000,8
1721205120000,1721205599000,114.607,114.608,114.427,114.43,1695300000,8
1721205600000,1721206079000,114.433,114.465,114.261,114.388,1993440000,8
1721206080000,1721206559000,114.39,114.454,114.33,114.358,1432100000,8
1721206560000,1721207039000,114.36,114.395,114.244,114.379,1804550000,8
1721207040000,1721207519000,114.38,114.603,114.355,114.501,2297040000,8
1721207520000,1721207999000,114.5,114.589,114.487,114.523,1772160000,8
1721208000000,1721208479000,114.524,114.548,114.414,114.456,1366950000,8
1721208480000,1721208959000,114.457,114.543,114.39,114.473,1633140000,8
1721208960000,1721209439000,114.475,114.521,114.373,114.373,1186650000,8
1721209440000,1721209919000,114.372,114.509,114.35,114.472,1177800000,8
1721209920000,1721210399000,114.471,114.519,114.415,114.491,904620000,8
1721210400000,1721210879000,114.489,114.552,114.411,114.411,1064970000,8
1721210880000,1721211359000,114.412,114.489,114.355,114.484,763470000,8
1721211360000,1721211839000,114.486,114.521,114.435,114.476,708900000,8
1721211840000,1721212319000,114.478,114.529,114.469,114.499,591060000,8
1721212320000,1721212799000,114.497,114.576,114.474,114.575,720810000,8
1721212800000,1721213279000,114.576,114.664,114.557,114.638,986340000,8
1721213280000,1721213759000,114.637,114.67,114.554,114.67,791190000,8
1721213760000,1721214239000,114.669,114.704,114.629,114.677,580920000,8
1721214240000,1721214719000,114.676,114.677,114.587,114.595,642540000,8
1721214720000,1721215199000,114.592,114.594,114.497,114.509,813600000,8
1721215200000,1721215679000,114.509,114.571,114.494,114.551,645930000,8
1721215680000,1721216159000,114.55,114.566,114.506,114.522,517140000,8
1721216160000,1721216639000,114.521,114.523,114.394,114.42,977250000,8
1721216640000,1721217119000,114.418,114.459,114.383,114.452,851100000,8
1721217120000,1721217599000,114.453,114.483,114.421,114.476,668460000,8
1721217600000,1721218079000,114.475,114.532,114.456,114.528,803880000,8
1721218080000,1721218559000,114.528,114.547,114.481,114.498,728310000,8
1721218560000,1721219039000,114.497,114.531,114.465,114.488,891810000,8
1721219040000,1721219519000,114.487,114.584,114.469,114.57,632880000,8
1721219520000,1721219999000,114.568,114.593,114.453,114.506,1167600000,8
1721220000000,1721220479000,114.505,114.548,114.405,114.506,1195020000,8
1721220480000,1721220959000,114.505,114.521,114.455,114.489,960810000,8
1721220960000,1721221439000,114.49,114.551,114.444,114.483,1519320000,8
1721221440000,1721221919000,114.482,114.51,114.41,114.444,943560000,8
1721221920000,1721222399000,114.446,114.455,114.403,114.423,876750000,8
1721222400000,1721222879000,114.425,114.516,114.397,114.516,835260000,8
1721222880000,1721223359000,114.513,114.536,114.32,114.359,2346350000,8
1721223360000,1721223839000,114.357,114.41,114.274,114.362,2867640000,8
1721223840000,1721224319000,114.363,114.367,114.27,114.303,2028630000,8
1721224320000,1721224799000,114.305,114.443,114.296,114.365,1789110000,8
1721224800000,1721225279000,114.367,114.45,114.346,114.398,2186160000,8
1721225280000,1721225759000,114.398,114.467,114.352,114.446,2010060000,8
1721225760000,1721226239000,114.447,114.503,114.426,114.472,1697280000,8
1721226240000,1721226719000,114.47,114.508,114.4,114.441,1479780000,8
1721226720000,1721227199000,114.442,114.451,114.366,114.404,1429230000,8
1721227200000,1721227679000,114.406,114.481,114.362,114.466,1298910000,8
1721227680000,1721228159000,114.465,114.471,114.305,114.319,1364220000,8
1721228160000,1721228639000,114.319,114.358,114.283,114.342,1572960000,8
1721228640000,1721229119000,114.344,114.406,114.316,114.385,1406160000,8
1721229120000,1721229599000,114.387,114.438,114.376,114.414,1095000000,8
1721229600000,1721230079000,114.414,114.427,114.367,114.411,799710000,8
1721230080000,1721230559000,114.411,114.434,114.356,114.379,805320000,8
1721230560000,1721231039000,114.38,114.39,114.336,114.374,827010000,8
1721231040000,1721231519000,114.374,114.432,114.374,114.418,554400000,8
1721231520000,1721231999000,114.417,114.422,114.381,114.404,766110000,8
1721232000000,1721232479000,114.406,114.423,114.342,114.365,813420000,8
1721232480000,1721232959000,114.365,114.379,114.215,114.22,720240000,8
1721232960000,1721233439000,114.222,114.277,114.2,114.276,977820000,8
1721233440000,1721233919000,114.274,114.281,114.221,114.236,780660000,8
1721233920000,1721234399000,114.236,114.243,114.118,114.121,788100000,8
1721234400000,1721234879000,114.121,114.121,114.055,114.085,961830000,8
1721234880000,1721235359000,114.085,114.095,114.009,114.06,716250000,8
1721235360000,1721235839000,114.059,114.161,114.052,114.132,964170000,8
1721235840000,1721236319000,114.133,114.163,114.11,114.148,714750000,8
1721236320000,1721236799000,114.146,114.148,114.054,114.096,691380000,8
1721236800000,1721237279000,114.094,114.126,114.052,114.121,602280000,8
1721237280000,1721237759000,114.12,114.164,114.095,114.164,519990000,8
1721237760000,1721238239000,114.162,114.202,114.153,114.196,567870000,8
1721238240000,1721238719000,114.196,114.226,114.164,114.198,601560000,8
1721238720000,1721239199000,114.198,114.263,114.181,114.253,425400000,8
1721239200000,1721239679000,114.253,114.272,114.193,114.2,542580000,8
1721239680000,1721240159000,114.2,114.215,114.132,114.15,605280000,8
1721240160000,1721240639000,114.151,114.167,114.102,114.118,552330000,8
1721240640000,1721241119000,114.121,114.129,114.077,114.089,660810000,8
1721241120000,1721241599000,114.091,114.136,114.091,114.129,517380000,8
1721241600000,1721242079000,114.13,114.149,114.114,114.122,416550000,8
1721242080000,1721242559000,114.123,114.126,114.081,114.089,481080000,8
1721242560000,1721243039000,114.088,114.088,114.018,114.054,815520000,8
1721243040000,1721243519000,114.055,114.09,114.042,114.07,425850000,8
1721243520000,1721243999000,114.067,114.07,114.033,114.04,493770000,8
1721244000000,1721244479000,114.039,114.122,114.038,114.117,543240000,8
1721244480000,1721244959000,114.113,114.116,114.079,114.094,410640000,8
1721244960000,1721245439000,114.096,114.112,114.078,114.102,309030000,8
1721245440000,1721245919000,114.104,114.144,114.1,114.139,416970000,8
1721245920000,1721246399000,114.14,114.149,114.1,114.106,408180000,8
1721246400000,1721246879000,114.104,114.127,114.072,114.12,235080000,8
1721246880000,1721247359000,114.119,114.144,114.099,114.135,160200000,8
1721247360000,1721247839000,114.134,114.182,114.131,114.175,183600000,8
1721247840000,1721248319000,114.177,114.23,114.164,114.229,172260000,8
1721248320000,1721248799000,114.227,114.246,114.219,114.239,279060000,8
1721248800000,1721249279000,114.237,114.243,114.203,114.214,134340000,8
1721249280000,1721249759000,114.218,114.228,114.168,114.179,226620000,8
1721249760000,1721250239000,114.182,114.192,114.042,114.05,276780000,8
1721250240000,1721250719000,114.05,114.114,114.022,114.069,120510000,8
1721250720000,1721251199000,114.102,114.127,114.091,114.114,65580000,8
1721251200000,1721251679000,114.114,114.126,114.114,114.125,30000000,8
1721251680000,1721252159000,114.125,114.125,114.111,114.117,108600000,8
1721252160000,1721252639000,114.117,114.127,114.114,114.123,228750000,8
1721252640000,1721253119000,114.123,114.133,114.119,114.131,411060000,8
1721253120000,1721253599000,114.131,114.135,114.088,114.101,389250000,8
1721253600000,1721254079000,114.101,114.171,114.091,114.133,256560000,8
1721254080000,1721254559000,114.133,114.138,114.037,114.048,212250000,8
1721254560000,1721255039000,114.05,114.095,113.998,114.049,636450000,8
1721255040000,1721255519000,114.055,114.058,114.021,114.03,624900000,8
1721255520000,1721255999000,114.032,114.118,114.029,114.094,651150000,8
1721256000000,1721256479000,114.093,114.209,114.087,114.181,594660000,8
1721256480000,1721256959000,114.178,114.198,114.143,114.184,616050000,8
1721256960000,1721257439000,114.184,114.206,114.147,114.166,695280000,8
1721257440000,1721257919000,114.167,114.168,113.822,113.94,2074410000,8
1721257920000,1721258399000,113.929,113.964,113.838,113.873,1220770000,8
1721258400000,1721258879000,113.873,113.919,113.845,113.879,495300000,8
1721258880000,1721259359000,113.878,113.886,113.713,113.753,1384320000,8
1721259360000,1721259839000,113.75,113.77,113.577,113.59,1625610000,8
1721259840000,1721260319000,113.589,113.739,113.569,113.721,1028400000,8
1721260320000,1721260799000,113.722,113.833,113.701,113.806,1191960000,8
1721260800000,1721261279000,113.801,113.912,113.704,113.839,1459170000,8
1721261280000,1721261759000,113.84,113.856,113.732,113.775,1161960000,8
1721261760000,1721262239000,113.776,113.803,113.722,113.744,935910000,8
1721262240000,1721262719000,113.742,113.751,113.665,113.709,1145220000,8
1721262720000,1721263199000,113.711,113.77,113.701,113.744,1053000000,8
1721263200000,1721263679000,113.744,113.793,113.725,113.75,935850000,8
1721263680000,1721264159000,113.747,113.838,113.715,113.837,1218180000,8
1721264160000,1721264639000,113.834,113.881,113.816,113.83,785790000,8
1721264640000,1721265119000,113.833,113.916,113.793,113.887,902880000,8
1721265120000,1721265599000,113.894,113.984,113.874,113.957,801540000,8
1721265600000,1721266079000,113.959,113.967,113.918,113.93,809550000,8
1721266080000,1721266559000,113.93,114.002,113.923,113.965,629070000,8
1721266560000,1721267039000,113.964,114.114,113.957,114.09,1037580000,8
1721267040000,1721267519000,114.084,114.219,114.071,114.184,1162830000,8
1721267520000,1721267999000,114.181,114.215,114.152,114.196,794940000,8
1721268000000,1721268479000,114.202,114.324,114.202,114.292,981660000,8
1721268480000,1721268959000,114.292,114.297,114.207,114.215,650130000,8
1721268960000,1721269439000,114.216,114.256,114.21,114.25,483180000,8
1721269440000,1721269919000,114.25,114.25,114.129,114.149,663600000,8
1721269920000,1721270399000,114.15,114.232,114.148,114.224,554160000,8
1721270400000,1721270879000,114.223,114.271,114.198,114.262,417480000,8
1721270880000,1721271359000,114.261,114.302,114.244,114.258,565290000,8
1721271360000,1721271839000,114.259,114.271,114.249,114.263,451200000,8
1721271840000,1721272319000,114.262,114.312,114.26,114.29,278640000,8
1721272320000,1721272799000,114.294,114.386,114.29,114.384,435720000,8
1721272800000,1721273279000,114.381,114.384,114.344,114.357,429000000,8
1721273280000,1721273759000,114.356,114.38,114.319,114.324,423720000,8
1721273760000,1721274239000,114.325,114.362,114.305,114.362,305130000,8
1721274240000,1721274719000,114.359,114.44,114.35,114.397,500190000,8
1721274720000,1721275199000,114.398,114.401,114.338,114.338,435360000,8
1721275200000,1721275679000,114.338,114.418,114.337,114.416,392340000,8
1721275680000,1721276159000,114.418,114.42,114.352,114.366,435360000,8
1721276160000,1721276639000,114.367,114.382,114.176,114.26,888570000,8
1721276640000,1721277119000,114.264,114.365,114.264,114.354,738460000,8
1721277120000,1721277599000,114.359,114.361,114.309,114.328,332400000,8
1721277600000,1721278079000,114.327,114.328,114.269,114.302,297540000,8
1721278080000,1721278559000,114.303,114.308,114.25,114.259,450240000,8
1721278560000,1721279039000,114.258,114.31,114.255,114.265,355830000,8
1721279040000,1721279519000,114.265,114.363,114.25,114.342,578220000,8
1721279520000,1721279999000,114.341,114.349,114.279,114.291,424500000,8
1721280000000,1721280479000,114.293,114.295,114.227,114.243,343290000,8
1721280480000,1721280959000,114.241,114.272,114.222,114.225,480780000,8
1721280960000,1721281439000,114.231,114.232,113.895,114.051,1579110000,8
1721281440000,1721281919000,114.053,114.153,114.043,114.147,1046940000,8
1721281920000,1721282399000,114.147,114.161,114.062,114.062,641160000,8
1721282400000,1721282879000,114.061,114.153,114.027,114.105,998970000,8
1721282880000,1721283359000,114.107,114.194,114.1,114.156,1112280000,8
1721283360000,1721283839000,114.155,114.271,114.153,114.256,1190820000,8
1721283840000,1721284319000,114.257,114.302,114.206,114.301,1020870000,8
1721284320000,1721284799000,114.301,114.347,114.271,114.336,1030710000,8
1721284800000,1721285279000,114.338,114.338,114.249,114.253,696960000,8
1721285280000,1721285759000,114.254,114.274,114.228,114.26,509280000,8
1721285760000,1721286239000,114.264,114.28,114.047,114.062,1313820000,8
1721286240000,1721286719000,114.069,114.172,114.041,114.163,1038990000,8
1721286720000,1721287199000,114.165,114.236,114.157,114.233,865890000,8
1721287200000,1721287679000,114.234,114.24,114.127,114.166,1075890000,8
1721287680000,1721288159000,114.168,114.189,114.103,114.14,1095660000,8
1721288160000,1721288639000,114.139,114.191,114.133,114.151,764490000,8
1721288640000,1721289119000,114.15,114.169,114.097,114.151,748920000,8
1721289120000,1721289599000,114.148,114.265,114.129,114.262,819030000,8
1721289600000,1721290079000,114.261,114.312,114.233,114.306,824970000,8
1721290080000,1721290559000,114.301,114.314,114.223,114.28,923070000,8
1721290560000,1721291039000,114.28,114.315,114.222,114.314,1063560000,8
1721291040000,1721291519000,114.312,114.382,114.291,114.362,913410000,8
1721291520000,1721291999000,114.364,114.445,114.362,114.419,1101090000,8
1721292000000,1721292479000,114.42,114.473,114.392,114.42,1133490000,8
1721292480000,1721292959000,114.421,114.494,114.421,114.447,1197640000,8
1721292960000,1721293439000,114.45,114.464,114.368,114.371,1041830000,8
1721293440000,1721293919000,114.371,114.399,114.318,114.337,1243320000,8
1721293920000,1721294399000,114.338,114.362,114.313,114.326,710130000,8
1721294400000,1721294879000,114.327,114.4,114.32,114.399,633390000,8
1721294880000,1721295359000,114.4,114.438,114.394,114.396,634750000,8
1721295360000,1721295839000,114.396,114.44,114.379,114.435,557490000,8
1721295840000,1721296319000,114.437,114.437,114.387,114.402,271920000,8
1721296320000,1721296799000,114.403,114.435,114.399,114.435,357510000,8
1721296800000,1721297279000,114.436,114.436,114.375,114.382,613050000,8
1721297280000,1721297759000,114.384,114.384,114.35,114.376,449820000,8
1721297760000,1721298239000,114.377,114.377,114.34,114.345,385050000,8
1721298240000,1721298719000,114.346,114.387,114.346,114.374,372510000,8
1721298720000,1721299199000,114.374,114.381,114.346,114.36,274200000,8
1721299200000,1721299679000,114.359,114.369,114.295,114.322,473640000,8
1721299680000,1721300159000,114.321,114.343,114.295,114.335,326430000,8
1721300160000,1721300639000,114.336,114.354,114.325,114.334,318570000,8
1721300640000,1721301119000,114.336,114.35,114.308,114.35,443910000,8
1721301120000,1721301599000,114.351,114.371,114.347,114.347,295590000,8
1721301600000,1721302079000,114.346,114.367,114.336,114.361,249540000,8
1721302080000,1721302559000,114.358,114.385,114.356,114.374,356760000,8
1721302560000,1721303039000,114.373,114.373,114.351,114.369,261960000,8
1721303040000,1721303519000,114.37,114.418,114.37,114.409,406200000,8
1721303520000,1721303999000,114.408,114.415,114.368,114.4,359580000,8
1721304000000,1721304479000,114.401,114.412,114.366,114.395,483360000,8
1721304480000,1721304959000,114.394,114.394,114.366,114.381,519370000,8
1721304960000,1721305439000,114.383,114.392,114.347,114.358,671280000,8
1721305440000,1721305919000,114.356,114.367,114.175,114.26,1121490000,8
1721305920000,1721306399000,114.261,114.281,114.204,114.259,1575370000,8
1721306400000,1721306879000,114.26,114.446,114.235,114.413,1545030000,8
1721306880000,1721307359000,114.412,114.435,114.34,114.359,1241220000,8
1721307360000,1721307839000,114.358,114.391,114.293,114.304,1409610000,8
1721307840000,1721308319000,114.305,114.365,114.263,114.365,1905510000,8
1721308320000,1721308799000,114.366,114.387,114.322,114.352,1301880000,8
1721308800000,1721309279000,114.351,114.402,114.334,114.363,975360000,8
1721309280000,1721309759000,114.366,114.393,114.345,114.35,1352730000,8
1721309760000,1721310239000,114.35,114.375,114.311,114.322,1052730000,8
1721310240000,1721310719000,114.321,114.322,114.252,114.272,1015080000,8
1721310720000,1721311199000,114.274,114.459,114.267,114.414,1128180000,8
1721311200000,1721311679000,114.412,114.519,114.39,114.398,1503310000,8
1721311680000,1721312159000,114.397,114.444,114.388,114.433,1186680000,8
1721312160000,1721312639000,114.432,114.494,114.432,114.467,820380000,8
1721312640000,1721313119000,114.468,114.501,114.452,114.46,812250000,8
1721313120000,1721313599000,114.459,114.466,114.371,114.394,1059780000,8
1721313600000,1721314079000,114.393,114.393,114.27,114.288,1345130000,8
1721314080000,1721314559000,114.283,114.497,114.281,114.473,1495890000,8
1721314560000,1721315039000,114.474,114.561,114.468,114.476,1840640000,8
1721315040000,1721315519000,114.476,114.569,114.474,114.52,1233930000,8
1721315520000,1721315999000,114.519,114.547,114.451,114.452,973650000,8
1721316000000,1721316479000,114.451,114.495,114.42,114.427,887190000,8
1721316480000,1721316959000,114.427,114.507,114.426,114.507,745260000,8
1721316960000,1721317439000,114.502,114.631,114.483,114.588,1208430000,8
1721317440000,1721317919000,114.589,114.609,114.545,114.574,634800000,8
1721317920000,1721318399000,114.573,114.627,114.566,114.613,520530000,8
1721318400000,1721318879000,114.611,114.636,114.572,114.598,622410000,8
1721318880000,1721319359000,114.597,114.598,114.517,114.532,542610000,8
1721319360000,1721319839000,114.529,114.575,114.511,114.532,444030000,8
1721319840000,1721320319000,114.532,114.616,114.515,114.6,512970000,8
1721320320000,1721320799000,114.6,114.681,114.586,114.657,617580000,8
1721320800000,1721321279000,114.655,114.709,114.634,114.68,640200000,8
1721321280000,1721321759000,114.682,114.72,114.674,114.688,374310000,8
1721321760000,1721322239000,114.69,114.769,114.69,114.743,564360000,8
1721322240000,1721322719000,114.742,114.743,114.689,114.718,680220000,8
1721322720000,1721323199000,114.719,114.773,114.714,114.728,552060000,8
1721323200000,1721323679000,114.729,114.782,114.72,114.777,481050000,8
1721323680000,1721324159000,114.778,114.785,114.751,114.767,330930000,8
1721324160000,1721324639000,114.768,114.796,114.764,114.765,420870000,8
1721324640000,1721325119000,114.765,114.821,114.764,114.768,483900000,8
1721325120000,1721325599000,114.768,114.785,114.735,114.753,476550000,8
1721325600000,1721326079000,114.754,114.76,114.7,114.726,855360000,8
1721326080000,1721326559000,114.726,114.754,114.687,114.697,537720000,8
1721326560000,1721327039000,114.695,114.695,114.63,114.652,435690000,8
1721327040000,1721327519000,114.652,114.675,114.644,114.66,511590000,8
1721327520000,1721327999000,114.662,114.713,114.658,114.687,413940000,8
1721328000000,1721328479000,114.688,114.711,114.681,114.691,346440000,8
1721328480000,1721328959000,114.694,114.752,114.685,114.748,463320000,8
1721328960000,1721329439000,114.746,114.76,114.709,114.755,535350000,8
1721329440000,1721329919000,114.755,114.793,114.739,114.763,856620000,8
1721329920000,1721330399000,114.763,114.787,114.747,114.759,433650000,8
1721330400000,1721330879000,114.76,114.76,114.73,114.745,492870000,8
1721330880000,1721331359000,114.746,114.772,114.735,114.735,741270000,8
1721331360000,1721331839000,114.733,114.783,114.72,114.767,361500000,8
1721331840000,1721332319000,114.766,114.821,114.754,114.788,389580000,8
1721332320000,1721332799000,114.79,114.79,114.745,114.752,448110000,8
1721332800000,1721333279000,114.753,114.782,114.741,114.75,209430000,8
1721333280000,1721333759000,114.75,114.763,114.743,114.757,106470000,8
1721333760000,1721334239000,114.758,114.776,114.751,114.775,114360000,8
1721334240000,1721334719000,114.775,114.818,114.773,114.813,134850000,8
1721334720000,1721335199000,114.814,114.826,114.809,114.82,116970000,8
1721335200000,1721335679000,114.819,114.833,114.811,114.832,122370000,8
1721335680000,1721336159000,114.83,114.845,114.825,114.827,127680000,8
1721336160000,1721336639000,114.829,114.829,114.71,114.71,121740000,8
1721336640000,1721337119000,114.689,114.799,114.689,114.777,151500000,8
1721337120000,1721337599000,114.776,114.785,114.775,114.777,19800000,8
1721337600000,1721338079000,114.777,114.777,114.751,114.767,80400000,8
1721338080000,1721338559000,114.769,114.787,114.761,114.784,213300000,8
1721338560000,1721339039000,114.785,114.798,114.769,114.792,262200000,8
1721339040000,1721339519000,114.787,114.813,114.754,114.756,239250000,8
1721339520000,1721339999000,114.756,114.795,114.749,114.789,124560000,8
1721340000000,1721340479000,114.782,114.806,114.738,114.765,531630000,8
1721340480000,1721340959000,114.765,114.78,114.746,114.751,267840000,8
1721340960000,1721341439000,114.751,114.792,114.745,114.791,291600000,8
1721341440000,1721341919000,114.791,114.791,114.747,114.781,367800000,8
1721341920000,1721342399000,114.78,114.788,114.752,114.762,318000000,8
1721342400000,1721342879000,114.763,114.794,114.76,114.787,103800000,8
1721342880000,1721343359000,114.79,114.799,114.763,114.771,148800000,8
1721343360000,1721343839000,114.771,114.78,114.729,114.737,198720000,8
1721343840000,1721344319000,114.739,114.758,114.724,114.745,181230000,8
1721344320000,1721344799000,114.743,114.75,114.727,114.736,165000000,8
1721344800000,1721345279000,114.734,114.748,114.717,114.722,129600000,8
1721345280000,1721345759000,114.722,114.747,114.698,114.708,269610000,8
1721345760000,1721346239000,114.707,114.722,114.694,114.695,203850000,8
1721346240000,1721346719000,114.694,114.694,114.659,114.682,400290000,8
1721346720000,1721347199000,114.682,114.698,114.657,114.693,515760000,8
1721347200000,1721347679000,114.695,114.695,114.549,114.585,1158210000,8
1721347680000,1721348159000,114.584,114.721,114.584,114.684,906840000,8
1721348160000,1721348639000,114.683,114.757,114.683,114.735,585480000,8
1721348640000,1721349119000,114.734,114.816,114.73,114.776,790740000,8
1721349120000,1721349599000,114.775,114.816,114.757,114.796,600720000,8
1721349600000,1721350079000,114.795,114.831,114.762,114.77,586420000,8
1721350080000,1721350559000,114.77,114.806,114.711,114.742,1355910000,8
1721350560000,1721351039000,114.744,114.756,114.686,114.727,882060000,8
1721351040000,1721351519000,114.729,114.758,114.69,114.734,703620000,8
1721351520000,1721351999000,114.732,114.738,114.688,114.707,504420000,8
1721352000000,1721352479000,114.709,114.788,114.689,114.786,535920000,8
1721352480000,1721352959000,114.787,114.828,114.784,114.804,610770000,8
1721352960000,1721353439000,114.803,114.869,114.786,114.862,571590000,8
1721353440000,1721353919000,114.861,114.921,114.854,114.858,786840000,8
1721353920000,1721354399000,114.856,114.875,114.818,114.852,588030000,8
1721354400000,1721354879000,114.853,114.865,114.792,114.809,521190000,8
1721354880000,1721355359000,114.809,114.884,114.804,114.869,625560000,8
1721355360000,1721355839000,114.867,114.878,114.834,114.84,490020000,8
1721355840000,1721356319000,114.84,114.906,114.829,114.832,531540000,8
1721356320000,1721356799000,114.832,114.88,114.822,114.868,358980000,8
1721356800000,1721357279000,114.868,114.932,114.868,114.883,401520000,8
1721357280000,1721357759000,114.883,114.91,114.861,114.908,218010000,8
1721357760000,1721358239000,114.909,114.909,114.86,114.86,230040000,8
1721358240000,1721358719000,114.862,114.888,114.843,114.853,276930000,8
1721358720000,1721359199000,114.852,114.867,114.834,114.863,246690000,8
1721359200000,1721359679000,114.862,114.865,114.835,114.84,145200000,8
1721359680000,1721360159000,114.841,114.861,114.79,114.82,378450000,8
1721360160000,1721360639000,114.82,114.823,114.786,114.788,254100000,8
1721360640000,1721361119000,114.789,114.826,114.789,114.816,160770000,8
1721361120000,1721361599000,114.814,114.823,114.794,114.814,210690000,8
1721361600000,1721362079000,114.814,114.832,114.808,114.828,165240000,8
1721362080000,1721362559000,114.829,114.847,114.817,114.837,187800000,8
1721362560000,1721363039000,114.839,114.868,114.836,114.857,230640000,8
1721363040000,1721363519000,114.859,114.875,114.853,114.872,129090000,8
1721363520000,1721363999000,114.871,114.873,114.845,114.854,114360000,8
1721364000000,1721364479000,114.854,114.854,114.835,114.849,270150000,8
1721364480000,1721364959000,114.85,114.862,114.843,114.858,220800000,8
1721364960000,1721365439000,114.86,115.056,114.86,115.011,1005870000,8
1721365440000,1721365919000,115.011,115.067,115.01,115.028,672660000,8
1721365920000,1721366399000,115.027,115.093,115.023,115.046,853590000,8
1721366400000,1721366879000,115.044,115.089,115.04,115.062,528960000,8
1721366880000,1721367359000,115.061,115.119,115.056,115.092,474900000,8
1721367360000,1721367839000,115.094,115.167,115.085,115.148,668160000,8
1721367840000,1721368319000,115.149,115.161,115.125,115.144,555240000,8
1721368320000,1721368799000,115.144,115.172,115.111,115.128,508560000,8
1721368800000,1721369279000,115.124,115.128,115.078,115.121,615510000,8
1721369280000,1721369759000,115.119,115.133,115.089,115.112,460260000,8
1721369760000,1721370239000,115.112,115.136,115.081,115.136,516330000,8
1721370240000,1721370719000,115.135,115.139,115.091,115.099,400140000,8
1721370720000,1721371199000,115.102,115.109,114.927,114.949,882270000,8
1721371200000,1721371679000,114.95,115.018,114.947,114.982,785160000,8
1721371680000,1721372159000,114.981,114.984,114.63,114.745,1605650000,8
1721372160000,1721372639000,114.745,114.766,114.507,114.545,2552910000,8
1721372640000,1721373119000,114.545,114.661,114.527,114.587,1736070000,8
1721373120000,1721373599000,114.592,114.69,114.56,114.661,1270110000,8
1721373600000,1721374079000,114.661,114.763,114.606,114.743,1402950000,8
1721374080000,1721374559000,114.741,114.821,114.714,114.81,1300410000,8
1721374560000,1721375039000,114.81,114.885,114.746,114.769,1390410000,8
1721375040000,1721375519000,114.77,114.817,114.746,114.757,947430000,8
1721375520000,1721375999000,114.756,114.801,114.722,114.728,903030000,8
1721376000000,1721376479000,114.724,114.81,114.723,114.773,782250000,8
1721376480000,1721376959000,114.774,114.784,114.658,114.698,717300000,8
1721376960000,1721377439000,114.7,114.706,114.57,114.608,906720000,8
1721377440000,1721377919000,114.608,114.635,114.583,114.618,729510000,8
1721377920000,1721378399000,114.619,114.648,114.606,114.629,618450000,8
1721378400000,1721378879000,114.629,114.678,114.615,114.65,529560000,8
1721378880000,1721379359000,114.657,114.706,114.621,114.627,746010000,8
1721379360000,1721379839000,114.626,114.672,114.601,114.655,671280000,8
1721379840000,1721380319000,114.658,114.671,114.592,114.613,454260000,8
1721380320000,1721380799000,114.612,114.629,114.563,114.629,473880000,8
1721380800000,1721381279000,114.63,114.643,114.587,114.638,425760000,8
1721381280000,1721381759000,114.639,114.708,114.637,114.702,560160000,8
1721381760000,1721382239000,114.703,114.712,114.673,114.705,476250000,8
1721382240000,1721382719000,114.705,114.734,114.667,114.719,533100000,8
1721382720000,1721383199000,114.719,114.753,114.693,114.7,368310000,8
1721383200000,1721383679000,114.699,114.807,114.699,114.802,484440000,8
1721383680000,1721384159000,114.803,114.85,114.787,114.847,484530000,8
1721384160000,1721384639000,114.848,114.885,114.829,114.864,617940000,8
1721384640000,1721385119000,114.862,114.889,114.855,114.867,439020000,8
1721385120000,1721385599000,114.869,114.877,114.842,114.845,306810000,8
1721385600000,1721386079000,114.844,114.851,114.782,114.784,226320000,8
1721386080000,1721386559000,114.785,114.795,114.759,114.781,266160000,8
1721386560000,1721387039000,114.782,114.826,114.778,114.826,406080000,8
1721387040000,1721387519000,114.831,114.872,114.806,114.839,453060000,8
1721387520000,1721387999000,114.838,114.844,114.805,114.843,402930000,8
1721388000000,1721388479000,114.844,114.867,114.837,114.866,312120000,8
1721388480000,1721388959000,114.867,114.886,114.847,114.861,494040000,8
1721388960000,1721389439000,114.862,114.871,114.818,114.836,291810000,8
1721389440000,1721389919000,114.835,114.838,114.773,114.777,338250000,8
1721389920000,1721390399000,114.777,114.834,114.731,114.834,424800000,8
1721390400000,1721390879000,114.836,114.878,114.793,114.871,773940000,8
1721390880000,1721391359000,114.871,114.895,114.852,114.895,675120000,8
1721391360000,1721391839000,114.896,114.962,114.872,114.931,727620000,8
1721391840000,1721392319000,114.933,114.947,114.836,114.842,640980000,8
1721392320000,1721392799000,114.842,114.857,114.809,114.825,916350000,8
1721392800000,1721393279000,114.824,114.86,114.822,114.857,662880000,8
1721393280000,1721393759000,114.858,114.888,114.846,114.87,581730000,8
1721393760000,1721394239000,114.869,114.909,114.855,114.863,764460000,8
1721394240000,1721394719000,114.862,114.872,114.825,114.83,556890000,8
1721394720000,1721395199000,114.83,114.838,114.759,114.761,574110000,8
1721395200000,1721395679000,114.76,114.766,114.577,114.578,1579680000,8
1721395680000,1721396159000,114.576,114.647,114.519,114.565,1601700000,8
1721396160000,1721396639000,114.565,114.755,114.549,114.701,1608420000,8
1721396640000,1721397119000,114.699,114.755,114.659,114.746,1544670000,8
1721397120000,1721397599000,114.745,114.785,114.729,114.759,1149300000,8
1721397600000,1721398079000,114.757,114.779,114.731,114.746,1165260000,8
1721398080000,1721398559000,114.747,114.799,114.727,114.747,1139100000,8
1721398560000,1721399039000,114.748,114.755,114.683,114.721,1004190000,8
1721399040000,1721399519000,114.722,114.734,114.621,114.628,987930000,8
1721399520000,1721399999000,114.631,114.753,114.606,114.745,1198170000,8
1721400000000,1721400479000,114.743,114.744,114.613,114.617,936960000,8
1721400480000,1721400959000,114.617,114.655,114.569,114.609,1467270000,8
1721400960000,1721401439000,114.611,114.667,114.588,114.642,1027230000,8
1721401440000,1721401919000,114.643,114.658,114.614,114.617,830160000,8
1721401920000,1721402399000,114.619,114.622,114.582,114.617,550320000,8
1721402400000,1721402879000,114.616,114.666,114.603,114.618,646800000,8
1721402880000,1721403359000,114.619,114.621,114.555,114.581,642420000,8
1721403360000,1721403839000,114.58,114.624,114.562,114.609,635190000,8
1721403840000,1721404319000,114.607,114.686,114.598,114.68,719790000,8
1721404320000,1721404799000,114.681,114.687,114.645,114.667,572130000,8
1721404800000,1721405279000,114.665,114.684,114.658,114.668,476610000,8
1721405280000,1721405759000,114.666,114.694,114.661,114.676,380520000,8
1721405760000,1721406239000,114.674,114.702,114.647,114.672,473520000,8
1721406240000,1721406719000,114.672,114.673,114.648,114.665,382680000,8
1721406720000,1721407199000,114.668,114.682,114.652,114.661,367020000,8
1721407200000,1721407679000,114.662,114.67,114.623,114.637,271290000,8
1721407680000,1721408159000,114.637,114.647,114.62,114.621,327540000,8
1721408160000,1721408639000,114.621,114.642,114.599,114.602,355530000,8
1721408640000,1721409119000,114.6,114.655,114.6,114.632,416010000,8
1721409120000,1721409599000,114.63,114.647,114.624,114.628,375150000,8
1721409600000,1721410079000,114.628,114.634,114.586,114.628,589800000,8
1721410080000,1721410559000,114.628,114.643,114.623,114.632,523200000,8
1721410560000,1721411039000,114.632,114.665,114.628,114.636,460890000,8
1721411040000,1721411519000,114.639,114.693,114.639,114.68,462600000,8
1721411520000,1721411999000,114.684,114.7,114.672,114.699,385800000,8
1721412000000,1721412479000,114.698,114.699,114.673,114.688,525000000,8
1721412480000,1721412959000,114.685,114.696,114.668,114.691,314400000,8
1721412960000,1721413439000,114.689,114.691,114.657,114.687,346500000,8
1721413440000,1721413919000,114.687,114.723,114.679,114.694,401370000,8
1721413920000,1721414399000,114.694,114.699,114.659,114.668,396240000,8
1721414400000,1721414879000,114.668,114.689,114.637,114.646,438240000,8
1721414880000,1721415359000,114.647,114.699,114.645,114.699,358680000,8
1721415360000,1721415839000,114.699,114.726,114.691,114.714,394380000,8
1721415840000,1721416319000,114.715,114.741,114.715,114.731,430290000,8
1721416320000,1721416799000,114.731,114.739,114.723,114.737,274800000,8
1721416800000,1721417279000,114.737,114.745,114.728,114.737,242160000,8
1721417280000,1721417759000,114.737,114.738,114.705,114.707,436170000,8
1721417760000,1721418239000,114.707,114.707,114.673,114.675,331020000,8
1721418240000,1721418719000,114.676,114.686,114.67,114.679,310920000,8
1721418720000,1721419199000,114.678,114.706,114.666,114.696,371460000,8
1721419200000,1721419679000,114.698,114.72,114.679,114.717,227610000,8
1721419680000,1721420159000,114.716,114.72,114.688,114.69,193530000,8
1721420160000,1721420639000,114.688,114.702,114.676,114.698,144090000,8
1721420640000,1721421119000,114.695,114.702,114.667,114.675,167280000,8
1721421120000,1721421599000,114.674,114.698,114.672,114.672,176160000,8
1721421600000,1721422079000,114.673,114.684,114.658,114.675,180510000,8
1721422080000,1721422559000,114.675,114.703,114.669,114.699,176970000,8
1721422560000,1721423039000,114.704,114.725,114.645,114.721,194730000,8
1721423040000,1721423519000,114.721,114.721,114.721,114.721,0,8
1721423520000,1721423999000,114.721,114.721,114.721,114.721,0,8
1721424000000,1721424479000,114.721,114.721,114.721,114.721,0,8
1721424480000,1721424959000,114.721,114.721,114.721,114.721,0,8
1721424960000,1721425439000,114.721,114.721,114.721,114.721,0,8
1721425440000,1721425919000,114.721,114.721,114.721,114.721,0,8
1721425920000,1721426399000,114.721,114.721,114.721,114.721,0,8
1721426400000,1721426879000,114.721,114.721,114.721,114.721,0,8
1721426880000,1721427359000,114.721,114.721,114.721,114.721,0,8
1721427360000,1721427839000,114.721,114.721,114.721,114.721,0,8
1721427840000,1721428319000,114.721,114.721,114.721,114.721,0,8
1721428320000,1721428799000,114.721,114.721,114.721,114.721,0,8
1721428800000,1721429279000,114.721,114.721,114.721,114.721,0,8
1721429280000,1721429759000,114.721,114.721,114.721,114.721,0,8
1721429760000,1721430239000,114.721,114.721,114.721,114.721,0,8
1721430240000,1721430719000,114.721,114.721,114.721,114.721,0,8
1721430720000,1721431199000,114.721,114.721,114.721,114.721,0,8
1721431200000,1721431679000,114.721,114.721,114.721,114.721,0,8
1721431680000,1721432159000,114.721,114.721,114.721,114.721,0,8
1721432160000,1721432639000,114.721,114.721,114.721,114.721,0,8
1721432640000,1721433119000,114.721,114.721,114.721,114.721,0,8
1721433120000,1721433599000,114.721,114.721,114.721,114.721,0,8
1721595840000,1721596319000,114.646,114.658,114.594,114.622,88530000,8
1721597280000,1721597759000,114.646,114.697,114.646,114.681,135810000,8
1721597760000,1721598239000,114.68,114.714,114.662,114.689,100500000,8
1721598720000,1721599199000,114.659,114.669,114.625,114.664,142950000,8
1721599200000,1721599679000,114.666,114.787,114.65,114.772,297720000,8
1721599680000,1721600159000,114.771,114.78,114.704,114.718,303900000,8
1721600160000,1721600639000,114.718,114.73,114.71,114.723,880440000,8
1721600640000,1721601119000,114.726,114.763,114.726,114.759,119400000,8
1721601120000,1721601599000,114.76,114.771,114.704,114.73,217200000,8
1721601600000,1721602079000,114.731,114.741,114.714,114.718,108000000,8
1721602080000,1721602559000,114.723,114.735,114.679,114.727,136800000,8
1721602560000,1721603039000,114.725,114.742,114.647,114.689,427350000,8
1721603040000,1721603519000,114.69,114.722,114.668,114.687,286200000,8
1721603520000,1721603999000,114.688,114.733,114.68,114.721,208650000,8
1721604000000,1721604479000,114.722,114.741,114.714,114.717,244530000,8
1721604480000,1721604959000,114.717,114.724,114.663,114.663,214770000,8
1721604960000,1721605439000,114.653,114.722,114.652,114.719,221190000,8
1721605440000,1721605919000,114.72,114.805,114.718,114.797,566730000,8
1721605920000,1721606399000,114.8,114.841,114.789,114.835,591600000,8
1721606400000,1721606879000,114.834,114.844,114.773,114.844,862380000,8
1721606880000,1721607359000,114.844,114.846,114.75,114.75,805800000,8
1721607360000,1721607839000,114.749,114.809,114.744,114.793,467640000,8
1721607840000,1721608319000,114.792,114.816,114.765,114.814,603990000,8
1721608320000,1721608799000,114.815,114.837,114.78,114.794,382740000,8
1721608800000,1721609279000,114.795,114.822,114.789,114.814,353850000,8
1721609280000,1721609759000,114.815,114.835,114.792,114.806,718470000,8
1721609760000,1721610239000,114.805,114.815,114.758,114.769,436500000,8
1721610240000,1721610719000,114.759,114.822,114.745,114.816,506820000,8
1721610720000,1721611199000,114.816,114.819,114.697,114.73,475860000,8
1721611200000,1721611679000,114.731,114.801,114.731,114.798,372600000,8
1721611680000,1721612159000,114.799,114.801,114.767,114.787,350100000,8
1721612160000,1721612639000,114.788,114.809,114.78,114.805,343110000,8
1721612640000,1721613119000,114.804,114.815,114.781,114.8,371100000,8
1721613120000,1721613599000,114.802,114.804,114.745,114.757,611130000,8
1721613600000,1721614079000,114.764,114.768,114.729,114.754,563310000,8
1721614080000,1721614559000,114.756,114.777,114.736,114.745,577260000,8
1721614560000,1721615039000,114.746,114.77,114.728,114.747,470340000,8
1721615040000,1721615519000,114.746,114.765,114.711,114.759,339780000,8
1721615520000,1721615999000,114.758,114.808,114.757,114.782,285060000,8
1721616000000,1721616479000,114.782,114.794,114.748,114.759,300060000,8
1721616480000,1721616959000,114.762,114.799,114.762,114.783,269040000,8
1721616960000,1721617439000,114.782,114.79,114.757,114.775,339970000,8
1721617440000,1721617919000,114.777,114.789,114.745,114.751,315270000,8
1721617920000,1721618399000,114.752,114.757,114.732,114.757,163200000,8
1721618400000,1721618879000,114.758,114.766,114.738,114.757,222600000,8
1721618880000,1721619359000,114.757,114.769,114.753,114.765,175260000,8
1721619360000,1721619839000,114.764,114.766,114.724,114.73,200670000,8
1721619840000,1721620319000,114.728,114.73,114.682,114.688,251220000,8
1721620320000,1721620799000,114.686,114.703,114.681,114.699,146820000,8
1721620800000,1721621279000,114.698,114.698,114.632,114.647,538410000,8
1721621280000,1721621759000,114.647,114.661,114.622,114.65,531540000,8
1721621760000,1721622239000,114.648,114.686,114.647,114.685,360990000,8
1721622240000,1721622719000,114.685,114.693,114.641,114.67,384870000,8
1721622720000,1721623199000,114.672,114.7,114.669,114.698,229170000,8
1721623200000,1721623679000,114.698,114.704,114.654,114.666,255900000,8
1721623680000,1721624159000,114.667,114.687,114.663,114.676,266850000,8
1721624160000,1721624639000,114.678,114.678,114.609,114.612,249810000,8
1721624640000,1721625119000,114.612,114.624,114.525,114.534,351990000,8
1721625120000,1721625599000,114.533,114.565,114.474,114.509,658950000,8
1721625600000,1721626079000,114.508,114.529,114.326,114.332,867510000,8
1721626080000,1721626559000,114.33,114.432,114.319,114.424,877140000,8
1721626560000,1721627039000,114.427,114.459,114.393,114.409,616860000,8
1721627040000,1721627519000,114.409,114.418,114.357,114.382,498240000,8
1721627520000,1721627999000,114.384,114.402,114.322,114.329,558300000,8
1721628000000,1721628479000,114.325,114.338,114.144,114.179,1998450000,8
1721628480000,1721628959000,114.178,114.195,113.959,114.071,2172390000,8
1721628960000,1721629439000,114.069,114.141,113.965,113.978,1488930000,8
1721629440000,1721629919000,113.978,114.028,113.88,113.907,1514790000,8
1721629920000,1721630399000,113.904,113.969,113.87,113.924,1623960000,8
1721630400000,1721630879000,113.926,113.937,113.748,113.793,1807270000,8
1721630880000,1721631359000,113.792,113.866,113.756,113.856,1224900000,8
1721631360000,1721631839000,113.858,113.903,113.767,113.781,1388460000,8
1721631840000,1721632319000,113.781,113.911,113.772,113.89,1374060000,8
1721632320000,1721632799000,113.891,113.895,113.808,113.827,1498980000,8
1721632800000,1721633279000,113.827,113.916,113.818,113.885,1204440000,8
1721633280000,1721633759000,113.887,113.969,113.854,113.962,1062750000,8
1721633760000,1721634239000,113.964,114.032,113.944,114.021,972870000,8
1721634240000,1721634719000,114.02,114.053,113.975,113.995,664260000,8
1721634720000,1721635199000,113.993,114.112,113.985,114.083,761640000,8
1721635200000,1721635679000,114.08,114.099,114.005,114.013,918180000,8
1721635680000,1721636159000,114.014,114.108,113.997,114.093,848220000,8
1721636160000,1721636639000,114.097,114.149,114.094,114.14,643500000,8
1721636640000,1721637119000,114.133,114.192,114.128,114.183,509760000,8
1721637120000,1721637599000,114.182,114.219,114.172,114.185,518190000,8
1721637600000,1721638079000,114.184,114.244,114.152,114.236,752730000,8
1721638080000,1721638559000,114.239,114.239,114.186,114.203,764380000,8
1721638560000,1721639039000,114.202,114.204,114.073,114.092,1045620000,8
1721639040000,1721639519000,114.093,114.142,114.073,114.074,775950000,8
1721639520000,1721639999000,114.073,114.089,113.973,113.983,653580000,8
1721640000000,1721640479000,113.986,114.006,113.96,113.991,526770000,8
1721640480000,1721640959000,113.996,114.035,113.988,114.008,934470000,8
1721640960000,1721641439000,114.008,114.05,113.99,114.012,512190000,8
1721641440000,1721641919000,114.012,114.026,113.947,113.955,507360000,8
1721641920000,1721642399000,113.954,114.01,113.954,114.009,432060000,8
1721642400000,1721642879000,114.01,114.013,113.919,113.949,622740000,8
1721642880000,1721643359000,113.947,113.962,113.913,113.916,498210000,8
1721643360000,1721643839000,113.915,113.991,113.913,113.98,404550000,8
1721643840000,1721644319000,113.98,113.987,113.949,113.96,310680000,8
1721644320000,1721644799000,113.959,114.049,113.917,114.049,677820000,8
1721644800000,1721645279000,114.048,114.146,114.039,114.142,982800000,8
1721645280000,1721645759000,114.138,114.197,114.101,114.106,723840000,8
1721645760000,1721646239000,114.108,114.123,114.069,114.072,490770000,8
1721646240000,1721646719000,114.072,114.12,114.068,114.093,648840000,8
1721646720000,1721647199000,114.088,114.088,113.995,114.001,407010000,8
1721647200000,1721647679000,114.003,114.04,114.0,114.035,408000000,8
1721647680000,1721648159000,114.035,114.116,114.032,114.088,513210000,8
1721648160000,1721648639000,114.086,114.086,113.98,114.002,553950000,8
1721648640000,1721649119000,113.999,114.057,113.979,114.045,456510000,8
1721649120000,1721649599000,114.046,114.106,114.046,114.072,643350000,8
1721649600000,1721650079000,114.072,114.126,114.043,114.09,896160000,8
1721650080000,1721650559000,114.091,114.127,114.068,114.112,615090000,8
1721650560000,1721651039000,114.11,114.121,114.043,114.06,784530000,8
1721651040000,1721651519000,114.058,114.198,114.031,114.189,647010000,8
1721651520000,1721651999000,114.19,114.212,114.143,114.181,950940000,8
1721652000000,1721652479000,114.182,114.203,114.145,114.149,856830000,8
1721652480000,1721652959000,114.149,114.149,114.06,114.068,890730000,8
1721652960000,1721653439000,114.067,114.071,114.01,114.031,614790000,8
1721653440000,1721653919000,114.03,114.053,113.961,113.997,1163430000,8
1721653920000,1721654399000,113.997,114.012,113.966,113.979,782910000,8
1721654400000,1721654879000,113.978,114.045,113.949,114.001,936150000,8
1721654880000,1721655359000,113.999,114.038,113.976,113.993,985260000,8
1721655360000,1721655839000,113.995,114.037,113.966,113.993,1009200000,8
1721655840000,1721656319000,113.994,114.003,113.945,113.964,1064310000,8
1721656320000,1721656799000,113.965,114.003,113.934,113.934,967620000,8
1721656800000,1721657279000,113.932,113.936,113.811,113.815,1231440000,8
1721657280000,1721657759000,113.814,113.887,113.799,113.887,923580000,8
1721657760000,1721658239000,113.893,113.974,113.838,113.951,906360000,8
1721658240000,1721658719000,113.952,113.992,113.941,113.969,840180000,8
1721658720000,1721659199000,113.971,113.997,113.949,113.96,645840000,8
1721659200000,1721659679000,113.958,113.972,113.919,113.967,688450000,8
1721659680000,1721660159000,113.971,114.034,113.946,114.024,733590000,8
1721660160000,1721660639000,114.026,114.033,113.986,114.007,906810000,8
1721660640000,1721661119000,114.006,114.077,114.006,114.06,611100000,8
1721661120000,1721661599000,114.061,114.186,114.053,114.156,675090000,8
1721661600000,1721662079000,114.154,114.176,114.105,114.121,663510000,8
1721662080000,1721662559000,114.121,114.156,114.102,114.148,603660000,8
1721662560000,1721663039000,114.147,114.173,114.123,114.155,832020000,8
1721663040000,1721663519000,114.156,114.197,114.145,114.196,502290000,8
1721663520000,1721663999000,114.195,114.205,114.162,114.166,570900000,8
1721664000000,1721664479000,114.166,114.206,114.166,114.185,513120000,8
1721664480000,1721664959000,114.187,114.218,114.187,114.203,419040000,8
1721664960000,1721665439000,114.204,114.222,114.191,114.218,277200000,8
1721665440000,1721665919000,114.219,114.225,114.192,114.193,454200000,8
1721665920000,1721666399000,114.194,114.208,114.172,114.208,352320000,8
1721666400000,1721666879000,114.206,114.22,114.194,114.201,203160000,8
1721666880000,1721667359000,114.201,114.253,114.197,114.247,279120000,8
1721667360000,1721667839000,114.246,114.258,114.228,114.242,250650000,8
1721667840000,1721668319000,114.245,114.269,114.234,114.239,272010000,8
1721668320000,1721668799000,114.241,114.295,114.241,114.295,318180000,8
1721668800000,1721669279000,114.297,114.305,114.244,114.244,379530000,8
1721669280000,1721669759000,114.245,114.251,114.221,114.221,223470000,8
1721669760000,1721670239000,114.221,114.226,114.201,114.225,214740000,8
1721670240000,1721670719000,114.224,114.293,114.216,114.279,259410000,8
1721670720000,1721671199000,114.28,114.296,114.262,114.273,210600000,8
1721671200000,1721671679000,114.274,114.294,114.265,114.271,260040000,8
1721671680000,1721672159000,114.271,114.276,114.254,114.259,160680000,8
1721672160000,1721672639000,114.26,114.266,114.232,114.246,212640000,8
1721672640000,1721673119000,114.246,114.257,114.231,114.248,202890000,8
1721673120000,1721673599000,114.248,114.261,114.24,114.253,209280000,8
1721673600000,1721674079000,114.254,114.264,114.246,114.246,108900000,8
1721674080000,1721674559000,114.243,114.256,114.237,114.249,159240000,8
1721674560000,1721675039000,114.248,114.249,114.199,114.236,459000000,8
1721675040000,1721675519000,114.236,114.237,114.216,114.222,228120000,8
1721675520000,1721675999000,114.225,114.227,114.198,114.217,260370000,8
1721676000000,1721676479000,114.216,114.224,114.208,114.222,168600000,8
1721676480000,1721676959000,114.224,114.235,114.213,114.234,141840000,8
1721676960000,1721677439000,114.235,114.24,114.224,114.224,108600000,8
1721677440000,1721677919000,114.229,114.24,114.22,114.235,194400000,8
1721677920000,1721678399000,114.236,114.238,114.209,114.209,228720000,8
1721678400000,1721678879000,114.21,114.223,114.186,114.197,112560000,8
1721678880000,1721679359000,114.199,114.209,114.197,114.2,62400000,8
1721679360000,1721679839000,114.192,114.199,114.169,114.169,60600000,8
1721679840000,1721680319000,114.17,114.198,114.162,114.198,136620000,8
1721680320000,1721680799000,114.19,114.194,114.177,114.177,105270000,8
1721680800000,1721681279000,114.176,114.183,114.159,114.162,74040000,8
1721681280000,1721681759000,114.16,114.168,114.157,114.16,109680000,8
1721681760000,1721682239000,114.163,114.163,114.09,114.099,172800000,8
1721682240000,1721682719000,114.101,114.101,114.087,114.089,23880000,8
1721682720000,1721683199000,114.088,114.088,113.982,114.045,110530000,8
1721683200000,1721683679000,114.044,114.047,114.014,114.028,416250000,8
1721683680000,1721684159000,114.027,114.063,114.021,114.063,191610000,8
1721684160000,1721684639000,114.061,114.085,114.035,114.076,296940000,8
1721684640000,1721685119000,114.076,114.078,114.047,114.067,135540000,8
1721685120000,1721685599000,114.066,114.071,114.055,114.061,83100000,8
1721685600000,1721686079000,114.061,114.146,114.061,114.124,281490000,8
1721686080000,1721686559000,114.124,114.137,114.12,114.124,70440000,8
1721686560000,1721687039000,114.129,114.173,114.128,114.169,98280000,8
1721687040000,1721687519000,114.168,114.168,114.144,114.166,54000000,8
1721687520000,1721687999000,114.165,114.198,114.165,114.179,118800000,8
1721688000000,1721688479000,114.176,114.18,114.163,114.163,64200000,8
1721688480000,1721688959000,114.163,114.164,114.143,114.143,44520000,8
1721688960000,1721689439000,114.144,114.144,114.114,114.12,170280000,8
1721689440000,1721689919000,114.121,114.179,114.12,114.169,216660000,8
1721689920000,1721690399000,114.17,114.17,114.144,114.151,63300000,8
1721690400000,1721690879000,114.145,114.147,114.122,114.134,130350000,8
1721690880000,1721691359000,114.136,114.186,114.133,114.157,180000000,8
1721691360000,1721691839000,114.159,114.159,114.129,114.154,205470000,8
1721691840000,1721692319000,114.152,114.16,114.106,114.108,266520000,8
1721692320000,1721692799000,114.107,114.107,114.004,114.013,446370000,8
1721692800000,1721693279000,114.013,114.032,113.886,113.906,1158900000,8
1721693280000,1721693759000,113.911,113.965,113.869,113.929,1006950000,8
1721693760000,1721694239000,113.93,113.961,113.894,113.946,666150000,8
1721694240000,1721694719000,113.945,113.98,113.912,113.938,519210000,8
1721694720000,1721695199000,113.939,113.963,113.898,113.915,565350000,8
1721695200000,1721695679000,113.915,113.922,113.843,113.852,490890000,8
1721695680000,1721696159000,113.851,113.856,113.782,113.838,1164090000,8
1721696160000,1721696639000,113.84,113.898,113.749,113.802,1078830000,8
1721696640000,1721697119000,113.805,113.887,113.804,113.822,788610000,8
1721697120000,1721697599000,113.819,113.917,113.809,113.888,916230000,8
1721697600000,1721698079000,113.889,113.998,113.889,113.984,609180000,8
1721698080000,1721698559000,113.983,113.984,113.931,113.932,581190000,8
1721698560000,1721699039000,113.928,113.935,113.87,113.882,689040000,8
1721699040000,1721699519000,113.882,113.92,113.869,113.871,367170000,8
1721699520000,1721699999000,113.871,113.901,113.807,113.866,495600000,8
1721700000000,1721700479000,113.865,113.896,113.83,113.836,461220000,8
1721700480000,1721700959000,113.835,113.886,113.835,113.863,541560000,8
1721700960000,1721701439000,113.861,113.903,113.82,113.875,606600000,8
1721701440000,1721701919000,113.874,113.888,113.848,113.865,485820000,8
1721701920000,1721702399000,113.862,113.871,113.75,113.751,549270000,8
1721702400000,1721702879000,113.753,113.805,113.741,113.796,796110000,8
1721702880000,1721703359000,113.795,113.8,113.761,113.781,660000000,8
1721703360000,1721703839000,113.782,113.817,113.777,113.785,735480000,8
1721703840000,1721704319000,113.785,113.804,113.759,113.798,365340000,8
1721704320000,1721704799000,113.796,113.796,113.743,113.754,348630000,8
1721704800000,1721705279000,113.754,113.76,113.614,113.653,910830000,8
1721705280000,1721705759000,113.657,113.676,113.602,113.612,748560000,8
1721705760000,1721706239000,113.612,113.659,113.593,113.656,772200000,8
1721706240000,1721706719000,113.655,113.664,113.499,113.507,647050000,8
1721706720000,1721707199000,113.515,113.584,113.495,113.56,778470000,8
1721707200000,1721707679000,113.563,113.614,113.554,113.603,508890000,8
1721707680000,1721708159000,113.603,113.616,113.544,113.615,556110000,8
1721708160000,1721708639000,113.618,113.639,113.602,113.615,485910000,8
1721708640000,1721709119000,113.614,113.616,113.553,113.566,448440000,8
1721709120000,1721709599000,113.568,113.596,113.556,113.558,404940000,8
1721709600000,1721710079000,113.559,113.559,113.488,113.513,518010000,8
1721710080000,1721710559000,113.512,113.573,113.512,113.564,443280000,8
1721710560000,1721711039000,113.564,113.586,113.531,113.539,519060000,8
1721711040000,1721711519000,113.537,113.632,113.518,113.62,556560000,8
1721711520000,1721711999000,113.621,113.652,113.599,113.611,421470000,8
1721712000000,1721712479000,113.611,113.635,113.588,113.634,289350000,8
1721712480000,1721712959000,113.634,113.638,113.599,113.602,228990000,8
1721712960000,1721713439000,113.603,113.615,113.557,113.6,368100000,8
1721713440000,1721713919000,113.601,113.63,113.581,113.592,318960000,8
1721713920000,1721714399000,113.592,113.602,113.547,113.557,326820000,8
1721714400000,1721714879000,113.556,113.575,113.496,113.548,1100460000,8
1721714880000,1721715359000,113.546,113.678,113.516,113.654,816750000,8
1721715360000,1721715839000,113.655,113.72,113.636,113.675,794100000,8
1721715840000,1721716319000,113.675,113.698,113.658,113.678,477060000,8
1721716320000,1721716799000,113.677,113.69,113.606,113.649,803430000,8
1721716800000,1721717279000,113.65,113.706,113.628,113.696,482550000,8
1721717280000,1721717759000,113.697,113.76,113.672,113.714,604740000,8
1721717760000,1721718239000,113.715,113.769,113.714,113.749,601170000,8
1721718240000,1721718719000,113.749,113.751,113.67,113.711,799770000,8
1721718720000,1721719199000,113.711,113.726,113.629,113.669,814170000,8
1721719200000,1721719679000,113.668,113.674,113.594,113.622,947220000,8
1721719680000,1721720159000,113.624,113.628,113.514,113.552,994560000,8
1721720160000,1721720639000,113.551,113.572,113.47,113.498,1057290000,8
1721720640000,1721721119000,113.499,113.53,113.294,113.33,1673700000,8
1721721120000,1721721599000,113.33,113.338,113.232,113.312,1586790000,8
1721721600000,1721722079000,113.312,113.386,113.265,113.358,1614630000,8
1721722080000,1721722559000,113.353,113.398,113.305,113.332,950760000,8
1721722560000,1721723039000,113.332,113.335,113.214,113.219,1673670000,8
1721723040000,1721723519000,113.223,113.299,113.215,113.254,1096500000,8
1721723520000,1721723999000,113.255,113.29,113.212,113.288,1069200000,8
1721724000000,1721724479000,113.288,113.323,113.24,113.274,970380000,8
1721724480000,1721724959000,113.273,113.304,113.228,113.286,626130000,8
1721724960000,1721725439000,113.282,113.367,113.28,113.355,736410000,8
1721725440000,1721725919000,113.356,113.364,113.282,113.293,684920000,8
1721725920000,1721726399000,113.292,113.335,113.268,113.321,673620000,8
1721726400000,1721726879000,113.32,113.332,113.274,113.317,449430000,8
1721726880000,1721727359000,113.312,113.321,113.279,113.28,387420000,8
1721727360000,1721727839000,113.279,113.283,113.195,113.272,604830000,8
1721727840000,1721728319000,113.272,113.313,113.264,113.312,484690000,8
1721728320000,1721728799000,113.312,113.313,113.264,113.288,674530000,8
1721728800000,1721729279000,113.286,113.321,113.273,113.302,471980000,8
1721729280000,1721729759000,113.301,113.412,113.301,113.389,532890000,8
1721729760000,1721730239000,113.388,113.415,113.349,113.382,600570000,8
1721730240000,1721730719000,113.381,113.435,113.374,113.4,552780000,8
1721730720000,1721731199000,113.401,113.426,113.366,113.411,391320000,8
1721731200000,1721731679000,113.411,113.419,113.386,113.4,411960000,8
1721731680000,1721732159000,113.401,113.41,113.375,113.396,395280000,8
1721732160000,1721732639000,113.397,113.458,113.386,113.458,575400000,8
1721732640000,1721733119000,113.458,113.538,113.454,113.508,572820000,8
1721733120000,1721733599000,113.508,113.516,113.452,113.496,423690000,8
1721733600000,1721734079000,113.495,113.518,113.446,113.456,507750000,8
1721734080000,1721734559000,113.457,113.488,113.446,113.481,396210000,8
1721734560000,1721735039000,113.483,113.498,113.451,113.483,520950000,8
1721735040000,1721735519000,113.484,113.491,113.448,113.469,374640000,8
1721735520000,1721735999000,113.467,113.487,113.447,113.479,449010000,8
1721736000000,1721736479000,113.483,113.533,113.466,113.524,739560000,8
1721736480000,1721736959000,113.525,113.539,113.499,113.517,536280000,8
1721736960000,1721737439000,113.517,113.537,113.486,113.518,547350000,8
1721737440000,1721737919000,113.521,113.536,113.492,113.492,446940000,8
1721737920000,1721738399000,113.49,113.512,113.395,113.421,579870000,8
1721738400000,1721738879000,113.424,113.426,113.33,113.351,1099080000,8
1721738880000,1721739359000,113.354,113.403,113.323,113.388,1061010000,8
1721739360000,1721739839000,113.386,113.447,113.365,113.416,784230000,8
1721739840000,1721740319000,113.41,113.437,113.366,113.407,912750000,8
1721740320000,1721740799000,113.408,113.439,113.389,113.423,604080000,8
1721740800000,1721741279000,113.421,113.467,113.419,113.455,499920000,8
1721741280000,1721741759000,113.453,113.468,113.426,113.439,865170000,8
1721741760000,1721742239000,113.436,113.436,113.362,113.386,763740000,8
1721742240000,1721742719000,113.387,113.392,113.322,113.364,715260000,8
1721742720000,1721743199000,113.364,113.392,113.35,113.371,668520000,8
1721743200000,1721743679000,113.368,113.37,113.305,113.361,967860000,8
1721743680000,1721744159000,113.362,113.378,113.308,113.354,748770000,8
1721744160000,1721744639000,113.356,113.403,113.352,113.396,1006740000,8
1721744640000,1721745119000,113.393,113.422,113.338,113.346,686010000,8
1721745120000,1721745599000,113.345,113.393,113.299,113.327,817170000,8
1721745600000,1721746079000,113.325,113.33,113.276,113.304,727290000,8
1721746080000,1721746559000,113.306,113.315,113.253,113.285,776040000,8
1721746560000,1721747039000,113.286,113.322,113.259,113.315,1065630000,8
1721747040000,1721747519000,113.313,113.35,113.291,113.324,491340000,8
1721747520000,1721747999000,113.325,113.35,113.298,113.32,402060000,8
1721748000000,1721748479000,113.322,113.34,113.303,113.306,398550000,8
1721748480000,1721748959000,113.307,113.335,113.303,113.32,468960000,8
1721748960000,1721749439000,113.322,113.325,113.279,113.311,402340000,8
1721749440000,1721749919000,113.313,113.327,113.286,113.293,491000000,8
1721749920000,1721750399000,113.295,113.348,113.288,113.34,388720000,8
1721750400000,1721750879000,113.34,113.362,113.316,113.334,485680000,8
1721750880000,1721751359000,113.334,113.385,113.333,113.382,395020000,8
1721751360000,1721751839000,113.38,113.38,113.335,113.342,364180000,8
1721751840000,1721752319000,113.339,113.34,113.28,113.287,480000000,8
1721752320000,1721752799000,113.286,113.292,113.235,113.244,456520000,8
1721752800000,1721753279000,113.242,113.244,113.104,113.175,803380000,8
1721753280000,1721753759000,113.175,113.21,113.142,113.191,362220000,8
1721753760000,1721754239000,113.19,113.208,113.127,113.137,789940000,8
1721754240000,1721754719000,113.137,113.164,113.048,113.101,860250000,8
1721754720000,1721755199000,113.101,113.134,113.092,113.092,477360000,8
1721755200000,1721755679000,113.094,113.106,112.991,113.015,660910000,8
1721755680000,1721756159000,113.015,113.031,112.972,113.028,681900000,8
1721756160000,1721756639000,113.027,113.048,112.976,113.006,464410000,8
1721756640000,1721757119000,113.005,113.024,112.973,112.998,377680000,8
1721757120000,1721757599000,112.998,113.062,112.994,113.048,560130000,8
1721757600000,1721758079000,113.045,113.086,113.041,113.071,335400000,8
1721758080000,1721758559000,113.069,113.095,113.049,113.052,237030000,8
1721758560000,1721759039000,113.051,113.07,113.031,113.06,292200000,8
1721759040000,1721759519000,113.06,113.064,113.031,113.059,331530000,8
1721759520000,1721759999000,113.058,113.079,113.036,113.037,314880000,8
1721760000000,1721760479000,113.037,113.062,113.031,113.052,222600000,8
1721760480000,1721760959000,113.052,113.06,112.995,112.999,243780000,8
1721760960000,1721761439000,113.0,113.0,112.968,112.98,260220000,8
1721761440000,1721761919000,112.981,112.982,112.965,112.977,251760000,8
1721761920000,1721762399000,112.978,112.992,112.962,112.969,240030000,8
1721762400000,1721762879000,112.968,113.006,112.968,112.997,207220000,8
1721762880000,1721763359000,112.995,112.998,112.959,112.984,192810000,8
1721763360000,1721763839000,112.983,112.995,112.968,112.987,314190000,8
1721763840000,1721764319000,112.987,112.998,112.966,112.967,293050000,8
1721764320000,1721764799000,112.969,112.97,112.941,112.948,253870000,8
1721764800000,1721765279000,112.948,112.961,112.933,112.939,247470000,8
1721765280000,1721765759000,112.937,112.963,112.929,112.96,209850000,8
1721765760000,1721766239000,112.96,112.974,112.954,112.962,111690000,8
1721766240000,1721766719000,112.961,112.969,112.922,112.935,201810000,8
1721766720000,1721767199000,112.933,112.933,112.886,112.886,250260000,8
1721767200000,1721767679000,112.888,112.889,112.859,112.86,194700000,8
1721767680000,1721768159000,112.86,112.891,112.845,112.883,232650000,8
1721768160000,1721768639000,112.885,112.9,112.793,112.807,272070000,8
1721768640000,1721769119000,112.815,112.835,112.811,112.825,59550000,8
1721769120000,1721769599000,112.831,112.859,112.808,112.85,70380000,8
1721769600000,1721770079000,112.845,112.857,112.826,112.853,68880000,8
1721770080000,1721770559000,112.864,112.874,112.864,112.869,51360000,8
1721770560000,1721771039000,112.869,112.87,112.859,112.864,37440000,8
1721771040000,1721771519000,112.864,112.876,112.864,112.874,91560000,8
1721771520000,1721771999000,112.874,112.88,112.871,112.875,126420000,8
1721772000000,1721772479000,112.876,112.883,112.851,112.863,274230000,8
1721772480000,1721772959000,112.861,112.865,112.84,112.857,83400000,8
1721772960000,1721773439000,112.864,112.878,112.853,112.861,217950000,8
1721773440000,1721773919000,112.864,112.878,112.86,112.874,150000000,8
1721773920000,1721774399000,112.877,112.885,112.865,112.872,141720000,8
1721774400000,1721774879000,112.872,112.9,112.872,112.898,135600000,8
1721774880000,1721775359000,112.899,112.906,112.89,112.905,94800000,8
1721775360000,1721775839000,112.905,112.916,112.882,112.885,189060000,8
1721775840000,1721776319000,112.891,112.976,112.887,112.974,245250000,8
1721776320000,1721776799000,112.977,112.985,112.96,112.965,217110000,8
1721776800000,1721777279000,112.96,112.984,112.959,112.979,158400000,8
1721777280000,1721777759000,112.98,112.993,112.966,112.993,139920000,8
1721777760000,1721778239000,112.994,113.037,112.994,113.011,320250000,8
1721778240000,1721778719000,113.013,113.033,113.001,113.004,232290000,8
1721778720000,1721779199000,113.001,113.02,112.937,112.983,551450000,8
1721779200000,1721779679000,112.989,113.089,112.989,113.072,962210000,8
1721779680000,1721780159000,113.071,113.114,113.052,113.087,598050000,8
1721780160000,1721780639000,113.091,113.094,113.021,113.052,469200000,8
1721780640000,1721781119000,113.053,113.097,113.032,113.085,507770000,8
1721781120000,1721781599000,113.084,113.137,113.078,113.13,385260000,8
1721781600000,1721782079000,113.13,113.167,113.109,113.142,442580000,8
1721782080000,1721782559000,113.14,113.151,113.044,113.061,850840000,8
1721782560000,1721783039000,113.062,113.092,113.023,113.031,745560000,8
1721783040000,1721783519000,113.033,113.036,112.751,112.785,1406390000,8
1721783520000,1721783999000,112.786,112.831,112.641,112.822,2076670000,8
1721784000000,1721784479000,112.832,112.832,112.688,112.714,1308930000,8
1721784480000,1721784959000,112.713,112.817,112.672,112.774,1113360000,8
1721784960000,1721785439000,112.778,112.784,112.631,112.666,925530000,8
1721785440000,1721785919000,112.667,112.693,112.6,112.609,1369910000,8
1721785920000,1721786399000,112.611,112.692,112.586,112.64,959160000,8
1721786400000,1721786879000,112.641,112.727,112.624,112.707,787650000,8
1721786880000,1721787359000,112.709,112.719,112.657,112.692,668820000,8
1721787360000,1721787839000,112.691,112.713,112.627,112.66,938010000,8
1721787840000,1721788319000,112.662,112.741,112.656,112.729,665070000,8
1721788320000,1721788799000,112.731,112.753,112.708,112.738,347850000,8
1721788800000,1721789279000,112.736,112.752,112.718,112.748,236130000,8
1721789280000,1721789759000,112.749,112.774,112.614,112.638,744990000,8
1721789760000,1721790239000,112.64,112.64,112.458,112.519,971240000,8
1721790240000,1721790719000,112.52,112.569,112.482,112.513,1188900000,8
1721790720000,1721791199000,112.512,112.543,112.484,112.531,758160000,8
1721791200000,1721791679000,112.529,112.536,112.412,112.451,1032390000,8
1721791680000,1721792159000,112.448,112.482,112.412,112.421,775230000,8
1721792160000,1721792639000,112.42,112.455,112.387,112.453,615810000,8
1721792640000,1721793119000,112.454,112.474,112.439,112.464,538470000,8
1721793120000,1721793599000,112.465,112.465,112.375,112.384,607500000,8
1721793600000,1721794079000,112.385,112.385,112.244,112.274,1550580000,8
1721794080000,1721794559000,112.274,112.299,112.158,112.172,1265670000,8
1721794560000,1721795039000,112.172,112.279,112.143,112.278,1107600000,8
1721795040000,1721795519000,112.279,112.289,112.187,112.197,1047750000,8
1721795520000,1721795999000,112.193,112.216,112.12,112.135,846690000,8
1721796000000,1721796479000,112.135,112.146,112.078,112.119,1184370000,8
1721796480000,1721796959000,112.118,112.132,112.038,112.083,927120000,8
1721796960000,1721797439000,112.079,112.079,112.019,112.069,739950000,8
1721797440000,1721797919000,112.068,112.105,111.89,111.983,1259530000,8
1721797920000,1721798399000,111.982,112.124,111.962,112.123,828780000,8
1721798400000,1721798879000,112.121,112.211,112.114,112.149,915690000,8
1721798880000,1721799359000,112.149,112.227,112.122,112.211,691380000,8
1721799360000,1721799839000,112.213,112.237,112.114,112.115,709170000,8
1721799840000,1721800319000,112.115,112.143,112.084,112.136,612420000,8
1721800320000,1721800799000,112.134,112.2,112.103,112.118,749690000,8
1721800800000,1721801279000,112.115,112.144,112.067,112.139,978030000,8
1721801280000,1721801759000,112.139,112.155,111.961,111.983,1467260000,8
1721801760000,1721802239000,111.985,112.114,111.94,112.07,1160290000,8
1721802240000,1721802719000,112.072,112.13,112.038,112.082,1004890000,8
1721802720000,1721803199000,112.085,112.11,111.99,112.031,1274930000,8
1721803200000,1721803679000,112.032,112.074,112.01,112.026,1015510000,8
1721803680000,1721804159000,112.029,112.035,111.969,112.002,1173630000,8
1721804160000,1721804639000,112.002,112.066,111.92,112.001,1290270000,8
1721804640000,1721805119000,111.998,112.173,111.978,112.153,1690470000,8
1721805120000,1721805599000,112.154,112.28,112.105,112.273,1401750000,8
1721805600000,1721806079000,112.268,112.309,112.237,112.239,883320000,8
1721806080000,1721806559000,112.24,112.264,112.128,112.128,1275160000,8
1721806560000,1721807039000,112.129,112.21,112.097,112.156,981250000,8
1721807040000,1721807519000,112.158,112.159,112.06,112.074,588710000,8
1721807520000,1721807999000,112.074,112.111,112.031,112.059,833370000,8
1721808000000,1721808479000,112.06,112.166,112.025,112.138,920430000,8
1721808480000,1721808959000,112.136,112.218,112.134,112.199,793650000,8
1721808960000,1721809439000,112.199,112.206,112.114,112.136,511560000,8
1721809440000,1721809919000,112.136,112.199,112.107,112.188,597120000,8
1721809920000,1721810399000,112.188,112.211,112.156,112.206,492240000,8
1721810400000,1721810879000,112.203,112.323,112.203,112.277,554640000,8
1721810880000,1721811359000,112.277,112.312,112.228,112.232,438120000,8
1721811360000,1721811839000,112.23,112.272,112.23,112.253,449940000,8
1721811840000,1721812319000,112.258,112.315,112.222,112.223,488220000,8
1721812320000,1721812799000,112.222,112.255,112.161,112.169,424230000,8
1721812800000,1721813279000,112.169,112.224,112.153,112.189,423600000,8
1721813280000,1721813759000,112.19,112.229,112.132,112.191,677610000,8
1721813760000,1721814239000,112.188,112.26,111.832,112.06,2052910000,8
1721814240000,1721814719000,112.061,112.163,112.051,112.144,999660000,8
1721814720000,1721815199000,112.143,112.243,112.138,112.231,664350000,8
1721815200000,1721815679000,112.231,112.237,112.168,112.214,424770000,8
1721815680000,1721816159000,112.216,112.276,112.173,112.253,455430000,8
1721816160000,1721816639000,112.254,112.263,112.154,112.158,525240000,8
1721816640000,1721817119000,112.161,112.192,112.11,112.119,514530000,8
1721817120000,1721817599000,112.12,112.163,112.06,112.064,486690000,8
1721817600000,1721818079000,112.068,112.096,112.043,112.055,609000000,8
1721818080000,1721818559000,112.056,112.094,112.043,112.064,694440000,8
1721818560000,1721819039000,112.064,112.1,112.014,112.055,609660000,8
1721819040000,1721819519000,112.056,112.114,112.037,112.1,579270000,8
1721819520000,1721819999000,112.097,112.097,112.006,112.052,378690000,8
1721820000000,1721820479000,112.047,112.071,112.016,112.068,443500000,8
1721820480000,1721820959000,112.067,112.074,111.997,112.045,533260000,8
1721820960000,1721821439000,112.046,112.046,111.893,111.917,856980000,8
1721821440000,1721821919000,111.918,111.919,111.757,111.822,1173940000,8
1721821920000,1721822399000,111.82,111.886,111.818,111.861,770360000,8
1721822400000,1721822879000,111.86,111.883,111.791,111.84,1247680000,8
1721822880000,1721823359000,111.842,111.874,111.725,111.73,1117360000,8
1721823360000,1721823839000,111.728,111.75,111.626,111.632,1711100000,8
1721823840000,1721824319000,111.637,111.735,111.629,111.722,1093440000,8
1721824320000,1721824799000,111.724,111.739,111.602,111.694,1370670000,8
1721824800000,1721825279000,111.694,111.767,111.635,111.647,1321760000,8
1721825280000,1721825759000,111.65,111.699,111.535,111.562,1428000000,8
1721825760000,1721826239000,111.564,111.67,111.552,111.661,1516360000,8
1721826240000,1721826719000,111.66,111.668,111.581,111.664,1185380000,8
1721826720000,1721827199000,111.667,111.717,111.646,111.663,1168400000,8
1721827200000,1721827679000,111.661,111.687,111.63,111.631,892560000,8
1721827680000,1721828159000,111.633,111.647,111.463,111.467,1728180000,8
1721828160000,1721828639000,111.47,111.525,111.392,111.482,1887750000,8
1721828640000,1721829119000,111.476,111.518,111.159,111.193,2991000000,8
1721829120000,1721829599000,111.192,111.288,111.166,111.201,2114910000,8
1721829600000,1721830079000,111.203,111.267,110.943,110.96,2706170000,8
1721830080000,1721830559000,110.966,111.285,110.96,111.258,2583960000,8
1721830560000,1721831039000,111.256,111.315,111.21,111.262,2000400000,8
1721831040000,1721831519000,111.265,111.299,111.186,111.218,1875880000,8
1721831520000,1721831999000,111.22,111.321,111.189,111.199,2119410000,8
1721832000000,1721832479000,111.193,111.202,111.123,111.167,1557630000,8
1721832480000,1721832959000,111.169,111.197,111.046,111.158,2610360000,8
1721832960000,1721833439000,111.159,111.225,111.126,111.219,1916430000,8
1721833440000,1721833919000,111.221,111.266,111.162,111.258,1363350000,8
1721833920000,1721834399000,111.259,111.275,111.171,111.174,1178040000,8
1721834400000,1721834879000,111.171,111.235,111.159,111.203,1116960000,8
1721834880000,1721835359000,111.205,111.313,111.167,111.313,969690000,8
1721835360000,1721835839000,111.313,111.337,111.261,111.301,1051410000,8
1721835840000,1721836319000,111.302,111.31,111.231,111.265,717120000,8
1721836320000,1721836799000,111.264,111.329,111.25,111.264,853560000,8
1721836800000,1721837279000,111.265,111.333,111.235,111.245,840690000,8
1721837280000,1721837759000,111.244,111.319,111.231,111.27,702000000,8
1721837760000,1721838239000,111.268,111.298,111.235,111.258,573210000,8
1721838240000,1721838719000,111.259,111.372,111.256,111.344,815880000,8
1721838720000,1721839199000,111.344,111.382,111.321,111.367,510630000,8
1721839200000,1721839679000,111.364,111.389,111.303,111.346,732720000,8
1721839680000,1721840159000,111.346,111.364,111.29,111.299,637140000,8
1721840160000,1721840639000,111.299,111.333,111.26,111.325,666510000,8
1721840640000,1721841119000,111.321,111.448,111.313,111.426,857190000,8
1721841120000,1721841599000,111.427,111.462,111.406,111.455,448050000,8
1721841600000,1721842079000,111.452,111.472,111.431,111.441,514230000,8
1721842080000,1721842559000,111.44,111.464,111.393,111.456,490390000,8
1721842560000,1721843039000,111.463,111.486,111.447,111.477,420360000,8
1721843040000,1721843519000,111.476,111.49,111.453,111.478,315250000,8
1721843520000,1721843999000,111.479,111.524,111.471,111.498,401950000,8
1721844000000,1721844479000,111.5,111.524,111.465,111.492,665990000,8
1721844480000,1721844959000,111.492,111.53,111.465,111.525,497580000,8
1721844960000,1721845439000,111.526,111.539,111.47,111.488,497250000,8
1721845440000,1721845919000,111.488,111.51,111.466,111.476,532360000,8
1721845920000,1721846399000,111.476,111.527,111.476,111.504,390220000,8
1721846400000,1721846879000,111.504,111.565,111.499,111.518,598830000,8
1721846880000,1721847359000,111.519,111.547,111.487,111.51,515910000,8
1721847360000,1721847839000,111.508,111.539,111.481,111.523,741760000,8
1721847840000,1721848319000,111.524,111.55,111.476,111.504,519310000,8
1721848320000,1721848799000,111.503,111.515,111.478,111.486,377240000,8
1721848800000,1721849279000,111.486,111.496,111.463,111.464,509460000,8
1721849280000,1721849759000,111.462,111.479,111.452,111.475,453180000,8
1721849760000,1721850239000,111.474,111.492,111.452,111.471,386330000,8
1721850240000,1721850719000,111.471,111.473,111.428,111.453,453240000,8
1721850720000,1721851199000,111.451,111.512,111.425,111.509,552720000,8
1721851200000,1721851679000,111.509,111.514,111.471,111.482,205410000,8
1721851680000,1721852159000,111.481,111.506,111.481,111.498,144690000,8
1721852160000,1721852639000,111.497,111.51,111.485,111.505,128580000,8
1721852640000,1721853119000,111.505,111.512,111.492,111.499,142200000,8
1721853120000,1721853599000,111.499,111.51,111.498,111.498,83400000,8
1721853600000,1721854079000,111.497,111.505,111.482,111.484,149850000,8
1721854080000,1721854559000,111.484,111.498,111.472,111.474,189120000,8
1721854560000,1721855039000,111.472,111.472,111.357,111.357,290760000,8
1721855040000,1721855519000,111.335,111.423,111.335,111.416,82350000,8
1721855520000,1721855999000,111.415,111.417,111.387,111.406,73650000,8
1721856000000,1721856479000,111.408,111.423,111.391,111.399,451200000,8
1721856480000,1721856959000,111.396,111.413,111.373,111.413,150000000,8
1721856960000,1721857439000,111.41,111.419,111.173,111.195,562620000,8
1721857440000,1721857919000,111.197,111.345,111.189,111.284,737700000,8
1721857920000,1721858399000,111.284,111.33,111.274,111.329,429000000,8
1721858400000,1721858879000,111.32,111.371,111.225,111.234,456710000,8
1721858880000,1721859359000,111.234,111.342,111.205,111.342,333550000,8
1721859360000,1721859839000,111.342,111.384,111.331,111.353,456120000,8
1721859840000,1721860319000,111.35,111.372,111.325,111.326,319920000,8
1721860320000,1721860799000,111.327,111.346,111.3,111.318,378800000,8
1721860800000,1721861279000,111.318,111.339,111.238,111.277,355380000,8
1721861280000,1721861759000,111.277,111.299,111.253,111.287,306120000,8
1721861760000,1721862239000,111.287,111.289,111.204,111.268,648330000,8
1721862240000,1721862719000,111.268,111.319,111.254,111.31,326910000,8
1721862720000,1721863199000,111.31,111.365,111.31,111.336,399840000,8
1721863200000,1721863679000,111.336,111.35,111.266,111.35,490650000,8
1721863680000,1721864159000,111.353,111.36,111.314,111.339,266820000,8
1721864160000,1721864639000,111.342,111.42,111.328,111.42,410400000,8
1721864640000,1721865119000,111.417,111.419,111.324,111.373,697680000,8
1721865120000,1721865599000,111.374,111.467,111.353,111.443,1127190000,8
1721865600000,1721866079000,111.441,111.474,111.361,111.41,1115040000,8
1721866080000,1721866559000,111.411,111.414,111.284,111.338,842370000,8
1721866560000,1721867039000,111.339,111.353,111.299,111.309,607720000,8
1721867040000,1721867519000,111.31,111.339,110.821,110.86,2046830000,8
1721867520000,1721867999000,110.86,110.929,110.643,110.804,3259180000,8
1721868000000,1721868479000,110.805,110.877,110.737,110.781,2510120000,8
1721868480000,1721868959000,110.78,111.033,110.623,110.965,3225410000,8
1721868960000,1721869439000,110.968,111.013,110.907,110.959,1413570000,8
1721869440000,1721869919000,110.961,110.974,110.843,110.845,1146370000,8
1721869920000,1721870399000,110.844,110.933,110.811,110.821,1014780000,8
1721870400000,1721870879000,110.827,110.845,110.705,110.746,1362690000,8
1721870880000,1721871359000,110.746,110.746,110.489,110.598,2202570000,8
1721871360000,1721871839000,110.597,110.671,110.542,110.545,1547250000,8
1721871840000,1721872319000,110.543,110.646,110.509,110.629,1453260000,8
1721872320000,1721872799000,110.633,110.705,110.602,110.604,1384950000,8
1721872800000,1721873279000,110.602,110.604,110.524,110.578,952020000,8
1721873280000,1721873759000,110.578,110.621,110.467,110.519,1074210000,8
1721873760000,1721874239000,110.519,110.632,110.506,110.625,785160000,8
1721874240000,1721874719000,110.622,110.686,110.578,110.628,801960000,8
1721874720000,1721875199000,110.63,110.63,110.546,110.548,846060000,8
1721875200000,1721875679000,110.549,110.569,110.522,110.556,773760000,8
1721875680000,1721876159000,110.556,110.556,110.369,110.412,1459730000,8
1721876160000,1721876639000,110.41,110.453,110.369,110.404,788850000,8
1721876640000,1721877119000,110.405,110.431,110.307,110.364,1363230000,8
1721877120000,1721877599000,110.363,110.363,110.178,110.207,1604370000,8
1721877600000,1721878079000,110.204,110.267,110.166,110.259,1017720000,8
1721878080000,1721878559000,110.257,110.312,110.213,110.281,1188750000,8
1721878560000,1721879039000,110.281,110.312,110.242,110.311,621840000,8
1721879040000,1721879519000,110.311,110.385,110.286,110.37,649200000,8
1721879520000,1721879999000,110.369,110.397,110.257,110.27,585210000,8
1721880000000,1721880479000,110.271,110.37,110.266,110.349,575850000,8
1721880480000,1721880959000,110.346,110.37,110.299,110.305,694030000,8
1721880960000,1721881439000,110.303,110.35,110.287,110.339,383340000,8
1721881440000,1721881919000,110.339,110.374,110.272,110.338,711090000,8
1721881920000,1721882399000,110.341,110.403,110.297,110.344,723360000,8
1721882400000,1721882879000,110.342,110.399,110.338,110.376,506790000,8
1721882880000,1721883359000,110.376,110.446,110.353,110.441,568500000,8
1721883360000,1721883839000,110.441,110.467,110.414,110.459,629010000,8
1721883840000,1721884319000,110.461,110.568,110.456,110.553,840300000,8
1721884320000,1721884799000,110.555,110.657,110.543,110.641,869010000,8
1721884800000,1721885279000,110.641,110.696,110.596,110.596,741750000,8
1721885280000,1721885759000,110.596,110.646,110.535,110.571,985020000,8
1721885760000,1721886239000,110.572,110.604,110.479,110.502,1405450000,8
1721886240000,1721886719000,110.505,110.524,110.431,110.503,974080000,8
1721886720000,1721887199000,110.505,110.545,110.469,110.529,1008990000,8
1721887200000,1721887679000,110.52,110.522,110.366,110.442,1693150000,8
1721887680000,1721888159000,110.442,110.522,110.412,110.522,1026610000,8
1721888160000,1721888639000,110.521,110.587,110.489,110.511,1090420000,8
1721888640000,1721889119000,110.51,110.6,110.476,110.486,1384200000,8
1721889120000,1721889599000,110.485,110.507,110.379,110.414,1149480000,8
1721889600000,1721890079000,110.413,110.486,110.39,110.408,1242930000,8
1721890080000,1721890559000,110.408,110.547,110.378,110.531,989070000,8
1721890560000,1721891039000,110.531,110.596,110.416,110.417,1460250000,8
1721891040000,1721891519000,110.417,110.486,110.391,110.391,1165830000,8
1721891520000,1721891999000,110.391,110.391,110.268,110.298,1508980000,8
1721892000000,1721892479000,110.295,110.305,109.991,110.1,2491380000,8
1721892480000,1721892959000,110.098,110.196,110.062,110.141,1752810000,8
1721892960000,1721893439000,110.142,110.167,110.048,110.093,1749360000,8
1721893440000,1721893919000,110.102,110.129,109.971,110.035,1710170000,8
1721893920000,1721894399000,110.033,110.122,109.991,110.109,1333710000,8
1721894400000,1721894879000,110.109,110.194,110.028,110.068,1641230000,8
1721894880000,1721895359000,110.075,110.095,110.002,110.033,1611210000,8
1721895360000,1721895839000,110.035,110.043,109.899,109.992,2106750000,8
1721895840000,1721896319000,109.993,110.198,109.973,110.169,1729410000,8
1721896320000,1721896799000,110.17,110.226,110.106,110.213,1309140000,8
1721896800000,1721897279000,110.213,110.318,110.208,110.225,1231890000,8
1721897280000,1721897759000,110.224,110.426,110.224,110.379,1357740000,8
1721897760000,1721898239000,110.379,110.467,110.379,110.405,1100190000,8
1721898240000,1721898719000,110.416,110.452,110.364,110.423,982200000,8
1721898720000,1721899199000,110.421,110.422,110.288,110.315,1190730000,8
1721899200000,1721899679000,110.309,110.319,110.192,110.228,1191610000,8
1721899680000,1721900159000,110.227,110.227,110.106,110.14,1177020000,8
1721900160000,1721900639000,110.139,110.145,110.107,110.121,688950000,8
1721900640000,1721901119000,110.119,110.151,110.031,110.13,902460000,8
1721901120000,1721901599000,110.129,110.136,110.048,110.076,616890000,8
1721901600000,1721902079000,110.076,110.082,110.009,110.024,983610000,8
1721902080000,1721902559000,110.024,110.067,109.921,109.95,837430000,8
1721902560000,1721903039000,109.945,110.005,109.919,109.996,782390000,8
1721903040000,1721903519000,109.996,110.062,109.993,110.05,973530000,8
1721903520000,1721903999000,110.048,110.071,109.888,109.924,933150000,8
1721904000000,1721904479000,109.922,110.027,109.915,110.005,721620000,8
1721904480000,1721904959000,110.002,110.013,109.937,109.993,816120000,8
1721904960000,1721905439000,109.992,110.085,109.987,110.076,727830000,8
1721905440000,1721905919000,110.075,110.206,110.016,110.206,1103040000,8
1721905920000,1721906399000,110.209,110.274,110.19,110.274,1065570000,8
1721906400000,1721906879000,110.274,110.276,110.15,110.185,657550000,8
1721906880000,1721907359000,110.186,110.201,110.117,110.186,677910000,8
1721907360000,1721907839000,110.185,110.272,110.159,110.249,825390000,8
1721907840000,1721908319000,110.251,110.318,110.243,110.309,879540000,8
1721908320000,1721908799000,110.307,110.352,110.299,110.344,812070000,8
1721908800000,1721909279000,110.343,110.344,110.216,110.25,1142670000,8
1721909280000,1721909759000,110.252,110.291,110.22,110.258,1165320000,8
1721909760000,1721910239000,110.257,110.328,110.243,110.321,1465650000,8
1721910240000,1721910719000,110.321,110.721,110.291,110.644,2647380000,8
1721910720000,1721911199000,110.646,111.029,110.617,110.767,3838340000,8
1721911200000,1721911679000,110.776,110.825,110.583,110.684,2330070000,8
1721911680000,1721912159000,110.683,110.957,110.673,110.932,2433630000,8
1721912160000,1721912639000,110.93,111.126,110.86,110.979,2830140000,8
1721912640000,1721913119000,110.982,111.42,110.979,111.326,3718500000,8
1721913120000,1721913599000,111.325,111.391,111.209,111.387,2131960000,8
1721913600000,1721914079000,111.395,111.51,111.318,111.407,2243850000,8
1721914080000,1721914559000,111.407,111.445,111.233,111.243,3024660000,8
1721914560000,1721915039000,111.243,111.359,111.21,111.354,3152370000,8
1721915040000,1721915519000,111.354,111.389,111.301,111.365,2114920000,8
1721915520000,1721915999000,111.367,111.45,111.153,111.239,2072960000,8
1721916000000,1721916479000,111.241,111.284,110.941,111.005,2761560000,8
1721916480000,1721916959000,111.012,111.019,110.821,110.895,2316180000,8
1721916960000,1721917439000,110.894,111.096,110.893,111.077,2077740000,8
1721917440000,1721917919000,111.082,111.211,111.018,111.168,1739940000,8
1721917920000,1721918399000,111.178,111.245,111.115,111.145,1572280000,8
1721918400000,1721918879000,111.143,111.256,111.071,111.164,1596620000,8
1721918880000,1721919359000,111.159,111.24,111.105,111.149,1480340000,8
1721919360000,1721919839000,111.148,111.293,111.127,111.271,1430400000,8
1721919840000,1721920319000,111.275,111.302,111.205,111.227,1090710000,8
1721920320000,1721920799000,111.226,111.411,111.226,111.351,1433070000,8
1721920800000,1721921279000,111.35,111.359,111.269,111.292,915650000,8
1721921280000,1721921759000,111.292,111.393,111.26,111.371,1378860000,8
1721921760000,1721922239000,111.366,111.406,111.333,111.371,1236550000,8
1721922240000,1721922719000,111.372,111.472,111.336,111.459,1175160000,8
1721922720000,1721923199000,111.463,111.55,111.461,111.498,1701240000,8
1721923200000,1721923679000,111.5,111.533,111.458,111.515,1435530000,8
1721923680000,1721924159000,111.512,111.608,111.452,111.598,1387770000,8
1721924160000,1721924639000,111.598,111.756,111.596,111.734,1609530000,8
1721924640000,1721925119000,111.735,111.744,111.65,111.665,1224450000,8
1721925120000,1721925599000,111.663,111.747,111.656,111.704,1008090000,8
1721925600000,1721926079000,111.706,111.759,111.642,111.664,920190000,8
1721926080000,1721926559000,111.663,111.663,111.597,111.625,858990000,8
1721926560000,1721927039000,111.624,111.651,111.509,111.523,1327800000,8
1721927040000,1721927519000,111.522,111.531,111.423,111.436,1564140000,8
1721927520000,1721927999000,111.436,111.514,111.379,111.431,1284090000,8
1721928000000,1721928479000,111.433,111.453,111.354,111.416,1342560000,8
1721928480000,1721928959000,111.411,111.444,111.33,111.351,1275060000,8
1721928960000,1721929439000,111.351,111.505,111.341,111.453,1273290000,8
1721929440000,1721929919000,111.451,111.484,111.406,111.457,1050030000,8
1721929920000,1721930399000,111.459,111.558,111.456,111.55,1140240000,8
1721930400000,1721930879000,111.548,111.563,111.498,111.498,793060000,8
1721930880000,1721931359000,111.497,111.5,111.354,111.365,1285290000,8
1721931360000,1721931839000,111.366,111.428,111.358,111.389,889350000,8
1721931840000,1721932319000,111.388,111.434,111.377,111.414,856800000,8
1721932320000,1721932799000,111.415,111.423,111.381,111.404,677790000,8
1721932800000,1721933279000,111.406,111.441,111.328,111.335,1166200000,8
1721933280000,1721933759000,111.337,111.344,111.273,111.277,752610000,8
1721933760000,1721934239000,111.276,111.338,111.254,111.27,946680000,8
1721934240000,1721934719000,111.27,111.346,111.255,111.311,618450000,8
1721934720000,1721935199000,111.312,111.337,111.296,111.336,537780000,8
1721935200000,1721935679000,111.335,111.464,111.333,111.464,662490000,8
1721935680000,1721936159000,111.465,111.468,111.372,111.378,640230000,8
1721936160000,1721936639000,111.375,111.396,111.344,111.345,440760000,8
1721936640000,1721937119000,111.344,111.345,111.281,111.297,742920000,8
1721937120000,1721937599000,111.294,111.338,111.278,111.338,690810000,8
1721937600000,1721938079000,111.333,111.333,111.255,111.273,222570000,8
1721938080000,1721938559000,111.27,111.283,111.24,111.263,295380000,8
1721938560000,1721939039000,111.258,111.289,111.234,111.282,232590000,8
1721939040000,1721939519000,111.282,111.301,111.271,111.287,193020000,8
1721939520000,1721939999000,111.291,111.313,111.277,111.31,256260000,8
1721940000000,1721940479000,111.313,111.37,111.306,111.369,155580000,8
1721940480000,1721940959000,111.363,111.431,111.352,111.378,357210000,8
1721940960000,1721941439000,111.378,111.378,111.269,111.269,179370000,8
1721941440000,1721941919000,111.272,111.306,111.262,111.292,61800000,8
1721941920000,1721942399000,111.3,111.328,111.297,111.304,54000000,8
1721942400000,1721942879000,111.304,111.325,111.304,111.311,83100000,8
1721942880000,1721943359000,111.314,111.324,111.312,111.317,121200000,8
1721943360000,1721943839000,111.317,111.322,111.313,111.317,68550000,8
1721943840000,1721944319000,111.319,111.326,111.317,111.323,28320000,8
1721944320000,1721944799000,111.322,111.33,111.317,111.326,90270000,8
1721944800000,1721945279000,111.326,111.387,111.313,111.353,247320000,8
1721945280000,1721945759000,111.353,111.363,111.334,111.363,222150000,8
1721945760000,1721946239000,111.363,111.366,111.335,111.337,384270000,8
1721946240000,1721946719000,111.337,111.338,111.322,111.328,393090000,8
1721946720000,1721947199000,111.328,111.35,111.322,111.326,261180000,8
1721947200000,1721947679000,111.324,111.347,111.322,111.343,185610000,8
1721947680000,1721948159000,111.342,111.342,111.316,111.322,282990000,8
1721948160000,1721948639000,111.322,111.337,111.054,111.126,1009550000,8
1721948640000,1721949119000,111.123,111.177,111.066,111.17,1008490000,8
1721949120000,1721949599000,111.17,111.262,111.155,111.196,1018110000,8
1721949600000,1721950079000,111.195,111.196,111.056,111.061,973980000,8
1721950080000,1721950559000,111.062,111.159,110.975,111.112,1511130000,8
1721950560000,1721951039000,111.113,111.166,111.07,111.163,765270000,8
1721951040000,1721951519000,111.162,111.203,111.136,111.153,521250000,8
1721951520000,1721951999000,111.152,111.232,111.114,111.217,774630000,8
1721952000000,1721952479000,111.217,111.273,110.976,111.142,1827990000,8
1721952480000,1721952959000,111.141,111.192,111.071,111.176,1114890000,8
1721952960000,1721953439000,111.178,111.203,111.098,111.136,963780000,8
1721953440000,1721953919000,111.13,111.226,111.13,111.179,914850000,8
1721953920000,1721954399000,111.179,111.389,111.139,111.379,1576410000,8
1721954400000,1721954879000,111.379,111.544,111.377,111.477,1812820000,8
1721954880000,1721955359000,111.483,111.497,111.343,111.429,1531890000,8
1721955360000,1721955839000,111.43,111.465,111.374,111.46,1346250000,8
1721955840000,1721956319000,111.46,111.506,111.411,111.446,1255170000,8
1721956320000,1721956799000,111.445,111.462,111.38,111.392,893580000,8
1721956800000,1721957279000,111.392,111.398,111.273,111.273,850500000,8
1721957280000,1721957759000,111.273,111.313,111.121,111.159,1092330000,8
1721957760000,1721958239000,111.161,111.219,111.141,111.179,1474470000,8
1721958240000,1721958719000,111.179,111.222,111.096,111.118,1371120000,8
1721958720000,1721959199000,111.123,111.222,111.11,111.202,1280670000,8
1721959200000,1721959679000,111.2,111.27,111.19,111.253,897540000,8
1721959680000,1721960159000,111.254,111.333,111.254,111.328,853290000,8
1721960160000,1721960639000,111.326,111.326,111.239,111.268,629820000,8
1721960640000,1721961119000,111.268,111.387,111.237,111.373,951390000,8
1721961120000,1721961599000,111.374,111.426,111.35,111.391,663060000,8
1721961600000,1721962079000,111.39,111.419,111.326,111.342,526980000,8
1721962080000,1721962559000,111.34,111.384,111.33,111.381,537810000,8
1721962560000,1721963039000,111.382,111.408,111.342,111.368,295350000,8
1721963040000,1721963519000,111.364,111.364,111.286,111.333,397500000,8
1721963520000,1721963999000,111.332,111.335,111.274,111.319,564420000,8
1721964000000,1721964479000,111.319,111.358,111.314,111.356,455940000,8
1721964480000,1721964959000,111.357,111.377,111.319,111.332,323460000,8
1721964960000,1721965439000,111.332,111.392,111.332,111.391,363180000,8
1721965440000,1721965919000,111.39,111.39,111.315,111.317,258810000,8
1721965920000,1721966399000,111.315,111.325,111.266,111.274,196320000,8
1721966400000,1721966879000,111.273,111.337,111.254,111.299,430230000,8
1721966880000,1721967359000,111.298,111.341,111.289,111.33,315300000,8
1721967360000,1721967839000,111.329,111.339,111.282,111.286,282120000,8
1721967840000,1721968319000,111.285,111.306,111.262,111.301,259350000,8
1721968320000,1721968799000,111.3,111.3,111.202,111.21,445450000,8
1721968800000,1721969279000,111.208,111.27,111.202,111.258,533700000,8
1721969280000,1721969759000,111.259,111.272,111.224,111.225,330120000,8
1721969760000,1721970239000,111.227,111.345,111.218,111.312,559350000,8
1721970240000,1721970719000,111.315,111.332,111.168,111.185,690000000,8
1721970720000,1721971199000,111.184,111.208,111.131,111.191,652260000,8
1721971200000,1721971679000,111.195,111.281,111.182,111.253,628980000,8
1721971680000,1721972159000,111.251,111.27,111.199,111.267,503880000,8
1721972160000,1721972639000,111.27,111.274,111.227,111.24,401850000,8
1721972640000,1721973119000,111.238,111.328,111.238,111.316,449550000,8
1721973120000,1721973599000,111.315,111.318,111.226,111.228,490920000,8
1721973600000,1721974079000,111.222,111.265,111.152,111.25,1232190000,8
1721974080000,1721974559000,111.25,111.265,111.16,111.202,1106340000,8
1721974560000,1721975039000,111.204,111.261,111.166,111.218,1021020000,8
1721975040000,1721975519000,111.22,111.3,111.177,111.273,1010490000,8
1721975520000,1721975999000,111.273,111.289,111.233,111.284,897180000,8
1721976000000,1721976479000,111.285,111.301,111.217,111.217,806250000,8
1721976480000,1721976959000,111.219,111.224,111.165,111.192,796080000,8
1721976960000,1721977439000,111.194,111.268,111.149,111.267,1005810000,8
1721977440000,1721977919000,111.267,111.331,111.259,111.298,675180000,8
1721977920000,1721978399000,111.297,111.425,111.281,111.347,851160000,8
1721978400000,1721978879000,111.352,111.429,111.35,111.383,1004130000,8
1721978880000,1721979359000,111.382,111.585,111.382,111.576,1111140000,8
1721979360000,1721979839000,111.576,111.58,111.495,111.526,1260210000,8
1721979840000,1721980319000,111.523,111.538,111.446,111.471,1085040000,8
1721980320000,1721980799000,111.471,111.49,111.433,111.435,850680000,8
1721980800000,1721981279000,111.434,111.501,111.407,111.447,1040580000,8
1721981280000,1721981759000,111.446,111.528,111.444,111.519,782670000,8
1721981760000,1721982239000,111.521,111.642,111.511,111.636,1110090000,8
1721982240000,1721982719000,111.634,111.762,111.616,111.718,1082400000,8
1721982720000,1721983199000,111.721,111.782,111.714,111.739,1047810000,8
1721983200000,1721983679000,111.738,111.794,111.738,111.747,929280000,8
1721983680000,1721984159000,111.744,111.745,111.682,111.702,843880000,8
1721984160000,1721984639000,111.706,111.769,111.703,111.714,888000000,8
1721984640000,1721985119000,111.718,111.718,111.653,111.686,701310000,8
1721985120000,1721985599000,111.686,111.686,111.581,111.583,904500000,8
1721985600000,1721986079000,111.583,111.622,111.545,111.621,691770000,8
1721986080000,1721986559000,111.621,111.624,111.523,111.56,837570000,8
1721986560000,1721987039000,111.56,111.572,111.497,111.503,475800000,8
1721987040000,1721987519000,111.504,111.602,111.492,111.599,551400000,8
1721987520000,1721987999000,111.599,111.629,111.586,111.619,427530000,8
1721988000000,1721988479000,111.618,111.683,111.608,111.647,658470000,8
1721988480000,1721988959000,111.647,111.677,111.615,111.642,542940000,8
1721988960000,1721989439000,111.649,111.665,111.612,111.638,642090000,8
1721989440000,1721989919000,111.64,111.691,111.612,111.687,614820000,8
1721989920000,1721990399000,111.684,111.703,111.679,111.699,337140000,8
1721990400000,1721990879000,111.7,111.835,111.7,111.816,876120000,8
1721990880000,1721991359000,111.818,111.952,111.798,111.902,813180000,8
1721991360000,1721991839000,111.9,111.92,111.828,111.837,711840000,8
1721991840000,1721992319000,111.835,111.936,111.83,111.932,983580000,8
1721992320000,1721992799000,111.927,111.982,111.922,111.94,818070000,8
1721992800000,1721993279000,111.942,111.968,111.91,111.939,617850000,8
1721993280000,1721993759000,111.94,111.945,111.894,111.915,633030000,8
1721993760000,1721994239000,111.915,111.927,111.868,111.927,592020000,8
1721994240000,1721994719000,111.93,111.974,111.929,111.961,475950000,8
1721994720000,1721995199000,111.965,111.979,111.91,111.914,687660000,8
1721995200000,1721995679000,111.916,111.921,111.82,111.843,772560000,8
1721995680000,1721996159000,111.842,111.867,111.806,111.83,649920000,8
1721996160000,1721996639000,111.831,111.885,111.827,111.852,957330000,8
1721996640000,1721997119000,111.853,111.899,111.615,111.753,2197290000,8
1721997120000,1721997599000,111.752,111.806,111.588,111.617,2697290000,8
1721997600000,1721998079000,111.611,111.681,111.453,111.65,2620490000,8
1721998080000,1721998559000,111.65,111.705,111.59,111.601,1462710000,8
1721998560000,1721999039000,111.603,111.616,111.477,111.496,1725540000,8
1721999040000,1721999519000,111.496,111.509,111.194,111.4,2370480000,8
1721999520000,1721999999000,111.408,111.492,111.331,111.351,1423470000,8
1722000000000,1722000479000,111.346,111.436,111.309,111.367,1409880000,8
1722000480000,1722000959000,111.366,111.455,111.311,111.417,2303010000,8
1722000960000,1722001439000,111.415,111.425,111.279,111.317,2635290000,8
1722001440000,1722001919000,111.319,111.443,111.316,111.428,2181030000,8
1722001920000,1722002399000,111.427,111.437,111.27,111.27,1229490000,8
1722002400000,1722002879000,111.253,111.544,111.253,111.359,2314320000,8
1722002880000,1722003359000,111.36,111.376,111.279,111.316,2005020000,8
1722003360000,1722003839000,111.318,111.383,110.72,111.014,3380490000,8
1722003840000,1722004319000,111.014,111.142,110.922,110.929,2076210000,8
1722004320000,1722004799000,110.929,110.957,110.822,110.87,2109300000,8
1722004800000,1722005279000,110.87,110.929,110.758,110.829,1928970000,8
1722005280000,1722005759000,110.83,110.949,110.785,110.892,1522050000,8
1722005760000,1722006239000,110.89,110.988,110.865,110.986,1686270000,8
1722006240000,1722006719000,110.986,111.145,110.974,111.133,1575840000,8
1722006720000,1722007199000,111.126,111.138,111.029,111.047,1219170000,8
1722007200000,1722007679000,111.045,111.059,110.989,111.013,1011810000,8
1722007680000,1722008159000,111.011,111.063,110.98,111.015,884310000,8
1722008160000,1722008639000,111.015,111.044,110.956,111.017,1018290000,8
1722008640000,1722009119000,111.017,111.163,111.004,111.131,945660000,8
1722009120000,1722009599000,111.132,111.228,111.113,111.221,1109070000,8
1722009600000,1722010079000,111.222,111.227,111.141,111.2,749040000,8
1722010080000,1722010559000,111.2,111.218,111.139,111.17,706740000,8
1722010560000,1722011039000,111.174,111.193,111.14,111.167,584460000,8
1722011040000,1722011519000,111.166,111.226,111.165,111.2,529620000,8
1722011520000,1722011999000,111.2,111.216,111.124,111.158,472440000,8
1722012000000,1722012479000,111.159,111.206,111.151,111.206,477690000,8
1722012480000,1722012959000,111.203,111.232,111.162,111.228,592980000,8
1722012960000,1722013439000,111.226,111.268,111.217,111.234,597450000,8
1722013440000,1722013919000,111.235,111.25,111.183,111.213,455610000,8
1722013920000,1722014399000,111.215,111.249,111.2,111.234,434700000,8
1722014400000,1722014879000,111.235,111.284,111.231,111.269,433980000,8
1722014880000,1722015359000,111.269,111.295,111.158,111.167,720780000,8
1722015360000,1722015839000,111.167,111.175,111.117,111.123,809520000,8
1722015840000,1722016319000,111.124,111.178,111.106,111.114,539640000,8
1722016320000,1722016799000,111.114,111.135,111.08,111.128,513240000,8
1722016800000,1722017279000,111.128,111.169,111.127,111.162,396390000,8
1722017280000,1722017759000,111.161,111.193,111.148,111.156,362700000,8
1722017760000,1722018239000,111.157,111.167,111.132,111.145,493800000,8
1722018240000,1722018719000,111.146,111.187,111.144,111.173,515050000,8
1722018720000,1722019199000,111.173,111.185,111.133,111.17,348780000,8
1722019200000,1722019679000,111.168,111.168,111.096,111.118,825030000,8
1722019680000,1722020159000,111.122,111.158,111.114,111.128,454260000,8
1722020160000,1722020639000,111.128,111.143,111.049,111.071,571380000,8
1722020640000,1722021119000,111.072,111.13,111.069,111.126,433140000,8
1722021120000,1722021599000,111.128,111.152,111.118,111.144,414810000,8
1722021600000,1722022079000,111.141,111.155,111.128,111.152,309150000,8
1722022080000,1722022559000,111.149,111.152,111.108,111.129,351330000,8
1722022560000,1722023039000,111.128,111.128,111.1,111.104,302310000,8
1722023040000,1722023519000,111.105,111.125,111.095,111.121,301500000,8
1722023520000,1722023999000,111.12,111.172,111.119,111.166,345900000,8
1722024000000,1722024479000,111.166,111.201,111.162,111.195,179400000,8
1722024480000,1722024959000,111.196,111.202,111.179,111.182,70080000,8
1722024960000,1722025439000,111.185,111.186,111.151,111.152,102450000,8
1722025440000,1722025919000,111.148,111.181,111.146,111.168,163320000,8
1722025920000,1722026399000,111.167,111.186,111.162,111.185,70800000,8
1722026400000,1722026879000,111.19,111.191,111.141,111.142,84000000,8
1722026880000,1722027359000,111.142,111.149,111.122,111.132,161280000,8
1722027360000,1722027839000,111.132,111.133,111.022,111.117,136140000,8
1722027840000,1722028319000,111.117,111.117,111.117,111.117,0,8
1722028320000,1722028799000,111.117,111.117,111.117,111.117,0,8
1722028800000,1722029279000,111.117,111.117,111.117,111.117,0,8
1722029280000,1722029759000,111.117,111.117,111.117,111.117,0,8
1722029760000,1722030239000,111.117,111.117,111.117,111.117,0,8
1722030240000,1722030719000,111.117,111.117,111.117,111.117,0,8
1722030720000,1722031199000,111.117,111.117,111.117,111.117,0,8
1722031200000,1722031679000,111.117,111.117,111.117,111.117,0,8
1722031680000,1722032159000,111.117,111.117,111.117,111.117,0,8
1722032160000,1722032639000,111.117,111.117,111.117,111.117,0,8
1722032640000,1722033119000,111.117,111.117,111.117,111.117,0,8
1722033120000,1722033599000,111.117,111.117,111.117,111.117,0,8
1722033600000,1722034079000,111.117,111.117,111.117,111.117,0,8
1722034080000,1722034559000,111.117,111.117,111.117,111.117,0,8
1722034560000,1722035039000,111.117,111.117,111.117,111.117,0,8
1722035040000,1722035519000,111.117,111.117,111.117,111.117,0,8
1722035520000,1722035999000,111.117,111.117,111.117,111.117,0,8
1722036000000,1722036479000,111.117,111.117,111.117,111.117,0,8
1722036480000,1722036959000,111.117,111.117,111.117,111.117,0,8
1722036960000,1722037439000,111.117,111.117,111.117,111.117,0,8
1722037440000,1722037919000,111.117,111.117,111.117,111.117,0,8
1722037920000,1722038399000,111.117,111.117,111.117,111.117,0,8
1722201120000,1722201599000,111.068,111.096,111.068,111.094,19200000,8
1722202080000,1722202559000,111.124,111.134,111.116,111.117,97800000,8
1722202560000,1722203039000,111.121,111.125,111.109,111.123,58200000,8
1722203040000,1722203519000,111.138,111.144,111.095,111.108,94560000,8
1722203520000,1722203999000,111.094,111.094,110.883,110.901,741660000,8
1722204000000,1722204479000,111.121,111.246,111.121,111.222,463140000,8
1722204480000,1722204959000,111.221,111.223,111.151,111.156,432450000,8
1722204960000,1722205439000,111.149,111.184,111.143,111.18,454200000,8
1722205440000,1722205919000,111.182,111.203,111.154,111.194,418800000,8
1722205920000,1722206399000,111.195,111.243,111.193,111.222,431400000,8
1722206400000,1722206879000,111.223,111.336,111.217,111.319,475500000,8
1722206880000,1722207359000,111.316,111.333,111.283,111.312,708210000,8
1722207360000,1722207839000,111.314,111.407,111.314,111.395,753810000,8
1722207840000,1722208319000,111.396,111.424,111.378,111.396,482100000,8
1722208320000,1722208799000,111.394,111.507,111.392,111.496,542220000,8
1722208800000,1722209279000,111.498,111.525,111.48,111.521,441810000,8
1722209280000,1722209759000,111.522,111.528,111.475,111.475,498330000,8
1722209760000,1722210239000,111.476,111.48,111.399,111.427,511590000,8
1722210240000,1722210719000,111.425,111.442,111.342,111.394,585960000,8
1722210720000,1722211199000,111.398,111.462,111.397,111.451,380970000,8
1722211200000,1722211679000,111.455,111.61,111.419,111.595,1480320000,8
1722211680000,1722212159000,111.596,111.596,111.524,111.558,715200000,8
1722212160000,1722212639000,111.559,111.597,111.53,111.55,632610000,8
1722212640000,1722213119000,111.552,111.553,111.453,111.479,927990000,8
1722213120000,1722213599000,111.477,111.505,111.413,111.444,710010000,8
1722213600000,1722214079000,111.445,111.535,111.43,111.528,754410000,8
1722214080000,1722214559000,111.527,111.527,111.107,111.151,2227080000,8
1722214560000,1722215039000,111.152,111.279,111.137,111.198,2013210000,8
1722215040000,1722215519000,111.196,111.271,111.136,111.248,1252280000,8
1722215520000,1722215999000,111.247,111.283,111.182,111.183,898680000,8
1722216000000,1722216479000,111.185,111.228,111.103,111.228,1001640000,8
1722216480000,1722216959000,111.227,111.234,110.995,111.044,1802010000,8
1722216960000,1722217439000,111.043,111.044,110.887,110.95,1539900000,8
1722217440000,1722217919000,110.957,111.05,110.938,111.013,1099920000,8
1722217920000,1722218399000,111.012,111.06,111.006,111.029,1115130000,8
1722218400000,1722218879000,111.032,111.089,111.005,111.033,1257870000,8
1722218880000,1722219359000,111.032,111.039,110.901,110.903,1153100000,8
1722219360000,1722219839000,110.903,110.929,110.752,110.779,1434780000,8
1722219840000,1722220319000,110.777,110.857,110.716,110.848,1491600000,8
1722220320000,1722220799000,110.847,110.874,110.811,110.854,825870000,8
1722220800000,1722221279000,110.854,110.912,110.83,110.911,832110000,8
1722221280000,1722221759000,110.912,110.984,110.895,110.973,899160000,8
1722221760000,1722222239000,110.973,111.028,110.942,110.97,982370000,8
1722222240000,1722222719000,110.972,111.006,110.936,110.984,651240000,8
1722222720000,1722223199000,110.985,111.039,110.962,111.03,566490000,8
1722223200000,1722223679000,111.029,111.106,111.025,111.086,555810000,8
1722223680000,1722224159000,111.085,111.129,111.075,111.107,420360000,8
1722224160000,1722224639000,111.106,111.158,111.097,111.14,479250000,8
1722224640000,1722225119000,111.142,111.203,111.136,111.144,632010000,8
1722225120000,1722225599000,111.146,111.161,111.071,111.081,607790000,8
1722225600000,1722226079000,111.084,111.141,111.08,111.136,483870000,8
1722226080000,1722226559000,111.14,111.143,111.011,111.027,630690000,8
1722226560000,1722227039000,111.029,111.046,110.974,111.041,699510000,8
1722227040000,1722227519000,111.042,111.102,111.026,111.086,577980000,8
1722227520000,1722227999000,111.087,111.113,111.043,111.043,404010000,8
1722228000000,1722228479000,111.044,111.046,110.912,110.914,675030000,8
1722228480000,1722228959000,110.916,110.96,110.9,110.94,679890000,8
1722228960000,1722229439000,110.935,110.977,110.914,110.941,773310000,8
1722229440000,1722229919000,110.944,110.974,110.892,110.973,681750000,8
1722229920000,1722230399000,110.974,111.037,110.961,111.028,519060000,8
1722230400000,1722230879000,111.028,111.09,111.028,111.081,597390000,8
1722230880000,1722231359000,111.084,111.125,111.07,111.086,430020000,8
1722231360000,1722231839000,111.084,111.092,111.044,111.083,520290000,8
1722231840000,1722232319000,111.085,111.145,111.04,111.057,689880000,8
1722232320000,1722232799000,111.056,111.068,110.908,110.937,987420000,8
1722232800000,1722233279000,110.937,110.979,110.836,110.851,1273800000,8
1722233280000,1722233759000,110.848,110.969,110.82,110.963,1035330000,8
1722233760000,1722234239000,110.964,111.001,110.944,110.972,473970000,8
1722234240000,1722234719000,110.972,110.973,110.889,110.917,939210000,8
1722234720000,1722235199000,110.917,110.918,110.806,110.907,1188210000,8
1722235200000,1722235679000,110.907,110.99,110.901,110.961,961150000,8
1722235680000,1722236159000,110.962,110.982,110.896,110.973,833220000,8
1722236160000,1722236639000,110.977,110.991,110.851,110.977,1087440000,8
1722236640000,1722237119000,110.978,111.0,110.907,110.913,995220000,8
1722237120000,1722237599000,110.913,110.921,110.777,110.891,1380600000,8
1722237600000,1722238079000,110.892,110.983,110.874,110.977,1342650000,8
1722238080000,1722238559000,110.978,111.023,110.941,110.967,1351830000,8
1722238560000,1722239039000,110.966,111.043,110.949,110.963,1155420000,8
1722239040000,1722239519000,110.959,111.019,110.945,111.019,1059710000,8
1722239520000,1722239999000,111.017,111.087,111.013,111.013,1113690000,8
1722240000000,1722240479000,111.013,111.065,110.978,111.05,921270000,8
1722240480000,1722240959000,111.049,111.22,111.049,111.206,1146990000,8
1722240960000,1722241439000,111.212,111.215,111.099,111.114,1152990000,8
1722241440000,1722241919000,111.113,111.14,111.09,111.096,648000000,8
1722241920000,1722242399000,111.098,111.159,111.058,111.071,984210000,8
1722242400000,1722242879000,111.072,111.094,110.992,110.999,976080000,8
1722242880000,1722243359000,110.999,111.028,110.966,111.017,944220000,8
1722243360000,1722243839000,111.018,111.068,110.99,111.018,870720000,8
1722243840000,1722244319000,111.018,111.088,111.016,111.025,666210000,8
1722244320000,1722244799000,111.023,111.048,110.983,111.017,696960000,8
1722244800000,1722245279000,111.015,111.056,110.987,111.032,480120000,8
1722245280000,1722245759000,111.032,111.07,111.03,111.061,522480000,8
1722245760000,1722246239000,111.059,111.144,111.033,111.035,647100000,8
1722246240000,1722246719000,111.04,111.111,111.028,111.079,711270000,8
1722246720000,1722247199000,111.078,111.167,111.064,111.13,659010000,8
1722247200000,1722247679000,111.132,111.173,111.103,111.17,495990000,8
1722247680000,1722248159000,111.174,111.175,111.129,111.151,526560000,8
1722248160000,1722248639000,111.151,111.191,111.129,111.141,524220000,8
1722248640000,1722249119000,111.138,111.222,111.138,111.222,668370000,8
1722249120000,1722249599000,111.221,111.239,111.137,111.158,632160000,8
1722249600000,1722250079000,111.158,111.175,111.083,111.093,669150000,8
1722250080000,1722250559000,111.093,111.122,111.016,111.075,620850000,8
1722250560000,1722251039000,111.077,111.1,111.015,111.035,687960000,8
1722251040000,1722251519000,111.033,111.044,110.979,111.024,614040000,8
1722251520000,1722251999000,111.023,111.062,111.016,111.059,428100000,8
1722252000000,1722252479000,111.058,111.098,111.027,111.084,538290000,8
1722252480000,1722252959000,111.083,111.108,110.988,110.993,592290000,8
1722252960000,1722253439000,110.997,111.034,110.969,111.017,698610000,8
1722253440000,1722253919000,111.015,111.097,111.013,111.092,506040000,8
1722253920000,1722254399000,111.094,111.122,111.067,111.105,619650000,8
1722254400000,1722254879000,111.106,111.136,111.041,111.122,1173780000,8
1722254880000,1722255359000,111.122,111.227,111.116,111.217,938490000,8
1722255360000,1722255839000,111.221,111.262,111.202,111.228,844140000,8
1722255840000,1722256319000,111.227,111.297,111.217,111.28,840150000,8
1722256320000,1722256799000,111.281,111.297,111.222,111.233,809760000,8
1722256800000,1722257279000,111.232,111.238,111.171,111.178,777420000,8
1722257280000,1722257759000,111.177,111.206,111.142,111.165,556470000,8
1722257760000,1722258239000,111.163,111.242,111.152,111.21,825300000,8
1722258240000,1722258719000,111.208,111.22,111.063,111.115,1308450000,8
1722258720000,1722259199000,111.116,111.243,111.108,111.218,923460000,8
1722259200000,1722259679000,111.219,111.302,111.181,111.302,695790000,8
1722259680000,1722260159000,111.3,111.353,111.216,111.316,1085160000,8
1722260160000,1722260639000,111.315,111.347,111.219,111.252,1168770000,8
1722260640000,1722261119000,111.252,111.288,111.218,111.246,1427550000,8
1722261120000,1722261599000,111.249,111.376,111.228,111.357,1304100000,8
1722261600000,1722262079000,111.355,111.382,111.321,111.329,1115850000,8
1722262080000,1722262559000,111.327,111.33,111.244,111.283,1120260000,8
1722262560000,1722263039000,111.284,111.288,111.235,111.256,935190000,8
1722263040000,1722263519000,111.256,111.281,111.114,111.121,1230050000,8
1722263520000,1722263999000,111.123,111.195,111.094,111.194,1261730000,8
1722264000000,1722264479000,111.194,111.23,111.178,111.203,1127760000,8
1722264480000,1722264959000,111.204,111.223,111.129,111.211,1530060000,8
1722264960000,1722265439000,111.214,111.244,111.118,111.172,1721260000,8
1722265440000,1722265919000,111.171,111.176,111.13,111.156,907440000,8
1722265920000,1722266399000,111.155,111.155,111.067,111.083,823890000,8
1722266400000,1722266879000,111.083,111.127,111.082,111.102,798840000,8
1722266880000,1722267359000,111.101,111.114,111.018,111.02,717840000,8
1722267360000,1722267839000,111.021,111.061,111.02,111.043,796140000,8
1722267840000,1722268319000,111.042,111.124,111.026,111.078,644670000,8
1722268320000,1722268799000,111.079,111.132,111.046,111.123,642060000,8
1722268800000,1722269279000,111.123,111.15,111.122,111.146,632040000,8
1722269280000,1722269759000,111.147,111.178,111.129,111.164,541680000,8
1722269760000,1722270239000,111.165,111.172,111.116,111.128,358260000,8
1722270240000,1722270719000,111.126,111.134,111.064,111.081,510420000,8
1722270720000,1722271199000,111.081,111.106,111.07,111.094,427350000,8
1722271200000,1722271679000,111.094,111.149,111.094,111.14,505200000,8
1722271680000,1722272159000,111.141,111.145,111.115,111.122,393300000,8
1722272160000,1722272639000,111.121,111.124,111.068,111.087,496830000,8
1722272640000,1722273119000,111.087,111.111,111.062,111.092,559860000,8
1722273120000,1722273599000,111.093,111.115,111.085,111.101,541500000,8
1722273600000,1722274079000,111.101,111.101,111.063,111.075,411810000,8
1722274080000,1722274559000,111.074,111.086,111.058,111.084,407280000,8
1722274560000,1722275039000,111.083,111.137,111.083,111.13,286590000,8
1722275040000,1722275519000,111.127,111.15,111.117,111.148,289890000,8
1722275520000,1722275999000,111.15,111.191,111.136,111.163,296310000,8
1722276000000,1722276479000,111.162,111.192,111.138,111.177,357210000,8
1722276480000,1722276959000,111.179,111.183,111.145,111.145,270600000,8
1722276960000,1722277439000,111.142,111.171,111.139,111.157,289800000,8
1722277440000,1722277919000,111.159,111.193,111.157,111.173,276000000,8
1722277920000,1722278399000,111.174,111.196,111.161,111.161,195630000,8
1722278400000,1722278879000,111.16,111.193,111.142,111.146,286950000,8
1722278880000,1722279359000,111.148,111.158,111.132,111.151,478050000,8
1722279360000,1722279839000,111.149,111.179,111.142,111.162,495960000,8
1722279840000,1722280319000,111.163,111.179,111.132,111.172,291030000,8
1722280320000,1722280799000,111.172,111.175,111.152,111.167,264210000,8
1722280800000,1722281279000,111.166,111.183,111.159,111.176,206730000,8
1722281280000,1722281759000,111.177,111.188,111.164,111.185,222000000,8
1722281760000,1722282239000,111.186,111.212,111.182,111.203,438690000,8
1722282240000,1722282719000,111.204,111.211,111.183,111.21,259260000,8
1722282720000,1722283199000,111.21,111.216,111.156,111.163,375600000,8
1722283200000,1722283679000,111.163,111.163,111.139,111.156,137340000,8
1722283680000,1722284159000,111.153,111.174,111.153,111.172,103950000,8
1722284160000,1722284639000,111.172,111.179,111.163,111.179,75090000,8
1722284640000,1722285119000,111.181,111.188,111.164,111.188,114120000,8
1722285120000,1722285599000,111.187,111.204,111.185,111.188,79200000,8
1722285600000,1722286079000,111.188,111.197,111.184,111.19,117360000,8
1722286080000,1722286559000,111.191,111.201,111.186,111.188,124200000,8
1722286560000,1722287039000,111.185,111.19,111.045,111.045,122730000,8
1722287040000,1722287519000,111.045,111.101,111.045,111.088,580920000,8
1722287520000,1722287999000,111.094,111.118,111.077,111.116,116640000,8
1722288000000,1722288479000,111.117,111.117,111.103,111.116,212640000,8
1722288480000,1722288959000,111.116,111.168,111.114,111.158,113400000,8
1722288960000,1722289439000,111.156,111.16,111.149,111.159,78840000,8
1722289440000,1722289919000,111.16,111.21,111.149,111.169,571800000,8
1722289920000,1722290399000,111.175,111.181,111.143,111.147,400800000,8
1722290400000,1722290879000,111.156,111.201,111.15,111.197,195540000,8
1722290880000,1722291359000,111.197,111.214,111.173,111.197,339900000,8
1722291360000,1722291839000,111.195,111.207,111.173,111.201,296400000,8
1722291840000,1722292319000,111.204,111.225,111.184,111.21,466140000,8
1722292320000,1722292799000,111.209,111.222,111.195,111.213,313920000,8
1722292800000,1722293279000,111.213,111.214,111.179,111.195,385320000,8
1722293280000,1722293759000,111.199,111.209,111.163,111.186,266700000,8
1722293760000,1722294239000,111.187,111.208,111.029,111.114,616830000,8
1722294240000,1722294719000,111.115,111.131,111.031,111.043,726900000,8
1722294720000,1722295199000,111.042,111.079,111.039,111.055,283800000,8
1722295200000,1722295679000,111.055,111.062,111.023,111.045,270600000,8
1722295680000,1722296159000,111.044,111.048,110.987,111.007,384330000,8
1722296160000,1722296639000,111.008,111.077,111.005,111.045,250590000,8
1722296640000,1722297119000,111.043,111.086,110.997,111.044,594090000,8
1722297120000,1722297599000,111.043,111.052,111.008,111.02,387000000,8
1722297600000,1722298079000,111.017,111.017,110.89,110.908,990030000,8
1722298080000,1722298559000,110.902,110.952,110.857,110.914,646530000,8
1722298560000,1722299039000,110.913,110.98,110.898,110.971,449340000,8
1722299040000,1722299519000,110.969,111.067,110.968,111.057,606870000,8
1722299520000,1722299999000,111.055,111.129,111.023,111.117,643290000,8
1722300000000,1722300479000,111.115,111.144,111.092,111.124,548550000,8
1722300480000,1722300959000,111.122,111.205,111.088,111.181,1009200000,8
1722300960000,1722301439000,111.184,111.189,111.09,111.101,643380000,8
1722301440000,1722301919000,111.099,111.15,111.044,111.15,593520000,8
1722301920000,1722302399000,111.152,111.26,111.125,111.231,1093350000,8
1722302400000,1722302879000,111.23,111.325,111.223,111.28,910410000,8
1722302880000,1722303359000,111.278,111.284,111.154,111.175,791970000,8
1722303360000,1722303839000,111.174,111.174,111.076,111.077,740130000,8
1722303840000,1722304319000,111.078,111.151,111.007,111.046,851580000,8
1722304320000,1722304799000,111.039,111.105,111.03,111.105,713610000,8
1722304800000,1722305279000,111.106,111.157,111.09,111.145,842400000,8
1722305280000,1722305759000,111.145,111.2,111.143,111.194,554010000,8
1722305760000,1722306239000,111.192,111.229,111.177,111.209,478710000,8
1722306240000,1722306719000,111.207,111.223,111.185,111.22,393990000,8
1722306720000,1722307199000,111.22,111.225,111.149,111.172,394920000,8
1722307200000,1722307679000,111.178,111.198,111.104,111.159,705150000,8
1722307680000,1722308159000,111.16,111.198,111.138,111.154,344730000,8
1722308160000,1722308639000,111.153,111.182,111.15,111.181,298800000,8
1722308640000,1722309119000,111.182,111.227,111.18,111.224,360690000,8
1722309120000,1722309599000,111.225,111.297,111.223,111.261,368760000,8
1722309600000,1722310079000,111.263,111.275,111.218,111.222,399240000,8
1722310080000,1722310559000,111.225,111.267,111.223,111.255,314100000,8
1722310560000,1722311039000,111.257,111.267,111.226,111.234,493500000,8
1722311040000,1722311519000,111.233,111.252,111.194,111.202,323370000,8
1722311520000,1722311999000,111.202,111.264,111.185,111.261,347910000,8
1722312000000,1722312479000,111.261,111.338,111.261,111.337,528540000,8
1722312480000,1722312959000,111.338,111.349,111.309,111.322,366510000,8
1722312960000,1722313439000,111.322,111.356,111.284,111.349,273180000,8
1722313440000,1722313919000,111.347,111.406,111.309,111.389,396570000,8
1722313920000,1722314399000,111.388,111.444,111.364,111.435,509580000,8
1722314400000,1722314879000,111.434,111.516,111.43,111.441,797010000,8
1722314880000,1722315359000,111.442,111.564,111.442,111.532,620910000,8
1722315360000,1722315839000,111.533,111.6,111.504,111.594,692730000,8
1722315840000,1722316319000,111.592,111.677,111.565,111.651,1119240000,8
1722316320000,1722316799000,111.653,111.711,111.611,111.703,817890000,8
1722316800000,1722317279000,111.712,111.74,111.657,111.666,829020000,8
1722317280000,1722317759000,111.665,111.686,111.63,111.672,495930000,8
1722317760000,1722318239000,111.67,111.7,111.634,111.671,753660000,8
1722318240000,1722318719000,111.671,111.747,111.659,111.699,912660000,8
1722318720000,1722319199000,111.7,111.777,111.7,111.718,913290000,8
1722319200000,1722319679000,111.716,111.738,111.653,111.732,941790000,8
1722319680000,1722320159000,111.731,111.805,111.687,111.786,981150000,8
1722320160000,1722320639000,111.781,111.877,111.768,111.855,1171290000,8
1722320640000,1722321119000,111.854,111.921,111.85,111.891,978330000,8
1722321120000,1722321599000,111.896,112.021,111.891,111.951,1318280000,8
1722321600000,1722322079000,111.952,112.094,111.942,112.065,896790000,8
1722322080000,1722322559000,112.065,112.066,111.971,111.998,726300000,8
1722322560000,1722323039000,111.996,112.057,111.955,112.002,818610000,8
1722323040000,1722323519000,112.003,112.031,111.887,111.919,1730940000,8
1722323520000,1722323999000,111.92,111.98,111.92,111.977,927930000,8
1722324000000,1722324479000,111.972,111.972,111.759,111.814,1228530000,8
1722324480000,1722324959000,111.816,111.89,111.796,111.847,1031160000,8
1722324960000,1722325439000,111.847,111.924,111.841,111.882,739560000,8
1722325440000,1722325919000,111.881,111.905,111.81,111.865,782040000,8
1722325920000,1722326399000,111.863,111.893,111.817,111.849,705000000,8
1722326400000,1722326879000,111.851,111.867,111.709,111.788,948510000,8
1722326880000,1722327359000,111.787,111.813,111.743,111.804,775290000,8
1722327360000,1722327839000,111.805,111.821,111.748,111.816,727530000,8
1722327840000,1722328319000,111.815,111.913,111.785,111.87,773550000,8
1722328320000,1722328799000,111.874,111.925,111.869,111.871,672300000,8
1722328800000,1722329279000,111.872,111.889,111.787,111.791,455370000,8
1722329280000,1722329759000,111.788,111.788,111.694,111.763,1023960000,8
1722329760000,1722330239000,111.761,111.779,111.674,111.752,806010000,8
1722330240000,1722330719000,111.75,111.782,111.729,111.776,595230000,8
1722330720000,1722331199000,111.773,111.845,111.764,111.835,612540000,8
1722331200000,1722331679000,111.836,111.849,111.783,111.816,540000000,8
1722331680000,1722332159000,111.814,111.866,111.803,111.862,647430000,8
1722332160000,1722332639000,111.862,111.91,111.843,111.903,495600000,8
1722332640000,1722333119000,111.902,111.928,111.865,111.879,353130000,8
1722333120000,1722333599000,111.88,111.918,111.825,111.833,477870000,8
1722333600000,1722334079000,111.834,111.859,111.801,111.812,475260000,8
1722334080000,1722334559000,111.812,111.882,111.812,111.824,367950000,8
1722334560000,1722335039000,111.822,111.859,111.801,111.83,340440000,8
1722335040000,1722335519000,111.829,111.837,111.79,111.798,353940000,8
1722335520000,1722335999000,111.8,111.832,111.774,111.799,425460000,8
1722336000000,1722336479000,111.795,111.799,111.759,111.776,267420000,8
1722336480000,1722336959000,111.778,111.809,111.749,111.749,285960000,8
1722336960000,1722337439000,111.745,111.772,111.727,111.762,423540000,8
1722337440000,1722337919000,111.762,111.796,111.741,111.79,343500000,8
1722337920000,1722338399000,111.792,111.839,111.779,111.79,366030000,8
1722338400000,1722338879000,111.794,111.812,111.772,111.788,362070000,8
1722338880000,1722339359000,111.784,111.786,111.743,111.776,265350000,8
1722339360000,1722339839000,111.778,111.803,111.751,111.763,272430000,8
1722339840000,1722340319000,111.763,111.764,111.706,111.733,261300000,8
1722340320000,1722340799000,111.733,111.805,111.717,111.792,274740000,8
1722340800000,1722341279000,111.794,111.8,111.734,111.752,776610000,8
1722341280000,1722341759000,111.752,111.821,111.743,111.813,816960000,8
1722341760000,1722342239000,111.814,111.877,111.802,111.806,1135650000,8
1722342240000,1722342719000,111.806,111.875,111.803,111.83,664590000,8
1722342720000,1722343199000,111.834,111.843,111.776,111.831,720820000,8
1722343200000,1722343679000,111.833,111.839,111.777,111.794,600260000,8
1722343680000,1722344159000,111.795,111.801,111.708,111.747,738260000,8
1722344160000,1722344639000,111.757,111.771,111.668,111.67,899240000,8
1722344640000,1722345119000,111.669,111.669,111.533,111.585,1916030000,8
1722345120000,1722345599000,111.584,111.588,111.422,111.452,2185960000,8
1722345600000,1722346079000,111.453,111.508,111.383,111.411,1587030000,8
1722346080000,1722346559000,111.412,111.497,111.397,111.455,2062620000,8
1722346560000,1722347039000,111.456,111.502,111.417,111.474,2006780000,8
1722347040000,1722347519000,111.475,111.486,111.368,111.435,1979270000,8
1722347520000,1722347999000,111.434,111.468,111.381,111.426,1591740000,8
1722348000000,1722348479000,111.425,111.591,111.396,111.526,2436300000,8
1722348480000,1722348959000,111.524,111.551,111.459,111.508,1655490000,8
1722348960000,1722349439000,111.51,111.594,111.509,111.576,1407300000,8
1722349440000,1722349919000,111.577,111.621,111.544,111.59,1525350000,8
1722349920000,1722350399000,111.591,111.601,111.469,111.537,1483370000,8
1722350400000,1722350879000,111.535,111.627,111.521,111.573,1385970000,8
1722350880000,1722351359000,111.572,111.653,111.569,111.616,1382180000,8
1722351360000,1722351839000,111.618,111.7,111.52,111.53,1288240000,8
1722351840000,1722352319000,111.53,111.539,111.033,111.334,4389370000,8
1722352320000,1722352799000,111.331,111.363,111.22,111.278,2106570000,8
1722352800000,1722353279000,111.28,111.304,111.191,111.253,1778070000,8
1722353280000,1722353759000,111.252,111.255,111.098,111.197,1539030000,8
1722353760000,1722354239000,111.197,111.197,111.014,111.048,1683990000,8
1722354240000,1722354719000,111.049,111.129,110.932,110.944,1831360000,8
1722354720000,1722355199000,110.944,111.041,110.918,111.002,1525980000,8
1722355200000,1722355679000,111.001,111.096,110.993,111.072,1279290000,8
1722355680000,1722356159000,111.07,111.086,110.977,111.013,1281240000,8
1722356160000,1722356639000,111.015,111.017,110.846,110.858,1400850000,8
1722356640000,1722357119000,110.859,110.865,110.739,110.753,1488840000,8
1722357120000,1722357599000,110.755,110.809,110.685,110.808,1505790000,8
1722357600000,1722358079000,110.807,110.845,110.748,110.807,1381080000,8
1722358080000,1722358559000,110.809,110.809,110.689,110.697,1359960000,8
1722358560000,1722359039000,110.697,110.717,110.547,110.635,2617380000,8
1722359040000,1722359519000,110.635,110.739,110.61,110.634,1723500000,8
1722359520000,1722359999000,110.633,110.758,110.626,110.702,1375590000,8
1722360000000,1722360479000,110.703,110.703,110.492,110.527,1618680000,8
1722360480000,1722360959000,110.533,110.635,110.506,110.595,1524660000,8
1722360960000,1722361439000,110.597,110.669,110.579,110.665,1440360000,8
1722361440000,1722361919000,110.665,110.693,110.63,110.656,1208730000,8
1722361920000,1722362399000,110.663,110.67,110.606,110.645,818520000,8
1722362400000,1722362879000,110.645,110.708,110.573,110.671,1085520000,8
1722362880000,1722363359000,110.671,110.71,110.651,110.701,880290000,8
1722363360000,1722363839000,110.703,110.741,110.642,110.661,645150000,8
1722363840000,1722364319000,110.66,110.7,110.649,110.692,771090000,8
1722364320000,1722364799000,110.693,110.787,110.684,110.764,760950000,8
1722364800000,1722365279000,110.763,110.782,110.675,110.685,554250000,8
1722365280000,1722365759000,110.686,110.689,110.597,110.671,771330000,8
1722365760000,1722366239000,110.671,110.674,110.629,110.64,500280000,8
1722366240000,1722366719000,110.641,110.662,110.585,110.62,453690000,8
1722366720000,1722367199000,110.618,110.666,110.618,110.659,347400000,8
1722367200000,1722367679000,110.659,110.668,110.611,110.618,441780000,8
1722367680000,1722368159000,110.618,110.648,110.612,110.634,420240000,8
1722368160000,1722368639000,110.633,110.662,110.633,110.656,270600000,8
1722368640000,1722369119000,110.658,110.685,110.626,110.674,736320000,8
1722369120000,1722369599000,110.675,110.693,110.627,110.635,615660000,8
1722369600000,1722370079000,110.636,110.646,110.443,110.55,855870000,8
1722370080000,1722370559000,110.551,110.563,110.499,110.506,477480000,8
1722370560000,1722371039000,110.505,110.53,110.479,110.488,466470000,8
1722371040000,1722371519000,110.489,110.511,110.365,110.398,584760000,8
1722371520000,1722371999000,110.402,110.41,110.361,110.374,518220000,8
1722372000000,1722372479000,110.374,110.386,110.36,110.36,293400000,8
1722372480000,1722372959000,110.361,110.382,110.212,110.237,553830000,8
1722372960000,1722373439000,110.238,110.305,110.237,110.277,414570000,8
1722373440000,1722373919000,110.223,110.271,110.207,110.266,118800000,8
1722373920000,1722374399000,110.267,110.298,110.267,110.287,352440000,8
1722374400000,1722374879000,110.29,110.305,110.25,110.274,241740000,8
1722374880000,1722375359000,110.274,110.311,110.266,110.299,517200000,8
1722375360000,1722375839000,110.298,110.308,110.276,110.277,703020000,8
1722375840000,1722376319000,110.277,110.328,110.268,110.271,529500000,8
1722376320000,1722376799000,110.271,110.294,110.185,110.208,567270000,8
1722376800000,1722377279000,110.211,110.294,110.105,110.145,1033350000,8
1722377280000,1722377759000,110.141,110.221,110.07,110.154,583800000,8
1722377760000,1722378239000,110.153,110.188,110.065,110.111,1131150000,8
1722378240000,1722378719000,110.111,110.243,110.1,110.225,1050780000,8
1722378720000,1722379199000,110.225,110.402,110.213,110.361,1065060000,8
1722379200000,1722379679000,110.362,110.379,110.283,110.34,933900000,8
1722379680000,1722380159000,110.34,110.563,110.284,110.437,1848150000,8
1722380160000,1722380639000,110.437,110.447,110.369,110.408,976650000,8
1722380640000,1722381119000,110.41,110.43,110.367,110.384,521400000,8
1722381120000,1722381599000,110.385,110.391,110.325,110.332,976800000,8
1722381600000,1722382079000,110.333,110.364,110.221,110.247,1028610000,8
1722382080000,1722382559000,110.249,110.284,110.206,110.251,1100250000,8
1722382560000,1722383039000,110.25,110.262,110.086,110.144,1310340000,8
1722383040000,1722383519000,110.145,110.187,110.064,110.153,705090000,8
1722383520000,1722383999000,110.153,110.268,110.114,110.232,909390000,8
1722384000000,1722384479000,110.23,110.261,110.141,110.204,1889970000,8
1722384480000,1722384959000,110.202,110.263,110.143,110.171,1447380000,8
1722384960000,1722385439000,110.17,110.197,110.063,110.063,1064910000,8
1722385440000,1722385919000,110.063,110.133,109.944,109.995,1542480000,8
1722385920000,1722386399000,109.998,110.082,109.97,110.045,1112910000,8
1722386400000,1722386879000,110.048,110.094,109.999,110.007,856560000,8
1722386880000,1722387359000,110.008,110.047,109.845,110.028,1963410000,8
1722387360000,1722387839000,110.03,110.093,109.964,109.999,1337250000,8
1722387840000,1722388319000,110.0,110.0,109.924,109.924,1043080000,8
1722388320000,1722388799000,109.921,110.013,109.898,110.0,1029030000,8
1722388800000,1722389279000,110.001,110.022,109.952,109.999,930540000,8
1722389280000,1722389759000,110.003,110.009,109.821,109.928,1942780000,8
1722389760000,1722390239000,109.927,110.053,109.898,110.035,1525420000,8
1722390240000,1722390719000,110.036,110.147,110.035,110.101,1225510000,8
1722390720000,1722391199000,110.101,110.151,110.047,110.067,846660000,8
1722391200000,1722391679000,110.056,110.104,110.017,110.098,800020000,8
1722391680000,1722392159000,110.099,110.737,110.095,110.332,1872500000,8
1722392160000,1722392639000,110.329,110.329,110.17,110.271,1624410000,8
1722392640000,1722393119000,110.27,110.398,110.27,110.344,1226580000,8
1722393120000,1722393599000,110.346,110.471,110.327,110.448,726150000,8
1722393600000,1722394079000,110.444,110.453,110.357,110.36,804900000,8
1722394080000,1722394559000,110.361,110.364,110.298,110.32,662580000,8
1722394560000,1722395039000,110.318,110.444,110.318,110.373,780960000,8
1722395040000,1722395519000,110.372,110.404,110.297,110.361,703500000,8
1722395520000,1722395999000,110.351,110.409,110.282,110.376,826440000,8
1722396000000,1722396479000,110.375,110.506,110.347,110.386,944220000,8
1722396480000,1722396959000,110.39,110.421,110.322,110.384,764130000,8
1722396960000,1722397439000,110.383,110.44,110.311,110.327,775050000,8
1722397440000,1722397919000,110.327,110.36,109.951,110.232,1721190000,8
1722397920000,1722398399000,110.232,111.101,109.491,110.894,3585730000,8
1722398400000,1722398879000,110.901,111.145,110.43,110.619,3734320000,8
1722398880000,1722399359000,110.618,110.722,110.489,110.608,1602260000,8
1722399360000,1722399839000,110.608,110.678,110.154,110.336,2017870000,8
1722399840000,1722400319000,110.345,110.417,110.233,110.292,1641570000,8
1722400320000,1722400799000,110.298,110.411,110.27,110.272,1275010000,8
1722400800000,1722401279000,110.272,110.398,110.218,110.397,1603650000,8
1722401280000,1722401759000,110.4,110.401,110.131,110.14,1696620000,8
1722401760000,1722402239000,110.141,110.255,110.084,110.222,1582580000,8
1722402240000,1722402719000,110.22,110.324,110.145,110.283,1119460000,8
1722402720000,1722403199000,110.276,110.321,110.206,110.292,839430000,8
1722403200000,1722403679000,110.292,110.46,110.292,110.386,1024510000,8
1722403680000,1722404159000,110.386,110.553,110.369,110.534,1234200000,8
1722404160000,1722404639000,110.534,110.578,110.468,110.569,938640000,8
1722404640000,1722405119000,110.571,110.621,110.509,110.509,1022270000,8
1722405120000,1722405599000,110.511,110.528,110.392,110.435,1162840000,8
1722405600000,1722406079000,110.434,110.534,110.368,110.508,1778160000,8
1722406080000,1722406559000,110.509,110.573,110.364,110.398,1228760000,8
1722406560000,1722407039000,110.398,110.463,110.395,110.441,1264140000,8
1722407040000,1722407519000,110.439,110.504,110.315,110.434,1340860000,8
1722407520000,1722407999000,110.435,110.493,110.332,110.344,1830210000,8
1722408000000,1722408479000,110.347,110.489,110.345,110.463,1752180000,8
1722408480000,1722408959000,110.462,110.468,110.183,110.225,2865890000,8
1722408960000,1722409439000,110.23,110.239,109.899,110.044,3111680000,8
1722409440000,1722409919000,110.045,110.115,109.882,109.891,1985160000,8
1722409920000,1722410399000,109.896,110.014,109.839,109.979,2168490000,8
1722410400000,1722410879000,109.973,109.992,109.809,109.968,2231960000,8
1722410880000,1722411359000,109.969,110.052,109.896,110.004,1806180000,8
1722411360000,1722411839000,110.004,110.041,109.571,109.657,3166990000,8
1722411840000,1722412319000,109.655,109.679,109.134,109.207,3555950000,8
1722412320000,1722412799000,109.206,109.229,108.853,109.05,3961830000,8
1722412800000,1722413279000,109.049,109.092,108.63,108.716,4067330000,8
1722413280000,1722413759000,108.722,108.745,108.389,108.634,4208560000,8
1722413760000,1722414239000,108.634,108.75,108.55,108.668,3726180000,8
1722414240000,1722414719000,108.67,108.913,108.603,108.835,2711410000,8
1722414720000,1722415199000,108.836,108.854,108.635,108.742,2470370000,8
1722415200000,1722415679000,108.741,108.857,108.534,108.772,2871470000,8
1722415680000,1722416159000,108.771,108.934,108.739,108.908,2221560000,8
1722416160000,1722416639000,108.913,109.02,108.871,108.874,1700850000,8
1722416640000,1722417119000,108.876,108.969,108.803,108.821,1547460000,8
1722417120000,1722417599000,108.821,108.989,108.775,108.93,1837890000,8
1722417600000,1722418079000,108.931,108.967,108.803,108.813,1896900000,8
1722418080000,1722418559000,108.814,108.852,108.685,108.689,1936230000,8
1722418560000,1722419039000,108.688,108.749,108.639,108.674,1798980000,8
1722419040000,1722419519000,108.673,108.746,108.631,108.725,1381370000,8
1722419520000,1722419999000,108.726,108.735,108.605,108.641,1431990000,8
1722420000000,1722420479000,108.641,108.681,108.494,108.529,2177180000,8
1722420480000,1722420959000,108.529,108.578,108.466,108.562,1927370000,8
1722420960000,1722421439000,108.563,108.682,108.461,108.627,1528320000,8
1722421440000,1722421919000,108.623,108.671,108.599,108.614,1168080000,8
1722421920000,1722422399000,108.614,108.688,108.594,108.639,1271340000,8
1722422400000,1722422879000,108.639,108.698,108.613,108.648,998910000,8
1722422880000,1722423359000,108.648,108.794,108.642,108.777,1527720000,8
1722423360000,1722423839000,108.779,108.808,108.643,108.676,1073790000,8
1722423840000,1722424319000,108.675,108.833,108.663,108.791,1060080000,8
1722424320000,1722424799000,108.789,108.805,108.661,108.661,1241010000,8
1722424800000,1722425279000,108.66,108.728,108.506,108.68,1684990000,8
1722425280000,1722425759000,108.679,108.691,108.553,108.614,1955190000,8
1722425760000,1722426239000,108.614,108.659,108.552,108.554,1773850000,8
1722426240000,1722426719000,108.554,108.609,108.507,108.513,1472330000,8
1722426720000,1722427199000,108.516,108.614,108.497,108.582,1198770000,8
1722427200000,1722427679000,108.582,108.63,108.514,108.614,1859570000,8
1722427680000,1722428159000,108.612,108.682,108.557,108.588,1821590000,8
1722428160000,1722428639000,108.591,108.597,108.473,108.539,3147600000,8
1722428640000,1722429119000,108.544,108.568,108.319,108.413,2708160000,8
1722429120000,1722429599000,108.416,108.747,108.416,108.571,3614100000,8
1722429600000,1722430079000,108.571,108.84,108.543,108.801,3090480000,8
1722430080000,1722430559000,108.8,108.941,108.736,108.925,2997870000,8
1722430560000,1722431039000,108.93,108.935,108.711,108.733,2896530000,8
1722431040000,1722431519000,108.731,108.81,108.7,108.77,2507010000,8
1722431520000,1722431999000,108.775,108.839,108.684,108.834,2153760000,8
1722432000000,1722432479000,108.833,108.841,108.728,108.793,1738050000,8
1722432480000,1722432959000,108.794,108.802,108.605,108.705,2813700000,8
1722432960000,1722433439000,108.702,108.746,108.639,108.703,1212180000,8
1722433440000,1722433919000,108.697,108.732,108.486,108.545,1920570000,8
1722433920000,1722434399000,108.544,108.547,108.447,108.466,1715970000,8
1722434400000,1722434879000,108.47,108.583,108.337,108.583,2410540000,8
1722434880000,1722435359000,108.585,108.751,108.582,108.703,1675560000,8
1722435360000,1722435839000,108.699,108.778,108.657,108.726,1972950000,8
1722435840000,1722436319000,108.727,108.944,108.727,108.89,1865040000,8
1722436320000,1722436799000,108.891,108.938,108.813,108.853,2057580000,8
1722436800000,1722437279000,108.852,109.057,108.775,109.055,3019790000,8
1722437280000,1722437759000,109.055,109.06,108.925,108.968,2549850000,8
1722437760000,1722438239000,108.971,109.043,108.853,108.937,2439650000,8
1722438240000,1722438719000,108.936,108.962,108.829,108.832,1498220000,8
1722438720000,1722439199000,108.832,108.902,108.776,108.883,1196280000,8
1722439200000,1722439679000,108.88,109.04,108.88,108.982,959280000,8
1722439680000,1722440159000,108.977,108.996,108.849,108.923,1180290000,8
1722440160000,1722440639000,108.923,108.93,108.828,108.841,1336290000,8
1722440640000,1722441119000,108.836,108.985,108.83,108.962,1263210000,8
1722441120000,1722441599000,108.961,108.962,108.864,108.919,1367490000,8
1722441600000,1722442079000,108.92,108.991,108.911,108.973,1195380000,8
1722442080000,1722442559000,108.976,109.069,108.968,109.014,1127370000,8
1722442560000,1722443039000,109.013,109.096,109.008,109.091,1064280000,8
1722443040000,1722443519000,109.093,109.121,109.056,109.072,1196040000,8
1722443520000,1722443999000,109.07,109.076,108.992,108.995,1045650000,8
1722444000000,1722444479000,108.995,109.055,108.991,109.054,839010000,8
1722444480000,1722444959000,109.055,109.108,109.025,109.031,901290000,8
1722444960000,1722445439000,109.028,109.074,109.019,109.046,888240000,8
1722445440000,1722445919000,109.047,109.097,109.028,109.028,549780000,8
1722445920000,1722446399000,109.028,109.076,109.024,109.066,586950000,8
1722446400000,1722446879000,109.069,109.075,109.021,109.038,673650000,8
1722446880000,1722447359000,109.038,109.141,109.033,109.132,1110030000,8
1722447360000,1722447839000,109.135,109.184,109.132,109.159,1315110000,8
1722447840000,1722448319000,109.16,109.27,109.158,109.261,1174200000,8
1722448320000,1722448799000,109.259,109.307,109.136,109.136,1169400000,8
1722448800000,1722449279000,109.131,109.452,109.084,109.443,3038340000,8
1722449280000,1722449759000,109.443,109.443,109.27,109.327,2677710000,8
1722449760000,1722450239000,109.328,109.35,109.227,109.257,2253660000,8
1722450240000,1722450719000,109.257,109.277,109.141,109.216,2132340000,8
1722450720000,1722451199000,109.216,109.219,109.041,109.049,3233100000,8
1722451200000,1722451679000,109.049,109.082,108.945,109.045,3824340000,8
1722451680000,1722452159000,109.047,109.206,109.044,109.181,3256380000,8
1722452160000,1722452639000,109.184,109.184,109.019,109.041,2976750000,8
1722452640000,1722453119000,109.043,109.068,108.886,108.886,2675880000,8
1722453120000,1722453599000,108.887,108.892,108.713,108.717,3262860000,8
1722453600000,1722454079000,108.713,108.812,108.449,108.515,3643500000,8
1722454080000,1722454559000,108.51,108.648,108.428,108.588,3573540000,8
1722454560000,1722455039000,108.589,108.625,108.405,108.568,3061080000,8
1722455040000,1722455519000,108.568,108.624,108.519,108.553,2393400000,8
1722455520000,1722455999000,108.555,108.602,108.478,108.478,2135760000,8
1722456000000,1722456479000,108.48,108.575,108.434,108.564,1060590000,8
1722456480000,1722456959000,108.56,108.599,108.525,108.597,495210000,8
1722456960000,1722457439000,108.597,108.845,108.597,108.713,1128030000,8
1722457440000,1722457919000,108.712,108.719,108.647,108.648,500220000,8
1722457920000,1722458399000,108.649,108.664,108.614,108.659,517230000,8
1722458400000,1722458879000,108.657,108.722,108.65,108.683,478260000,8
1722458880000,1722459359000,108.684,108.701,108.651,108.654,440130000,8
1722459360000,1722459839000,108.654,108.67,108.551,108.551,382920000,8
1722459840000,1722460319000,108.551,108.553,108.474,108.474,14700000,8
1722460320000,1722460799000,108.484,108.584,108.484,108.57,99000000,8
1722460800000,1722461279000,108.561,108.561,108.532,108.543,19800000,8
1722461280000,1722461759000,108.544,108.581,108.531,108.581,203280000,8
1722461760000,1722462239000,108.557,108.584,108.546,108.569,363360000,8
1722462240000,1722462719000,108.569,108.584,108.541,108.555,180960000,8
1722462720000,1722463199000,108.54,108.588,108.532,108.541,165420000,8
1722463200000,1722463679000,108.531,108.658,108.472,108.6,405000000,8
1722463680000,1722464159000,108.597,108.622,108.537,108.563,339300000,8
1722464160000,1722464639000,108.573,108.637,108.569,108.626,504300000,8
1722464640000,1722465119000,108.625,108.63,108.576,108.629,441000000,8
1722465120000,1722465599000,108.621,108.697,108.608,108.652,574800000,8
1722465600000,1722466079000,108.653,108.67,108.625,108.647,354000000,8
1722466080000,1722466559000,108.648,108.736,108.645,108.724,481800000,8
1722466560000,1722467039000,108.717,108.853,108.705,108.843,864150000,8
1722467040000,1722467519000,108.844,108.878,108.774,108.785,762300000,8
1722467520000,1722467999000,108.787,108.831,108.751,108.763,576300000,8
1722468000000,1722468479000,108.763,108.765,108.663,108.674,693600000,8
1722468480000,1722468959000,108.673,108.684,108.613,108.646,628950000,8
1722468960000,1722469439000,108.647,108.695,108.608,108.619,562620000,8
1722469440000,1722469919000,108.617,108.641,108.457,108.481,1119540000,8
1722469920000,1722470399000,108.482,108.504,108.387,108.464,1400610000,8
