openEpochMillis,closeEpochMillis,open,high,low,close,volume,sourceBars
1333238400000,1333238879000,0.99856,0.99856,0.99856,0.99856,0,8
1333238880000,1333239359000,0.99856,0.99856,0.99856,0.99856,0,8
1333239360000,1333239839000,0.99856,0.99856,0.99856,0.99856,0,8
1333239840000,1333240319000,0.99856,0.99856,0.99856,0.99856,0,8
1333240320000,1333240799000,0.99856,0.99856,0.99856,0.99856,0,8
1333240800000,1333241279000,0.99856,0.99856,0.99856,0.99856,0,8
1333241280000,1333241759000,0.99856,0.99856,0.99856,0.99856,0,8
1333241760000,1333242239000,0.99856,0.99856,0.99856,0.99856,0,8
1333242240000,1333242719000,0.99856,0.99856,0.99856,0.99856,0,8
1333242720000,1333243199000,0.99856,0.99856,0.99856,0.99856,0,8
1333243200000,1333243679000,0.99856,0.99856,0.99856,0.99856,0,8
1333243680000,1333244159000,0.99856,0.99856,0.99856,0.99856,0,8
1333244160000,1333244639000,0.99856,0.99856,0.99856,0.99856,0,8
1333244640000,1333245119000,0.99856,0.99856,0.99856,0.99856,0,8
1333245120000,1333245599000,0.99856,0.99856,0.99856,0.99856,0,8
1333245600000,1333246079000,0.99856,0.99856,0.99856,0.99856,0,8
1333246080000,1333246559000,0.99856,0.99856,0.99856,0.99856,0,8
1333246560000,1333247039000,0.99856,0.99856,0.99856,0.99856,0,8
1333247040000,1333247519000,0.99856,0.99856,0.99856,0.99856,0,8
1333247520000,1333247999000,0.99856,0.99856,0.99856,0.99856,0,8
1333248000000,1333248479000,0.99856,0.99856,0.99856,0.99856,0,8
1333248480000,1333248959000,0.99856,0.99856,0.99856,0.99856,0,8
1333248960000,1333249439000,0.99856,0.99856,0.99856,0.99856,0,8
1333249440000,1333249919000,0.99856,0.99856,0.99856,0.99856,0,8
1333249920000,1333250399000,0.99856,0.99856,0.99856,0.99856,0,8
1333250400000,1333250879000,0.99856,0.99856,0.99856,0.99856,0,8
1333250880000,1333251359000,0.99856,0.99856,0.99856,0.99856,0,8
1333251360000,1333251839000,0.99856,0.99856,0.99856,0.99856,0,8
1333251840000,1333252319000,0.99856,0.99856,0.99856,0.99856,0,8
1333252320000,1333252799000,0.99856,0.99856,0.99856,0.99856,0,8
1333252800000,1333253279000,0.99856,0.99856,0.99856,0.99856,0,8
1333253280000,1333253759000,0.99856,0.99856,0.99856,0.99856,0,8
1333253760000,1333254239000,0.99856,0.99856,0.99856,0.99856,0,8
1333254240000,1333254719000,0.99856,0.99856,0.99856,0.99856,0,8
1333254720000,1333255199000,0.99856,0.99856,0.99856,0.99856,0,8
1333255200000,1333255679000,0.99856,0.99856,0.99856,0.99856,0,8
1333255680000,1333256159000,0.99856,0.99856,0.99856,0.99856,0,8
1333256160000,1333256639000,0.99856,0.99856,0.99856,0.99856,0,8
1333256640000,1333257119000,0.99856,0.99856,0.99856,0.99856,0,8
1333257120000,1333257599000,0.99856,0.99856,0.99856,0.99856,0,8
1333257600000,1333258079000,0.99856,0.99856,0.99856,0.99856,0,8
1333258080000,1333258559000,0.99856,0.99856,0.99856,0.99856,0,8
1333258560000,1333259039000,0.99856,0.99856,0.99856,0.99856,0,8
1333259040000,1333259519000,0.99856,0.99856,0.99856,0.99856,0,8
1333259520000,1333259999000,0.99856,0.99856,0.99856,0.99856,0,8
1333260000000,1333260479000,0.99856,0.99856,0.99856,0.99856,0,8
1333260480000,1333260959000,0.99856,0.99856,0.99856,0.99856,0,8
1333260960000,1333261439000,0.99856,0.99856,0.99856,0.99856,0,8
1333261440000,1333261919000,0.99856,0.99856,0.99856,0.99856,0,8
1333261920000,1333262399000,0.99856,0.99856,0.99856,0.99856,0,8
1333262400000,1333262879000,0.99856,0.99856,0.99856,0.99856,0,8
1333262880000,1333263359000,0.99856,0.99856,0.99856,0.99856,0,8
1333263360000,1333263839000,0.99856,0.99856,0.99856,0.99856,0,8
1333263840000,1333264319000,0.99856,0.99856,0.99856,0.99856,0,8
1333264320000,1333264799000,0.99856,0.99856,0.99856,0.99856,0,8
1333264800000,1333265279000,0.99856,0.99856,0.99856,0.99856,0,8
1333265280000,1333265759000,0.99856,0.99856,0.99856,0.99856,0,8
1333265760000,1333266239000,0.99856,0.99856,0.99856,0.99856,0,8
1333266240000,1333266719000,0.99856,0.99856,0.99856,0.99856,0,8
1333266720000,1333267199000,0.99856,0.99856,0.99856,0.99856,0,8
1333267200000,1333267679000,0.99856,0.99856,0.99856,0.99856,0,8
1333267680000,1333268159000,0.99856,0.99856,0.99856,0.99856,0,8
1333268160000,1333268639000,0.99856,0.99856,0.99856,0.99856,0,8
1333268640000,1333269119000,0.99856,0.99856,0.99856,0.99856,0,8
1333269120000,1333269599000,0.99856,0.99856,0.99856,0.99856,0,8
1333269600000,1333270079000,0.99856,0.99856,0.99856,0.99856,0,8
1333270080000,1333270559000,0.99856,0.99856,0.99856,0.99856,0,8
1333270560000,1333271039000,0.99856,0.99856,0.99856,0.99856,0,8
1333271040000,1333271519000,0.99856,0.99856,0.99856,0.99856,0,8
1333271520000,1333271999000,0.99856,0.99856,0.99856,0.99856,0,8
1333272000000,1333272479000,0.99856,0.99856,0.99856,0.99856,0,8
1333272480000,1333272959000,0.99856,0.99856,0.99856,0.99856,0,8
1333272960000,1333273439000,0.99856,0.99856,0.99856,0.99856,0,8
1333273440000,1333273919000,0.99856,0.99856,0.99856,0.99856,0,8
1333273920000,1333274399000,0.99856,0.99856,0.99856,0.99856,0,8
1333274400000,1333274879000,0.99856,0.99856,0.99856,0.99856,0,8
1333274880000,1333275359000,0.99856,0.99856,0.99856,0.99856,0,8
1333275360000,1333275839000,0.99856,0.99856,0.99856,0.99856,0,8
1333275840000,1333276319000,0.99856,0.99856,0.99856,0.99856,0,8
1333276320000,1333276799000,0.99856,0.99856,0.99856,0.99856,0,8
1333276800000,1333277279000,0.99856,0.99856,0.99856,0.99856,0,8
1333277280000,1333277759000,0.99856,0.99856,0.99856,0.99856,0,8
1333277760000,1333278239000,0.99856,0.99856,0.99856,0.99856,0,8
1333278240000,1333278719000,0.99856,0.99856,0.99856,0.99856,0,8
1333278720000,1333279199000,0.99856,0.99856,0.99856,0.99856,0,8
1333279200000,1333279679000,0.99856,0.99856,0.99856,0.99856,0,8
1333279680000,1333280159000,0.99856,0.99856,0.99856,0.99856,0,8
1333280160000,1333280639000,0.99856,0.99856,0.99856,0.99856,0,8
1333280640000,1333281119000,0.99856,0.99856,0.99856,0.99856,0,8
1333281120000,1333281599000,0.99856,0.99856,0.99856,0.99856,0,8
1333281600000,1333282079000,0.99856,0.99856,0.99856,0.99856,0,8
1333282080000,1333282559000,0.99856,0.99856,0.99856,0.99856,0,8
1333282560000,1333283039000,0.99856,0.99856,0.99856,0.99856,0,8
1333283040000,1333283519000,0.99856,0.99856,0.99856,0.99856,0,8
1333283520000,1333283999000,0.99856,0.99856,0.99856,0.99856,0,8
1333284000000,1333284479000,0.99856,0.99856,0.99856,0.99856,0,8
1333284480000,1333284959000,0.99856,0.99856,0.99856,0.99856,0,8
1333284960000,1333285439000,0.99856,0.99856,0.99856,0.99856,0,8
1333285440000,1333285919000,0.99856,0.99856,0.99856,0.99856,0,8
1333285920000,1333286399000,0.99856,0.99856,0.99856,0.99856,0,8
1333286400000,1333286879000,0.99856,0.99856,0.99856,0.99856,0,8
1333286880000,1333287359000,0.99856,0.99856,0.99856,0.99856,0,8
1333287360000,1333287839000,0.99856,0.99856,0.99856,0.99856,0,8
1333287840000,1333288319000,0.99856,0.99856,0.99856,0.99856,0,8
1333288320000,1333288799000,0.99856,0.99856,0.99856,0.99856,0,8
1333288800000,1333289279000,0.99856,0.99856,0.99856,0.99856,0,8
1333289280000,1333289759000,0.99856,0.99856,0.99856,0.99856,0,8
1333289760000,1333290239000,0.99856,0.99856,0.99856,0.99856,0,8
1333290240000,1333290719000,0.99856,0.99856,0.99856,0.99856,0,8
1333290720000,1333291199000,0.99856,0.99856,0.99856,0.99856,0,8
1333291200000,1333291679000,0.99856,0.99856,0.99856,0.99856,0,8
1333291680000,1333292159000,0.99856,0.99856,0.99856,0.99856,0,8
1333292160000,1333292639000,0.99856,0.99856,0.99856,0.99856,0,8
1333292640000,1333293119000,0.99856,0.99856,0.99856,0.99856,0,8
1333293120000,1333293599000,0.99856,0.99856,0.99856,0.99856,0,8
1333293600000,1333294079000,0.99856,0.99856,0.99856,0.99856,0,8
1333294080000,1333294559000,0.99856,0.99856,0.99856,0.99856,0,8
1333294560000,1333295039000,0.99856,0.99856,0.99856,0.99856,0,8
1333295040000,1333295519000,0.99856,0.99856,0.99856,0.99856,0,8
1333295520000,1333295999000,0.99856,0.99856,0.99856,0.99856,0,8
1333296000000,1333296479000,0.99856,0.99856,0.99856,0.99856,0,8
1333296480000,1333296959000,0.99856,0.99856,0.99856,0.99856,0,8
1333296960000,1333297439000,0.99856,0.99856,0.99856,0.99856,0,8
1333297440000,1333297919000,0.99856,0.99856,0.99856,0.99856,0,8
1333297920000,1333298399000,0.99856,0.99856,0.99856,0.99856,0,8
1333298400000,1333298879000,0.99856,0.99856,0.99856,0.99856,0,8
1333298880000,1333299359000,0.99856,0.99856,0.99856,0.99856,0,8
1333299360000,1333299839000,0.99856,0.99856,0.99856,0.99856,0,8
1333299840000,1333300319000,0.99856,0.99856,0.99856,0.99856,0,8
1333300320000,1333300799000,0.99856,0.99856,0.99856,0.99856,0,8
1333300800000,1333301279000,0.99856,0.99856,0.99856,0.99856,0,8
1333301280000,1333301759000,0.99856,0.99856,0.99856,0.99856,0,8
1333301760000,1333302239000,0.99856,0.99856,0.99856,0.99856,0,8
1333302240000,1333302719000,0.99856,0.99856,0.99856,0.99856,0,8
1333302720000,1333303199000,0.99856,0.99856,0.99856,0.99856,0,8
1333303200000,1333303679000,0.99856,0.99856,0.99856,0.99856,0,8
1333303680000,1333304159000,0.99856,0.99856,0.99856,0.99856,0,8
1333304160000,1333304639000,0.99856,0.99856,0.99856,0.99856,0,8
1333304640000,1333305119000,0.99856,0.99856,0.99856,0.99856,0,8
1333305120000,1333305599000,0.99856,0.99856,0.99856,0.99856,0,8
1333305600000,1333306079000,0.99856,0.99856,0.99856,0.99856,0,8
1333306080000,1333306559000,0.99856,0.99856,0.99856,0.99856,0,8
1333306560000,1333307039000,0.99856,0.99856,0.99856,0.99856,0,8
1333307040000,1333307519000,0.99856,0.99856,0.99856,0.99856,0,8
1333307520000,1333307999000,0.99856,0.99856,0.99856,0.99856,0,8
1333308000000,1333308479000,0.99856,0.99856,0.99856,0.99856,0,8
1333308480000,1333308959000,0.99856,0.99856,0.99856,0.99856,0,8
1333308960000,1333309439000,0.99856,0.99856,0.99856,0.99856,0,8
1333309440000,1333309919000,0.99856,0.99856,0.99856,0.99856,0,8
1333309920000,1333310399000,0.99856,0.99856,0.99856,0.99856,0,8
1333310400000,1333310879000,0.99856,0.99856,0.99856,0.99856,0,8
1333310880000,1333311359000,0.99856,0.99856,0.99856,0.99856,0,8
1333311360000,1333311839000,0.99856,0.99856,0.99856,0.99856,0,8
1333311840000,1333312319000,0.99856,0.99856,0.99856,0.99856,0,8
1333312320000,1333312799000,0.99856,0.99856,0.99856,0.99856,0,8
1333312800000,1333313279000,0.99856,0.99856,0.99856,0.99856,0,8
1333313280000,1333313759000,0.99856,0.99856,0.99856,0.99856,0,8
1333313760000,1333314239000,0.99856,0.99856,0.99541,0.99546,44760000,8
1333314240000,1333314719000,0.99544,0.9956,0.99539,0.99549,101680000,8
1333314720000,1333315199000,0.99549,0.99561,0.99523,0.9956,121940000,8
1333315200000,1333315679000,0.99522,0.99565,0.99503,0.99528,119360000,8
1333315680000,1333316159000,0.99506,0.99546,0.99485,0.99539,117040000,8
1333316160000,1333316639000,0.99539,0.99554,0.99536,0.99541,63610000,8
1333316640000,1333317119000,0.99541,0.99551,0.99536,0.9955,40030000,8
1333317120000,1333317599000,0.9955,0.99574,0.99535,0.99573,80410000,8
1333317600000,1333318079000,0.99574,0.99576,0.99538,0.99544,201610000,8
1333318080000,1333318559000,0.99544,0.99559,0.99503,0.99507,142610000,8
1333318560000,1333319039000,0.99507,0.99546,0.99507,0.9952,214340000,8
1333319040000,1333319519000,0.99519,0.99527,0.99517,0.99518,200370000,8
1333319520000,1333319999000,0.99518,0.99525,0.99506,0.99522,141630000,8
1333320000000,1333320479000,0.99523,0.99556,0.99523,0.9955,240810000,8
1333320480000,1333320959000,0.99552,0.99556,0.99523,0.99523,514060000,8
1333320960000,1333321439000,0.99522,0.99531,0.99502,0.99511,253390000,8
1333321440000,1333321919000,0.99515,0.99541,0.99513,0.99539,229470000,8
1333321920000,1333322399000,0.99536,0.99559,0.99524,0.99553,349650000,8
1333322400000,1333322879000,0.99555,0.99582,0.99554,0.99571,480380000,8
1333322880000,1333323359000,0.99571,0.99573,0.99553,0.99565,392090000,8
1333323360000,1333323839000,0.99563,0.99607,0.99553,0.99602,429390000,8
1333323840000,1333324319000,0.99601,0.99603,0.99588,0.99598,340880000,8
1333324320000,1333324799000,0.99598,0.99627,0.99597,0.99626,337810000,8
1333324800000,1333325279000,0.99626,0.99647,0.99583,0.99596,903420000,8
1333325280000,1333325759000,0.99595,0.99632,0.99586,0.99625,633570000,8
1333325760000,1333326239000,0.99625,0.99637,0.99592,0.99637,680770000,8
1333326240000,1333326719000,0.99635,0.99639,0.99596,0.99614,737130000,8
1333326720000,1333327199000,0.99614,0.99657,0.99605,0.99655,560050000,8
1333327200000,1333327679000,0.99656,0.99659,0.99615,0.99645,571150000,8
1333327680000,1333328159000,0.99645,0.99699,0.99642,0.99673,798670000,8
1333328160000,1333328639000,0.99671,0.99717,0.99662,0.99698,727390000,8
1333328640000,1333329119000,0.99702,0.99706,0.99672,0.99687,765030000,8
1333329120000,1333329599000,0.99685,0.99689,0.99678,0.99685,275780000,8
1333329600000,1333330079000,0.99685,0.997,0.9968,0.99685,473520000,8
1333330080000,1333330559000,0.99685,0.99724,0.99674,0.99688,803580000,8
1333330560000,1333331039000,0.99688,0.99715,0.99669,0.99676,522610000,8
1333331040000,1333331519000,0.99676,0.9969,0.99668,0.99681,667550000,8
1333331520000,1333331999000,0.99681,0.99738,0.99677,0.99703,1000660000,8
1333332000000,1333332479000,0.99707,0.9974,0.99707,0.9971,509000000,8
1333332480000,1333332959000,0.9971,0.99775,0.99708,0.99759,406200000,8
1333332960000,1333333439000,0.9976,0.99762,0.99714,0.99722,498890000,8
1333333440000,1333333919000,0.99723,0.99744,0.9971,0.99711,601150000,8
1333333920000,1333334399000,0.9971,0.9972,0.99701,0.99718,349640000,8
1333334400000,1333334879000,0.99716,0.99722,0.99707,0.99711,479480000,8
1333334880000,1333335359000,0.99711,0.9972,0.99702,0.9971,272110000,8
1333335360000,1333335839000,0.9971,0.99728,0.99707,0.99723,486190000,8
1333335840000,1333336319000,0.99724,0.9973,0.99715,0.99719,312060000,8
1333336320000,1333336799000,0.99718,0.99739,0.99718,0.99735,248180000,8
1333336800000,1333337279000,0.99736,0.99742,0.99724,0.99728,373510000,8
1333337280000,1333337759000,0.99728,0.9976,0.99721,0.99746,448680000,8
1333337760000,1333338239000,0.99746,0.99756,0.9972,0.99751,371540000,8
1333338240000,1333338719000,0.9975,0.99766,0.99728,0.99747,514320000,8
1333338720000,1333339199000,0.99749,0.99751,0.99717,0.99749,308470000,8
1333339200000,1333339679000,0.99749,0.99751,0.99731,0.99742,428850000,8
1333339680000,1333340159000,0.99743,0.99752,0.99716,0.99728,319520000,8
1333340160000,1333340639000,0.99728,0.99733,0.99707,0.99707,316620000,8
1333340640000,1333341119000,0.99707,0.99708,0.99671,0.99689,227240000,8
1333341120000,1333341599000,0.99687,0.99694,0.99678,0.99678,322840000,8
1333341600000,1333342079000,0.99679,0.99689,0.99677,0.99678,168170000,8
1333342080000,1333342559000,0.99678,0.99688,0.99672,0.99682,114170000,8
1333342560000,1333343039000,0.99681,0.99687,0.99662,0.99668,455420000,8
1333343040000,1333343519000,0.9967,0.99674,0.9964,0.99661,513690000,8
1333343520000,1333343999000,0.99661,0.99676,0.99659,0.99672,502020000,8
1333344000000,1333344479000,0.99672,0.99686,0.99663,0.99685,455640000,8
1333344480000,1333344959000,0.99685,0.99686,0.99662,0.99672,342930000,8
1333344960000,1333345439000,0.99676,0.99701,0.99676,0.99694,348760000,8
1333345440000,1333345919000,0.99694,0.99714,0.99692,0.997,351710000,8
1333345920000,1333346399000,0.99699,0.99715,0.99695,0.99715,316540000,8
1333346400000,1333346879000,0.99713,0.99721,0.99695,0.99696,685800000,8
1333346880000,1333347359000,0.99696,0.99696,0.99654,0.99671,693320000,8
1333347360000,1333347839000,0.9967,0.99701,0.99651,0.99651,947800000,8
1333347840000,1333348319000,0.9965,0.99657,0.99637,0.99637,663370000,8
1333348320000,1333348799000,0.99637,0.9964,0.99613,0.9963,756840000,8
1333348800000,1333349279000,0.9963,0.9963,0.99599,0.99621,924680000,8
1333349280000,1333349759000,0.9962,0.99651,0.99615,0.99651,910220000,8
1333349760000,1333350239000,0.99651,0.99655,0.99631,0.99647,1083400000,8
1333350240000,1333350719000,0.99645,0.99657,0.99583,0.99594,1509550000,8
1333350720000,1333351199000,0.99593,0.99652,0.99593,0.99644,1172620000,8
1333351200000,1333351679000,0.99643,0.99681,0.99642,0.99657,1196340000,8
1333351680000,1333352159000,0.99658,0.99683,0.99626,0.99636,1312060000,8
1333352160000,1333352639000,0.99634,0.99662,0.99615,0.99635,1196290000,8
1333352640000,1333353119000,0.99635,0.99663,0.99627,0.99653,1390420000,8
1333353120000,1333353599000,0.99653,0.99682,0.9963,0.99663,1271780000,8
1333353600000,1333354079000,0.99665,0.99677,0.99622,0.9963,1452790000,8
1333354080000,1333354559000,0.9963,0.99646,0.99604,0.99645,1233660000,8
1333354560000,1333355039000,0.99645,0.99652,0.9959,0.99635,1205150000,8
1333355040000,1333355519000,0.99634,0.99687,0.99619,0.99677,987290000,8
1333355520000,1333355999000,0.99678,0.99745,0.99676,0.99728,1288270000,8
1333356000000,1333356479000,0.99729,0.99824,0.99729,0.99787,1526090000,8
1333356480000,1333356959000,0.99787,0.99799,0.99752,0.99795,1311170000,8
1333356960000,1333357439000,0.99794,0.99799,0.99724,0.99741,1133080000,8
1333357440000,1333357919000,0.99741,0.99811,0.99712,0.99789,1427480000,8
1333357920000,1333358399000,0.99788,0.99809,0.99754,0.99778,1120690000,8
1333358400000,1333358879000,0.99778,0.99826,0.99753,0.99756,1014860000,8
1333358880000,1333359359000,0.99755,0.99779,0.99746,0.99749,921840000,8
1333359360000,1333359839000,0.99749,0.99792,0.99739,0.9975,933770000,8
1333359840000,1333360319000,0.99749,0.99755,0.99717,0.99717,1202870000,8
1333360320000,1333360799000,0.99717,0.99717,0.99678,0.9971,1192390000,8
1333360800000,1333361279000,0.9971,0.99775,0.99707,0.9974,1189460000,8
1333361280000,1333361759000,0.99743,0.99756,0.99716,0.99748,1209200000,8
1333361760000,1333362239000,0.99746,0.99751,0.9972,0.99737,958770000,8
1333362240000,1333362719000,0.99737,0.99804,0.99737,0.99796,1109430000,8
1333362720000,1333363199000,0.99799,0.99829,0.99781,0.9981,1238500000,8
1333363200000,1333363679000,0.9981,0.99834,0.99769,0.99771,1476620000,8
1333363680000,1333364159000,0.99772,0.99848,0.99771,0.99841,1195410000,8
1333364160000,1333364639000,0.99841,0.9988,0.99836,0.99847,997780000,8
1333364640000,1333365119000,0.99847,0.99858,0.99794,0.99795,831790000,8
1333365120000,1333365599000,0.99795,0.99819,0.99776,0.99781,892780000,8
1333365600000,1333366079000,0.99782,0.99791,0.99773,0.99784,856580000,8
1333366080000,1333366559000,0.99784,0.99823,0.99783,0.99804,1160250000,8
1333366560000,1333367039000,0.99802,0.99836,0.99793,0.99833,1191750000,8
1333367040000,1333367519000,0.99837,0.99898,0.99828,0.99864,1364920000,8
1333367520000,1333367999000,0.99862,0.99865,0.99825,0.99839,1172320000,8
1333368000000,1333368479000,0.9984,0.9984,0.99789,0.99817,1215280000,8
1333368480000,1333368959000,0.99817,0.999,0.99814,0.99835,1315090000,8
1333368960000,1333369439000,0.99836,0.99853,0.99807,0.99817,1100570000,8
1333369440000,1333369919000,0.99817,0.99843,0.99806,0.99817,833170000,8
1333369920000,1333370399000,0.99816,0.99826,0.99773,0.99793,1127880000,8
1333370400000,1333370879000,0.99793,0.99798,0.99694,0.99696,1109330000,8
1333370880000,1333371359000,0.99695,0.99723,0.99695,0.99718,1161510000,8
1333371360000,1333371839000,0.99714,0.99753,0.99674,0.99744,1581320000,8
1333371840000,1333372319000,0.99744,0.99771,0.99734,0.99737,1310820000,8
1333372320000,1333372799000,0.99738,0.99807,0.99736,0.99769,1275340000,8
1333372800000,1333373279000,0.99768,0.99785,0.99708,0.99778,1133390000,8
1333373280000,1333373759000,0.99778,0.99807,0.99746,0.99805,1583750000,8
1333373760000,1333374239000,0.99805,0.99815,0.99721,0.99726,1584420000,8
1333374240000,1333374719000,0.99726,0.99741,0.99657,0.99658,1399230000,8
1333374720000,1333375199000,0.99658,0.99697,0.99647,0.99673,1204360000,8
1333375200000,1333375679000,0.99673,0.9969,0.9953,0.99548,1858190000,8
1333375680000,1333376159000,0.99545,0.99565,0.99471,0.99481,1785290000,8
1333376160000,1333376639000,0.99482,0.995,0.99396,0.99469,1622570000,8
1333376640000,1333377119000,0.99468,0.9947,0.99417,0.99429,1307720000,8
1333377120000,1333377599000,0.99431,0.99496,0.9942,0.99488,1688540000,8
1333377600000,1333378079000,0.99488,0.99496,0.99428,0.99434,1180180000,8
1333378080000,1333378559000,0.99434,0.9944,0.99308,0.99312,1253240000,8
1333378560000,1333379039000,0.99312,0.99356,0.99292,0.99332,1944220000,8
1333379040000,1333379519000,0.99333,0.99337,0.99278,0.99293,1387010000,8
1333379520000,1333379999000,0.99293,0.99308,0.99251,0.99305,1495340000,8
1333380000000,1333380479000,0.99304,0.99318,0.99277,0.99284,1087410000,8
1333380480000,1333380959000,0.99284,0.99296,0.99263,0.99285,1041440000,8
1333380960000,1333381439000,0.99286,0.99316,0.99282,0.99305,941930000,8
1333381440000,1333381919000,0.99306,0.99315,0.99174,0.99196,1369880000,8
1333381920000,1333382399000,0.99196,0.99201,0.99119,0.99162,1202120000,8
1333382400000,1333382879000,0.99162,0.99191,0.99159,0.99167,1177940000,8
1333382880000,1333383359000,0.99166,0.99201,0.9916,0.99186,900010000,8
1333383360000,1333383839000,0.99185,0.99188,0.99139,0.99163,938250000,8
1333383840000,1333384319000,0.99163,0.99178,0.99132,0.99139,708060000,8
1333384320000,1333384799000,0.99139,0.99166,0.99129,0.99162,926590000,8
1333384800000,1333385279000,0.99164,0.99179,0.99154,0.99166,904330000,8
1333385280000,1333385759000,0.99169,0.99174,0.99143,0.99158,708580000,8
1333385760000,1333386239000,0.99156,0.9917,0.99143,0.99167,536050000,8
1333386240000,1333386719000,0.99167,0.99179,0.99151,0.99167,709390000,8
1333386720000,1333387199000,0.99166,0.99181,0.99156,0.99177,580160000,8
1333387200000,1333387679000,0.99175,0.99186,0.99157,0.99157,597670000,8
1333387680000,1333388159000,0.99157,0.99168,0.99146,0.99151,657350000,8
1333388160000,1333388639000,0.9915,0.99183,0.9915,0.99168,508610000,8
1333388640000,1333389119000,0.99166,0.99168,0.99134,0.99137,494100000,8
1333389120000,1333389599000,0.99137,0.99149,0.99128,0.99138,727230000,8
1333389600000,1333390079000,0.99138,0.99155,0.99128,0.99143,560120000,8
1333390080000,1333390559000,0.99148,0.99149,0.99107,0.99119,533590000,8
1333390560000,1333391039000,0.99119,0.99127,0.991,0.991,522370000,8
1333391040000,1333391519000,0.99101,0.99106,0.9905,0.99071,962930000,8
1333391520000,1333391999000,0.99071,0.99071,0.9904,0.99049,825360000,8
1333392000000,1333392479000,0.9905,0.99054,0.98982,0.98982,1040320000,8
1333392480000,1333392959000,0.98982,0.99003,0.98912,0.98937,1007930000,8
1333392960000,1333393439000,0.98937,0.98952,0.98881,0.98881,1133220000,8
1333393440000,1333393919000,0.98883,0.98921,0.98883,0.98911,712060000,8
1333393920000,1333394399000,0.98911,0.98927,0.9891,0.98927,606190000,8
1333394400000,1333394879000,0.98927,0.98944,0.98918,0.98934,697750000,8
1333394880000,1333395359000,0.98932,0.98999,0.98931,0.98988,734080000,8
1333395360000,1333395839000,0.98988,0.99035,0.98985,0.99016,819580000,8
1333395840000,1333396319000,0.99016,0.99051,0.99015,0.99039,633070000,8
1333396320000,1333396799000,0.9904,0.99049,0.99032,0.99038,648500000,8
1333396800000,1333397279000,0.99036,0.99049,0.98997,0.9904,597070000,8
1333397280000,1333397759000,0.9904,0.99046,0.99017,0.99033,330320000,8
1333397760000,1333398239000,0.99032,0.99074,0.99032,0.99059,901750000,8
1333398240000,1333398719000,0.99059,0.99064,0.99036,0.99037,467400000,8
1333398720000,1333399199000,0.99037,0.99048,0.99006,0.99029,364570000,8
1333399200000,1333399679000,0.99028,0.99077,0.99028,0.99076,249140000,8
1333399680000,1333400159000,0.99071,0.99071,0.99026,0.99029,297690000,8
1333400160000,1333400639000,0.99028,0.99061,0.99027,0.9903,195900000,8
1333400640000,1333401119000,0.9903,0.99051,0.9903,0.99041,125150000,8
1333401120000,1333401599000,0.9904,0.9905,0.9904,0.9904,51410000,8
1333401600000,1333402079000,0.9904,0.99042,0.9901,0.9904,39090000,8
1333402080000,1333402559000,0.9904,0.9905,0.98998,0.9905,92470000,8
1333402560000,1333403039000,0.9905,0.99067,0.99028,0.99052,189090000,8
1333403040000,1333403519000,0.99054,0.99064,0.99035,0.99051,113960000,8
1333403520000,1333403999000,0.99061,0.99073,0.99061,0.99064,89870000,8
1333404000000,1333404479000,0.99064,0.99084,0.9906,0.99064,202970000,8
1333404480000,1333404959000,0.99061,0.99077,0.99061,0.99062,46520000,8
1333404960000,1333405439000,0.99062,0.9907,0.99043,0.99043,148960000,8
1333405440000,1333405919000,0.99043,0.99044,0.99019,0.99033,365780000,8
1333405920000,1333406399000,0.99031,0.99057,0.99028,0.99056,691560000,8
1333406400000,1333406879000,0.99056,0.9906,0.9904,0.99043,282260000,8
1333406880000,1333407359000,0.99043,0.99043,0.99023,0.9903,219350000,8
1333407360000,1333407839000,0.99031,0.99044,0.9903,0.99035,156290000,8
1333407840000,1333408319000,0.99035,0.99043,0.99027,0.99042,349330000,8
1333408320000,1333408799000,0.99042,0.99056,0.99037,0.99052,191900000,8
1333408800000,1333409279000,0.99053,0.99055,0.9905,0.99051,165950000,8
1333409280000,1333409759000,0.99051,0.99053,0.99037,0.9904,231670000,8
1333409760000,1333410239000,0.99039,0.99056,0.99032,0.99033,367660000,8
1333410240000,1333410719000,0.99032,0.99042,0.99018,0.99037,464020000,8
1333410720000,1333411199000,0.99037,0.99037,0.99004,0.99011,647310000,8
1333411200000,1333411679000,0.99011,0.99022,0.98998,0.99009,736580000,8
1333411680000,1333412159000,0.99008,0.99019,0.99007,0.99013,446050000,8
1333412160000,1333412639000,0.99013,0.9902,0.98992,0.98995,773940000,8
1333412640000,1333413119000,0.98996,0.99013,0.98994,0.99009,322590000,8
1333413120000,1333413599000,0.99009,0.9902,0.99005,0.99006,477970000,8
1333413600000,1333414079000,0.99005,0.99009,0.99,0.99001,242090000,8
1333414080000,1333414559000,0.99,0.99008,0.98988,0.98991,353460000,8
1333414560000,1333415039000,0.98991,0.99,0.98932,0.98936,598950000,8
1333415040000,1333415519000,0.98936,0.98963,0.98936,0.98957,590020000,8
1333415520000,1333415999000,0.98958,0.98973,0.98949,0.98949,500530000,8
1333416000000,1333416479000,0.98949,0.98965,0.98944,0.98953,481150000,8
1333416480000,1333416959000,0.98953,0.98988,0.98946,0.98986,786950000,8
1333416960000,1333417439000,0.98986,0.9901,0.98972,0.99008,549070000,8
1333417440000,1333417919000,0.99006,0.99009,0.98958,0.98968,401460000,8
1333417920000,1333418399000,0.98968,0.98979,0.98968,0.98969,286770000,8
1333418400000,1333418879000,0.98967,0.98967,0.98928,0.98935,427020000,8
1333418880000,1333419359000,0.98934,0.98947,0.98932,0.98934,286270000,8
1333419360000,1333419839000,0.98935,0.98957,0.98932,0.9895,406310000,8
1333419840000,1333420319000,0.9895,0.98956,0.98935,0.98946,387640000,8
1333420320000,1333420799000,0.98946,0.98947,0.98936,0.9894,272420000,8
1333420800000,1333421279000,0.9894,0.98952,0.98934,0.98944,336800000,8
1333421280000,1333421759000,0.98944,0.98979,0.98944,0.98971,415400000,8
1333421760000,1333422239000,0.98971,0.98982,0.98955,0.98961,309590000,8
1333422240000,1333422719000,0.98962,0.98968,0.98932,0.98936,515970000,8
1333422720000,1333423199000,0.98936,0.98941,0.9893,0.98938,398120000,8
1333423200000,1333423679000,0.98935,0.98947,0.9893,0.98938,341610000,8
1333423680000,1333424159000,0.98938,0.98944,0.98929,0.98931,337890000,8
1333424160000,1333424639000,0.9893,0.98952,0.9893,0.98944,323100000,8
1333424640000,1333425119000,0.98943,0.98956,0.9894,0.98949,258530000,8
1333425120000,1333425599000,0.98949,0.98951,0.98932,0.98938,361480000,8
1333425600000,1333426079000,0.98937,0.98974,0.98931,0.98957,417010000,8
1333426080000,1333426559000,0.98958,0.99039,0.98942,0.98996,490310000,8
1333426560000,1333427039000,0.98993,0.99045,0.98959,0.98973,815810000,8
1333427040000,1333427519000,0.98974,0.98995,0.98926,0.98993,738320000,8
1333427520000,1333427999000,0.98995,0.9905,0.98927,0.98946,1140240000,8
1333428000000,1333428479000,0.98941,0.98974,0.98924,0.98943,1241190000,8
1333428480000,1333428959000,0.98939,0.98954,0.9892,0.98937,627950000,8
1333428960000,1333429439000,0.98936,0.98942,0.98922,0.98925,519750000,8
1333429440000,1333429919000,0.98924,0.98935,0.9892,0.98926,510000000,8
1333429920000,1333430399000,0.98926,0.98946,0.98911,0.98911,546790000,8
1333430400000,1333430879000,0.98911,0.98942,0.9891,0.9892,387610000,8
1333430880000,1333431359000,0.98921,0.98943,0.9892,0.98927,413740000,8
1333431360000,1333431839000,0.98927,0.9893,0.98912,0.98914,292500000,8
1333431840000,1333432319000,0.98916,0.98949,0.98911,0.98936,482680000,8
1333432320000,1333432799000,0.98937,0.98953,0.9893,0.98948,431830000,8
1333432800000,1333433279000,0.98948,0.98983,0.98936,0.98958,514710000,8
1333433280000,1333433759000,0.98957,0.98959,0.9893,0.9893,658580000,8
1333433760000,1333434239000,0.9893,0.98981,0.9893,0.98971,713190000,8
1333434240000,1333434719000,0.98969,0.98971,0.98937,0.98949,657930000,8
1333434720000,1333435199000,0.98949,0.98969,0.98946,0.98968,474470000,8
1333435200000,1333435679000,0.98967,0.98969,0.98917,0.98917,822920000,8
1333435680000,1333436159000,0.98917,0.98924,0.9888,0.98882,588910000,8
1333436160000,1333436639000,0.98882,0.98964,0.98881,0.98951,900660000,8
1333436640000,1333437119000,0.98951,0.98967,0.98915,0.98931,1367890000,8
1333437120000,1333437599000,0.98932,0.98934,0.98885,0.98887,1357590000,8
1333437600000,1333438079000,0.98888,0.98956,0.9888,0.98949,1359630000,8
1333438080000,1333438559000,0.98952,0.99015,0.98901,0.98995,1370450000,8
1333438560000,1333439039000,0.98995,0.9902,0.98962,0.99002,908080000,8
1333439040000,1333439519000,0.99003,0.99018,0.98973,0.99001,656650000,8
1333439520000,1333439999000,0.99001,0.99067,0.98999,0.99063,941610000,8
1333440000000,1333440479000,0.99059,0.99083,0.9902,0.99037,1201970000,8
1333440480000,1333440959000,0.99035,0.99043,0.98994,0.9902,764960000,8
1333440960000,1333441439000,0.99022,0.99099,0.99018,0.99085,1056420000,8
1333441440000,1333441919000,0.99086,0.99096,0.99049,0.99059,843530000,8
1333441920000,1333442399000,0.99055,0.99081,0.99037,0.9908,1001210000,8
1333442400000,1333442879000,0.99079,0.991,0.99064,0.99081,868630000,8
1333442880000,1333443359000,0.99081,0.99102,0.99067,0.99087,1032320000,8
1333443360000,1333443839000,0.99088,0.9912,0.99085,0.99095,998220000,8
1333443840000,1333444319000,0.99099,0.99128,0.99089,0.99109,1165030000,8
1333444320000,1333444799000,0.99107,0.99109,0.99061,0.9909,1175990000,8
1333444800000,1333445279000,0.99089,0.99093,0.9907,0.9908,906290000,8
1333445280000,1333445759000,0.99078,0.99111,0.99068,0.99073,1017730000,8
1333445760000,1333446239000,0.99072,0.99124,0.99057,0.99119,1176410000,8
1333446240000,1333446719000,0.99119,0.99147,0.9911,0.9914,1131690000,8
1333446720000,1333447199000,0.9914,0.99177,0.99138,0.9917,838530000,8
1333447200000,1333447679000,0.9917,0.99171,0.99121,0.99161,967300000,8
1333447680000,1333448159000,0.99161,0.99182,0.99155,0.99177,1140460000,8
1333448160000,1333448639000,0.99179,0.99201,0.99168,0.99183,867180000,8
1333448640000,1333449119000,0.99181,0.99183,0.99167,0.9918,909080000,8
1333449120000,1333449599000,0.99177,0.99208,0.99169,0.99207,820320000,8
1333449600000,1333450079000,0.99207,0.99208,0.9917,0.99186,1221950000,8
1333450080000,1333450559000,0.99186,0.99187,0.99156,0.99175,985470000,8
1333450560000,1333451039000,0.99178,0.99205,0.99158,0.99181,914490000,8
1333451040000,1333451519000,0.99181,0.99181,0.99158,0.99167,963120000,8
1333451520000,1333451999000,0.99166,0.99227,0.99158,0.99198,1116230000,8
1333452000000,1333452479000,0.99198,0.99284,0.99187,0.99242,1168500000,8
1333452480000,1333452959000,0.99244,0.99279,0.99235,0.99266,1300200000,8
1333452960000,1333453439000,0.99266,0.99266,0.99232,0.99236,1104360000,8
1333453440000,1333453919000,0.99238,0.99278,0.9923,0.99265,1118340000,8
1333453920000,1333454399000,0.99269,0.99276,0.99241,0.99276,1671320000,8
1333454400000,1333454879000,0.99274,0.99274,0.99183,0.99183,1174060000,8
1333454880000,1333455359000,0.99184,0.99198,0.99168,0.99177,1030520000,8
1333455360000,1333455839000,0.99177,0.99238,0.9916,0.99237,1027690000,8
1333455840000,1333456319000,0.99237,0.99249,0.99139,0.9914,1153770000,8
1333456320000,1333456799000,0.99142,0.99179,0.99127,0.99132,1472530000,8
1333456800000,1333457279000,0.99132,0.99133,0.99079,0.99108,1320260000,8
1333457280000,1333457759000,0.99108,0.99111,0.99074,0.99087,912960000,8
1333457760000,1333458239000,0.9909,0.99117,0.9906,0.99061,1146160000,8
1333458240000,1333458719000,0.99062,0.99076,0.99011,0.99024,1372870000,8
1333458720000,1333459199000,0.99024,0.99035,0.98971,0.99015,1143020000,8
1333459200000,1333459679000,0.99015,0.99047,0.98989,0.99029,1158780000,8
1333459680000,1333460159000,0.99029,0.99052,0.98997,0.99029,1346550000,8
1333460160000,1333460639000,0.99029,0.99049,0.98999,0.99018,1577900000,8
1333460640000,1333461119000,0.99018,0.99061,0.98999,0.9902,1273030000,8
1333461120000,1333461599000,0.99019,0.99064,0.99007,0.99021,1248020000,8
1333461600000,1333462079000,0.99021,0.99081,0.9901,0.99037,1518900000,8
1333462080000,1333462559000,0.99035,0.99118,0.99019,0.99108,1483370000,8
1333462560000,1333463039000,0.9911,0.99138,0.99087,0.9909,1411540000,8
1333463040000,1333463519000,0.9909,0.99093,0.9903,0.99035,1746820000,8
1333463520000,1333463999000,0.99035,0.99069,0.99025,0.99037,1471580000,8
1333464000000,1333464479000,0.99035,0.99047,0.98927,0.9897,1685770000,8
1333464480000,1333464959000,0.9897,0.98976,0.98921,0.98937,1584500000,8
1333464960000,1333465439000,0.98935,0.99009,0.98921,0.98971,1579010000,8
1333465440000,1333465919000,0.98974,0.98999,0.98927,0.98979,1307040000,8
1333465920000,1333466399000,0.9898,0.99052,0.98979,0.99014,1378370000,8
1333466400000,1333466879000,0.99011,0.99057,0.9901,0.99035,1248350000,8
1333466880000,1333467359000,0.99036,0.99093,0.99034,0.9906,1281130000,8
1333467360000,1333467839000,0.99061,0.99092,0.99055,0.99074,1210230000,8
1333467840000,1333468319000,0.99073,0.99094,0.99063,0.99079,1121130000,8
1333468320000,1333468799000,0.9908,0.99098,0.99063,0.99085,1071860000,8
1333468800000,1333469279000,0.99085,0.99159,0.99077,0.99155,1088340000,8
1333469280000,1333469759000,0.99152,0.99171,0.99133,0.99134,1188860000,8
1333469760000,1333470239000,0.99135,0.99139,0.99104,0.99106,718400000,8
1333470240000,1333470719000,0.99107,0.99108,0.99063,0.99077,837860000,8
1333470720000,1333471199000,0.99078,0.99165,0.99076,0.99159,910550000,8
1333471200000,1333471679000,0.99156,0.99159,0.99088,0.99103,763350000,8
1333471680000,1333472159000,0.99103,0.99123,0.991,0.99117,787450000,8
1333472160000,1333472639000,0.99118,0.99128,0.99098,0.99103,594150000,8
1333472640000,1333473119000,0.99101,0.99109,0.99096,0.99109,410140000,8
1333473120000,1333473599000,0.99109,0.99115,0.99097,0.991,490530000,8
1333473600000,1333474079000,0.991,0.99121,0.99098,0.99114,629940000,8
1333474080000,1333474559000,0.99115,0.99118,0.99097,0.99099,648480000,8
1333474560000,1333475039000,0.99099,0.991,0.99061,0.99093,531360000,8
1333475040000,1333475519000,0.99093,0.99107,0.99078,0.99096,635640000,8
1333475520000,1333475999000,0.99095,0.991,0.99052,0.99086,640680000,8
1333476000000,1333476479000,0.99086,0.9924,0.99085,0.99232,2235400000,8
1333476480000,1333476959000,0.99233,0.99279,0.9918,0.99226,2083860000,8
1333476960000,1333477439000,0.99226,0.99262,0.99154,0.99164,1763630000,8
1333477440000,1333477919000,0.99162,0.99249,0.99109,0.99238,1713260000,8
1333477920000,1333478399000,0.99237,0.99248,0.99166,0.99217,1650420000,8
1333478400000,1333478879000,0.99218,0.99243,0.99158,0.99178,1588550000,8
1333478880000,1333479359000,0.99177,0.99218,0.99111,0.99213,1802180000,8
1333479360000,1333479839000,0.99209,0.99224,0.99145,0.99155,1299870000,8
1333479840000,1333480319000,0.99152,0.99158,0.9908,0.99138,1314310000,8
1333480320000,1333480799000,0.99137,0.99148,0.99081,0.99102,1216040000,8
1333480800000,1333481279000,0.99102,0.99178,0.99095,0.99178,1327470000,8
1333481280000,1333481759000,0.99178,0.99189,0.99119,0.99141,1176670000,8
1333481760000,1333482239000,0.99142,0.99159,0.99107,0.99137,1109380000,8
1333482240000,1333482719000,0.99137,0.99137,0.99065,0.99079,1097600000,8
1333482720000,1333483199000,0.99077,0.99079,0.99023,0.99028,1152520000,8
1333483200000,1333483679000,0.99027,0.99084,0.99027,0.99038,641140000,8
1333483680000,1333484159000,0.99036,0.99068,0.99023,0.99062,340360000,8
1333484160000,1333484639000,0.99063,0.99081,0.99055,0.99069,368660000,8
1333484640000,1333485119000,0.99069,0.99077,0.99053,0.99071,463780000,8
1333485120000,1333485599000,0.99072,0.99089,0.99069,0.99082,327050000,8
1333485600000,1333486079000,0.99082,0.99084,0.9907,0.99071,227960000,8
1333486080000,1333486559000,0.9908,0.99095,0.99026,0.99066,563470000,8
1333486560000,1333487039000,0.99071,0.99118,0.99042,0.99062,266820000,8
1333487040000,1333487519000,0.99066,0.99088,0.9904,0.9904,79860000,8
1333487520000,1333487999000,0.99044,0.99065,0.99006,0.99042,60620000,8
1333488000000,1333488479000,0.99042,0.99063,0.99042,0.99042,76570000,8
1333488480000,1333488959000,0.99031,0.99108,0.99008,0.99081,296390000,8
1333488960000,1333489439000,0.99081,0.99081,0.99042,0.99043,140020000,8
1333489440000,1333489919000,0.99043,0.9911,0.99043,0.99089,210750000,8
1333489920000,1333490399000,0.99089,0.99104,0.99081,0.99088,87660000,8
1333490400000,1333490879000,0.9909,0.99094,0.99077,0.99092,91640000,8
1333490880000,1333491359000,0.99092,0.99119,0.99082,0.99106,83170000,8
1333491360000,1333491839000,0.9911,0.99121,0.99101,0.99116,282370000,8
1333491840000,1333492319000,0.99116,0.99128,0.99109,0.99128,294520000,8
1333492320000,1333492799000,0.99126,0.99144,0.9912,0.99133,387850000,8
1333492800000,1333493279000,0.99133,0.99137,0.99128,0.99128,234290000,8
1333493280000,1333493759000,0.99129,0.99154,0.99107,0.99147,504010000,8
1333493760000,1333494239000,0.99145,0.99163,0.99115,0.99125,368890000,8
1333494240000,1333494719000,0.99125,0.99129,0.99108,0.99109,204550000,8
1333494720000,1333495199000,0.9911,0.99129,0.99109,0.99123,298320000,8
1333495200000,1333495679000,0.99124,0.99133,0.99114,0.99119,422170000,8
1333495680000,1333496159000,0.99119,0.99125,0.9911,0.99124,335740000,8
1333496160000,1333496639000,0.99123,0.99125,0.9907,0.99079,332020000,8
1333496640000,1333497119000,0.99078,0.99106,0.99066,0.99077,443950000,8
1333497120000,1333497599000,0.99077,0.99119,0.99077,0.99116,355110000,8
1333497600000,1333498079000,0.99112,0.99151,0.99081,0.99115,869440000,8
1333498080000,1333498559000,0.99115,0.99182,0.99098,0.99169,874490000,8
1333498560000,1333499039000,0.99168,0.99185,0.99159,0.99162,463580000,8
1333499040000,1333499519000,0.99162,0.99173,0.99149,0.99172,563670000,8
1333499520000,1333499999000,0.99173,0.99186,0.99143,0.99143,380690000,8
1333500000000,1333500479000,0.99143,0.99156,0.99134,0.99154,433400000,8
1333500480000,1333500959000,0.99153,0.99191,0.99148,0.9918,754950000,8
1333500960000,1333501439000,0.99178,0.99178,0.9914,0.99146,863550000,8
1333501440000,1333501919000,0.99145,0.99163,0.99136,0.99157,537550000,8
1333501920000,1333502399000,0.99155,0.99187,0.9915,0.99167,726020000,8
1333502400000,1333502879000,0.99168,0.99169,0.99137,0.99141,557710000,8
1333502880000,1333503359000,0.99141,0.99231,0.9913,0.99209,1050460000,8
1333503360000,1333503839000,0.99209,0.99264,0.99199,0.99262,902640000,8
1333503840000,1333504319000,0.99262,0.99278,0.99194,0.99261,1093270000,8
1333504320000,1333504799000,0.99261,0.9929,0.9924,0.99274,898320000,8
1333504800000,1333505279000,0.99274,0.99278,0.99239,0.99245,503990000,8
1333505280000,1333505759000,0.99247,0.99271,0.99242,0.99264,322300000,8
1333505760000,1333506239000,0.99263,0.99281,0.99249,0.99273,670670000,8
1333506240000,1333506719000,0.99273,0.99298,0.99246,0.99249,857100000,8
1333506720000,1333507199000,0.99249,0.99258,0.99206,0.99208,607550000,8
1333507200000,1333507679000,0.99207,0.99222,0.99199,0.99199,427460000,8
1333507680000,1333508159000,0.99197,0.992,0.99177,0.99183,241670000,8
1333508160000,1333508639000,0.99183,0.99189,0.99154,0.99174,464900000,8
1333508640000,1333509119000,0.99175,0.99205,0.99164,0.99176,414230000,8
1333509120000,1333509599000,0.99177,0.99225,0.99177,0.99198,431360000,8
1333509600000,1333510079000,0.99198,0.99198,0.99175,0.99177,428380000,8
1333510080000,1333510559000,0.99178,0.99185,0.99168,0.99171,410740000,8
1333510560000,1333511039000,0.99172,0.99176,0.99164,0.99171,220790000,8
1333511040000,1333511519000,0.99173,0.992,0.99163,0.99177,450820000,8
1333511520000,1333511999000,0.99177,0.99186,0.99159,0.99169,384450000,8
1333512000000,1333512479000,0.99168,0.99169,0.99142,0.99153,421480000,8
1333512480000,1333512959000,0.99153,0.99166,0.99143,0.9915,407820000,8
1333512960000,1333513439000,0.9915,0.99178,0.9915,0.99177,285560000,8
1333513440000,1333513919000,0.99176,0.9918,0.9917,0.99178,408820000,8
1333513920000,1333514399000,0.99179,0.9918,0.99163,0.99177,364470000,8
1333514400000,1333514879000,0.99177,0.99182,0.99166,0.99179,453930000,8
1333514880000,1333515359000,0.99179,0.992,0.99171,0.99198,553160000,8
1333515360000,1333515839000,0.992,0.99236,0.99198,0.9921,793740000,8
1333515840000,1333516319000,0.9921,0.99212,0.99181,0.99191,523990000,8
1333516320000,1333516799000,0.99191,0.99235,0.99176,0.99177,607600000,8
1333516800000,1333517279000,0.99176,0.99197,0.99172,0.99191,505200000,8
1333517280000,1333517759000,0.99191,0.99192,0.99165,0.99165,517280000,8
1333517760000,1333518239000,0.99166,0.99189,0.99163,0.99173,430080000,8
1333518240000,1333518719000,0.99173,0.99187,0.99164,0.99167,440440000,8
1333518720000,1333519199000,0.99169,0.99184,0.99165,0.99179,516310000,8
1333519200000,1333519679000,0.99178,0.99197,0.99176,0.99195,661060000,8
1333519680000,1333520159000,0.99195,0.99195,0.99166,0.9918,551260000,8
1333520160000,1333520639000,0.9918,0.99182,0.9916,0.99161,605870000,8
1333520640000,1333521119000,0.99161,0.9917,0.99133,0.99146,548590000,8
1333521120000,1333521599000,0.99143,0.99179,0.99143,0.99154,606870000,8
1333521600000,1333522079000,0.99155,0.99198,0.99155,0.99187,785990000,8
1333522080000,1333522559000,0.99189,0.99204,0.9917,0.99198,840080000,8
1333522560000,1333523039000,0.99195,0.99208,0.99159,0.99169,988010000,8
1333523040000,1333523519000,0.99169,0.99249,0.99167,0.99237,1507370000,8
1333523520000,1333523999000,0.99237,0.99249,0.99193,0.99213,1396840000,8
1333524000000,1333524479000,0.99214,0.99229,0.99188,0.99211,1394920000,8
1333524480000,1333524959000,0.99213,0.99253,0.99205,0.99232,1017350000,8
1333524960000,1333525439000,0.99231,0.99256,0.99191,0.99233,1161520000,8
1333525440000,1333525919000,0.99235,0.99259,0.99206,0.99206,1015230000,8
1333525920000,1333526399000,0.99207,0.99259,0.99204,0.99256,1060130000,8
1333526400000,1333526879000,0.99255,0.99338,0.99247,0.99283,1448350000,8
1333526880000,1333527359000,0.99283,0.99283,0.99236,0.99238,816130000,8
1333527360000,1333527839000,0.99239,0.99261,0.99206,0.99214,1035720000,8
1333527840000,1333528319000,0.99214,0.99257,0.9921,0.99251,896550000,8
1333528320000,1333528799000,0.99252,0.99277,0.99204,0.99215,1181980000,8
1333528800000,1333529279000,0.99216,0.99306,0.99203,0.99295,1281830000,8
1333529280000,1333529759000,0.99294,0.99368,0.99285,0.99357,1635750000,8
1333529760000,1333530239000,0.99357,0.99415,0.99353,0.9939,1537060000,8
1333530240000,1333530719000,0.99392,0.99394,0.99342,0.9939,1461890000,8
1333530720000,1333531199000,0.9939,0.99417,0.99372,0.99402,1430820000,8
1333531200000,1333531679000,0.99403,0.99407,0.99352,0.9939,1550770000,8
1333531680000,1333532159000,0.9939,0.99406,0.9934,0.99341,1185770000,8
1333532160000,1333532639000,0.99341,0.99372,0.99335,0.99365,1133390000,8
1333532640000,1333533119000,0.99364,0.9938,0.99342,0.99371,1187370000,8
1333533120000,1333533599000,0.99372,0.99374,0.99323,0.99354,1308660000,8
1333533600000,1333534079000,0.99354,0.99384,0.99348,0.99375,1355790000,8
1333534080000,1333534559000,0.99372,0.99409,0.99352,0.99395,1345190000,8
1333534560000,1333535039000,0.99396,0.9944,0.99381,0.99434,974690000,8
1333535040000,1333535519000,0.99434,0.99449,0.99401,0.99425,1163080000,8
1333535520000,1333535999000,0.99419,0.9943,0.99391,0.994,1124790000,8
1333536000000,1333536479000,0.99394,0.99398,0.99356,0.99362,1062920000,8
1333536480000,1333536959000,0.99362,0.99382,0.99343,0.99381,1047430000,8
1333536960000,1333537439000,0.9938,0.99464,0.99371,0.99459,1604670000,8
1333537440000,1333537919000,0.99459,0.99582,0.99454,0.9956,1779360000,8
1333537920000,1333538399000,0.9956,0.99604,0.99554,0.99601,1660120000,8
1333538400000,1333538879000,0.99602,0.99606,0.99558,0.99561,1347090000,8
1333538880000,1333539359000,0.9956,0.9956,0.9953,0.99543,1293510000,8
1333539360000,1333539839000,0.99544,0.99544,0.99516,0.99519,1037210000,8
1333539840000,1333540319000,0.9952,0.99522,0.99485,0.9949,989210000,8
1333540320000,1333540799000,0.9949,0.99522,0.99474,0.99511,1037950000,8
1333540800000,1333541279000,0.99513,0.99532,0.99454,0.99471,1224490000,8
1333541280000,1333541759000,0.99468,0.99528,0.9945,0.99491,1394090000,8
1333541760000,1333542239000,0.99498,0.9961,0.99464,0.996,1724430000,8
1333542240000,1333542719000,0.996,0.99611,0.99559,0.9959,1526760000,8
1333542720000,1333543199000,0.9959,0.99679,0.9958,0.99654,2028010000,8
1333543200000,1333543679000,0.99654,0.99669,0.99598,0.9961,1642940000,8
1333543680000,1333544159000,0.99611,0.99632,0.99567,0.9958,1673810000,8
1333544160000,1333544639000,0.9958,0.99642,0.99569,0.99639,1722720000,8
1333544640000,1333545119000,0.99639,0.9968,0.99633,0.99644,1820090000,8
1333545120000,1333545599000,0.99641,0.99657,0.99576,0.99578,1680720000,8
1333545600000,1333546079000,0.9958,0.99596,0.99519,0.99528,1709750000,8
1333546080000,1333546559000,0.99528,0.99599,0.99523,0.99554,1941480000,8
1333546560000,1333547039000,0.99553,0.99555,0.9949,0.99501,1415540000,8
1333547040000,1333547519000,0.99501,0.99528,0.99467,0.99498,1663320000,8
1333547520000,1333547999000,0.99497,0.99528,0.99481,0.99508,1445000000,8
1333548000000,1333548479000,0.99507,0.99581,0.99499,0.9957,2061900000,8
1333548480000,1333548959000,0.99571,0.99621,0.9955,0.99609,1710360000,8
1333548960000,1333549439000,0.99611,0.99628,0.99566,0.99576,1629280000,8
1333549440000,1333549919000,0.99577,0.99634,0.99571,0.99624,1763410000,8
1333549920000,1333550399000,0.99625,0.99656,0.99571,0.99588,1913950000,8
1333550400000,1333550879000,0.99588,0.9964,0.99586,0.99602,1635880000,8
1333550880000,1333551359000,0.99602,0.9967,0.99586,0.99665,1433360000,8
1333551360000,1333551839000,0.99665,0.99733,0.9965,0.99658,2314230000,8
1333551840000,1333552319000,0.99658,0.99681,0.99585,0.99605,1649900000,8
1333552320000,1333552799000,0.99608,0.99662,0.99606,0.99639,1473210000,8
1333552800000,1333553279000,0.99636,0.99666,0.99587,0.99618,1257540000,8
1333553280000,1333553759000,0.99617,0.99661,0.99597,0.99608,1379560000,8
1333553760000,1333554239000,0.99608,0.99608,0.99564,0.99578,1111350000,8
1333554240000,1333554719000,0.99579,0.99617,0.99568,0.99602,1123830000,8
1333554720000,1333555199000,0.99602,0.99635,0.9957,0.99632,1279920000,8
1333555200000,1333555679000,0.99632,0.99648,0.99598,0.99598,1358240000,8
1333555680000,1333556159000,0.99598,0.99611,0.99588,0.99601,986460000,8
1333556160000,1333556639000,0.99601,0.99604,0.99528,0.99545,1225930000,8
1333556640000,1333557119000,0.99544,0.99569,0.9953,0.99568,948630000,8
1333557120000,1333557599000,0.99569,0.99581,0.99547,0.99566,1061210000,8
1333557600000,1333558079000,0.99566,0.99603,0.99566,0.99599,942680000,8
1333558080000,1333558559000,0.996,0.9961,0.99577,0.99593,853740000,8
1333558560000,1333559039000,0.99593,0.99654,0.99593,0.99639,754940000,8
1333559040000,1333559519000,0.99641,0.99652,0.9962,0.99621,825010000,8
1333559520000,1333559999000,0.9962,0.99649,0.99619,0.99637,1095850000,8
1333560000000,1333560479000,0.99636,0.99669,0.9963,0.99662,691380000,8
1333560480000,1333560959000,0.99663,0.99688,0.99639,0.99648,1003190000,8
1333560960000,1333561439000,0.99649,0.99652,0.99618,0.99621,779870000,8
1333561440000,1333561919000,0.99619,0.99633,0.99606,0.99607,656550000,8
1333561920000,1333562399000,0.99607,0.99636,0.99607,0.99625,811940000,8
1333562400000,1333562879000,0.99625,0.99644,0.9962,0.99629,809630000,8
1333562880000,1333563359000,0.9963,0.99638,0.99588,0.9959,810890000,8
1333563360000,1333563839000,0.9959,0.99631,0.99579,0.9963,869320000,8
1333563840000,1333564319000,0.99628,0.9963,0.99607,0.99612,883420000,8
1333564320000,1333564799000,0.9961,0.99612,0.99542,0.99542,953320000,8
1333564800000,1333565279000,0.99543,0.99567,0.99536,0.99554,854810000,8
1333565280000,1333565759000,0.99556,0.99614,0.99552,0.99611,755200000,8
1333565760000,1333566239000,0.99611,0.99649,0.99586,0.9964,989400000,8
1333566240000,1333566719000,0.9964,0.99648,0.99597,0.99597,773490000,8
1333566720000,1333567199000,0.99597,0.9961,0.99588,0.99608,685710000,8
1333567200000,1333567679000,0.99608,0.9964,0.99607,0.9962,677660000,8
1333567680000,1333568159000,0.99621,0.99626,0.99609,0.99613,548770000,8
1333568160000,1333568639000,0.99614,0.99645,0.99611,0.99643,968080000,8
1333568640000,1333569119000,0.99643,0.99645,0.99567,0.99587,703820000,8
1333569120000,1333569599000,0.99586,0.99639,0.99586,0.99635,690690000,8
1333569600000,1333570079000,0.99635,0.99646,0.99618,0.99628,559140000,8
1333570080000,1333570559000,0.9963,0.99645,0.99627,0.9963,448690000,8
1333570560000,1333571039000,0.99628,0.99634,0.99626,0.99629,105130000,8
1333571040000,1333571519000,0.99629,0.99631,0.99583,0.99594,495040000,8
1333571520000,1333571999000,0.99593,0.99616,0.99584,0.99614,340050000,8
1333572000000,1333572479000,0.99615,0.99622,0.99607,0.99613,399990000,8
1333572480000,1333572959000,0.99615,0.99642,0.99614,0.99623,328710000,8
1333572960000,1333573439000,0.99623,0.99635,0.99583,0.99617,445170000,8
1333573440000,1333573919000,0.99617,0.99642,0.99599,0.99615,162430000,8
1333573920000,1333574399000,0.99615,0.9962,0.99615,0.99619,69430000,8
1333574400000,1333574879000,0.99617,0.99639,0.99615,0.99639,161050000,8
1333574880000,1333575359000,0.99639,0.99656,0.99621,0.9964,561360000,8
1333575360000,1333575839000,0.9964,0.99645,0.996,0.99611,370520000,8
1333575840000,1333576319000,0.99611,0.99633,0.99596,0.99605,338600000,8
1333576320000,1333576799000,0.99605,0.99628,0.996,0.99628,586040000,8
1333576800000,1333577279000,0.99628,0.99628,0.99579,0.99594,266410000,8
1333577280000,1333577759000,0.99599,0.99655,0.99593,0.99649,167240000,8
1333577760000,1333578239000,0.99649,0.99654,0.99589,0.99612,508810000,8
1333578240000,1333578719000,0.99611,0.99615,0.99604,0.99609,335290000,8
1333578720000,1333579199000,0.9961,0.99617,0.99599,0.99608,346970000,8
1333579200000,1333579679000,0.99609,0.99611,0.99596,0.99605,284780000,8
1333579680000,1333580159000,0.99605,0.99612,0.99598,0.99611,186750000,8
1333580160000,1333580639000,0.9961,0.99615,0.99601,0.99605,132260000,8
1333580640000,1333581119000,0.99607,0.99609,0.99591,0.99591,141610000,8
1333581120000,1333581599000,0.99591,0.99627,0.99589,0.99627,201580000,8
1333581600000,1333582079000,0.99624,0.9963,0.996,0.99624,188130000,8
1333582080000,1333582559000,0.99623,0.99629,0.99594,0.99607,564730000,8
1333582560000,1333583039000,0.99607,0.9962,0.99596,0.9962,292390000,8
1333583040000,1333583519000,0.99622,0.99625,0.99608,0.99613,198750000,8
1333583520000,1333583999000,0.99615,0.99649,0.99613,0.99636,326410000,8
1333584000000,1333584479000,0.99636,0.99656,0.99617,0.99652,468290000,8
1333584480000,1333584959000,0.99654,0.99661,0.99645,0.99656,570060000,8
1333584960000,1333585439000,0.99656,0.99656,0.99622,0.99652,336380000,8
1333585440000,1333585919000,0.99652,0.99652,0.99635,0.99635,400640000,8
1333585920000,1333586399000,0.99637,0.9965,0.99637,0.99646,296380000,8
1333586400000,1333586879000,0.99646,0.99656,0.99636,0.9965,399320000,8
1333586880000,1333587359000,0.9965,0.99676,0.9965,0.99655,522360000,8
1333587360000,1333587839000,0.99655,0.99696,0.99645,0.99681,417140000,8
1333587840000,1333588319000,0.9968,0.99694,0.99671,0.99679,330170000,8
1333588320000,1333588799000,0.99679,0.99684,0.99656,0.99666,542620000,8
1333588800000,1333589279000,0.99666,0.9967,0.99654,0.99669,430910000,8
1333589280000,1333589759000,0.9967,0.99718,0.99668,0.99718,644160000,8
1333589760000,1333590239000,0.99718,0.99729,0.99699,0.99729,781080000,8
1333590240000,1333590719000,0.99729,0.99736,0.99708,0.99722,748140000,8
1333590720000,1333591199000,0.99723,0.99728,0.99716,0.9972,491640000,8
1333591200000,1333591679000,0.9972,0.9973,0.99714,0.99715,492980000,8
1333591680000,1333592159000,0.99715,0.99719,0.99706,0.99716,521930000,8
1333592160000,1333592639000,0.99716,0.99728,0.99698,0.99706,638600000,8
1333592640000,1333593119000,0.99705,0.99713,0.99677,0.99692,748400000,8
1333593120000,1333593599000,0.99693,0.99699,0.99656,0.99659,705210000,8
1333593600000,1333594079000,0.99659,0.99667,0.9964,0.99643,585760000,8
1333594080000,1333594559000,0.99643,0.99657,0.99641,0.99648,544580000,8
1333594560000,1333595039000,0.99652,0.99679,0.99651,0.99678,419320000,8
1333595040000,1333595519000,0.99678,0.99688,0.99654,0.99659,457400000,8
1333595520000,1333595999000,0.99659,0.99659,0.99625,0.99625,511060000,8
1333596000000,1333596479000,0.99625,0.99646,0.9961,0.99637,560710000,8
1333596480000,1333596959000,0.99636,0.9965,0.99631,0.99643,525120000,8
1333596960000,1333597439000,0.99643,0.99672,0.99643,0.99662,577530000,8
1333597440000,1333597919000,0.99661,0.99669,0.99658,0.9966,291220000,8
1333597920000,1333598399000,0.9966,0.9966,0.99627,0.99637,524900000,8
1333598400000,1333598879000,0.99638,0.99647,0.99626,0.99629,488820000,8
1333598880000,1333599359000,0.99628,0.99659,0.99613,0.99657,636090000,8
1333599360000,1333599839000,0.99657,0.99677,0.99657,0.99672,352970000,8
1333599840000,1333600319000,0.99672,0.99678,0.99629,0.99629,414100000,8
1333600320000,1333600799000,0.99629,0.99656,0.99628,0.99643,347780000,8
1333600800000,1333601279000,0.99644,0.99655,0.9964,0.99642,293940000,8
1333601280000,1333601759000,0.99642,0.99642,0.99616,0.99621,327930000,8
1333601760000,1333602239000,0.99621,0.99621,0.99606,0.99606,360610000,8
1333602240000,1333602719000,0.99603,0.99649,0.99599,0.99648,599660000,8
1333602720000,1333603199000,0.99647,0.99653,0.99637,0.9964,466020000,8
1333603200000,1333603679000,0.9964,0.99661,0.99617,0.99646,487860000,8
1333603680000,1333604159000,0.99646,0.99646,0.99605,0.99608,470670000,8
1333604160000,1333604639000,0.99608,0.99613,0.99604,0.99609,262630000,8
1333604640000,1333605119000,0.99611,0.99623,0.99594,0.99597,330080000,8
1333605120000,1333605599000,0.99597,0.99608,0.99585,0.99605,550540000,8
1333605600000,1333606079000,0.99605,0.99629,0.99598,0.99613,749600000,8
1333606080000,1333606559000,0.99617,0.99626,0.99565,0.99574,573480000,8
1333606560000,1333607039000,0.99573,0.9959,0.99561,0.99576,873870000,8
1333607040000,1333607519000,0.99576,0.99593,0.99562,0.9959,662430000,8
1333607520000,1333607999000,0.99593,0.9961,0.9958,0.99588,829210000,8
1333608000000,1333608479000,0.99589,0.99589,0.99556,0.99578,594830000,8
1333608480000,1333608959000,0.99579,0.99599,0.99572,0.99587,587750000,8
1333608960000,1333609439000,0.99588,0.99629,0.99588,0.99599,822900000,8
1333609440000,1333609919000,0.99599,0.99599,0.99553,0.99558,921040000,8
1333609920000,1333610399000,0.99558,0.9963,0.99549,0.99615,851470000,8
1333610400000,1333610879000,0.99615,0.99649,0.99602,0.99622,765330000,8
1333610880000,1333611359000,0.99622,0.99688,0.99614,0.99641,1237250000,8
1333611360000,1333611839000,0.9964,0.9965,0.99617,0.99641,1047860000,8
1333611840000,1333612319000,0.9964,0.99647,0.99617,0.99624,1217900000,8
1333612320000,1333612799000,0.99622,0.99626,0.99565,0.99586,1368790000,8
1333612800000,1333613279000,0.99587,0.99615,0.9957,0.99609,1051150000,8
1333613280000,1333613759000,0.99609,0.99655,0.9959,0.99645,1023890000,8
1333613760000,1333614239000,0.99649,0.99683,0.99634,0.99659,1050440000,8
1333614240000,1333614719000,0.99657,0.99696,0.99636,0.99696,673870000,8
1333614720000,1333615199000,0.99694,0.99739,0.99685,0.99722,1281130000,8
1333615200000,1333615679000,0.99721,0.99758,0.99721,0.99758,1321700000,8
1333615680000,1333616159000,0.99756,0.99794,0.99748,0.99761,1339040000,8
1333616160000,1333616639000,0.99764,0.9977,0.99718,0.99725,1293310000,8
1333616640000,1333617119000,0.99725,0.9975,0.9971,0.99729,1183220000,8
1333617120000,1333617599000,0.99729,0.99788,0.99718,0.99767,1288290000,8
1333617600000,1333618079000,0.99767,0.99845,0.99767,0.99841,1360680000,8
1333618080000,1333618559000,0.99841,0.99884,0.99824,0.99883,1337210000,8
1333618560000,1333619039000,0.99884,0.99902,0.99873,0.99886,1321390000,8
1333619040000,1333619519000,0.99886,0.99947,0.99886,0.99946,1462730000,8
1333619520000,1333619999000,0.99946,0.9995,0.99882,0.99901,1359950000,8
1333620000000,1333620479000,0.999,0.99975,0.999,0.9994,1309470000,8
1333620480000,1333620959000,0.9994,0.99943,0.99876,0.99937,1077580000,8
1333620960000,1333621439000,0.99936,0.99958,0.99896,0.99926,870700000,8
1333621440000,1333621919000,0.99926,0.99939,0.99876,0.99884,1041180000,8
1333621920000,1333622399000,0.99885,0.99902,0.99845,0.99869,915750000,8
1333622400000,1333622879000,0.99868,0.99898,0.99863,0.99875,964520000,8
1333622880000,1333623359000,0.99875,0.99875,0.99835,0.99843,681010000,8
1333623360000,1333623839000,0.99843,0.99868,0.99811,0.99844,804950000,8
1333623840000,1333624319000,0.99844,0.99878,0.9984,0.99875,887060000,8
1333624320000,1333624799000,0.99879,0.99885,0.99812,0.99825,909050000,8
1333624800000,1333625279000,0.99825,0.99838,0.99805,0.99816,744400000,8
1333625280000,1333625759000,0.99816,0.99861,0.99808,0.99845,1100550000,8
1333625760000,1333626239000,0.99845,0.99876,0.99845,0.99866,963620000,8
1333626240000,1333626719000,0.99866,0.9987,0.99815,0.99815,653140000,8
1333626720000,1333627199000,0.99813,0.99817,0.99775,0.99775,944200000,8
1333627200000,1333627679000,0.99775,0.99817,0.99761,0.99803,990110000,8
1333627680000,1333628159000,0.99803,0.99825,0.99766,0.99794,1147020000,8
1333628160000,1333628639000,0.99794,0.99873,0.99794,0.99873,976510000,8
1333628640000,1333629119000,0.99872,0.99873,0.99329,0.99369,2264680000,8
1333629120000,1333629599000,0.9937,0.99479,0.99306,0.99425,2139990000,8
1333629600000,1333630079000,0.99424,0.99462,0.99344,0.99357,1638510000,8
1333630080000,1333630559000,0.99355,0.99374,0.99211,0.99264,1618800000,8
1333630560000,1333631039000,0.99259,0.99335,0.99259,0.9932,1462030000,8
1333631040000,1333631519000,0.99319,0.99368,0.993,0.99362,1068080000,8
1333631520000,1333631999000,0.99361,0.99361,0.99308,0.99331,947520000,8
1333632000000,1333632479000,0.9933,0.99344,0.99278,0.99279,1025930000,8
1333632480000,1333632959000,0.99279,0.99299,0.99232,0.99294,1314100000,8
1333632960000,1333633439000,0.99293,0.99304,0.99228,0.99252,1273140000,8
1333633440000,1333633919000,0.99251,0.99256,0.99145,0.99173,1480720000,8
1333633920000,1333634399000,0.99171,0.99187,0.99119,0.99174,1225920000,8
1333634400000,1333634879000,0.99174,0.99196,0.99142,0.99181,1427260000,8
1333634880000,1333635359000,0.99181,0.99236,0.99143,0.99236,1192270000,8
1333635360000,1333635839000,0.99235,0.99288,0.99229,0.99262,1237890000,8
1333635840000,1333636319000,0.99262,0.99271,0.99193,0.99216,1331880000,8
1333636320000,1333636799000,0.99216,0.99247,0.99205,0.99219,1429860000,8
1333636800000,1333637279000,0.99219,0.99219,0.99148,0.99156,1326150000,8
1333637280000,1333637759000,0.99157,0.992,0.9913,0.99193,1225370000,8
1333637760000,1333638239000,0.99194,0.99194,0.99129,0.99129,1481270000,8
1333638240000,1333638719000,0.99129,0.99137,0.99091,0.99094,1255960000,8
1333638720000,1333639199000,0.99093,0.99159,0.99067,0.99149,1664890000,8
1333639200000,1333639679000,0.9915,0.9918,0.99125,0.99169,1013900000,8
1333639680000,1333640159000,0.99169,0.99228,0.99155,0.9922,784930000,8
1333640160000,1333640639000,0.9922,0.99232,0.99189,0.99189,757110000,8
1333640640000,1333641119000,0.9919,0.99269,0.99189,0.99266,796230000,8
1333641120000,1333641599000,0.99264,0.99286,0.99261,0.99278,1175620000,8
1333641600000,1333642079000,0.99277,0.99287,0.9926,0.99263,1014050000,8
1333642080000,1333642559000,0.99262,0.99282,0.99261,0.99267,787060000,8
1333642560000,1333643039000,0.99268,0.99291,0.99261,0.99262,859380000,8
1333643040000,1333643519000,0.99262,0.99289,0.99254,0.99286,950030000,8
1333643520000,1333643999000,0.99288,0.99298,0.99282,0.99294,704220000,8
1333644000000,1333644479000,0.99296,0.99313,0.99285,0.99304,685870000,8
1333644480000,1333644959000,0.99306,0.99335,0.99305,0.99331,668320000,8
1333644960000,1333645439000,0.99331,0.99331,0.99291,0.99305,716680000,8
1333645440000,1333645919000,0.99302,0.99316,0.99289,0.99302,576140000,8
1333645920000,1333646399000,0.99303,0.99308,0.99282,0.99282,545550000,8
1333646400000,1333646879000,0.99282,0.99297,0.99275,0.99296,539570000,8
1333646880000,1333647359000,0.99295,0.99335,0.99291,0.99329,841200000,8
1333647360000,1333647839000,0.99329,0.99331,0.99309,0.9932,578910000,8
1333647840000,1333648319000,0.9932,0.99389,0.99317,0.99386,915950000,8
1333648320000,1333648799000,0.99386,0.99418,0.99362,0.99408,932080000,8
1333648800000,1333649279000,0.99408,0.99408,0.99362,0.99382,924520000,8
1333649280000,1333649759000,0.99382,0.99395,0.99359,0.99359,621880000,8
1333649760000,1333650239000,0.99359,0.99376,0.99341,0.99365,627160000,8
1333650240000,1333650719000,0.99365,0.99367,0.99321,0.9935,690860000,8
1333650720000,1333651199000,0.99349,0.99362,0.99339,0.99345,617390000,8
1333651200000,1333651679000,0.99346,0.99361,0.99335,0.99352,613960000,8
1333651680000,1333652159000,0.99353,0.99382,0.9933,0.99344,651170000,8
1333652160000,1333652639000,0.99343,0.99393,0.99339,0.99368,793030000,8
1333652640000,1333653119000,0.9937,0.9938,0.99357,0.99378,554630000,8
1333653120000,1333653599000,0.99378,0.99384,0.99354,0.99369,627830000,8
1333653600000,1333654079000,0.99369,0.99394,0.99365,0.9939,340220000,8
1333654080000,1333654559000,0.9939,0.99393,0.99353,0.99353,552230000,8
1333654560000,1333655039000,0.99354,0.99358,0.9934,0.9934,506700000,8
1333655040000,1333655519000,0.99341,0.9935,0.99336,0.99341,588730000,8
1333655520000,1333655999000,0.99342,0.99384,0.99335,0.99371,635170000,8
1333656000000,1333656479000,0.9937,0.9937,0.99345,0.99353,494320000,8
1333656480000,1333656959000,0.99355,0.99364,0.99345,0.99351,259470000,8
1333656960000,1333657439000,0.99351,0.9936,0.99342,0.99343,230960000,8
1333657440000,1333657919000,0.99344,0.9936,0.9933,0.99331,249550000,8
1333657920000,1333658399000,0.9933,0.99344,0.99324,0.99344,298090000,8
1333658400000,1333658879000,0.99341,0.99345,0.99324,0.99324,502700000,8
1333658880000,1333659359000,0.99324,0.99333,0.99308,0.99311,280780000,8
1333659360000,1333659839000,0.99311,0.99318,0.99281,0.99296,71870000,8
1333659840000,1333660319000,0.993,0.9932,0.99299,0.9931,85680000,8
1333660320000,1333660799000,0.9931,0.99312,0.99302,0.99312,159320000,8
1333660800000,1333661279000,0.99312,0.99325,0.99305,0.99316,70940000,8
1333661280000,1333661759000,0.99318,0.99349,0.99318,0.9934,138160000,8
1333661760000,1333662239000,0.9934,0.99341,0.9931,0.99312,126570000,8
1333662240000,1333662719000,0.99313,0.99316,0.9929,0.99295,79870000,8
1333662720000,1333663199000,0.99297,0.99303,0.99281,0.99288,63010000,8
1333663200000,1333663679000,0.99305,0.99342,0.99301,0.99325,85650000,8
1333663680000,1333664159000,0.99334,0.99334,0.99317,0.99319,62790000,8
1333664160000,1333664639000,0.99319,0.99326,0.99297,0.99315,164820000,8
1333664640000,1333665119000,0.99307,0.99307,0.99295,0.99298,412050000,8
1333665120000,1333665599000,0.99297,0.99313,0.99294,0.99306,333610000,8
1333665600000,1333666079000,0.99306,0.99318,0.99306,0.9931,273550000,8
1333666080000,1333666559000,0.99309,0.99311,0.99302,0.99309,314540000,8
1333666560000,1333667039000,0.99309,0.9931,0.99298,0.99301,166320000,8
1333667040000,1333667519000,0.99301,0.9931,0.993,0.99305,214660000,8
1333667520000,1333667999000,0.99306,0.99314,0.99303,0.99304,297060000,8
1333668000000,1333668479000,0.99304,0.99315,0.99303,0.99313,260570000,8
1333668480000,1333668959000,0.99313,0.99317,0.99306,0.99309,326250000,8
1333668960000,1333669439000,0.99307,0.99315,0.99297,0.99315,423280000,8
1333669440000,1333669919000,0.99312,0.99312,0.99291,0.99291,169860000,8
1333669920000,1333670399000,0.993,0.99314,0.99278,0.9931,282440000,8
1333670400000,1333670879000,0.99311,0.99313,0.99285,0.99295,338790000,8
1333670880000,1333671359000,0.99298,0.99302,0.99294,0.99296,389300000,8
1333671360000,1333671839000,0.99296,0.99303,0.99282,0.99299,284260000,8
1333671840000,1333672319000,0.99295,0.99319,0.99295,0.9931,183150000,8
1333672320000,1333672799000,0.9931,0.99313,0.99278,0.99285,441560000,8
1333672800000,1333673279000,0.99303,0.9931,0.99297,0.99299,225390000,8
1333673280000,1333673759000,0.99298,0.99325,0.99284,0.9932,421400000,8
1333673760000,1333674239000,0.99317,0.99337,0.99304,0.99334,301630000,8
1333674240000,1333674719000,0.99334,0.99334,0.99308,0.99308,152910000,8
1333674720000,1333675199000,0.99308,0.9933,0.99308,0.99329,194760000,8
1333675200000,1333675679000,0.99329,0.99336,0.99282,0.99284,232970000,8
1333675680000,1333676159000,0.99284,0.99303,0.99275,0.993,168980000,8
1333676160000,1333676639000,0.993,0.99306,0.99284,0.99305,144890000,8
1333676640000,1333677119000,0.99306,0.9931,0.99294,0.99294,148880000,8
1333677120000,1333677599000,0.99295,0.99296,0.99292,0.99294,79730000,8
1333677600000,1333678079000,0.99295,0.99303,0.99292,0.99292,99270000,8
1333678080000,1333678559000,0.99292,0.99302,0.99292,0.99299,73390000,8
1333678560000,1333679039000,0.993,0.99301,0.99297,0.99299,156120000,8
1333679040000,1333679519000,0.993,0.99306,0.99286,0.99299,121630000,8
1333679520000,1333679999000,0.99306,0.99331,0.99296,0.9932,198590000,8
1333680000000,1333680479000,0.99316,0.99321,0.99315,0.99316,90040000,8
1333680480000,1333680959000,0.99316,0.99316,0.99313,0.99314,85790000,8
1333680960000,1333681439000,0.99313,0.99315,0.99313,0.99315,74050000,8
1333681440000,1333681919000,0.99314,0.99326,0.99314,0.99325,169850000,8
1333681920000,1333682399000,0.99325,0.99325,0.99319,0.9932,202110000,8
1333682400000,1333682879000,0.9932,0.99331,0.9932,0.99329,225190000,8
1333682880000,1333683359000,0.99329,0.99331,0.99328,0.99328,173030000,8
1333683360000,1333683839000,0.99329,0.9933,0.99314,0.9932,258540000,8
1333683840000,1333684319000,0.9932,0.99322,0.99314,0.9932,162270000,8
1333684320000,1333684799000,0.9932,0.99324,0.99313,0.99317,183000000,8
1333684800000,1333685279000,0.99317,0.99317,0.99305,0.99314,152770000,8
1333685280000,1333685759000,0.99313,0.99318,0.99311,0.99314,208980000,8
1333685760000,1333686239000,0.99313,0.99313,0.99278,0.99308,423970000,8
1333686240000,1333686719000,0.99307,0.9931,0.99303,0.99306,177090000,8
1333686720000,1333687199000,0.99305,0.99309,0.99304,0.99307,153440000,8
1333687200000,1333687679000,0.99305,0.99309,0.99305,0.99308,125430000,8
1333687680000,1333688159000,0.99309,0.99315,0.99307,0.99313,155090000,8
1333688160000,1333688639000,0.99313,0.99324,0.99311,0.99313,176800000,8
1333688640000,1333689119000,0.99313,0.99313,0.99303,0.99304,125750000,8
1333689120000,1333689599000,0.99304,0.99308,0.99288,0.99308,250340000,8
1333689600000,1333690079000,0.99308,0.99317,0.99308,0.99314,246790000,8
1333690080000,1333690559000,0.99313,0.99322,0.99303,0.99306,274290000,8
1333690560000,1333691039000,0.99309,0.99318,0.99307,0.99317,125880000,8
1333691040000,1333691519000,0.99316,0.99318,0.99312,0.99313,153650000,8
1333691520000,1333691999000,0.99314,0.99324,0.99305,0.99318,322540000,8
1333692000000,1333692479000,0.99317,0.99318,0.9924,0.99286,237230000,8
1333692480000,1333692959000,0.99285,0.99295,0.99279,0.9929,151460000,8
1333692960000,1333693439000,0.9929,0.9929,0.9928,0.9928,94600000,8
1333693440000,1333693919000,0.9928,0.99285,0.99268,0.99269,101220000,8
1333693920000,1333694399000,0.99269,0.99277,0.99231,0.99271,294120000,8
1333694400000,1333694879000,0.9927,0.99294,0.99239,0.99276,324340000,8
1333694880000,1333695359000,0.99285,0.99287,0.99278,0.99284,174820000,8
1333695360000,1333695839000,0.99283,0.99285,0.99262,0.99265,248700000,8
1333695840000,1333696319000,0.99265,0.99271,0.99238,0.99245,252170000,8
1333696320000,1333696799000,0.99245,0.99264,0.99245,0.99255,312140000,8
1333696800000,1333697279000,0.99255,0.99255,0.99246,0.99246,116100000,8
1333697280000,1333697759000,0.99248,0.99249,0.9924,0.99243,275530000,8
1333697760000,1333698239000,0.99243,0.99256,0.99238,0.9924,471280000,8
1333698240000,1333698719000,0.9924,0.99255,0.99201,0.99247,389090000,8
1333698720000,1333699199000,0.99247,0.99251,0.99203,0.9925,365880000,8
1333699200000,1333699679000,0.9925,0.99285,0.99243,0.99245,469290000,8
1333699680000,1333700159000,0.99245,0.99247,0.9924,0.9924,97870000,8
1333700160000,1333700639000,0.99241,0.99241,0.99236,0.9924,58920000,8
1333700640000,1333701119000,0.99239,0.9924,0.99236,0.99239,112670000,8
1333701120000,1333701599000,0.99239,0.99247,0.99235,0.99244,222920000,8
1333701600000,1333702079000,0.99244,0.99249,0.99234,0.9924,273460000,8
1333702080000,1333702559000,0.9924,0.99254,0.99235,0.99248,218390000,8
1333702560000,1333703039000,0.99245,0.99245,0.99218,0.99228,353200000,8
1333703040000,1333703519000,0.99226,0.99241,0.99217,0.99221,337000000,8
1333703520000,1333703999000,0.99221,0.99221,0.99211,0.99214,233120000,8
1333704000000,1333704479000,0.99214,0.99214,0.99205,0.99209,264880000,8
1333704480000,1333704959000,0.99209,0.99221,0.99206,0.99216,484740000,8
1333704960000,1333705439000,0.99216,0.99222,0.9921,0.9921,310240000,8
1333705440000,1333705919000,0.9921,0.99216,0.99203,0.99208,241260000,8
1333705920000,1333706399000,0.99207,0.99207,0.99162,0.99201,406550000,8
1333706400000,1333706879000,0.99201,0.99207,0.99196,0.99197,287400000,8
1333706880000,1333707359000,0.99197,0.99202,0.99197,0.992,423870000,8
1333707360000,1333707839000,0.992,0.99201,0.99165,0.99169,238670000,8
1333707840000,1333708319000,0.99167,0.99176,0.99167,0.99172,189230000,8
1333708320000,1333708799000,0.99173,0.99178,0.99169,0.99177,91540000,8
1333708800000,1333709279000,0.99179,0.99181,0.99178,0.99179,109530000,8
1333709280000,1333709759000,0.99179,0.99255,0.99173,0.9925,348350000,8
1333709760000,1333710239000,0.9925,0.99251,0.99203,0.99212,215350000,8
1333710240000,1333710719000,0.99212,0.99245,0.99211,0.99235,206070000,8
1333710720000,1333711199000,0.99238,0.99241,0.99211,0.99211,225000000,8
1333711200000,1333711679000,0.99211,0.99223,0.99202,0.99213,362350000,8
1333711680000,1333712159000,0.99214,0.9923,0.99213,0.99228,69130000,8
1333712160000,1333712639000,0.99225,0.99278,0.99219,0.99277,311290000,8
1333712640000,1333713119000,0.99281,0.99315,0.99274,0.99312,286850000,8
1333713120000,1333713599000,0.99311,0.99347,0.99289,0.99291,502680000,8
1333713600000,1333714079000,0.99289,0.99291,0.99275,0.99277,218730000,8
1333714080000,1333714559000,0.9928,0.99314,0.99274,0.99311,432320000,8
1333714560000,1333715039000,0.99311,0.99323,0.99298,0.99305,570430000,8
1333715040000,1333715519000,0.99305,0.9965,0.99279,0.9965,1182760000,8
1333715520000,1333715999000,0.9965,0.99853,0.99642,0.99728,2128070000,8
1333716000000,1333716479000,0.99724,0.99798,0.99597,0.99709,1866800000,8
1333716480000,1333716959000,0.99706,0.99766,0.99655,0.99662,1578790000,8
1333716960000,1333717439000,0.99663,0.99764,0.99634,0.99686,1541340000,8
1333717440000,1333717919000,0.99691,0.99696,0.99565,0.99644,1322420000,8
1333717920000,1333718399000,0.99644,0.99679,0.99561,0.99594,846010000,8
1333718400000,1333718879000,0.99595,0.99733,0.99582,0.99663,784170000,8
1333718880000,1333719359000,0.99663,0.99685,0.99639,0.99647,602260000,8
1333719360000,1333719839000,0.99646,0.99646,0.99561,0.99561,437560000,8
1333719840000,1333720319000,0.99561,0.99611,0.99561,0.99594,523690000,8
1333720320000,1333720799000,0.99592,0.99662,0.99592,0.99662,565400000,8
1333720800000,1333721279000,0.99662,0.99737,0.99661,0.99695,703030000,8
1333721280000,1333721759000,0.99696,0.99708,0.99654,0.9966,479160000,8
1333721760000,1333722239000,0.99659,0.99685,0.9965,0.9965,334240000,8
1333722240000,1333722719000,0.9965,0.99684,0.99626,0.9967,417960000,8
1333722720000,1333723199000,0.9967,0.99674,0.99662,0.99663,263840000,8
1333723200000,1333723679000,0.99661,0.99705,0.99656,0.99702,478020000,8
1333723680000,1333724159000,0.99704,0.9973,0.99695,0.99712,355420000,8
1333724160000,1333724639000,0.99714,0.99769,0.99714,0.99754,673400000,8
1333724640000,1333725119000,0.99754,0.99777,0.9975,0.99759,513640000,8
1333725120000,1333725599000,0.99759,0.99776,0.99739,0.99756,310950000,8
1333725600000,1333726079000,0.99756,0.99756,0.99728,0.99728,290250000,8
1333726080000,1333726559000,0.99729,0.99735,0.99728,0.99732,203190000,8
1333726560000,1333727039000,0.99731,0.99733,0.99721,0.99722,246330000,8
1333727040000,1333727519000,0.99723,0.99723,0.9971,0.99713,160600000,8
1333727520000,1333727999000,0.99714,0.99728,0.99713,0.99722,187340000,8
1333728000000,1333728479000,0.99723,0.99723,0.99711,0.99711,251840000,8
1333728480000,1333728959000,0.99711,0.99723,0.99709,0.99712,145270000,8
1333728960000,1333729439000,0.99712,0.99723,0.99711,0.99718,185930000,8
1333729440000,1333729919000,0.99719,0.99726,0.99714,0.99724,172890000,8
1333729920000,1333730399000,0.99724,0.99726,0.99709,0.99715,129860000,8
1333730400000,1333730879000,0.99715,0.99715,0.99693,0.99694,211990000,8
1333730880000,1333731359000,0.99693,0.99698,0.99684,0.99684,159920000,8
1333731360000,1333731839000,0.99691,0.99727,0.99673,0.99713,496880000,8
1333731840000,1333732319000,0.99714,0.99725,0.99709,0.99716,293090000,8
1333732320000,1333732799000,0.99714,0.99721,0.9969,0.99697,397320000,8
1333732800000,1333733279000,0.99698,0.99711,0.99694,0.99704,184560000,8
1333733280000,1333733759000,0.99703,0.99712,0.99694,0.99704,117120000,8
1333733760000,1333734239000,0.99704,0.99713,0.99683,0.997,143470000,8
1333734240000,1333734719000,0.997,0.99709,0.99698,0.99708,126750000,8
1333734720000,1333735199000,0.99708,0.9971,0.99683,0.99689,131640000,8
1333735200000,1333735679000,0.99688,0.99691,0.99665,0.9967,180200000,8
1333735680000,1333736159000,0.99669,0.99683,0.99654,0.99662,183380000,8
1333736160000,1333736639000,0.99662,0.99664,0.99648,0.99657,72950000,8
1333736640000,1333737119000,0.99655,0.99662,0.99654,0.99658,91320000,8
1333737120000,1333737599000,0.99657,0.99669,0.99654,0.99659,63780000,8
1333737600000,1333738079000,0.99659,0.9967,0.99659,0.99668,78940000,8
1333738080000,1333738559000,0.99668,0.99716,0.99658,0.99703,189610000,8
1333738560000,1333739039000,0.99703,0.99709,0.99683,0.99706,226050000,8
1333739040000,1333739519000,0.99706,0.99713,0.9969,0.9969,105760000,8
1333739520000,1333739999000,0.9969,0.99714,0.99684,0.99698,153370000,8
1333740000000,1333740479000,0.99689,0.99708,0.99689,0.99701,268500000,8
1333740480000,1333740959000,0.99698,0.99704,0.99665,0.997,237020000,8
1333740960000,1333741439000,0.99695,0.99717,0.99683,0.99715,144250000,8
1333741440000,1333741919000,0.99707,0.99719,0.99701,0.99718,116690000,8
1333741920000,1333742399000,0.99705,0.99721,0.99705,0.99711,205690000,8
1333742400000,1333742879000,0.99708,0.99715,0.99703,0.99703,105390000,8
1333742880000,1333743359000,0.99703,0.99705,0.99696,0.99696,109870000,8
1333743360000,1333743839000,0.99695,0.99699,0.9968,0.99698,78470000,8
1333743840000,1333744319000,0.99677,0.99703,0.99663,0.99676,124590000,8
1333744320000,1333744799000,0.99674,0.99705,0.99629,0.99705,99640000,8
1333744800000,1333745279000,0.99703,0.99708,0.99642,0.99663,45960000,8
1333745280000,1333745759000,0.99663,0.99696,0.99663,0.99676,71380000,8
1333745760000,1333746239000,0.99676,0.997,0.99658,0.99667,23680000,8
1333746240000,1333746719000,0.99667,0.99667,0.99667,0.99667,0,8
1333746720000,1333747199000,0.99667,0.99667,0.99667,0.99667,0,8
1333747200000,1333747679000,0.99667,0.99667,0.99667,0.99667,0,8
1333747680000,1333748159000,0.99667,0.99667,0.99667,0.99667,0,8
1333748160000,1333748639000,0.99667,0.99667,0.99667,0.99667,0,8
1333748640000,1333749119000,0.99667,0.99667,0.99667,0.99667,0,8
1333749120000,1333749599000,0.99667,0.99667,0.99667,0.99667,0,8
1333749600000,1333750079000,0.99667,0.99667,0.99667,0.99667,0,8
1333750080000,1333750559000,0.99667,0.99667,0.99667,0.99667,0,8
1333750560000,1333751039000,0.99667,0.99667,0.99667,0.99667,0,8
1333751040000,1333751519000,0.99667,0.99667,0.99667,0.99667,0,8
1333751520000,1333751999000,0.99667,0.99667,0.99667,0.99667,0,8
1333752000000,1333752479000,0.99667,0.99667,0.99667,0.99667,0,8
1333752480000,1333752959000,0.99667,0.99667,0.99667,0.99667,0,8
1333752960000,1333753439000,0.99667,0.99667,0.99667,0.99667,0,8
1333753440000,1333753919000,0.99667,0.99667,0.99667,0.99667,0,8
1333753920000,1333754399000,0.99667,0.99667,0.99667,0.99667,0,8
1333754400000,1333754879000,0.99667,0.99667,0.99667,0.99667,0,8
1333754880000,1333755359000,0.99667,0.99667,0.99667,0.99667,0,8
1333755360000,1333755839000,0.99667,0.99667,0.99667,0.99667,0,8
1333755840000,1333756319000,0.99667,0.99667,0.99667,0.99667,0,8
1333756320000,1333756799000,0.99667,0.99667,0.99667,0.99667,0,8
1333843200000,1333843679000,0.99643,0.99643,0.99643,0.99643,0,8
1333843680000,1333844159000,0.99643,0.99643,0.99643,0.99643,0,8
1333844160000,1333844639000,0.99643,0.99643,0.99643,0.99643,0,8
1333844640000,1333845119000,0.99643,0.99643,0.99643,0.99643,0,8
1333845120000,1333845599000,0.99643,0.99643,0.99643,0.99643,0,8
1333845600000,1333846079000,0.99643,0.99643,0.99643,0.99643,0,8
1333846080000,1333846559000,0.99643,0.99643,0.99643,0.99643,0,8
1333846560000,1333847039000,0.99643,0.99643,0.99643,0.99643,0,8
1333847040000,1333847519000,0.99643,0.99643,0.99643,0.99643,0,8
1333847520000,1333847999000,0.99643,0.99643,0.99643,0.99643,0,8
1333848000000,1333848479000,0.99643,0.99643,0.99643,0.99643,0,8
1333848480000,1333848959000,0.99643,0.99643,0.99643,0.99643,0,8
1333848960000,1333849439000,0.99643,0.99643,0.99643,0.99643,0,8
1333849440000,1333849919000,0.99643,0.99643,0.99643,0.99643,0,8
1333849920000,1333850399000,0.99643,0.99643,0.99643,0.99643,0,8
1333850400000,1333850879000,0.99643,0.99643,0.99643,0.99643,0,8
1333850880000,1333851359000,0.99643,0.99643,0.99643,0.99643,0,8
1333851360000,1333851839000,0.99643,0.99643,0.99643,0.99643,0,8
1333851840000,1333852319000,0.99643,0.99643,0.99643,0.99643,0,8
1333852320000,1333852799000,0.99643,0.99643,0.99643,0.99643,0,8
1333852800000,1333853279000,0.99643,0.99643,0.99643,0.99643,0,8
1333853280000,1333853759000,0.99643,0.99643,0.99643,0.99643,0,8
1333853760000,1333854239000,0.99643,0.99643,0.99643,0.99643,0,8
1333854240000,1333854719000,0.99643,0.99643,0.99643,0.99643,0,8
1333854720000,1333855199000,0.99643,0.99643,0.99643,0.99643,0,8
1333855200000,1333855679000,0.99643,0.99643,0.99643,0.99643,0,8
1333855680000,1333856159000,0.99643,0.99643,0.99643,0.99643,0,8
1333856160000,1333856639000,0.99643,0.99643,0.99643,0.99643,0,8
1333856640000,1333857119000,0.99643,0.99643,0.99643,0.99643,0,8
1333857120000,1333857599000,0.99643,0.99643,0.99643,0.99643,0,8
1333857600000,1333858079000,0.99643,0.99643,0.99643,0.99643,0,8
1333858080000,1333858559000,0.99643,0.99643,0.99643,0.99643,0,8
1333858560000,1333859039000,0.99643,0.99643,0.99643,0.99643,0,8
1333859040000,1333859519000,0.99643,0.99643,0.99643,0.99643,0,8
1333859520000,1333859999000,0.99643,0.99643,0.99643,0.99643,0,8
1333860000000,1333860479000,0.99643,0.99643,0.99643,0.99643,0,8
1333860480000,1333860959000,0.99643,0.99643,0.99643,0.99643,0,8
1333860960000,1333861439000,0.99643,0.99643,0.99643,0.99643,0,8
1333861440000,1333861919000,0.99643,0.99643,0.99643,0.99643,0,8
1333861920000,1333862399000,0.99643,0.99643,0.99643,0.99643,0,8
1333862400000,1333862879000,0.99643,0.99643,0.99643,0.99643,0,8
1333862880000,1333863359000,0.99643,0.99643,0.99643,0.99643,0,8
1333863360000,1333863839000,0.99643,0.99643,0.99643,0.99643,0,8
1333863840000,1333864319000,0.99643,0.99643,0.99643,0.99643,0,8
1333864320000,1333864799000,0.99643,0.99643,0.99643,0.99643,0,8
1333864800000,1333865279000,0.99643,0.99643,0.99643,0.99643,0,8
1333865280000,1333865759000,0.99643,0.99643,0.99643,0.99643,0,8
1333865760000,1333866239000,0.99643,0.99643,0.99643,0.99643,0,8
1333866240000,1333866719000,0.99643,0.99643,0.99643,0.99643,0,8
1333866720000,1333867199000,0.99643,0.99643,0.99643,0.99643,0,8
1333867200000,1333867679000,0.99643,0.99643,0.99643,0.99643,0,8
1333867680000,1333868159000,0.99643,0.99643,0.99643,0.99643,0,8
1333868160000,1333868639000,0.99643,0.99643,0.99643,0.99643,0,8
1333868640000,1333869119000,0.99643,0.99643,0.99643,0.99643,0,8
1333869120000,1333869599000,0.99643,0.99643,0.99643,0.99643,0,8
1333869600000,1333870079000,0.99643,0.99643,0.99643,0.99643,0,8
1333870080000,1333870559000,0.99643,0.99643,0.99643,0.99643,0,8
1333870560000,1333871039000,0.99643,0.99643,0.99643,0.99643,0,8
1333871040000,1333871519000,0.99643,0.99643,0.99643,0.99643,0,8
1333871520000,1333871999000,0.99643,0.99643,0.99643,0.99643,0,8
1333872000000,1333872479000,0.99643,0.99643,0.99643,0.99643,0,8
1333872480000,1333872959000,0.99643,0.99643,0.99643,0.99643,0,8
1333872960000,1333873439000,0.99643,0.99643,0.99643,0.99643,0,8
1333873440000,1333873919000,0.99643,0.99643,0.99643,0.99643,0,8
1333873920000,1333874399000,0.99643,0.99643,0.99643,0.99643,0,8
1333874400000,1333874879000,0.99643,0.99643,0.99643,0.99643,0,8
1333874880000,1333875359000,0.99643,0.99643,0.99643,0.99643,0,8
1333875360000,1333875839000,0.99643,0.99643,0.99643,0.99643,0,8
1333875840000,1333876319000,0.99643,0.99643,0.99643,0.99643,0,8
1333876320000,1333876799000,0.99643,0.99643,0.99643,0.99643,0,8
1333876800000,1333877279000,0.99643,0.99643,0.99643,0.99643,0,8
1333877280000,1333877759000,0.99643,0.99643,0.99643,0.99643,0,8
1333877760000,1333878239000,0.99643,0.99643,0.99643,0.99643,0,8
1333878240000,1333878719000,0.99643,0.99643,0.99643,0.99643,0,8
1333878720000,1333879199000,0.99643,0.99643,0.99643,0.99643,0,8
1333879200000,1333879679000,0.99643,0.99643,0.99643,0.99643,0,8
1333879680000,1333880159000,0.99643,0.99643,0.99643,0.99643,0,8
1333880160000,1333880639000,0.99643,0.99643,0.99643,0.99643,0,8
1333880640000,1333881119000,0.99643,0.99643,0.99643,0.99643,0,8
1333881120000,1333881599000,0.99643,0.99643,0.99643,0.99643,0,8
1333881600000,1333882079000,0.99643,0.99643,0.99643,0.99643,0,8
1333882080000,1333882559000,0.99643,0.99643,0.99643,0.99643,0,8
1333882560000,1333883039000,0.99643,0.99643,0.99643,0.99643,0,8
1333883040000,1333883519000,0.99643,0.99643,0.99643,0.99643,0,8
1333883520000,1333883999000,0.99643,0.99643,0.99643,0.99643,0,8
1333884000000,1333884479000,0.99643,0.99643,0.99643,0.99643,0,8
1333884480000,1333884959000,0.99643,0.99643,0.99643,0.99643,0,8
1333884960000,1333885439000,0.99643,0.99643,0.99643,0.99643,0,8
1333885440000,1333885919000,0.99643,0.99643,0.99643,0.99643,0,8
1333885920000,1333886399000,0.99643,0.99643,0.99643,0.99643,0,8
1333886400000,1333886879000,0.99643,0.99643,0.99643,0.99643,0,8
1333886880000,1333887359000,0.99643,0.99643,0.99643,0.99643,0,8
1333887360000,1333887839000,0.99643,0.99643,0.99643,0.99643,0,8
1333887840000,1333888319000,0.99643,0.99643,0.99643,0.99643,0,8
1333888320000,1333888799000,0.99643,0.99643,0.99643,0.99643,0,8
1333888800000,1333889279000,0.99643,0.99643,0.99643,0.99643,0,8
1333889280000,1333889759000,0.99643,0.99643,0.99643,0.99643,0,8
1333889760000,1333890239000,0.99643,0.99643,0.99643,0.99643,0,8
1333890240000,1333890719000,0.99643,0.99643,0.99643,0.99643,0,8
1333890720000,1333891199000,0.99643,0.99643,0.99643,0.99643,0,8
1333891200000,1333891679000,0.99643,0.99643,0.99643,0.99643,0,8
1333891680000,1333892159000,0.99643,0.99643,0.99643,0.99643,0,8
1333892160000,1333892639000,0.99643,0.99643,0.99643,0.99643,0,8
1333892640000,1333893119000,0.99643,0.99643,0.99643,0.99643,0,8
1333893120000,1333893599000,0.99643,0.99643,0.99643,0.99643,0,8
1333893600000,1333894079000,0.99643,0.99643,0.99643,0.99643,0,8
1333894080000,1333894559000,0.99643,0.99643,0.99643,0.99643,0,8
1333894560000,1333895039000,0.99643,0.99643,0.99643,0.99643,0,8
1333895040000,1333895519000,0.99643,0.99643,0.99643,0.99643,0,8
1333895520000,1333895999000,0.99643,0.99643,0.99643,0.99643,0,8
1333896000000,1333896479000,0.99643,0.99643,0.99643,0.99643,0,8
1333896480000,1333896959000,0.99643,0.99643,0.99643,0.99643,0,8
1333896960000,1333897439000,0.99643,0.99643,0.99643,0.99643,0,8
1333897440000,1333897919000,0.99643,0.99643,0.99643,0.99643,0,8
1333897920000,1333898399000,0.99643,0.99643,0.99643,0.99643,0,8
1333898400000,1333898879000,0.99643,0.99643,0.99643,0.99643,0,8
1333898880000,1333899359000,0.99643,0.99643,0.99643,0.99643,0,8
1333899360000,1333899839000,0.99643,0.99643,0.99643,0.99643,0,8
1333899840000,1333900319000,0.99643,0.99643,0.99643,0.99643,0,8
1333900320000,1333900799000,0.99643,0.99643,0.99643,0.99643,0,8
1333900800000,1333901279000,0.99643,0.99643,0.99643,0.99643,0,8
1333901280000,1333901759000,0.99643,0.99643,0.99643,0.99643,0,8
1333901760000,1333902239000,0.99643,0.99643,0.99643,0.99643,0,8
1333902240000,1333902719000,0.99643,0.99643,0.99643,0.99643,0,8
1333902720000,1333903199000,0.99643,0.99643,0.99643,0.99643,0,8
1333903200000,1333903679000,0.99643,0.99643,0.99643,0.99643,0,8
1333903680000,1333904159000,0.99643,0.99643,0.99643,0.99643,0,8
1333904160000,1333904639000,0.99643,0.99643,0.99643,0.99643,0,8
1333904640000,1333905119000,0.99643,0.99643,0.99643,0.99643,0,8
1333905120000,1333905599000,0.99643,0.99643,0.99643,0.99643,0,8
1333905600000,1333906079000,0.99643,0.99643,0.99643,0.99643,0,8
1333906080000,1333906559000,0.99643,0.99643,0.99643,0.99643,0,8
1333906560000,1333907039000,0.99643,0.99643,0.99643,0.99643,0,8
1333907040000,1333907519000,0.99643,0.99643,0.99643,0.99643,0,8
1333907520000,1333907999000,0.99643,0.99643,0.99643,0.99643,0,8
1333908000000,1333908479000,0.99643,0.99643,0.99643,0.99643,0,8
1333908480000,1333908959000,0.99643,0.99643,0.99643,0.99643,0,8
1333908960000,1333909439000,0.99643,0.99643,0.99643,0.99643,0,8
1333909440000,1333909919000,0.99643,0.99643,0.99643,0.99643,0,8
1333909920000,1333910399000,0.99643,0.99643,0.99643,0.99643,0,8
1333910400000,1333910879000,0.99643,0.99643,0.99643,0.99643,0,8
1333910880000,1333911359000,0.99643,0.99643,0.99643,0.99643,0,8
1333911360000,1333911839000,0.99643,0.99643,0.99643,0.99643,0,8
1333911840000,1333912319000,0.99643,0.99643,0.99643,0.99643,0,8
1333912320000,1333912799000,0.99643,0.99643,0.99643,0.99643,0,8
1333912800000,1333913279000,0.99643,0.99643,0.99643,0.99643,0,8
1333913280000,1333913759000,0.99643,0.99643,0.99643,0.99643,0,8
1333913760000,1333914239000,0.99643,0.99643,0.99643,0.99643,0,8
1333914240000,1333914719000,0.99643,0.99643,0.99643,0.99643,0,8
1333914720000,1333915199000,0.99643,0.99643,0.99643,0.99643,0,8
1333915200000,1333915679000,0.99643,0.99643,0.99643,0.99643,0,8
1333915680000,1333916159000,0.99643,0.99643,0.99643,0.99643,0,8
1333916160000,1333916639000,0.99643,0.99643,0.99643,0.99643,0,8
1333916640000,1333917119000,0.99643,0.99643,0.99643,0.99643,0,8
1333917120000,1333917599000,0.99643,0.99643,0.99643,0.99643,0,8
1333917600000,1333918079000,0.99643,0.99643,0.99643,0.99643,0,8
1333918080000,1333918559000,0.99643,0.99643,0.99643,0.99643,0,8
1333918560000,1333919039000,0.99643,0.99703,0.99643,0.99696,14680000,8
1333919040000,1333919519000,0.99704,0.99718,0.99683,0.99691,243350000,8
1333919520000,1333919999000,0.99677,0.99722,0.99677,0.9972,190780000,8
1333920000000,1333920479000,0.99697,0.99713,0.9968,0.99712,209280000,8
1333920480000,1333920959000,0.99704,0.99718,0.99689,0.99694,270430000,8
1333920960000,1333921439000,0.99699,0.99719,0.99699,0.99715,45470000,8
1333921440000,1333921919000,0.99715,0.99719,0.99687,0.9969,81860000,8
1333921920000,1333922399000,0.99719,0.99719,0.99691,0.99716,140810000,8
1333922400000,1333922879000,0.99716,0.99778,0.99716,0.99763,306550000,8
1333922880000,1333923359000,0.99766,0.9977,0.99759,0.99766,84060000,8
1333923360000,1333923839000,0.99766,0.99768,0.99749,0.99766,101010000,8
1333923840000,1333924319000,0.99765,0.9977,0.9975,0.99757,182150000,8
1333924320000,1333924799000,0.99757,0.99783,0.99757,0.99772,198520000,8
1333924800000,1333925279000,0.99773,0.99808,0.9975,0.99803,254120000,8
1333925280000,1333925759000,0.99803,0.9984,0.99577,0.9959,435550000,8
1333925760000,1333926239000,0.99593,0.99602,0.99508,0.99563,661730000,8
1333926240000,1333926719000,0.99564,0.99564,0.99441,0.99444,469070000,8
1333926720000,1333927199000,0.99442,0.99575,0.9944,0.99568,401160000,8
1333927200000,1333927679000,0.99568,0.99656,0.99567,0.99647,309240000,8
1333927680000,1333928159000,0.99647,0.99674,0.99642,0.9967,471650000,8
1333928160000,1333928639000,0.9967,0.99693,0.99668,0.99679,286970000,8
1333928640000,1333929119000,0.9968,0.99698,0.99679,0.99697,149920000,8
1333929120000,1333929599000,0.99697,0.99759,0.99697,0.99705,519710000,8
1333929600000,1333930079000,0.99702,0.99706,0.9968,0.99685,359510000,8
1333930080000,1333930559000,0.99686,0.99714,0.99684,0.99706,317080000,8
1333930560000,1333931039000,0.99706,0.99744,0.99702,0.99742,497410000,8
1333931040000,1333931519000,0.99737,0.99737,0.99707,0.99716,376250000,8
1333931520000,1333931999000,0.99715,0.99715,0.99702,0.99705,113790000,8
1333932000000,1333932479000,0.99706,0.99714,0.99696,0.99698,310840000,8
1333932480000,1333932959000,0.99699,0.99775,0.99697,0.99773,582260000,8
1333932960000,1333933439000,0.99774,0.99792,0.9974,0.99741,663610000,8
1333933440000,1333933919000,0.99739,0.99783,0.99739,0.99777,537720000,8
1333933920000,1333934399000,0.99777,0.99777,0.99735,0.99736,363230000,8
1333934400000,1333934879000,0.99734,0.99734,0.99704,0.9971,470580000,8
1333934880000,1333935359000,0.9971,0.99759,0.99691,0.99747,557510000,8
1333935360000,1333935839000,0.99745,0.99766,0.99735,0.99742,414620000,8
1333935840000,1333936319000,0.99741,0.99746,0.99722,0.99727,515000000,8
1333936320000,1333936799000,0.99727,0.99739,0.99723,0.99725,315990000,8
1333936800000,1333937279000,0.99722,0.99728,0.99692,0.99693,473660000,8
1333937280000,1333937759000,0.99693,0.99701,0.99678,0.99701,506470000,8
1333937760000,1333938239000,0.99701,0.99701,0.99681,0.99682,250160000,8
1333938240000,1333938719000,0.99684,0.99687,0.9965,0.99651,192430000,8
1333938720000,1333939199000,0.9965,0.99656,0.99648,0.9965,246640000,8
1333939200000,1333939679000,0.99648,0.9965,0.99631,0.99631,217560000,8
1333939680000,1333940159000,0.99631,0.99632,0.99613,0.99621,288980000,8
1333940160000,1333940639000,0.99621,0.99622,0.99609,0.99614,251450000,8
1333940640000,1333941119000,0.99612,0.99632,0.99612,0.99631,319360000,8
1333941120000,1333941599000,0.99633,0.99662,0.99633,0.99652,282450000,8
1333941600000,1333942079000,0.99652,0.99653,0.99646,0.99647,106170000,8
1333942080000,1333942559000,0.99647,0.9967,0.99646,0.9967,224130000,8
1333942560000,1333943039000,0.99669,0.99678,0.99662,0.99668,386090000,8
1333943040000,1333943519000,0.99668,0.99668,0.99652,0.99652,252540000,8
1333943520000,1333943999000,0.99652,0.99654,0.99636,0.99637,224650000,8
1333944000000,1333944479000,0.99637,0.99639,0.99627,0.99627,235390000,8
1333944480000,1333944959000,0.99629,0.99643,0.99629,0.99643,115780000,8
1333944960000,1333945439000,0.99643,0.99667,0.99643,0.99665,179580000,8
1333945440000,1333945919000,0.99667,0.9967,0.99644,0.99646,240870000,8
1333945920000,1333946399000,0.99646,0.99652,0.9964,0.99651,232410000,8
1333946400000,1333946879000,0.99652,0.9966,0.99644,0.99655,328230000,8
1333946880000,1333947359000,0.99652,0.99658,0.99633,0.9965,256660000,8
1333947360000,1333947839000,0.9965,0.99659,0.99636,0.99641,262510000,8
1333947840000,1333948319000,0.9964,0.99647,0.99637,0.99639,202090000,8
1333948320000,1333948799000,0.9964,0.99641,0.99618,0.99625,321550000,8
1333948800000,1333949279000,0.99624,0.99637,0.99618,0.99625,384090000,8
1333949280000,1333949759000,0.99623,0.99633,0.99595,0.99611,406680000,8
1333949760000,1333950239000,0.99611,0.9962,0.99596,0.99618,371540000,8
1333950240000,1333950719000,0.99617,0.99636,0.99606,0.99631,424300000,8
1333950720000,1333951199000,0.99631,0.99632,0.99573,0.99576,325800000,8
1333951200000,1333951679000,0.99576,0.99621,0.99572,0.99619,497820000,8
1333951680000,1333952159000,0.99621,0.99621,0.99602,0.9961,317780000,8
1333952160000,1333952639000,0.99608,0.99617,0.99604,0.99614,281780000,8
1333952640000,1333953119000,0.99614,0.99625,0.99607,0.99622,244970000,8
1333953120000,1333953599000,0.99622,0.9965,0.99616,0.9963,474150000,8
1333953600000,1333954079000,0.9963,0.99643,0.99613,0.99636,430700000,8
1333954080000,1333954559000,0.99637,0.99637,0.99606,0.99617,271500000,8
1333954560000,1333955039000,0.99618,0.99643,0.99618,0.99633,407630000,8
1333955040000,1333955519000,0.99631,0.99647,0.9963,0.99644,275940000,8
1333955520000,1333955999000,0.99644,0.99651,0.99636,0.99646,307490000,8
1333956000000,1333956479000,0.99647,0.9965,0.99642,0.99645,203300000,8
1333956480000,1333956959000,0.99646,0.99654,0.9963,0.99652,488290000,8
1333956960000,1333957439000,0.99651,0.99652,0.9963,0.99649,312340000,8
1333957440000,1333957919000,0.99648,0.99667,0.99645,0.99652,348620000,8
1333957920000,1333958399000,0.99651,0.99665,0.99649,0.99662,329690000,8
1333958400000,1333958879000,0.99663,0.99692,0.99651,0.99692,572350000,8
1333958880000,1333959359000,0.99692,0.99751,0.99684,0.99746,563510000,8
1333959360000,1333959839000,0.99746,0.99792,0.99741,0.9978,547530000,8
1333959840000,1333960319000,0.99779,0.99809,0.99776,0.99795,510780000,8
1333960320000,1333960799000,0.99795,0.99823,0.9979,0.99822,512020000,8
1333960800000,1333961279000,0.99823,0.99847,0.99822,0.99841,466470000,8
1333961280000,1333961759000,0.99841,0.99855,0.99802,0.99804,520900000,8
1333961760000,1333962239000,0.99804,0.99825,0.998,0.99802,302790000,8
1333962240000,1333962719000,0.99802,0.99833,0.998,0.9982,698110000,8
1333962720000,1333963199000,0.9982,0.9982,0.9978,0.99784,364380000,8
1333963200000,1333963679000,0.99784,0.99807,0.99784,0.998,491540000,8
1333963680000,1333964159000,0.998,0.99805,0.99789,0.99803,379690000,8
1333964160000,1333964639000,0.99801,0.9981,0.998,0.99809,223750000,8
1333964640000,1333965119000,0.99809,0.99842,0.99809,0.99842,226820000,8
1333965120000,1333965599000,0.99842,0.99864,0.99841,0.99859,427250000,8
1333965600000,1333966079000,0.99858,0.99882,0.99855,0.9986,542750000,8
1333966080000,1333966559000,0.99862,0.99873,0.9985,0.9986,348570000,8
1333966560000,1333967039000,0.9986,0.99861,0.99849,0.99859,433200000,8
1333967040000,1333967519000,0.99859,0.99862,0.99821,0.99834,831820000,8
1333967520000,1333967999000,0.99834,0.99838,0.99818,0.99819,581350000,8
1333968000000,1333968479000,0.99824,0.99845,0.99821,0.99841,355480000,8
1333968480000,1333968959000,0.99841,0.9985,0.99838,0.99839,360500000,8
1333968960000,1333969439000,0.99839,0.9984,0.99799,0.99823,563640000,8
1333969440000,1333969919000,0.99824,0.99833,0.99822,0.99828,257140000,8
1333969920000,1333970399000,0.99828,0.99829,0.99817,0.99818,371600000,8
1333970400000,1333970879000,0.99818,0.99864,0.99813,0.99863,600210000,8
1333970880000,1333971359000,0.99863,0.99865,0.99837,0.99862,647610000,8
1333971360000,1333971839000,0.99862,0.99883,0.99854,0.99881,564840000,8
1333971840000,1333972319000,0.99881,0.99891,0.9987,0.99887,649260000,8
1333972320000,1333972799000,0.99887,0.99891,0.99877,0.99888,823680000,8
1333972800000,1333973279000,0.99888,0.99904,0.99888,0.99899,795310000,8
1333973280000,1333973759000,0.99899,0.99915,0.99897,0.99911,662750000,8
1333973760000,1333974239000,0.99911,0.99957,0.99907,0.99954,719930000,8
1333974240000,1333974719000,0.99954,0.99957,0.99933,0.99937,709570000,8
1333974720000,1333975199000,0.99936,0.99947,0.9991,0.9992,952080000,8
1333975200000,1333975679000,0.99919,0.99925,0.9991,0.99911,801590000,8
1333975680000,1333976159000,0.99911,0.99949,0.99902,0.99934,765940000,8
1333976160000,1333976639000,0.99934,0.99937,0.99891,0.99902,1040860000,8
1333976640000,1333977119000,0.99902,0.99942,0.99891,0.99932,550680000,8
1333977120000,1333977599000,0.99932,0.99982,0.9992,0.99973,1287660000,8
1333977600000,1333978079000,0.99973,1.00013,0.9997,0.99984,964730000,8
1333978080000,1333978559000,0.99985,0.99999,0.99955,0.99964,1016640000,8
1333978560000,1333979039000,0.99965,0.99967,0.99922,0.9995,764600000,8
1333979040000,1333979519000,0.9995,1.00006,0.99942,1.00003,1075930000,8
1333979520000,1333979999000,1.00002,1.00007,0.99956,0.99963,1237370000,8
1333980000000,1333980479000,0.99964,0.99967,0.99902,0.99931,1178290000,8
1333980480000,1333980959000,0.99931,0.99932,0.99848,0.99856,1178110000,8
1333980960000,1333981439000,0.99856,0.99883,0.99832,0.99857,1026320000,8
1333981440000,1333981919000,0.99854,0.99858,0.99747,0.99767,1371200000,8
1333981920000,1333982399000,0.99765,0.9986,0.99763,0.99855,1207390000,8
1333982400000,1333982879000,0.99857,0.99868,0.99822,0.99825,877780000,8
1333982880000,1333983359000,0.99825,0.99865,0.99822,0.99846,830160000,8
1333983360000,1333983839000,0.99847,0.99867,0.99796,0.99838,1019200000,8
1333983840000,1333984319000,0.99838,0.99882,0.99826,0.99867,737490000,8
1333984320000,1333984799000,0.99866,0.99887,0.99855,0.99877,899110000,8
1333984800000,1333985279000,0.99877,0.99887,0.99842,0.99865,744790000,8
1333985280000,1333985759000,0.99865,0.99875,0.99827,0.9984,590570000,8
1333985760000,1333986239000,0.9984,0.99843,0.99759,0.99766,704250000,8
1333986240000,1333986719000,0.99794,0.99798,0.9978,0.99791,403560000,8
1333986720000,1333987199000,0.99791,0.99795,0.99702,0.99706,740340000,8
1333987200000,1333987679000,0.99706,0.99759,0.99696,0.99738,955810000,8
1333987680000,1333988159000,0.99737,0.99738,0.99677,0.99697,756920000,8
1333988160000,1333988639000,0.99697,0.99697,0.99675,0.99678,657920000,8
1333988640000,1333989119000,0.99678,0.99683,0.99658,0.99658,510720000,8
1333989120000,1333989599000,0.99658,0.99658,0.99603,0.99608,819810000,8
1333989600000,1333990079000,0.99607,0.99628,0.99605,0.99616,634940000,8
1333990080000,1333990559000,0.99617,0.99633,0.99606,0.99628,529740000,8
1333990560000,1333991039000,0.9963,0.99676,0.99627,0.99673,994060000,8
1333991040000,1333991519000,0.99676,0.99687,0.99659,0.99667,692050000,8
1333991520000,1333991999000,0.99667,0.99686,0.9966,0.9968,495890000,8
1333992000000,1333992479000,0.9968,0.99693,0.99678,0.9969,563150000,8
1333992480000,1333992959000,0.9969,0.99691,0.99665,0.99671,572080000,8
1333992960000,1333993439000,0.99673,0.99677,0.99666,0.99672,541290000,8
1333993440000,1333993919000,0.99671,0.99688,0.99668,0.99682,410110000,8
1333993920000,1333994399000,0.99682,0.99683,0.9965,0.9965,600510000,8
1333994400000,1333994879000,0.99652,0.99689,0.9965,0.99666,649100000,8
1333994880000,1333995359000,0.99666,0.99672,0.99654,0.99655,585020000,8
1333995360000,1333995839000,0.99656,0.99659,0.99629,0.99637,574490000,8
1333995840000,1333996319000,0.99637,0.99648,0.99627,0.99641,749350000,8
1333996320000,1333996799000,0.9964,0.99645,0.99629,0.99629,532080000,8
1333996800000,1333997279000,0.99631,0.99639,0.99622,0.99624,330560000,8
1333997280000,1333997759000,0.99624,0.99628,0.99606,0.99606,653030000,8
1333997760000,1333998239000,0.99605,0.99638,0.9958,0.9962,807160000,8
1333998240000,1333998719000,0.9962,0.99624,0.99603,0.99617,460830000,8
1333998720000,1333999199000,0.99617,0.99626,0.99606,0.9961,719520000,8
1333999200000,1333999679000,0.9962,0.99628,0.9961,0.99628,376260000,8
1333999680000,1334000159000,0.99626,0.99642,0.99626,0.99628,712550000,8
1334000160000,1334000639000,0.99629,0.99645,0.99626,0.99629,613810000,8
1334000640000,1334001119000,0.99629,0.99648,0.99618,0.99645,868280000,8
1334001120000,1334001599000,0.99644,0.99647,0.99628,0.99637,743510000,8
1334001600000,1334002079000,0.99637,0.99675,0.99637,0.99655,701590000,8
1334002080000,1334002559000,0.99655,0.99695,0.99655,0.9969,355140000,8
1334002560000,1334003039000,0.99689,0.9969,0.99666,0.99668,318480000,8
1334003040000,1334003519000,0.99667,0.997,0.99667,0.99686,346820000,8
1334003520000,1334003999000,0.99686,0.99705,0.99686,0.99693,374420000,8
1334004000000,1334004479000,0.99692,0.99704,0.99692,0.99704,277480000,8
1334004480000,1334004959000,0.99704,0.99725,0.99691,0.99717,508120000,8
1334004960000,1334005439000,0.99713,0.99758,0.99684,0.99713,323220000,8
1334005440000,1334005919000,0.99689,0.99752,0.99689,0.99724,145090000,8
1334005920000,1334006399000,0.99716,0.99727,0.99707,0.99727,50820000,8
1334006400000,1334006879000,0.99725,0.99738,0.99713,0.99722,144150000,8
1334006880000,1334007359000,0.9972,0.99775,0.99708,0.99729,258400000,8
1334007360000,1334007839000,0.99727,0.99727,0.99687,0.99697,138340000,8
1334007840000,1334008319000,0.99695,0.99699,0.99673,0.99693,177780000,8
1334008320000,1334008799000,0.99694,0.99697,0.99689,0.99696,43570000,8
1334008800000,1334009279000,0.99697,0.99703,0.99695,0.997,84300000,8
1334009280000,1334009759000,0.997,0.99702,0.99696,0.99697,155250000,8
1334009760000,1334010239000,0.99697,0.99719,0.99693,0.99711,304500000,8
1334010240000,1334010719000,0.99711,0.99724,0.99706,0.99724,183860000,8
1334010720000,1334011199000,0.99724,0.99732,0.9969,0.9969,344560000,8
1334011200000,1334011679000,0.9969,0.99693,0.99689,0.99689,117000000,8
1334011680000,1334012159000,0.99689,0.99691,0.99688,0.99689,153000000,8
1334012160000,1334012639000,0.99691,0.99691,0.99683,0.99686,91660000,8
1334012640000,1334013119000,0.99686,0.99691,0.99664,0.99664,114550000,8
1334013120000,1334013599000,0.99664,0.99673,0.99658,0.99666,242120000,8
1334013600000,1334014079000,0.99666,0.9968,0.99648,0.9968,367710000,8
1334014080000,1334014559000,0.9968,0.9968,0.99657,0.9966,245270000,8
1334014560000,1334015039000,0.9966,0.99663,0.99652,0.99655,255890000,8
1334015040000,1334015519000,0.9965,0.99656,0.9962,0.99654,387940000,8
1334015520000,1334015999000,0.99654,0.99667,0.99654,0.99663,321540000,8
1334016000000,1334016479000,0.99663,0.99679,0.99649,0.9967,792860000,8
1334016480000,1334016959000,0.99668,0.99702,0.99667,0.99678,526590000,8
1334016960000,1334017439000,0.99672,0.9968,0.99657,0.99667,465510000,8
1334017440000,1334017919000,0.99667,0.99677,0.9966,0.9966,272710000,8
1334017920000,1334018399000,0.9966,0.99669,0.99655,0.99658,311750000,8
1334018400000,1334018879000,0.99659,0.9966,0.9964,0.9964,288760000,8
1334018880000,1334019359000,0.9964,0.99646,0.99604,0.99608,484980000,8
1334019360000,1334019839000,0.99608,0.99615,0.99595,0.99607,455100000,8
1334019840000,1334020319000,0.99608,0.99654,0.99606,0.99639,418920000,8
1334020320000,1334020799000,0.99638,0.9964,0.9962,0.9963,230590000,8
1334020800000,1334021279000,0.9963,0.99643,0.99623,0.99625,411610000,8
1334021280000,1334021759000,0.99625,0.99631,0.99579,0.9958,764730000,8
1334021760000,1334022239000,0.99578,0.99592,0.99553,0.99569,1022570000,8
1334022240000,1334022719000,0.99569,0.99569,0.99521,0.99539,677660000,8
1334022720000,1334023199000,0.9954,0.9955,0.99522,0.99545,834580000,8
1334023200000,1334023679000,0.99545,0.99558,0.99538,0.99558,584940000,8
1334023680000,1334024159000,0.99556,0.99576,0.99549,0.99556,542000000,8
1334024160000,1334024639000,0.99559,0.99561,0.99523,0.99527,686270000,8
1334024640000,1334025119000,0.9953,0.99542,0.99523,0.99542,518230000,8
1334025120000,1334025599000,0.99544,0.99559,0.99528,0.99531,312350000,8
1334025600000,1334026079000,0.9953,0.99556,0.99528,0.99547,288030000,8
1334026080000,1334026559000,0.99552,0.99567,0.99521,0.99524,554290000,8
1334026560000,1334027039000,0.99522,0.9954,0.995,0.99501,797560000,8
1334027040000,1334027519000,0.995,0.99561,0.99499,0.99543,785330000,8
1334027520000,1334027999000,0.99542,0.99582,0.99526,0.99572,753080000,8
1334028000000,1334028479000,0.99577,0.99609,0.99568,0.99609,810860000,8
1334028480000,1334028959000,0.99609,0.99615,0.99569,0.9957,293770000,8
1334028960000,1334029439000,0.99572,0.99612,0.99562,0.99605,548000000,8
1334029440000,1334029919000,0.99603,0.99647,0.99601,0.99641,615880000,8
1334029920000,1334030399000,0.99639,0.99641,0.99586,0.99586,363290000,8
1334030400000,1334030879000,0.99586,0.99613,0.99586,0.99602,459840000,8
1334030880000,1334031359000,0.99602,0.99609,0.99581,0.99593,365810000,8
1334031360000,1334031839000,0.99593,0.99605,0.99572,0.99597,361340000,8
1334031840000,1334032319000,0.99597,0.99607,0.99591,0.99601,348300000,8
1334032320000,1334032799000,0.99602,0.9961,0.99595,0.99607,440090000,8
1334032800000,1334033279000,0.99606,0.99615,0.996,0.99609,264060000,8
1334033280000,1334033759000,0.99609,0.99609,0.99586,0.99599,365480000,8
1334033760000,1334034239000,0.99599,0.99604,0.99594,0.99596,384810000,8
1334034240000,1334034719000,0.99596,0.9965,0.99592,0.9965,777380000,8
1334034720000,1334035199000,0.99648,0.99654,0.99605,0.99614,817410000,8
1334035200000,1334035679000,0.99612,0.9966,0.99607,0.99653,696780000,8
1334035680000,1334036159000,0.99653,0.99685,0.99647,0.99652,562880000,8
1334036160000,1334036639000,0.99651,0.99669,0.99645,0.99661,592740000,8
1334036640000,1334037119000,0.99661,0.99669,0.99639,0.99643,403880000,8
1334037120000,1334037599000,0.99642,0.99642,0.99602,0.99628,404220000,8
1334037600000,1334038079000,0.9963,0.99639,0.9961,0.99617,901380000,8
1334038080000,1334038559000,0.99619,0.99648,0.99619,0.99645,651780000,8
1334038560000,1334039039000,0.99645,0.99663,0.99622,0.99661,699010000,8
1334039040000,1334039519000,0.99661,0.99662,0.99597,0.99607,858010000,8
1334039520000,1334039999000,0.99607,0.99608,0.99576,0.99587,825460000,8
1334040000000,1334040479000,0.99589,0.99629,0.99577,0.99625,724060000,8
1334040480000,1334040959000,0.99624,0.99665,0.99623,0.99642,779710000,8
1334040960000,1334041439000,0.99643,0.99704,0.99639,0.99704,1136870000,8
1334041440000,1334041919000,0.99703,0.99708,0.99614,0.99677,1373510000,8
1334041920000,1334042399000,0.99677,0.99786,0.99677,0.99781,1384920000,8
1334042400000,1334042879000,0.99785,0.99811,0.9977,0.99789,1522300000,8
1334042880000,1334043359000,0.99789,0.99842,0.99778,0.99831,1599860000,8
1334043360000,1334043839000,0.9983,0.99837,0.99765,0.99821,1400890000,8
1334043840000,1334044319000,0.99819,0.99846,0.99783,0.99796,1456060000,8
1334044320000,1334044799000,0.99795,0.99819,0.99772,0.99794,1030020000,8
1334044800000,1334045279000,0.99795,0.99845,0.9977,0.99834,1283220000,8
1334045280000,1334045759000,0.99834,0.99873,0.99821,0.99861,1043500000,8
1334045760000,1334046239000,0.99861,0.9989,0.99818,0.9982,1325160000,8
1334046240000,1334046719000,0.99818,0.99823,0.99775,0.99812,1073970000,8
1334046720000,1334047199000,0.99813,0.99864,0.99812,0.99843,1238600000,8
1334047200000,1334047679000,0.99842,0.99857,0.99815,0.99849,1109320000,8
1334047680000,1334048159000,0.99849,0.99896,0.99849,0.99856,1155780000,8
1334048160000,1334048639000,0.99856,0.99924,0.99854,0.9992,1296050000,8
1334048640000,1334049119000,0.99918,0.99938,0.99909,0.99936,1211990000,8
1334049120000,1334049599000,0.99935,0.99978,0.99928,0.99939,1179170000,8
1334049600000,1334050079000,0.9994,0.99951,0.99865,0.99899,1334950000,8
1334050080000,1334050559000,0.99899,0.99928,0.99886,0.99922,1003900000,8
1334050560000,1334051039000,0.99922,0.99962,0.99922,0.99935,1264990000,8
1334051040000,1334051519000,0.99935,0.9996,0.99891,0.99898,1322530000,8
1334051520000,1334051999000,0.99899,0.99941,0.9989,0.9993,1196290000,8
1334052000000,1334052479000,0.99933,0.99974,0.99923,0.99935,1603990000,8
1334052480000,1334052959000,0.99936,0.99982,0.99919,0.99972,1296770000,8
1334052960000,1334053439000,0.99974,0.9998,0.9995,0.99961,1231320000,8
1334053440000,1334053919000,0.99961,0.99962,0.9991,0.99927,1131210000,8
1334053920000,1334054399000,0.99927,0.99929,0.99879,0.99881,865680000,8
1334054400000,1334054879000,0.99881,0.99887,0.99821,0.99831,1156300000,8
1334054880000,1334055359000,0.99831,0.99876,0.99821,0.99858,1124990000,8
1334055360000,1334055839000,0.99858,0.99887,0.99855,0.99869,1064850000,8
1334055840000,1334056319000,0.99868,0.99885,0.99856,0.99869,938000000,8
1334056320000,1334056799000,0.99869,0.99881,0.99846,0.99848,744140000,8
1334056800000,1334057279000,0.99848,0.99879,0.99846,0.99874,847640000,8
1334057280000,1334057759000,0.99874,0.99923,0.99866,0.99887,1057400000,8
1334057760000,1334058239000,0.99887,0.99908,0.99879,0.99881,883950000,8
1334058240000,1334058719000,0.99882,0.99899,0.99856,0.99867,991330000,8
1334058720000,1334059199000,0.99866,0.99869,0.99824,0.99828,1064340000,8
1334059200000,1334059679000,0.99828,0.99859,0.99796,0.99831,1237620000,8
1334059680000,1334060159000,0.99831,0.99854,0.99809,0.99831,1467790000,8
1334060160000,1334060639000,0.9983,0.99869,0.99818,0.99859,993050000,8
1334060640000,1334061119000,0.99861,0.99869,0.9978,0.99801,1476460000,8
1334061120000,1334061599000,0.99802,0.99865,0.99799,0.99864,1415040000,8
1334061600000,1334062079000,0.99864,0.99871,0.99845,0.9987,1104480000,8
1334062080000,1334062559000,0.9987,0.99889,0.99854,0.99876,962550000,8
1334062560000,1334063039000,0.99875,0.99881,0.9984,0.99853,1347160000,8
1334063040000,1334063519000,0.99848,0.99949,0.99841,0.99928,1361170000,8
1334063520000,1334063999000,0.99928,0.99934,0.99919,0.99933,1177950000,8
1334064000000,1334064479000,0.99933,0.9995,0.9991,0.99941,929720000,8
1334064480000,1334064959000,0.99941,0.99984,0.99902,0.99903,1586790000,8
1334064960000,1334065439000,0.99902,0.99922,0.9985,0.99869,1730370000,8
1334065440000,1334065919000,0.99869,0.999,0.99848,0.9989,1455820000,8
1334065920000,1334066399000,0.99893,0.9996,0.99889,0.9996,1537940000,8
1334066400000,1334066879000,0.9996,1.00005,0.9994,0.99996,2017600000,8
1334066880000,1334067359000,0.99995,1.00192,0.9999,1.00184,1871490000,8
1334067360000,1334067839000,1.00187,1.00389,1.00181,1.00357,2227290000,8
1334067840000,1334068319000,1.00362,1.00383,1.00271,1.00277,1530550000,8
1334068320000,1334068799000,1.00277,1.00287,1.00216,1.00254,1487530000,8
1334068800000,1334069279000,1.00254,1.00263,1.00175,1.00188,1091760000,8
1334069280000,1334069759000,1.00188,1.00306,1.00188,1.00272,1573900000,8
1334069760000,1334070239000,1.00269,1.00311,1.00203,1.00216,1506460000,8
1334070240000,1334070719000,1.0022,1.00263,1.00168,1.00254,1469500000,8
1334070720000,1334071199000,1.00254,1.00312,1.00238,1.00261,1439550000,8
1334071200000,1334071679000,1.00261,1.00315,1.00259,1.00279,1203900000,8
1334071680000,1334072159000,1.0028,1.00281,1.00195,1.00242,1200200000,8
1334072160000,1334072639000,1.00242,1.00261,1.00198,1.0025,1224800000,8
1334072640000,1334073119000,1.00252,1.00342,1.00228,1.00315,1205570000,8
1334073120000,1334073599000,1.00317,1.00341,1.00269,1.00276,1190360000,8
1334073600000,1334074079000,1.00277,1.0032,1.00237,1.00307,1246040000,8
1334074080000,1334074559000,1.00308,1.00363,1.00302,1.0035,1320530000,8
1334074560000,1334075039000,1.0035,1.00369,1.0033,1.00348,1193930000,8
1334075040000,1334075519000,1.00348,1.00348,1.00296,1.00299,1001120000,8
1334075520000,1334075999000,1.00299,1.00305,1.00266,1.00267,959080000,8
1334076000000,1334076479000,1.00267,1.00279,1.00231,1.00277,1005590000,8
1334076480000,1334076959000,1.0028,1.00334,1.0028,1.00293,1145520000,8
1334076960000,1334077439000,1.00293,1.00306,1.0023,1.00257,1171360000,8
1334077440000,1334077919000,1.00257,1.00345,1.00235,1.00343,1449680000,8
1334077920000,1334078399000,1.00343,1.00391,1.00317,1.0038,1368470000,8
1334078400000,1334078879000,1.0038,1.00382,1.00309,1.00318,1073350000,8
1334078880000,1334079359000,1.00317,1.00368,1.00306,1.00347,785730000,8
1334079360000,1334079839000,1.00346,1.00368,1.0032,1.00334,1016700000,8
1334079840000,1334080319000,1.00334,1.00353,1.00315,1.00322,789850000,8
1334080320000,1334080799000,1.00321,1.00352,1.00306,1.00324,774450000,8
1334080800000,1334081279000,1.00324,1.00342,1.00291,1.00329,821180000,8
1334081280000,1334081759000,1.00327,1.00332,1.003,1.00312,878980000,8
1334081760000,1334082239000,1.0031,1.00339,1.00295,1.0033,930100000,8
1334082240000,1334082719000,1.0033,1.00349,1.00299,1.00305,833050000,8
1334082720000,1334083199000,1.00305,1.00391,1.00304,1.00391,1153940000,8
1334083200000,1334083679000,1.00391,1.00391,1.00339,1.00343,1138740000,8
1334083680000,1334084159000,1.00343,1.00346,1.0032,1.00331,606940000,8
1334084160000,1334084639000,1.00329,1.00401,1.00329,1.00396,1223880000,8
1334084640000,1334085119000,1.00396,1.00409,1.00369,1.00389,1301120000,8
1334085120000,1334085599000,1.00389,1.00394,1.00362,1.00375,1046310000,8
1334085600000,1334086079000,1.00376,1.00389,1.0035,1.00385,842030000,8
1334086080000,1334086559000,1.00385,1.00385,1.00325,1.00331,1027900000,8
1334086560000,1334087039000,1.00334,1.00376,1.00325,1.00364,967190000,8
1334087040000,1334087519000,1.00361,1.00388,1.00357,1.0037,955480000,8
1334087520000,1334087999000,1.0037,1.00417,1.00366,1.00416,953570000,8
1334088000000,1334088479000,1.00416,1.00418,1.00343,1.00347,943460000,8
1334088480000,1334088959000,1.00348,1.00364,1.00331,1.00359,647250000,8
1334088960000,1334089439000,1.00358,1.00388,1.00358,1.00383,409320000,8
1334089440000,1334089919000,1.00381,1.00389,1.00369,1.00388,422750000,8
1334089920000,1334090399000,1.00388,1.00417,1.00384,1.00417,384900000,8
1334090400000,1334090879000,1.00417,1.00428,1.00403,1.00408,351050000,8
1334090880000,1334091359000,1.00408,1.00431,1.00401,1.0042,308730000,8
1334091360000,1334091839000,1.00422,1.00445,1.00399,1.0041,438370000,8
1334091840000,1334092319000,1.00419,1.00455,1.00383,1.00423,228670000,8
1334092320000,1334092799000,1.00429,1.00433,1.00403,1.00426,118210000,8
1334092800000,1334093279000,1.00426,1.00426,1.0041,1.00421,77210000,8
1334093280000,1334093759000,1.0042,1.00421,1.00407,1.0042,48100000,8
1334093760000,1334094239000,1.00383,1.0042,1.00383,1.00408,188110000,8
1334094240000,1334094719000,1.00403,1.00429,1.00403,1.00418,329890000,8
1334094720000,1334095199000,1.0042,1.0043,1.00405,1.00408,218970000,8
1334095200000,1334095679000,1.00407,1.00418,1.00393,1.00402,196730000,8
1334095680000,1334096159000,1.00402,1.00427,1.00399,1.00403,128250000,8
1334096160000,1334096639000,1.00404,1.00432,1.00402,1.00431,333020000,8
1334096640000,1334097119000,1.00431,1.00435,1.00419,1.00419,482550000,8
1334097120000,1334097599000,1.00418,1.00426,1.00416,1.00424,265810000,8
1334097600000,1334098079000,1.00423,1.00427,1.00408,1.00425,377270000,8
1334098080000,1334098559000,1.00423,1.00471,1.00422,1.00458,427510000,8
1334098560000,1334099039000,1.00456,1.00462,1.00452,1.00454,429530000,8
1334099040000,1334099519000,1.00454,1.00464,1.00447,1.00454,362080000,8
1334099520000,1334099999000,1.00457,1.00462,1.00452,1.00457,273080000,8
1334100000000,1334100479000,1.00455,1.00458,1.00448,1.00454,218520000,8
1334100480000,1334100959000,1.00454,1.00463,1.00434,1.00445,270010000,8
1334100960000,1334101439000,1.00447,1.00454,1.00441,1.00454,230490000,8
1334101440000,1334101919000,1.00452,1.0047,1.00448,1.00468,437570000,8
1334101920000,1334102399000,1.00468,1.00492,1.00463,1.00485,352580000,8
1334102400000,1334102879000,1.00486,1.00499,1.00465,1.00465,656840000,8
1334102880000,1334103359000,1.00466,1.0047,1.0045,1.00456,470090000,8
1334103360000,1334103839000,1.00456,1.00463,1.00451,1.00459,374100000,8
1334103840000,1334104319000,1.00459,1.00483,1.00454,1.00479,372150000,8
1334104320000,1334104799000,1.0048,1.00489,1.00473,1.00476,389520000,8
1334104800000,1334105279000,1.00476,1.00496,1.00473,1.0049,309380000,8
1334105280000,1334105759000,1.0049,1.00521,1.00476,1.00494,780580000,8
1334105760000,1334106239000,1.00494,1.00496,1.00453,1.00471,339250000,8
1334106240000,1334106719000,1.00471,1.00477,1.00458,1.00466,482530000,8
1334106720000,1334107199000,1.00466,1.00469,1.00419,1.00429,491740000,8
1334107200000,1334107679000,1.00429,1.0044,1.00427,1.00431,300930000,8
1334107680000,1334108159000,1.00431,1.00436,1.00401,1.0043,526330000,8
1334108160000,1334108639000,1.0043,1.00433,1.004,1.00401,500010000,8
1334108640000,1334109119000,1.00401,1.00412,1.00393,1.004,362370000,8
1334109120000,1334109599000,1.004,1.00415,1.00398,1.00411,498530000,8
1334109600000,1334110079000,1.0041,1.00426,1.004,1.00419,472370000,8
1334110080000,1334110559000,1.00419,1.00431,1.00411,1.00418,276300000,8
1334110560000,1334111039000,1.00415,1.00418,1.00349,1.0035,423250000,8
1334111040000,1334111519000,1.00348,1.00367,1.00346,1.00348,490460000,8
1334111520000,1334111999000,1.00349,1.00356,1.00333,1.00348,371460000,8
1334112000000,1334112479000,1.00346,1.0036,1.00344,1.00355,394850000,8
1334112480000,1334112959000,1.00355,1.0036,1.0033,1.00335,398000000,8
1334112960000,1334113439000,1.00337,1.00377,1.00331,1.00372,451970000,8
1334113440000,1334113919000,1.00372,1.00383,1.00339,1.00346,327760000,8
1334113920000,1334114399000,1.00345,1.00355,1.00335,1.00347,196210000,8
1334114400000,1334114879000,1.00347,1.00356,1.00341,1.00348,221840000,8
1334114880000,1334115359000,1.00344,1.00352,1.00332,1.00341,316730000,8
1334115360000,1334115839000,1.00341,1.00348,1.00334,1.00339,172680000,8
1334115840000,1334116319000,1.00339,1.00341,1.00302,1.0034,322960000,8
1334116320000,1334116799000,1.0034,1.0035,1.00304,1.00317,489490000,8
1334116800000,1334117279000,1.00316,1.00336,1.00314,1.00324,424280000,8
1334117280000,1334117759000,1.00324,1.00329,1.00312,1.00316,186200000,8
1334117760000,1334118239000,1.00316,1.00327,1.0031,1.0031,356630000,8
1334118240000,1334118719000,1.0031,1.00322,1.00299,1.00308,296710000,8
1334118720000,1334119199000,1.00308,1.00317,1.00302,1.00308,285620000,8
1334119200000,1334119679000,1.00308,1.00317,1.00291,1.00296,262700000,8
1334119680000,1334120159000,1.00297,1.00306,1.00291,1.00297,349880000,8
1334120160000,1334120639000,1.00297,1.00315,1.00292,1.00307,268960000,8
1334120640000,1334121119000,1.00305,1.00313,1.00297,1.00306,204380000,8
1334121120000,1334121599000,1.00304,1.00306,1.00242,1.00247,359500000,8
1334121600000,1334122079000,1.00247,1.00297,1.00247,1.00288,684600000,8
1334122080000,1334122559000,1.00289,1.00305,1.00243,1.00276,647180000,8
1334122560000,1334123039000,1.00279,1.00308,1.00271,1.00276,563600000,8
1334123040000,1334123519000,1.00276,1.00282,1.00217,1.00238,586710000,8
1334123520000,1334123999000,1.00236,1.00266,1.00236,1.00239,444390000,8
1334124000000,1334124479000,1.00236,1.00266,1.00193,1.00194,982440000,8
1334124480000,1334124959000,1.00194,1.00223,1.00179,1.00217,558900000,8
1334124960000,1334125439000,1.00219,1.0022,1.00159,1.00165,860580000,8
1334125440000,1334125919000,1.00162,1.00182,1.00161,1.00171,760710000,8
1334125920000,1334126399000,1.00173,1.00225,1.00167,1.00221,763930000,8
1334126400000,1334126879000,1.00219,1.00276,1.00212,1.00252,832190000,8
1334126880000,1334127359000,1.00251,1.00255,1.00188,1.00196,597130000,8
1334127360000,1334127839000,1.00196,1.00215,1.00149,1.00159,1008540000,8
1334127840000,1334128319000,1.00159,1.00223,1.00128,1.00219,1083190000,8
1334128320000,1334128799000,1.00219,1.00245,1.00193,1.00194,1020810000,8
1334128800000,1334129279000,1.00196,1.00236,1.00192,1.00219,855200000,8
1334129280000,1334129759000,1.00225,1.00236,1.00185,1.00213,916180000,8
1334129760000,1334130239000,1.00213,1.0027,1.00197,1.00267,846930000,8
1334130240000,1334130719000,1.00267,1.00302,1.00251,1.00299,1014830000,8
1334130720000,1334131199000,1.00299,1.00436,1.00299,1.00384,1370600000,8
1334131200000,1334131679000,1.00384,1.0046,1.0035,1.00354,1204100000,8
1334131680000,1334132159000,1.00351,1.00388,1.0034,1.00344,956910000,8
1334132160000,1334132639000,1.00344,1.00359,1.003,1.00305,893740000,8
1334132640000,1334133119000,1.00306,1.00366,1.0029,1.00335,1302560000,8
1334133120000,1334133599000,1.00335,1.0035,1.00303,1.00325,1155210000,8
1334133600000,1334134079000,1.00325,1.00388,1.00313,1.00386,934230000,8
1334134080000,1334134559000,1.00386,1.00388,1.00322,1.00355,1098580000,8
1334134560000,1334135039000,1.00353,1.00389,1.00338,1.00357,1041220000,8
1334135040000,1334135519000,1.00354,1.00403,1.00321,1.00337,1197620000,8
1334135520000,1334135999000,1.00337,1.00339,1.00294,1.00324,1104600000,8
1334136000000,1334136479000,1.00322,1.00378,1.00322,1.00333,967610000,8
1334136480000,1334136959000,1.00331,1.00377,1.0028,1.00358,1387670000,8
1334136960000,1334137439000,1.00358,1.00358,1.00281,1.00293,1100900000,8
1334137440000,1334137919000,1.00293,1.00319,1.00262,1.00291,928680000,8
1334137920000,1334138399000,1.00291,1.00292,1.00147,1.00171,1490390000,8
1334138400000,1334138879000,1.00171,1.00181,1.001,1.00105,1639350000,8
1334138880000,1334139359000,1.00105,1.00141,1.00102,1.00129,1378930000,8
1334139360000,1334139839000,1.0013,1.00165,1.00112,1.0013,1224090000,8
1334139840000,1334140319000,1.00129,1.00255,1.00117,1.00251,1107890000,8
1334140320000,1334140799000,1.00252,1.00283,1.00236,1.00242,873250000,8
1334140800000,1334141279000,1.00242,1.00245,1.00171,1.00182,1092260000,8
1334141280000,1334141759000,1.00183,1.0019,1.00128,1.00129,1125070000,8
1334141760000,1334142239000,1.00131,1.00156,1.00117,1.00156,1315600000,8
1334142240000,1334142719000,1.00158,1.00166,1.0012,1.00165,998590000,8
1334142720000,1334143199000,1.00161,1.00183,1.0015,1.00182,917070000,8
1334143200000,1334143679000,1.00182,1.0019,1.00124,1.00127,1208800000,8
1334143680000,1334144159000,1.00127,1.00159,1.00126,1.00148,1209420000,8
1334144160000,1334144639000,1.00147,1.00169,1.00138,1.00141,878860000,8
1334144640000,1334145119000,1.00143,1.00165,1.00123,1.00138,1067940000,8
1334145120000,1334145599000,1.00136,1.00217,1.00129,1.00192,1139700000,8
1334145600000,1334146079000,1.00194,1.00229,1.00179,1.00218,1254790000,8
1334146080000,1334146559000,1.00218,1.00285,1.00216,1.00265,1333690000,8
1334146560000,1334147039000,1.00266,1.00276,1.00232,1.00262,910240000,8
1334147040000,1334147519000,1.00262,1.00262,1.00204,1.00213,915010000,8
1334147520000,1334147999000,1.00213,1.00219,1.00147,1.00212,1225520000,8
1334148000000,1334148479000,1.00213,1.00226,1.0017,1.00213,1242290000,8
1334148480000,1334148959000,1.00213,1.00245,1.00196,1.00216,1013620000,8
1334148960000,1334149439000,1.00219,1.00288,1.00194,1.00276,1156560000,8
1334149440000,1334149919000,1.00276,1.00289,1.00246,1.00287,1176830000,8
1334149920000,1334150399000,1.00285,1.00296,1.00269,1.0027,1047730000,8
1334150400000,1334150879000,1.00271,1.00276,1.00208,1.00216,1123990000,8
1334150880000,1334151359000,1.00214,1.00264,1.00184,1.0024,1462060000,8
1334151360000,1334151839000,1.00239,1.00266,1.00181,1.00237,1706450000,8
1334151840000,1334152319000,1.00237,1.00297,1.00207,1.00261,1779170000,8
1334152320000,1334152799000,1.00261,1.00319,1.00261,1.00262,1557090000,8
1334152800000,1334153279000,1.00265,1.00278,1.00194,1.00195,1595370000,8
1334153280000,1334153759000,1.00194,1.00211,1.00116,1.00117,1591060000,8
1334153760000,1334154239000,1.00116,1.00163,1.0008,1.00145,1772530000,8
1334154240000,1334154719000,1.00143,1.00165,1.00127,1.00128,1281610000,8
1334154720000,1334155199000,1.00128,1.00189,1.0011,1.00181,1417480000,8
1334155200000,1334155679000,1.00182,1.00225,1.00143,1.00173,1500840000,8
1334155680000,1334156159000,1.00173,1.00279,1.00156,1.00251,1393980000,8
1334156160000,1334156639000,1.00252,1.00252,1.00182,1.00232,1357230000,8
1334156640000,1334157119000,1.00232,1.00266,1.00216,1.00233,1064130000,8
1334157120000,1334157599000,1.00234,1.00288,1.00233,1.00273,1160890000,8
1334157600000,1334158079000,1.00273,1.00289,1.00251,1.00267,1097670000,8
1334158080000,1334158559000,1.00267,1.00292,1.00252,1.00267,1037420000,8
1334158560000,1334159039000,1.00266,1.00332,1.00256,1.00317,928590000,8
1334159040000,1334159519000,1.00315,1.00388,1.0031,1.00376,967950000,8
1334159520000,1334159999000,1.00376,1.00426,1.00359,1.00398,1017280000,8
1334160000000,1334160479000,1.00397,1.00417,1.00362,1.00417,968750000,8
1334160480000,1334160959000,1.00417,1.00419,1.00327,1.00332,911990000,8
1334160960000,1334161439000,1.00335,1.00345,1.00311,1.00345,695900000,8
1334161440000,1334161919000,1.00345,1.0035,1.00328,1.00331,716950000,8
1334161920000,1334162399000,1.00333,1.00339,1.00311,1.00334,565240000,8
1334162400000,1334162879000,1.00335,1.0036,1.00323,1.00346,718280000,8
1334162880000,1334163359000,1.00348,1.00352,1.00282,1.0029,781320000,8
1334163360000,1334163839000,1.00292,1.00306,1.00251,1.00286,875070000,8
1334163840000,1334164319000,1.00284,1.00284,1.00246,1.00265,563870000,8
1334164320000,1334164799000,1.00265,1.00304,1.00265,1.00302,645630000,8
1334164800000,1334165279000,1.00301,1.00333,1.00281,1.00325,761590000,8
1334165280000,1334165759000,1.00325,1.0034,1.00312,1.00314,726200000,8
1334165760000,1334166239000,1.00316,1.00327,1.00294,1.00305,540060000,8
1334166240000,1334166719000,1.00307,1.00316,1.00282,1.00282,428990000,8
1334166720000,1334167199000,1.00282,1.00299,1.00262,1.00276,679120000,8
1334167200000,1334167679000,1.00277,1.00348,1.00273,1.0034,712120000,8
1334167680000,1334168159000,1.00343,1.00349,1.00317,1.00319,689480000,8
1334168160000,1334168639000,1.00319,1.00337,1.00276,1.00307,677430000,8
1334168640000,1334169119000,1.00311,1.00367,1.00304,1.00344,927700000,8
1334169120000,1334169599000,1.00344,1.00389,1.00342,1.00363,906680000,8
1334169600000,1334170079000,1.00363,1.00394,1.00363,1.0037,811620000,8
1334170080000,1334170559000,1.0037,1.00399,1.00357,1.0038,680790000,8
1334170560000,1334171039000,1.00378,1.00403,1.00357,1.00375,942780000,8
1334171040000,1334171519000,1.00375,1.00402,1.00352,1.00383,827800000,8
1334171520000,1334171999000,1.00386,1.00409,1.0037,1.00373,536850000,8
1334172000000,1334172479000,1.00373,1.00414,1.00373,1.00377,607550000,8
1334172480000,1334172959000,1.00379,1.00395,1.00367,1.00393,600830000,8
1334172960000,1334173439000,1.00393,1.00417,1.00382,1.00412,642920000,8
1334173440000,1334173919000,1.00414,1.00491,1.00413,1.00446,674530000,8
1334173920000,1334174399000,1.00446,1.00459,1.00407,1.00408,869620000,8
1334174400000,1334174879000,1.00407,1.00434,1.00397,1.00398,667300000,8
1334174880000,1334175359000,1.00398,1.00429,1.00385,1.00402,536600000,8
1334175360000,1334175839000,1.00401,1.00407,1.00399,1.00405,155380000,8
1334175840000,1334176319000,1.00405,1.00418,1.00391,1.00394,305980000,8
1334176320000,1334176799000,1.00395,1.004,1.00381,1.00383,265560000,8
1334176800000,1334177279000,1.00383,1.00407,1.00375,1.004,310970000,8
1334177280000,1334177759000,1.00397,1.00399,1.00375,1.00376,228940000,8
1334177760000,1334178239000,1.00375,1.00383,1.00341,1.0036,168520000,8
1334178240000,1334178719000,1.00356,1.00416,1.00296,1.00376,187700000,8
1334178720000,1334179199000,1.00373,1.00389,1.00299,1.00381,138330000,8
1334179200000,1334179679000,1.00381,1.00398,1.00286,1.00387,127420000,8
1334179680000,1334180159000,1.00387,1.00397,1.00387,1.00391,67890000,8
1334180160000,1334180639000,1.0039,1.00392,1.00375,1.00378,80720000,8
1334180640000,1334181119000,1.00375,1.00377,1.00365,1.00365,65980000,8
1334181120000,1334181599000,1.00365,1.00368,1.0032,1.00357,93390000,8
1334181600000,1334182079000,1.00358,1.00377,1.00352,1.00367,87240000,8
1334182080000,1334182559000,1.00367,1.00368,1.00365,1.00365,44400000,8
1334182560000,1334183039000,1.00365,1.00369,1.0036,1.00364,97710000,8
1334183040000,1334183519000,1.00366,1.00368,1.00357,1.00365,66100000,8
1334183520000,1334183999000,1.00365,1.00365,1.0033,1.00336,247680000,8
1334184000000,1334184479000,1.00336,1.00338,1.00311,1.00321,119030000,8
1334184480000,1334184959000,1.00318,1.00324,1.00313,1.00324,102000000,8
1334184960000,1334185439000,1.00324,1.00349,1.00318,1.00335,242400000,8
1334185440000,1334185919000,1.00332,1.00339,1.0033,1.00335,86570000,8
1334185920000,1334186399000,1.00335,1.00336,1.00302,1.00315,451560000,8
1334186400000,1334186879000,1.00315,1.00317,1.0029,1.00291,215700000,8
1334186880000,1334187359000,1.00291,1.00309,1.0028,1.00304,302320000,8
1334187360000,1334187839000,1.00302,1.00308,1.00296,1.00307,252550000,8
1334187840000,1334188319000,1.00305,1.0032,1.0029,1.003,201530000,8
1334188320000,1334188799000,1.003,1.00348,1.0029,1.00332,193300000,8
1334188800000,1334189279000,1.00332,1.00359,1.00324,1.00352,405040000,8
1334189280000,1334189759000,1.00352,1.00364,1.00328,1.00329,257340000,8
1334189760000,1334190239000,1.00318,1.00332,1.0031,1.00311,186050000,8
1334190240000,1334190719000,1.00311,1.00329,1.003,1.00329,358680000,8
1334190720000,1334191199000,1.00326,1.00354,1.00316,1.00349,168090000,8
1334191200000,1334191679000,1.00348,1.00361,1.00339,1.00361,147210000,8
1334191680000,1334192159000,1.00361,1.00364,1.00341,1.00349,279290000,8
1334192160000,1334192639000,1.00351,1.0036,1.00312,1.00316,411780000,8
1334192640000,1334193119000,1.00314,1.00318,1.0029,1.00317,336580000,8
1334193120000,1334193599000,1.00317,1.00342,1.00302,1.00339,499490000,8
1334193600000,1334194079000,1.00341,1.00345,1.00308,1.00316,268510000,8
1334194080000,1334194559000,1.00314,1.00351,1.00229,1.0027,1181220000,8
1334194560000,1334195039000,1.00271,1.00311,1.0027,1.00303,883290000,8
1334195040000,1334195519000,1.00303,1.00339,1.00283,1.00331,444120000,8
1334195520000,1334195999000,1.00331,1.00342,1.00286,1.00291,507540000,8
1334196000000,1334196479000,1.00292,1.0034,1.00284,1.00335,376800000,8
1334196480000,1334196959000,1.00333,1.00348,1.00318,1.00334,270420000,8
1334196960000,1334197439000,1.00336,1.00338,1.00318,1.0032,213780000,8
1334197440000,1334197919000,1.0032,1.00325,1.00278,1.00301,377920000,8
1334197920000,1334198399000,1.00303,1.00309,1.0028,1.00285,428440000,8
1334198400000,1334198879000,1.00287,1.00306,1.00243,1.00262,585160000,8
1334198880000,1334199359000,1.00262,1.00262,1.00203,1.00209,781760000,8
1334199360000,1334199839000,1.00209,1.00215,1.00178,1.00182,631080000,8
1334199840000,1334200319000,1.00181,1.00196,1.00179,1.00196,486020000,8
1334200320000,1334200799000,1.00196,1.00218,1.00196,1.00205,299580000,8
1334200800000,1334201279000,1.00204,1.0024,1.00203,1.00217,479460000,8
1334201280000,1334201759000,1.00217,1.00228,1.00211,1.00224,366520000,8
1334201760000,1334202239000,1.00224,1.00235,1.00218,1.00229,335800000,8
1334202240000,1334202719000,1.0023,1.00238,1.00226,1.00236,229750000,8
1334202720000,1334203199000,1.00236,1.00237,1.00202,1.00214,248990000,8
1334203200000,1334203679000,1.00214,1.00223,1.00192,1.00193,227960000,8
1334203680000,1334204159000,1.00193,1.0021,1.00183,1.00205,286690000,8
1334204160000,1334204639000,1.00205,1.00218,1.00192,1.00209,338140000,8
1334204640000,1334205119000,1.00209,1.00213,1.00182,1.00209,362500000,8
1334205120000,1334205599000,1.00209,1.00212,1.002,1.002,168920000,8
1334205600000,1334206079000,1.002,1.0021,1.00193,1.00208,157990000,8
1334206080000,1334206559000,1.00209,1.00214,1.00189,1.00212,238900000,8
1334206560000,1334207039000,1.00213,1.00218,1.00193,1.00201,306420000,8
1334207040000,1334207519000,1.002,1.00212,1.00191,1.00208,349890000,8
1334207520000,1334207999000,1.00208,1.00211,1.00172,1.00173,415710000,8
1334208000000,1334208479000,1.00173,1.00175,1.00162,1.00174,446880000,8
1334208480000,1334208959000,1.00173,1.00174,1.00154,1.00163,495700000,8
1334208960000,1334209439000,1.00161,1.00179,1.00152,1.00163,438110000,8
1334209440000,1334209919000,1.00163,1.00179,1.00156,1.00173,442780000,8
1334209920000,1334210399000,1.0017,1.00179,1.00156,1.00172,434610000,8
1334210400000,1334210879000,1.0017,1.00172,1.00149,1.0016,438450000,8
1334210880000,1334211359000,1.00158,1.00158,1.00104,1.00116,769220000,8
1334211360000,1334211839000,1.00117,1.0014,1.00102,1.00102,456950000,8
1334211840000,1334212319000,1.00102,1.00114,1.00058,1.00067,682690000,8
1334212320000,1334212799000,1.00068,1.00092,1.00018,1.00028,695400000,8
1334212800000,1334213279000,1.00028,1.00043,0.99983,0.99987,943350000,8
1334213280000,1334213759000,0.99986,1.0007,0.99986,1.00052,759640000,8
1334213760000,1334214239000,1.00054,1.00088,1.00036,1.00087,954410000,8
1334214240000,1334214719000,1.00087,1.00088,1.00006,1.00007,964290000,8
1334214720000,1334215199000,1.00007,1.00011,0.9998,0.99999,1048170000,8
1334215200000,1334215679000,0.99999,1.00041,0.99986,1.00023,1074850000,8
1334215680000,1334216159000,1.00022,1.00115,1.00004,1.00058,1152560000,8
1334216160000,1334216639000,1.00059,1.00133,1.00049,1.00117,1439870000,8
1334216640000,1334217119000,1.00118,1.00134,1.00075,1.00131,1142690000,8
1334217120000,1334217599000,1.00131,1.00169,1.00113,1.00128,1266510000,8
1334217600000,1334218079000,1.00125,1.00145,1.00012,1.00027,1435110000,8
1334218080000,1334218559000,1.00027,1.00057,1.00007,1.00015,1088580000,8
1334218560000,1334219039000,1.00013,1.00043,0.99996,1.00009,963990000,8
1334219040000,1334219519000,1.00009,1.00069,0.99998,1.00008,919170000,8
1334219520000,1334219999000,1.00005,1.00009,0.99889,0.99933,1448820000,8
1334220000000,1334220479000,0.99933,0.9995,0.99892,0.99938,1132870000,8
1334220480000,1334220959000,0.99936,1.00009,0.99928,0.99968,1084940000,8
1334220960000,1334221439000,0.99968,1.00043,0.99968,1.00032,1180280000,8
1334221440000,1334221919000,1.00034,1.00116,1.00017,1.00087,1506510000,8
1334221920000,1334222399000,1.00089,1.00122,1.00053,1.00109,1607890000,8
1334222400000,1334222879000,1.00109,1.00118,1.00032,1.00085,1353170000,8
1334222880000,1334223359000,1.00085,1.00098,1.00036,1.00056,1048220000,8
1334223360000,1334223839000,1.00059,1.00068,1.00004,1.00018,1199160000,8
1334223840000,1334224319000,1.00018,1.00049,1.00015,1.00035,893250000,8
1334224320000,1334224799000,1.00033,1.00089,1.00025,1.00086,844210000,8
1334224800000,1334225279000,1.00086,1.00112,1.00056,1.00085,945820000,8
1334225280000,1334225759000,1.00085,1.00089,1.00056,1.00073,761500000,8
1334225760000,1334226239000,1.00073,1.00073,1.00035,1.00044,631670000,8
1334226240000,1334226719000,1.00043,1.00047,0.99977,0.99983,942340000,8
1334226720000,1334227199000,0.99984,1.00011,0.99956,0.99968,1184250000,8
1334227200000,1334227679000,0.99965,0.99987,0.99915,0.99975,1408380000,8
1334227680000,1334228159000,0.99974,0.99989,0.99922,0.99989,937410000,8
1334228160000,1334228639000,0.99989,1.00015,0.99962,0.99983,1052460000,8
1334228640000,1334229119000,0.99983,0.99989,0.99953,0.99955,896510000,8
1334229120000,1334229599000,0.99954,0.99977,0.99946,0.99955,904780000,8
1334229600000,1334230079000,0.99955,0.99967,0.99944,0.99946,964470000,8
1334230080000,1334230559000,0.99944,0.99959,0.9989,0.99915,1280190000,8
1334230560000,1334231039000,0.99915,0.99915,0.99719,0.99745,1911830000,8
1334231040000,1334231519000,0.99745,0.99804,0.99725,0.99755,1356380000,8
1334231520000,1334231999000,0.99755,0.99808,0.99743,0.9978,1328700000,8
1334232000000,1334232479000,0.9978,0.99829,0.9975,0.99806,1363150000,8
1334232480000,1334232959000,0.99806,0.99848,0.99803,0.99839,1151680000,8
1334232960000,1334233439000,0.99839,0.99889,0.99838,0.99869,1181310000,8
1334233440000,1334233919000,0.99867,1.00009,0.99831,0.99979,1446470000,8
1334233920000,1334234399000,0.99973,1.00035,0.9991,1.00025,1679710000,8
1334234400000,1334234879000,1.00025,1.00114,1.00025,1.00082,1416050000,8
1334234880000,1334235359000,1.00084,1.00084,1.00013,1.00026,1051640000,8
1334235360000,1334235839000,1.00026,1.00041,0.99976,1.00001,1392630000,8
1334235840000,1334236319000,1.00001,1.00001,0.9995,0.99953,972010000,8
1334236320000,1334236799000,0.99953,0.99998,0.99932,0.99987,1050720000,8
1334236800000,1334237279000,0.99985,0.9999,0.99931,0.99938,1187060000,8
1334237280000,1334237759000,0.99939,0.99983,0.99918,0.99921,1255290000,8
1334237760000,1334238239000,0.99922,0.99935,0.99875,0.99889,1361000000,8
1334238240000,1334238719000,0.99887,0.99889,0.99779,0.99828,1610380000,8
1334238720000,1334239199000,0.99828,0.99829,0.99711,0.99749,1605130000,8
1334239200000,1334239679000,0.99749,0.9977,0.99727,0.99769,1704940000,8
1334239680000,1334240159000,0.99767,0.99776,0.99624,0.99653,1756360000,8
1334240160000,1334240639000,0.99654,0.99718,0.99628,0.997,1958850000,8
1334240640000,1334241119000,0.99701,0.99725,0.99642,0.99651,1398060000,8
1334241120000,1334241599000,0.99651,0.99687,0.99569,0.99649,1773250000,8
1334241600000,1334242079000,0.9965,0.99735,0.99638,0.9971,1512590000,8
1334242080000,1334242559000,0.9971,0.99721,0.9965,0.99652,1384670000,8
1334242560000,1334243039000,0.99652,0.99663,0.9962,0.99635,1821100000,8
1334243040000,1334243519000,0.99635,0.9964,0.9958,0.99602,1473010000,8
1334243520000,1334243999000,0.996,0.99613,0.99565,0.99572,1255080000,8
1334244000000,1334244479000,0.99575,0.99582,0.99551,0.99561,1305730000,8
1334244480000,1334244959000,0.99563,0.99648,0.9956,0.9964,1230730000,8
1334244960000,1334245439000,0.9964,0.99694,0.99574,0.99588,1156110000,8
1334245440000,1334245919000,0.99588,0.99599,0.99558,0.99564,1099270000,8
1334245920000,1334246399000,0.99562,0.99585,0.99475,0.9951,1391780000,8
1334246400000,1334246879000,0.99514,0.99514,0.99466,0.99494,1353000000,8
1334246880000,1334247359000,0.99492,0.99512,0.99461,0.99474,1340380000,8
1334247360000,1334247839000,0.99474,0.9951,0.9946,0.99502,1169170000,8
1334247840000,1334248319000,0.99501,0.99508,0.99463,0.99464,970130000,8
1334248320000,1334248799000,0.99465,0.99508,0.99462,0.99501,934610000,8
1334248800000,1334249279000,0.99502,0.99511,0.99461,0.99473,916670000,8
1334249280000,1334249759000,0.99476,0.99502,0.9947,0.9949,866630000,8
1334249760000,1334250239000,0.99491,0.995,0.9946,0.9949,1024140000,8
1334250240000,1334250719000,0.9949,0.995,0.99441,0.99447,906390000,8
1334250720000,1334251199000,0.99446,0.99449,0.99425,0.99432,1052140000,8
1334251200000,1334251679000,0.99432,0.99486,0.9943,0.99481,687670000,8
1334251680000,1334252159000,0.99483,0.99486,0.9946,0.99481,668650000,8
1334252160000,1334252639000,0.99484,0.99528,0.99484,0.99512,720730000,8
1334252640000,1334253119000,0.99515,0.99536,0.995,0.99523,956010000,8
1334253120000,1334253599000,0.99522,0.99566,0.99519,0.99551,871080000,8
1334253600000,1334254079000,0.99551,0.99565,0.99546,0.99547,967450000,8
1334254080000,1334254559000,0.9955,0.99554,0.99523,0.99523,532200000,8
1334254560000,1334255039000,0.99523,0.99539,0.995,0.99511,696360000,8
1334255040000,1334255519000,0.99511,0.99525,0.99508,0.99523,575060000,8
1334255520000,1334255999000,0.99521,0.99553,0.9952,0.99548,755090000,8
1334256000000,1334256479000,0.99547,0.99552,0.99519,0.99532,648300000,8
1334256480000,1334256959000,0.99534,0.99535,0.99434,0.99434,765250000,8
1334256960000,1334257439000,0.99434,0.99444,0.99427,0.99437,938680000,8
1334257440000,1334257919000,0.99437,0.9945,0.99429,0.99443,755630000,8
1334257920000,1334258399000,0.99446,0.99455,0.994,0.99404,719230000,8
1334258400000,1334258879000,0.99404,0.99431,0.99402,0.99422,478300000,8
1334258880000,1334259359000,0.99421,0.99431,0.99411,0.99419,677000000,8
1334259360000,1334259839000,0.99419,0.99455,0.99415,0.99444,739890000,8
1334259840000,1334260319000,0.99443,0.99443,0.99421,0.99425,681110000,8
1334260320000,1334260799000,0.99425,0.99472,0.99423,0.99432,757680000,8
1334260800000,1334261279000,0.99437,0.99467,0.99434,0.99456,782530000,8
1334261280000,1334261759000,0.99456,0.99468,0.99431,0.99442,794420000,8
1334261760000,1334262239000,0.99442,0.99455,0.99431,0.9945,623980000,8
1334262240000,1334262719000,0.9945,0.99466,0.99442,0.99442,526990000,8
1334262720000,1334263199000,0.99443,0.99467,0.99441,0.99467,298220000,8
1334263200000,1334263679000,0.99467,0.99474,0.99444,0.99462,396970000,8
1334263680000,1334264159000,0.9946,0.99466,0.99432,0.99432,250720000,8
1334264160000,1334264639000,0.99432,0.99452,0.99408,0.99444,311730000,8
1334264640000,1334265119000,0.99446,0.99485,0.99406,0.99419,202480000,8
1334265120000,1334265599000,0.99418,0.99494,0.99418,0.99442,256140000,8
1334265600000,1334266079000,0.99442,0.99462,0.99413,0.99435,135160000,8
1334266080000,1334266559000,0.99435,0.9945,0.99435,0.99446,103720000,8
1334266560000,1334267039000,0.99446,0.9949,0.99437,0.99467,113350000,8
1334267040000,1334267519000,0.99467,0.99498,0.99458,0.99472,106310000,8
1334267520000,1334267999000,0.99475,0.99481,0.99453,0.9946,43680000,8
1334268000000,1334268479000,0.99455,0.99461,0.99431,0.9946,198860000,8
1334268480000,1334268959000,0.9946,0.99462,0.99448,0.99451,68250000,8
1334268960000,1334269439000,0.99452,0.99461,0.9944,0.99454,136220000,8
1334269440000,1334269919000,0.99453,0.99458,0.99445,0.99451,259310000,8
1334269920000,1334270399000,0.99451,0.99464,0.99445,0.99458,242690000,8
1334270400000,1334270879000,0.99461,0.99478,0.99458,0.99471,197270000,8
1334270880000,1334271359000,0.99471,0.99485,0.99466,0.99485,228460000,8
1334271360000,1334271839000,0.99482,0.99486,0.99482,0.99485,133660000,8
1334271840000,1334272319000,0.99486,0.99487,0.99485,0.99486,76300000,8
1334272320000,1334272799000,0.99488,0.99491,0.99485,0.99486,216990000,8
1334272800000,1334273279000,0.99486,0.99496,0.99484,0.99486,306730000,8
1334273280000,1334273759000,0.99487,0.99499,0.99474,0.99476,200650000,8
1334273760000,1334274239000,0.99475,0.99477,0.99462,0.99464,127000000,8
1334274240000,1334274719000,0.99464,0.99502,0.99462,0.99487,470170000,8
1334274720000,1334275199000,0.99486,0.99487,0.99465,0.99467,507630000,8
1334275200000,1334275679000,0.99467,0.99478,0.99416,0.9946,914820000,8
1334275680000,1334276159000,0.9946,0.99462,0.99428,0.99439,523930000,8
1334276160000,1334276639000,0.99438,0.99457,0.99433,0.99433,359680000,8
1334276640000,1334277119000,0.99434,0.99466,0.99417,0.99445,402930000,8
1334277120000,1334277599000,0.99445,0.99467,0.99421,0.99458,474930000,8
1334277600000,1334278079000,0.99459,0.99465,0.99417,0.99425,437740000,8
1334278080000,1334278559000,0.99427,0.99466,0.99423,0.99438,560390000,8
1334278560000,1334279039000,0.99437,0.99447,0.99421,0.99441,375220000,8
1334279040000,1334279519000,0.99442,0.9945,0.99433,0.99443,345260000,8
1334279520000,1334279999000,0.99443,0.99452,0.99424,0.99427,415480000,8
1334280000000,1334280479000,0.99426,0.99432,0.99383,0.99416,789350000,8
1334280480000,1334280959000,0.99416,0.99425,0.99403,0.99407,395460000,8
1334280960000,1334281439000,0.99407,0.99439,0.99391,0.99427,424410000,8
1334281440000,1334281919000,0.99425,0.99437,0.99407,0.9942,472430000,8
1334281920000,1334282399000,0.99421,0.99495,0.99388,0.99495,822140000,8
1334282400000,1334282879000,0.99499,0.99615,0.99499,0.99562,1377790000,8
1334282880000,1334283359000,0.99562,0.99608,0.99554,0.99608,759770000,8
1334283360000,1334283839000,0.99608,0.9965,0.99593,0.99593,757000000,8
1334283840000,1334284319000,0.99592,0.99597,0.99555,0.99557,776330000,8
1334284320000,1334284799000,0.99558,0.99582,0.9955,0.99552,746460000,8
1334284800000,1334285279000,0.99552,0.9958,0.99535,0.99572,613480000,8
1334285280000,1334285759000,0.99572,0.9959,0.99563,0.99588,550640000,8
1334285760000,1334286239000,0.99587,0.99601,0.99555,0.99594,581880000,8
1334286240000,1334286719000,0.99595,0.99595,0.99556,0.99563,363960000,8
1334286720000,1334287199000,0.99561,0.99563,0.99546,0.99554,333070000,8
1334287200000,1334287679000,0.99552,0.99552,0.99528,0.99532,286870000,8
1334287680000,1334288159000,0.99531,0.99535,0.99512,0.9952,177000000,8
1334288160000,1334288639000,0.99518,0.99534,0.99511,0.9953,363740000,8
1334288640000,1334289119000,0.9953,0.99554,0.99511,0.99552,281010000,8
1334289120000,1334289599000,0.9955,0.99563,0.99531,0.99553,785390000,8
1334289600000,1334290079000,0.99553,0.99608,0.99549,0.99588,971410000,8
1334290080000,1334290559000,0.9959,0.99602,0.99586,0.99601,369720000,8
1334290560000,1334291039000,0.99601,0.99626,0.99599,0.9962,290620000,8
1334291040000,1334291519000,0.99622,0.99622,0.99605,0.99607,371070000,8
1334291520000,1334291999000,0.99608,0.99608,0.99563,0.9957,439310000,8
1334292000000,1334292479000,0.9957,0.99578,0.99555,0.9956,457360000,8
1334292480000,1334292959000,0.9956,0.9956,0.99546,0.99548,298990000,8
1334292960000,1334293439000,0.99548,0.9956,0.99544,0.99559,422220000,8
1334293440000,1334293919000,0.99558,0.99563,0.99537,0.99539,474380000,8
1334293920000,1334294399000,0.99541,0.99559,0.99532,0.99534,296480000,8
1334294400000,1334294879000,0.99535,0.99535,0.99512,0.99512,496670000,8
1334294880000,1334295359000,0.99515,0.99522,0.99497,0.99508,471350000,8
1334295360000,1334295839000,0.99508,0.99509,0.99484,0.99494,390580000,8
1334295840000,1334296319000,0.99495,0.99523,0.99489,0.99518,417570000,8
1334296320000,1334296799000,0.99516,0.99526,0.9951,0.99511,311680000,8
1334296800000,1334297279000,0.99514,0.99559,0.99511,0.99551,526400000,8
1334297280000,1334297759000,0.99551,0.99552,0.99507,0.99516,489340000,8
1334297760000,1334298239000,0.99515,0.99579,0.99499,0.99576,552640000,8
1334298240000,1334298719000,0.99577,0.99596,0.99561,0.99582,586580000,8
1334298720000,1334299199000,0.99582,0.99583,0.99532,0.99535,755650000,8
1334299200000,1334299679000,0.99534,0.99536,0.99492,0.99495,1015210000,8
1334299680000,1334300159000,0.99497,0.99558,0.99497,0.99546,721840000,8
1334300160000,1334300639000,0.99549,0.99605,0.99541,0.99573,866460000,8
1334300640000,1334301119000,0.99571,0.99573,0.99482,0.9949,1308300000,8
1334301120000,1334301599000,0.99488,0.99546,0.99488,0.99529,1176690000,8
1334301600000,1334302079000,0.9953,0.99565,0.99486,0.99547,1263850000,8
1334302080000,1334302559000,0.99546,0.99569,0.99522,0.99529,1299200000,8
1334302560000,1334303039000,0.99525,0.99549,0.99477,0.99498,1130270000,8
1334303040000,1334303519000,0.99499,0.99545,0.99493,0.99528,1248580000,8
1334303520000,1334303999000,0.99528,0.99546,0.99487,0.99511,1213950000,8
1334304000000,1334304479000,0.99511,0.99586,0.99511,0.99585,1533390000,8
1334304480000,1334304959000,0.99585,0.99598,0.99562,0.99585,1297690000,8
1334304960000,1334305439000,0.99584,0.99594,0.99551,0.99571,1258120000,8
1334305440000,1334305919000,0.99574,0.99666,0.99573,0.99645,1118950000,8
1334305920000,1334306399000,0.99646,0.99654,0.99621,0.99635,1352770000,8
1334306400000,1334306879000,0.99637,0.99637,0.99591,0.99611,1208430000,8
1334306880000,1334307359000,0.99612,0.99647,0.996,0.99624,1533600000,8
1334307360000,1334307839000,0.99623,0.99685,0.99614,0.99685,1404080000,8
1334307840000,1334308319000,0.99685,0.99717,0.99661,0.99677,1367350000,8
1334308320000,1334308799000,0.99674,0.99698,0.99644,0.9965,915910000,8
1334308800000,1334309279000,0.9965,0.99683,0.99623,0.99663,1020230000,8
1334309280000,1334309759000,0.99664,0.99675,0.99533,0.99548,1063070000,8
1334309760000,1334310239000,0.99547,0.99552,0.99492,0.99534,996760000,8
1334310240000,1334310719000,0.99534,0.99549,0.99472,0.99477,805490000,8
1334310720000,1334311199000,0.99477,0.99487,0.9945,0.99477,1090830000,8
1334311200000,1334311679000,0.99477,0.99504,0.99462,0.99494,996120000,8
1334311680000,1334312159000,0.99491,0.99494,0.99428,0.99437,873250000,8
1334312160000,1334312639000,0.99437,0.99449,0.99387,0.99405,1087730000,8
1334312640000,1334313119000,0.99405,0.99408,0.99367,0.99399,975180000,8
1334313120000,1334313599000,0.99398,0.99399,0.99373,0.99377,715630000,8
1334313600000,1334314079000,0.99377,0.99401,0.99374,0.994,563300000,8
1334314080000,1334314559000,0.994,0.99426,0.99388,0.99392,996140000,8
1334314560000,1334315039000,0.99393,0.99395,0.99266,0.99285,1327770000,8
1334315040000,1334315519000,0.99283,0.99326,0.99283,0.99326,858750000,8
1334315520000,1334315999000,0.99325,0.99376,0.99317,0.99332,1227660000,8
1334316000000,1334316479000,0.99332,0.99332,0.99267,0.99306,1504530000,8
1334316480000,1334316959000,0.99308,0.99334,0.9929,0.99309,1413150000,8
1334316960000,1334317439000,0.99307,0.99368,0.99295,0.99348,1011790000,8
1334317440000,1334317919000,0.99348,0.99404,0.99348,0.99388,1117100000,8
1334317920000,1334318399000,0.99387,0.99409,0.99363,0.99408,1311800000,8
1334318400000,1334318879000,0.99411,0.99422,0.99331,0.99406,1476400000,8
1334318880000,1334319359000,0.99406,0.99411,0.99376,0.99385,1291760000,8
1334319360000,1334319839000,0.99389,0.994,0.99332,0.99385,1363390000,8
1334319840000,1334320319000,0.99384,0.99438,0.99353,0.99438,1291350000,8
1334320320000,1334320799000,0.99436,0.99448,0.99412,0.99426,1340720000,8
1334320800000,1334321279000,0.99426,0.99445,0.99368,0.99406,1416310000,8
1334321280000,1334321759000,0.99406,0.99438,0.9938,0.99397,1357750000,8
1334321760000,1334322239000,0.99397,0.99409,0.99372,0.99375,1316760000,8
1334322240000,1334322719000,0.99377,0.99399,0.9936,0.99396,1141410000,8
1334322720000,1334323199000,0.99396,0.99435,0.99378,0.99416,1254040000,8
1334323200000,1334323679000,0.99416,0.99447,0.99416,0.99424,1169680000,8
1334323680000,1334324159000,0.99425,0.99482,0.99423,0.99467,1604710000,8
1334324160000,1334324639000,0.99464,0.9951,0.99464,0.99483,1885420000,8
1334324640000,1334325119000,0.99484,0.99553,0.99467,0.99542,1678740000,8
1334325120000,1334325599000,0.99542,0.99556,0.99493,0.99553,1444860000,8
1334325600000,1334326079000,0.99552,0.99658,0.99552,0.99602,2034200000,8
1334326080000,1334326559000,0.99603,0.99659,0.99577,0.99594,1787090000,8
1334326560000,1334327039000,0.99592,0.99693,0.99586,0.99685,1731030000,8
1334327040000,1334327519000,0.99686,0.99756,0.99681,0.99725,1961100000,8
1334327520000,1334327999000,0.99726,0.99792,0.99711,0.99721,1932820000,8
1334328000000,1334328479000,0.99722,0.99774,0.99719,0.99753,1781950000,8
1334328480000,1334328959000,0.99753,0.99783,0.99681,0.99685,1534750000,8
1334328960000,1334329439000,0.99685,0.99762,0.99669,0.99701,1638840000,8
1334329440000,1334329919000,0.997,0.99861,0.99695,0.99856,1651540000,8
1334329920000,1334330399000,0.99856,0.99871,0.99802,0.99832,1743830000,8
1334330400000,1334330879000,0.99832,0.99832,0.99769,0.99799,1667980000,8
1334330880000,1334331359000,0.99798,0.99804,0.99767,0.99771,1328030000,8
1334331360000,1334331839000,0.99771,0.99793,0.99751,0.99781,976940000,8
1334331840000,1334332319000,0.99782,0.99784,0.99752,0.99756,1051990000,8
1334332320000,1334332799000,0.99757,0.99791,0.9974,0.9978,1231170000,8
1334332800000,1334333279000,0.99782,0.99785,0.99747,0.99749,1018910000,8
1334333280000,1334333759000,0.9975,0.99785,0.99749,0.9978,903280000,8
1334333760000,1334334239000,0.9978,0.99801,0.9978,0.99792,975860000,8
1334334240000,1334334719000,0.9979,0.9981,0.99788,0.99792,1031510000,8
1334334720000,1334335199000,0.99795,0.99803,0.9978,0.99783,856210000,8
1334335200000,1334335679000,0.99784,0.99791,0.99755,0.99761,912130000,8
1334335680000,1334336159000,0.99762,0.9977,0.9973,0.99757,986010000,8
1334336160000,1334336639000,0.9976,0.99794,0.99739,0.99791,1047830000,8
1334336640000,1334337119000,0.99791,0.99803,0.99786,0.99797,800870000,8
1334337120000,1334337599000,0.99797,0.9982,0.99791,0.99819,776110000,8
1334337600000,1334338079000,0.9982,0.99831,0.99789,0.99825,909370000,8
1334338080000,1334338559000,0.99827,0.9985,0.99807,0.99822,722630000,8
1334338560000,1334339039000,0.99822,0.99824,0.99786,0.99816,815890000,8
1334339040000,1334339519000,0.99818,0.99823,0.998,0.99814,891110000,8
1334339520000,1334339999000,0.99817,0.99862,0.99814,0.99851,779750000,8
1334340000000,1334340479000,0.99851,0.99894,0.9985,0.99877,988700000,8
1334340480000,1334340959000,0.99879,0.99894,0.9985,0.99863,691820000,8
1334340960000,1334341439000,0.99863,0.99872,0.99821,0.99824,774540000,8
1334341440000,1334341919000,0.99822,0.99842,0.99801,0.9982,872420000,8
1334341920000,1334342399000,0.9982,0.99832,0.99808,0.99813,687750000,8
1334342400000,1334342879000,0.99814,0.99822,0.99801,0.99815,669560000,8
1334342880000,1334343359000,0.99815,0.99845,0.99806,0.99842,890130000,8
1334343360000,1334343839000,0.99842,0.99866,0.99817,0.99832,865770000,8
1334343840000,1334344319000,0.99831,0.99841,0.99801,0.99807,653920000,8
1334344320000,1334344799000,0.99807,0.99815,0.99787,0.99787,614790000,8
1334344800000,1334345279000,0.99787,0.99788,0.99764,0.99774,697240000,8
1334345280000,1334345759000,0.99774,0.99818,0.99771,0.99818,1004300000,8
1334345760000,1334346239000,0.99818,0.99829,0.99803,0.99816,801500000,8
1334346240000,1334346719000,0.99818,0.99864,0.99814,0.9985,597620000,8
1334346720000,1334347199000,0.99852,0.99866,0.99826,0.99832,1035870000,8
1334347200000,1334347679000,0.99827,0.9985,0.99827,0.99837,259320000,8
1334347680000,1334348159000,0.99837,0.99856,0.99821,0.99848,396090000,8
1334348160000,1334348639000,0.99848,0.99855,0.99782,0.99784,283130000,8
1334348640000,1334349119000,0.99786,0.99805,0.99767,0.99805,365250000,8
1334349120000,1334349599000,0.99803,0.99829,0.99795,0.99815,277290000,8
1334349600000,1334350079000,0.99816,0.99854,0.99816,0.9984,293530000,8
1334350080000,1334350559000,0.99839,0.99937,0.99833,0.99932,580100000,8
1334350560000,1334351039000,0.99932,0.99951,0.99916,0.99951,134930000,8
1334351040000,1334351519000,0.99951,0.99951,0.99951,0.99951,0,8
1334351520000,1334351999000,0.99951,0.99951,0.99951,0.99951,0,8
1334352000000,1334352479000,0.99951,0.99951,0.99951,0.99951,0,8
1334352480000,1334352959000,0.99951,0.99951,0.99951,0.99951,0,8
1334352960000,1334353439000,0.99951,0.99951,0.99951,0.99951,0,8
1334353440000,1334353919000,0.99951,0.99951,0.99951,0.99951,0,8
1334353920000,1334354399000,0.99951,0.99951,0.99951,0.99951,0,8
1334354400000,1334354879000,0.99951,0.99951,0.99951,0.99951,0,8
1334354880000,1334355359000,0.99951,0.99951,0.99951,0.99951,0,8
1334355360000,1334355839000,0.99951,0.99951,0.99951,0.99951,0,8
1334355840000,1334356319000,0.99951,0.99951,0.99951,0.99951,0,8
1334356320000,1334356799000,0.99951,0.99951,0.99951,0.99951,0,8
1334356800000,1334357279000,0.99951,0.99951,0.99951,0.99951,0,8
1334357280000,1334357759000,0.99951,0.99951,0.99951,0.99951,0,8
1334357760000,1334358239000,0.99951,0.99951,0.99951,0.99951,0,8
1334358240000,1334358719000,0.99951,0.99951,0.99951,0.99951,0,8
1334358720000,1334359199000,0.99951,0.99951,0.99951,0.99951,0,8
1334359200000,1334359679000,0.99951,0.99951,0.99951,0.99951,0,8
1334359680000,1334360159000,0.99951,0.99951,0.99951,0.99951,0,8
1334360160000,1334360639000,0.99951,0.99951,0.99951,0.99951,0,8
1334360640000,1334361119000,0.99951,0.99951,0.99951,0.99951,0,8
1334361120000,1334361599000,0.99951,0.99951,0.99951,0.99951,0,8
1334448000000,1334448479000,0.99923,0.99923,0.99923,0.99923,0,8
1334448480000,1334448959000,0.99923,0.99923,0.99923,0.99923,0,8
1334448960000,1334449439000,0.99923,0.99923,0.99923,0.99923,0,8
1334449440000,1334449919000,0.99923,0.99923,0.99923,0.99923,0,8
1334449920000,1334450399000,0.99923,0.99923,0.99923,0.99923,0,8
1334450400000,1334450879000,0.99923,0.99923,0.99923,0.99923,0,8
1334450880000,1334451359000,0.99923,0.99923,0.99923,0.99923,0,8
1334451360000,1334451839000,0.99923,0.99923,0.99923,0.99923,0,8
1334451840000,1334452319000,0.99923,0.99923,0.99923,0.99923,0,8
1334452320000,1334452799000,0.99923,0.99923,0.99923,0.99923,0,8
1334452800000,1334453279000,0.99923,0.99923,0.99923,0.99923,0,8
1334453280000,1334453759000,0.99923,0.99923,0.99923,0.99923,0,8
1334453760000,1334454239000,0.99923,0.99923,0.99923,0.99923,0,8
1334454240000,1334454719000,0.99923,0.99923,0.99923,0.99923,0,8
1334454720000,1334455199000,0.99923,0.99923,0.99923,0.99923,0,8
1334455200000,1334455679000,0.99923,0.99923,0.99923,0.99923,0,8
1334455680000,1334456159000,0.99923,0.99923,0.99923,0.99923,0,8
1334456160000,1334456639000,0.99923,0.99923,0.99923,0.99923,0,8
1334456640000,1334457119000,0.99923,0.99923,0.99923,0.99923,0,8
1334457120000,1334457599000,0.99923,0.99923,0.99923,0.99923,0,8
1334457600000,1334458079000,0.99923,0.99923,0.99923,0.99923,0,8
1334458080000,1334458559000,0.99923,0.99923,0.99923,0.99923,0,8
1334458560000,1334459039000,0.99923,0.99923,0.99923,0.99923,0,8
1334459040000,1334459519000,0.99923,0.99923,0.99923,0.99923,0,8
1334459520000,1334459999000,0.99923,0.99923,0.99923,0.99923,0,8
1334460000000,1334460479000,0.99923,0.99923,0.99923,0.99923,0,8
1334460480000,1334460959000,0.99923,0.99923,0.99923,0.99923,0,8
1334460960000,1334461439000,0.99923,0.99923,0.99923,0.99923,0,8
1334461440000,1334461919000,0.99923,0.99923,0.99923,0.99923,0,8
1334461920000,1334462399000,0.99923,0.99923,0.99923,0.99923,0,8
1334462400000,1334462879000,0.99923,0.99923,0.99923,0.99923,0,8
1334462880000,1334463359000,0.99923,0.99923,0.99923,0.99923,0,8
1334463360000,1334463839000,0.99923,0.99923,0.99923,0.99923,0,8
1334463840000,1334464319000,0.99923,0.99923,0.99923,0.99923,0,8
1334464320000,1334464799000,0.99923,0.99923,0.99923,0.99923,0,8
1334464800000,1334465279000,0.99923,0.99923,0.99923,0.99923,0,8
1334465280000,1334465759000,0.99923,0.99923,0.99923,0.99923,0,8
1334465760000,1334466239000,0.99923,0.99923,0.99923,0.99923,0,8
1334466240000,1334466719000,0.99923,0.99923,0.99923,0.99923,0,8
1334466720000,1334467199000,0.99923,0.99923,0.99923,0.99923,0,8
1334467200000,1334467679000,0.99923,0.99923,0.99923,0.99923,0,8
1334467680000,1334468159000,0.99923,0.99923,0.99923,0.99923,0,8
1334468160000,1334468639000,0.99923,0.99923,0.99923,0.99923,0,8
1334468640000,1334469119000,0.99923,0.99923,0.99923,0.99923,0,8
1334469120000,1334469599000,0.99923,0.99923,0.99923,0.99923,0,8
1334469600000,1334470079000,0.99923,0.99923,0.99923,0.99923,0,8
1334470080000,1334470559000,0.99923,0.99923,0.99923,0.99923,0,8
1334470560000,1334471039000,0.99923,0.99923,0.99923,0.99923,0,8
1334471040000,1334471519000,0.99923,0.99923,0.99923,0.99923,0,8
1334471520000,1334471999000,0.99923,0.99923,0.99923,0.99923,0,8
1334472000000,1334472479000,0.99923,0.99923,0.99923,0.99923,0,8
1334472480000,1334472959000,0.99923,0.99923,0.99923,0.99923,0,8
1334472960000,1334473439000,0.99923,0.99923,0.99923,0.99923,0,8
1334473440000,1334473919000,0.99923,0.99923,0.99923,0.99923,0,8
1334473920000,1334474399000,0.99923,0.99923,0.99923,0.99923,0,8
1334474400000,1334474879000,0.99923,0.99923,0.99923,0.99923,0,8
1334474880000,1334475359000,0.99923,0.99923,0.99923,0.99923,0,8
1334475360000,1334475839000,0.99923,0.99923,0.99923,0.99923,0,8
1334475840000,1334476319000,0.99923,0.99923,0.99923,0.99923,0,8
1334476320000,1334476799000,0.99923,0.99923,0.99923,0.99923,0,8
1334476800000,1334477279000,0.99923,0.99923,0.99923,0.99923,0,8
1334477280000,1334477759000,0.99923,0.99923,0.99923,0.99923,0,8
1334477760000,1334478239000,0.99923,0.99923,0.99923,0.99923,0,8
1334478240000,1334478719000,0.99923,0.99923,0.99923,0.99923,0,8
1334478720000,1334479199000,0.99923,0.99923,0.99923,0.99923,0,8
1334479200000,1334479679000,0.99923,0.99923,0.99923,0.99923,0,8
1334479680000,1334480159000,0.99923,0.99923,0.99923,0.99923,0,8
1334480160000,1334480639000,0.99923,0.99923,0.99923,0.99923,0,8
1334480640000,1334481119000,0.99923,0.99923,0.99923,0.99923,0,8
1334481120000,1334481599000,0.99923,0.99923,0.99923,0.99923,0,8
1334481600000,1334482079000,0.99923,0.99923,0.99923,0.99923,0,8
1334482080000,1334482559000,0.99923,0.99923,0.99923,0.99923,0,8
1334482560000,1334483039000,0.99923,0.99923,0.99923,0.99923,0,8
1334483040000,1334483519000,0.99923,0.99923,0.99923,0.99923,0,8
1334483520000,1334483999000,0.99923,0.99923,0.99923,0.99923,0,8
1334484000000,1334484479000,0.99923,0.99923,0.99923,0.99923,0,8
1334484480000,1334484959000,0.99923,0.99923,0.99923,0.99923,0,8
1334484960000,1334485439000,0.99923,0.99923,0.99923,0.99923,0,8
1334485440000,1334485919000,0.99923,0.99923,0.99923,0.99923,0,8
1334485920000,1334486399000,0.99923,0.99923,0.99923,0.99923,0,8
1334486400000,1334486879000,0.99923,0.99923,0.99923,0.99923,0,8
1334486880000,1334487359000,0.99923,0.99923,0.99923,0.99923,0,8
1334487360000,1334487839000,0.99923,0.99923,0.99923,0.99923,0,8
1334487840000,1334488319000,0.99923,0.99923,0.99923,0.99923,0,8
1334488320000,1334488799000,0.99923,0.99923,0.99923,0.99923,0,8
1334488800000,1334489279000,0.99923,0.99923,0.99923,0.99923,0,8
1334489280000,1334489759000,0.99923,0.99923,0.99923,0.99923,0,8
1334489760000,1334490239000,0.99923,0.99923,0.99923,0.99923,0,8
1334490240000,1334490719000,0.99923,0.99923,0.99923,0.99923,0,8
1334490720000,1334491199000,0.99923,0.99923,0.99923,0.99923,0,8
1334491200000,1334491679000,0.99923,0.99923,0.99923,0.99923,0,8
1334491680000,1334492159000,0.99923,0.99923,0.99923,0.99923,0,8
1334492160000,1334492639000,0.99923,0.99923,0.99923,0.99923,0,8
1334492640000,1334493119000,0.99923,0.99923,0.99923,0.99923,0,8
1334493120000,1334493599000,0.99923,0.99923,0.99923,0.99923,0,8
1334493600000,1334494079000,0.99923,0.99923,0.99923,0.99923,0,8
1334494080000,1334494559000,0.99923,0.99923,0.99923,0.99923,0,8
1334494560000,1334495039000,0.99923,0.99923,0.99923,0.99923,0,8
1334495040000,1334495519000,0.99923,0.99923,0.99923,0.99923,0,8
1334495520000,1334495999000,0.99923,0.99923,0.99923,0.99923,0,8
1334496000000,1334496479000,0.99923,0.99923,0.99923,0.99923,0,8
1334496480000,1334496959000,0.99923,0.99923,0.99923,0.99923,0,8
1334496960000,1334497439000,0.99923,0.99923,0.99923,0.99923,0,8
1334497440000,1334497919000,0.99923,0.99923,0.99923,0.99923,0,8
1334497920000,1334498399000,0.99923,0.99923,0.99923,0.99923,0,8
1334498400000,1334498879000,0.99923,0.99923,0.99923,0.99923,0,8
1334498880000,1334499359000,0.99923,0.99923,0.99923,0.99923,0,8
1334499360000,1334499839000,0.99923,0.99923,0.99923,0.99923,0,8
1334499840000,1334500319000,0.99923,0.99923,0.99923,0.99923,0,8
1334500320000,1334500799000,0.99923,0.99923,0.99923,0.99923,0,8
1334500800000,1334501279000,0.99923,0.99923,0.99923,0.99923,0,8
1334501280000,1334501759000,0.99923,0.99923,0.99923,0.99923,0,8
1334501760000,1334502239000,0.99923,0.99923,0.99923,0.99923,0,8
1334502240000,1334502719000,0.99923,0.99923,0.99923,0.99923,0,8
1334502720000,1334503199000,0.99923,0.99923,0.99923,0.99923,0,8
1334503200000,1334503679000,0.99923,0.99923,0.99923,0.99923,0,8
1334503680000,1334504159000,0.99923,0.99923,0.99923,0.99923,0,8
1334504160000,1334504639000,0.99923,0.99923,0.99923,0.99923,0,8
1334504640000,1334505119000,0.99923,0.99923,0.99923,0.99923,0,8
1334505120000,1334505599000,0.99923,0.99923,0.99923,0.99923,0,8
1334505600000,1334506079000,0.99923,0.99923,0.99923,0.99923,0,8
1334506080000,1334506559000,0.99923,0.99923,0.99923,0.99923,0,8
1334506560000,1334507039000,0.99923,0.99923,0.99923,0.99923,0,8
1334507040000,1334507519000,0.99923,0.99923,0.99923,0.99923,0,8
1334507520000,1334507999000,0.99923,0.99923,0.99923,0.99923,0,8
1334508000000,1334508479000,0.99923,0.99923,0.99923,0.99923,0,8
1334508480000,1334508959000,0.99923,0.99923,0.99923,0.99923,0,8
1334508960000,1334509439000,0.99923,0.99923,0.99923,0.99923,0,8
1334509440000,1334509919000,0.99923,0.99923,0.99923,0.99923,0,8
1334509920000,1334510399000,0.99923,0.99923,0.99923,0.99923,0,8
1334510400000,1334510879000,0.99923,0.99923,0.99923,0.99923,0,8
1334510880000,1334511359000,0.99923,0.99923,0.99923,0.99923,0,8
1334511360000,1334511839000,0.99923,0.99923,0.99923,0.99923,0,8
1334511840000,1334512319000,0.99923,0.99923,0.99923,0.99923,0,8
1334512320000,1334512799000,0.99923,0.99923,0.99923,0.99923,0,8
1334512800000,1334513279000,0.99923,0.99923,0.99923,0.99923,0,8
1334513280000,1334513759000,0.99923,0.99923,0.99923,0.99923,0,8
1334513760000,1334514239000,0.99923,0.99923,0.99923,0.99923,0,8
1334514240000,1334514719000,0.99923,0.99923,0.99923,0.99923,0,8
1334514720000,1334515199000,0.99923,0.99923,0.99923,0.99923,0,8
1334515200000,1334515679000,0.99923,0.99923,0.99923,0.99923,0,8
1334515680000,1334516159000,0.99923,0.99923,0.99923,0.99923,0,8
1334516160000,1334516639000,0.99923,0.99923,0.99923,0.99923,0,8
1334516640000,1334517119000,0.99923,0.99923,0.99923,0.99923,0,8
1334517120000,1334517599000,0.99923,0.99923,0.99923,0.99923,0,8
1334517600000,1334518079000,0.99923,0.99923,0.99923,0.99923,0,8
1334518080000,1334518559000,0.99923,0.99923,0.99923,0.99923,0,8
1334518560000,1334519039000,0.99923,0.99923,0.99923,0.99923,0,8
1334519040000,1334519519000,0.99923,0.99923,0.99923,0.99923,0,8
1334519520000,1334519999000,0.99923,0.99923,0.99923,0.99923,0,8
1334520000000,1334520479000,0.99923,0.99923,0.99923,0.99923,0,8
1334520480000,1334520959000,0.99923,0.99923,0.99923,0.99923,0,8
1334520960000,1334521439000,0.99923,0.99923,0.99923,0.99923,0,8
1334521440000,1334521919000,0.99923,0.99923,0.99923,0.99923,0,8
1334521920000,1334522399000,0.99923,0.99923,0.99923,0.99923,0,8
1334522400000,1334522879000,0.99923,0.99923,0.99923,0.99923,0,8
1334522880000,1334523359000,0.99923,0.99923,0.99923,0.99923,0,8
1334523360000,1334523839000,0.99923,0.99923,0.99855,0.99874,101680000,8
1334523840000,1334524319000,0.99863,0.99922,0.99817,0.99839,156680000,8
1334524320000,1334524799000,0.99823,0.99845,0.99814,0.99839,116020000,8
1334524800000,1334525279000,0.99828,0.99828,0.99823,0.99824,15420000,8
1334525280000,1334525759000,0.99824,0.99839,0.99806,0.99806,69400000,8
1334525760000,1334526239000,0.99824,0.99912,0.99823,0.99863,136920000,8
1334526240000,1334526719000,0.99864,0.99909,0.99862,0.99889,96000000,8
1334526720000,1334527199000,0.99909,0.99921,0.99886,0.99901,95490000,8
1334527200000,1334527679000,0.99924,0.99944,0.99915,0.99944,44550000,8
1334527680000,1334528159000,0.99944,0.99962,0.99944,0.99958,131860000,8
1334528160000,1334528639000,0.99958,0.99965,0.99946,0.99949,278390000,8
1334528640000,1334529119000,0.99947,0.99952,0.99921,0.99923,458400000,8
1334529120000,1334529599000,0.99921,0.99923,0.99897,0.99917,257030000,8
1334529600000,1334530079000,0.99918,0.99918,0.99905,0.99907,169200000,8
1334530080000,1334530559000,0.99908,0.99938,0.99903,0.99934,211220000,8
1334530560000,1334531039000,0.99933,0.99935,0.99928,0.99928,151650000,8
1334531040000,1334531519000,0.99928,0.99932,0.99912,0.99924,134760000,8
1334531520000,1334531999000,0.99916,0.9993,0.99891,0.99892,241080000,8
1334532000000,1334532479000,0.99892,0.99905,0.99879,0.99903,371190000,8
1334532480000,1334532959000,0.99899,0.99905,0.99882,0.99882,383620000,8
1334532960000,1334533439000,0.99883,0.99892,0.99872,0.99881,409040000,8
1334533440000,1334533919000,0.99881,0.9989,0.99847,0.99849,552870000,8
1334533920000,1334534399000,0.99849,0.99921,0.99842,0.99913,754890000,8
1334534400000,1334534879000,0.99914,0.99926,0.99876,0.99881,837470000,8
1334534880000,1334535359000,0.99883,0.99905,0.99868,0.99903,651880000,8
1334535360000,1334535839000,0.99903,0.99922,0.99887,0.99896,582280000,8
1334535840000,1334536319000,0.99897,0.99927,0.99865,0.99919,514690000,8
1334536320000,1334536799000,0.99919,0.99981,0.99919,0.99969,1028000000,8
1334536800000,1334537279000,0.99968,0.99993,0.99948,0.99982,881060000,8
1334537280000,1334537759000,0.99982,0.99995,0.99952,0.99972,889240000,8
1334537760000,1334538239000,0.99972,1.00008,0.99963,0.99983,1086540000,8
1334538240000,1334538719000,0.99983,0.99994,0.99965,0.99974,683340000,8
1334538720000,1334539199000,0.99972,0.99984,0.99961,0.99966,483950000,8
1334539200000,1334539679000,0.99967,0.99984,0.9996,0.99983,494130000,8
1334539680000,1334540159000,0.99982,0.99986,0.99936,0.99957,668660000,8
1334540160000,1334540639000,0.99958,0.99989,0.99935,0.99946,780290000,8
1334540640000,1334541119000,0.99946,0.99951,0.99934,0.99938,464330000,8
1334541120000,1334541599000,0.99941,0.99956,0.99928,0.99949,658830000,8
1334541600000,1334542079000,0.99948,0.99986,0.99931,0.99986,491720000,8
1334542080000,1334542559000,0.99987,0.99989,0.99954,0.99963,434050000,8
1334542560000,1334543039000,0.99963,0.99966,0.99939,0.99948,482050000,8
1334543040000,1334543519000,0.99948,0.99969,0.99946,0.99969,380130000,8
1334543520000,1334543999000,0.99968,0.99979,0.99938,0.99938,383710000,8
1334544000000,1334544479000,0.99938,0.99953,0.99935,0.99949,288240000,8
1334544480000,1334544959000,0.99947,0.99969,0.99945,0.99947,448170000,8
1334544960000,1334545439000,0.99945,0.99957,0.99923,0.99925,459470000,8
1334545440000,1334545919000,0.99925,0.99937,0.99924,0.99931,365630000,8
1334545920000,1334546399000,0.99933,0.99936,0.99919,0.9992,320320000,8
1334546400000,1334546879000,0.9992,0.99925,0.99918,0.99924,281500000,8
1334546880000,1334547359000,0.99923,0.99959,0.99923,0.99957,414150000,8
1334547360000,1334547839000,0.99958,0.99978,0.99951,0.99959,409470000,8
1334547840000,1334548319000,0.9996,0.99975,0.99951,0.99973,306030000,8
1334548320000,1334548799000,0.99972,0.99987,0.9997,0.99982,392580000,8
1334548800000,1334549279000,0.99982,0.99996,0.99972,0.99993,449970000,8
1334549280000,1334549759000,0.99995,1.00007,0.99985,0.99985,355300000,8
1334549760000,1334550239000,0.99985,0.99996,0.99972,0.99974,581970000,8
1334550240000,1334550719000,0.99974,0.99985,0.99952,0.99982,433630000,8
1334550720000,1334551199000,0.99982,0.99982,0.99963,0.99972,547620000,8
1334551200000,1334551679000,0.99973,1.00005,0.99971,1.00004,464920000,8
1334551680000,1334552159000,1.00006,1.00011,0.99997,1.00009,366280000,8
1334552160000,1334552639000,1.00009,1.00024,0.99992,1.00006,733900000,8
1334552640000,1334553119000,1.00006,1.00011,0.99989,0.99997,259400000,8
1334553120000,1334553599000,0.99996,1.00011,0.9999,0.99997,659810000,8
1334553600000,1334554079000,0.99997,1.00016,0.99986,0.99986,632330000,8
1334554080000,1334554559000,0.99988,1.00003,0.99981,0.99994,624290000,8
1334554560000,1334555039000,0.99992,1.00015,0.99984,1.00012,515680000,8
1334555040000,1334555519000,1.00013,1.00022,0.9999,0.99997,370970000,8
1334555520000,1334555999000,0.99997,0.99997,0.99955,0.99955,736680000,8
1334556000000,1334556479000,0.99956,1.00006,0.99956,1.00001,695920000,8
1334556480000,1334556959000,1.00003,1.00004,0.99983,0.99998,646580000,8
1334556960000,1334557439000,1.0,1.00022,0.99997,1.00019,335100000,8
1334557440000,1334557919000,1.00019,1.00029,1.00005,1.00026,309570000,8
1334557920000,1334558399000,1.00029,1.00092,1.00023,1.00092,434060000,8
1334558400000,1334558879000,1.00093,1.00093,1.00058,1.00075,469500000,8
1334558880000,1334559359000,1.00075,1.00076,1.00033,1.00048,446240000,8
1334559360000,1334559839000,1.00046,1.00092,1.00043,1.00088,929620000,8
1334559840000,1334560319000,1.00086,1.001,1.00075,1.00078,930860000,8
1334560320000,1334560799000,1.00078,1.00088,0.99992,1.00006,1283230000,8
1334560800000,1334561279000,1.00006,1.00029,0.99966,1.00017,1350590000,8
1334561280000,1334561759000,1.00015,1.00021,0.99948,0.99959,1383320000,8
1334561760000,1334562239000,0.99959,1.00049,0.99959,1.00049,1136730000,8
1334562240000,1334562719000,1.00048,1.00089,1.00042,1.00048,1244360000,8
1334562720000,1334563199000,1.00048,1.00077,1.00012,1.00069,1110960000,8
1334563200000,1334563679000,1.0007,1.00089,1.00027,1.00067,1084620000,8
1334563680000,1334564159000,1.00065,1.00107,1.00054,1.00092,996480000,8
1334564160000,1334564639000,1.00093,1.00109,1.00075,1.00079,979540000,8
1334564640000,1334565119000,1.00079,1.00106,1.00066,1.00076,935800000,8
1334565120000,1334565599000,1.00076,1.00079,0.99993,1.0003,1092110000,8
1334565600000,1334566079000,1.00028,1.00039,1.0,1.00025,934070000,8
1334566080000,1334566559000,1.00024,1.00037,0.9998,0.99982,957480000,8
1334566560000,1334567039000,0.99984,0.99996,0.99952,0.99985,1059210000,8
1334567040000,1334567519000,0.99983,0.99999,0.9997,0.99982,1129090000,8
1334567520000,1334567999000,0.99984,1.00015,0.9997,1.00015,1005190000,8
1334568000000,1334568479000,1.00012,1.00016,0.99944,0.99951,1076490000,8
1334568480000,1334568959000,0.99951,0.99987,0.99932,0.9997,1120500000,8
1334568960000,1334569439000,0.99972,0.99972,0.99903,0.99925,1494910000,8
1334569440000,1334569919000,0.99928,0.99938,0.99891,0.99894,1095830000,8
1334569920000,1334570399000,0.99894,0.99917,0.99834,0.99845,1036820000,8
1334570400000,1334570879000,0.99843,0.99864,0.99827,0.99831,1005410000,8
1334570880000,1334571359000,0.99831,0.99859,0.99811,0.99826,959630000,8
1334571360000,1334571839000,0.99828,0.99848,0.99794,0.99798,793100000,8
1334571840000,1334572319000,0.99804,0.99858,0.99803,0.99854,1019400000,8
1334572320000,1334572799000,0.99854,0.99878,0.9985,0.99875,768050000,8
1334572800000,1334573279000,0.99873,0.99898,0.99861,0.99872,1064650000,8
1334573280000,1334573759000,0.99873,0.99879,0.99856,0.99873,1082810000,8
1334573760000,1334574239000,0.99875,0.99898,0.9987,0.99884,989840000,8
1334574240000,1334574719000,0.99882,0.99894,0.99871,0.99887,772500000,8
1334574720000,1334575199000,0.99886,0.99896,0.99875,0.99883,662300000,8
1334575200000,1334575679000,0.99883,0.99898,0.99866,0.99874,1058700000,8
1334575680000,1334576159000,0.99874,0.99902,0.99867,0.99867,1083880000,8
1334576160000,1334576639000,0.99867,0.99905,0.99861,0.99882,1145450000,8
1334576640000,1334577119000,0.99882,0.99947,0.99861,0.99914,994740000,8
1334577120000,1334577599000,0.99914,0.99989,0.99901,0.99987,1396560000,8
1334577600000,1334578079000,0.99987,1.00047,0.99975,1.00025,1390330000,8
1334578080000,1334578559000,1.00025,1.00044,0.99987,1.00036,1339990000,8
1334578560000,1334579039000,1.00034,1.00068,1.00007,1.00068,1070790000,8
1334579040000,1334579519000,1.00066,1.00075,0.99995,1.00024,1418400000,8
1334579520000,1334579999000,1.00022,1.00022,0.99842,0.99864,1987520000,8
1334580000000,1334580479000,0.99867,0.99898,0.998,0.99825,1609340000,8
1334580480000,1334580959000,0.99823,0.99839,0.99808,0.99824,1228820000,8
1334580960000,1334581439000,0.99823,0.99833,0.99775,0.99785,1442290000,8
1334581440000,1334581919000,0.99786,0.99795,0.99735,0.99774,1366530000,8
1334581920000,1334582399000,0.99775,0.99828,0.99772,0.99815,1295790000,8
1334582400000,1334582879000,0.99817,0.99848,0.99799,0.99837,1222260000,8
1334582880000,1334583359000,0.99838,0.99858,0.9977,0.99835,1809110000,8
1334583360000,1334583839000,0.99837,0.99949,0.99813,0.99925,2058050000,8
1334583840000,1334584319000,0.99925,0.99999,0.99917,0.99988,1812700000,8
1334584320000,1334584799000,0.99983,1.00007,0.99936,0.99974,1852540000,8
1334584800000,1334585279000,0.99974,1.00037,0.99945,1.00001,2309870000,8
1334585280000,1334585759000,1.00001,1.00134,0.99982,1.00094,2189870000,8
1334585760000,1334586239000,1.00097,1.00141,1.00073,1.00083,1995650000,8
1334586240000,1334586719000,1.00083,1.00192,1.00064,1.00136,1903430000,8
1334586720000,1334587199000,1.00136,1.00242,1.00114,1.00219,1407600000,8
1334587200000,1334587679000,1.00219,1.00219,1.00095,1.00101,1541100000,8
1334587680000,1334588159000,1.00101,1.00135,1.00084,1.00085,1383760000,8
1334588160000,1334588639000,1.00085,1.00164,1.00044,1.00118,1544510000,8
1334588640000,1334589119000,1.0012,1.00174,1.00108,1.00115,1707060000,8
1334589120000,1334589599000,1.00115,1.00138,1.00099,1.00125,1414410000,8
1334589600000,1334590079000,1.00125,1.00158,1.00104,1.00142,1462500000,8
1334590080000,1334590559000,1.00141,1.00256,1.00141,1.00245,1636730000,8
1334590560000,1334591039000,1.00247,1.00252,1.00175,1.00211,1116960000,8
1334591040000,1334591519000,1.00213,1.00244,1.00173,1.00196,1248990000,8
1334591520000,1334591999000,1.00197,1.00248,1.00184,1.00246,1112240000,8
1334592000000,1334592479000,1.00246,1.0025,1.00165,1.00183,1212270000,8
1334592480000,1334592959000,1.00183,1.00236,1.00183,1.00223,854460000,8
1334592960000,1334593439000,1.00225,1.00323,1.00223,1.00311,1286790000,8
1334593440000,1334593919000,1.00311,1.00317,1.00264,1.00275,868290000,8
1334593920000,1334594399000,1.00275,1.00297,1.00263,1.00272,634160000,8
1334594400000,1334594879000,1.00272,1.00276,1.00242,1.00263,573370000,8
1334594880000,1334595359000,1.00262,1.0027,1.00251,1.00267,815700000,8
1334595360000,1334595839000,1.00269,1.0027,1.0015,1.00188,1040330000,8
1334595840000,1334596319000,1.00188,1.00192,1.00157,1.00174,629810000,8
1334596320000,1334596799000,1.00174,1.00179,1.00133,1.00143,765770000,8
1334596800000,1334597279000,1.00143,1.00146,1.00114,1.00132,658490000,8
1334597280000,1334597759000,1.00132,1.00154,1.00026,1.00042,905780000,8
1334597760000,1334598239000,1.00043,1.00052,1.00013,1.00013,928150000,8
1334598240000,1334598719000,1.00016,1.00036,0.99969,1.00013,1356310000,8
1334598720000,1334599199000,1.00013,1.00042,0.99982,0.99984,1201510000,8
1334599200000,1334599679000,0.99986,0.99996,0.99937,0.99963,1238170000,8
1334599680000,1334600159000,0.99966,1.00028,0.99963,1.00014,840100000,8
1334600160000,1334600639000,1.00014,1.00025,0.9998,0.99995,777280000,8
1334600640000,1334601119000,0.99994,1.00047,0.9999,1.00025,989370000,8
1334601120000,1334601599000,1.00025,1.00025,0.99976,0.99988,940570000,8
1334601600000,1334602079000,0.99988,0.99989,0.99956,0.99977,954330000,8
1334602080000,1334602559000,0.99977,0.99988,0.99923,0.99944,900110000,8
1334602560000,1334603039000,0.99943,0.99969,0.99932,0.99964,942580000,8
1334603040000,1334603519000,0.99966,0.99981,0.99933,0.99944,1013990000,8
1334603520000,1334603999000,0.99945,0.99947,0.99922,0.99929,859930000,8
1334604000000,1334604479000,0.99929,0.99973,0.9992,0.99973,1196880000,8
1334604480000,1334604959000,0.99972,0.99972,0.99946,0.99957,651720000,8
1334604960000,1334605439000,0.99957,0.99957,0.99926,0.99932,898600000,8
1334605440000,1334605919000,0.99933,0.9997,0.99923,0.99961,1166070000,8
1334605920000,1334606399000,0.99961,0.99973,0.99925,0.99968,705070000,8
1334606400000,1334606879000,0.99969,0.99985,0.99945,0.99952,763410000,8
1334606880000,1334607359000,0.99952,0.99996,0.99952,0.99957,774330000,8
1334607360000,1334607839000,0.99957,0.99987,0.99953,0.99981,502890000,8
1334607840000,1334608319000,0.99982,0.99998,0.99972,0.99984,508470000,8
1334608320000,1334608799000,0.99984,0.99989,0.99963,0.9997,361600000,8
1334608800000,1334609279000,0.99972,0.99978,0.99935,0.99953,378450000,8
1334609280000,1334609759000,0.99955,0.99957,0.99925,0.99937,245590000,8
1334609760000,1334610239000,0.99937,0.99967,0.99894,0.99963,249220000,8
1334610240000,1334610719000,0.99968,0.99978,0.99949,0.99949,173590000,8
1334610720000,1334611199000,0.99949,0.99979,0.99949,0.99956,86550000,8
1334611200000,1334611679000,0.99949,0.99988,0.9994,0.99968,139110000,8
1334611680000,1334612159000,0.99969,0.99992,0.99969,0.99981,99040000,8
1334612160000,1334612639000,0.99981,0.99981,0.99951,0.99964,100430000,8
1334612640000,1334613119000,0.99965,0.99968,0.99956,0.99966,51360000,8
1334613120000,1334613599000,0.99966,0.99975,0.99966,0.99975,30890000,8
1334613600000,1334614079000,0.99975,0.99986,0.99975,0.9998,114650000,8
1334614080000,1334614559000,0.9998,0.99992,0.99958,0.99966,99080000,8
1334614560000,1334615039000,0.99985,0.9999,0.99985,0.9999,33650000,8
1334615040000,1334615519000,0.9999,0.99991,0.99963,0.9997,117600000,8
1334615520000,1334615999000,0.9997,0.99977,0.99964,0.9997,373260000,8
1334616000000,1334616479000,0.9997,0.99981,0.99961,0.99961,384340000,8
1334616480000,1334616959000,0.99961,0.99966,0.99925,0.99935,308570000,8
1334616960000,1334617439000,0.99935,0.99954,0.99922,0.99936,210440000,8
1334617440000,1334617919000,0.99936,0.99972,0.9993,0.99972,119850000,8
1334617920000,1334618399000,0.99972,0.99984,0.99965,0.9998,187510000,8
1334618400000,1334618879000,0.99981,0.99984,0.99954,0.99954,192910000,8
1334618880000,1334619359000,0.99951,0.99972,0.99951,0.99969,274510000,8
1334619360000,1334619839000,0.99967,1.00005,0.99967,0.99999,361060000,8
1334619840000,1334620319000,0.99999,1.00004,0.99983,0.99984,189190000,8
1334620320000,1334620799000,0.99986,0.99996,0.99979,0.99981,186610000,8
1334620800000,1334621279000,0.99981,0.99981,0.99949,0.99969,530730000,8
1334621280000,1334621759000,0.99969,1.00013,0.99962,1.00009,438180000,8
1334621760000,1334622239000,1.00009,1.0002,1.00007,1.00014,304950000,8
1334622240000,1334622719000,1.00014,1.00016,0.99986,0.99991,264770000,8
1334622720000,1334623199000,0.99991,0.99998,0.9997,0.99985,243140000,8
1334623200000,1334623679000,0.99983,1.00013,0.99981,1.00005,257080000,8
1334623680000,1334624159000,1.00003,1.00013,0.99981,0.99983,348330000,8
1334624160000,1334624639000,0.99981,1.00011,0.99973,1.00009,488690000,8
1334624640000,1334625119000,1.00011,1.00021,1.00007,1.00019,195560000,8
1334625120000,1334625599000,1.00019,1.00023,0.99981,0.99989,489960000,8
1334625600000,1334626079000,0.99987,1.0002,0.99981,1.00016,448330000,8
1334626080000,1334626559000,1.00016,1.00041,1.00008,1.00012,598480000,8
1334626560000,1334627039000,1.00013,1.00027,0.99983,0.99994,631540000,8
1334627040000,1334627519000,0.99994,0.99994,0.99981,0.99988,401180000,8
1334627520000,1334627999000,0.99986,1.00023,0.99986,1.0002,313320000,8
1334628000000,1334628479000,1.00022,1.00049,1.00007,1.00035,441990000,8
1334628480000,1334628959000,1.00039,1.00048,1.00026,1.00031,517530000,8
1334628960000,1334629439000,1.00032,1.0004,1.00018,1.00037,395570000,8
1334629440000,1334629919000,1.00037,1.00047,1.0002,1.0002,537450000,8
1334629920000,1334630399000,1.0002,1.00038,1.00006,1.00013,401560000,8
1334630400000,1334630879000,1.00013,1.00013,0.99985,0.99988,436410000,8
1334630880000,1334631359000,0.99991,1.00001,0.99985,1.00001,444370000,8
1334631360000,1334631839000,1.00001,1.00001,0.99978,0.99992,370770000,8
1334631840000,1334632319000,0.99993,1.0001,0.9999,1.00003,313360000,8
1334632320000,1334632799000,1.00003,1.00028,0.99999,1.00025,310180000,8
1334632800000,1334633279000,1.00027,1.00045,1.00004,1.0004,488600000,8
1334633280000,1334633759000,1.0004,1.00041,1.00008,1.00014,453870000,8
1334633760000,1334634239000,1.00014,1.00014,0.99993,0.99996,348520000,8
1334634240000,1334634719000,0.99995,0.99999,0.99983,0.99995,343200000,8
1334634720000,1334635199000,0.99995,0.99996,0.99977,0.99983,341840000,8
1334635200000,1334635679000,0.99982,0.9999,0.99962,0.99965,372680000,8
1334635680000,1334636159000,0.99967,0.99967,0.9995,0.99956,186650000,8
1334636160000,1334636639000,0.99955,0.99968,0.99937,0.99947,504110000,8
1334636640000,1334637119000,0.99947,0.99957,0.99935,0.99939,417030000,8
1334637120000,1334637599000,0.99939,0.99952,0.99936,0.99952,457620000,8
1334637600000,1334638079000,0.99952,0.99974,0.9995,0.99973,449600000,8
1334638080000,1334638559000,0.99973,0.9998,0.99957,0.99968,396610000,8
1334638560000,1334639039000,0.99969,0.99993,0.99951,0.99991,540470000,8
1334639040000,1334639519000,0.99988,1.00038,0.99988,1.00021,634570000,8
1334639520000,1334639999000,1.00024,1.00048,1.00017,1.00039,773640000,8
1334640000000,1334640479000,1.00039,1.00047,1.00022,1.00025,519680000,8
1334640480000,1334640959000,1.00025,1.00034,1.0002,1.00027,293000000,8
1334640960000,1334641439000,1.00027,1.00041,1.00013,1.00036,275680000,8
1334641440000,1334641919000,1.00034,1.00038,1.00007,1.00024,482650000,8
1334641920000,1334642399000,1.00026,1.00028,0.99999,1.00001,659600000,8
1334642400000,1334642879000,1.00001,1.00019,0.99995,1.00014,670920000,8
1334642880000,1334643359000,1.00014,1.00019,1.00003,1.00011,457150000,8
1334643360000,1334643839000,1.00013,1.00038,1.00011,1.00038,402280000,8
1334643840000,1334644319000,1.00038,1.00109,1.00029,1.0009,699400000,8
1334644320000,1334644799000,1.00088,1.00111,1.00077,1.00089,590600000,8
1334644800000,1334645279000,1.00091,1.00107,1.00071,1.00074,553410000,8
1334645280000,1334645759000,1.00076,1.00091,1.00035,1.00051,811760000,8
1334645760000,1334646239000,1.00051,1.00084,1.00049,1.0006,708080000,8
1334646240000,1334646719000,1.0006,1.0006,0.99975,0.99996,1216280000,8
1334646720000,1334647199000,0.99996,1.00006,0.9992,0.99926,1404280000,8
1334647200000,1334647679000,0.99926,0.99937,0.99882,0.99915,1406930000,8
1334647680000,1334648159000,0.99913,0.99959,0.99896,0.99934,1515360000,8
1334648160000,1334648639000,0.99932,0.99935,0.99871,0.99887,1337300000,8
1334648640000,1334649119000,0.99885,0.99899,0.99866,0.99876,1106660000,8
1334649120000,1334649599000,0.99876,0.99889,0.99818,0.99872,1400630000,8
1334649600000,1334650079000,0.99872,0.99879,0.99835,0.99866,1095210000,8
1334650080000,1334650559000,0.99866,0.99899,0.99847,0.99885,1108300000,8
1334650560000,1334651039000,0.99884,0.99899,0.99862,0.99886,1085900000,8
1334651040000,1334651519000,0.99886,0.999,0.99824,0.99836,890680000,8
1334651520000,1334651999000,0.99836,0.99838,0.99787,0.99791,1318100000,8
1334652000000,1334652479000,0.9979,0.9987,0.99758,0.99828,1768100000,8
1334652480000,1334652959000,0.99827,0.99848,0.9978,0.99846,1192070000,8
1334652960000,1334653439000,0.99848,0.99857,0.99755,0.9977,1835720000,8
1334653440000,1334653919000,0.9977,0.99788,0.99719,0.99741,1344770000,8
1334653920000,1334654399000,0.99741,0.99748,0.99727,0.99734,988570000,8
1334654400000,1334654879000,0.99737,0.99758,0.99722,0.99742,1070840000,8
1334654880000,1334655359000,0.99743,0.99757,0.99716,0.99733,1331070000,8
1334655360000,1334655839000,0.99732,0.99746,0.99716,0.9972,1185170000,8
1334655840000,1334656319000,0.99719,0.99735,0.99714,0.99726,1201160000,8
1334656320000,1334656799000,0.99725,0.99766,0.99716,0.99762,992890000,8
1334656800000,1334657279000,0.99762,0.99783,0.99746,0.99749,961120000,8
1334657280000,1334657759000,0.9975,0.99758,0.99731,0.99741,743750000,8
1334657760000,1334658239000,0.99741,0.99747,0.99723,0.99725,914810000,8
1334658240000,1334658719000,0.99724,0.99738,0.99694,0.99695,874190000,8
1334658720000,1334659199000,0.99695,0.99718,0.99671,0.99688,920450000,8
1334659200000,1334659679000,0.99689,0.99689,0.99626,0.99627,1343360000,8
1334659680000,1334660159000,0.99626,0.99665,0.99626,0.99658,1097070000,8
1334660160000,1334660639000,0.99656,0.9971,0.99656,0.99689,1294410000,8
1334660640000,1334661119000,0.99688,0.9969,0.99649,0.9965,901950000,8
1334661120000,1334661599000,0.99651,0.99696,0.99639,0.9965,1324140000,8
1334661600000,1334662079000,0.9965,0.99654,0.99589,0.99598,1206000000,8
1334662080000,1334662559000,0.99598,0.99633,0.99589,0.99625,1256420000,8
1334662560000,1334663039000,0.99625,0.99679,0.9962,0.99668,1103960000,8
1334663040000,1334663519000,0.99668,0.99671,0.9961,0.99634,1257370000,8
1334663520000,1334663999000,0.99635,0.99689,0.99635,0.9966,1567470000,8
1334664000000,1334664479000,0.99662,0.99665,0.99621,0.99631,1272020000,8
1334664480000,1334664959000,0.99631,0.99645,0.99607,0.99616,1212720000,8
1334664960000,1334665439000,0.99616,0.99635,0.99537,0.99555,1626910000,8
1334665440000,1334665919000,0.99554,0.99621,0.99534,0.99619,1444430000,8
1334665920000,1334666399000,0.99619,0.99628,0.99546,0.99571,1945840000,8
1334666400000,1334666879000,0.99571,0.99576,0.99516,0.99569,1711490000,8
1334666880000,1334667359000,0.99571,0.99579,0.99521,0.99526,1556060000,8
1334667360000,1334667839000,0.99526,0.99595,0.99109,0.99262,2537040000,8
1334667840000,1334668319000,0.99264,0.99265,0.98958,0.99049,2966030000,8
1334668320000,1334668799000,0.99049,0.99069,0.98961,0.99007,2070930000,8
1334668800000,1334669279000,0.99015,0.99015,0.98879,0.98932,1851880000,8
1334669280000,1334669759000,0.98934,0.98949,0.98879,0.98887,1568610000,8
1334669760000,1334670239000,0.98887,0.98934,0.98882,0.98902,2198130000,8
1334670240000,1334670719000,0.98903,0.98937,0.98885,0.98897,2441080000,8
1334670720000,1334671199000,0.98896,0.98981,0.98889,0.98956,1774410000,8
1334671200000,1334671679000,0.98956,0.98996,0.98944,0.98983,1933780000,8
1334671680000,1334672159000,0.98983,0.98987,0.989,0.9891,1673190000,8
1334672160000,1334672639000,0.9891,0.98919,0.98739,0.98753,2280360000,8
1334672640000,1334673119000,0.98751,0.98823,0.98741,0.98791,2058330000,8
1334673120000,1334673599000,0.98791,0.98825,0.98776,0.98823,1985110000,8
1334673600000,1334674079000,0.98825,0.98831,0.98762,0.98769,1743680000,8
1334674080000,1334674559000,0.9877,0.98785,0.98645,0.98669,1533630000,8
1334674560000,1334675039000,0.98668,0.98755,0.98668,0.98701,2064990000,8
1334675040000,1334675519000,0.98702,0.98703,0.98664,0.98692,1783820000,8
1334675520000,1334675999000,0.98691,0.98737,0.98684,0.98691,1431670000,8
1334676000000,1334676479000,0.98694,0.98764,0.98669,0.98764,1392790000,8
1334676480000,1334676959000,0.98766,0.98788,0.98735,0.98772,1579190000,8
1334676960000,1334677439000,0.98773,0.98815,0.98756,0.9878,1450540000,8
1334677440000,1334677919000,0.9878,0.98823,0.98769,0.98813,1462720000,8
1334677920000,1334678399000,0.98812,0.98858,0.98778,0.98778,1540000000,8
1334678400000,1334678879000,0.98778,0.98779,0.98709,0.98738,1064540000,8
1334678880000,1334679359000,0.98738,0.98745,0.9871,0.98741,1136120000,8
1334679360000,1334679839000,0.9874,0.98745,0.98696,0.98697,1098560000,8
1334679840000,1334680319000,0.98697,0.98705,0.98681,0.98703,785030000,8
1334680320000,1334680799000,0.98703,0.98706,0.98659,0.98704,1006470000,8
1334680800000,1334681279000,0.98703,0.98741,0.98698,0.98736,888120000,8
1334681280000,1334681759000,0.98736,0.98752,0.98711,0.98752,987090000,8
1334681760000,1334682239000,0.9875,0.98809,0.98747,0.9879,989650000,8
1334682240000,1334682719000,0.98789,0.98789,0.98777,0.98781,618830000,8
1334682720000,1334683199000,0.98781,0.98798,0.98769,0.98797,591660000,8
1334683200000,1334683679000,0.98797,0.9882,0.9879,0.98808,743740000,8
1334683680000,1334684159000,0.98805,0.9884,0.98798,0.98838,1091030000,8
1334684160000,1334684639000,0.98838,0.98849,0.98809,0.98816,994690000,8
1334684640000,1334685119000,0.98819,0.98825,0.98801,0.9882,663700000,8
1334685120000,1334685599000,0.9882,0.98874,0.98816,0.98861,977250000,8
1334685600000,1334686079000,0.9886,0.98887,0.98839,0.98865,1120600000,8
1334686080000,1334686559000,0.98863,0.98868,0.98847,0.98851,826180000,8
1334686560000,1334687039000,0.98852,0.98868,0.98844,0.98867,743250000,8
1334687040000,1334687519000,0.98866,0.9889,0.98857,0.98869,777190000,8
1334687520000,1334687999000,0.9887,0.98876,0.98856,0.9887,661500000,8
1334688000000,1334688479000,0.9887,0.98913,0.9887,0.98897,657700000,8
1334688480000,1334688959000,0.98897,0.98951,0.98894,0.98946,1190380000,8
1334688960000,1334689439000,0.98946,0.9896,0.98922,0.98941,966840000,8
1334689440000,1334689919000,0.98939,0.98945,0.98936,0.98945,506450000,8
1334689920000,1334690399000,0.98943,0.98973,0.98936,0.98966,827330000,8
1334690400000,1334690879000,0.98963,0.99014,0.98955,0.98973,1035520000,8
1334690880000,1334691359000,0.98973,0.99014,0.98943,0.9901,834150000,8
1334691360000,1334691839000,0.9901,0.99025,0.98988,0.98989,914450000,8
1334691840000,1334692319000,0.98989,0.9902,0.98982,0.99003,1029010000,8
1334692320000,1334692799000,0.99002,0.99027,0.98987,0.99011,769890000,8
1334692800000,1334693279000,0.9901,0.99057,0.99001,0.99048,750250000,8
1334693280000,1334693759000,0.99047,0.9905,0.99034,0.99037,503470000,8
1334693760000,1334694239000,0.99038,0.9904,0.9902,0.99022,476340000,8
1334694240000,1334694719000,0.99022,0.99038,0.9901,0.99011,483730000,8
1334694720000,1334695199000,0.99011,0.99055,0.99011,0.9905,503350000,8
1334695200000,1334695679000,0.99055,0.99057,0.99015,0.99027,421320000,8
1334695680000,1334696159000,0.99029,0.99078,0.99008,0.99064,596800000,8
1334696160000,1334696639000,0.99062,0.99062,0.98996,0.9902,450080000,8
1334696640000,1334697119000,0.9902,0.99055,0.99,0.99055,349670000,8
1334697120000,1334697599000,0.99055,0.99068,0.99032,0.99032,113970000,8
1334697600000,1334698079000,0.99032,0.99039,0.99029,0.9903,67010000,8
1334698080000,1334698559000,0.99034,0.99052,0.99033,0.99047,99950000,8
1334698560000,1334699039000,0.99037,0.99062,0.99027,0.99031,173600000,8
1334699040000,1334699519000,0.99032,0.99034,0.99007,0.99012,84080000,8
1334699520000,1334699999000,0.99013,0.99019,0.98997,0.99002,87080000,8
1334700000000,1334700479000,0.99005,0.99035,0.99005,0.99013,158610000,8
1334700480000,1334700959000,0.99013,0.99018,0.98978,0.98999,191720000,8
1334700960000,1334701439000,0.98999,0.98999,0.98984,0.98994,385830000,8
1334701440000,1334701919000,0.98994,0.99001,0.98972,0.98979,648130000,8
1334701920000,1334702399000,0.98981,0.98993,0.98965,0.9899,459180000,8
1334702400000,1334702879000,0.98989,0.98989,0.98939,0.98943,412970000,8
1334702880000,1334703359000,0.98943,0.98944,0.9892,0.98923,357200000,8
1334703360000,1334703839000,0.98924,0.9893,0.98909,0.98917,530810000,8
1334703840000,1334704319000,0.9892,0.98932,0.98914,0.98919,301730000,8
1334704320000,1334704799000,0.98922,0.98931,0.98919,0.98921,180840000,8
1334704800000,1334705279000,0.98919,0.98925,0.98917,0.98919,215550000,8
1334705280000,1334705759000,0.98919,0.98931,0.98918,0.98921,353660000,8
1334705760000,1334706239000,0.98921,0.98932,0.98908,0.98927,345840000,8
1334706240000,1334706719000,0.98926,0.98929,0.98912,0.98918,257480000,8
1334706720000,1334707199000,0.98918,0.98927,0.98894,0.989,436710000,8
1334707200000,1334707679000,0.989,0.989,0.9888,0.98883,410720000,8
1334707680000,1334708159000,0.98883,0.98922,0.98883,0.98918,475470000,8
1334708160000,1334708639000,0.98918,0.98943,0.98918,0.98939,301670000,8
1334708640000,1334709119000,0.98938,0.98942,0.98889,0.98909,569920000,8
1334709120000,1334709599000,0.9891,0.9891,0.98896,0.98899,403810000,8
1334709600000,1334710079000,0.98899,0.989,0.98861,0.98867,431190000,8
1334710080000,1334710559000,0.98868,0.98868,0.98827,0.9884,754250000,8
1334710560000,1334711039000,0.9884,0.98894,0.98832,0.98888,769730000,8
1334711040000,1334711519000,0.98889,0.98895,0.9888,0.98894,400860000,8
1334711520000,1334711999000,0.98894,0.9891,0.98862,0.98877,542900000,8
1334712000000,1334712479000,0.98877,0.98891,0.9886,0.98891,360250000,8
1334712480000,1334712959000,0.98889,0.98898,0.98857,0.98887,555470000,8
1334712960000,1334713439000,0.98889,0.98918,0.98871,0.9891,525970000,8
1334713440000,1334713919000,0.9891,0.98917,0.98876,0.989,560940000,8
1334713920000,1334714399000,0.98902,0.9892,0.98902,0.98916,363300000,8
1334714400000,1334714879000,0.98917,0.98922,0.98905,0.98906,628140000,8
1334714880000,1334715359000,0.98905,0.98912,0.98881,0.98887,468610000,8
1334715360000,1334715839000,0.98886,0.98888,0.98862,0.98872,721820000,8
1334715840000,1334716319000,0.98872,0.9889,0.98856,0.98886,562640000,8
1334716320000,1334716799000,0.98886,0.98914,0.98883,0.98913,355260000,8
1334716800000,1334717279000,0.98914,0.98931,0.98913,0.98927,319780000,8
1334717280000,1334717759000,0.98926,0.98933,0.98921,0.98928,237530000,8
1334717760000,1334718239000,0.98928,0.98943,0.98896,0.98896,389540000,8
1334718240000,1334718719000,0.98896,0.98901,0.98874,0.98877,464120000,8
1334718720000,1334719199000,0.98876,0.9888,0.98837,0.98848,722370000,8
1334719200000,1334719679000,0.98846,0.98858,0.98839,0.98847,581210000,8
1334719680000,1334720159000,0.98847,0.9886,0.98844,0.98853,382440000,8
1334720160000,1334720639000,0.98853,0.98853,0.9882,0.98833,518130000,8
1334720640000,1334721119000,0.98833,0.98839,0.98829,0.98833,384190000,8
1334721120000,1334721599000,0.98833,0.98867,0.98833,0.98853,467810000,8
1334721600000,1334722079000,0.98853,0.98853,0.98842,0.98851,337000000,8
1334722080000,1334722559000,0.9885,0.98868,0.9885,0.98858,200610000,8
1334722560000,1334723039000,0.98859,0.98869,0.98857,0.98857,155270000,8
1334723040000,1334723519000,0.98857,0.98861,0.98849,0.9885,157650000,8
1334723520000,1334723999000,0.98851,0.98869,0.98845,0.98867,263960000,8
1334724000000,1334724479000,0.98869,0.98885,0.98868,0.98872,120720000,8
1334724480000,1334724959000,0.98872,0.989,0.98872,0.98892,269580000,8
1334724960000,1334725439000,0.98895,0.98898,0.98884,0.98891,342280000,8
1334725440000,1334725919000,0.98891,0.98898,0.98887,0.98894,348690000,8
1334725920000,1334726399000,0.98891,0.98898,0.98884,0.9889,311010000,8
1334726400000,1334726879000,0.9889,0.98909,0.98887,0.98907,269650000,8
1334726880000,1334727359000,0.98906,0.98911,0.9888,0.98893,348670000,8
1334727360000,1334727839000,0.98891,0.98902,0.98886,0.98896,353100000,8
1334727840000,1334728319000,0.98894,0.98909,0.98889,0.98902,265510000,8
1334728320000,1334728799000,0.989,0.98906,0.98882,0.98884,401660000,8
1334728800000,1334729279000,0.98886,0.98926,0.98872,0.98926,649300000,8
1334729280000,1334729759000,0.98927,0.98945,0.98906,0.98928,520620000,8
1334729760000,1334730239000,0.98927,0.9894,0.9889,0.98908,662650000,8
1334730240000,1334730719000,0.98908,0.9892,0.98887,0.98914,625460000,8
1334730720000,1334731199000,0.98914,0.98944,0.98896,0.98936,595150000,8
1334731200000,1334731679000,0.98938,0.98955,0.98924,0.98933,749280000,8
1334731680000,1334732159000,0.98932,0.9896,0.98929,0.98947,977620000,8
1334732160000,1334732639000,0.98946,0.98995,0.98903,0.98994,968070000,8
1334732640000,1334733119000,0.98994,0.99001,0.98912,0.98916,1571140000,8
1334733120000,1334733599000,0.98918,0.98957,0.98903,0.98932,1670700000,8
1334733600000,1334734079000,0.98929,0.98972,0.98912,0.98935,1595290000,8
1334734080000,1334734559000,0.98934,0.98954,0.98882,0.98915,1632470000,8
1334734560000,1334735039000,0.98917,0.98936,0.98848,0.98859,1184610000,8
1334735040000,1334735519000,0.98858,0.9886,0.98824,0.98843,1432580000,8
1334735520000,1334735999000,0.98843,0.98877,0.98837,0.98851,1176690000,8
1334736000000,1334736479000,0.9885,0.98867,0.98816,0.98848,1213480000,8
1334736480000,1334736959000,0.98848,0.98883,0.98841,0.98851,1278290000,8
1334736960000,1334737439000,0.98851,0.98906,0.98846,0.98861,1234480000,8
1334737440000,1334737919000,0.98861,0.98908,0.98835,0.98854,1166700000,8
1334737920000,1334738399000,0.98854,0.98873,0.9883,0.98848,1479880000,8
1334738400000,1334738879000,0.98848,0.98929,0.98836,0.98927,1216060000,8
1334738880000,1334739359000,0.98925,0.98948,0.98904,0.98946,1273080000,8
1334739360000,1334739839000,0.98947,0.99055,0.98943,0.98971,1673940000,8
1334739840000,1334740319000,0.98971,0.99015,0.9897,0.99014,1267100000,8
1334740320000,1334740799000,0.99014,0.99014,0.98922,0.98937,1135830000,8
1334740800000,1334741279000,0.98935,0.98996,0.98933,0.98983,1007190000,8
1334741280000,1334741759000,0.98983,0.99015,0.98962,0.98987,1288540000,8
1334741760000,1334742239000,0.98988,0.99036,0.98971,0.98978,1448750000,8
1334742240000,1334742719000,0.98976,0.99025,0.98972,0.99012,1138280000,8
1334742720000,1334743199000,0.99011,0.99023,0.98984,0.98998,1086100000,8
1334743200000,1334743679000,0.98998,0.99032,0.98988,0.99025,1090760000,8
1334743680000,1334744159000,0.99027,0.99038,0.9901,0.99013,1123330000,8
1334744160000,1334744639000,0.99013,0.99018,0.98982,0.98984,877890000,8
1334744640000,1334745119000,0.98984,0.99019,0.98976,0.99002,938500000,8
1334745120000,1334745599000,0.99,0.99011,0.98952,0.98972,1129360000,8
1334745600000,1334746079000,0.98972,0.98996,0.98945,0.98986,1022400000,8
1334746080000,1334746559000,0.98984,0.98991,0.9897,0.98989,969060000,8
1334746560000,1334747039000,0.98989,0.99032,0.98983,0.99009,998980000,8
1334747040000,1334747519000,0.9901,0.99086,0.98987,0.99082,1425970000,8
1334747520000,1334747999000,0.99087,0.99091,0.99059,0.99062,1148140000,8
1334748000000,1334748479000,0.99062,0.99098,0.99061,0.99078,1353990000,8
1334748480000,1334748959000,0.99082,0.99149,0.99054,0.99133,1692610000,8
1334748960000,1334749439000,0.99132,0.99144,0.99105,0.9911,1072810000,8
1334749440000,1334749919000,0.99111,0.99133,0.99101,0.99106,980490000,8
1334749920000,1334750399000,0.99105,0.99125,0.99078,0.99118,1154960000,8
1334750400000,1334750879000,0.99118,0.99138,0.99032,0.99063,1403470000,8
1334750880000,1334751359000,0.99064,0.99084,0.98993,0.99,1405470000,8
1334751360000,1334751839000,0.98999,0.99003,0.98942,0.98944,1211910000,8
1334751840000,1334752319000,0.98942,0.98982,0.98937,0.9898,1071720000,8
1334752320000,1334752799000,0.9898,0.99028,0.98972,0.98992,1425200000,8
1334752800000,1334753279000,0.98992,0.99044,0.98992,0.99041,1366230000,8
1334753280000,1334753759000,0.99042,0.99123,0.99042,0.99114,1852360000,8
1334753760000,1334754239000,0.99115,0.99115,0.99048,0.99061,1525970000,8
1334754240000,1334754719000,0.9906,0.9911,0.99031,0.99036,1461610000,8
1334754720000,1334755199000,0.99034,0.99035,0.98983,0.99023,1244790000,8
1334755200000,1334755679000,0.99025,0.99033,0.98952,0.98968,1286770000,8
1334755680000,1334756159000,0.98967,0.99036,0.98934,0.98935,1909980000,8
1334756160000,1334756639000,0.98935,0.98937,0.98857,0.98899,2153040000,8
1334756640000,1334757119000,0.98898,0.98928,0.98868,0.98869,1929190000,8
1334757120000,1334757599000,0.98869,0.98888,0.98834,0.98873,2026140000,8
1334757600000,1334758079000,0.98873,0.98945,0.9886,0.98937,1593420000,8
1334758080000,1334758559000,0.98938,0.98948,0.9888,0.98891,1961870000,8
1334758560000,1334759039000,0.98895,0.98958,0.98852,0.98938,1735960000,8
1334759040000,1334759519000,0.98938,0.98976,0.98884,0.98976,1803400000,8
1334759520000,1334759999000,0.98976,0.99094,0.98944,0.98957,2508130000,8
1334760000000,1334760479000,0.98956,0.99007,0.98881,0.98914,2028280000,8
1334760480000,1334760959000,0.98914,0.98938,0.98879,0.98935,1714520000,8
1334760960000,1334761439000,0.98936,0.98942,0.98851,0.98898,1767320000,8
1334761440000,1334761919000,0.98901,0.99004,0.98897,0.98976,1903380000,8
1334761920000,1334762399000,0.98976,0.99028,0.98963,0.99001,1838430000,8
1334762400000,1334762879000,0.99,0.99042,0.98971,0.99023,1528930000,8
1334762880000,1334763359000,0.99023,0.99075,0.99007,0.99068,1351980000,8
1334763360000,1334763839000,0.99068,0.99093,0.9905,0.99052,1356350000,8
1334763840000,1334764319000,0.99053,0.99084,0.99018,0.9905,1364240000,8
1334764320000,1334764799000,0.9905,0.99059,0.98987,0.99017,1320260000,8
1334764800000,1334765279000,0.99016,0.9906,0.99016,0.99058,932530000,8
1334765280000,1334765759000,0.99059,0.99077,0.99037,0.99072,1077130000,8
1334765760000,1334766239000,0.99073,0.99087,0.99061,0.99071,1147120000,8
1334766240000,1334766719000,0.99071,0.99104,0.99054,0.99096,1025110000,8
1334766720000,1334767199000,0.99096,0.99104,0.99072,0.99073,905710000,8
1334767200000,1334767679000,0.99073,0.99092,0.99067,0.99086,864800000,8
1334767680000,1334768159000,0.99087,0.99118,0.99076,0.99117,967030000,8
1334768160000,1334768639000,0.99116,0.99142,0.99112,0.99131,899840000,8
1334768640000,1334769119000,0.99131,0.99142,0.99114,0.99135,825560000,8
1334769120000,1334769599000,0.99133,0.99133,0.99108,0.99111,982420000,8
1334769600000,1334770079000,0.99111,0.99128,0.99108,0.99122,688440000,8
1334770080000,1334770559000,0.99122,0.99136,0.99112,0.99133,880290000,8
1334770560000,1334771039000,0.99135,0.99163,0.99132,0.99154,832970000,8
1334771040000,1334771519000,0.99154,0.9916,0.99141,0.99159,688870000,8
1334771520000,1334771999000,0.99158,0.99234,0.99131,0.992,1199070000,8
1334772000000,1334772479000,0.992,0.99211,0.9914,0.99147,1022980000,8
1334772480000,1334772959000,0.99148,0.99183,0.99147,0.99163,885960000,8
1334772960000,1334773439000,0.99163,0.99164,0.99102,0.99102,840510000,8
1334773440000,1334773919000,0.99103,0.99123,0.99101,0.99112,1048090000,8
1334773920000,1334774399000,0.99112,0.99113,0.99072,0.991,931790000,8
1334774400000,1334774879000,0.991,0.99113,0.99081,0.99082,819070000,8
1334774880000,1334775359000,0.99082,0.99094,0.99063,0.99065,680270000,8
1334775360000,1334775839000,0.99065,0.99069,0.99028,0.9906,1077410000,8
1334775840000,1334776319000,0.99062,0.99113,0.99055,0.99113,1074900000,8
1334776320000,1334776799000,0.99112,0.99125,0.99099,0.99114,844830000,8
1334776800000,1334777279000,0.99115,0.99122,0.991,0.99102,706090000,8
1334777280000,1334777759000,0.99102,0.99132,0.99099,0.99125,964360000,8
1334777760000,1334778239000,0.99125,0.99144,0.99121,0.99132,791120000,8
1334778240000,1334778719000,0.99132,0.99137,0.9912,0.99133,739220000,8
1334778720000,1334779199000,0.99131,0.99142,0.99121,0.99132,909010000,8
1334779200000,1334779679000,0.99129,0.99141,0.99124,0.99135,632150000,8
1334779680000,1334780159000,0.99136,0.99138,0.99118,0.99129,658680000,8
1334780160000,1334780639000,0.99129,0.99135,0.99123,0.99132,273080000,8
1334780640000,1334781119000,0.99131,0.99138,0.9911,0.9911,387430000,8
1334781120000,1334781599000,0.99109,0.99126,0.99095,0.99112,498490000,8
1334781600000,1334782079000,0.99112,0.99127,0.99105,0.9911,407080000,8
1334782080000,1334782559000,0.9911,0.99125,0.99109,0.99119,297590000,8
1334782560000,1334783039000,0.99117,0.99129,0.99086,0.99116,280380000,8
1334783040000,1334783519000,0.99116,0.99117,0.99108,0.99115,69000000,8
1334783520000,1334783999000,0.99115,0.99126,0.99108,0.99117,82660000,8
1334784000000,1334784479000,0.99122,0.99129,0.99108,0.99118,100700000,8
1334784480000,1334784959000,0.99108,0.9913,0.9908,0.99119,215880000,8
1334784960000,1334785439000,0.99119,0.99119,0.99113,0.99119,36020000,8
1334785440000,1334785919000,0.99119,0.99119,0.99093,0.99096,102060000,8
1334785920000,1334786399000,0.99097,0.99109,0.99095,0.99107,98630000,8
1334786400000,1334786879000,0.99107,0.99121,0.99097,0.99107,195840000,8
1334786880000,1334787359000,0.99106,0.99128,0.99104,0.99116,110720000,8
1334787360000,1334787839000,0.99115,0.99119,0.99109,0.99115,156840000,8
1334787840000,1334788319000,0.99114,0.99117,0.99105,0.99114,197910000,8
1334788320000,1334788799000,0.99118,0.99119,0.9911,0.99114,160620000,8
1334788800000,1334789279000,0.99112,0.99116,0.99104,0.99112,426300000,8
1334789280000,1334789759000,0.99112,0.99117,0.99108,0.99111,210910000,8
1334789760000,1334790239000,0.99113,0.99116,0.99097,0.99105,305640000,8
1334790240000,1334790719000,0.99105,0.99105,0.99098,0.99102,170020000,8
1334790720000,1334791199000,0.99102,0.99102,0.99088,0.99094,174470000,8
1334791200000,1334791679000,0.99094,0.99109,0.99094,0.99099,271210000,8
1334791680000,1334792159000,0.99099,0.99113,0.99096,0.99112,312960000,8
1334792160000,1334792639000,0.99113,0.99114,0.99074,0.99077,402290000,8
1334792640000,1334793119000,0.99077,0.99088,0.99039,0.99079,838590000,8
1334793120000,1334793599000,0.99081,0.99111,0.99076,0.99095,453590000,8
1334793600000,1334794079000,0.99096,0.99116,0.99068,0.99076,698540000,8
1334794080000,1334794559000,0.99076,0.99092,0.99046,0.99051,674580000,8
1334794560000,1334795039000,0.99051,0.99078,0.99051,0.99073,474540000,8
1334795040000,1334795519000,0.99075,0.99112,0.9907,0.99096,655030000,8
1334795520000,1334795999000,0.99097,0.99098,0.99068,0.9907,477840000,8
1334796000000,1334796479000,0.9907,0.99082,0.99066,0.99067,379900000,8
1334796480000,1334796959000,0.99068,0.99092,0.99061,0.99067,555130000,8
1334796960000,1334797439000,0.99067,0.99076,0.99055,0.99064,494920000,8
1334797440000,1334797919000,0.99064,0.99077,0.99047,0.99068,633290000,8
1334797920000,1334798399000,0.99066,0.99076,0.99041,0.99067,652730000,8
1334798400000,1334798879000,0.99065,0.99079,0.99064,0.99077,192380000,8
1334798880000,1334799359000,0.99078,0.99083,0.99064,0.99077,316280000,8
1334799360000,1334799839000,0.99076,0.99092,0.99067,0.9909,322190000,8
1334799840000,1334800319000,0.99091,0.99099,0.99065,0.99089,587870000,8
1334800320000,1334800799000,0.99088,0.99107,0.99078,0.99086,456980000,8
1334800800000,1334801279000,0.99086,0.99097,0.9908,0.99081,340960000,8
1334801280000,1334801759000,0.9908,0.9908,0.99066,0.9908,285350000,8
1334801760000,1334802239000,0.99081,0.99085,0.99046,0.99051,346890000,8
1334802240000,1334802719000,0.99048,0.9907,0.99048,0.99058,342020000,8
1334802720000,1334803199000,0.99058,0.99061,0.99042,0.99048,295870000,8
1334803200000,1334803679000,0.99048,0.99057,0.99035,0.99041,244470000,8
1334803680000,1334804159000,0.9904,0.99051,0.99036,0.99039,204190000,8
1334804160000,1334804639000,0.99037,0.99053,0.99037,0.99047,282830000,8
1334804640000,1334805119000,0.99048,0.99051,0.99035,0.9904,188590000,8
1334805120000,1334805599000,0.9904,0.99061,0.99038,0.99051,330760000,8
1334805600000,1334806079000,0.99051,0.99064,0.99034,0.9906,253550000,8
1334806080000,1334806559000,0.9906,0.99061,0.99045,0.99048,208070000,8
1334806560000,1334807039000,0.99048,0.99083,0.99048,0.99074,304360000,8
1334807040000,1334807519000,0.99075,0.99093,0.9906,0.99076,375290000,8
1334807520000,1334807999000,0.99077,0.99078,0.99059,0.99063,261520000,8
1334808000000,1334808479000,0.99063,0.99066,0.99033,0.99048,640960000,8
1334808480000,1334808959000,0.99048,0.99093,0.99048,0.99092,488570000,8
1334808960000,1334809439000,0.99093,0.99094,0.99085,0.99088,257690000,8
1334809440000,1334809919000,0.9909,0.99114,0.99088,0.99109,294630000,8
1334809920000,1334810399000,0.9911,0.99128,0.99102,0.99119,196340000,8
1334810400000,1334810879000,0.99119,0.99125,0.99112,0.99122,267050000,8
1334810880000,1334811359000,0.99121,0.99126,0.99106,0.99106,447800000,8
1334811360000,1334811839000,0.99106,0.99109,0.9909,0.9909,511300000,8
1334811840000,1334812319000,0.99092,0.99095,0.9907,0.99094,526810000,8
1334812320000,1334812799000,0.99095,0.99106,0.99088,0.99091,456240000,8
1334812800000,1334813279000,0.99091,0.99098,0.99079,0.99088,513450000,8
1334813280000,1334813759000,0.99085,0.99096,0.99082,0.99089,240310000,8
1334813760000,1334814239000,0.9909,0.9913,0.99089,0.99128,588310000,8
1334814240000,1334814719000,0.99129,0.99129,0.99111,0.99119,480870000,8
1334814720000,1334815199000,0.99119,0.99123,0.99098,0.99101,387840000,8
1334815200000,1334815679000,0.991,0.99101,0.99068,0.99073,621380000,8
1334815680000,1334816159000,0.99074,0.99104,0.99071,0.99104,740660000,8
1334816160000,1334816639000,0.99104,0.99118,0.99078,0.99086,510940000,8
1334816640000,1334817119000,0.99085,0.99087,0.99055,0.99056,624730000,8
1334817120000,1334817599000,0.99056,0.99056,0.9903,0.99051,913270000,8
1334817600000,1334818079000,0.99052,0.99086,0.99047,0.99073,872380000,8
1334818080000,1334818559000,0.99072,0.99077,0.9903,0.99033,657090000,8
1334818560000,1334819039000,0.99033,0.99057,0.99012,0.99042,1283440000,8
1334819040000,1334819519000,0.99042,0.99045,0.98947,0.98963,1538440000,8
1334819520000,1334819999000,0.98965,0.98984,0.98952,0.98973,1293050000,8
1334820000000,1334820479000,0.98974,0.98977,0.98936,0.98939,1105300000,8
1334820480000,1334820959000,0.98936,0.98959,0.98902,0.98957,1089300000,8
1334820960000,1334821439000,0.98959,0.98979,0.98902,0.98918,1283950000,8
1334821440000,1334821919000,0.98918,0.98939,0.98889,0.98906,1138110000,8
1334821920000,1334822399000,0.98908,0.98926,0.98881,0.9892,1285660000,8
1334822400000,1334822879000,0.9892,0.98935,0.98901,0.9893,710080000,8
1334822880000,1334823359000,0.98931,0.98938,0.9888,0.98907,889530000,8
1334823360000,1334823839000,0.98907,0.98911,0.98868,0.98869,1091820000,8
1334823840000,1334824319000,0.98868,0.9892,0.98851,0.9889,1498580000,8
1334824320000,1334824799000,0.98891,0.98934,0.9886,0.98898,1316780000,8
1334824800000,1334825279000,0.98897,0.9893,0.98835,0.98906,2124020000,8
1334825280000,1334825759000,0.98908,0.98998,0.98903,0.98949,1898190000,8
1334825760000,1334826239000,0.9895,0.98956,0.98838,0.98855,1661900000,8
1334826240000,1334826719000,0.98855,0.98926,0.98837,0.9891,1651640000,8
1334826720000,1334827199000,0.98911,0.98918,0.98825,0.98858,1081270000,8
1334827200000,1334827679000,0.98857,0.9887,0.98829,0.9884,1195750000,8
1334827680000,1334828159000,0.9884,0.98889,0.98838,0.98881,1394870000,8
1334828160000,1334828639000,0.9888,0.98889,0.98847,0.9885,1446560000,8
1334828640000,1334829119000,0.9885,0.98871,0.9883,0.98841,1346650000,8
1334829120000,1334829599000,0.98843,0.98854,0.98805,0.98808,1163650000,8
1334829600000,1334830079000,0.98806,0.98838,0.98795,0.98829,1322700000,8
1334830080000,1334830559000,0.98829,0.98883,0.98829,0.98852,1429370000,8
1334830560000,1334831039000,0.98852,0.98891,0.98848,0.98885,1246770000,8
1334831040000,1334831519000,0.98885,0.98973,0.98878,0.98953,1027170000,8
1334831520000,1334831999000,0.98953,0.98959,0.98886,0.98894,1286280000,8
1334832000000,1334832479000,0.98896,0.98928,0.98877,0.98916,926550000,8
1334832480000,1334832959000,0.98916,0.98969,0.98916,0.98953,823410000,8
1334832960000,1334833439000,0.98951,0.99008,0.98948,0.98967,1131360000,8
1334833440000,1334833919000,0.98966,0.98967,0.98911,0.98918,927980000,8
1334833920000,1334834399000,0.98917,0.9898,0.98917,0.98962,1345900000,8
1334834400000,1334834879000,0.98962,0.99155,0.98957,0.99121,1596460000,8
1334834880000,1334835359000,0.99121,0.99229,0.99112,0.99229,2182290000,8
1334835360000,1334835839000,0.99227,0.99236,0.99137,0.99155,2095960000,8
1334835840000,1334836319000,0.99154,0.99182,0.99132,0.99164,1824030000,8
1334836320000,1334836799000,0.99164,0.99167,0.99094,0.99107,1335310000,8
1334836800000,1334837279000,0.99109,0.99137,0.99067,0.99073,1340060000,8
1334837280000,1334837759000,0.99073,0.99127,0.99071,0.9908,1482130000,8
1334837760000,1334838239000,0.99081,0.99129,0.99081,0.99119,1353830000,8
1334838240000,1334838719000,0.99119,0.99197,0.99102,0.99185,1523470000,8
1334838720000,1334839199000,0.99187,0.99353,0.99187,0.99352,1752270000,8
1334839200000,1334839679000,0.99355,0.99392,0.99331,0.99342,2045640000,8
1334839680000,1334840159000,0.99342,0.99374,0.99304,0.99312,1527570000,8
1334840160000,1334840639000,0.99312,0.99355,0.99301,0.99307,1869040000,8
1334840640000,1334841119000,0.99308,0.99327,0.99273,0.9928,1602290000,8
1334841120000,1334841599000,0.99282,0.99307,0.99242,0.99301,1463970000,8
1334841600000,1334842079000,0.99301,0.99315,0.99265,0.99281,1327820000,8
1334842080000,1334842559000,0.99281,0.99335,0.99257,0.99322,1546950000,8
1334842560000,1334843039000,0.99322,0.9938,0.99262,0.99271,2126380000,8
1334843040000,1334843519000,0.99271,0.99276,0.99154,0.99226,2113930000,8
1334843520000,1334843999000,0.99225,0.99226,0.99183,0.99213,1625650000,8
1334844000000,1334844479000,0.99213,0.99433,0.99213,0.99386,2493550000,8
1334844480000,1334844959000,0.99387,0.99446,0.9937,0.99405,2299220000,8
1334844960000,1334845439000,0.99402,0.99443,0.99311,0.9934,2076110000,8
1334845440000,1334845919000,0.9934,0.99343,0.99272,0.99302,1958000000,8
1334845920000,1334846399000,0.99302,0.99308,0.99167,0.99191,2211560000,8
1334846400000,1334846879000,0.99191,0.99217,0.99117,0.99213,2208540000,8
1334846880000,1334847359000,0.99214,0.99278,0.99193,0.99215,1771730000,8
1334847360000,1334847839000,0.99217,0.99314,0.99213,0.99276,1667690000,8
1334847840000,1334848319000,0.9928,0.99317,0.99247,0.99315,1453410000,8
1334848320000,1334848799000,0.99315,0.99359,0.99287,0.9932,1656130000,8
1334848800000,1334849279000,0.99322,0.99326,0.99272,0.99315,1819940000,8
1334849280000,1334849759000,0.99312,0.9936,0.99307,0.99332,1642060000,8
1334849760000,1334850239000,0.99332,0.99343,0.99269,0.99269,1248610000,8
1334850240000,1334850719000,0.99268,0.99276,0.99229,0.99258,1208620000,8
1334850720000,1334851199000,0.99258,0.99278,0.99243,0.99271,1142990000,8
1334851200000,1334851679000,0.99268,0.99368,0.99253,0.99365,1596430000,8
1334851680000,1334852159000,0.99366,0.99418,0.99353,0.9937,1281250000,8
1334852160000,1334852639000,0.99368,0.99368,0.99334,0.99348,1083520000,8
1334852640000,1334853119000,0.99348,0.99433,0.99348,0.99406,1476000000,8
1334853120000,1334853599000,0.99406,0.99418,0.99334,0.99366,1098990000,8
1334853600000,1334854079000,0.99365,0.9941,0.99365,0.99381,1206240000,8
1334854080000,1334854559000,0.99379,0.99415,0.9937,0.99396,953260000,8
1334854560000,1334855039000,0.99396,0.99416,0.99359,0.99363,976750000,8
1334855040000,1334855519000,0.99364,0.99376,0.99358,0.99373,853050000,8
1334855520000,1334855999000,0.99373,0.99417,0.99365,0.99395,1227590000,8
1334856000000,1334856479000,0.99397,0.99435,0.99391,0.99403,1202100000,8
1334856480000,1334856959000,0.99403,0.99414,0.99358,0.99364,1121620000,8
1334856960000,1334857439000,0.99365,0.99395,0.99364,0.99395,1007130000,8
1334857440000,1334857919000,0.99395,0.99421,0.99393,0.99414,894180000,8
1334857920000,1334858399000,0.99416,0.99462,0.99411,0.99454,927720000,8
1334858400000,1334858879000,0.99454,0.99457,0.99409,0.99423,1044170000,8
1334858880000,1334859359000,0.99422,0.99484,0.99416,0.9947,1065560000,8
1334859360000,1334859839000,0.9947,0.99586,0.99461,0.99568,1271440000,8
1334859840000,1334860319000,0.9957,0.99579,0.99541,0.99571,1153690000,8
1334860320000,1334860799000,0.99571,0.99633,0.99549,0.99559,1345080000,8
1334860800000,1334861279000,0.99557,0.9961,0.99553,0.9958,1247580000,8
1334861280000,1334861759000,0.99582,0.99595,0.99538,0.99539,966630000,8
1334861760000,1334862239000,0.99542,0.99567,0.99534,0.99539,972370000,8
1334862240000,1334862719000,0.9954,0.99564,0.9953,0.99532,1004000000,8
1334862720000,1334863199000,0.99532,0.99556,0.99518,0.99546,1051600000,8
1334863200000,1334863679000,0.99547,0.99564,0.99536,0.99538,1031800000,8
1334863680000,1334864159000,0.99537,0.99551,0.99528,0.9953,774510000,8
1334864160000,1334864639000,0.9953,0.99541,0.9951,0.99528,869440000,8
1334864640000,1334865119000,0.99528,0.99541,0.9951,0.99529,943050000,8
1334865120000,1334865599000,0.99529,0.99553,0.9951,0.99511,561970000,8
1334865600000,1334866079000,0.99512,0.99535,0.9951,0.9952,845720000,8
1334866080000,1334866559000,0.9952,0.99555,0.99516,0.99549,531430000,8
1334866560000,1334867039000,0.99551,0.99551,0.99499,0.99512,409760000,8
1334867040000,1334867519000,0.99512,0.99514,0.99497,0.99513,452660000,8
1334867520000,1334867999000,0.99513,0.99535,0.99513,0.99529,418000000,8
1334868000000,1334868479000,0.99529,0.99534,0.99496,0.99509,572060000,8
1334868480000,1334868959000,0.99509,0.99534,0.99507,0.99529,291640000,8
1334868960000,1334869439000,0.99529,0.99569,0.99525,0.99543,269310000,8
1334869440000,1334869919000,0.99543,0.99548,0.9953,0.9953,179810000,8
1334869920000,1334870399000,0.9953,0.9954,0.99466,0.99512,179170000,8
1334870400000,1334870879000,0.99518,0.9956,0.99484,0.9956,101630000,8
1334870880000,1334871359000,0.99558,0.99561,0.99541,0.99544,87760000,8
1334871360000,1334871839000,0.99543,0.99552,0.99512,0.9953,130150000,8
1334871840000,1334872319000,0.9953,0.9953,0.99508,0.99522,66180000,8
1334872320000,1334872799000,0.99522,0.99525,0.99493,0.99499,90900000,8
1334872800000,1334873279000,0.995,0.99534,0.995,0.99528,162860000,8
1334873280000,1334873759000,0.99529,0.9953,0.99498,0.99515,175000000,8
1334873760000,1334874239000,0.9952,0.99521,0.99503,0.9951,203760000,8
1334874240000,1334874719000,0.9951,0.9951,0.99493,0.99493,385540000,8
1334874720000,1334875199000,0.99494,0.99504,0.99493,0.99498,420360000,8
1334875200000,1334875679000,0.99498,0.99509,0.99493,0.99503,366520000,8
1334875680000,1334876159000,0.99489,0.99503,0.99478,0.99503,128980000,8
1334876160000,1334876639000,0.99496,0.99503,0.99475,0.99477,316730000,8
1334876640000,1334877119000,0.99477,0.99493,0.99477,0.99479,160980000,8
1334877120000,1334877599000,0.99479,0.99485,0.99477,0.99481,98650000,8
1334877600000,1334878079000,0.99481,0.99486,0.99479,0.99483,129040000,8
1334878080000,1334878559000,0.99484,0.99497,0.99473,0.99491,193240000,8
1334878560000,1334879039000,0.99491,0.99493,0.9946,0.99462,282330000,8
1334879040000,1334879519000,0.99464,0.99466,0.99453,0.99454,150620000,8
1334879520000,1334879999000,0.99455,0.99461,0.99445,0.99447,166080000,8
1334880000000,1334880479000,0.99449,0.9948,0.9944,0.99475,593300000,8
1334880480000,1334880959000,0.99475,0.99486,0.99469,0.99484,356850000,8
1334880960000,1334881439000,0.99486,0.99527,0.99485,0.99502,387530000,8
1334881440000,1334881919000,0.99503,0.99519,0.99497,0.99505,347860000,8
1334881920000,1334882399000,0.99505,0.99508,0.99493,0.99502,317550000,8
1334882400000,1334882879000,0.99502,0.99512,0.99461,0.99466,365910000,8
1334882880000,1334883359000,0.99466,0.99481,0.99451,0.99477,575240000,8
1334883360000,1334883839000,0.99478,0.99494,0.99467,0.99494,581650000,8
1334883840000,1334884319000,0.99491,0.99548,0.99491,0.99538,541750000,8
1334884320000,1334884799000,0.99538,0.99538,0.99503,0.99519,613790000,8
1334884800000,1334885279000,0.9952,0.99526,0.99501,0.99502,505740000,8
1334885280000,1334885759000,0.99502,0.9952,0.99495,0.99512,464200000,8
1334885760000,1334886239000,0.99513,0.9954,0.99511,0.99524,553890000,8
1334886240000,1334886719000,0.99522,0.99525,0.99489,0.99507,438240000,8
1334886720000,1334887199000,0.99506,0.99533,0.99506,0.99529,275980000,8
1334887200000,1334887679000,0.99529,0.99534,0.99512,0.99525,385740000,8
1334887680000,1334888159000,0.99525,0.99565,0.99522,0.99555,311230000,8
1334888160000,1334888639000,0.99555,0.99561,0.99497,0.99498,443160000,8
1334888640000,1334889119000,0.99496,0.99516,0.99492,0.99509,314930000,8
1334889120000,1334889599000,0.99509,0.99517,0.99486,0.99492,414620000,8
1334889600000,1334890079000,0.99493,0.99508,0.99491,0.99505,127690000,8
1334890080000,1334890559000,0.99505,0.99524,0.99494,0.99495,266010000,8
1334890560000,1334891039000,0.99495,0.99515,0.99484,0.99486,231670000,8
1334891040000,1334891519000,0.99485,0.99491,0.99455,0.99455,297580000,8
1334891520000,1334891999000,0.99458,0.99461,0.99445,0.99454,239510000,8
1334892000000,1334892479000,0.99455,0.99468,0.99442,0.9945,277510000,8
1334892480000,1334892959000,0.99452,0.99458,0.99443,0.99443,211470000,8
1334892960000,1334893439000,0.99443,0.99469,0.99443,0.9946,360030000,8
1334893440000,1334893919000,0.99459,0.99475,0.99455,0.99472,168030000,8
1334893920000,1334894399000,0.99473,0.995,0.99472,0.99482,298090000,8
1334894400000,1334894879000,0.99484,0.99488,0.99483,0.99485,188310000,8
1334894880000,1334895359000,0.99485,0.99488,0.99473,0.99473,243010000,8
1334895360000,1334895839000,0.99474,0.99483,0.99467,0.99475,242830000,8
1334895840000,1334896319000,0.99475,0.9948,0.9946,0.9946,201760000,8
1334896320000,1334896799000,0.99459,0.99471,0.99456,0.9947,222500000,8
1334896800000,1334897279000,0.9947,0.9947,0.99458,0.99458,234100000,8
1334897280000,1334897759000,0.99458,0.99471,0.99457,0.99457,199790000,8
1334897760000,1334898239000,0.9946,0.99464,0.99445,0.99452,248200000,8
1334898240000,1334898719000,0.99452,0.99497,0.99448,0.99492,436330000,8
1334898720000,1334899199000,0.99493,0.99497,0.99472,0.99473,350180000,8
1334899200000,1334899679000,0.99473,0.99497,0.99463,0.99487,369980000,8
1334899680000,1334900159000,0.99487,0.99489,0.99467,0.99479,376670000,8
1334900160000,1334900639000,0.99479,0.99494,0.99464,0.99467,489170000,8
1334900640000,1334901119000,0.99469,0.99472,0.99448,0.99467,514450000,8
1334901120000,1334901599000,0.99468,0.9948,0.99428,0.99438,547890000,8
1334901600000,1334902079000,0.99438,0.99448,0.99426,0.99428,475890000,8
1334902080000,1334902559000,0.99431,0.99455,0.99428,0.99441,550530000,8
1334902560000,1334903039000,0.99443,0.99491,0.99436,0.99444,613980000,8
1334903040000,1334903519000,0.99444,0.99469,0.99442,0.99466,587780000,8
1334903520000,1334903999000,0.99466,0.99467,0.99426,0.99466,491130000,8
1334904000000,1334904479000,0.99465,0.99479,0.99452,0.99467,776400000,8
1334904480000,1334904959000,0.99466,0.99479,0.99465,0.99475,537970000,8
1334904960000,1334905439000,0.99475,0.99549,0.9947,0.99526,1041130000,8
1334905440000,1334905919000,0.99526,0.99559,0.99511,0.9952,1313050000,8
1334905920000,1334906399000,0.99518,0.99565,0.99502,0.99555,1168920000,8
1334906400000,1334906879000,0.99554,0.99589,0.99526,0.99532,1229610000,8
1334906880000,1334907359000,0.99533,0.99534,0.99438,0.99438,1236960000,8
1334907360000,1334907839000,0.99438,0.99439,0.99397,0.99413,1228980000,8
1334907840000,1334908319000,0.9941,0.99434,0.9939,0.99413,1078150000,8
1334908320000,1334908799000,0.99412,0.99477,0.99397,0.99458,1143880000,8
1334908800000,1334909279000,0.99456,0.99464,0.99389,0.99399,1346950000,8
1334909280000,1334909759000,0.994,0.99405,0.99374,0.99378,1649990000,8
1334909760000,1334910239000,0.99378,0.99409,0.99369,0.99374,1267290000,8
1334910240000,1334910719000,0.99377,0.99389,0.99342,0.99355,1103810000,8
1334910720000,1334911199000,0.99356,0.99435,0.99349,0.9943,1327930000,8
1334911200000,1334911679000,0.9943,0.99499,0.99419,0.99459,1354280000,8
1334911680000,1334912159000,0.99459,0.99472,0.99425,0.99438,1292890000,8
1334912160000,1334912639000,0.99439,0.99458,0.99421,0.99443,787720000,8
1334912640000,1334913119000,0.99443,0.99475,0.99434,0.99443,1230780000,8
1334913120000,1334913599000,0.99443,0.9946,0.99423,0.9945,1229090000,8
1334913600000,1334914079000,0.9945,0.99454,0.99404,0.99419,1024230000,8
1334914080000,1334914559000,0.99416,0.99477,0.99416,0.99468,884460000,8
1334914560000,1334915039000,0.99469,0.99483,0.99435,0.9944,1155780000,8
1334915040000,1334915519000,0.99439,0.99447,0.99388,0.99394,928100000,8
1334915520000,1334915999000,0.99394,0.99408,0.99365,0.99376,1235930000,8
1334916000000,1334916479000,0.99375,0.99377,0.99286,0.99286,1413300000,8
1334916480000,1334916959000,0.99286,0.99296,0.99269,0.99278,1415720000,8
1334916960000,1334917439000,0.99277,0.99291,0.99248,0.99282,1292240000,8
1334917440000,1334917919000,0.99281,0.99289,0.9926,0.99279,1109390000,8
1334917920000,1334918399000,0.9928,0.99297,0.99189,0.99199,1376410000,8
1334918400000,1334918879000,0.99201,0.99202,0.99159,0.99187,1169010000,8
1334918880000,1334919359000,0.99185,0.99207,0.9916,0.99204,1219390000,8
1334919360000,1334919839000,0.99203,0.99225,0.9919,0.99211,1414980000,8
1334919840000,1334920319000,0.99211,0.9923,0.99183,0.99201,1127410000,8
1334920320000,1334920799000,0.99201,0.99211,0.99188,0.99191,753650000,8
1334920800000,1334921279000,0.99191,0.9922,0.99189,0.99192,1022080000,8
1334921280000,1334921759000,0.99192,0.99208,0.99179,0.99198,1055170000,8
1334921760000,1334922239000,0.99198,0.99206,0.99158,0.9917,931990000,8
1334922240000,1334922719000,0.99171,0.99186,0.99154,0.99157,902410000,8
1334922720000,1334923199000,0.99158,0.9916,0.99129,0.99147,941920000,8
1334923200000,1334923679000,0.99147,0.99148,0.99049,0.99053,1468710000,8
1334923680000,1334924159000,0.99053,0.99104,0.99052,0.99086,1140450000,8
1334924160000,1334924639000,0.99086,0.99116,0.99078,0.99115,1234220000,8
1334924640000,1334925119000,0.99116,0.99211,0.99085,0.99172,1546540000,8
1334925120000,1334925599000,0.9917,0.99244,0.99162,0.99215,1276130000,8
1334925600000,1334926079000,0.99216,0.99218,0.99143,0.99179,1354350000,8
1334926080000,1334926559000,0.99176,0.99196,0.99162,0.99195,1215900000,8
1334926560000,1334927039000,0.99194,0.99249,0.9918,0.99249,1422430000,8
1334927040000,1334927519000,0.99249,0.99249,0.99153,0.99153,1335120000,8
1334927520000,1334927999000,0.99156,0.99174,0.99122,0.99174,1477200000,8
1334928000000,1334928479000,0.99173,0.99194,0.99146,0.99152,1263170000,8
1334928480000,1334928959000,0.99149,0.99181,0.99102,0.99103,1853330000,8
1334928960000,1334929439000,0.99103,0.99149,0.99096,0.99142,2012720000,8
1334929440000,1334929919000,0.99144,0.99191,0.9913,0.99162,1959820000,8
1334929920000,1334930399000,0.99161,0.99183,0.99112,0.99145,2049740000,8
1334930400000,1334930879000,0.99143,0.99205,0.9914,0.99156,2094250000,8
1334930880000,1334931359000,0.99148,0.99149,0.99046,0.9906,2007340000,8
1334931360000,1334931839000,0.9906,0.99103,0.9904,0.99079,1772170000,8
1334931840000,1334932319000,0.99081,0.99087,0.99014,0.99036,1708990000,8
1334932320000,1334932799000,0.99034,0.99035,0.98967,0.99015,1559930000,8
1334932800000,1334933279000,0.99015,0.9908,0.99012,0.99073,1256850000,8
1334933280000,1334933759000,0.99073,0.99135,0.99066,0.99102,1356650000,8
1334933760000,1334934239000,0.99104,0.9913,0.99076,0.99118,1479550000,8
1334934240000,1334934719000,0.99119,0.99122,0.99095,0.99104,1380780000,8
1334934720000,1334935199000,0.99104,0.99122,0.9909,0.9909,1238700000,8
1334935200000,1334935679000,0.99089,0.99125,0.99081,0.99097,1263180000,8
1334935680000,1334936159000,0.99097,0.99126,0.99097,0.99125,1001310000,8
1334936160000,1334936639000,0.99125,0.99139,0.9911,0.99139,1106660000,8
1334936640000,1334937119000,0.99139,0.99144,0.99111,0.99123,997940000,8
1334937120000,1334937599000,0.99125,0.99125,0.99103,0.99118,1123060000,8
1334937600000,1334938079000,0.99118,0.9912,0.99063,0.99072,1031480000,8
1334938080000,1334938559000,0.99072,0.99085,0.99067,0.99081,765450000,8
1334938560000,1334939039000,0.99079,0.99102,0.99078,0.99084,733160000,8
1334939040000,1334939519000,0.99083,0.99102,0.9907,0.99076,648700000,8
1334939520000,1334939999000,0.99076,0.99082,0.99061,0.99062,558850000,8
1334940000000,1334940479000,0.99064,0.99091,0.99064,0.99086,809780000,8
1334940480000,1334940959000,0.99085,0.99101,0.99082,0.99099,646020000,8
1334940960000,1334941439000,0.991,0.9913,0.99096,0.99128,599650000,8
1334941440000,1334941919000,0.99129,0.99129,0.99101,0.99105,653070000,8
1334941920000,1334942399000,0.99106,0.99122,0.99106,0.99117,349640000,8
1334942400000,1334942879000,0.99117,0.99162,0.99117,0.99149,953880000,8
1334942880000,1334943359000,0.99149,0.9918,0.99141,0.99168,784110000,8
1334943360000,1334943839000,0.99169,0.99169,0.99144,0.99155,478300000,8
1334943840000,1334944319000,0.99154,0.99189,0.99146,0.99184,722350000,8
1334944320000,1334944799000,0.99182,0.99209,0.99181,0.99196,890550000,8
1334944800000,1334945279000,0.99196,0.99234,0.99189,0.99226,938920000,8
1334945280000,1334945759000,0.99224,0.9926,0.99224,0.99239,794600000,8
1334945760000,1334946239000,0.99239,0.99248,0.9922,0.99236,708660000,8
1334946240000,1334946719000,0.99238,0.99248,0.99225,0.99239,815110000,8
1334946720000,1334947199000,0.9924,0.9927,0.99234,0.99265,645820000,8
1334947200000,1334947679000,0.99266,0.99313,0.99258,0.99274,684320000,8
1334947680000,1334948159000,0.99273,0.99304,0.99266,0.99296,674310000,8
1334948160000,1334948639000,0.99299,0.9931,0.99283,0.99283,601510000,8
1334948640000,1334949119000,0.99283,0.99337,0.99282,0.99312,569130000,8
1334949120000,1334949599000,0.99313,0.99317,0.9928,0.99281,769260000,8
1334949600000,1334950079000,0.99281,0.99316,0.99272,0.99284,1049960000,8
1334950080000,1334950559000,0.99283,0.99284,0.99263,0.99266,464610000,8
1334950560000,1334951039000,0.99267,0.99267,0.99227,0.99233,544600000,8
1334951040000,1334951519000,0.99232,0.99259,0.99232,0.99252,654840000,8
1334951520000,1334951999000,0.99251,0.99289,0.9924,0.9924,778960000,8
1334952000000,1334952479000,0.99242,0.99245,0.99204,0.99207,370290000,8
1334952480000,1334952959000,0.99207,0.99284,0.99192,0.99282,377590000,8
1334952960000,1334953439000,0.99279,0.99284,0.99263,0.99265,255850000,8
1334953440000,1334953919000,0.99266,0.99272,0.99206,0.99213,484910000,8
1334953920000,1334954399000,0.99211,0.99218,0.99193,0.9921,165380000,8
1334954400000,1334954879000,0.99214,0.99214,0.99193,0.99197,104800000,8
1334954880000,1334955359000,0.99196,0.99199,0.99167,0.99195,230940000,8
1334955360000,1334955839000,0.99197,0.99262,0.99188,0.99223,184130000,8
1334955840000,1334956319000,0.99223,0.99223,0.99223,0.99223,0,8
1334956320000,1334956799000,0.99223,0.99223,0.99223,0.99223,0,8
1334956800000,1334957279000,0.99223,0.99223,0.99223,0.99223,0,8
1334957280000,1334957759000,0.99223,0.99223,0.99223,0.99223,0,8
1334957760000,1334958239000,0.99223,0.99223,0.99223,0.99223,0,8
1334958240000,1334958719000,0.99223,0.99223,0.99223,0.99223,0,8
1334958720000,1334959199000,0.99223,0.99223,0.99223,0.99223,0,8
1334959200000,1334959679000,0.99223,0.99223,0.99223,0.99223,0,8
1334959680000,1334960159000,0.99223,0.99223,0.99223,0.99223,0,8
1334960160000,1334960639000,0.99223,0.99223,0.99223,0.99223,0,8
1334960640000,1334961119000,0.99223,0.99223,0.99223,0.99223,0,8
1334961120000,1334961599000,0.99223,0.99223,0.99223,0.99223,0,8
1334961600000,1334962079000,0.99223,0.99223,0.99223,0.99223,0,8
1334962080000,1334962559000,0.99223,0.99223,0.99223,0.99223,0,8
1334962560000,1334963039000,0.99223,0.99223,0.99223,0.99223,0,8
1334963040000,1334963519000,0.99223,0.99223,0.99223,0.99223,0,8
1334963520000,1334963999000,0.99223,0.99223,0.99223,0.99223,0,8
1334964000000,1334964479000,0.99223,0.99223,0.99223,0.99223,0,8
1334964480000,1334964959000,0.99223,0.99223,0.99223,0.99223,0,8
1334964960000,1334965439000,0.99223,0.99223,0.99223,0.99223,0,8
1334965440000,1334965919000,0.99223,0.99223,0.99223,0.99223,0,8
1334965920000,1334966399000,0.99223,0.99223,0.99223,0.99223,0,8
1335052800000,1335053279000,0.99173,0.99173,0.99173,0.99173,0,8
1335053280000,1335053759000,0.99173,0.99173,0.99173,0.99173,0,8
1335053760000,1335054239000,0.99173,0.99173,0.99173,0.99173,0,8
1335054240000,1335054719000,0.99173,0.99173,0.99173,0.99173,0,8
1335054720000,1335055199000,0.99173,0.99173,0.99173,0.99173,0,8
1335055200000,1335055679000,0.99173,0.99173,0.99173,0.99173,0,8
1335055680000,1335056159000,0.99173,0.99173,0.99173,0.99173,0,8
1335056160000,1335056639000,0.99173,0.99173,0.99173,0.99173,0,8
1335056640000,1335057119000,0.99173,0.99173,0.99173,0.99173,0,8
1335057120000,1335057599000,0.99173,0.99173,0.99173,0.99173,0,8
1335057600000,1335058079000,0.99173,0.99173,0.99173,0.99173,0,8
1335058080000,1335058559000,0.99173,0.99173,0.99173,0.99173,0,8
1335058560000,1335059039000,0.99173,0.99173,0.99173,0.99173,0,8
1335059040000,1335059519000,0.99173,0.99173,0.99173,0.99173,0,8
1335059520000,1335059999000,0.99173,0.99173,0.99173,0.99173,0,8
1335060000000,1335060479000,0.99173,0.99173,0.99173,0.99173,0,8
1335060480000,1335060959000,0.99173,0.99173,0.99173,0.99173,0,8
1335060960000,1335061439000,0.99173,0.99173,0.99173,0.99173,0,8
1335061440000,1335061919000,0.99173,0.99173,0.99173,0.99173,0,8
1335061920000,1335062399000,0.99173,0.99173,0.99173,0.99173,0,8
1335062400000,1335062879000,0.99173,0.99173,0.99173,0.99173,0,8
1335062880000,1335063359000,0.99173,0.99173,0.99173,0.99173,0,8
1335063360000,1335063839000,0.99173,0.99173,0.99173,0.99173,0,8
1335063840000,1335064319000,0.99173,0.99173,0.99173,0.99173,0,8
1335064320000,1335064799000,0.99173,0.99173,0.99173,0.99173,0,8
1335064800000,1335065279000,0.99173,0.99173,0.99173,0.99173,0,8
1335065280000,1335065759000,0.99173,0.99173,0.99173,0.99173,0,8
1335065760000,1335066239000,0.99173,0.99173,0.99173,0.99173,0,8
1335066240000,1335066719000,0.99173,0.99173,0.99173,0.99173,0,8
1335066720000,1335067199000,0.99173,0.99173,0.99173,0.99173,0,8
1335067200000,1335067679000,0.99173,0.99173,0.99173,0.99173,0,8
1335067680000,1335068159000,0.99173,0.99173,0.99173,0.99173,0,8
1335068160000,1335068639000,0.99173,0.99173,0.99173,0.99173,0,8
1335068640000,1335069119000,0.99173,0.99173,0.99173,0.99173,0,8
1335069120000,1335069599000,0.99173,0.99173,0.99173,0.99173,0,8
1335069600000,1335070079000,0.99173,0.99173,0.99173,0.99173,0,8
1335070080000,1335070559000,0.99173,0.99173,0.99173,0.99173,0,8
1335070560000,1335071039000,0.99173,0.99173,0.99173,0.99173,0,8
1335071040000,1335071519000,0.99173,0.99173,0.99173,0.99173,0,8
1335071520000,1335071999000,0.99173,0.99173,0.99173,0.99173,0,8
1335072000000,1335072479000,0.99173,0.99173,0.99173,0.99173,0,8
1335072480000,1335072959000,0.99173,0.99173,0.99173,0.99173,0,8
1335072960000,1335073439000,0.99173,0.99173,0.99173,0.99173,0,8
1335073440000,1335073919000,0.99173,0.99173,0.99173,0.99173,0,8
1335073920000,1335074399000,0.99173,0.99173,0.99173,0.99173,0,8
1335074400000,1335074879000,0.99173,0.99173,0.99173,0.99173,0,8
1335074880000,1335075359000,0.99173,0.99173,0.99173,0.99173,0,8
1335075360000,1335075839000,0.99173,0.99173,0.99173,0.99173,0,8
1335075840000,1335076319000,0.99173,0.99173,0.99173,0.99173,0,8
1335076320000,1335076799000,0.99173,0.99173,0.99173,0.99173,0,8
1335076800000,1335077279000,0.99173,0.99173,0.99173,0.99173,0,8
1335077280000,1335077759000,0.99173,0.99173,0.99173,0.99173,0,8
1335077760000,1335078239000,0.99173,0.99173,0.99173,0.99173,0,8
1335078240000,1335078719000,0.99173,0.99173,0.99173,0.99173,0,8
1335078720000,1335079199000,0.99173,0.99173,0.99173,0.99173,0,8
1335079200000,1335079679000,0.99173,0.99173,0.99173,0.99173,0,8
1335079680000,1335080159000,0.99173,0.99173,0.99173,0.99173,0,8
1335080160000,1335080639000,0.99173,0.99173,0.99173,0.99173,0,8
1335080640000,1335081119000,0.99173,0.99173,0.99173,0.99173,0,8
1335081120000,1335081599000,0.99173,0.99173,0.99173,0.99173,0,8
1335081600000,1335082079000,0.99173,0.99173,0.99173,0.99173,0,8
1335082080000,1335082559000,0.99173,0.99173,0.99173,0.99173,0,8
1335082560000,1335083039000,0.99173,0.99173,0.99173,0.99173,0,8
1335083040000,1335083519000,0.99173,0.99173,0.99173,0.99173,0,8
1335083520000,1335083999000,0.99173,0.99173,0.99173,0.99173,0,8
1335084000000,1335084479000,0.99173,0.99173,0.99173,0.99173,0,8
1335084480000,1335084959000,0.99173,0.99173,0.99173,0.99173,0,8
1335084960000,1335085439000,0.99173,0.99173,0.99173,0.99173,0,8
1335085440000,1335085919000,0.99173,0.99173,0.99173,0.99173,0,8
1335085920000,1335086399000,0.99173,0.99173,0.99173,0.99173,0,8
1335086400000,1335086879000,0.99173,0.99173,0.99173,0.99173,0,8
1335086880000,1335087359000,0.99173,0.99173,0.99173,0.99173,0,8
1335087360000,1335087839000,0.99173,0.99173,0.99173,0.99173,0,8
1335087840000,1335088319000,0.99173,0.99173,0.99173,0.99173,0,8
1335088320000,1335088799000,0.99173,0.99173,0.99173,0.99173,0,8
1335088800000,1335089279000,0.99173,0.99173,0.99173,0.99173,0,8
1335089280000,1335089759000,0.99173,0.99173,0.99173,0.99173,0,8
1335089760000,1335090239000,0.99173,0.99173,0.99173,0.99173,0,8
1335090240000,1335090719000,0.99173,0.99173,0.99173,0.99173,0,8
1335090720000,1335091199000,0.99173,0.99173,0.99173,0.99173,0,8
1335091200000,1335091679000,0.99173,0.99173,0.99173,0.99173,0,8
1335091680000,1335092159000,0.99173,0.99173,0.99173,0.99173,0,8
1335092160000,1335092639000,0.99173,0.99173,0.99173,0.99173,0,8
1335092640000,1335093119000,0.99173,0.99173,0.99173,0.99173,0,8
1335093120000,1335093599000,0.99173,0.99173,0.99173,0.99173,0,8
1335093600000,1335094079000,0.99173,0.99173,0.99173,0.99173,0,8
1335094080000,1335094559000,0.99173,0.99173,0.99173,0.99173,0,8
1335094560000,1335095039000,0.99173,0.99173,0.99173,0.99173,0,8
1335095040000,1335095519000,0.99173,0.99173,0.99173,0.99173,0,8
1335095520000,1335095999000,0.99173,0.99173,0.99173,0.99173,0,8
1335096000000,1335096479000,0.99173,0.99173,0.99173,0.99173,0,8
1335096480000,1335096959000,0.99173,0.99173,0.99173,0.99173,0,8
1335096960000,1335097439000,0.99173,0.99173,0.99173,0.99173,0,8
1335097440000,1335097919000,0.99173,0.99173,0.99173,0.99173,0,8
1335097920000,1335098399000,0.99173,0.99173,0.99173,0.99173,0,8
1335098400000,1335098879000,0.99173,0.99173,0.99173,0.99173,0,8
1335098880000,1335099359000,0.99173,0.99173,0.99173,0.99173,0,8
1335099360000,1335099839000,0.99173,0.99173,0.99173,0.99173,0,8
1335099840000,1335100319000,0.99173,0.99173,0.99173,0.99173,0,8
1335100320000,1335100799000,0.99173,0.99173,0.99173,0.99173,0,8
1335100800000,1335101279000,0.99173,0.99173,0.99173,0.99173,0,8
1335101280000,1335101759000,0.99173,0.99173,0.99173,0.99173,0,8
1335101760000,1335102239000,0.99173,0.99173,0.99173,0.99173,0,8
1335102240000,1335102719000,0.99173,0.99173,0.99173,0.99173,0,8
1335102720000,1335103199000,0.99173,0.99173,0.99173,0.99173,0,8
1335103200000,1335103679000,0.99173,0.99173,0.99173,0.99173,0,8
1335103680000,1335104159000,0.99173,0.99173,0.99173,0.99173,0,8
1335104160000,1335104639000,0.99173,0.99173,0.99173,0.99173,0,8
1335104640000,1335105119000,0.99173,0.99173,0.99173,0.99173,0,8
1335105120000,1335105599000,0.99173,0.99173,0.99173,0.99173,0,8
1335105600000,1335106079000,0.99173,0.99173,0.99173,0.99173,0,8
1335106080000,1335106559000,0.99173,0.99173,0.99173,0.99173,0,8
1335106560000,1335107039000,0.99173,0.99173,0.99173,0.99173,0,8
1335107040000,1335107519000,0.99173,0.99173,0.99173,0.99173,0,8
1335107520000,1335107999000,0.99173,0.99173,0.99173,0.99173,0,8
1335108000000,1335108479000,0.99173,0.99173,0.99173,0.99173,0,8
1335108480000,1335108959000,0.99173,0.99173,0.99173,0.99173,0,8
1335108960000,1335109439000,0.99173,0.99173,0.99173,0.99173,0,8
1335109440000,1335109919000,0.99173,0.99173,0.99173,0.99173,0,8
1335109920000,1335110399000,0.99173,0.99173,0.99173,0.99173,0,8
1335110400000,1335110879000,0.99173,0.99173,0.99173,0.99173,0,8
1335110880000,1335111359000,0.99173,0.99173,0.99173,0.99173,0,8
1335111360000,1335111839000,0.99173,0.99173,0.99173,0.99173,0,8
1335111840000,1335112319000,0.99173,0.99173,0.99173,0.99173,0,8
1335112320000,1335112799000,0.99173,0.99173,0.99173,0.99173,0,8
1335112800000,1335113279000,0.99173,0.99173,0.99173,0.99173,0,8
1335113280000,1335113759000,0.99173,0.99173,0.99173,0.99173,0,8
1335113760000,1335114239000,0.99173,0.99173,0.99173,0.99173,0,8
1335114240000,1335114719000,0.99173,0.99173,0.99173,0.99173,0,8
1335114720000,1335115199000,0.99173,0.99173,0.99173,0.99173,0,8
1335115200000,1335115679000,0.99173,0.99173,0.99173,0.99173,0,8
1335115680000,1335116159000,0.99173,0.99173,0.99173,0.99173,0,8
1335116160000,1335116639000,0.99173,0.99173,0.99173,0.99173,0,8
1335116640000,1335117119000,0.99173,0.99173,0.99173,0.99173,0,8
1335117120000,1335117599000,0.99173,0.99173,0.99173,0.99173,0,8
1335117600000,1335118079000,0.99173,0.99173,0.99173,0.99173,0,8
1335118080000,1335118559000,0.99173,0.99173,0.99173,0.99173,0,8
1335118560000,1335119039000,0.99173,0.99173,0.99173,0.99173,0,8
1335119040000,1335119519000,0.99173,0.99173,0.99173,0.99173,0,8
1335119520000,1335119999000,0.99173,0.99173,0.99173,0.99173,0,8
1335120000000,1335120479000,0.99173,0.99173,0.99173,0.99173,0,8
1335120480000,1335120959000,0.99173,0.99173,0.99173,0.99173,0,8
1335120960000,1335121439000,0.99173,0.99173,0.99173,0.99173,0,8
1335121440000,1335121919000,0.99173,0.99173,0.99173,0.99173,0,8
1335121920000,1335122399000,0.99173,0.99173,0.99173,0.99173,0,8
1335122400000,1335122879000,0.99173,0.99173,0.99173,0.99173,0,8
1335122880000,1335123359000,0.99173,0.99173,0.99173,0.99173,0,8
1335123360000,1335123839000,0.99173,0.99173,0.99173,0.99173,0,8
1335123840000,1335124319000,0.99173,0.99173,0.99173,0.99173,0,8
1335124320000,1335124799000,0.99173,0.99173,0.99173,0.99173,0,8
1335124800000,1335125279000,0.99173,0.99173,0.99173,0.99173,0,8
1335125280000,1335125759000,0.99173,0.99173,0.99173,0.99173,0,8
1335125760000,1335126239000,0.99173,0.99173,0.99173,0.99173,0,8
1335126240000,1335126719000,0.99173,0.99173,0.99173,0.99173,0,8
1335126720000,1335127199000,0.99173,0.99173,0.99173,0.99173,0,8
1335127200000,1335127679000,0.99173,0.99173,0.99173,0.99173,0,8
1335127680000,1335128159000,0.99173,0.99173,0.99173,0.99173,0,8
1335128160000,1335128639000,0.99173,0.99224,0.99173,0.99224,26690000,8
1335128640000,1335129119000,0.99213,0.99225,0.99196,0.99216,115540000,8
1335129120000,1335129599000,0.99216,0.99279,0.99214,0.99277,59320000,8
1335129600000,1335130079000,0.99265,0.99289,0.99265,0.99287,34910000,8
1335130080000,1335130559000,0.99294,0.99297,0.99267,0.99272,226620000,8
1335130560000,1335131039000,0.99269,0.9927,0.99196,0.9925,103170000,8
1335131040000,1335131519000,0.99196,0.99288,0.99194,0.99268,217210000,8
1335131520000,1335131999000,0.99255,0.9929,0.99236,0.99261,158460000,8
1335132000000,1335132479000,0.99261,0.99331,0.99255,0.99327,102190000,8
1335132480000,1335132959000,0.99327,0.99342,0.99288,0.99288,57560000,8
1335132960000,1335133439000,0.99288,0.99306,0.99282,0.99306,136430000,8
1335133440000,1335133919000,0.99306,0.9932,0.99284,0.99293,265630000,8
1335133920000,1335134399000,0.99292,0.99298,0.99282,0.99285,271320000,8
1335134400000,1335134879000,0.99291,0.99311,0.99282,0.9931,315010000,8
1335134880000,1335135359000,0.99313,0.99313,0.99269,0.9927,268510000,8
1335135360000,1335135839000,0.9927,0.99314,0.99267,0.99314,139320000,8
1335135840000,1335136319000,0.99314,0.99324,0.99304,0.99316,83630000,8
1335136320000,1335136799000,0.9932,0.99341,0.99308,0.99339,130940000,8
1335136800000,1335137279000,0.99339,0.99347,0.99338,0.99341,260910000,8
1335137280000,1335137759000,0.99342,0.99344,0.99335,0.99336,275580000,8
1335137760000,1335138239000,0.99336,0.99353,0.99336,0.99349,192620000,8
1335138240000,1335138719000,0.99348,0.99348,0.99308,0.99329,321880000,8
1335138720000,1335139199000,0.99329,0.99338,0.99291,0.99305,387640000,8
1335139200000,1335139679000,0.99306,0.99342,0.99305,0.99325,586840000,8
1335139680000,1335140159000,0.99327,0.9933,0.99315,0.9933,596470000,8
1335140160000,1335140639000,0.99332,0.99339,0.99319,0.99326,324010000,8
1335140640000,1335141119000,0.99326,0.99351,0.99323,0.9935,402290000,8
1335141120000,1335141599000,0.9935,0.99366,0.99346,0.99362,227000000,8
1335141600000,1335142079000,0.99363,0.99367,0.99337,0.99342,261890000,8
1335142080000,1335142559000,0.99342,0.99371,0.99341,0.99364,877650000,8
1335142560000,1335143039000,0.99365,0.99405,0.99364,0.9938,612890000,8
1335143040000,1335143519000,0.99379,0.99435,0.99364,0.99431,631200000,8
1335143520000,1335143999000,0.99431,0.99439,0.99401,0.99411,411140000,8
1335144000000,1335144479000,0.99411,0.99422,0.99404,0.9941,317880000,8
1335144480000,1335144959000,0.9941,0.99472,0.99404,0.99472,881060000,8
1335144960000,1335145439000,0.99473,0.99473,0.99444,0.99455,413910000,8
1335145440000,1335145919000,0.99455,0.99458,0.9943,0.99442,324930000,8
1335145920000,1335146399000,0.99442,0.99472,0.99439,0.99452,625530000,8
1335146400000,1335146879000,0.99452,0.9948,0.99445,0.99445,554990000,8
1335146880000,1335147359000,0.99445,0.9946,0.9943,0.99438,602460000,8
1335147360000,1335147839000,0.99438,0.99442,0.99421,0.99422,350960000,8
1335147840000,1335148319000,0.99427,0.9944,0.99383,0.99406,595420000,8
1335148320000,1335148799000,0.99406,0.99429,0.99382,0.99389,414760000,8
1335148800000,1335149279000,0.99389,0.99398,0.99376,0.99385,277160000,8
1335149280000,1335149759000,0.99384,0.99393,0.99373,0.99393,267390000,8
1335149760000,1335150239000,0.99394,0.99402,0.9938,0.99381,310120000,8
1335150240000,1335150719000,0.99381,0.99388,0.99381,0.99383,176290000,8
1335150720000,1335151199000,0.99381,0.99388,0.99374,0.99386,211840000,8
1335151200000,1335151679000,0.99386,0.99392,0.99381,0.99386,168080000,8
1335151680000,1335152159000,0.99386,0.99392,0.99384,0.99384,407940000,8
1335152160000,1335152639000,0.99385,0.99385,0.99373,0.99375,272150000,8
1335152640000,1335153119000,0.99375,0.99384,0.99374,0.99381,490750000,8
1335153120000,1335153599000,0.99383,0.99388,0.99377,0.99385,412720000,8
1335153600000,1335154079000,0.99384,0.99393,0.99381,0.99384,226790000,8
1335154080000,1335154559000,0.99385,0.99391,0.99384,0.99388,198450000,8
1335154560000,1335155039000,0.99389,0.99398,0.99378,0.99379,316390000,8
1335155040000,1335155519000,0.9938,0.99382,0.99371,0.99374,338890000,8
1335155520000,1335155999000,0.99372,0.99375,0.99354,0.99366,394450000,8
1335156000000,1335156479000,0.99366,0.99368,0.99353,0.99364,180050000,8
1335156480000,1335156959000,0.99362,0.9939,0.99362,0.9937,330990000,8
1335156960000,1335157439000,0.9937,0.99376,0.99312,0.99318,758200000,8
1335157440000,1335157919000,0.99318,0.99369,0.99311,0.99361,588980000,8
1335157920000,1335158399000,0.99361,0.99367,0.99331,0.99343,465860000,8
1335158400000,1335158879000,0.99342,0.99346,0.99318,0.99321,426510000,8
1335158880000,1335159359000,0.99321,0.99368,0.99304,0.99355,288850000,8
1335159360000,1335159839000,0.99353,0.99381,0.9934,0.99373,431000000,8
1335159840000,1335160319000,0.99373,0.99386,0.99351,0.99356,390980000,8
1335160320000,1335160799000,0.99356,0.99368,0.99349,0.99351,543490000,8
1335160800000,1335161279000,0.99351,0.99389,0.99344,0.99386,579380000,8
1335161280000,1335161759000,0.99386,0.99394,0.99362,0.99366,755240000,8
1335161760000,1335162239000,0.99374,0.99393,0.99354,0.99388,468010000,8
1335162240000,1335162719000,0.99391,0.99399,0.99372,0.99378,607800000,8
1335162720000,1335163199000,0.99378,0.99389,0.99372,0.99389,572000000,8
1335163200000,1335163679000,0.99389,0.99408,0.99387,0.99398,429310000,8
1335163680000,1335164159000,0.99398,0.99409,0.99384,0.99385,712790000,8
1335164160000,1335164639000,0.99385,0.99452,0.9938,0.99439,1386250000,8
1335164640000,1335165119000,0.99439,0.99482,0.99439,0.99445,1591300000,8
1335165120000,1335165599000,0.99445,0.99526,0.99443,0.99461,1538860000,8
1335165600000,1335166079000,0.99464,0.99475,0.99433,0.99452,1085860000,8
1335166080000,1335166559000,0.99452,0.99513,0.99452,0.99489,1642950000,8
1335166560000,1335167039000,0.99487,0.9956,0.99484,0.99552,1774080000,8
1335167040000,1335167519000,0.99551,0.99579,0.9954,0.99557,1769150000,8
1335167520000,1335167999000,0.99556,0.99576,0.9954,0.99573,1298570000,8
1335168000000,1335168479000,0.99572,0.99677,0.99572,0.99635,1960720000,8
1335168480000,1335168959000,0.99635,0.99647,0.9956,0.99563,1397290000,8
1335168960000,1335169439000,0.99563,0.99568,0.99531,0.99535,1108050000,8
1335169440000,1335169919000,0.99535,0.99547,0.99517,0.99527,946950000,8
1335169920000,1335170399000,0.99527,0.99537,0.99504,0.99533,826150000,8
1335170400000,1335170879000,0.99531,0.99594,0.99531,0.99584,1046850000,8
1335170880000,1335171359000,0.99582,0.99626,0.99556,0.9956,1068380000,8
1335171360000,1335171839000,0.9956,0.99575,0.99532,0.99557,966060000,8
1335171840000,1335172319000,0.99563,0.99609,0.99543,0.99564,1426400000,8
1335172320000,1335172799000,0.99565,0.99627,0.99542,0.99626,1093310000,8
1335172800000,1335173279000,0.99628,0.99676,0.99626,0.99656,1130690000,8
1335173280000,1335173759000,0.99656,0.99682,0.99642,0.99674,1089150000,8
1335173760000,1335174239000,0.99674,0.99712,0.99663,0.99706,1269620000,8
1335174240000,1335174719000,0.99706,0.99708,0.99651,0.99651,1243110000,8
1335174720000,1335175199000,0.99651,0.99654,0.99584,0.99606,1154560000,8
1335175200000,1335175679000,0.99608,0.99669,0.99603,0.99624,1082570000,8
1335175680000,1335176159000,0.99624,0.99636,0.99602,0.99611,872580000,8
1335176160000,1335176639000,0.99611,0.99658,0.99603,0.99652,797710000,8
1335176640000,1335177119000,0.99652,0.99668,0.99642,0.99664,740850000,8
1335177120000,1335177599000,0.99663,0.99665,0.99631,0.99644,869390000,8
1335177600000,1335178079000,0.99644,0.99685,0.99639,0.99683,1113460000,8
1335178080000,1335178559000,0.99683,0.99706,0.99662,0.99675,1434840000,8
1335178560000,1335179039000,0.99676,0.99718,0.99663,0.99713,1323520000,8
1335179040000,1335179519000,0.99713,0.99746,0.99713,0.99742,1109250000,8
1335179520000,1335179999000,0.99742,0.99753,0.99713,0.99714,1065260000,8
1335180000000,1335180479000,0.99713,0.99748,0.99697,0.99702,1112090000,8
1335180480000,1335180959000,0.99702,0.99726,0.9969,0.99713,1360060000,8
1335180960000,1335181439000,0.99713,0.99784,0.99694,0.99755,1417540000,8
1335181440000,1335181919000,0.99753,0.99765,0.99713,0.9972,1461880000,8
1335181920000,1335182399000,0.9972,0.99723,0.9967,0.99703,1377830000,8
1335182400000,1335182879000,0.99703,0.99748,0.99701,0.99739,1375900000,8
1335182880000,1335183359000,0.99738,0.99772,0.99702,0.99734,1391560000,8
1335183360000,1335183839000,0.99733,0.9976,0.99712,0.99731,1213950000,8
1335183840000,1335184319000,0.99726,0.9973,0.99651,0.99654,1664190000,8
1335184320000,1335184799000,0.99654,0.99657,0.99598,0.99603,1359150000,8
1335184800000,1335185279000,0.99603,0.99625,0.99596,0.99623,1118670000,8
1335185280000,1335185759000,0.99625,0.99665,0.99617,0.99656,904820000,8
1335185760000,1335186239000,0.99656,0.99692,0.99631,0.99686,1152040000,8
1335186240000,1335186719000,0.99685,0.99737,0.99682,0.99717,1264450000,8
1335186720000,1335187199000,0.99718,0.99718,0.9967,0.99673,1084870000,8
1335187200000,1335187679000,0.99673,0.99676,0.99643,0.99646,1188860000,8
1335187680000,1335188159000,0.99646,0.99713,0.99634,0.99687,1383430000,8
1335188160000,1335188639000,0.99687,0.99688,0.99582,0.99586,1713020000,8
1335188640000,1335189119000,0.99586,0.99687,0.99585,0.99668,1737990000,8
1335189120000,1335189599000,0.99668,0.99698,0.99656,0.99659,1651540000,8
1335189600000,1335190079000,0.99659,0.99746,0.99659,0.99742,1893240000,8
1335190080000,1335190559000,0.99741,0.99766,0.99701,0.99703,1939160000,8
1335190560000,1335191039000,0.99702,0.99759,0.99682,0.99712,1756190000,8
1335191040000,1335191519000,0.9971,0.99728,0.99685,0.99719,1810980000,8
1335191520000,1335191999000,0.99717,0.99721,0.99635,0.99646,1726740000,8
1335192000000,1335192479000,0.99644,0.99688,0.99637,0.99644,1449160000,8
1335192480000,1335192959000,0.99647,0.99647,0.99578,0.99578,1681070000,8
1335192960000,1335193439000,0.99577,0.99588,0.99483,0.99507,1662990000,8
1335193440000,1335193919000,0.99505,0.99509,0.99443,0.99466,1235540000,8
1335193920000,1335194399000,0.99468,0.99506,0.99461,0.99489,1502690000,8
1335194400000,1335194879000,0.9949,0.99499,0.99465,0.99468,1350740000,8
1335194880000,1335195359000,0.99471,0.99479,0.99417,0.99418,1279330000,8
1335195360000,1335195839000,0.99419,0.99421,0.99343,0.99357,1382060000,8
1335195840000,1335196319000,0.99357,0.99403,0.99352,0.99394,902530000,8
1335196320000,1335196799000,0.99392,0.99395,0.9935,0.9935,1051750000,8
1335196800000,1335197279000,0.9935,0.99407,0.9935,0.99366,1593640000,8
1335197280000,1335197759000,0.99366,0.99374,0.99329,0.99374,1084010000,8
1335197760000,1335198239000,0.99372,0.9939,0.99371,0.99382,659790000,8
1335198240000,1335198719000,0.99382,0.9939,0.9935,0.99387,932760000,8
1335198720000,1335199199000,0.99388,0.9941,0.99383,0.99407,1052880000,8
1335199200000,1335199679000,0.99409,0.99409,0.99394,0.99402,924140000,8
1335199680000,1335200159000,0.99402,0.99413,0.99397,0.99404,542140000,8
1335200160000,1335200639000,0.99403,0.99404,0.99378,0.99387,838510000,8
1335200640000,1335201119000,0.99386,0.99391,0.99378,0.99387,678860000,8
1335201120000,1335201599000,0.99386,0.9939,0.9937,0.99375,756080000,8
1335201600000,1335202079000,0.99377,0.99378,0.9934,0.99348,658260000,8
1335202080000,1335202559000,0.99348,0.99348,0.9925,0.9925,767360000,8
1335202560000,1335203039000,0.99251,0.99276,0.99234,0.99273,783270000,8
1335203040000,1335203519000,0.99276,0.993,0.99266,0.99275,887920000,8
1335203520000,1335203999000,0.99275,0.9932,0.9927,0.99315,797150000,8
1335204000000,1335204479000,0.99315,0.99337,0.99301,0.99334,848010000,8
1335204480000,1335204959000,0.99334,0.99338,0.9928,0.9928,694750000,8
1335204960000,1335205439000,0.99282,0.99287,0.9924,0.99258,1142750000,8
1335205440000,1335205919000,0.99258,0.99268,0.99231,0.99253,1142410000,8
1335205920000,1335206399000,0.99252,0.99254,0.99217,0.99243,986180000,8
1335206400000,1335206879000,0.99243,0.99266,0.99208,0.99208,878030000,8
1335206880000,1335207359000,0.99208,0.9922,0.99208,0.99208,509500000,8
1335207360000,1335207839000,0.99208,0.9922,0.9919,0.9921,867980000,8
1335207840000,1335208319000,0.9921,0.99221,0.99143,0.99191,981720000,8
1335208320000,1335208799000,0.99194,0.99201,0.99172,0.99182,850600000,8
1335208800000,1335209279000,0.99183,0.99215,0.9917,0.99203,728540000,8
1335209280000,1335209759000,0.99203,0.99206,0.99171,0.99178,728280000,8
1335209760000,1335210239000,0.99179,0.9918,0.99114,0.99127,765630000,8
1335210240000,1335210719000,0.99128,0.9914,0.9911,0.99113,764450000,8
1335210720000,1335211199000,0.99112,0.99115,0.9909,0.99093,824190000,8
1335211200000,1335211679000,0.99095,0.99117,0.99095,0.99105,721330000,8
1335211680000,1335212159000,0.99105,0.99105,0.99081,0.99104,536590000,8
1335212160000,1335212639000,0.99104,0.9912,0.99092,0.9912,332040000,8
1335212640000,1335213119000,0.99117,0.99119,0.99088,0.99094,307570000,8
1335213120000,1335213599000,0.99095,0.99095,0.99085,0.99094,184340000,8
1335213600000,1335214079000,0.99094,0.99106,0.99059,0.99064,545360000,8
1335214080000,1335214559000,0.99064,0.9908,0.99049,0.99075,363580000,8
1335214560000,1335215039000,0.99075,0.99147,0.99067,0.99072,409590000,8
1335215040000,1335215519000,0.99072,0.99084,0.99046,0.9908,186650000,8
1335215520000,1335215999000,0.9908,0.99106,0.99075,0.99091,125750000,8
1335216000000,1335216479000,0.9909,0.99105,0.9909,0.99098,78930000,8
1335216480000,1335216959000,0.99098,0.99104,0.99076,0.9909,80680000,8
1335216960000,1335217439000,0.9909,0.991,0.99062,0.99086,82610000,8
1335217440000,1335217919000,0.99086,0.99095,0.9906,0.99061,118940000,8
1335217920000,1335218399000,0.99062,0.99071,0.99052,0.99071,98110000,8
1335218400000,1335218879000,0.99069,0.99084,0.99069,0.99082,79700000,8
1335218880000,1335219359000,0.99081,0.99093,0.9908,0.99081,54860000,8
1335219360000,1335219839000,0.99082,0.99084,0.99073,0.99075,279480000,8
1335219840000,1335220319000,0.99074,0.9909,0.99073,0.99082,421190000,8
1335220320000,1335220799000,0.99083,0.99088,0.99079,0.99086,228050000,8
1335220800000,1335221279000,0.99082,0.99087,0.99077,0.99078,190510000,8
1335221280000,1335221759000,0.99079,0.99088,0.99075,0.99079,377830000,8
1335221760000,1335222239000,0.9908,0.9908,0.99048,0.99062,392060000,8
1335222240000,1335222719000,0.99062,0.99071,0.99061,0.9907,267980000,8
1335222720000,1335223199000,0.9907,0.99081,0.99068,0.99072,285140000,8
1335223200000,1335223679000,0.99073,0.99082,0.99071,0.9908,157970000,8
1335223680000,1335224159000,0.9908,0.99095,0.9908,0.99092,304330000,8
1335224160000,1335224639000,0.99093,0.99098,0.99079,0.99082,215310000,8
1335224640000,1335225119000,0.99083,0.99112,0.99081,0.99108,388540000,8
1335225120000,1335225599000,0.99103,0.99117,0.99099,0.99116,423990000,8
1335225600000,1335226079000,0.99116,0.99124,0.99113,0.99118,303670000,8
1335226080000,1335226559000,0.99117,0.99129,0.99099,0.99107,396650000,8
1335226560000,1335227039000,0.99105,0.99107,0.9907,0.99077,288370000,8
1335227040000,1335227519000,0.99076,0.99086,0.99063,0.99065,406530000,8
1335227520000,1335227999000,0.99066,0.99134,0.99065,0.9912,509000000,8
1335228000000,1335228479000,0.9912,0.9914,0.99109,0.99114,662940000,8
1335228480000,1335228959000,0.99113,0.99148,0.99108,0.99137,695670000,8
1335228960000,1335229439000,0.99137,0.99158,0.99121,0.99142,812760000,8
1335229440000,1335229919000,0.99143,0.99161,0.99136,0.99157,386470000,8
1335229920000,1335230399000,0.99157,0.99215,0.99157,0.99193,900080000,8
1335230400000,1335230879000,0.99195,0.99203,0.99184,0.99199,496620000,8
1335230880000,1335231359000,0.99199,0.99288,0.99162,0.99191,1161350000,8
1335231360000,1335231839000,0.99191,0.99198,0.99122,0.99156,944450000,8
1335231840000,1335232319000,0.99154,0.99154,0.99108,0.99128,536220000,8
1335232320000,1335232799000,0.9912,0.99128,0.991,0.99108,594160000,8
1335232800000,1335233279000,0.99109,0.99111,0.9904,0.99046,971830000,8
1335233280000,1335233759000,0.99047,0.99072,0.9904,0.99065,641890000,8
1335233760000,1335234239000,0.99062,0.99073,0.99046,0.99067,520530000,8
1335234240000,1335234719000,0.99068,0.9907,0.9904,0.99057,584130000,8
1335234720000,1335235199000,0.99057,0.99103,0.99053,0.99093,599570000,8
1335235200000,1335235679000,0.99091,0.99102,0.99086,0.99095,181550000,8
1335235680000,1335236159000,0.99094,0.99112,0.99091,0.99109,246670000,8
1335236160000,1335236639000,0.99111,0.99121,0.991,0.99113,548730000,8
1335236640000,1335237119000,0.99115,0.99118,0.99088,0.9909,538710000,8
1335237120000,1335237599000,0.99089,0.9909,0.99072,0.99076,618720000,8
1335237600000,1335238079000,0.99075,0.99109,0.99066,0.99102,510450000,8
1335238080000,1335238559000,0.99103,0.99112,0.99072,0.991,702840000,8
1335238560000,1335239039000,0.991,0.99126,0.99087,0.99087,666500000,8
1335239040000,1335239519000,0.99088,0.99095,0.99084,0.9909,453810000,8
1335239520000,1335239999000,0.9909,0.99098,0.9907,0.99072,609720000,8
1335240000000,1335240479000,0.99072,0.99078,0.99042,0.99055,486850000,8
1335240480000,1335240959000,0.99056,0.99059,0.99032,0.99032,421000000,8
1335240960000,1335241439000,0.99034,0.99044,0.99033,0.99042,254100000,8
1335241440000,1335241919000,0.9904,0.99047,0.99032,0.99038,322840000,8
1335241920000,1335242399000,0.99038,0.99044,0.99033,0.99041,302330000,8
1335242400000,1335242879000,0.99043,0.99066,0.99034,0.99041,507940000,8
1335242880000,1335243359000,0.99038,0.99053,0.99033,0.9904,448050000,8
1335243360000,1335243839000,0.9904,0.99045,0.99029,0.99044,624520000,8
1335243840000,1335244319000,0.99043,0.99046,0.99028,0.99041,587300000,8
1335244320000,1335244799000,0.9904,0.99044,0.99037,0.99043,257410000,8
1335244800000,1335245279000,0.99037,0.99042,0.99021,0.9904,279580000,8
1335245280000,1335245759000,0.99041,0.99042,0.99018,0.99025,456170000,8
1335245760000,1335246239000,0.99024,0.99054,0.99021,0.99054,545630000,8
1335246240000,1335246719000,0.99054,0.9908,0.99044,0.99079,598030000,8
1335246720000,1335247199000,0.99079,0.99081,0.9905,0.99052,608270000,8
1335247200000,1335247679000,0.99051,0.99057,0.99016,0.99017,630170000,8
1335247680000,1335248159000,0.99018,0.99028,0.98996,0.99003,703010000,8
1335248160000,1335248639000,0.99001,0.99014,0.98995,0.9901,652230000,8
1335248640000,1335249119000,0.99011,0.99041,0.98994,0.98996,746380000,8
1335249120000,1335249599000,0.98998,0.99041,0.98986,0.99037,531200000,8
1335249600000,1335250079000,0.99037,0.99039,0.99014,0.99018,824950000,8
1335250080000,1335250559000,0.99018,0.99057,0.99005,0.99057,763890000,8
1335250560000,1335251039000,0.99057,0.99097,0.99013,0.99033,1286170000,8
1335251040000,1335251519000,0.99033,0.99088,0.99004,0.99082,1565230000,8
1335251520000,1335251999000,0.99083,0.99085,0.99034,0.99035,1488790000,8
1335252000000,1335252479000,0.9904,0.99057,0.99006,0.99032,1214540000,8
1335252480000,1335252959000,0.99029,0.99079,0.9901,0.9901,1333530000,8
1335252960000,1335253439000,0.9901,0.99015,0.98987,0.99007,1086330000,8
1335253440000,1335253919000,0.99006,0.9903,0.99001,0.99021,1116910000,8
1335253920000,1335254399000,0.99021,0.99033,0.98988,0.99015,1126860000,8
1335254400000,1335254879000,0.99015,0.99028,0.98999,0.99008,1491530000,8
1335254880000,1335255359000,0.99009,0.99038,0.99003,0.99027,1152970000,8
1335255360000,1335255839000,0.99026,0.99028,0.9899,0.98995,1391650000,8
1335255840000,1335256319000,0.98995,0.99031,0.98994,0.9903,1069200000,8
1335256320000,1335256799000,0.99028,0.99048,0.99006,0.99031,976800000,8
1335256800000,1335257279000,0.9903,0.99043,0.99015,0.99035,976760000,8
1335257280000,1335257759000,0.99036,0.99059,0.99026,0.99036,1076890000,8
1335257760000,1335258239000,0.99039,0.99052,0.99029,0.99036,845410000,8
1335258240000,1335258719000,0.99034,0.99036,0.99014,0.99014,1110830000,8
1335258720000,1335259199000,0.99013,0.99033,0.98996,0.99016,1152970000,8
1335259200000,1335259679000,0.99013,0.99039,0.98995,0.99035,902390000,8
1335259680000,1335260159000,0.99036,0.99037,0.99008,0.99017,1196010000,8
1335260160000,1335260639000,0.99017,0.99027,0.99011,0.9902,923320000,8
1335260640000,1335261119000,0.99023,0.99028,0.98992,0.99019,1097610000,8
1335261120000,1335261599000,0.99018,0.99038,0.99012,0.99026,935010000,8
1335261600000,1335262079000,0.99026,0.99048,0.99021,0.99025,854360000,8
1335262080000,1335262559000,0.99025,0.99079,0.99015,0.99076,1004560000,8
1335262560000,1335263039000,0.99077,0.99104,0.99072,0.99102,1058250000,8
1335263040000,1335263519000,0.99101,0.99103,0.9905,0.99067,802030000,8
1335263520000,1335263999000,0.99066,0.99069,0.99046,0.99053,711610000,8
1335264000000,1335264479000,0.99055,0.99063,0.99031,0.99038,1014070000,8
1335264480000,1335264959000,0.99038,0.99064,0.99037,0.99046,1109270000,8
1335264960000,1335265439000,0.99048,0.99062,0.99032,0.99033,935740000,8
1335265440000,1335265919000,0.99034,0.99035,0.98984,0.98985,805910000,8
1335265920000,1335266399000,0.98985,0.98986,0.98915,0.98925,953490000,8
1335266400000,1335266879000,0.98925,0.98959,0.9891,0.98953,913870000,8
1335266880000,1335267359000,0.98953,0.98957,0.98923,0.98923,854850000,8
1335267360000,1335267839000,0.98923,0.98933,0.98867,0.98922,1180060000,8
1335267840000,1335268319000,0.98923,0.98923,0.98866,0.98916,1258330000,8
1335268320000,1335268799000,0.98916,0.98939,0.98898,0.98905,823490000,8
1335268800000,1335269279000,0.98907,0.98924,0.9888,0.98899,1124210000,8
1335269280000,1335269759000,0.98897,0.98958,0.98887,0.98938,1250930000,8
1335269760000,1335270239000,0.98938,0.98947,0.98901,0.98937,1261050000,8
1335270240000,1335270719000,0.98938,0.99089,0.98926,0.99086,1708540000,8
1335270720000,1335271199000,0.99086,0.99105,0.99055,0.99074,1267620000,8
1335271200000,1335271679000,0.99074,0.99136,0.99073,0.99108,1436280000,8
1335271680000,1335272159000,0.99108,0.99166,0.99094,0.99134,1245720000,8
1335272160000,1335272639000,0.99136,0.99186,0.9913,0.99132,897700000,8
1335272640000,1335273119000,0.99133,0.99139,0.99045,0.99053,1298920000,8
1335273120000,1335273599000,0.99051,0.99072,0.99035,0.99055,1414130000,8
1335273600000,1335274079000,0.99053,0.99057,0.9899,0.98995,1291900000,8
1335274080000,1335274559000,0.98996,0.99009,0.98926,0.98958,1806250000,8
1335274560000,1335275039000,0.98958,0.98989,0.9891,0.98934,1948990000,8
1335275040000,1335275519000,0.98934,0.98978,0.98919,0.98947,1978280000,8
1335275520000,1335275999000,0.98947,0.99015,0.98947,0.98991,1637430000,8
1335276000000,1335276479000,0.98984,0.99009,0.98846,0.98866,2156370000,8
1335276480000,1335276959000,0.98868,0.98893,0.98848,0.98875,1548980000,8
1335276960000,1335277439000,0.98875,0.9892,0.9887,0.9892,1416280000,8
1335277440000,1335277919000,0.9892,0.98936,0.98858,0.98861,1374490000,8
1335277920000,1335278399000,0.98862,0.9888,0.9883,0.98854,1598840000,8
1335278400000,1335278879000,0.98858,0.98864,0.98761,0.98771,1624150000,8
1335278880000,1335279359000,0.98773,0.98831,0.98757,0.98815,1582440000,8
1335279360000,1335279839000,0.98812,0.98875,0.98778,0.9886,1855310000,8
1335279840000,1335280319000,0.9886,0.98889,0.98851,0.98871,1595630000,8
1335280320000,1335280799000,0.98872,0.98885,0.98812,0.98822,1645400000,8
1335280800000,1335281279000,0.98822,0.98831,0.9879,0.98802,1465760000,8
1335281280000,1335281759000,0.98802,0.98819,0.98792,0.98813,1243360000,8
1335281760000,1335282239000,0.98813,0.98856,0.98812,0.98854,1048200000,8
1335282240000,1335282719000,0.98854,0.98876,0.98842,0.98842,1051510000,8
1335282720000,1335283199000,0.98842,0.98859,0.98821,0.98822,1124610000,8
1335283200000,1335283679000,0.98823,0.9885,0.98818,0.98818,986860000,8
1335283680000,1335284159000,0.98818,0.98822,0.988,0.98808,902560000,8
1335284160000,1335284639000,0.98808,0.98838,0.98808,0.98828,870310000,8
1335284640000,1335285119000,0.9883,0.98841,0.98809,0.9881,762210000,8
1335285120000,1335285599000,0.98812,0.98824,0.98804,0.9881,662770000,8
1335285600000,1335286079000,0.98809,0.98888,0.98808,0.98879,1027050000,8
1335286080000,1335286559000,0.9888,0.9889,0.98858,0.98867,705790000,8
1335286560000,1335287039000,0.98867,0.9888,0.98837,0.98839,702290000,8
1335287040000,1335287519000,0.98839,0.98859,0.98831,0.98854,615470000,8
1335287520000,1335287999000,0.98854,0.98866,0.98847,0.98849,620050000,8
1335288000000,1335288479000,0.98849,0.98863,0.98846,0.98859,704570000,8
1335288480000,1335288959000,0.98859,0.98869,0.98836,0.9884,856220000,8
1335288960000,1335289439000,0.98841,0.98865,0.98837,0.98852,617620000,8
1335289440000,1335289919000,0.98851,0.9887,0.9885,0.98864,665980000,8
1335289920000,1335290399000,0.98866,0.98896,0.98853,0.98881,918580000,8
1335290400000,1335290879000,0.98882,0.98904,0.98874,0.98875,821180000,8
1335290880000,1335291359000,0.98876,0.98877,0.98852,0.98872,690680000,8
1335291360000,1335291839000,0.98871,0.9889,0.9887,0.98887,596140000,8
1335291840000,1335292319000,0.98888,0.98918,0.98883,0.98906,806310000,8
1335292320000,1335292799000,0.98906,0.98912,0.98858,0.98859,1172350000,8
1335292800000,1335293279000,0.98858,0.98903,0.98857,0.98899,832420000,8
1335293280000,1335293759000,0.98899,0.98899,0.98855,0.98869,805170000,8
1335293760000,1335294239000,0.98869,0.98889,0.98859,0.98889,484240000,8
1335294240000,1335294719000,0.98887,0.98898,0.98868,0.98876,613200000,8
1335294720000,1335295199000,0.98877,0.98915,0.98872,0.98907,698780000,8
1335295200000,1335295679000,0.98907,0.98911,0.98862,0.9888,651180000,8
1335295680000,1335296159000,0.98878,0.98884,0.98818,0.98828,841990000,8
1335296160000,1335296639000,0.98826,0.98838,0.98819,0.98837,647800000,8
1335296640000,1335297119000,0.98838,0.98848,0.98829,0.98834,795730000,8
1335297120000,1335297599000,0.98835,0.98839,0.98778,0.98782,961960000,8
1335297600000,1335298079000,0.98785,0.98818,0.98782,0.98807,675770000,8
1335298080000,1335298559000,0.98806,0.98818,0.98793,0.988,437620000,8
1335298560000,1335299039000,0.98799,0.98833,0.98799,0.98816,418920000,8
1335299040000,1335299519000,0.98817,0.98818,0.98758,0.98768,550050000,8
1335299520000,1335299999000,0.98768,0.98811,0.98726,0.98736,635080000,8
1335300000000,1335300479000,0.98737,0.98752,0.98693,0.98746,737100000,8
1335300480000,1335300959000,0.98746,0.98748,0.98694,0.98706,457750000,8
1335300960000,1335301439000,0.98707,0.98715,0.98687,0.98708,327980000,8
1335301440000,1335301919000,0.98712,0.98726,0.98704,0.98709,74830000,8
1335301920000,1335302399000,0.98714,0.98714,0.98682,0.98685,141820000,8
1335302400000,1335302879000,0.98715,0.9873,0.98692,0.98705,212710000,8
1335302880000,1335303359000,0.98698,0.98726,0.98685,0.98692,426880000,8
1335303360000,1335303839000,0.98686,0.98741,0.98685,0.98728,236670000,8
1335303840000,1335304319000,0.98718,0.9875,0.98707,0.98723,241230000,8
1335304320000,1335304799000,0.98723,0.98736,0.98697,0.98725,324160000,8
1335304800000,1335305279000,0.98733,0.98733,0.98699,0.987,74790000,8
1335305280000,1335305759000,0.98704,0.98714,0.98696,0.98701,105380000,8
1335305760000,1335306239000,0.98701,0.98701,0.98692,0.98696,149520000,8
1335306240000,1335306719000,0.98695,0.98741,0.98694,0.98723,562950000,8
1335306720000,1335307199000,0.98721,0.98727,0.98709,0.98723,297750000,8
1335307200000,1335307679000,0.98723,0.98725,0.98703,0.98703,323260000,8
1335307680000,1335308159000,0.98703,0.98711,0.98696,0.98702,322540000,8
1335308160000,1335308639000,0.98702,0.98715,0.98699,0.9871,308740000,8
1335308640000,1335309119000,0.98709,0.98713,0.98706,0.98713,100260000,8
1335309120000,1335309599000,0.98716,0.9872,0.98709,0.98712,182940000,8
1335309600000,1335310079000,0.98713,0.98719,0.98711,0.98714,273090000,8
1335310080000,1335310559000,0.98714,0.98716,0.98684,0.98689,304310000,8
1335310560000,1335311039000,0.98688,0.98691,0.98672,0.98688,422780000,8
1335311040000,1335311519000,0.98688,0.98707,0.98683,0.98695,481850000,8
1335311520000,1335311999000,0.98695,0.98695,0.98678,0.98686,380150000,8
1335312000000,1335312479000,0.98684,0.98699,0.98665,0.98665,515620000,8
1335312480000,1335312959000,0.98665,0.98686,0.98665,0.98681,436540000,8
1335312960000,1335313439000,0.98682,0.98715,0.98679,0.98712,464550000,8
1335313440000,1335313919000,0.98714,0.9873,0.98713,0.98715,271510000,8
1335313920000,1335314399000,0.98715,0.98716,0.98706,0.98709,211040000,8
1335314400000,1335314879000,0.9871,0.98735,0.98709,0.98732,535760000,8
1335314880000,1335315359000,0.98734,0.98765,0.98732,0.98752,556850000,8
1335315360000,1335315839000,0.98752,0.98786,0.98742,0.98771,510600000,8
1335315840000,1335316319000,0.98772,0.98798,0.98763,0.98766,603430000,8
1335316320000,1335316799000,0.98766,0.98772,0.98748,0.98754,467940000,8
1335316800000,1335317279000,0.98754,0.98754,0.98738,0.98743,380600000,8
1335317280000,1335317759000,0.98746,0.98763,0.98729,0.9873,403800000,8
1335317760000,1335318239000,0.9873,0.98786,0.9873,0.98777,442010000,8
1335318240000,1335318719000,0.98777,0.98797,0.98773,0.98793,419650000,8
1335318720000,1335319199000,0.98793,0.98795,0.98764,0.98777,378700000,8
1335319200000,1335319679000,0.98777,0.98784,0.9877,0.98773,350290000,8
1335319680000,1335320159000,0.98773,0.98775,0.98765,0.98769,340700000,8
1335320160000,1335320639000,0.9877,0.98774,0.98761,0.98772,399600000,8
1335320640000,1335321119000,0.98772,0.98773,0.98738,0.98749,467170000,8
1335321120000,1335321599000,0.98749,0.98769,0.98737,0.98743,601500000,8
1335321600000,1335322079000,0.98742,0.98748,0.98723,0.98727,503090000,8
1335322080000,1335322559000,0.98727,0.98744,0.98727,0.98739,349330000,8
1335322560000,1335323039000,0.98739,0.98759,0.98739,0.98743,310820000,8
1335323040000,1335323519000,0.98742,0.98749,0.98733,0.98742,255330000,8
1335323520000,1335323999000,0.98741,0.98747,0.98738,0.98741,341870000,8
1335324000000,1335324479000,0.98745,0.98751,0.98739,0.9875,246000000,8
1335324480000,1335324959000,0.98752,0.98759,0.9875,0.98754,361960000,8
1335324960000,1335325439000,0.98754,0.98771,0.98751,0.98766,252020000,8
1335325440000,1335325919000,0.98766,0.98766,0.98733,0.98741,374400000,8
1335325920000,1335326399000,0.98741,0.98743,0.98719,0.98727,537720000,8
1335326400000,1335326879000,0.98729,0.98736,0.98717,0.98719,428700000,8
1335326880000,1335327359000,0.98719,0.98722,0.98704,0.98707,177910000,8
1335327360000,1335327839000,0.98708,0.98753,0.98705,0.98737,314320000,8
1335327840000,1335328319000,0.98737,0.98754,0.98729,0.98744,557090000,8
1335328320000,1335328799000,0.98745,0.98759,0.9874,0.98759,207620000,8
1335328800000,1335329279000,0.98757,0.98765,0.98754,0.98759,148880000,8
1335329280000,1335329759000,0.98758,0.98759,0.9875,0.98752,233770000,8
1335329760000,1335330239000,0.98753,0.9876,0.98747,0.98749,442130000,8
1335330240000,1335330719000,0.98749,0.98754,0.98748,0.98752,398760000,8
1335330720000,1335331199000,0.98752,0.98762,0.9875,0.98759,416370000,8
1335331200000,1335331679000,0.98761,0.98761,0.9874,0.98743,482400000,8
1335331680000,1335332159000,0.98743,0.98756,0.98739,0.98744,459990000,8
1335332160000,1335332639000,0.98743,0.98764,0.98741,0.98749,486070000,8
1335332640000,1335333119000,0.98748,0.98762,0.98746,0.98754,553700000,8
1335333120000,1335333599000,0.98752,0.98755,0.98719,0.98732,544100000,8
1335333600000,1335334079000,0.98732,0.9875,0.98725,0.98731,745750000,8
1335334080000,1335334559000,0.98732,0.98738,0.98717,0.98725,660920000,8
1335334560000,1335335039000,0.98725,0.98728,0.98697,0.98707,587680000,8
1335335040000,1335335519000,0.98707,0.98717,0.98701,0.98716,563230000,8
1335335520000,1335335999000,0.98714,0.98732,0.98712,0.98716,471630000,8
1335336000000,1335336479000,0.98716,0.98716,0.98696,0.98696,397260000,8
1335336480000,1335336959000,0.98698,0.9872,0.98697,0.98715,469840000,8
1335336960000,1335337439000,0.98716,0.98716,0.98637,0.98637,1039790000,8
1335337440000,1335337919000,0.98637,0.98656,0.98614,0.98617,1437300000,8
1335337920000,1335338399000,0.98617,0.98649,0.98604,0.98646,837980000,8
1335338400000,1335338879000,0.98646,0.98649,0.98623,0.98638,1132200000,8
1335338880000,1335339359000,0.98637,0.98639,0.98612,0.98617,974690000,8
1335339360000,1335339839000,0.98617,0.98652,0.98605,0.98647,1116960000,8
1335339840000,1335340319000,0.98647,0.987,0.98627,0.98681,969380000,8
1335340320000,1335340799000,0.98681,0.98684,0.98625,0.98634,1122980000,8
1335340800000,1335341279000,0.98635,0.98638,0.98594,0.98604,994540000,8
1335341280000,1335341759000,0.98605,0.98657,0.9857,0.98627,1260060000,8
1335341760000,1335342239000,0.98626,0.98628,0.98591,0.98592,810840000,8
1335342240000,1335342719000,0.98592,0.98667,0.98558,0.98658,1253700000,8
1335342720000,1335343199000,0.98658,0.98697,0.98617,0.98673,1449080000,8
1335343200000,1335343679000,0.98673,0.98678,0.98614,0.98614,829550000,8
1335343680000,1335344159000,0.98614,0.98614,0.98551,0.9856,1072730000,8
1335344160000,1335344639000,0.9856,0.98635,0.9856,0.98625,1166170000,8
1335344640000,1335345119000,0.98625,0.98636,0.9861,0.98619,1430490000,8
1335345120000,1335345599000,0.9862,0.98669,0.98612,0.98662,1158620000,8
1335345600000,1335346079000,0.98662,0.98685,0.9866,0.98678,1057470000,8
1335346080000,1335346559000,0.98678,0.98688,0.98647,0.98685,1214020000,8
1335346560000,1335347039000,0.98686,0.98686,0.9863,0.98662,1149900000,8
1335347040000,1335347519000,0.98665,0.98679,0.9865,0.98678,830450000,8
1335347520000,1335347999000,0.98678,0.98707,0.98674,0.98695,1089900000,8
1335348000000,1335348479000,0.98695,0.98695,0.9858,0.98609,1419050000,8
1335348480000,1335348959000,0.98609,0.98671,0.98579,0.98668,1051060000,8
1335348960000,1335349439000,0.98668,0.98696,0.98661,0.98695,968160000,8
1335349440000,1335349919000,0.98694,0.98694,0.98657,0.98679,947720000,8
1335349920000,1335350399000,0.98679,0.98717,0.98674,0.98679,774970000,8
1335350400000,1335350879000,0.98678,0.9873,0.98671,0.98711,733950000,8
1335350880000,1335351359000,0.98712,0.98718,0.98646,0.98654,620020000,8
1335351360000,1335351839000,0.98655,0.98669,0.98631,0.98633,854950000,8
1335351840000,1335352319000,0.98635,0.98639,0.98587,0.9859,832670000,8
1335352320000,1335352799000,0.98591,0.98596,0.98552,0.98558,825920000,8
1335352800000,1335353279000,0.98558,0.98575,0.98553,0.98568,924610000,8
1335353280000,1335353759000,0.98568,0.98598,0.98563,0.98577,941740000,8
1335353760000,1335354239000,0.98578,0.98615,0.98569,0.98588,1029420000,8
1335354240000,1335354719000,0.9859,0.98614,0.98578,0.98605,647790000,8
1335354720000,1335355199000,0.98603,0.9865,0.986,0.98624,902610000,8
1335355200000,1335355679000,0.98623,0.98623,0.98558,0.9857,1153160000,8
1335355680000,1335356159000,0.98569,0.98569,0.98544,0.98544,786950000,8
1335356160000,1335356639000,0.98544,0.98589,0.9854,0.98574,919790000,8
1335356640000,1335357119000,0.98575,0.98628,0.98507,0.98556,1637510000,8
1335357120000,1335357599000,0.98557,0.98587,0.98528,0.98566,1458650000,8
1335357600000,1335358079000,0.98566,0.98638,0.98536,0.98619,1379420000,8
1335358080000,1335358559000,0.98614,0.9863,0.98595,0.986,1502720000,8
1335358560000,1335359039000,0.98599,0.986,0.9853,0.9853,1248730000,8
1335359040000,1335359519000,0.98532,0.98535,0.9848,0.98481,1290280000,8
1335359520000,1335359999000,0.98481,0.98496,0.9843,0.98462,1506270000,8
1335360000000,1335360479000,0.98461,0.98466,0.98333,0.98457,1581880000,8
1335360480000,1335360959000,0.98457,0.98457,0.98362,0.98404,1673770000,8
1335360960000,1335361439000,0.98402,0.98435,0.98315,0.98344,1806460000,8
1335361440000,1335361919000,0.98344,0.98358,0.98228,0.98275,1918010000,8
1335361920000,1335362399000,0.98275,0.98357,0.98261,0.98331,1678240000,8
1335362400000,1335362879000,0.98331,0.98424,0.98311,0.98414,1546440000,8
1335362880000,1335363359000,0.98414,0.98472,0.98372,0.98385,1660770000,8
1335363360000,1335363839000,0.98385,0.98407,0.98363,0.98405,1378550000,8
1335363840000,1335364319000,0.98408,0.98527,0.98395,0.98479,1724290000,8
1335364320000,1335364799000,0.98478,0.98507,0.98433,0.98457,1551310000,8
1335364800000,1335365279000,0.98456,0.98475,0.98435,0.98449,1565160000,8
1335365280000,1335365759000,0.98453,0.98457,0.98378,0.98393,1380800000,8
1335365760000,1335366239000,0.98394,0.98534,0.98394,0.98514,1671400000,8
1335366240000,1335366719000,0.98514,0.98517,0.98432,0.98456,1218390000,8
1335366720000,1335367199000,0.98456,0.98475,0.98425,0.98434,1293320000,8
1335367200000,1335367679000,0.98433,0.98442,0.98413,0.98433,1375030000,8
1335367680000,1335368159000,0.98433,0.9847,0.98422,0.98422,946330000,8
1335368160000,1335368639000,0.98424,0.98451,0.98422,0.98446,1077370000,8
1335368640000,1335369119000,0.98447,0.98469,0.98441,0.98461,1028850000,8
1335369120000,1335369599000,0.98462,0.98483,0.9845,0.98477,870110000,8
1335369600000,1335370079000,0.98477,0.98547,0.98453,0.9852,947830000,8
1335370080000,1335370559000,0.98521,0.98536,0.98496,0.98498,707340000,8
1335370560000,1335371039000,0.98498,0.98535,0.98492,0.98522,1208410000,8
1335371040000,1335371519000,0.98522,0.98535,0.98473,0.98496,923500000,8
1335371520000,1335371999000,0.98491,0.98554,0.98478,0.98516,2264120000,8
1335372000000,1335372479000,0.98517,0.98523,0.98444,0.98474,1417870000,8
1335372480000,1335372959000,0.98474,0.98494,0.98449,0.98464,1367410000,8
1335372960000,1335373439000,0.98463,0.98469,0.98397,0.98401,1319070000,8
1335373440000,1335373919000,0.98401,0.98406,0.98348,0.98369,1022320000,8
1335373920000,1335374399000,0.98369,0.98396,0.98352,0.98383,664810000,8
1335374400000,1335374879000,0.98384,0.98384,0.98353,0.98381,1062500000,8
1335374880000,1335375359000,0.9838,0.98386,0.98348,0.98358,998570000,8
1335375360000,1335375839000,0.98358,0.98367,0.98346,0.98357,1009130000,8
1335375840000,1335376319000,0.98355,0.98358,0.98335,0.98353,587750000,8
1335376320000,1335376799000,0.98353,0.9837,0.98347,0.98359,762860000,8
1335376800000,1335377279000,0.98359,0.98444,0.98353,0.98435,1818220000,8
1335377280000,1335377759000,0.98437,0.98445,0.98394,0.98394,1137540000,8
1335377760000,1335378239000,0.98394,0.98454,0.98312,0.98338,1401840000,8
1335378240000,1335378719000,0.98338,0.98383,0.98301,0.98376,1433640000,8
1335378720000,1335379199000,0.98376,0.98431,0.98361,0.98415,1246350000,8
1335379200000,1335379679000,0.98414,0.98432,0.98379,0.98417,1011140000,8
1335379680000,1335380159000,0.98416,0.9842,0.98327,0.98328,1032330000,8
1335380160000,1335380639000,0.98329,0.98339,0.98278,0.98283,1129600000,8
1335380640000,1335381119000,0.98283,0.98329,0.98274,0.98327,822880000,8
1335381120000,1335381599000,0.98326,0.98358,0.98324,0.98352,573220000,8
1335381600000,1335382079000,0.98352,0.98359,0.98337,0.98353,527310000,8
1335382080000,1335382559000,0.98354,0.98389,0.98354,0.98367,822160000,8
1335382560000,1335383039000,0.98369,0.98383,0.98361,0.98373,674290000,8
1335383040000,1335383519000,0.98373,0.98385,0.98338,0.98339,648360000,8
1335383520000,1335383999000,0.98339,0.98359,0.98333,0.9834,714850000,8
1335384000000,1335384479000,0.98339,0.98373,0.98326,0.98366,666130000,8
1335384480000,1335384959000,0.98366,0.98372,0.98328,0.98334,592500000,8
1335384960000,1335385439000,0.98331,0.98343,0.9832,0.98324,402820000,8
1335385440000,1335385919000,0.98322,0.9834,0.98311,0.98338,556990000,8
1335385920000,1335386399000,0.9834,0.9835,0.98329,0.98342,470090000,8
1335386400000,1335386879000,0.98342,0.98365,0.98334,0.98362,319830000,8
1335386880000,1335387359000,0.98364,0.98367,0.98329,0.98331,385130000,8
1335387360000,1335387839000,0.98332,0.9834,0.98304,0.98314,389210000,8
1335387840000,1335388319000,0.98318,0.98359,0.98316,0.98354,89290000,8
1335388320000,1335388799000,0.98354,0.98354,0.98286,0.9834,79830000,8
1335388800000,1335389279000,0.98309,0.98352,0.983,0.98333,218420000,8
1335389280000,1335389759000,0.98345,0.98364,0.98299,0.98331,175930000,8
1335389760000,1335390239000,0.98341,0.98354,0.9832,0.98354,99480000,8
1335390240000,1335390719000,0.9835,0.98351,0.98335,0.98335,81550000,8
1335390720000,1335391199000,0.98335,0.98367,0.98334,0.9835,98480000,8
1335391200000,1335391679000,0.9835,0.98356,0.98316,0.98328,167430000,8
1335391680000,1335392159000,0.98349,0.98353,0.98326,0.98352,100760000,8
1335392160000,1335392639000,0.98352,0.98367,0.98347,0.98351,94710000,8
1335392640000,1335393119000,0.98351,0.98352,0.98345,0.98349,235840000,8
1335393120000,1335393599000,0.98348,0.98355,0.98336,0.98345,281130000,8
1335393600000,1335394079000,0.98341,0.98359,0.98333,0.98333,110890000,8
1335394080000,1335394559000,0.98332,0.98349,0.98332,0.98339,102170000,8
1335394560000,1335395039000,0.98337,0.98339,0.9831,0.9831,121320000,8
1335395040000,1335395519000,0.98311,0.98311,0.98267,0.98292,346270000,8
1335395520000,1335395999000,0.98292,0.98296,0.98289,0.98291,265840000,8
1335396000000,1335396479000,0.98292,0.98297,0.98277,0.98281,217570000,8
1335396480000,1335396959000,0.98281,0.98281,0.98268,0.98271,293360000,8
1335396960000,1335397439000,0.9827,0.98271,0.98246,0.98254,509530000,8
1335397440000,1335397919000,0.98254,0.98268,0.98253,0.98265,377420000,8
1335397920000,1335398399000,0.98265,0.98266,0.98252,0.98258,373500000,8
1335398400000,1335398879000,0.98258,0.98283,0.98258,0.98268,465470000,8
1335398880000,1335399359000,0.98269,0.98303,0.98266,0.98291,618270000,8
1335399360000,1335399839000,0.98291,0.98313,0.98284,0.98312,228130000,8
1335399840000,1335400319000,0.98314,0.98348,0.9831,0.98317,484770000,8
1335400320000,1335400799000,0.98319,0.98332,0.98307,0.9831,299980000,8
1335400800000,1335401279000,0.9831,0.98334,0.98307,0.98334,183450000,8
1335401280000,1335401759000,0.98333,0.98337,0.98315,0.98316,439320000,8
1335401760000,1335402239000,0.98317,0.98337,0.98316,0.98334,424930000,8
1335402240000,1335402719000,0.98332,0.98341,0.9832,0.98321,306640000,8
1335402720000,1335403199000,0.98321,0.98332,0.98294,0.98296,637950000,8
1335403200000,1335403679000,0.98298,0.98309,0.9829,0.98296,402900000,8
1335403680000,1335404159000,0.98295,0.98309,0.98293,0.98309,369930000,8
1335404160000,1335404639000,0.98309,0.98329,0.98304,0.98324,519190000,8
1335404640000,1335405119000,0.98324,0.9833,0.98319,0.98326,235900000,8
1335405120000,1335405599000,0.98325,0.98332,0.98323,0.98327,265400000,8
1335405600000,1335406079000,0.98327,0.98335,0.9832,0.9832,323670000,8
1335406080000,1335406559000,0.98319,0.98326,0.98307,0.9831,247180000,8
1335406560000,1335407039000,0.98309,0.98315,0.98305,0.98309,420110000,8
1335407040000,1335407519000,0.98309,0.98312,0.98306,0.98307,456570000,8
1335407520000,1335407999000,0.98312,0.98314,0.98305,0.98312,246040000,8
1335408000000,1335408479000,0.98312,0.98316,0.98292,0.98293,390670000,8
1335408480000,1335408959000,0.98295,0.98296,0.98287,0.98287,226260000,8
1335408960000,1335409439000,0.98287,0.98293,0.98283,0.98284,414150000,8
1335409440000,1335409919000,0.98285,0.98292,0.98284,0.98289,400540000,8
1335409920000,1335410399000,0.98289,0.98296,0.98255,0.98262,621080000,8
1335410400000,1335410879000,0.98262,0.9828,0.98261,0.98265,277870000,8
1335410880000,1335411359000,0.98266,0.98268,0.98253,0.98256,388730000,8
1335411360000,1335411839000,0.98254,0.98273,0.98252,0.9827,256770000,8
1335411840000,1335412319000,0.9827,0.98276,0.98264,0.98269,347910000,8
1335412320000,1335412799000,0.98271,0.98271,0.98225,0.98232,651860000,8
1335412800000,1335413279000,0.98232,0.98245,0.9823,0.98239,401310000,8
1335413280000,1335413759000,0.98241,0.9825,0.98236,0.98237,373770000,8
1335413760000,1335414239000,0.98237,0.98263,0.98233,0.98259,614540000,8
1335414240000,1335414719000,0.98257,0.98259,0.98229,0.98239,537730000,8
1335414720000,1335415199000,0.98238,0.9824,0.98228,0.98236,362690000,8
1335415200000,1335415679000,0.98235,0.98238,0.98229,0.98238,406700000,8
1335415680000,1335416159000,0.98236,0.98241,0.9822,0.9823,401160000,8
1335416160000,1335416639000,0.98226,0.98239,0.98215,0.98224,524930000,8
1335416640000,1335417119000,0.98224,0.98238,0.9822,0.98234,371510000,8
1335417120000,1335417599000,0.98234,0.98261,0.98228,0.98261,339800000,8
1335417600000,1335418079000,0.9826,0.98264,0.98237,0.98237,412730000,8
1335418080000,1335418559000,0.98237,0.98249,0.98229,0.98249,309260000,8
1335418560000,1335419039000,0.98249,0.98257,0.98229,0.98234,598080000,8
1335419040000,1335419519000,0.98235,0.98238,0.98219,0.98224,428360000,8
1335419520000,1335419999000,0.98223,0.9823,0.9821,0.98214,596470000,8
1335420000000,1335420479000,0.98215,0.98222,0.98205,0.98211,739880000,8
1335420480000,1335420959000,0.98211,0.98215,0.98189,0.98202,999120000,8
1335420960000,1335421439000,0.98202,0.9823,0.98191,0.98209,884750000,8
1335421440000,1335421919000,0.98208,0.98209,0.98176,0.98181,866340000,8
1335421920000,1335422399000,0.98181,0.98196,0.9818,0.98188,779690000,8
1335422400000,1335422879000,0.98191,0.98206,0.98187,0.98198,756460000,8
1335422880000,1335423359000,0.98198,0.9821,0.98182,0.98188,628010000,8
1335423360000,1335423839000,0.98189,0.98211,0.98176,0.98184,885410000,8
1335423840000,1335424319000,0.98184,0.98229,0.9818,0.98183,1369100000,8
1335424320000,1335424799000,0.98182,0.98214,0.98166,0.98173,1288460000,8
1335424800000,1335425279000,0.98173,0.98192,0.98118,0.98121,1279860000,8
1335425280000,1335425759000,0.98122,0.98125,0.9806,0.98064,1759800000,8
1335425760000,1335426239000,0.98065,0.98115,0.98065,0.98097,1767150000,8
1335426240000,1335426719000,0.98097,0.98109,0.98069,0.98105,1480380000,8
1335426720000,1335427199000,0.98105,0.98137,0.98101,0.98104,1563600000,8
1335427200000,1335427679000,0.98104,0.98137,0.98097,0.98124,1152220000,8
1335427680000,1335428159000,0.98122,0.98184,0.98113,0.98155,1132530000,8
1335428160000,1335428639000,0.98152,0.98225,0.98152,0.98182,1057500000,8
1335428640000,1335429119000,0.98181,0.98192,0.9812,0.98122,965750000,8
1335429120000,1335429599000,0.98123,0.98208,0.98112,0.98191,1087340000,8
1335429600000,1335430079000,0.9819,0.9821,0.9816,0.98162,1046030000,8
1335430080000,1335430559000,0.98162,0.98196,0.98152,0.98174,1108510000,8
1335430560000,1335431039000,0.98173,0.98217,0.9817,0.98186,1166640000,8
1335431040000,1335431519000,0.98186,0.98186,0.98151,0.98179,1407510000,8
1335431520000,1335431999000,0.98177,0.98191,0.98133,0.98164,807980000,8
1335432000000,1335432479000,0.98162,0.98212,0.98158,0.98204,1114710000,8
1335432480000,1335432959000,0.98203,0.98279,0.98201,0.98272,1660970000,8
1335432960000,1335433439000,0.98273,0.98282,0.9822,0.98223,1236680000,8
1335433440000,1335433919000,0.98223,0.98233,0.98201,0.98232,697140000,8
1335433920000,1335434399000,0.98231,0.98259,0.9823,0.98256,855560000,8
1335434400000,1335434879000,0.98257,0.98316,0.98251,0.9826,1322720000,8
1335434880000,1335435359000,0.9826,0.98329,0.98257,0.98262,1371630000,8
1335435360000,1335435839000,0.98261,0.98291,0.98255,0.98266,1089060000,8
1335435840000,1335436319000,0.98267,0.98313,0.98266,0.98307,1144230000,8
1335436320000,1335436799000,0.98308,0.9833,0.98299,0.98305,997540000,8
1335436800000,1335437279000,0.98306,0.98318,0.98276,0.98296,1067450000,8
1335437280000,1335437759000,0.98298,0.98317,0.98265,0.98288,1189900000,8
1335437760000,1335438239000,0.98289,0.9829,0.98236,0.9825,1122230000,8
1335438240000,1335438719000,0.9825,0.98256,0.98207,0.98219,1042500000,8
1335438720000,1335439199000,0.98219,0.98219,0.98199,0.98207,1057180000,8
1335439200000,1335439679000,0.98208,0.98221,0.98197,0.98202,747100000,8
1335439680000,1335440159000,0.98202,0.98215,0.9817,0.98172,1025630000,8
1335440160000,1335440639000,0.98172,0.98178,0.9815,0.98153,992330000,8
1335440640000,1335441119000,0.98154,0.98196,0.98151,0.9819,995910000,8
1335441120000,1335441599000,0.98189,0.98193,0.98148,0.98167,1065290000,8
1335441600000,1335442079000,0.98167,0.98176,0.98132,0.98133,1208450000,8
1335442080000,1335442559000,0.98133,0.98164,0.98094,0.98115,1654970000,8
1335442560000,1335443039000,0.98114,0.98177,0.98113,0.98174,1636260000,8
1335443040000,1335443519000,0.98171,0.98254,0.98158,0.98253,1556720000,8
1335443520000,1335443999000,0.98253,0.98361,0.98234,0.98348,1835890000,8
1335444000000,1335444479000,0.98347,0.98398,0.98299,0.98393,1573630000,8
1335444480000,1335444959000,0.98394,0.98398,0.98326,0.98337,1365400000,8
1335444960000,1335445439000,0.98336,0.98352,0.98314,0.98344,1351730000,8
1335445440000,1335445919000,0.98344,0.98422,0.98338,0.98379,1602100000,8
1335445920000,1335446399000,0.98378,0.9845,0.98364,0.98386,1556330000,8
1335446400000,1335446879000,0.98386,0.98389,0.98364,0.98383,1088520000,8
1335446880000,1335447359000,0.98383,0.98396,0.98348,0.98375,1470820000,8
1335447360000,1335447839000,0.98376,0.98377,0.98304,0.98345,1505800000,8
1335447840000,1335448319000,0.98345,0.98369,0.98285,0.98285,1283900000,8
1335448320000,1335448799000,0.98287,0.98399,0.98284,0.98391,1207660000,8
1335448800000,1335449279000,0.98391,0.98394,0.98288,0.98294,1823990000,8
1335449280000,1335449759000,0.98295,0.98299,0.98254,0.98283,1428740000,8
1335449760000,1335450239000,0.98283,0.98308,0.98269,0.98295,1489770000,8
1335450240000,1335450719000,0.98295,0.98403,0.98295,0.98393,1507370000,8
1335450720000,1335451199000,0.98393,0.98416,0.98354,0.98402,1487750000,8
1335451200000,1335451679000,0.984,0.98446,0.98325,0.98329,1660210000,8
1335451680000,1335452159000,0.98327,0.98361,0.98314,0.98357,1288070000,8
1335452160000,1335452639000,0.98359,0.98406,0.98333,0.98381,1627820000,8
1335452640000,1335453119000,0.98381,0.98392,0.98347,0.98384,1244240000,8
1335453120000,1335453599000,0.98384,0.98398,0.98361,0.98374,982460000,8
1335453600000,1335454079000,0.98372,0.98379,0.9834,0.98351,1016210000,8
1335454080000,1335454559000,0.98351,0.98372,0.9834,0.98358,884410000,8
1335454560000,1335455039000,0.98358,0.9837,0.98342,0.98363,976140000,8
1335455040000,1335455519000,0.98364,0.98399,0.98358,0.98397,911500000,8
1335455520000,1335455999000,0.98399,0.98402,0.98373,0.98399,996730000,8
1335456000000,1335456479000,0.98399,0.98417,0.98397,0.98406,959090000,8
1335456480000,1335456959000,0.98408,0.98431,0.9839,0.98393,979120000,8
1335456960000,1335457439000,0.98396,0.98401,0.98378,0.98392,643070000,8
1335457440000,1335457919000,0.98393,0.98404,0.98391,0.984,786660000,8
1335457920000,1335458399000,0.984,0.98429,0.98395,0.98421,902940000,8
1335458400000,1335458879000,0.98422,0.98429,0.98399,0.98399,622700000,8
1335458880000,1335459359000,0.98399,0.98417,0.98399,0.98412,422750000,8
1335459360000,1335459839000,0.98412,0.98439,0.98375,0.98415,980160000,8
1335459840000,1335460319000,0.98416,0.98418,0.98395,0.98418,589220000,8
1335460320000,1335460799000,0.98418,0.98454,0.98418,0.98423,734340000,8
1335460800000,1335461279000,0.98424,0.98431,0.98405,0.98408,695350000,8
1335461280000,1335461759000,0.98408,0.98417,0.98394,0.98396,690570000,8
1335461760000,1335462239000,0.98396,0.98425,0.98396,0.98415,877970000,8
1335462240000,1335462719000,0.98417,0.98464,0.98417,0.98456,711210000,8
1335462720000,1335463199000,0.98456,0.98467,0.98442,0.98453,760500000,8
1335463200000,1335463679000,0.98452,0.98452,0.98403,0.98415,1022080000,8
1335463680000,1335464159000,0.98413,0.98425,0.98398,0.98398,788250000,8
1335464160000,1335464639000,0.98398,0.98398,0.98335,0.98338,961690000,8
1335464640000,1335465119000,0.98338,0.98357,0.98329,0.98349,823530000,8
1335465120000,1335465599000,0.9835,0.98369,0.98331,0.98348,843760000,8
1335465600000,1335466079000,0.98348,0.98362,0.98339,0.98353,635880000,8
1335466080000,1335466559000,0.98356,0.98361,0.9835,0.98359,702570000,8
1335466560000,1335467039000,0.98358,0.98364,0.98329,0.98342,743000000,8
1335467040000,1335467519000,0.98343,0.98371,0.98342,0.98356,471790000,8
1335467520000,1335467999000,0.98356,0.98357,0.9831,0.98317,825320000,8
1335468000000,1335468479000,0.98321,0.98332,0.98315,0.98322,788590000,8
1335468480000,1335468959000,0.98322,0.98331,0.98322,0.98328,716660000,8
1335468960000,1335469439000,0.98328,0.98368,0.98323,0.98356,832680000,8
1335469440000,1335469919000,0.98357,0.98366,0.98346,0.9836,810640000,8
1335469920000,1335470399000,0.9836,0.98401,0.98359,0.98396,883230000,8
1335470400000,1335470879000,0.98395,0.98406,0.98381,0.98399,725690000,8
1335470880000,1335471359000,0.98398,0.98429,0.98392,0.9842,508020000,8
1335471360000,1335471839000,0.9842,0.9842,0.98382,0.98389,355470000,8
1335471840000,1335472319000,0.98388,0.98406,0.98381,0.98405,454990000,8
1335472320000,1335472799000,0.98404,0.98441,0.98388,0.98418,815640000,8
1335472800000,1335473279000,0.98419,0.9845,0.98379,0.98384,570740000,8
1335473280000,1335473759000,0.98384,0.98399,0.98353,0.98361,535800000,8
1335473760000,1335474239000,0.98361,0.98506,0.98361,0.9846,547010000,8
1335474240000,1335474719000,0.9846,0.98522,0.98425,0.98509,403250000,8
1335474720000,1335475199000,0.98521,0.98537,0.98495,0.98522,132240000,8
1335475200000,1335475679000,0.98528,0.98553,0.98486,0.98539,131310000,8
1335475680000,1335476159000,0.98539,0.98578,0.98528,0.98572,155870000,8
1335476160000,1335476639000,0.98577,0.98611,0.98547,0.98601,194870000,8
1335476640000,1335477119000,0.98601,0.98637,0.98553,0.98567,264510000,8
1335477120000,1335477599000,0.98572,0.98605,0.98572,0.98599,185550000,8
1335477600000,1335478079000,0.98599,0.98602,0.98539,0.98582,352190000,8
1335478080000,1335478559000,0.98582,0.98589,0.98575,0.98585,126150000,8
1335478560000,1335479039000,0.98583,0.98604,0.98571,0.98595,423770000,8
1335479040000,1335479519000,0.986,0.98642,0.98594,0.98634,658840000,8
1335479520000,1335479999000,0.98633,0.98635,0.98621,0.98622,467290000,8
1335480000000,1335480479000,0.98622,0.98639,0.98603,0.98612,362850000,8
1335480480000,1335480959000,0.98609,0.98635,0.98604,0.98629,433630000,8
1335480960000,1335481439000,0.98629,0.98638,0.98614,0.98624,267440000,8
1335481440000,1335481919000,0.98624,0.9863,0.98614,0.98628,224750000,8
1335481920000,1335482399000,0.98629,0.98629,0.98606,0.98608,275380000,8
1335482400000,1335482879000,0.9861,0.98613,0.98603,0.98606,240800000,8
1335482880000,1335483359000,0.98604,0.9861,0.9859,0.98593,250490000,8
1335483360000,1335483839000,0.98593,0.98606,0.98584,0.98592,410320000,8
1335483840000,1335484319000,0.98592,0.98598,0.9859,0.98592,468000000,8
1335484320000,1335484799000,0.98595,0.98596,0.98579,0.98579,242160000,8
1335484800000,1335485279000,0.98579,0.98588,0.98564,0.98571,551540000,8
1335485280000,1335485759000,0.98569,0.98574,0.98567,0.98572,177390000,8
1335485760000,1335486239000,0.98571,0.98573,0.98529,0.98536,544290000,8
1335486240000,1335486719000,0.98536,0.98537,0.98519,0.9852,299900000,8
1335486720000,1335487199000,0.98521,0.98527,0.98494,0.98503,549900000,8
1335487200000,1335487679000,0.98502,0.98517,0.98484,0.98498,637270000,8
1335487680000,1335488159000,0.98497,0.98548,0.98496,0.98529,541020000,8
1335488160000,1335488639000,0.98528,0.98542,0.98528,0.98533,473070000,8
1335488640000,1335489119000,0.98534,0.98546,0.98533,0.98544,399000000,8
1335489120000,1335489599000,0.98544,0.98554,0.98534,0.98534,427080000,8
1335489600000,1335490079000,0.98533,0.98539,0.98525,0.98527,326260000,8
1335490080000,1335490559000,0.98528,0.98544,0.98525,0.98541,315420000,8
1335490560000,1335491039000,0.98541,0.98558,0.98539,0.98554,386410000,8
1335491040000,1335491519000,0.98554,0.98578,0.98551,0.98578,372870000,8
1335491520000,1335491999000,0.98578,0.98588,0.98568,0.98573,445500000,8
1335492000000,1335492479000,0.98573,0.98606,0.9855,0.98584,644610000,8
1335492480000,1335492959000,0.98586,0.98594,0.98568,0.98577,563540000,8
1335492960000,1335493439000,0.98577,0.98581,0.9855,0.98567,595780000,8
1335493440000,1335493919000,0.98567,0.9857,0.98553,0.98553,371100000,8
1335493920000,1335494399000,0.98557,0.98561,0.98547,0.98557,273380000,8
1335494400000,1335494879000,0.98554,0.98554,0.98542,0.98545,499780000,8
1335494880000,1335495359000,0.98545,0.98551,0.98534,0.98546,439950000,8
1335495360000,1335495839000,0.98545,0.98547,0.98531,0.98538,275020000,8
1335495840000,1335496319000,0.98538,0.98543,0.98531,0.98539,265250000,8
1335496320000,1335496799000,0.98539,0.9854,0.98525,0.98526,365890000,8
1335496800000,1335497279000,0.98526,0.98538,0.98525,0.98533,360770000,8
1335497280000,1335497759000,0.98533,0.98533,0.98521,0.98527,312170000,8
1335497760000,1335498239000,0.98526,0.98529,0.98521,0.98523,290860000,8
1335498240000,1335498719000,0.98523,0.98536,0.98485,0.98501,850270000,8
1335498720000,1335499199000,0.98501,0.98572,0.985,0.98559,737890000,8
1335499200000,1335499679000,0.98559,0.98568,0.98531,0.98539,815640000,8
1335499680000,1335500159000,0.98537,0.98541,0.98516,0.98524,346990000,8
1335500160000,1335500639000,0.98522,0.98537,0.98497,0.98536,696030000,8
1335500640000,1335501119000,0.98534,0.98578,0.98523,0.98567,564620000,8
1335501120000,1335501599000,0.98567,0.98607,0.98558,0.986,438110000,8
1335501600000,1335502079000,0.98599,0.98605,0.98579,0.98588,495730000,8
1335502080000,1335502559000,0.98587,0.98626,0.98586,0.98607,695480000,8
1335502560000,1335503039000,0.98606,0.98618,0.98597,0.98604,696810000,8
1335503040000,1335503519000,0.98604,0.98647,0.98604,0.98642,858440000,8
1335503520000,1335503999000,0.9864,0.98644,0.98624,0.98634,679140000,8
1335504000000,1335504479000,0.98634,0.98639,0.9862,0.98628,762660000,8
1335504480000,1335504959000,0.98628,0.98644,0.98624,0.98638,602360000,8
1335504960000,1335505439000,0.98637,0.98651,0.98631,0.98644,485490000,8
1335505440000,1335505919000,0.98645,0.98651,0.98628,0.98631,464080000,8
1335505920000,1335506399000,0.98631,0.98643,0.98605,0.98608,537750000,8
1335506400000,1335506879000,0.98608,0.98659,0.98604,0.98644,974890000,8
1335506880000,1335507359000,0.98645,0.98658,0.98613,0.98655,698950000,8
1335507360000,1335507839000,0.98654,0.98657,0.98628,0.98648,846930000,8
1335507840000,1335508319000,0.98646,0.98674,0.98632,0.98637,963420000,8
1335508320000,1335508799000,0.98635,0.98659,0.9863,0.98633,601220000,8
1335508800000,1335509279000,0.98635,0.98664,0.9863,0.98651,770740000,8
1335509280000,1335509759000,0.98651,0.98656,0.98636,0.98644,674870000,8
1335509760000,1335510239000,0.98647,0.98696,0.98618,0.98693,1065390000,8
1335510240000,1335510719000,0.9869,0.98694,0.98623,0.98641,1689180000,8
1335510720000,1335511199000,0.98641,0.98653,0.98613,0.98621,1464150000,8
1335511200000,1335511679000,0.98619,0.98619,0.98563,0.98584,1014880000,8
1335511680000,1335512159000,0.98584,0.98587,0.98533,0.98544,1167580000,8
1335512160000,1335512639000,0.98544,0.98564,0.98498,0.98564,1340420000,8
1335512640000,1335513119000,0.98564,0.98589,0.98516,0.98528,1146120000,8
1335513120000,1335513599000,0.98521,0.98541,0.98441,0.98467,1401020000,8
1335513600000,1335514079000,0.98467,0.98502,0.98458,0.98501,1051930000,8
1335514080000,1335514559000,0.98499,0.98525,0.9848,0.98508,804700000,8
1335514560000,1335515039000,0.98507,0.9852,0.98467,0.98478,908020000,8
1335515040000,1335515519000,0.98477,0.98488,0.98429,0.98441,1329500000,8
1335515520000,1335515999000,0.98441,0.98441,0.98389,0.98415,1507050000,8
1335516000000,1335516479000,0.98414,0.98415,0.9838,0.98391,1270200000,8
1335516480000,1335516959000,0.98393,0.9841,0.98378,0.9839,1212410000,8
1335516960000,1335517439000,0.98391,0.98405,0.9835,0.98376,1061670000,8
1335517440000,1335517919000,0.98376,0.98412,0.98342,0.98355,1382620000,8
1335517920000,1335518399000,0.98353,0.98382,0.98346,0.98357,1555950000,8
1335518400000,1335518879000,0.98357,0.98374,0.98343,0.98358,1365350000,8
1335518880000,1335519359000,0.98356,0.98374,0.98336,0.98343,1397100000,8
1335519360000,1335519839000,0.98343,0.98356,0.98324,0.98352,1326590000,8
1335519840000,1335520319000,0.98352,0.98368,0.98331,0.98354,964900000,8
1335520320000,1335520799000,0.98352,0.98372,0.98349,0.98356,1141210000,8
1335520800000,1335521279000,0.98357,0.98438,0.98354,0.9843,1116430000,8
1335521280000,1335521759000,0.98432,0.98432,0.98381,0.98392,981030000,8
1335521760000,1335522239000,0.9839,0.98401,0.98379,0.9838,684410000,8
1335522240000,1335522719000,0.98382,0.98388,0.98361,0.98361,917320000,8
1335522720000,1335523199000,0.98361,0.98374,0.98352,0.98352,923170000,8
1335523200000,1335523679000,0.98352,0.98355,0.98302,0.9833,889750000,8
1335523680000,1335524159000,0.98331,0.9836,0.98323,0.98341,1053440000,8
1335524160000,1335524639000,0.98341,0.98357,0.98303,0.98305,1086520000,8
1335524640000,1335525119000,0.98307,0.98359,0.98304,0.98356,1306770000,8
1335525120000,1335525599000,0.98357,0.98371,0.98336,0.98352,1002520000,8
1335525600000,1335526079000,0.98352,0.98366,0.98329,0.98363,844580000,8
1335526080000,1335526559000,0.98363,0.98384,0.98343,0.98363,1298290000,8
1335526560000,1335527039000,0.98361,0.98364,0.98312,0.98321,1083730000,8
1335527040000,1335527519000,0.98322,0.98335,0.983,0.98302,1099810000,8
1335527520000,1335527999000,0.98302,0.98302,0.98251,0.98257,1424320000,8
1335528000000,1335528479000,0.98257,0.98278,0.98229,0.98241,1157340000,8
1335528480000,1335528959000,0.98238,0.98252,0.9821,0.9821,1149650000,8
1335528960000,1335529439000,0.98208,0.98244,0.98178,0.98238,1187200000,8
1335529440000,1335529919000,0.98238,0.98349,0.98177,0.98321,1487410000,8
1335529920000,1335530399000,0.98319,0.98362,0.98273,0.98346,1932090000,8
1335530400000,1335530879000,0.98346,0.98378,0.98295,0.98303,1309430000,8
1335530880000,1335531359000,0.98305,0.98317,0.98168,0.98178,1599410000,8
1335531360000,1335531839000,0.9818,0.982,0.98118,0.9812,1945000000,8
1335531840000,1335532319000,0.9812,0.98151,0.98072,0.98139,1270210000,8
1335532320000,1335532799000,0.98139,0.98149,0.98099,0.98111,1102530000,8
1335532800000,1335533279000,0.98111,0.98111,0.98071,0.98077,1189600000,8
1335533280000,1335533759000,0.98077,0.98086,0.98026,0.98083,1441030000,8
1335533760000,1335534239000,0.98083,0.98115,0.98064,0.981,1541240000,8
1335534240000,1335534719000,0.981,0.9816,0.98073,0.98131,1537070000,8
1335534720000,1335535199000,0.98133,0.98176,0.98065,0.98103,1578530000,8
1335535200000,1335535679000,0.98107,0.98188,0.98107,0.98141,1751490000,8
1335535680000,1335536159000,0.98141,0.98231,0.98137,0.98215,1534440000,8
1335536160000,1335536639000,0.98211,0.98252,0.98184,0.98205,1634600000,8
1335536640000,1335537119000,0.98206,0.98217,0.98139,0.98149,1332860000,8
1335537120000,1335537599000,0.98149,0.98149,0.98088,0.98106,1458060000,8
1335537600000,1335538079000,0.98105,0.9817,0.98092,0.9811,1676170000,8
1335538080000,1335538559000,0.9811,0.98124,0.98043,0.98047,1434950000,8
1335538560000,1335539039000,0.98046,0.98136,0.98046,0.98131,1570750000,8
1335539040000,1335539519000,0.98131,0.98152,0.98121,0.98135,1071500000,8
1335539520000,1335539999000,0.98135,0.98135,0.98078,0.98078,1241970000,8
1335540000000,1335540479000,0.98078,0.98085,0.98044,0.98071,1057920000,8
1335540480000,1335540959000,0.98072,0.98112,0.98063,0.9809,1306130000,8
1335540960000,1335541439000,0.98094,0.98111,0.98084,0.98104,1105530000,8
1335541440000,1335541919000,0.98105,0.98118,0.98091,0.98103,779770000,8
1335541920000,1335542399000,0.98102,0.98112,0.98058,0.98076,943070000,8
1335542400000,1335542879000,0.98076,0.98106,0.98072,0.98102,858350000,8
1335542880000,1335543359000,0.98101,0.98111,0.98093,0.98102,574320000,8
1335543360000,1335543839000,0.98102,0.98126,0.98098,0.98102,746150000,8
1335543840000,1335544319000,0.98101,0.98102,0.98078,0.98085,833360000,8
1335544320000,1335544799000,0.98086,0.9809,0.98075,0.98086,753890000,8
1335544800000,1335545279000,0.98087,0.98096,0.9807,0.98072,754650000,8
1335545280000,1335545759000,0.9807,0.98089,0.9807,0.98082,710880000,8
1335545760000,1335546239000,0.98081,0.98081,0.98052,0.98067,676320000,8
1335546240000,1335546719000,0.98064,0.98079,0.98059,0.9807,782750000,8
1335546720000,1335547199000,0.9807,0.98085,0.98056,0.9806,698040000,8
1335547200000,1335547679000,0.98061,0.98064,0.98029,0.98032,792680000,8
1335547680000,1335548159000,0.98033,0.9804,0.98016,0.98017,1167110000,8
1335548160000,1335548639000,0.98018,0.98043,0.97995,0.98011,787360000,8
1335548640000,1335549119000,0.98011,0.98041,0.98006,0.98022,764740000,8
1335549120000,1335549599000,0.98022,0.98056,0.9802,0.98047,806450000,8
1335549600000,1335550079000,0.98048,0.98073,0.98045,0.98056,703920000,8
1335550080000,1335550559000,0.98055,0.98062,0.98053,0.98057,559650000,8
1335550560000,1335551039000,0.98057,0.98067,0.98053,0.98055,358450000,8
1335551040000,1335551519000,0.98053,0.98102,0.98053,0.98088,690720000,8
1335551520000,1335551999000,0.98089,0.98105,0.98087,0.9809,526080000,8
1335552000000,1335552479000,0.9809,0.98123,0.98086,0.98116,652550000,8
1335552480000,1335552959000,0.98116,0.98123,0.98093,0.98105,778420000,8
1335552960000,1335553439000,0.98105,0.98106,0.98078,0.98087,679450000,8
1335553440000,1335553919000,0.98087,0.98087,0.98026,0.98035,555310000,8
1335553920000,1335554399000,0.98034,0.98072,0.9803,0.98071,466490000,8
1335554400000,1335554879000,0.9807,0.98088,0.9806,0.98081,409880000,8
1335554880000,1335555359000,0.98079,0.98088,0.98078,0.98083,571800000,8
1335555360000,1335555839000,0.98082,0.98101,0.98082,0.98098,596710000,8
1335555840000,1335556319000,0.98098,0.98148,0.98097,0.98121,716640000,8
1335556320000,1335556799000,0.98123,0.98138,0.98084,0.98091,776370000,8
1335556800000,1335557279000,0.98091,0.98097,0.9807,0.98084,454650000,8
1335557280000,1335557759000,0.98084,0.98117,0.98079,0.98111,326260000,8
1335557760000,1335558239000,0.98111,0.98117,0.98088,0.9809,261370000,8
1335558240000,1335558719000,0.98092,0.98102,0.98069,0.98088,271970000,8
1335558720000,1335559199000,0.98088,0.98111,0.98071,0.98075,224900000,8
1335559200000,1335559679000,0.98073,0.98073,0.98034,0.98046,194100000,8
1335559680000,1335560159000,0.98046,0.98069,0.98035,0.98058,261110000,8
1335560160000,1335560639000,0.9806,0.98061,0.98025,0.98036,181440000,8
1335560640000,1335561119000,0.98036,0.98036,0.98036,0.98036,0,8
1335561120000,1335561599000,0.98036,0.98036,0.98036,0.98036,0,8
1335561600000,1335562079000,0.98036,0.98036,0.98036,0.98036,0,8
1335562080000,1335562559000,0.98036,0.98036,0.98036,0.98036,0,8
1335562560000,1335563039000,0.98036,0.98036,0.98036,0.98036,0,8
1335563040000,1335563519000,0.98036,0.98036,0.98036,0.98036,0,8
1335563520000,1335563999000,0.98036,0.98036,0.98036,0.98036,0,8
1335564000000,1335564479000,0.98036,0.98036,0.98036,0.98036,0,8
1335564480000,1335564959000,0.98036,0.98036,0.98036,0.98036,0,8
1335564960000,1335565439000,0.98036,0.98036,0.98036,0.98036,0,8
1335565440000,1335565919000,0.98036,0.98036,0.98036,0.98036,0,8
1335565920000,1335566399000,0.98036,0.98036,0.98036,0.98036,0,8
1335566400000,1335566879000,0.98036,0.98036,0.98036,0.98036,0,8
1335566880000,1335567359000,0.98036,0.98036,0.98036,0.98036,0,8
1335567360000,1335567839000,0.98036,0.98036,0.98036,0.98036,0,8
1335567840000,1335568319000,0.98036,0.98036,0.98036,0.98036,0,8
1335568320000,1335568799000,0.98036,0.98036,0.98036,0.98036,0,8
1335568800000,1335569279000,0.98036,0.98036,0.98036,0.98036,0,8
1335569280000,1335569759000,0.98036,0.98036,0.98036,0.98036,0,8
1335569760000,1335570239000,0.98036,0.98036,0.98036,0.98036,0,8
1335570240000,1335570719000,0.98036,0.98036,0.98036,0.98036,0,8
1335570720000,1335571199000,0.98036,0.98036,0.98036,0.98036,0,8
1335657600000,1335658079000,0.98102,0.98102,0.98102,0.98102,0,8
1335658080000,1335658559000,0.98102,0.98102,0.98102,0.98102,0,8
1335658560000,1335659039000,0.98102,0.98102,0.98102,0.98102,0,8
1335659040000,1335659519000,0.98102,0.98102,0.98102,0.98102,0,8
1335659520000,1335659999000,0.98102,0.98102,0.98102,0.98102,0,8
1335660000000,1335660479000,0.98102,0.98102,0.98102,0.98102,0,8
1335660480000,1335660959000,0.98102,0.98102,0.98102,0.98102,0,8
1335660960000,1335661439000,0.98102,0.98102,0.98102,0.98102,0,8
1335661440000,1335661919000,0.98102,0.98102,0.98102,0.98102,0,8
1335661920000,1335662399000,0.98102,0.98102,0.98102,0.98102,0,8
1335662400000,1335662879000,0.98102,0.98102,0.98102,0.98102,0,8
1335662880000,1335663359000,0.98102,0.98102,0.98102,0.98102,0,8
1335663360000,1335663839000,0.98102,0.98102,0.98102,0.98102,0,8
1335663840000,1335664319000,0.98102,0.98102,0.98102,0.98102,0,8
1335664320000,1335664799000,0.98102,0.98102,0.98102,0.98102,0,8
1335664800000,1335665279000,0.98102,0.98102,0.98102,0.98102,0,8
1335665280000,1335665759000,0.98102,0.98102,0.98102,0.98102,0,8
1335665760000,1335666239000,0.98102,0.98102,0.98102,0.98102,0,8
1335666240000,1335666719000,0.98102,0.98102,0.98102,0.98102,0,8
1335666720000,1335667199000,0.98102,0.98102,0.98102,0.98102,0,8
1335667200000,1335667679000,0.98102,0.98102,0.98102,0.98102,0,8
1335667680000,1335668159000,0.98102,0.98102,0.98102,0.98102,0,8
1335668160000,1335668639000,0.98102,0.98102,0.98102,0.98102,0,8
1335668640000,1335669119000,0.98102,0.98102,0.98102,0.98102,0,8
1335669120000,1335669599000,0.98102,0.98102,0.98102,0.98102,0,8
1335669600000,1335670079000,0.98102,0.98102,0.98102,0.98102,0,8
1335670080000,1335670559000,0.98102,0.98102,0.98102,0.98102,0,8
1335670560000,1335671039000,0.98102,0.98102,0.98102,0.98102,0,8
1335671040000,1335671519000,0.98102,0.98102,0.98102,0.98102,0,8
1335671520000,1335671999000,0.98102,0.98102,0.98102,0.98102,0,8
1335672000000,1335672479000,0.98102,0.98102,0.98102,0.98102,0,8
1335672480000,1335672959000,0.98102,0.98102,0.98102,0.98102,0,8
1335672960000,1335673439000,0.98102,0.98102,0.98102,0.98102,0,8
1335673440000,1335673919000,0.98102,0.98102,0.98102,0.98102,0,8
1335673920000,1335674399000,0.98102,0.98102,0.98102,0.98102,0,8
1335674400000,1335674879000,0.98102,0.98102,0.98102,0.98102,0,8
1335674880000,1335675359000,0.98102,0.98102,0.98102,0.98102,0,8
1335675360000,1335675839000,0.98102,0.98102,0.98102,0.98102,0,8
1335675840000,1335676319000,0.98102,0.98102,0.98102,0.98102,0,8
1335676320000,1335676799000,0.98102,0.98102,0.98102,0.98102,0,8
1335676800000,1335677279000,0.98102,0.98102,0.98102,0.98102,0,8
1335677280000,1335677759000,0.98102,0.98102,0.98102,0.98102,0,8
1335677760000,1335678239000,0.98102,0.98102,0.98102,0.98102,0,8
1335678240000,1335678719000,0.98102,0.98102,0.98102,0.98102,0,8
1335678720000,1335679199000,0.98102,0.98102,0.98102,0.98102,0,8
1335679200000,1335679679000,0.98102,0.98102,0.98102,0.98102,0,8
1335679680000,1335680159000,0.98102,0.98102,0.98102,0.98102,0,8
1335680160000,1335680639000,0.98102,0.98102,0.98102,0.98102,0,8
1335680640000,1335681119000,0.98102,0.98102,0.98102,0.98102,0,8
1335681120000,1335681599000,0.98102,0.98102,0.98102,0.98102,0,8
1335681600000,1335682079000,0.98102,0.98102,0.98102,0.98102,0,8
1335682080000,1335682559000,0.98102,0.98102,0.98102,0.98102,0,8
1335682560000,1335683039000,0.98102,0.98102,0.98102,0.98102,0,8
1335683040000,1335683519000,0.98102,0.98102,0.98102,0.98102,0,8
1335683520000,1335683999000,0.98102,0.98102,0.98102,0.98102,0,8
1335684000000,1335684479000,0.98102,0.98102,0.98102,0.98102,0,8
1335684480000,1335684959000,0.98102,0.98102,0.98102,0.98102,0,8
1335684960000,1335685439000,0.98102,0.98102,0.98102,0.98102,0,8
1335685440000,1335685919000,0.98102,0.98102,0.98102,0.98102,0,8
1335685920000,1335686399000,0.98102,0.98102,0.98102,0.98102,0,8
1335686400000,1335686879000,0.98102,0.98102,0.98102,0.98102,0,8
1335686880000,1335687359000,0.98102,0.98102,0.98102,0.98102,0,8
1335687360000,1335687839000,0.98102,0.98102,0.98102,0.98102,0,8
1335687840000,1335688319000,0.98102,0.98102,0.98102,0.98102,0,8
1335688320000,1335688799000,0.98102,0.98102,0.98102,0.98102,0,8
1335688800000,1335689279000,0.98102,0.98102,0.98102,0.98102,0,8
1335689280000,1335689759000,0.98102,0.98102,0.98102,0.98102,0,8
1335689760000,1335690239000,0.98102,0.98102,0.98102,0.98102,0,8
1335690240000,1335690719000,0.98102,0.98102,0.98102,0.98102,0,8
1335690720000,1335691199000,0.98102,0.98102,0.98102,0.98102,0,8
1335691200000,1335691679000,0.98102,0.98102,0.98102,0.98102,0,8
1335691680000,1335692159000,0.98102,0.98102,0.98102,0.98102,0,8
1335692160000,1335692639000,0.98102,0.98102,0.98102,0.98102,0,8
1335692640000,1335693119000,0.98102,0.98102,0.98102,0.98102,0,8
1335693120000,1335693599000,0.98102,0.98102,0.98102,0.98102,0,8
1335693600000,1335694079000,0.98102,0.98102,0.98102,0.98102,0,8
1335694080000,1335694559000,0.98102,0.98102,0.98102,0.98102,0,8
1335694560000,1335695039000,0.98102,0.98102,0.98102,0.98102,0,8
1335695040000,1335695519000,0.98102,0.98102,0.98102,0.98102,0,8
1335695520000,1335695999000,0.98102,0.98102,0.98102,0.98102,0,8
1335696000000,1335696479000,0.98102,0.98102,0.98102,0.98102,0,8
1335696480000,1335696959000,0.98102,0.98102,0.98102,0.98102,0,8
1335696960000,1335697439000,0.98102,0.98102,0.98102,0.98102,0,8
1335697440000,1335697919000,0.98102,0.98102,0.98102,0.98102,0,8
1335697920000,1335698399000,0.98102,0.98102,0.98102,0.98102,0,8
1335698400000,1335698879000,0.98102,0.98102,0.98102,0.98102,0,8
1335698880000,1335699359000,0.98102,0.98102,0.98102,0.98102,0,8
1335699360000,1335699839000,0.98102,0.98102,0.98102,0.98102,0,8
1335699840000,1335700319000,0.98102,0.98102,0.98102,0.98102,0,8
1335700320000,1335700799000,0.98102,0.98102,0.98102,0.98102,0,8
1335700800000,1335701279000,0.98102,0.98102,0.98102,0.98102,0,8
1335701280000,1335701759000,0.98102,0.98102,0.98102,0.98102,0,8
1335701760000,1335702239000,0.98102,0.98102,0.98102,0.98102,0,8
1335702240000,1335702719000,0.98102,0.98102,0.98102,0.98102,0,8
1335702720000,1335703199000,0.98102,0.98102,0.98102,0.98102,0,8
1335703200000,1335703679000,0.98102,0.98102,0.98102,0.98102,0,8
1335703680000,1335704159000,0.98102,0.98102,0.98102,0.98102,0,8
1335704160000,1335704639000,0.98102,0.98102,0.98102,0.98102,0,8
1335704640000,1335705119000,0.98102,0.98102,0.98102,0.98102,0,8
1335705120000,1335705599000,0.98102,0.98102,0.98102,0.98102,0,8
1335705600000,1335706079000,0.98102,0.98102,0.98102,0.98102,0,8
1335706080000,1335706559000,0.98102,0.98102,0.98102,0.98102,0,8
1335706560000,1335707039000,0.98102,0.98102,0.98102,0.98102,0,8
1335707040000,1335707519000,0.98102,0.98102,0.98102,0.98102,0,8
1335707520000,1335707999000,0.98102,0.98102,0.98102,0.98102,0,8
1335708000000,1335708479000,0.98102,0.98102,0.98102,0.98102,0,8
1335708480000,1335708959000,0.98102,0.98102,0.98102,0.98102,0,8
1335708960000,1335709439000,0.98102,0.98102,0.98102,0.98102,0,8
1335709440000,1335709919000,0.98102,0.98102,0.98102,0.98102,0,8
1335709920000,1335710399000,0.98102,0.98102,0.98102,0.98102,0,8
1335710400000,1335710879000,0.98102,0.98102,0.98102,0.98102,0,8
1335710880000,1335711359000,0.98102,0.98102,0.98102,0.98102,0,8
1335711360000,1335711839000,0.98102,0.98102,0.98102,0.98102,0,8
1335711840000,1335712319000,0.98102,0.98102,0.98102,0.98102,0,8
1335712320000,1335712799000,0.98102,0.98102,0.98102,0.98102,0,8
1335712800000,1335713279000,0.98102,0.98102,0.98102,0.98102,0,8
1335713280000,1335713759000,0.98102,0.98102,0.98102,0.98102,0,8
1335713760000,1335714239000,0.98102,0.98102,0.98102,0.98102,0,8
1335714240000,1335714719000,0.98102,0.98102,0.98102,0.98102,0,8
1335714720000,1335715199000,0.98102,0.98102,0.98102,0.98102,0,8
1335715200000,1335715679000,0.98102,0.98102,0.98102,0.98102,0,8
1335715680000,1335716159000,0.98102,0.98102,0.98102,0.98102,0,8
1335716160000,1335716639000,0.98102,0.98102,0.98102,0.98102,0,8
1335716640000,1335717119000,0.98102,0.98102,0.98102,0.98102,0,8
1335717120000,1335717599000,0.98102,0.98102,0.98102,0.98102,0,8
1335717600000,1335718079000,0.98102,0.98102,0.98102,0.98102,0,8
1335718080000,1335718559000,0.98102,0.98102,0.98102,0.98102,0,8
1335718560000,1335719039000,0.98102,0.98102,0.98102,0.98102,0,8
1335719040000,1335719519000,0.98102,0.98102,0.98102,0.98102,0,8
1335719520000,1335719999000,0.98102,0.98102,0.98102,0.98102,0,8
1335720000000,1335720479000,0.98102,0.98102,0.98102,0.98102,0,8
1335720480000,1335720959000,0.98102,0.98102,0.98102,0.98102,0,8
1335720960000,1335721439000,0.98102,0.98102,0.98102,0.98102,0,8
1335721440000,1335721919000,0.98102,0.98102,0.98102,0.98102,0,8
1335721920000,1335722399000,0.98102,0.98102,0.98102,0.98102,0,8
1335722400000,1335722879000,0.98102,0.98102,0.98102,0.98102,0,8
1335722880000,1335723359000,0.98102,0.98102,0.98102,0.98102,0,8
1335723360000,1335723839000,0.98102,0.98102,0.98102,0.98102,0,8
1335723840000,1335724319000,0.98102,0.98102,0.98102,0.98102,0,8
1335724320000,1335724799000,0.98102,0.98102,0.98102,0.98102,0,8
1335724800000,1335725279000,0.98102,0.98102,0.98102,0.98102,0,8
1335725280000,1335725759000,0.98102,0.98102,0.98102,0.98102,0,8
1335725760000,1335726239000,0.98102,0.98102,0.98102,0.98102,0,8
1335726240000,1335726719000,0.98102,0.98102,0.98102,0.98102,0,8
1335726720000,1335727199000,0.98102,0.98102,0.98102,0.98102,0,8
1335727200000,1335727679000,0.98102,0.98102,0.98102,0.98102,0,8
1335727680000,1335728159000,0.98102,0.98102,0.98102,0.98102,0,8
1335728160000,1335728639000,0.98102,0.98102,0.98102,0.98102,0,8
1335728640000,1335729119000,0.98102,0.98102,0.98102,0.98102,0,8
1335729120000,1335729599000,0.98102,0.98102,0.98102,0.98102,0,8
1335729600000,1335730079000,0.98102,0.98102,0.98102,0.98102,0,8
1335730080000,1335730559000,0.98102,0.98102,0.98102,0.98102,0,8
1335730560000,1335731039000,0.98102,0.98102,0.98102,0.98102,0,8
1335731040000,1335731519000,0.98102,0.98102,0.98102,0.98102,0,8
1335731520000,1335731999000,0.98102,0.98102,0.98102,0.98102,0,8
1335732000000,1335732479000,0.98102,0.98102,0.98102,0.98102,0,8
1335732480000,1335732959000,0.98102,0.98102,0.98102,0.98102,0,8
1335732960000,1335733439000,0.98102,0.98102,0.98044,0.98068,45310000,8
1335733440000,1335733919000,0.98047,0.98071,0.98042,0.98043,238280000,8
1335733920000,1335734399000,0.98095,0.98095,0.98044,0.98087,40150000,8
1335734400000,1335734879000,0.98087,0.98102,0.98037,0.98071,236010000,8
1335734880000,1335735359000,0.98107,0.98107,0.98074,0.98092,306530000,8
1335735360000,1335735839000,0.98102,0.98102,0.98065,0.98095,324810000,8
1335735840000,1335736319000,0.98081,0.98082,0.98055,0.98082,47260000,8
1335736320000,1335736799000,0.98082,0.98087,0.98081,0.98087,32420000,8
1335736800000,1335737279000,0.98086,0.98091,0.98033,0.98056,172870000,8
1335737280000,1335737759000,0.98055,0.98074,0.98054,0.98072,124140000,8
1335737760000,1335738239000,0.98072,0.98078,0.98062,0.98062,118500000,8
1335738240000,1335738719000,0.98067,0.98081,0.98061,0.98079,94620000,8
1335738720000,1335739199000,0.98079,0.9809,0.98079,0.98086,203240000,8
1335739200000,1335739679000,0.98086,0.98093,0.98077,0.98089,215200000,8
1335739680000,1335740159000,0.98088,0.98101,0.9808,0.981,61020000,8
1335740160000,1335740639000,0.98101,0.98103,0.98078,0.98079,136080000,8
1335740640000,1335741119000,0.98078,0.98087,0.98076,0.98081,141890000,8
1335741120000,1335741599000,0.98081,0.98097,0.98076,0.98092,258830000,8
1335741600000,1335742079000,0.98092,0.98098,0.98081,0.98089,271190000,8
1335742080000,1335742559000,0.98089,0.98103,0.98073,0.9809,337900000,8
1335742560000,1335743039000,0.9809,0.98096,0.98077,0.98082,307380000,8
1335743040000,1335743519000,0.98081,0.98088,0.98081,0.98084,355620000,8
1335743520000,1335743999000,0.98083,0.981,0.98082,0.98098,414690000,8
1335744000000,1335744479000,0.98098,0.98129,0.98095,0.98121,569500000,8
1335744480000,1335744959000,0.98121,0.98129,0.98109,0.98122,715100000,8
1335744960000,1335745439000,0.98126,0.98126,0.98116,0.98117,237450000,8
1335745440000,1335745919000,0.98119,0.98126,0.981,0.98102,470250000,8
1335745920000,1335746399000,0.98102,0.98126,0.98091,0.98093,306680000,8
1335746400000,1335746879000,0.98093,0.98111,0.98091,0.98106,289330000,8
1335746880000,1335747359000,0.98106,0.98109,0.98101,0.98104,408090000,8
1335747360000,1335747839000,0.98104,0.98129,0.98103,0.98119,504880000,8
1335747840000,1335748319000,0.98122,0.98122,0.981,0.98113,413640000,8
1335748320000,1335748799000,0.98114,0.9812,0.98101,0.98106,417080000,8
1335748800000,1335749279000,0.98108,0.98116,0.98076,0.98078,358030000,8
1335749280000,1335749759000,0.9808,0.98088,0.98076,0.98079,363100000,8
1335749760000,1335750239000,0.98079,0.98086,0.98061,0.98064,404280000,8
1335750240000,1335750719000,0.98065,0.98078,0.98064,0.9807,283970000,8
1335750720000,1335751199000,0.98074,0.98091,0.98074,0.98085,300880000,8
1335751200000,1335751679000,0.98086,0.98088,0.98059,0.98062,515970000,8
1335751680000,1335752159000,0.98062,0.98073,0.98058,0.98071,375220000,8
1335752160000,1335752639000,0.98069,0.98083,0.98066,0.98072,374170000,8
1335752640000,1335753119000,0.98072,0.98081,0.98071,0.9808,305940000,8
1335753120000,1335753599000,0.98078,0.98086,0.98076,0.98078,233380000,8
1335753600000,1335754079000,0.98078,0.98081,0.98058,0.98071,301660000,8
1335754080000,1335754559000,0.98069,0.98075,0.98054,0.9806,219880000,8
1335754560000,1335755039000,0.98062,0.98073,0.9806,0.98068,273220000,8
1335755040000,1335755519000,0.98069,0.98073,0.98061,0.98064,147780000,8
1335755520000,1335755999000,0.9806,0.98066,0.98059,0.98061,151920000,8
1335756000000,1335756479000,0.9806,0.98063,0.98043,0.9805,367390000,8
1335756480000,1335756959000,0.9805,0.98063,0.98043,0.98057,282460000,8
1335756960000,1335757439000,0.98055,0.98058,0.98045,0.98057,267270000,8
1335757440000,1335757919000,0.98056,0.98059,0.98043,0.98046,239080000,8
1335757920000,1335758399000,0.98048,0.98057,0.98044,0.98054,319960000,8
1335758400000,1335758879000,0.98054,0.98059,0.98046,0.98051,342020000,8
1335758880000,1335759359000,0.98051,0.98057,0.98047,0.9805,279980000,8
1335759360000,1335759839000,0.9805,0.98062,0.98049,0.98058,235400000,8
1335759840000,1335760319000,0.98057,0.98068,0.98054,0.9806,187500000,8
1335760320000,1335760799000,0.98061,0.98068,0.98052,0.98056,148530000,8
1335760800000,1335761279000,0.98057,0.98059,0.98051,0.98052,300470000,8
1335761280000,1335761759000,0.98052,0.98055,0.98049,0.98052,278930000,8
1335761760000,1335762239000,0.98054,0.98061,0.98044,0.98058,385950000,8
1335762240000,1335762719000,0.98058,0.98059,0.98038,0.98048,286750000,8
1335762720000,1335763199000,0.98048,0.98072,0.98046,0.98062,306990000,8
1335763200000,1335763679000,0.98063,0.98069,0.98048,0.98066,434820000,8
1335763680000,1335764159000,0.98068,0.98075,0.98061,0.98068,254800000,8
1335764160000,1335764639000,0.98067,0.98085,0.98059,0.98075,499000000,8
1335764640000,1335765119000,0.98075,0.98088,0.9807,0.98084,365180000,8
1335765120000,1335765599000,0.98083,0.98096,0.98079,0.9809,381030000,8
1335765600000,1335766079000,0.98089,0.98091,0.98042,0.98044,617570000,8
1335766080000,1335766559000,0.98045,0.98059,0.98042,0.98048,657870000,8
1335766560000,1335767039000,0.98036,0.98058,0.98001,0.98044,566610000,8
1335767040000,1335767519000,0.98044,0.9806,0.98044,0.98054,498290000,8
1335767520000,1335767999000,0.98056,0.98079,0.98044,0.98052,718300000,8
1335768000000,1335768479000,0.98052,0.98079,0.9805,0.98075,624650000,8
1335768480000,1335768959000,0.98074,0.98084,0.98056,0.98074,705900000,8
1335768960000,1335769439000,0.98073,0.98077,0.98051,0.98054,845080000,8
1335769440000,1335769919000,0.98054,0.98118,0.98053,0.98114,1469210000,8
1335769920000,1335770399000,0.98114,0.98125,0.98097,0.98115,1183010000,8
1335770400000,1335770879000,0.98114,0.98127,0.98096,0.98097,1169160000,8
1335770880000,1335771359000,0.98097,0.98101,0.98065,0.98086,1035330000,8
1335771360000,1335771839000,0.98086,0.98109,0.98069,0.98078,1283310000,8
1335771840000,1335772319000,0.98081,0.98089,0.98051,0.98068,1054250000,8
1335772320000,1335772799000,0.98069,0.98128,0.98058,0.98125,1162990000,8
1335772800000,1335773279000,0.98125,0.98158,0.98106,0.98134,1382250000,8
1335773280000,1335773759000,0.98134,0.98164,0.98111,0.98113,920940000,8
1335773760000,1335774239000,0.98112,0.98115,0.98066,0.98075,945230000,8
1335774240000,1335774719000,0.98074,0.98133,0.98065,0.98132,900050000,8
1335774720000,1335775199000,0.98132,0.98144,0.98106,0.98113,1088460000,8
1335775200000,1335775679000,0.98114,0.9814,0.98102,0.98124,1044590000,8
1335775680000,1335776159000,0.98124,0.9816,0.98122,0.98137,1017850000,8
1335776160000,1335776639000,0.98137,0.98153,0.98115,0.98146,699830000,8
1335776640000,1335777119000,0.98145,0.98171,0.98132,0.98162,943360000,8
1335777120000,1335777599000,0.98161,0.9817,0.98145,0.98158,1001630000,8
1335777600000,1335778079000,0.98159,0.98179,0.9815,0.98168,931280000,8
1335778080000,1335778559000,0.98169,0.98188,0.98161,0.98183,1130620000,8
1335778560000,1335779039000,0.98183,0.98189,0.98161,0.98176,952680000,8
1335779040000,1335779519000,0.98176,0.98201,0.98175,0.98186,780040000,8
1335779520000,1335779999000,0.98186,0.9819,0.98169,0.98181,1009370000,8
1335780000000,1335780479000,0.98181,0.98199,0.98169,0.98177,1219990000,8
1335780480000,1335780959000,0.98179,0.98218,0.98176,0.98204,976310000,8
1335780960000,1335781439000,0.98204,0.98209,0.9819,0.98209,900600000,8
1335781440000,1335781919000,0.98207,0.98226,0.9819,0.98218,924560000,8
1335781920000,1335782399000,0.98217,0.98231,0.98214,0.98222,917860000,8
1335782400000,1335782879000,0.98222,0.9823,0.98206,0.98209,623840000,8
1335782880000,1335783359000,0.98209,0.98212,0.9817,0.98182,1060160000,8
1335783360000,1335783839000,0.98182,0.98193,0.98163,0.98171,881380000,8
1335783840000,1335784319000,0.98171,0.98181,0.98148,0.98152,668040000,8
1335784320000,1335784799000,0.98152,0.98159,0.98128,0.98142,753840000,8
1335784800000,1335785279000,0.98141,0.98179,0.98141,0.98171,757820000,8
1335785280000,1335785759000,0.98168,0.98173,0.98132,0.9814,817250000,8
1335785760000,1335786239000,0.98141,0.98162,0.98137,0.98148,1033730000,8
1335786240000,1335786719000,0.98148,0.98158,0.98109,0.98148,1021860000,8
1335786720000,1335787199000,0.9815,0.98207,0.9815,0.98206,1185850000,8
1335787200000,1335787679000,0.98208,0.98243,0.98206,0.98239,1014700000,8
1335787680000,1335788159000,0.98239,0.98299,0.98226,0.98249,1169070000,8
1335788160000,1335788639000,0.98246,0.98288,0.98231,0.98269,887150000,8
1335788640000,1335789119000,0.98268,0.98508,0.98266,0.98492,1620720000,8
1335789120000,1335789599000,0.98493,0.98638,0.98486,0.98588,2179230000,8
1335789600000,1335790079000,0.98588,0.98618,0.9854,0.98541,1423010000,8
1335790080000,1335790559000,0.98541,0.98552,0.98494,0.98535,1379530000,8
1335790560000,1335791039000,0.98536,0.98545,0.98493,0.98496,993420000,8
1335791040000,1335791519000,0.98495,0.98627,0.98495,0.98605,1270280000,8
1335791520000,1335791999000,0.98606,0.98613,0.98576,0.98598,1030880000,8
1335792000000,1335792479000,0.986,0.98614,0.98594,0.98608,883640000,8
1335792480000,1335792959000,0.98607,0.98612,0.98558,0.98586,1555790000,8
1335792960000,1335793439000,0.98585,0.98679,0.98573,0.98679,1581520000,8
1335793440000,1335793919000,0.9868,0.98746,0.98653,0.98656,1868290000,8
1335793920000,1335794399000,0.98658,0.98786,0.98652,0.98761,1641410000,8
1335794400000,1335794879000,0.9876,0.98823,0.98706,0.98715,2210820000,8
1335794880000,1335795359000,0.98716,0.98765,0.98681,0.98683,1689030000,8
1335795360000,1335795839000,0.98683,0.98696,0.9865,0.98684,1322900000,8
1335795840000,1335796319000,0.98685,0.98761,0.98677,0.9876,1159300000,8
1335796320000,1335796799000,0.98757,0.98762,0.98721,0.98723,1489190000,8
1335796800000,1335797279000,0.98723,0.98803,0.98722,0.98793,1420950000,8
1335797280000,1335797759000,0.98792,0.98815,0.98741,0.98765,1346220000,8
1335797760000,1335798239000,0.98764,0.98835,0.98736,0.9881,1839910000,8
1335798240000,1335798719000,0.9881,0.98836,0.98784,0.98808,1494080000,8
1335798720000,1335799199000,0.98811,0.98875,0.98809,0.98851,1218480000,8
1335799200000,1335799679000,0.98851,0.98941,0.9885,0.98938,1525080000,8
1335799680000,1335800159000,0.98937,0.98938,0.98848,0.98859,1268000000,8
1335800160000,1335800639000,0.9886,0.98893,0.98838,0.98841,1191410000,8
1335800640000,1335801119000,0.98841,0.98872,0.98833,0.98866,932610000,8
1335801120000,1335801599000,0.98866,0.98866,0.98833,0.98838,941810000,8
1335801600000,1335802079000,0.98839,0.98848,0.9883,0.98833,961790000,8
1335802080000,1335802559000,0.98831,0.98843,0.98821,0.98832,709150000,8
1335802560000,1335803039000,0.98832,0.98844,0.98825,0.98842,823070000,8
1335803040000,1335803519000,0.98843,0.98848,0.98792,0.98794,654100000,8
1335803520000,1335803999000,0.98794,0.98821,0.9879,0.98799,742900000,8
1335804000000,1335804479000,0.98801,0.98807,0.98783,0.98783,723950000,8
1335804480000,1335804959000,0.98784,0.98795,0.9877,0.98772,571120000,8
1335804960000,1335805439000,0.98772,0.98778,0.98732,0.98753,929390000,8
1335805440000,1335805919000,0.98752,0.98764,0.9875,0.98756,526910000,8
1335805920000,1335806399000,0.98755,0.98761,0.98748,0.98752,498900000,8
1335806400000,1335806879000,0.98753,0.98776,0.98749,0.98762,584880000,8
1335806880000,1335807359000,0.98761,0.98764,0.98735,0.98747,582900000,8
1335807360000,1335807839000,0.98747,0.98755,0.9873,0.9875,620540000,8
1335807840000,1335808319000,0.98751,0.9876,0.98749,0.98755,495800000,8
1335808320000,1335808799000,0.98756,0.98785,0.98756,0.98758,576590000,8
1335808800000,1335809279000,0.98758,0.98775,0.98747,0.98755,766490000,8
1335809280000,1335809759000,0.98756,0.98758,0.9874,0.98745,768980000,8
1335809760000,1335810239000,0.98744,0.98749,0.98723,0.98734,555290000,8
1335810240000,1335810719000,0.98734,0.98751,0.98726,0.98746,601460000,8
1335810720000,1335811199000,0.98746,0.98764,0.98741,0.98759,612220000,8
1335811200000,1335811679000,0.98759,0.98762,0.98744,0.98756,758140000,8
1335811680000,1335812159000,0.98759,0.98767,0.98745,0.98759,452580000,8
1335812160000,1335812639000,0.98759,0.98762,0.9872,0.98732,781630000,8
1335812640000,1335813119000,0.98732,0.98747,0.9873,0.98735,696890000,8
1335813120000,1335813599000,0.98736,0.98738,0.9872,0.9872,601660000,8
1335813600000,1335814079000,0.9872,0.98728,0.98706,0.98725,779980000,8
1335814080000,1335814559000,0.98723,0.98737,0.98713,0.98714,538530000,8
1335814560000,1335815039000,0.98714,0.98718,0.98705,0.98716,458390000,8
1335815040000,1335815519000,0.98718,0.98766,0.98698,0.98759,743370000,8
1335815520000,1335815999000,0.9876,0.9878,0.98751,0.98779,970940000,8
1335816000000,1335816479000,0.98781,0.98789,0.98744,0.98744,639960000,8
1335816480000,1335816959000,0.98741,0.98755,0.98741,0.98746,442020000,8
1335816960000,1335817439000,0.98747,0.9875,0.98731,0.98743,424640000,8
1335817440000,1335817919000,0.98742,0.98748,0.98738,0.98746,257200000,8
1335817920000,1335818399000,0.98747,0.9875,0.98706,0.98718,487620000,8
1335818400000,1335818879000,0.98718,0.98732,0.98705,0.9873,260640000,8
1335818880000,1335819359000,0.98729,0.98732,0.98678,0.98709,429020000,8
1335819360000,1335819839000,0.98709,0.98717,0.98692,0.98707,181120000,8
1335819840000,1335820319000,0.98706,0.98755,0.98701,0.98735,199070000,8
1335820320000,1335820799000,0.9874,0.9874,0.9869,0.98723,199960000,8
1335820800000,1335821279000,0.98723,0.98748,0.98662,0.98682,86270000,8
1335821280000,1335821759000,0.98703,0.98734,0.98703,0.98729,38340000,8
1335821760000,1335822239000,0.98723,0.98734,0.98688,0.98724,98930000,8
1335822240000,1335822719000,0.98722,0.98722,0.9868,0.9868,133730000,8
1335822720000,1335823199000,0.9868,0.987,0.9868,0.987,51130000,8
1335823200000,1335823679000,0.98702,0.98705,0.98693,0.98693,67050000,8
1335823680000,1335824159000,0.98693,0.98697,0.98692,0.98693,41950000,8
1335824160000,1335824639000,0.98693,0.98701,0.98669,0.98701,189440000,8
1335824640000,1335825119000,0.98701,0.98714,0.98701,0.98705,205450000,8
1335825120000,1335825599000,0.98705,0.98731,0.98703,0.98726,180670000,8
1335825600000,1335826079000,0.98726,0.98737,0.98724,0.98732,89140000,8
1335826080000,1335826559000,0.98732,0.98742,0.98727,0.98736,84600000,8
1335826560000,1335827039000,0.98736,0.98736,0.98707,0.98727,145620000,8
1335827040000,1335827519000,0.98727,0.98744,0.98716,0.98744,228380000,8
1335827520000,1335827999000,0.98743,0.98754,0.9874,0.98746,260810000,8
1335828000000,1335828479000,0.98746,0.98757,0.98742,0.98752,230180000,8
1335828480000,1335828959000,0.98752,0.98755,0.98748,0.9875,168940000,8
1335828960000,1335829439000,0.9875,0.98751,0.98723,0.98727,286730000,8
1335829440000,1335829919000,0.98727,0.9874,0.98727,0.98739,144540000,8
1335829920000,1335830399000,0.98738,0.98783,0.98735,0.98772,388710000,8
