openEpochMillis,closeEpochMillis,open,high,low,close,volume,sourceBars
1717286400000,1717286879000,1.36266,1.36266,1.36266,1.36266,0,8
1717286880000,1717287359000,1.36266,1.36266,1.36266,1.36266,0,8
1717287360000,1717287839000,1.36266,1.36266,1.36266,1.36266,0,8
1717287840000,1717288319000,1.36266,1.36266,1.36266,1.36266,0,8
1717288320000,1717288799000,1.36266,1.36266,1.36266,1.36266,0,8
1717288800000,1717289279000,1.36266,1.36266,1.36266,1.36266,0,8
1717289280000,1717289759000,1.36266,1.36266,1.36266,1.36266,0,8
1717289760000,1717290239000,1.36266,1.36266,1.36266,1.36266,0,8
1717290240000,1717290719000,1.36266,1.36266,1.36266,1.36266,0,8
1717290720000,1717291199000,1.36266,1.36266,1.36266,1.36266,0,8
1717291200000,1717291679000,1.36266,1.36266,1.36266,1.36266,0,8
1717291680000,1717292159000,1.36266,1.36266,1.36266,1.36266,0,8
1717292160000,1717292639000,1.36266,1.36266,1.36266,1.36266,0,8
1717292640000,1717293119000,1.36266,1.36266,1.36266,1.36266,0,8
1717293120000,1717293599000,1.36266,1.36266,1.36266,1.36266,0,8
1717293600000,1717294079000,1.36266,1.36266,1.36266,1.36266,0,8
1717294080000,1717294559000,1.36266,1.36266,1.36266,1.36266,0,8
1717294560000,1717295039000,1.36266,1.36266,1.36266,1.36266,0,8
1717295040000,1717295519000,1.36266,1.36266,1.36266,1.36266,0,8
1717295520000,1717295999000,1.36266,1.36266,1.36266,1.36266,0,8
1717296000000,1717296479000,1.36266,1.36266,1.36266,1.36266,0,8
1717296480000,1717296959000,1.36266,1.36266,1.36266,1.36266,0,8
1717296960000,1717297439000,1.36266,1.36266,1.36266,1.36266,0,8
1717297440000,1717297919000,1.36266,1.36266,1.36266,1.36266,0,8
1717297920000,1717298399000,1.36266,1.36266,1.36266,1.36266,0,8
1717298400000,1717298879000,1.36266,1.36266,1.36266,1.36266,0,8
1717298880000,1717299359000,1.36266,1.36266,1.36266,1.36266,0,8
1717299360000,1717299839000,1.36266,1.36266,1.36266,1.36266,0,8
1717299840000,1717300319000,1.36266,1.36266,1.36266,1.36266,0,8
1717300320000,1717300799000,1.36266,1.36266,1.36266,1.36266,0,8
1717300800000,1717301279000,1.36266,1.36266,1.36266,1.36266,0,8
1717301280000,1717301759000,1.36266,1.36266,1.36266,1.36266,0,8
1717301760000,1717302239000,1.36266,1.36266,1.36266,1.36266,0,8
1717302240000,1717302719000,1.36266,1.36266,1.36266,1.36266,0,8
1717302720000,1717303199000,1.36266,1.36266,1.36266,1.36266,0,8
1717303200000,1717303679000,1.36266,1.36266,1.36266,1.36266,0,8
1717303680000,1717304159000,1.36266,1.36266,1.36266,1.36266,0,8
1717304160000,1717304639000,1.36266,1.36266,1.36266,1.36266,0,8
1717304640000,1717305119000,1.36266,1.36266,1.36266,1.36266,0,8
1717305120000,1717305599000,1.36266,1.36266,1.36266,1.36266,0,8
1717305600000,1717306079000,1.36266,1.36266,1.36266,1.36266,0,8
1717306080000,1717306559000,1.36266,1.36266,1.36266,1.36266,0,8
1717306560000,1717307039000,1.36266,1.36266,1.36266,1.36266,0,8
1717307040000,1717307519000,1.36266,1.36266,1.36266,1.36266,0,8
1717307520000,1717307999000,1.36266,1.36266,1.36266,1.36266,0,8
1717308000000,1717308479000,1.36266,1.36266,1.36266,1.36266,0,8
1717308480000,1717308959000,1.36266,1.36266,1.36266,1.36266,0,8
1717308960000,1717309439000,1.36266,1.36266,1.36266,1.36266,0,8
1717309440000,1717309919000,1.36266,1.36266,1.36266,1.36266,0,8
1717309920000,1717310399000,1.36266,1.36266,1.36266,1.36266,0,8
1717310400000,1717310879000,1.36266,1.36266,1.36266,1.36266,0,8
1717310880000,1717311359000,1.36266,1.36266,1.36266,1.36266,0,8
1717311360000,1717311839000,1.36266,1.36266,1.36266,1.36266,0,8
1717311840000,1717312319000,1.36266,1.36266,1.36266,1.36266,0,8
1717312320000,1717312799000,1.36266,1.36266,1.36266,1.36266,0,8
1717312800000,1717313279000,1.36266,1.36266,1.36266,1.36266,0,8
1717313280000,1717313759000,1.36266,1.36266,1.36266,1.36266,0,8
1717313760000,1717314239000,1.36266,1.36266,1.36266,1.36266,0,8
1717314240000,1717314719000,1.36266,1.36266,1.36266,1.36266,0,8
1717314720000,1717315199000,1.36266,1.36266,1.36266,1.36266,0,8
1717315200000,1717315679000,1.36266,1.36266,1.36266,1.36266,0,8
1717315680000,1717316159000,1.36266,1.36266,1.36266,1.36266,0,8
1717316160000,1717316639000,1.36266,1.36266,1.36266,1.36266,0,8
1717316640000,1717317119000,1.36266,1.36266,1.36266,1.36266,0,8
1717317120000,1717317599000,1.36266,1.36266,1.36266,1.36266,0,8
1717317600000,1717318079000,1.36266,1.36266,1.36266,1.36266,0,8
1717318080000,1717318559000,1.36266,1.36266,1.36266,1.36266,0,8
1717318560000,1717319039000,1.36266,1.36266,1.36266,1.36266,0,8
1717319040000,1717319519000,1.36266,1.36266,1.36266,1.36266,0,8
1717319520000,1717319999000,1.36266,1.36266,1.36266,1.36266,0,8
1717320000000,1717320479000,1.36266,1.36266,1.36266,1.36266,0,8
1717320480000,1717320959000,1.36266,1.36266,1.36266,1.36266,0,8
1717320960000,1717321439000,1.36266,1.36266,1.36266,1.36266,0,8
1717321440000,1717321919000,1.36266,1.36266,1.36266,1.36266,0,8
1717321920000,1717322399000,1.36266,1.36266,1.36266,1.36266,0,8
1717322400000,1717322879000,1.36266,1.36266,1.36266,1.36266,0,8
1717322880000,1717323359000,1.36266,1.36266,1.36266,1.36266,0,8
1717323360000,1717323839000,1.36266,1.36266,1.36266,1.36266,0,8
1717323840000,1717324319000,1.36266,1.36266,1.36266,1.36266,0,8
1717324320000,1717324799000,1.36266,1.36266,1.36266,1.36266,0,8
1717324800000,1717325279000,1.36266,1.36266,1.36266,1.36266,0,8
1717325280000,1717325759000,1.36266,1.36266,1.36266,1.36266,0,8
1717325760000,1717326239000,1.36266,1.36266,1.36266,1.36266,0,8
1717326240000,1717326719000,1.36266,1.36266,1.36266,1.36266,0,8
1717326720000,1717327199000,1.36266,1.36266,1.36266,1.36266,0,8
1717327200000,1717327679000,1.36266,1.36266,1.36266,1.36266,0,8
1717327680000,1717328159000,1.36266,1.36266,1.36266,1.36266,0,8
1717328160000,1717328639000,1.36266,1.36266,1.36266,1.36266,0,8
1717328640000,1717329119000,1.36266,1.36266,1.36266,1.36266,0,8
1717329120000,1717329599000,1.36266,1.36266,1.36266,1.36266,0,8
1717329600000,1717330079000,1.36266,1.36266,1.36266,1.36266,0,8
1717330080000,1717330559000,1.36266,1.36266,1.36266,1.36266,0,8
1717330560000,1717331039000,1.36266,1.36266,1.36266,1.36266,0,8
1717331040000,1717331519000,1.36266,1.36266,1.36266,1.36266,0,8
1717331520000,1717331999000,1.36266,1.36266,1.36266,1.36266,0,8
1717332000000,1717332479000,1.36266,1.36266,1.36266,1.36266,0,8
1717332480000,1717332959000,1.36266,1.36266,1.36266,1.36266,0,8
1717332960000,1717333439000,1.36266,1.36266,1.36266,1.36266,0,8
1717333440000,1717333919000,1.36266,1.36266,1.36266,1.36266,0,8
1717333920000,1717334399000,1.36266,1.36266,1.36266,1.36266,0,8
1717334400000,1717334879000,1.36266,1.36266,1.36266,1.36266,0,8
1717334880000,1717335359000,1.36266,1.36266,1.36266,1.36266,0,8
1717335360000,1717335839000,1.36266,1.36266,1.36266,1.36266,0,8
1717335840000,1717336319000,1.36266,1.36266,1.36266,1.36266,0,8
1717336320000,1717336799000,1.36266,1.36266,1.36266,1.36266,0,8
1717336800000,1717337279000,1.36266,1.36266,1.36266,1.36266,0,8
1717337280000,1717337759000,1.36266,1.36266,1.36266,1.36266,0,8
1717337760000,1717338239000,1.36266,1.36266,1.36266,1.36266,0,8
1717338240000,1717338719000,1.36266,1.36266,1.36266,1.36266,0,8
1717338720000,1717339199000,1.36266,1.36266,1.36266,1.36266,0,8
1717339200000,1717339679000,1.36266,1.36266,1.36266,1.36266,0,8
1717339680000,1717340159000,1.36266,1.36266,1.36266,1.36266,0,8
1717340160000,1717340639000,1.36266,1.36266,1.36266,1.36266,0,8
1717340640000,1717341119000,1.36266,1.36266,1.36266,1.36266,0,8
1717341120000,1717341599000,1.36266,1.36266,1.36266,1.36266,0,8
1717341600000,1717342079000,1.36266,1.36266,1.36266,1.36266,0,8
1717342080000,1717342559000,1.36266,1.36266,1.36266,1.36266,0,8
1717342560000,1717343039000,1.36266,1.36266,1.36266,1.36266,0,8
1717343040000,1717343519000,1.36266,1.36266,1.36266,1.36266,0,8
1717343520000,1717343999000,1.36266,1.36266,1.36266,1.36266,0,8
1717344000000,1717344479000,1.36266,1.36266,1.36266,1.36266,0,8
1717344480000,1717344959000,1.36266,1.36266,1.36266,1.36266,0,8
1717344960000,1717345439000,1.36266,1.36266,1.36266,1.36266,0,8
1717345440000,1717345919000,1.36266,1.36266,1.36266,1.36266,0,8
1717345920000,1717346399000,1.36266,1.36266,1.36266,1.36266,0,8
1717346400000,1717346879000,1.36266,1.36266,1.36266,1.36266,0,8
1717346880000,1717347359000,1.36266,1.36266,1.36266,1.36266,0,8
1717347360000,1717347839000,1.36266,1.36266,1.36266,1.36266,0,8
1717347840000,1717348319000,1.36266,1.36266,1.36266,1.36266,0,8
1717348320000,1717348799000,1.36266,1.36266,1.36266,1.36266,0,8
1717348800000,1717349279000,1.36266,1.36266,1.36266,1.36266,0,8
1717349280000,1717349759000,1.36266,1.36266,1.36266,1.36266,0,8
1717349760000,1717350239000,1.36266,1.36266,1.36266,1.36266,0,8
1717350240000,1717350719000,1.36266,1.36266,1.36266,1.36266,0,8
1717350720000,1717351199000,1.36266,1.36266,1.36266,1.36266,0,8
1717351200000,1717351679000,1.36266,1.36266,1.36266,1.36266,0,8
1717351680000,1717352159000,1.36266,1.36266,1.36266,1.36266,0,8
1717352160000,1717352639000,1.36266,1.36266,1.36266,1.36266,0,8
1717352640000,1717353119000,1.36266,1.36266,1.36266,1.36266,0,8
1717353120000,1717353599000,1.36266,1.36266,1.36266,1.36266,0,8
1717353600000,1717354079000,1.36266,1.36266,1.36266,1.36266,0,8
1717354080000,1717354559000,1.36266,1.36266,1.36266,1.36266,0,8
1717354560000,1717355039000,1.36266,1.36266,1.36266,1.36266,0,8
1717355040000,1717355519000,1.36266,1.36266,1.36266,1.36266,0,8
1717355520000,1717355999000,1.36266,1.36266,1.36266,1.36266,0,8
1717356000000,1717356479000,1.36266,1.36266,1.36266,1.36266,0,8
1717356480000,1717356959000,1.36266,1.36266,1.36266,1.36266,0,8
1717356960000,1717357439000,1.36266,1.36266,1.36266,1.36266,0,8
1717357440000,1717357919000,1.36266,1.36266,1.36266,1.36266,0,8
1717357920000,1717358399000,1.36266,1.36266,1.36266,1.36266,0,8
1717358400000,1717358879000,1.36266,1.36266,1.36266,1.36266,0,8
1717358880000,1717359359000,1.36266,1.36266,1.36266,1.36266,0,8
1717359360000,1717359839000,1.36266,1.36266,1.36266,1.36266,0,8
1717359840000,1717360319000,1.36266,1.36266,1.36266,1.36266,0,8
1717360320000,1717360799000,1.36266,1.36266,1.36266,1.36266,0,8
1717360800000,1717361279000,1.36266,1.36266,1.36266,1.36266,0,8
1717361280000,1717361759000,1.36266,1.36266,1.36266,1.36266,0,8
1717361760000,1717362239000,1.36266,1.36292,1.36266,1.36272,9900000,8
1717362240000,1717362719000,1.36272,1.36275,1.36255,1.36273,46500000,8
1717362720000,1717363199000,1.36273,1.3631,1.36273,1.36298,164100000,8
1717363200000,1717363679000,1.36297,1.36304,1.36269,1.363,102300000,8
1717363680000,1717364159000,1.36294,1.36309,1.36264,1.36303,155730000,8
1717364160000,1717364639000,1.36301,1.36303,1.36285,1.36293,275000000,8
1717364640000,1717365119000,1.36294,1.363,1.36287,1.36294,331800000,8
1717365120000,1717365599000,1.36295,1.36299,1.36271,1.36282,282000000,8
1717365600000,1717366079000,1.36289,1.36322,1.36256,1.36312,362700000,8
1717366080000,1717366559000,1.36313,1.36328,1.36289,1.36297,233700000,8
1717366560000,1717367039000,1.36296,1.36296,1.36269,1.36272,301650000,8
1717367040000,1717367519000,1.36271,1.36284,1.36259,1.36259,248940000,8
1717367520000,1717367999000,1.3626,1.36261,1.36239,1.36244,437900000,8
1717368000000,1717368479000,1.36242,1.36255,1.36234,1.36242,298980000,8
1717368480000,1717368959000,1.36243,1.36254,1.36237,1.36252,104490000,8
1717368960000,1717369439000,1.36254,1.3626,1.36247,1.36247,426390000,8
1717369440000,1717369919000,1.36244,1.36253,1.36231,1.36249,392520000,8
1717369920000,1717370399000,1.36248,1.36249,1.36239,1.36241,340380000,8
1717370400000,1717370879000,1.36237,1.36242,1.36222,1.36222,195450000,8
1717370880000,1717371359000,1.36222,1.36226,1.36202,1.36211,258780000,8
1717371360000,1717371839000,1.3621,1.36225,1.36205,1.36222,131010000,8
1717371840000,1717372319000,1.36217,1.36223,1.36204,1.36218,89220000,8
1717372320000,1717372799000,1.36217,1.36223,1.36186,1.36187,339810000,8
1717372800000,1717373279000,1.36187,1.36213,1.36185,1.36207,598860000,8
1717373280000,1717373759000,1.36205,1.36216,1.36148,1.36157,907760000,8
1717373760000,1717374239000,1.36158,1.36159,1.3613,1.3613,486150000,8
1717374240000,1717374719000,1.36129,1.36129,1.36101,1.36115,252150000,8
1717374720000,1717375199000,1.36115,1.36133,1.36114,1.36125,280800000,8
1717375200000,1717375679000,1.36124,1.36126,1.36096,1.36099,218700000,8
1717375680000,1717376159000,1.36099,1.36106,1.36056,1.36056,358770000,8
1717376160000,1717376639000,1.36056,1.36097,1.36051,1.36097,536820000,8
1717376640000,1717377119000,1.36098,1.36129,1.36097,1.36117,180570000,8
1717377120000,1717377599000,1.36117,1.3613,1.36099,1.36128,524820000,8
1717377600000,1717378079000,1.36128,1.36134,1.36112,1.36125,344340000,8
1717378080000,1717378559000,1.36125,1.36134,1.36111,1.36132,677790000,8
1717378560000,1717379039000,1.3613,1.3613,1.36096,1.36097,588090000,8
1717379040000,1717379519000,1.36097,1.36125,1.36089,1.36122,318210000,8
1717379520000,1717379999000,1.3612,1.3614,1.36108,1.36133,219600000,8
1717380000000,1717380479000,1.36135,1.3618,1.36128,1.36171,260790000,8
1717380480000,1717380959000,1.36171,1.362,1.36163,1.36192,313650000,8
1717380960000,1717381439000,1.3619,1.36204,1.36181,1.36187,662340000,8
1717381440000,1717381919000,1.36189,1.36197,1.36184,1.36196,515070000,8
1717381920000,1717382399000,1.36191,1.36209,1.36191,1.36209,375420000,8
1717382400000,1717382879000,1.36212,1.36225,1.36197,1.36225,121980000,8
1717382880000,1717383359000,1.36225,1.36237,1.36218,1.36236,121230000,8
1717383360000,1717383839000,1.36234,1.36242,1.36225,1.36233,103230000,8
1717383840000,1717384319000,1.36232,1.36241,1.36214,1.36224,663270000,8
1717384320000,1717384799000,1.36223,1.36253,1.36223,1.36251,446550000,8
1717384800000,1717385279000,1.36251,1.36288,1.36248,1.36287,220500000,8
1717385280000,1717385759000,1.36288,1.36303,1.36283,1.36298,975730000,8
1717385760000,1717386239000,1.36298,1.36313,1.36292,1.36296,1018390000,8
1717386240000,1717386719000,1.36297,1.36303,1.36285,1.36297,784010000,8
1717386720000,1717387199000,1.36297,1.36303,1.36282,1.36282,524530000,8
1717387200000,1717387679000,1.36284,1.36285,1.3626,1.36274,222810000,8
1717387680000,1717388159000,1.36274,1.36274,1.36268,1.36271,36750000,8
1717388160000,1717388639000,1.36272,1.36277,1.36265,1.36274,103440000,8
1717388640000,1717389119000,1.36274,1.36275,1.36258,1.36268,159270000,8
1717389120000,1717389599000,1.36265,1.36269,1.36257,1.36262,193380000,8
1717389600000,1717390079000,1.36261,1.36275,1.36252,1.36256,120600000,8
1717390080000,1717390559000,1.36255,1.36267,1.36243,1.36267,247950000,8
1717390560000,1717391039000,1.36269,1.36283,1.36268,1.36274,261690000,8
1717391040000,1717391519000,1.36276,1.36284,1.36254,1.36277,284100000,8
1717391520000,1717391999000,1.36277,1.36282,1.36264,1.36278,253050000,8
1717392000000,1717392479000,1.36278,1.36292,1.36258,1.36278,220260000,8
1717392480000,1717392959000,1.36279,1.36306,1.36274,1.36305,341040000,8
1717392960000,1717393439000,1.36304,1.36344,1.36293,1.36343,413340000,8
1717393440000,1717393919000,1.36342,1.36362,1.36323,1.36331,313740000,8
1717393920000,1717394399000,1.3633,1.3637,1.36321,1.36364,356820000,8
1717394400000,1717394879000,1.36363,1.36376,1.36348,1.36374,825120000,8
1717394880000,1717395359000,1.36376,1.36427,1.36374,1.36403,619380000,8
1717395360000,1717395839000,1.36404,1.36423,1.36403,1.36419,439500000,8
1717395840000,1717396319000,1.36418,1.3645,1.36407,1.36422,495690000,8
1717396320000,1717396799000,1.36421,1.36453,1.36405,1.36408,702150000,8
1717396800000,1717397279000,1.3641,1.36425,1.36394,1.36418,725250000,8
1717397280000,1717397759000,1.36416,1.36437,1.36403,1.36414,667830000,8
1717397760000,1717398239000,1.36414,1.36479,1.36406,1.36462,793830000,8
1717398240000,1717398719000,1.36462,1.36483,1.36447,1.36479,1094370000,8
1717398720000,1717399199000,1.36477,1.36503,1.36464,1.36482,544200000,8
1717399200000,1717399679000,1.36481,1.36532,1.36467,1.36523,688050000,8
1717399680000,1717400159000,1.36523,1.36553,1.36519,1.36539,607740000,8
1717400160000,1717400639000,1.36537,1.36548,1.36501,1.36513,614430000,8
1717400640000,1717401119000,1.36515,1.36578,1.3651,1.36567,1214910000,8
1717401120000,1717401599000,1.36568,1.36574,1.36537,1.3656,830610000,8
1717401600000,1717402079000,1.36559,1.36578,1.36529,1.36559,911670000,8
1717402080000,1717402559000,1.36556,1.36564,1.36533,1.36541,863370000,8
1717402560000,1717403039000,1.36541,1.36556,1.36514,1.36522,878130000,8
1717403040000,1717403519000,1.36521,1.36536,1.36506,1.3652,626970000,8
1717403520000,1717403999000,1.36521,1.36524,1.36497,1.36506,1183080000,8
1717404000000,1717404479000,1.36505,1.36564,1.36503,1.36549,688890000,8
1717404480000,1717404959000,1.3655,1.36553,1.3651,1.3651,771330000,8
1717404960000,1717405439000,1.36511,1.36564,1.36511,1.36559,664050000,8
1717405440000,1717405919000,1.36558,1.36604,1.36547,1.36586,352470000,8
1717405920000,1717406399000,1.36586,1.36611,1.36581,1.36586,484950000,8
1717406400000,1717406879000,1.36586,1.36626,1.36586,1.36608,458580000,8
1717406880000,1717407359000,1.36606,1.36607,1.3658,1.36585,439140000,8
1717407360000,1717407839000,1.36587,1.36653,1.36586,1.36652,482970000,8
1717407840000,1717408319000,1.36652,1.36684,1.36637,1.36647,619200000,8
1717408320000,1717408799000,1.36648,1.36651,1.36609,1.36632,744030000,8
1717408800000,1717409279000,1.36632,1.36642,1.36614,1.3663,885510000,8
1717409280000,1717409759000,1.3663,1.36637,1.36602,1.36604,1339050000,8
1717409760000,1717410239000,1.36602,1.36606,1.36582,1.36587,733290000,8
1717410240000,1717410719000,1.36589,1.36592,1.36558,1.36585,581970000,8
1717410720000,1717411199000,1.36587,1.36613,1.36578,1.36583,485670000,8
1717411200000,1717411679000,1.36584,1.36585,1.36541,1.36563,845550000,8
1717411680000,1717412159000,1.36562,1.36574,1.36542,1.36543,475440000,8
1717412160000,1717412639000,1.36541,1.3657,1.36521,1.36521,564190000,8
1717412640000,1717413119000,1.36519,1.3652,1.3648,1.36495,729450000,8
1717413120000,1717413599000,1.36493,1.36495,1.36459,1.36459,477540000,8
1717413600000,1717414079000,1.36459,1.36479,1.36444,1.36476,508620000,8
1717414080000,1717414559000,1.36478,1.36498,1.36422,1.3644,1162350000,8
1717414560000,1717415039000,1.36439,1.36445,1.364,1.36403,1111110000,8
1717415040000,1717415519000,1.36403,1.36424,1.3638,1.3638,1653180000,8
1717415520000,1717415999000,1.3638,1.36382,1.36355,1.36374,1675500000,8
1717416000000,1717416479000,1.36373,1.3639,1.36355,1.36366,1933560000,8
1717416480000,1717416959000,1.36366,1.36366,1.36315,1.36317,1602960000,8
1717416960000,1717417439000,1.36316,1.36317,1.36276,1.36294,1649340000,8
1717417440000,1717417919000,1.36294,1.36294,1.36245,1.36253,1360740000,8
1717417920000,1717418399000,1.36252,1.36262,1.36223,1.36223,957420000,8
1717418400000,1717418879000,1.36224,1.36254,1.36194,1.36245,806400000,8
1717418880000,1717419359000,1.36245,1.36252,1.36213,1.36214,849150000,8
1717419360000,1717419839000,1.36214,1.36255,1.36213,1.36243,699540000,8
1717419840000,1717420319000,1.3624,1.36266,1.36226,1.36229,1256430000,8
1717420320000,1717420799000,1.3623,1.36236,1.36198,1.3622,947400000,8
1717420800000,1717421279000,1.36219,1.36262,1.36219,1.36235,831330000,8
1717421280000,1717421759000,1.36234,1.36265,1.3618,1.36198,2324940000,8
1717421760000,1717422239000,1.36206,1.36284,1.36206,1.36274,1353000000,8
1717422240000,1717422719000,1.36272,1.36398,1.36256,1.3638,1606680000,8
1717422720000,1717423199000,1.36381,1.36388,1.36286,1.363,1814070000,8
1717423200000,1717423679000,1.36299,1.36299,1.36072,1.36075,3295530000,8
1717423680000,1717424159000,1.36078,1.36098,1.36025,1.36026,2103460000,8
1717424160000,1717424639000,1.36025,1.36186,1.36024,1.36141,2091330000,8
1717424640000,1717425119000,1.36141,1.3622,1.36118,1.36201,1746060000,8
1717425120000,1717425599000,1.36203,1.36281,1.36184,1.36195,2740110000,8
1717425600000,1717426079000,1.36197,1.36231,1.36159,1.3623,2487630000,8
1717426080000,1717426559000,1.36231,1.36341,1.36215,1.36325,1504620000,8
1717426560000,1717427039000,1.36326,1.3635,1.36278,1.36293,1985360000,8
1717427040000,1717427519000,1.36294,1.36309,1.36226,1.36253,1685370000,8
1717427520000,1717427999000,1.36253,1.36264,1.36196,1.36204,1206480000,8
1717428000000,1717428479000,1.36201,1.36247,1.36191,1.36245,1204950000,8
1717428480000,1717428959000,1.36247,1.36283,1.36214,1.36235,1244130000,8
1717428960000,1717429439000,1.36236,1.36276,1.36196,1.36262,958800000,8
1717429440000,1717429919000,1.36261,1.36319,1.36255,1.36279,774030000,8
1717429920000,1717430399000,1.3628,1.36284,1.36253,1.36271,570510000,8
1717430400000,1717430879000,1.3627,1.3631,1.36243,1.36299,869490000,8
1717430880000,1717431359000,1.36301,1.36366,1.36264,1.36353,864430000,8
1717431360000,1717431839000,1.36355,1.36395,1.36329,1.36375,1032090000,8
1717431840000,1717432319000,1.36375,1.36441,1.36363,1.36433,1528980000,8
1717432320000,1717432799000,1.36433,1.36449,1.36383,1.3639,975750000,8
1717432800000,1717433279000,1.36388,1.36413,1.36374,1.36403,929370000,8
1717433280000,1717433759000,1.36403,1.36458,1.36397,1.3643,937290000,8
1717433760000,1717434239000,1.36428,1.36464,1.364,1.3646,848610000,8
1717434240000,1717434719000,1.36459,1.36534,1.36421,1.36527,727860000,8
1717434720000,1717435199000,1.36528,1.3654,1.36465,1.36482,762510000,8
1717435200000,1717435679000,1.36483,1.36488,1.36454,1.36471,646470000,8
1717435680000,1717436159000,1.36469,1.36504,1.36456,1.36496,643680000,8
1717436160000,1717436639000,1.36494,1.36494,1.36454,1.36469,550380000,8
1717436640000,1717437119000,1.36467,1.36521,1.3645,1.36519,507210000,8
1717437120000,1717437599000,1.36518,1.36537,1.36496,1.36505,655140000,8
1717437600000,1717438079000,1.36503,1.36505,1.36466,1.36477,655230000,8
1717438080000,1717438559000,1.36475,1.36525,1.36458,1.36502,502860000,8
1717438560000,1717439039000,1.365,1.36508,1.36429,1.36442,451500000,8
1717439040000,1717439519000,1.36445,1.36479,1.36441,1.36468,474480000,8
1717439520000,1717439999000,1.36467,1.36478,1.36446,1.3645,537480000,8
1717440000000,1717440479000,1.36451,1.36464,1.36416,1.36444,796260000,8
1717440480000,1717440959000,1.36446,1.36466,1.36423,1.36464,1063500000,8
1717440960000,1717441439000,1.36462,1.3648,1.36416,1.36417,1193130000,8
1717441440000,1717441919000,1.36415,1.36427,1.364,1.36413,1296990000,8
1717441920000,1717442399000,1.36413,1.36417,1.36379,1.36387,1037110000,8
1717442400000,1717442879000,1.36388,1.364,1.36368,1.36398,1106550000,8
1717442880000,1717443359000,1.36397,1.36407,1.36383,1.3639,665660000,8
1717443360000,1717443839000,1.36391,1.36412,1.36385,1.364,577830000,8
1717443840000,1717444319000,1.36398,1.36398,1.36364,1.36368,997470000,8
1717444320000,1717444799000,1.36369,1.36383,1.36354,1.36367,459750000,8
1717444800000,1717445279000,1.36364,1.36365,1.36344,1.36356,235470000,8
1717445280000,1717445759000,1.36354,1.36359,1.36345,1.36354,157800000,8
1717445760000,1717446239000,1.36353,1.36354,1.36333,1.36333,232230000,8
1717446240000,1717446719000,1.36334,1.36335,1.3631,1.36312,416220000,8
1717446720000,1717447199000,1.36312,1.36312,1.36285,1.36301,342150000,8
1717447200000,1717447679000,1.363,1.36317,1.36295,1.36295,205410000,8
1717447680000,1717448159000,1.36296,1.36299,1.36281,1.36281,260880000,8
1717448160000,1717448639000,1.36282,1.36284,1.36243,1.36268,229590000,8
1717448640000,1717449119000,1.36267,1.36283,1.36248,1.36268,218370000,8
1717449120000,1717449599000,1.36268,1.36292,1.36249,1.36262,217110000,8
1717449600000,1717450079000,1.36266,1.36286,1.36263,1.36264,113400000,8
1717450080000,1717450559000,1.36264,1.36278,1.36261,1.36277,106650000,8
1717450560000,1717451039000,1.3627,1.36282,1.36254,1.36262,536400000,8
1717451040000,1717451519000,1.36275,1.36287,1.36259,1.36272,454650000,8
1717451520000,1717451999000,1.36272,1.36285,1.36266,1.36272,241500000,8
1717452000000,1717452479000,1.36273,1.36279,1.36251,1.36259,141000000,8
1717452480000,1717452959000,1.36259,1.36259,1.36238,1.36239,100200000,8
1717452960000,1717453439000,1.36238,1.36254,1.36238,1.3625,85200000,8
1717453440000,1717453919000,1.3625,1.36258,1.36248,1.36249,157890000,8
1717453920000,1717454399000,1.36248,1.36259,1.36248,1.36251,91320000,8
1717454400000,1717454879000,1.36252,1.36262,1.36251,1.36259,38400000,8
1717454880000,1717455359000,1.36258,1.36263,1.36258,1.3626,58800000,8
1717455360000,1717455839000,1.3626,1.36284,1.36258,1.36278,399000000,8
1717455840000,1717456319000,1.36279,1.3628,1.36265,1.36276,280710000,8
1717456320000,1717456799000,1.36274,1.3628,1.36257,1.36258,301410000,8
1717456800000,1717457279000,1.36259,1.36274,1.36257,1.36273,97350000,8
1717457280000,1717457759000,1.36273,1.36283,1.36268,1.36273,89520000,8
1717457760000,1717458239000,1.36273,1.36282,1.36269,1.36282,196770000,8
1717458240000,1717458719000,1.36286,1.36292,1.36273,1.36277,45450000,8
1717458720000,1717459199000,1.36278,1.3629,1.36278,1.36285,65640000,8
1717459200000,1717459679000,1.36285,1.36285,1.36226,1.3623,953900000,8
1717459680000,1717460159000,1.36229,1.36231,1.362,1.36209,922530000,8
1717460160000,1717460639000,1.3621,1.3625,1.3621,1.36248,1069950000,8
1717460640000,1717461119000,1.36249,1.36264,1.3623,1.3624,607260000,8
1717461120000,1717461599000,1.3624,1.36249,1.36204,1.36212,491640000,8
1717461600000,1717462079000,1.36211,1.36257,1.36211,1.36251,284880000,8
1717462080000,1717462559000,1.36248,1.36268,1.36232,1.36242,398670000,8
1717462560000,1717463039000,1.36244,1.36275,1.36242,1.36271,571740000,8
1717463040000,1717463519000,1.3627,1.36322,1.3627,1.36309,428130000,8
1717463520000,1717463999000,1.3631,1.36326,1.36299,1.36314,442020000,8
1717464000000,1717464479000,1.36313,1.36341,1.36309,1.36336,492780000,8
1717464480000,1717464959000,1.36337,1.36387,1.3632,1.36386,504060000,8
1717464960000,1717465439000,1.36386,1.36402,1.3638,1.36399,302760000,8
1717465440000,1717465919000,1.36399,1.36399,1.36356,1.36359,542370000,8
1717465920000,1717466399000,1.3636,1.36369,1.36342,1.36361,566130000,8
1717466400000,1717466879000,1.36361,1.36397,1.36357,1.3638,356190000,8
1717466880000,1717467359000,1.3638,1.36399,1.36364,1.36392,440400000,8
1717467360000,1717467839000,1.36393,1.36417,1.3639,1.3641,308040000,8
1717467840000,1717468319000,1.3641,1.36411,1.36378,1.364,260100000,8
1717468320000,1717468799000,1.36402,1.36404,1.36388,1.36395,273660000,8
1717468800000,1717469279000,1.36395,1.36408,1.3637,1.36383,371610000,8
1717469280000,1717469759000,1.36381,1.36382,1.36353,1.3636,290130000,8
1717469760000,1717470239000,1.36361,1.36369,1.36346,1.36358,369510000,8
1717470240000,1717470719000,1.36355,1.36369,1.36351,1.36354,408420000,8
1717470720000,1717471199000,1.36354,1.36367,1.36349,1.36365,463620000,8
1717471200000,1717471679000,1.36364,1.36381,1.36362,1.36381,328020000,8
1717471680000,1717472159000,1.3638,1.36389,1.36366,1.36371,117150000,8
1717472160000,1717472639000,1.36372,1.36384,1.36358,1.36358,185400000,8
1717472640000,1717473119000,1.3636,1.36379,1.36357,1.36367,324420000,8
1717473120000,1717473599000,1.36366,1.36374,1.36357,1.3637,309330000,8
1717473600000,1717474079000,1.36372,1.36383,1.36369,1.36371,321180000,8
1717474080000,1717474559000,1.36372,1.36372,1.36354,1.36366,265260000,8
1717474560000,1717475039000,1.36366,1.36369,1.3636,1.3636,182970000,8
1717475040000,1717475519000,1.36359,1.36361,1.36347,1.36353,106290000,8
1717475520000,1717475999000,1.36352,1.36364,1.36347,1.36347,160890000,8
1717476000000,1717476479000,1.36348,1.36372,1.36347,1.36366,164250000,8
1717476480000,1717476959000,1.36364,1.36386,1.36361,1.36374,422580000,8
1717476960000,1717477439000,1.36373,1.36395,1.36373,1.36382,371610000,8
1717477440000,1717477919000,1.36382,1.36395,1.36375,1.36387,420840000,8
1717477920000,1717478399000,1.36385,1.36403,1.3638,1.36385,368730000,8
1717478400000,1717478879000,1.36385,1.36406,1.36381,1.364,519930000,8
1717478880000,1717479359000,1.36401,1.36459,1.36394,1.36451,704940000,8
1717479360000,1717479839000,1.36451,1.36495,1.36448,1.3649,505350000,8
1717479840000,1717480319000,1.36491,1.36505,1.36478,1.36485,553440000,8
1717480320000,1717480799000,1.36484,1.36494,1.36475,1.36486,727650000,8
1717480800000,1717481279000,1.36484,1.36512,1.36477,1.36481,670080000,8
1717481280000,1717481759000,1.36482,1.36506,1.36472,1.36475,804990000,8
1717481760000,1717482239000,1.36475,1.36513,1.36463,1.36498,727290000,8
1717482240000,1717482719000,1.36497,1.36529,1.36485,1.36521,591930000,8
1717482720000,1717483199000,1.3652,1.36539,1.36499,1.365,1272570000,8
1717483200000,1717483679000,1.365,1.36529,1.36481,1.36488,1643250000,8
1717483680000,1717484159000,1.36488,1.36521,1.36487,1.3649,1128360000,8
1717484160000,1717484639000,1.36492,1.36526,1.36473,1.365,1379100000,8
1717484640000,1717485119000,1.36502,1.36571,1.36499,1.36571,1301970000,8
1717485120000,1717485599000,1.3657,1.36585,1.36543,1.36584,1077450000,8
1717485600000,1717486079000,1.36584,1.36649,1.36582,1.36646,904860000,8
1717486080000,1717486559000,1.36647,1.36671,1.36633,1.3665,939720000,8
1717486560000,1717487039000,1.3665,1.36673,1.36635,1.36671,713670000,8
1717487040000,1717487519000,1.36668,1.36686,1.36652,1.36659,544530000,8
1717487520000,1717487999000,1.3666,1.36706,1.36651,1.36694,706710000,8
1717488000000,1717488479000,1.36693,1.36799,1.36693,1.36783,1175970000,8
1717488480000,1717488959000,1.36786,1.36801,1.36723,1.36727,1456680000,8
1717488960000,1717489439000,1.36727,1.36762,1.36709,1.36758,1661130000,8
1717489440000,1717489919000,1.36758,1.36803,1.36757,1.36789,1172250000,8
1717489920000,1717490399000,1.36789,1.36816,1.36767,1.36795,1204680000,8
1717490400000,1717490879000,1.36796,1.36824,1.36775,1.36803,1050510000,8
1717490880000,1717491359000,1.36804,1.36809,1.36766,1.368,1154010000,8
1717491360000,1717491839000,1.36799,1.36826,1.36776,1.36824,1343520000,8
1717491840000,1717492319000,1.36827,1.36888,1.36826,1.36888,771750000,8
1717492320000,1717492799000,1.36887,1.36901,1.36864,1.36892,876270000,8
1717492800000,1717493279000,1.36895,1.36895,1.36852,1.36864,680370000,8
1717493280000,1717493759000,1.36863,1.36882,1.36828,1.36857,662100000,8
1717493760000,1717494239000,1.36861,1.36865,1.36823,1.36844,655530000,8
1717494240000,1717494719000,1.36845,1.36902,1.36836,1.36895,853800000,8
1717494720000,1717495199000,1.36897,1.36925,1.36895,1.36923,593400000,8
1717495200000,1717495679000,1.36923,1.36974,1.36923,1.36955,515790000,8
1717495680000,1717496159000,1.36955,1.36987,1.36942,1.36969,677580000,8
1717496160000,1717496639000,1.36967,1.36967,1.36938,1.36953,1154640000,8
1717496640000,1717497119000,1.36951,1.36977,1.36939,1.36973,709350000,8
1717497120000,1717497599000,1.36974,1.36983,1.36939,1.36947,1246080000,8
1717497600000,1717498079000,1.36948,1.36971,1.36918,1.36929,819960000,8
1717498080000,1717498559000,1.36927,1.36944,1.36887,1.36922,1063080000,8
1717498560000,1717499039000,1.36921,1.36927,1.36895,1.3692,789030000,8
1717499040000,1717499519000,1.36922,1.36951,1.36916,1.36916,719160000,8
1717499520000,1717499999000,1.36918,1.36921,1.36832,1.36832,855150000,8
1717500000000,1717500479000,1.36833,1.36842,1.36816,1.36837,792960000,8
1717500480000,1717500959000,1.36836,1.36871,1.36833,1.36842,521010000,8
1717500960000,1717501439000,1.36841,1.36853,1.36795,1.36816,1024950000,8
1717501440000,1717501919000,1.36815,1.36848,1.36794,1.36843,571920000,8
1717501920000,1717502399000,1.36841,1.36844,1.36788,1.3679,1178160000,8
1717502400000,1717502879000,1.36788,1.36798,1.36748,1.36781,1188630000,8
1717502880000,1717503359000,1.36781,1.36781,1.36732,1.36751,552090000,8
1717503360000,1717503839000,1.36752,1.36763,1.3672,1.36749,636060000,8
1717503840000,1717504319000,1.36749,1.36764,1.3672,1.36732,910650000,8
1717504320000,1717504799000,1.3673,1.36771,1.36728,1.36751,1300950000,8
1717504800000,1717505279000,1.3675,1.36772,1.36741,1.36746,678390000,8
1717505280000,1717505759000,1.36744,1.36795,1.36744,1.3679,562170000,8
1717505760000,1717506239000,1.36789,1.36791,1.36764,1.36789,1038120000,8
1717506240000,1717506719000,1.36786,1.36813,1.36742,1.36768,1114020000,8
1717506720000,1717507199000,1.36767,1.3678,1.36749,1.36751,412890000,8
1717507200000,1717507679000,1.36747,1.36749,1.36697,1.36702,991440000,8
1717507680000,1717508159000,1.36702,1.36779,1.36702,1.36737,2030730000,8
1717508160000,1717508639000,1.36737,1.36788,1.36695,1.3678,1852230000,8
1717508640000,1717509119000,1.36778,1.3681,1.3673,1.36807,1547100000,8
1717509120000,1717509599000,1.36808,1.36872,1.36793,1.3683,1267290000,8
1717509600000,1717510079000,1.3682,1.36848,1.3668,1.36826,5752170000,8
1717510080000,1717510559000,1.36826,1.36864,1.36773,1.36779,4745620000,8
1717510560000,1717511039000,1.3678,1.3688,1.36754,1.36856,4117240000,8
1717511040000,1717511519000,1.36857,1.36871,1.36786,1.36792,3146850000,8
1717511520000,1717511999000,1.36792,1.36943,1.36768,1.36917,3201900000,8
1717512000000,1717512479000,1.36913,1.36938,1.36865,1.36901,2885730000,8
1717512480000,1717512959000,1.36905,1.36939,1.36802,1.36807,2957100000,8
1717512960000,1717513439000,1.36803,1.36863,1.36784,1.36833,2132930000,8
1717513440000,1717513919000,1.36835,1.36882,1.36778,1.36856,1683670000,8
1717513920000,1717514399000,1.36857,1.36858,1.36808,1.3682,1136460000,8
1717514400000,1717514879000,1.3682,1.36838,1.36774,1.36835,1121010000,8
1717514880000,1717515359000,1.36837,1.36859,1.36808,1.36847,1052370000,8
1717515360000,1717515839000,1.36846,1.36874,1.36827,1.36843,761160000,8
1717515840000,1717516319000,1.36845,1.36883,1.36825,1.36865,688410000,8
1717516320000,1717516799000,1.36863,1.36877,1.36822,1.36858,865080000,8
1717516800000,1717517279000,1.36859,1.36895,1.36846,1.36884,1006710000,8
1717517280000,1717517759000,1.36885,1.36905,1.36831,1.36836,1035840000,8
1717517760000,1717518239000,1.36833,1.36884,1.36832,1.36875,894330000,8
1717518240000,1717518719000,1.36876,1.36878,1.36838,1.36862,743520000,8
1717518720000,1717519199000,1.36863,1.36892,1.36845,1.36865,798030000,8
1717519200000,1717519679000,1.36864,1.36882,1.3681,1.36842,1150440000,8
1717519680000,1717520159000,1.3684,1.36912,1.36823,1.36873,603540000,8
1717520160000,1717520639000,1.36871,1.3688,1.3683,1.36855,1069350000,8
1717520640000,1717521119000,1.36855,1.36889,1.36832,1.36834,931290000,8
1717521120000,1717521599000,1.36835,1.36864,1.36826,1.36837,516150000,8
1717521600000,1717522079000,1.36835,1.36859,1.36825,1.36835,999600000,8
1717522080000,1717522559000,1.36837,1.36837,1.36769,1.36781,1010910000,8
1717522560000,1717523039000,1.36781,1.36798,1.36744,1.36751,1234440000,8
1717523040000,1717523519000,1.36749,1.36754,1.36699,1.36715,715050000,8
1717523520000,1717523999000,1.36717,1.36794,1.36717,1.36768,704640000,8
1717524000000,1717524479000,1.36768,1.3681,1.36763,1.36772,629640000,8
1717524480000,1717524959000,1.36774,1.36797,1.36742,1.36751,789270000,8
1717524960000,1717525439000,1.3675,1.36758,1.36698,1.36706,881100000,8
1717525440000,1717525919000,1.36707,1.36754,1.36699,1.36748,905220000,8
1717525920000,1717526399000,1.36748,1.36786,1.36736,1.3677,674040000,8
1717526400000,1717526879000,1.36772,1.36784,1.36742,1.36748,574020000,8
1717526880000,1717527359000,1.36748,1.36776,1.36733,1.36769,554970000,8
1717527360000,1717527839000,1.36769,1.36846,1.36769,1.36833,1060230000,8
1717527840000,1717528319000,1.36836,1.36875,1.36819,1.36819,1154460000,8
1717528320000,1717528799000,1.3682,1.36835,1.36797,1.36806,779220000,8
1717528800000,1717529279000,1.36804,1.36806,1.36792,1.36794,1061010000,8
1717529280000,1717529759000,1.36796,1.36812,1.36773,1.36778,478140000,8
1717529760000,1717530239000,1.36777,1.36798,1.36744,1.36747,775320000,8
1717530240000,1717530719000,1.36748,1.3677,1.36729,1.36739,747330000,8
1717530720000,1717531199000,1.36739,1.36761,1.36733,1.3676,915420000,8
1717531200000,1717531679000,1.3676,1.36777,1.36751,1.36756,241020000,8
1717531680000,1717532159000,1.36756,1.36761,1.36748,1.36748,182640000,8
1717532160000,1717532639000,1.3675,1.36757,1.3675,1.36751,31290000,8
1717532640000,1717533119000,1.36751,1.36773,1.36751,1.36771,115200000,8
1717533120000,1717533599000,1.36772,1.36786,1.36768,1.3678,215880000,8
1717533600000,1717534079000,1.36779,1.36783,1.36771,1.36771,86130000,8
1717534080000,1717534559000,1.36771,1.36775,1.36753,1.36765,266040000,8
1717534560000,1717535039000,1.36762,1.36765,1.36734,1.36744,251040000,8
1717535040000,1717535519000,1.3674,1.36754,1.3673,1.36749,53550000,8
1717535520000,1717535999000,1.36736,1.36753,1.36725,1.36749,115860000,8
1717536000000,1717536479000,1.36745,1.36761,1.36736,1.36757,160680000,8
1717536480000,1717536959000,1.36749,1.36763,1.36729,1.36748,125190000,8
1717536960000,1717537439000,1.36748,1.3676,1.36746,1.36756,68850000,8
1717537440000,1717537919000,1.36755,1.36783,1.36754,1.36775,136950000,8
1717537920000,1717538399000,1.36778,1.3679,1.36774,1.36777,133500000,8
1717538400000,1717538879000,1.36781,1.36782,1.36755,1.36776,107100000,8
1717538880000,1717539359000,1.36778,1.36783,1.36777,1.36777,76800000,8
1717539360000,1717539839000,1.36777,1.36778,1.36772,1.36772,35100000,8
1717539840000,1717540319000,1.36773,1.36773,1.36762,1.36767,47700000,8
1717540320000,1717540799000,1.36768,1.36769,1.36758,1.36759,20250000,8
1717540800000,1717541279000,1.36759,1.36769,1.36759,1.36764,27150000,8
1717541280000,1717541759000,1.36764,1.36767,1.36759,1.3676,35100000,8
1717541760000,1717542239000,1.3676,1.3677,1.36757,1.36764,89850000,8
1717542240000,1717542719000,1.36763,1.36765,1.36748,1.36748,279450000,8
1717542720000,1717543199000,1.3675,1.36751,1.36745,1.36749,118500000,8
1717543200000,1717543679000,1.36749,1.36767,1.36748,1.36761,111000000,8
1717543680000,1717544159000,1.36761,1.36764,1.3675,1.36758,219870000,8
1717544160000,1717544639000,1.36758,1.36765,1.36755,1.36755,213600000,8
1717544640000,1717545119000,1.36755,1.36767,1.36755,1.36766,299460000,8
1717545120000,1717545599000,1.36763,1.36771,1.36755,1.36765,313020000,8
1717545600000,1717546079000,1.36765,1.36786,1.36748,1.36782,995070000,8
1717546080000,1717546559000,1.36781,1.36782,1.36758,1.36768,271200000,8
1717546560000,1717547039000,1.36769,1.36777,1.36755,1.36758,568650000,8
1717547040000,1717547519000,1.36759,1.36776,1.36754,1.36758,519900000,8
1717547520000,1717547999000,1.36756,1.36767,1.36745,1.36746,256890000,8
1717548000000,1717548479000,1.36745,1.36745,1.36708,1.3672,415250000,8
1717548480000,1717548959000,1.3672,1.36757,1.3672,1.36749,703670000,8
1717548960000,1717549439000,1.36753,1.36764,1.36735,1.36764,497010000,8
1717549440000,1717549919000,1.36766,1.36783,1.36761,1.36776,197340000,8
1717549920000,1717550399000,1.36774,1.36797,1.36768,1.36783,362100000,8
1717550400000,1717550879000,1.36785,1.36798,1.36772,1.36777,224610000,8
1717550880000,1717551359000,1.36777,1.36787,1.36754,1.36787,548010000,8
1717551360000,1717551839000,1.36787,1.36797,1.3672,1.3672,792210000,8
1717551840000,1717552319000,1.36721,1.36721,1.36685,1.36696,383710000,8
1717552320000,1717552799000,1.36696,1.36724,1.36684,1.36684,281940000,8
1717552800000,1717553279000,1.36684,1.36713,1.36682,1.36712,515910000,8
1717553280000,1717553759000,1.36712,1.36713,1.36677,1.36687,310020000,8
1717553760000,1717554239000,1.36687,1.367,1.36676,1.36683,581010000,8
1717554240000,1717554719000,1.36682,1.36685,1.36665,1.36667,477870000,8
1717554720000,1717555199000,1.36666,1.36676,1.36663,1.36675,439740000,8
1717555200000,1717555679000,1.36676,1.36683,1.36667,1.36676,238950000,8
1717555680000,1717556159000,1.36675,1.36698,1.36668,1.36695,252780000,8
1717556160000,1717556639000,1.36694,1.36703,1.36685,1.36698,123930000,8
1717556640000,1717557119000,1.36699,1.36712,1.36699,1.36701,136350000,8
1717557120000,1717557599000,1.36701,1.36722,1.36701,1.36713,88440000,8
1717557600000,1717558079000,1.36714,1.36739,1.36714,1.36733,174450000,8
1717558080000,1717558559000,1.36733,1.36734,1.36719,1.36722,345690000,8
1717558560000,1717559039000,1.3672,1.3673,1.36719,1.36722,664770000,8
1717559040000,1717559519000,1.36722,1.3674,1.36716,1.36735,89040000,8
1717559520000,1717559999000,1.36733,1.36742,1.36724,1.36727,109860000,8
1717560000000,1717560479000,1.36729,1.36734,1.36726,1.36733,59520000,8
1717560480000,1717560959000,1.36734,1.36734,1.36729,1.36729,24300000,8
1717560960000,1717561439000,1.36727,1.36741,1.36727,1.36738,210150000,8
1717561440000,1717561919000,1.36737,1.36753,1.36727,1.36749,273090000,8
1717561920000,1717562399000,1.3675,1.36753,1.36743,1.36746,62820000,8
1717562400000,1717562879000,1.36747,1.36748,1.36733,1.3674,57180000,8
1717562880000,1717563359000,1.3674,1.3674,1.36719,1.36722,50970000,8
1717563360000,1717563839000,1.36724,1.3673,1.36711,1.3672,350580000,8
1717563840000,1717564319000,1.3672,1.36731,1.36709,1.36715,265500000,8
1717564320000,1717564799000,1.36716,1.3674,1.36716,1.36722,174540000,8
1717564800000,1717565279000,1.36727,1.36753,1.36727,1.36748,152460000,8
1717565280000,1717565759000,1.36747,1.36752,1.36732,1.36749,148470000,8
1717565760000,1717566239000,1.36749,1.3677,1.36748,1.36763,177030000,8
1717566240000,1717566719000,1.36764,1.3677,1.36737,1.36752,821520000,8
1717566720000,1717567199000,1.36753,1.36768,1.36742,1.36743,294600000,8
1717567200000,1717567679000,1.36743,1.36751,1.36719,1.36744,388650000,8
1717567680000,1717568159000,1.36749,1.3678,1.36732,1.36775,617550000,8
1717568160000,1717568639000,1.36774,1.36776,1.36758,1.36767,345150000,8
1717568640000,1717569119000,1.36768,1.36779,1.36749,1.36768,819540000,8
1717569120000,1717569599000,1.3677,1.36787,1.36752,1.3676,413580000,8
1717569600000,1717570079000,1.36758,1.36797,1.36753,1.36787,424380000,8
1717570080000,1717570559000,1.36789,1.36805,1.36775,1.36776,493230000,8
1717570560000,1717571039000,1.36777,1.36814,1.36761,1.36799,726900000,8
1717571040000,1717571519000,1.36798,1.3681,1.36778,1.36809,604770000,8
1717571520000,1717571999000,1.36807,1.36834,1.36804,1.36815,477750000,8
1717572000000,1717572479000,1.36815,1.36818,1.36777,1.36779,370140000,8
1717572480000,1717572959000,1.36777,1.36778,1.36748,1.36748,384270000,8
1717572960000,1717573439000,1.3675,1.36752,1.36734,1.36743,667590000,8
1717573440000,1717573919000,1.36744,1.36774,1.36739,1.36746,1026390000,8
1717573920000,1717574399000,1.36747,1.36753,1.36718,1.36724,1345020000,8
1717574400000,1717574879000,1.36722,1.36728,1.36692,1.36699,426450000,8
1717574880000,1717575359000,1.367,1.3672,1.36687,1.36716,393750000,8
1717575360000,1717575839000,1.36717,1.36775,1.36717,1.36763,544710000,8
1717575840000,1717576319000,1.36765,1.3677,1.36736,1.36753,466470000,8
1717576320000,1717576799000,1.36753,1.3678,1.36744,1.36748,708990000,8
1717576800000,1717577279000,1.36749,1.36756,1.36729,1.3675,601050000,8
1717577280000,1717577759000,1.36751,1.36757,1.36745,1.36752,392760000,8
1717577760000,1717578239000,1.36751,1.36836,1.36751,1.36833,770160000,8
1717578240000,1717578719000,1.36832,1.36862,1.3681,1.36843,614790000,8
1717578720000,1717579199000,1.36844,1.36869,1.36843,1.36847,409650000,8
1717579200000,1717579679000,1.36847,1.36848,1.36823,1.36836,460950000,8
1717579680000,1717580159000,1.36836,1.36872,1.36834,1.36858,408570000,8
1717580160000,1717580639000,1.3686,1.36871,1.36833,1.36853,576180000,8
1717580640000,1717581119000,1.36854,1.36863,1.36837,1.36843,675000000,8
1717581120000,1717581599000,1.36845,1.36863,1.36841,1.36848,308670000,8
1717581600000,1717582079000,1.36849,1.36901,1.36843,1.36896,449220000,8
1717582080000,1717582559000,1.36894,1.36894,1.3683,1.36832,833760000,8
1717582560000,1717583039000,1.36834,1.36854,1.36821,1.36837,387960000,8
1717583040000,1717583519000,1.36837,1.36853,1.36824,1.36851,263550000,8
1717583520000,1717583999000,1.36851,1.36853,1.36832,1.36844,425370000,8
1717584000000,1717584479000,1.36843,1.36847,1.36802,1.36808,561300000,8
1717584480000,1717584959000,1.36812,1.36819,1.36784,1.36803,714120000,8
1717584960000,1717585439000,1.36803,1.36815,1.36785,1.36813,669330000,8
1717585440000,1717585919000,1.36814,1.36834,1.36809,1.36822,423210000,8
1717585920000,1717586399000,1.36819,1.3682,1.36795,1.36809,603240000,8
1717586400000,1717586879000,1.36808,1.36823,1.36777,1.36777,393810000,8
1717586880000,1717587359000,1.36777,1.36807,1.36776,1.36797,574020000,8
1717587360000,1717587839000,1.36795,1.36797,1.36758,1.3677,305910000,8
1717587840000,1717588319000,1.36769,1.36781,1.36752,1.3676,519090000,8
1717588320000,1717588799000,1.36758,1.36785,1.36738,1.36778,688860000,8
1717588800000,1717589279000,1.36778,1.36809,1.36757,1.36757,817350000,8
1717589280000,1717589759000,1.36759,1.36767,1.36726,1.3675,1212340000,8
1717589760000,1717590239000,1.36749,1.36818,1.36747,1.36804,1424430000,8
1717590240000,1717590719000,1.36802,1.3682,1.36783,1.36816,774150000,8
1717590720000,1717591199000,1.36815,1.36852,1.36794,1.36795,1019670000,8
1717591200000,1717591679000,1.36797,1.36809,1.36692,1.36706,864600000,8
1717591680000,1717592159000,1.36706,1.3673,1.36673,1.36688,739290000,8
1717592160000,1717592639000,1.36688,1.36692,1.36656,1.36685,821880000,8
1717592640000,1717593119000,1.36685,1.36725,1.36685,1.36703,739320000,8
1717593120000,1717593599000,1.36703,1.36721,1.36665,1.36665,614310000,8
1717593600000,1717594079000,1.36666,1.36772,1.3665,1.36754,768300000,8
1717594080000,1717594559000,1.36755,1.36777,1.36679,1.36716,1690050000,8
1717594560000,1717595039000,1.3672,1.36773,1.36697,1.36718,1435170000,8
1717595040000,1717595519000,1.36717,1.37135,1.36703,1.37062,3128580000,8
1717595520000,1717595999000,1.37061,1.37081,1.36983,1.37006,1711160000,8
1717596000000,1717596479000,1.37002,1.37285,1.37002,1.37277,3390800000,8
1717596480000,1717596959000,1.37277,1.37407,1.37252,1.37402,2092950000,8
1717596960000,1717597439000,1.374,1.37411,1.37175,1.37201,2955960000,8
1717597440000,1717597919000,1.37202,1.37265,1.37131,1.37187,1589370000,8
1717597920000,1717598399000,1.3719,1.37216,1.37084,1.37088,2043090000,8
1717598400000,1717598879000,1.37088,1.37175,1.37027,1.37153,1903720000,8
1717598880000,1717599359000,1.37157,1.37211,1.37141,1.3721,1046940000,8
1717599360000,1717599839000,1.3721,1.37216,1.37146,1.37152,1035850000,8
1717599840000,1717600319000,1.37151,1.37151,1.37075,1.37077,1393510000,8
1717600320000,1717600799000,1.37078,1.371,1.37045,1.3709,977220000,8
1717600800000,1717601279000,1.37091,1.37127,1.37061,1.37084,920640000,8
1717601280000,1717601759000,1.37084,1.37117,1.37036,1.37036,1176630000,8
1717601760000,1717602239000,1.37038,1.37057,1.37011,1.37021,1284390000,8
1717602240000,1717602719000,1.37021,1.37052,1.36998,1.37006,1074900000,8
1717602720000,1717603199000,1.37006,1.37062,1.37005,1.37049,1017030000,8
1717603200000,1717603679000,1.37048,1.37086,1.37032,1.37081,1076430000,8
1717603680000,1717604159000,1.37081,1.37142,1.37073,1.37115,962460000,8
1717604160000,1717604639000,1.37113,1.37113,1.3706,1.37067,804420000,8
1717604640000,1717605119000,1.37067,1.37086,1.37036,1.37036,714450000,8
1717605120000,1717605599000,1.37036,1.37054,1.37015,1.37015,738810000,8
1717605600000,1717606079000,1.37014,1.37019,1.36969,1.37009,1029390000,8
1717606080000,1717606559000,1.37009,1.37036,1.36998,1.37033,567240000,8
1717606560000,1717607039000,1.37033,1.37034,1.36985,1.37001,519720000,8
1717607040000,1717607519000,1.36998,1.37005,1.36976,1.3699,480300000,8
1717607520000,1717607999000,1.36991,1.37003,1.36965,1.36994,467850000,8
1717608000000,1717608479000,1.36992,1.37037,1.36992,1.37025,621060000,8
1717608480000,1717608959000,1.37026,1.37036,1.37014,1.37022,469980000,8
1717608960000,1717609439000,1.37018,1.37025,1.36998,1.37002,481080000,8
1717609440000,1717609919000,1.37001,1.37007,1.36965,1.36967,572880000,8
1717609920000,1717610399000,1.36967,1.3697,1.36924,1.36943,810630000,8
1717610400000,1717610879000,1.36944,1.36962,1.36933,1.36936,601410000,8
1717610880000,1717611359000,1.36938,1.3694,1.36917,1.36927,818700000,8
1717611360000,1717611839000,1.36926,1.36951,1.36923,1.36939,566790000,8
1717611840000,1717612319000,1.36935,1.36938,1.36879,1.36884,909360000,8
1717612320000,1717612799000,1.36884,1.36887,1.36848,1.36868,731190000,8
1717612800000,1717613279000,1.36867,1.3687,1.36848,1.36865,585150000,8
1717613280000,1717613759000,1.36864,1.36869,1.36847,1.36854,358410000,8
1717613760000,1717614239000,1.36853,1.36887,1.36852,1.36876,621000000,8
1717614240000,1717614719000,1.36876,1.36892,1.36873,1.36883,675450000,8
1717614720000,1717615199000,1.36884,1.36889,1.36867,1.36874,570600000,8
1717615200000,1717615679000,1.36874,1.36882,1.36863,1.36865,322200000,8
1717615680000,1717616159000,1.36864,1.36883,1.36864,1.36867,540420000,8
1717616160000,1717616639000,1.36867,1.36879,1.36855,1.36878,441030000,8
1717616640000,1717617119000,1.36877,1.36913,1.36873,1.36895,579810000,8
1717617120000,1717617599000,1.36895,1.36903,1.36882,1.36894,673500000,8
1717617600000,1717618079000,1.36892,1.36914,1.36882,1.36883,703980000,8
1717618080000,1717618559000,1.36883,1.36906,1.36883,1.36905,324480000,8
1717618560000,1717619039000,1.36904,1.36955,1.36902,1.36953,459480000,8
1717619040000,1717619519000,1.36953,1.36971,1.36943,1.36948,360510000,8
1717619520000,1717619999000,1.36945,1.36948,1.36924,1.36927,372770000,8
1717620000000,1717620479000,1.36925,1.3693,1.36912,1.36915,396300000,8
1717620480000,1717620959000,1.36913,1.3694,1.36907,1.36921,346590000,8
1717620960000,1717621439000,1.36919,1.36942,1.36901,1.36906,256020000,8
1717621440000,1717621919000,1.36903,1.36936,1.36903,1.36916,33300000,8
1717621920000,1717622399000,1.36927,1.36928,1.36916,1.36924,31200000,8
1717622400000,1717622879000,1.36926,1.3693,1.36916,1.36924,45000000,8
1717622880000,1717623359000,1.36919,1.36927,1.36918,1.36921,68550000,8
1717623360000,1717623839000,1.36927,1.36936,1.36911,1.36929,204300000,8
1717623840000,1717624319000,1.36933,1.36935,1.3692,1.36932,272400000,8
1717624320000,1717624799000,1.36927,1.36935,1.36918,1.3692,133050000,8
1717624800000,1717625279000,1.3692,1.36938,1.36901,1.36902,179550000,8
1717625280000,1717625759000,1.36905,1.3694,1.36903,1.36932,87750000,8
1717625760000,1717626239000,1.36934,1.36947,1.3693,1.36942,63750000,8
1717626240000,1717626719000,1.36943,1.36945,1.36929,1.3693,140370000,8
1717626720000,1717627199000,1.36931,1.36932,1.36913,1.36916,352620000,8
1717627200000,1717627679000,1.36914,1.36923,1.36907,1.36923,228600000,8
1717627680000,1717628159000,1.36921,1.36921,1.36906,1.36908,203250000,8
1717628160000,1717628639000,1.3691,1.36945,1.36906,1.3693,556590000,8
1717628640000,1717629119000,1.36929,1.36929,1.36906,1.36906,552810000,8
1717629120000,1717629599000,1.36905,1.36911,1.36898,1.36908,192570000,8
1717629600000,1717630079000,1.36908,1.36913,1.36905,1.36911,155010000,8
1717630080000,1717630559000,1.36914,1.36914,1.369,1.36908,182490000,8
1717630560000,1717631039000,1.36907,1.36907,1.36898,1.36905,115470000,8
1717631040000,1717631519000,1.36905,1.36912,1.36905,1.36909,77190000,8
1717631520000,1717631999000,1.36908,1.3691,1.36887,1.36899,405480000,8
1717632000000,1717632479000,1.36894,1.36899,1.3686,1.36864,376080000,8
1717632480000,1717632959000,1.36867,1.36871,1.36856,1.36865,238020000,8
1717632960000,1717633439000,1.36862,1.36875,1.36859,1.36863,297240000,8
1717633440000,1717633919000,1.36862,1.36862,1.36842,1.36854,252840000,8
1717633920000,1717634399000,1.36853,1.36869,1.36848,1.36863,209460000,8
1717634400000,1717634879000,1.36863,1.36863,1.36824,1.36834,643080000,8
1717634880000,1717635359000,1.36833,1.36834,1.36793,1.36793,1161040000,8
1717635360000,1717635839000,1.36793,1.36811,1.36779,1.36789,1149960000,8
1717635840000,1717636319000,1.36788,1.36794,1.36749,1.36756,549570000,8
1717636320000,1717636799000,1.36757,1.36761,1.36733,1.36743,601770000,8
1717636800000,1717637279000,1.36742,1.36744,1.36714,1.3672,1207250000,8
1717637280000,1717637759000,1.36722,1.36733,1.36686,1.36694,1320440000,8
1717637760000,1717638239000,1.36694,1.36736,1.36688,1.36722,1536240000,8
1717638240000,1717638719000,1.36722,1.36729,1.36695,1.367,1512840000,8
1717638720000,1717639199000,1.367,1.36714,1.36655,1.3667,963090000,8
1717639200000,1717639679000,1.36668,1.3669,1.36666,1.3668,1012950000,8
1717639680000,1717640159000,1.36679,1.36701,1.3667,1.36697,1057440000,8
1717640160000,1717640639000,1.36697,1.36714,1.36695,1.36703,462870000,8
1717640640000,1717641119000,1.36702,1.36719,1.36701,1.36705,452940000,8
1717641120000,1717641599000,1.36706,1.36706,1.36673,1.36683,385110000,8
1717641600000,1717642079000,1.36682,1.36692,1.36675,1.36692,244800000,8
1717642080000,1717642559000,1.36692,1.36717,1.3669,1.36703,484530000,8
1717642560000,1717643039000,1.36703,1.36741,1.36699,1.36731,404370000,8
1717643040000,1717643519000,1.36732,1.36732,1.36702,1.36712,344700000,8
1717643520000,1717643999000,1.36713,1.36736,1.36709,1.36735,406500000,8
1717644000000,1717644479000,1.36734,1.36742,1.36727,1.36732,113010000,8
1717644480000,1717644959000,1.36729,1.36745,1.36724,1.36743,130020000,8
1717644960000,1717645439000,1.36743,1.36773,1.36743,1.36772,201330000,8
1717645440000,1717645919000,1.36771,1.36788,1.36771,1.36783,144450000,8
1717645920000,1717646399000,1.36785,1.36789,1.36763,1.3677,267060000,8
1717646400000,1717646879000,1.3677,1.36782,1.36766,1.36773,430620000,8
1717646880000,1717647359000,1.36773,1.36776,1.36764,1.36767,384750000,8
1717647360000,1717647839000,1.36767,1.36785,1.36767,1.36779,332490000,8
1717647840000,1717648319000,1.36778,1.36786,1.36773,1.36779,137040000,8
1717648320000,1717648799000,1.36781,1.36781,1.36774,1.36775,52500000,8
1717648800000,1717649279000,1.36777,1.36794,1.36756,1.36772,190950000,8
1717649280000,1717649759000,1.36772,1.36776,1.3676,1.36771,127050000,8
1717649760000,1717650239000,1.3677,1.3679,1.36768,1.36785,303090000,8
1717650240000,1717650719000,1.36786,1.36786,1.36776,1.3678,241860000,8
1717650720000,1717651199000,1.36779,1.36787,1.36775,1.36778,313470000,8
1717651200000,1717651679000,1.36778,1.36797,1.36778,1.3679,288450000,8
1717651680000,1717652159000,1.3679,1.3681,1.3678,1.36789,369390000,8
1717652160000,1717652639000,1.36788,1.36809,1.36787,1.36804,298590000,8
1717652640000,1717653119000,1.36804,1.36806,1.36777,1.36786,165570000,8
1717653120000,1717653599000,1.36786,1.36795,1.36777,1.36789,165870000,8
1717653600000,1717654079000,1.36788,1.36807,1.36778,1.36783,900120000,8
1717654080000,1717654559000,1.36782,1.36792,1.36768,1.3677,422580000,8
1717654560000,1717655039000,1.3677,1.36821,1.3677,1.36786,499800000,8
1717655040000,1717655519000,1.36786,1.36818,1.36783,1.36808,520800000,8
1717655520000,1717655999000,1.36805,1.36828,1.36803,1.36821,463470000,8
1717656000000,1717656479000,1.36822,1.3683,1.36774,1.36785,490170000,8
1717656480000,1717656959000,1.36781,1.36789,1.36764,1.36785,599100000,8
1717656960000,1717657439000,1.36785,1.36798,1.36761,1.36772,782430000,8
1717657440000,1717657919000,1.36772,1.36812,1.3677,1.3678,529290000,8
1717657920000,1717658399000,1.36779,1.36808,1.36776,1.36794,434880000,8
1717658400000,1717658879000,1.36793,1.36813,1.36781,1.36807,376590000,8
1717658880000,1717659359000,1.36808,1.36828,1.368,1.36826,307320000,8
1717659360000,1717659839000,1.36827,1.36846,1.36817,1.36836,497280000,8
1717659840000,1717660319000,1.36836,1.36881,1.36832,1.36874,360090000,8
1717660320000,1717660799000,1.36872,1.36896,1.36854,1.36861,548880000,8
1717660800000,1717661279000,1.36861,1.36922,1.36861,1.36921,409770000,8
1717661280000,1717661759000,1.36921,1.36922,1.36903,1.36915,267390000,8
1717661760000,1717662239000,1.36915,1.3692,1.36899,1.36902,425610000,8
1717662240000,1717662719000,1.36901,1.36911,1.36885,1.36909,449460000,8
1717662720000,1717663199000,1.36909,1.36948,1.36903,1.36929,525330000,8
1717663200000,1717663679000,1.3693,1.36938,1.36907,1.36923,508680000,8
1717663680000,1717664159000,1.36922,1.36933,1.36902,1.36911,568650000,8
1717664160000,1717664639000,1.36911,1.36944,1.36905,1.36931,457680000,8
1717664640000,1717665119000,1.36931,1.36931,1.3691,1.36928,437190000,8
1717665120000,1717665599000,1.36929,1.36941,1.36916,1.36938,348090000,8
1717665600000,1717666079000,1.36939,1.3696,1.36935,1.36935,248220000,8
1717666080000,1717666559000,1.36935,1.36938,1.36916,1.36935,330930000,8
1717666560000,1717667039000,1.36934,1.36936,1.36896,1.36898,412980000,8
1717667040000,1717667519000,1.36899,1.36908,1.36893,1.36898,827110000,8
1717667520000,1717667999000,1.36897,1.36897,1.36863,1.36867,401700000,8
1717668000000,1717668479000,1.36868,1.36887,1.36863,1.36877,290880000,8
1717668480000,1717668959000,1.36878,1.36884,1.36871,1.36878,229500000,8
1717668960000,1717669439000,1.36876,1.36885,1.36857,1.36883,454140000,8
1717669440000,1717669919000,1.36883,1.36908,1.36883,1.36902,489450000,8
1717669920000,1717670399000,1.36902,1.36921,1.36895,1.36911,313290000,8
1717670400000,1717670879000,1.36914,1.36925,1.36891,1.36892,383850000,8
1717670880000,1717671359000,1.36891,1.36891,1.36871,1.3688,412080000,8
1717671360000,1717671839000,1.36882,1.36883,1.36866,1.36874,207840000,8
1717671840000,1717672319000,1.36875,1.36885,1.36872,1.36875,200970000,8
1717672320000,1717672799000,1.36874,1.369,1.36868,1.36894,266940000,8
1717672800000,1717673279000,1.36895,1.36901,1.36879,1.36892,281130000,8
1717673280000,1717673759000,1.36892,1.36921,1.36883,1.36904,521640000,8
1717673760000,1717674239000,1.36904,1.36948,1.36901,1.36941,373500000,8
1717674240000,1717674719000,1.36935,1.36959,1.36928,1.36959,325890000,8
1717674720000,1717675199000,1.36959,1.3697,1.3693,1.36932,306600000,8
1717675200000,1717675679000,1.36933,1.36943,1.36922,1.36937,692670000,8
1717675680000,1717676159000,1.36937,1.36991,1.36933,1.3698,759870000,8
1717676160000,1717676639000,1.36982,1.37005,1.36922,1.36981,2213490000,8
1717676640000,1717677119000,1.36982,1.37015,1.36879,1.36929,2269950000,8
1717677120000,1717677599000,1.36931,1.36966,1.36915,1.36961,2666520000,8
1717677600000,1717678079000,1.36958,1.37003,1.36958,1.36989,1149060000,8
1717678080000,1717678559000,1.36988,1.3705,1.36982,1.37032,1171110000,8
1717678560000,1717679039000,1.37032,1.37044,1.36995,1.37016,1355550000,8
1717679040000,1717679519000,1.37012,1.37059,1.36994,1.37042,1132860000,8
1717679520000,1717679999000,1.37041,1.37098,1.37038,1.3709,1126020000,8
1717680000000,1717680479000,1.3709,1.37096,1.36993,1.37002,1157400000,8
1717680480000,1717680959000,1.37002,1.37002,1.36925,1.36962,1973970000,8
1717680960000,1717681439000,1.36963,1.36966,1.36857,1.36885,1850790000,8
1717681440000,1717681919000,1.36885,1.36895,1.36826,1.36839,1314600000,8
1717681920000,1717682399000,1.36839,1.36877,1.36827,1.36847,765510000,8
1717682400000,1717682879000,1.36846,1.36901,1.3683,1.36868,1244490000,8
1717682880000,1717683359000,1.36867,1.36962,1.36841,1.36952,1044720000,8
1717683360000,1717683839000,1.36953,1.36999,1.36949,1.3695,1275990000,8
1717683840000,1717684319000,1.36951,1.37001,1.36941,1.36992,781320000,8
1717684320000,1717684799000,1.36993,1.37006,1.36964,1.36988,981630000,8
1717684800000,1717685279000,1.36988,1.37033,1.36962,1.37,811050000,8
1717685280000,1717685759000,1.37001,1.37081,1.37,1.37057,1430940000,8
1717685760000,1717686239000,1.3706,1.37078,1.37011,1.37014,1317110000,8
1717686240000,1717686719000,1.37013,1.37024,1.36975,1.36975,990240000,8
1717686720000,1717687199000,1.36977,1.36984,1.36926,1.3694,596880000,8
1717687200000,1717687679000,1.36938,1.3694,1.36857,1.36862,602840000,8
1717687680000,1717688159000,1.3686,1.36906,1.3684,1.36906,570210000,8
1717688160000,1717688639000,1.36906,1.36916,1.36883,1.36912,422490000,8
1717688640000,1717689119000,1.36915,1.3692,1.3689,1.36891,294270000,8
1717689120000,1717689599000,1.36891,1.36891,1.36848,1.3685,1156830000,8
1717689600000,1717690079000,1.3685,1.36914,1.36848,1.36907,464430000,8
1717690080000,1717690559000,1.36908,1.36933,1.3688,1.36884,577710000,8
1717690560000,1717691039000,1.36884,1.36906,1.36863,1.36878,1150440000,8
1717691040000,1717691519000,1.36879,1.36883,1.36828,1.36832,575550000,8
1717691520000,1717691999000,1.36829,1.36848,1.36816,1.36835,543030000,8
1717692000000,1717692479000,1.36832,1.3685,1.3681,1.36845,418380000,8
1717692480000,1717692959000,1.36846,1.36883,1.36843,1.36877,488400000,8
1717692960000,1717693439000,1.36879,1.3688,1.36824,1.36846,302130000,8
1717693440000,1717693919000,1.36845,1.36859,1.36836,1.36836,405480000,8
1717693920000,1717694399000,1.36835,1.36837,1.36805,1.36813,943920000,8
1717694400000,1717694879000,1.36813,1.36815,1.36753,1.36766,1035060000,8
1717694880000,1717695359000,1.36766,1.36768,1.3673,1.3673,814770000,8
1717695360000,1717695839000,1.36728,1.36734,1.36701,1.36723,499440000,8
1717695840000,1717696319000,1.36721,1.36721,1.36693,1.36702,1038230000,8
1717696320000,1717696799000,1.36701,1.36709,1.36686,1.36691,640440000,8
1717696800000,1717697279000,1.36693,1.36771,1.36693,1.36767,1268410000,8
1717697280000,1717697759000,1.36767,1.36789,1.36762,1.36789,634110000,8
1717697760000,1717698239000,1.36787,1.36789,1.36743,1.36748,498300000,8
1717698240000,1717698719000,1.36747,1.36748,1.3671,1.36711,666090000,8
1717698720000,1717699199000,1.36707,1.3671,1.36691,1.36698,598140000,8
1717699200000,1717699679000,1.36698,1.36698,1.36674,1.36684,329520000,8
1717699680000,1717700159000,1.36683,1.36689,1.36656,1.36666,552000000,8
1717700160000,1717700639000,1.36667,1.36691,1.36655,1.36691,421860000,8
1717700640000,1717701119000,1.36691,1.36692,1.36644,1.3665,595200000,8
1717701120000,1717701599000,1.36649,1.36674,1.36637,1.36665,618900000,8
1717701600000,1717702079000,1.36664,1.36699,1.36658,1.3669,672810000,8
1717702080000,1717702559000,1.36691,1.36717,1.36671,1.36715,695040000,8
1717702560000,1717703039000,1.36714,1.36722,1.36682,1.36694,628320000,8
1717703040000,1717703519000,1.36692,1.3671,1.36683,1.36709,565140000,8
1717703520000,1717703999000,1.3671,1.36713,1.36674,1.36697,766410000,8
1717704000000,1717704479000,1.36701,1.36702,1.36676,1.36682,288840000,8
1717704480000,1717704959000,1.36684,1.36687,1.36671,1.36674,344910000,8
1717704960000,1717705439000,1.36671,1.36672,1.36655,1.36666,125040000,8
1717705440000,1717705919000,1.36666,1.36675,1.36651,1.36668,346200000,8
1717705920000,1717706399000,1.36671,1.36704,1.3667,1.36699,239070000,8
1717706400000,1717706879000,1.36698,1.3671,1.36698,1.36708,141570000,8
1717706880000,1717707359000,1.36708,1.36744,1.36702,1.36717,589590000,8
1717707360000,1717707839000,1.36716,1.36716,1.36614,1.36624,281250000,8
1717707840000,1717708319000,1.36608,1.36686,1.36608,1.36681,63780000,8
1717708320000,1717708799000,1.36678,1.36691,1.36671,1.3668,63000000,8
1717708800000,1717709279000,1.36681,1.36681,1.36669,1.36672,318870000,8
1717709280000,1717709759000,1.3667,1.36697,1.36611,1.36678,436890000,8
1717709760000,1717710239000,1.36688,1.36692,1.36641,1.36677,360300000,8
1717710240000,1717710719000,1.36677,1.36697,1.36668,1.36676,292410000,8
1717710720000,1717711199000,1.36675,1.3669,1.36674,1.36674,158220000,8
1717711200000,1717711679000,1.36672,1.36677,1.3665,1.36674,139200000,8
1717711680000,1717712159000,1.36674,1.36679,1.36665,1.36675,51600000,8
1717712160000,1717712639000,1.36674,1.36674,1.36664,1.36668,76200000,8
1717712640000,1717713119000,1.36667,1.36675,1.36666,1.36667,75600000,8
1717713120000,1717713599000,1.36668,1.36669,1.36661,1.36667,63600000,8
1717713600000,1717714079000,1.36667,1.3667,1.36666,1.36669,16800000,8
1717714080000,1717714559000,1.3667,1.3667,1.36668,1.36669,19200000,8
1717714560000,1717715039000,1.36668,1.3668,1.36658,1.3666,360930000,8
1717715040000,1717715519000,1.3666,1.36677,1.36658,1.36676,180330000,8
1717715520000,1717715999000,1.36675,1.3668,1.36667,1.36667,66390000,8
1717716000000,1717716479000,1.36666,1.3668,1.36666,1.36675,106200000,8
1717716480000,1717716959000,1.36676,1.36688,1.36676,1.36686,46050000,8
1717716960000,1717717439000,1.36687,1.36698,1.36684,1.36686,64980000,8
1717717440000,1717717919000,1.36685,1.36688,1.36679,1.36681,112980000,8
1717717920000,1717718399000,1.36683,1.36686,1.36678,1.36681,88140000,8
1717718400000,1717718879000,1.36684,1.36691,1.36669,1.36681,538500000,8
1717718880000,1717719359000,1.3668,1.36686,1.36674,1.36676,303600000,8
1717719360000,1717719839000,1.36676,1.36688,1.36668,1.36684,727530000,8
1717719840000,1717720319000,1.36683,1.36701,1.36674,1.36693,149700000,8
1717720320000,1717720799000,1.36692,1.36703,1.36692,1.36694,122190000,8
1717720800000,1717721279000,1.36693,1.36701,1.36656,1.36658,488400000,8
1717721280000,1717721759000,1.36658,1.36665,1.36646,1.36659,142360000,8
1717721760000,1717722239000,1.36657,1.36682,1.36648,1.36682,282750000,8
1717722240000,1717722719000,1.36684,1.36697,1.36674,1.36691,500400000,8
1717722720000,1717723199000,1.36691,1.367,1.36672,1.36685,532500000,8
1717723200000,1717723679000,1.36684,1.36709,1.36679,1.36692,345300000,8
1717723680000,1717724159000,1.36693,1.36706,1.36664,1.36681,393690000,8
1717724160000,1717724639000,1.36679,1.36688,1.36661,1.36675,384450000,8
1717724640000,1717725119000,1.36676,1.3669,1.36671,1.36676,279600000,8
1717725120000,1717725599000,1.36676,1.36689,1.36669,1.36677,214800000,8
1717725600000,1717726079000,1.36677,1.36715,1.36676,1.36714,301740000,8
1717726080000,1717726559000,1.36713,1.36715,1.36691,1.36702,257700000,8
1717726560000,1717727039000,1.36699,1.36714,1.36688,1.36696,281250000,8
1717727040000,1717727519000,1.36696,1.36698,1.36682,1.3669,280050000,8
1717727520000,1717727999000,1.36693,1.36706,1.36685,1.3669,553050000,8
1717728000000,1717728479000,1.36688,1.36695,1.36662,1.36673,762780000,8
1717728480000,1717728959000,1.36673,1.36678,1.36668,1.36675,180000000,8
1717728960000,1717729439000,1.36677,1.36689,1.36668,1.36687,371040000,8
1717729440000,1717729919000,1.36689,1.36706,1.36676,1.36704,271200000,8
1717729920000,1717730399000,1.36704,1.36706,1.36679,1.36681,803520000,8
1717730400000,1717730879000,1.36684,1.3669,1.36662,1.36677,741960000,8
1717730880000,1717731359000,1.36678,1.36679,1.36664,1.36665,830730000,8
1717731360000,1717731839000,1.36665,1.36671,1.36653,1.36668,857040000,8
1717731840000,1717732319000,1.36668,1.3668,1.36665,1.36677,610470000,8
1717732320000,1717732799000,1.36675,1.36688,1.36675,1.36675,496800000,8
1717732800000,1717733279000,1.36675,1.36685,1.36667,1.3667,333270000,8
1717733280000,1717733759000,1.3667,1.36675,1.36663,1.36666,229350000,8
1717733760000,1717734239000,1.36664,1.36665,1.36641,1.36647,740550000,8
1717734240000,1717734719000,1.36648,1.36648,1.36625,1.36641,634830000,8
1717734720000,1717735199000,1.36641,1.36651,1.36637,1.36639,364710000,8
1717735200000,1717735679000,1.3664,1.36669,1.36635,1.36668,697260000,8
1717735680000,1717736159000,1.36667,1.36669,1.36654,1.36654,454650000,8
1717736160000,1717736639000,1.36655,1.3666,1.36645,1.36654,368070000,8
1717736640000,1717737119000,1.36654,1.36669,1.36652,1.36668,387900000,8
1717737120000,1717737599000,1.36669,1.36687,1.36667,1.36675,297450000,8
1717737600000,1717738079000,1.36677,1.3669,1.36665,1.36667,158550000,8
1717738080000,1717738559000,1.36667,1.36684,1.36666,1.36676,399450000,8
1717738560000,1717739039000,1.36675,1.36688,1.36664,1.36674,383070000,8
1717739040000,1717739519000,1.36676,1.36707,1.36673,1.36705,628890000,8
1717739520000,1717739999000,1.36704,1.36704,1.36685,1.36688,365340000,8
1717740000000,1717740479000,1.36688,1.36705,1.36666,1.36683,1210410000,8
1717740480000,1717740959000,1.36682,1.36702,1.36678,1.36685,1149630000,8
1717740960000,1717741439000,1.36687,1.36687,1.36664,1.36682,1206330000,8
1717741440000,1717741919000,1.36681,1.36693,1.36655,1.3666,1191540000,8
1717741920000,1717742399000,1.36662,1.36691,1.36661,1.36676,810630000,8
1717742400000,1717742879000,1.36677,1.36723,1.36675,1.36723,410550000,8
1717742880000,1717743359000,1.36721,1.36724,1.36667,1.36671,310440000,8
1717743360000,1717743839000,1.36671,1.36706,1.36666,1.36704,618390000,8
1717743840000,1717744319000,1.36704,1.36723,1.36681,1.36682,1274280000,8
1717744320000,1717744799000,1.3668,1.3672,1.36649,1.36716,1263180000,8
1717744800000,1717745279000,1.36715,1.36746,1.36699,1.36732,904290000,8
1717745280000,1717745759000,1.36731,1.36749,1.36725,1.36733,1049520000,8
1717745760000,1717746239000,1.36733,1.36753,1.36716,1.36726,988350000,8
1717746240000,1717746719000,1.36725,1.3673,1.36701,1.36725,838200000,8
1717746720000,1717747199000,1.36725,1.36737,1.36716,1.36731,1663200000,8
1717747200000,1717747679000,1.36731,1.36782,1.36724,1.36774,1179570000,8
1717747680000,1717748159000,1.36775,1.36779,1.36732,1.36741,979200000,8
1717748160000,1717748639000,1.36743,1.36777,1.36737,1.36772,698270000,8
1717748640000,1717749119000,1.36773,1.3679,1.36737,1.3679,818550000,8
1717749120000,1717749599000,1.36787,1.36836,1.36768,1.36832,752190000,8
1717749600000,1717750079000,1.36831,1.36843,1.36819,1.36837,387300000,8
1717750080000,1717750559000,1.36843,1.36876,1.36832,1.36844,630210000,8
1717750560000,1717751039000,1.36845,1.36848,1.36814,1.36825,1060410000,8
1717751040000,1717751519000,1.36825,1.36839,1.36815,1.36825,1168560000,8
1717751520000,1717751999000,1.36827,1.36874,1.36819,1.36864,1071930000,8
1717752000000,1717752479000,1.36865,1.36871,1.36831,1.36845,897270000,8
1717752480000,1717752959000,1.36845,1.36845,1.36813,1.36819,735990000,8
1717752960000,1717753439000,1.36818,1.36825,1.368,1.36825,682860000,8
1717753440000,1717753919000,1.36826,1.36827,1.36801,1.36817,682800000,8
1717753920000,1717754399000,1.36816,1.36828,1.36813,1.36822,206400000,8
1717754400000,1717754879000,1.36822,1.36833,1.36802,1.36826,458220000,8
1717754880000,1717755359000,1.36826,1.36829,1.36813,1.36815,363780000,8
1717755360000,1717755839000,1.36814,1.36826,1.36807,1.3682,1068300000,8
1717755840000,1717756319000,1.36819,1.3683,1.36807,1.36813,767430000,8
1717756320000,1717756799000,1.36812,1.36828,1.36812,1.36824,559770000,8
1717756800000,1717757279000,1.36823,1.36834,1.36813,1.36834,651030000,8
1717757280000,1717757759000,1.36835,1.36858,1.36835,1.36842,402060000,8
1717757760000,1717758239000,1.36842,1.36877,1.36838,1.3685,593760000,8
1717758240000,1717758719000,1.36852,1.36855,1.36808,1.36811,725880000,8
1717758720000,1717759199000,1.36809,1.3684,1.36807,1.36824,490950000,8
1717759200000,1717759679000,1.36825,1.36846,1.36822,1.36827,342930000,8
1717759680000,1717760159000,1.3683,1.3683,1.36804,1.36808,313710000,8
1717760160000,1717760639000,1.36806,1.3681,1.36757,1.36773,1040040000,8
1717760640000,1717761119000,1.36772,1.36773,1.36714,1.36726,1457850000,8
1717761120000,1717761599000,1.36725,1.36729,1.36683,1.36726,809700000,8
1717761600000,1717762079000,1.36729,1.36765,1.36726,1.36741,746670000,8
1717762080000,1717762559000,1.3674,1.36798,1.36733,1.36791,444810000,8
1717762560000,1717763039000,1.36792,1.36804,1.36756,1.36759,1426590000,8
1717763040000,1717763519000,1.3676,1.37291,1.36662,1.37264,2606620000,8
1717763520000,1717763999000,1.37262,1.37312,1.37174,1.37223,4264260000,8
1717764000000,1717764479000,1.37224,1.3737,1.37156,1.37271,3622170000,8
1717764480000,1717764959000,1.37272,1.37305,1.37143,1.37188,3287070000,8
1717764960000,1717765439000,1.37187,1.37271,1.37179,1.37209,2418000000,8
1717765440000,1717765919000,1.37208,1.37213,1.3708,1.37183,2371830000,8
1717765920000,1717766399000,1.37184,1.37203,1.37109,1.37148,1580670000,8
1717766400000,1717766879000,1.37148,1.37204,1.37146,1.372,1178010000,8
1717766880000,1717767359000,1.37198,1.373,1.37166,1.37297,1845600000,8
1717767360000,1717767839000,1.37297,1.37304,1.37197,1.37203,2200200000,8
1717767840000,1717768319000,1.37204,1.37299,1.37192,1.37276,1443390000,8
1717768320000,1717768799000,1.37275,1.37327,1.37265,1.37273,1674210000,8
1717768800000,1717769279000,1.37273,1.37334,1.37255,1.37295,2157450000,8
1717769280000,1717769759000,1.37293,1.37331,1.37254,1.37331,1876950000,8
1717769760000,1717770239000,1.3733,1.37336,1.37228,1.37235,1463910000,8
1717770240000,1717770719000,1.37234,1.37297,1.37228,1.37247,1731060000,8
1717770720000,1717771199000,1.3725,1.37291,1.37216,1.37226,1040400000,8
1717771200000,1717771679000,1.37226,1.37323,1.37206,1.37312,1570320000,8
1717771680000,1717772159000,1.37314,1.37411,1.37313,1.37379,1596540000,8
1717772160000,1717772639000,1.37382,1.37443,1.37369,1.37441,1440490000,8
1717772640000,1717773119000,1.37442,1.3747,1.37431,1.37454,819930000,8
1717773120000,1717773599000,1.37455,1.37477,1.37436,1.37472,913950000,8
1717773600000,1717774079000,1.37473,1.37555,1.37468,1.37554,583920000,8
1717774080000,1717774559000,1.37552,1.37557,1.37505,1.37536,1240980000,8
1717774560000,1717775039000,1.37533,1.37572,1.37518,1.37568,989700000,8
1717775040000,1717775519000,1.3757,1.37584,1.37506,1.37518,1026720000,8
1717775520000,1717775999000,1.37517,1.37521,1.37463,1.37489,1434930000,8
1717776000000,1717776479000,1.37486,1.37547,1.37486,1.37519,1092660000,8
1717776480000,1717776959000,1.37521,1.3755,1.37515,1.37548,1149120000,8
1717776960000,1717777439000,1.37547,1.37561,1.37521,1.37522,928350000,8
1717777440000,1717777919000,1.37521,1.37529,1.37449,1.37471,1169730000,8
1717777920000,1717778399000,1.3747,1.37516,1.37469,1.37487,1362300000,8
1717778400000,1717778879000,1.37487,1.37533,1.37486,1.37531,827760000,8
1717778880000,1717779359000,1.37529,1.37539,1.3749,1.37497,1135200000,8
1717779360000,1717779839000,1.37497,1.37511,1.37444,1.3751,975000000,8
1717779840000,1717780319000,1.37513,1.37533,1.37481,1.37514,622190000,8
1717780320000,1717780799000,1.37512,1.37526,1.37491,1.37504,736230000,8
1717780800000,1717781279000,1.37507,1.37523,1.37489,1.37508,479490000,8
1717781280000,1717781759000,1.3751,1.37533,1.37509,1.3752,342790000,8
1717781760000,1717782239000,1.3752,1.37543,1.37511,1.37535,500070000,8
1717782240000,1717782719000,1.37534,1.37544,1.37481,1.37481,530490000,8
1717782720000,1717783199000,1.3748,1.37505,1.37469,1.37498,595080000,8
1717783200000,1717783679000,1.37496,1.37548,1.37496,1.37521,641820000,8
1717783680000,1717784159000,1.37522,1.37572,1.3752,1.37552,1030320000,8
1717784160000,1717784639000,1.37554,1.37563,1.37489,1.37519,875550000,8
1717784640000,1717785119000,1.37518,1.37518,1.37486,1.37496,793200000,8
1717785120000,1717785599000,1.37496,1.3752,1.37485,1.37487,515700000,8
1717785600000,1717786079000,1.37487,1.37489,1.37451,1.3746,447390000,8
1717786080000,1717786559000,1.3746,1.37474,1.3743,1.37454,508080000,8
1717786560000,1717787039000,1.37452,1.3746,1.37429,1.37435,355890000,8
1717787040000,1717787519000,1.37432,1.37486,1.37428,1.37485,626400000,8
1717787520000,1717787999000,1.37488,1.3755,1.37482,1.37495,989670000,8
1717788000000,1717788479000,1.37498,1.37555,1.3749,1.37535,869220000,8
1717788480000,1717788959000,1.37534,1.37552,1.37524,1.37543,616590000,8
1717788960000,1717789439000,1.37542,1.37558,1.3753,1.37542,616410000,8
1717789440000,1717789919000,1.37543,1.37553,1.37523,1.37528,1312650000,8
1717789920000,1717790399000,1.37527,1.37586,1.37524,1.37581,967740000,8
1717790400000,1717790879000,1.37581,1.37591,1.37568,1.3757,285420000,8
1717790880000,1717791359000,1.3757,1.37616,1.37569,1.37615,270090000,8
1717791360000,1717791839000,1.37615,1.37625,1.37602,1.37607,249060000,8
1717791840000,1717792319000,1.37607,1.37636,1.37605,1.37636,286680000,8
1717792320000,1717792799000,1.37635,1.37653,1.37635,1.37653,383550000,8
1717792800000,1717793279000,1.37652,1.37672,1.37621,1.37624,541410000,8
1717793280000,1717793759000,1.3763,1.37664,1.3763,1.37652,284850000,8
1717793760000,1717794239000,1.37652,1.37658,1.37631,1.37631,126450000,8
1717794240000,1717794719000,1.37631,1.37631,1.37631,1.37631,0,8
1717794720000,1717795199000,1.37631,1.37631,1.37631,1.37631,0,8
1717795200000,1717795679000,1.37631,1.37631,1.37631,1.37631,0,8
1717795680000,1717796159000,1.37631,1.37631,1.37631,1.37631,0,8
1717796160000,1717796639000,1.37631,1.37631,1.37631,1.37631,0,8
1717796640000,1717797119000,1.37631,1.37631,1.37631,1.37631,0,8
1717797120000,1717797599000,1.37631,1.37631,1.37631,1.37631,0,8
1717797600000,1717798079000,1.37631,1.37631,1.37631,1.37631,0,8
1717798080000,1717798559000,1.37631,1.37631,1.37631,1.37631,0,8
1717798560000,1717799039000,1.37631,1.37631,1.37631,1.37631,0,8
1717799040000,1717799519000,1.37631,1.37631,1.37631,1.37631,0,8
1717799520000,1717799999000,1.37631,1.37631,1.37631,1.37631,0,8
1717800000000,1717800479000,1.37631,1.37631,1.37631,1.37631,0,8
1717800480000,1717800959000,1.37631,1.37631,1.37631,1.37631,0,8
1717800960000,1717801439000,1.37631,1.37631,1.37631,1.37631,0,8
1717801440000,1717801919000,1.37631,1.37631,1.37631,1.37631,0,8
1717801920000,1717802399000,1.37631,1.37631,1.37631,1.37631,0,8
1717802400000,1717802879000,1.37631,1.37631,1.37631,1.37631,0,8
1717802880000,1717803359000,1.37631,1.37631,1.37631,1.37631,0,8
1717803360000,1717803839000,1.37631,1.37631,1.37631,1.37631,0,8
1717803840000,1717804319000,1.37631,1.37631,1.37631,1.37631,0,8
1717804320000,1717804799000,1.37631,1.37631,1.37631,1.37631,0,8
1717891200000,1717891679000,1.37631,1.37631,1.37631,1.37631,0,8
1717891680000,1717892159000,1.37631,1.37631,1.37631,1.37631,0,8
1717892160000,1717892639000,1.37631,1.37631,1.37631,1.37631,0,8
1717892640000,1717893119000,1.37631,1.37631,1.37631,1.37631,0,8
1717893120000,1717893599000,1.37631,1.37631,1.37631,1.37631,0,8
1717893600000,1717894079000,1.37631,1.37631,1.37631,1.37631,0,8
1717894080000,1717894559000,1.37631,1.37631,1.37631,1.37631,0,8
1717894560000,1717895039000,1.37631,1.37631,1.37631,1.37631,0,8
1717895040000,1717895519000,1.37631,1.37631,1.37631,1.37631,0,8
1717895520000,1717895999000,1.37631,1.37631,1.37631,1.37631,0,8
1717896000000,1717896479000,1.37631,1.37631,1.37631,1.37631,0,8
1717896480000,1717896959000,1.37631,1.37631,1.37631,1.37631,0,8
1717896960000,1717897439000,1.37631,1.37631,1.37631,1.37631,0,8
1717897440000,1717897919000,1.37631,1.37631,1.37631,1.37631,0,8
1717897920000,1717898399000,1.37631,1.37631,1.37631,1.37631,0,8
1717898400000,1717898879000,1.37631,1.37631,1.37631,1.37631,0,8
1717898880000,1717899359000,1.37631,1.37631,1.37631,1.37631,0,8
1717899360000,1717899839000,1.37631,1.37631,1.37631,1.37631,0,8
1717899840000,1717900319000,1.37631,1.37631,1.37631,1.37631,0,8
1717900320000,1717900799000,1.37631,1.37631,1.37631,1.37631,0,8
1717900800000,1717901279000,1.37631,1.37631,1.37631,1.37631,0,8
1717901280000,1717901759000,1.37631,1.37631,1.37631,1.37631,0,8
1717901760000,1717902239000,1.37631,1.37631,1.37631,1.37631,0,8
1717902240000,1717902719000,1.37631,1.37631,1.37631,1.37631,0,8
1717902720000,1717903199000,1.37631,1.37631,1.37631,1.37631,0,8
1717903200000,1717903679000,1.37631,1.37631,1.37631,1.37631,0,8
1717903680000,1717904159000,1.37631,1.37631,1.37631,1.37631,0,8
1717904160000,1717904639000,1.37631,1.37631,1.37631,1.37631,0,8
1717904640000,1717905119000,1.37631,1.37631,1.37631,1.37631,0,8
1717905120000,1717905599000,1.37631,1.37631,1.37631,1.37631,0,8
1717905600000,1717906079000,1.37631,1.37631,1.37631,1.37631,0,8
1717906080000,1717906559000,1.37631,1.37631,1.37631,1.37631,0,8
1717906560000,1717907039000,1.37631,1.37631,1.37631,1.37631,0,8
1717907040000,1717907519000,1.37631,1.37631,1.37631,1.37631,0,8
1717907520000,1717907999000,1.37631,1.37631,1.37631,1.37631,0,8
1717908000000,1717908479000,1.37631,1.37631,1.37631,1.37631,0,8
1717908480000,1717908959000,1.37631,1.37631,1.37631,1.37631,0,8
1717908960000,1717909439000,1.37631,1.37631,1.37631,1.37631,0,8
1717909440000,1717909919000,1.37631,1.37631,1.37631,1.37631,0,8
1717909920000,1717910399000,1.37631,1.37631,1.37631,1.37631,0,8
1717910400000,1717910879000,1.37631,1.37631,1.37631,1.37631,0,8
1717910880000,1717911359000,1.37631,1.37631,1.37631,1.37631,0,8
1717911360000,1717911839000,1.37631,1.37631,1.37631,1.37631,0,8
1717911840000,1717912319000,1.37631,1.37631,1.37631,1.37631,0,8
1717912320000,1717912799000,1.37631,1.37631,1.37631,1.37631,0,8
1717912800000,1717913279000,1.37631,1.37631,1.37631,1.37631,0,8
1717913280000,1717913759000,1.37631,1.37631,1.37631,1.37631,0,8
1717913760000,1717914239000,1.37631,1.37631,1.37631,1.37631,0,8
1717914240000,1717914719000,1.37631,1.37631,1.37631,1.37631,0,8
1717914720000,1717915199000,1.37631,1.37631,1.37631,1.37631,0,8
1717915200000,1717915679000,1.37631,1.37631,1.37631,1.37631,0,8
1717915680000,1717916159000,1.37631,1.37631,1.37631,1.37631,0,8
1717916160000,1717916639000,1.37631,1.37631,1.37631,1.37631,0,8
1717916640000,1717917119000,1.37631,1.37631,1.37631,1.37631,0,8
1717917120000,1717917599000,1.37631,1.37631,1.37631,1.37631,0,8
1717917600000,1717918079000,1.37631,1.37631,1.37631,1.37631,0,8
1717918080000,1717918559000,1.37631,1.37631,1.37631,1.37631,0,8
1717918560000,1717919039000,1.37631,1.37631,1.37631,1.37631,0,8
1717919040000,1717919519000,1.37631,1.37631,1.37631,1.37631,0,8
1717919520000,1717919999000,1.37631,1.37631,1.37631,1.37631,0,8
1717920000000,1717920479000,1.37631,1.37631,1.37631,1.37631,0,8
1717920480000,1717920959000,1.37631,1.37631,1.37631,1.37631,0,8
1717920960000,1717921439000,1.37631,1.37631,1.37631,1.37631,0,8
1717921440000,1717921919000,1.37631,1.37631,1.37631,1.37631,0,8
1717921920000,1717922399000,1.37631,1.37631,1.37631,1.37631,0,8
1717922400000,1717922879000,1.37631,1.37631,1.37631,1.37631,0,8
1717922880000,1717923359000,1.37631,1.37631,1.37631,1.37631,0,8
1717923360000,1717923839000,1.37631,1.37631,1.37631,1.37631,0,8
1717923840000,1717924319000,1.37631,1.37631,1.37631,1.37631,0,8
1717924320000,1717924799000,1.37631,1.37631,1.37631,1.37631,0,8
1717924800000,1717925279000,1.37631,1.37631,1.37631,1.37631,0,8
1717925280000,1717925759000,1.37631,1.37631,1.37631,1.37631,0,8
1717925760000,1717926239000,1.37631,1.37631,1.37631,1.37631,0,8
1717926240000,1717926719000,1.37631,1.37631,1.37631,1.37631,0,8
1717926720000,1717927199000,1.37631,1.37631,1.37631,1.37631,0,8
1717927200000,1717927679000,1.37631,1.37631,1.37631,1.37631,0,8
1717927680000,1717928159000,1.37631,1.37631,1.37631,1.37631,0,8
1717928160000,1717928639000,1.37631,1.37631,1.37631,1.37631,0,8
1717928640000,1717929119000,1.37631,1.37631,1.37631,1.37631,0,8
1717929120000,1717929599000,1.37631,1.37631,1.37631,1.37631,0,8
1717929600000,1717930079000,1.37631,1.37631,1.37631,1.37631,0,8
1717930080000,1717930559000,1.37631,1.37631,1.37631,1.37631,0,8
1717930560000,1717931039000,1.37631,1.37631,1.37631,1.37631,0,8
1717931040000,1717931519000,1.37631,1.37631,1.37631,1.37631,0,8
1717931520000,1717931999000,1.37631,1.37631,1.37631,1.37631,0,8
1717932000000,1717932479000,1.37631,1.37631,1.37631,1.37631,0,8
1717932480000,1717932959000,1.37631,1.37631,1.37631,1.37631,0,8
1717932960000,1717933439000,1.37631,1.37631,1.37631,1.37631,0,8
1717933440000,1717933919000,1.37631,1.37631,1.37631,1.37631,0,8
1717933920000,1717934399000,1.37631,1.37631,1.37631,1.37631,0,8
1717934400000,1717934879000,1.37631,1.37631,1.37631,1.37631,0,8
1717934880000,1717935359000,1.37631,1.37631,1.37631,1.37631,0,8
1717935360000,1717935839000,1.37631,1.37631,1.37631,1.37631,0,8
1717935840000,1717936319000,1.37631,1.37631,1.37631,1.37631,0,8
1717936320000,1717936799000,1.37631,1.37631,1.37631,1.37631,0,8
1717936800000,1717937279000,1.37631,1.37631,1.37631,1.37631,0,8
1717937280000,1717937759000,1.37631,1.37631,1.37631,1.37631,0,8
1717937760000,1717938239000,1.37631,1.37631,1.37631,1.37631,0,8
1717938240000,1717938719000,1.37631,1.37631,1.37631,1.37631,0,8
1717938720000,1717939199000,1.37631,1.37631,1.37631,1.37631,0,8
1717939200000,1717939679000,1.37631,1.37631,1.37631,1.37631,0,8
1717939680000,1717940159000,1.37631,1.37631,1.37631,1.37631,0,8
1717940160000,1717940639000,1.37631,1.37631,1.37631,1.37631,0,8
1717940640000,1717941119000,1.37631,1.37631,1.37631,1.37631,0,8
1717941120000,1717941599000,1.37631,1.37631,1.37631,1.37631,0,8
1717941600000,1717942079000,1.37631,1.37631,1.37631,1.37631,0,8
1717942080000,1717942559000,1.37631,1.37631,1.37631,1.37631,0,8
1717942560000,1717943039000,1.37631,1.37631,1.37631,1.37631,0,8
1717943040000,1717943519000,1.37631,1.37631,1.37631,1.37631,0,8
1717943520000,1717943999000,1.37631,1.37631,1.37631,1.37631,0,8
1717944000000,1717944479000,1.37631,1.37631,1.37631,1.37631,0,8
1717944480000,1717944959000,1.37631,1.37631,1.37631,1.37631,0,8
1717944960000,1717945439000,1.37631,1.37631,1.37631,1.37631,0,8
1717945440000,1717945919000,1.37631,1.37631,1.37631,1.37631,0,8
1717945920000,1717946399000,1.37631,1.37631,1.37631,1.37631,0,8
1717946400000,1717946879000,1.37631,1.37631,1.37631,1.37631,0,8
1717946880000,1717947359000,1.37631,1.37631,1.37631,1.37631,0,8
1717947360000,1717947839000,1.37631,1.37631,1.37631,1.37631,0,8
1717947840000,1717948319000,1.37631,1.37631,1.37631,1.37631,0,8
1717948320000,1717948799000,1.37631,1.37631,1.37631,1.37631,0,8
1717948800000,1717949279000,1.37631,1.37631,1.37631,1.37631,0,8
1717949280000,1717949759000,1.37631,1.37631,1.37631,1.37631,0,8
1717949760000,1717950239000,1.37631,1.37631,1.37631,1.37631,0,8
1717950240000,1717950719000,1.37631,1.37631,1.37631,1.37631,0,8
1717950720000,1717951199000,1.37631,1.37631,1.37631,1.37631,0,8
1717951200000,1717951679000,1.37631,1.37631,1.37631,1.37631,0,8
1717951680000,1717952159000,1.37631,1.37631,1.37631,1.37631,0,8
1717952160000,1717952639000,1.37631,1.37631,1.37631,1.37631,0,8
1717952640000,1717953119000,1.37631,1.37631,1.37631,1.37631,0,8
1717953120000,1717953599000,1.37631,1.37631,1.37631,1.37631,0,8
1717953600000,1717954079000,1.37631,1.37631,1.37631,1.37631,0,8
1717954080000,1717954559000,1.37631,1.37631,1.37631,1.37631,0,8
1717954560000,1717955039000,1.37631,1.37631,1.37631,1.37631,0,8
1717955040000,1717955519000,1.37631,1.37631,1.37631,1.37631,0,8
1717955520000,1717955999000,1.37631,1.37631,1.37631,1.37631,0,8
1717956000000,1717956479000,1.37631,1.37631,1.37631,1.37631,0,8
1717956480000,1717956959000,1.37631,1.37631,1.37631,1.37631,0,8
1717956960000,1717957439000,1.37631,1.37631,1.37631,1.37631,0,8
1717957440000,1717957919000,1.37631,1.37631,1.37631,1.37631,0,8
1717957920000,1717958399000,1.37631,1.37631,1.37631,1.37631,0,8
1717958400000,1717958879000,1.37631,1.37631,1.37631,1.37631,0,8
1717958880000,1717959359000,1.37631,1.37631,1.37631,1.37631,0,8
1717959360000,1717959839000,1.37631,1.37631,1.37631,1.37631,0,8
1717959840000,1717960319000,1.37631,1.37631,1.37631,1.37631,0,8
1717960320000,1717960799000,1.37631,1.37631,1.37631,1.37631,0,8
1717960800000,1717961279000,1.37631,1.37631,1.37631,1.37631,0,8
1717961280000,1717961759000,1.37631,1.37631,1.37631,1.37631,0,8
1717961760000,1717962239000,1.37631,1.37631,1.37631,1.37631,0,8
1717962240000,1717962719000,1.37631,1.37631,1.37631,1.37631,0,8
1717962720000,1717963199000,1.37631,1.37631,1.37631,1.37631,0,8
1717963200000,1717963679000,1.37631,1.37631,1.37631,1.37631,0,8
1717963680000,1717964159000,1.37631,1.37631,1.37631,1.37631,0,8
1717964160000,1717964639000,1.37631,1.37631,1.37631,1.37631,0,8
1717964640000,1717965119000,1.37631,1.37631,1.37631,1.37631,0,8
1717965120000,1717965599000,1.37631,1.37631,1.37631,1.37631,0,8
1717965600000,1717966079000,1.37631,1.37631,1.37631,1.37631,0,8
1717966080000,1717966559000,1.37631,1.37631,1.37631,1.37631,0,8
1717966560000,1717967039000,1.37631,1.37631,1.37573,1.376,23700000,8
1717967040000,1717967519000,1.37599,1.37623,1.37579,1.37622,68700000,8
1717967520000,1717967999000,1.37623,1.3763,1.37603,1.3762,60450000,8
1717968000000,1717968479000,1.3762,1.37622,1.37614,1.37622,31800000,8
1717968480000,1717968959000,1.37614,1.37625,1.37598,1.37617,97800000,8
1717968960000,1717969439000,1.37617,1.37618,1.376,1.37612,124800000,8
1717969440000,1717969919000,1.37615,1.37619,1.37606,1.37618,93750000,8
1717969920000,1717970399000,1.37623,1.37633,1.37603,1.37627,181200000,8
1717970400000,1717970879000,1.37624,1.37673,1.37624,1.37671,151950000,8
1717970880000,1717971359000,1.37671,1.37676,1.37646,1.37668,190800000,8
1717971360000,1717971839000,1.37669,1.3768,1.37667,1.37677,270300000,8
1717971840000,1717972319000,1.37677,1.37677,1.37626,1.3763,321300000,8
1717972320000,1717972799000,1.37628,1.37651,1.37623,1.3765,298860000,8
1717972800000,1717973279000,1.3765,1.3765,1.37632,1.37638,314220000,8
1717973280000,1717973759000,1.37639,1.3764,1.3763,1.37636,292380000,8
1717973760000,1717974239000,1.37635,1.37638,1.37608,1.37615,553020000,8
1717974240000,1717974719000,1.37615,1.37617,1.37604,1.3761,480330000,8
1717974720000,1717975199000,1.3761,1.37615,1.37604,1.37604,465870000,8
1717975200000,1717975679000,1.37604,1.3761,1.37595,1.37596,661910000,8
1717975680000,1717976159000,1.37595,1.37609,1.37589,1.37608,392100000,8
1717976160000,1717976639000,1.37609,1.37611,1.37597,1.37601,99180000,8
1717976640000,1717977119000,1.37601,1.37603,1.37589,1.37591,107490000,8
1717977120000,1717977599000,1.3759,1.37594,1.37579,1.37585,256860000,8
1717977600000,1717978079000,1.37586,1.37617,1.37551,1.37553,474120000,8
1717978080000,1717978559000,1.37553,1.37603,1.37552,1.37599,204930000,8
1717978560000,1717979039000,1.37603,1.37631,1.37603,1.3763,286920000,8
1717979040000,1717979519000,1.37632,1.37651,1.37617,1.37644,414150000,8
1717979520000,1717979999000,1.37644,1.3766,1.37635,1.3766,243990000,8
1717980000000,1717980479000,1.37661,1.37663,1.37641,1.37655,480150000,8
1717980480000,1717980959000,1.37657,1.37664,1.37645,1.37646,437100000,8
1717980960000,1717981439000,1.37647,1.3765,1.37619,1.37642,365400000,8
1717981440000,1717981919000,1.37642,1.37658,1.37639,1.37648,306720000,8
1717981920000,1717982399000,1.37645,1.37663,1.3764,1.37646,278670000,8
1717982400000,1717982879000,1.37648,1.37695,1.37648,1.37683,287850000,8
1717982880000,1717983359000,1.37684,1.37688,1.37659,1.37673,283680000,8
1717983360000,1717983839000,1.37674,1.37677,1.3764,1.37641,172200000,8
1717983840000,1717984319000,1.37643,1.37658,1.3763,1.3763,247200000,8
1717984320000,1717984799000,1.3763,1.37632,1.37604,1.37616,315600000,8
1717984800000,1717985279000,1.37619,1.37638,1.37617,1.37634,311610000,8
1717985280000,1717985759000,1.37632,1.37644,1.37629,1.37629,115350000,8
1717985760000,1717986239000,1.37629,1.37635,1.37622,1.3763,139650000,8
1717986240000,1717986719000,1.37631,1.3765,1.3763,1.3765,221370000,8
1717986720000,1717987199000,1.37648,1.37674,1.37646,1.3767,174750000,8
1717987200000,1717987679000,1.37671,1.37674,1.37647,1.37648,193560000,8
1717987680000,1717988159000,1.37648,1.37648,1.37623,1.37638,391590000,8
1717988160000,1717988639000,1.37637,1.3765,1.37631,1.37633,111750000,8
1717988640000,1717989119000,1.37633,1.37649,1.37629,1.37635,274260000,8
1717989120000,1717989599000,1.37637,1.37652,1.37637,1.37649,175410000,8
1717989600000,1717990079000,1.37646,1.37658,1.37646,1.3765,164520000,8
1717990080000,1717990559000,1.37651,1.37667,1.37649,1.37663,186000000,8
1717990560000,1717991039000,1.37664,1.37681,1.37664,1.37677,109800000,8
1717991040000,1717991519000,1.37676,1.37697,1.3767,1.37695,121860000,8
1717991520000,1717991999000,1.37692,1.37709,1.37686,1.37707,303750000,8
1717992000000,1717992479000,1.37706,1.37732,1.37696,1.37723,335550000,8
1717992480000,1717992959000,1.37721,1.37722,1.37703,1.37714,190950000,8
1717992960000,1717993439000,1.37717,1.37725,1.37698,1.37699,693000000,8
1717993440000,1717993919000,1.37698,1.37699,1.37662,1.37676,784570000,8
1717993920000,1717994399000,1.37675,1.37692,1.37667,1.37678,356730000,8
1717994400000,1717994879000,1.37678,1.37681,1.37656,1.37666,301770000,8
1717994880000,1717995359000,1.37666,1.37673,1.3766,1.37668,411300000,8
1717995360000,1717995839000,1.3767,1.37671,1.37652,1.37667,247380000,8
1717995840000,1717996319000,1.37669,1.377,1.37667,1.37694,905820000,8
1717996320000,1717996799000,1.37695,1.37699,1.37674,1.37684,511650000,8
1717996800000,1717997279000,1.37684,1.37702,1.37684,1.37689,306570000,8
1717997280000,1717997759000,1.3769,1.37695,1.37675,1.37676,342720000,8
1717997760000,1717998239000,1.37677,1.37685,1.37655,1.37669,514140000,8
1717998240000,1717998719000,1.37669,1.37678,1.37655,1.37657,461130000,8
1717998720000,1717999199000,1.37656,1.37656,1.3758,1.37618,664360000,8
1717999200000,1717999679000,1.37615,1.37645,1.37609,1.37609,560820000,8
1717999680000,1718000159000,1.37608,1.37616,1.37577,1.37581,254940000,8
1718000160000,1718000639000,1.37579,1.3762,1.37572,1.37612,402720000,8
1718000640000,1718001119000,1.37612,1.37649,1.37597,1.37643,440370000,8
1718001120000,1718001599000,1.37643,1.37647,1.3762,1.37637,300030000,8
1718001600000,1718002079000,1.37636,1.37643,1.37627,1.37643,348060000,8
1718002080000,1718002559000,1.37647,1.37651,1.37628,1.37649,299790000,8
1718002560000,1718003039000,1.37646,1.37684,1.37618,1.37672,822030000,8
1718003040000,1718003519000,1.37673,1.377,1.37644,1.377,784800000,8
1718003520000,1718003999000,1.37701,1.37713,1.37672,1.37706,625350000,8
1718004000000,1718004479000,1.37707,1.37712,1.37632,1.37633,601500000,8
1718004480000,1718004959000,1.37632,1.37664,1.37615,1.37658,412920000,8
1718004960000,1718005439000,1.3766,1.37676,1.37655,1.37673,392010000,8
1718005440000,1718005919000,1.37671,1.37693,1.37657,1.37663,617220000,8
1718005920000,1718006399000,1.37664,1.37664,1.37625,1.37642,527100000,8
1718006400000,1718006879000,1.37643,1.37664,1.37637,1.37659,750510000,8
1718006880000,1718007359000,1.3766,1.377,1.37654,1.37692,522360000,8
1718007360000,1718007839000,1.37693,1.3773,1.37688,1.37724,446900000,8
1718007840000,1718008319000,1.37726,1.37736,1.37706,1.37731,539010000,8
1718008320000,1718008799000,1.37731,1.37752,1.37729,1.37744,213600000,8
1718008800000,1718009279000,1.37746,1.37762,1.37725,1.37755,655620000,8
1718009280000,1718009759000,1.37756,1.37782,1.37754,1.3778,546270000,8
1718009760000,1718010239000,1.37783,1.37787,1.37751,1.37754,489480000,8
1718010240000,1718010719000,1.37755,1.37771,1.37754,1.37759,616200000,8
1718010720000,1718011199000,1.37756,1.37765,1.37728,1.37738,352650000,8
1718011200000,1718011679000,1.37737,1.37767,1.37731,1.37762,576960000,8
1718011680000,1718012159000,1.3776,1.37774,1.37738,1.37747,482160000,8
1718012160000,1718012639000,1.37746,1.37765,1.3774,1.37764,548250000,8
1718012640000,1718013119000,1.37765,1.37793,1.37765,1.37783,512550000,8
1718013120000,1718013599000,1.37783,1.37808,1.37773,1.37781,530790000,8
1718013600000,1718014079000,1.37782,1.37788,1.37762,1.37766,420810000,8
1718014080000,1718014559000,1.37767,1.37783,1.37759,1.37762,528090000,8
1718014560000,1718015039000,1.37762,1.37774,1.3775,1.37761,597360000,8
1718015040000,1718015519000,1.3776,1.37793,1.37753,1.37783,663030000,8
1718015520000,1718015999000,1.37783,1.37788,1.37745,1.37763,924930000,8
1718016000000,1718016479000,1.37762,1.37769,1.3774,1.37741,343890000,8
1718016480000,1718016959000,1.37741,1.37769,1.37735,1.37756,320130000,8
1718016960000,1718017439000,1.37755,1.37763,1.3774,1.3776,557910000,8
1718017440000,1718017919000,1.3776,1.37768,1.3775,1.3775,371880000,8
1718017920000,1718018399000,1.37752,1.37754,1.37703,1.37712,773700000,8
1718018400000,1718018879000,1.37714,1.37716,1.37661,1.37669,765510000,8
1718018880000,1718019359000,1.37669,1.37701,1.37664,1.37697,409890000,8
1718019360000,1718019839000,1.37696,1.37702,1.37686,1.37689,213150000,8
1718019840000,1718020319000,1.37688,1.37689,1.37657,1.37679,183990000,8
1718020320000,1718020799000,1.37678,1.37681,1.37648,1.3767,264630000,8
1718020800000,1718021279000,1.37669,1.37671,1.37615,1.37622,1233390000,8
1718021280000,1718021759000,1.37622,1.37622,1.37589,1.37612,1217400000,8
1718021760000,1718022239000,1.37612,1.37624,1.37589,1.37618,1543230000,8
1718022240000,1718022719000,1.3762,1.37654,1.37615,1.37628,1633170000,8
1718022720000,1718023199000,1.37629,1.37641,1.376,1.37612,1361070000,8
1718023200000,1718023679000,1.3761,1.37639,1.3759,1.37638,792840000,8
1718023680000,1718024159000,1.37638,1.37691,1.37627,1.37668,685080000,8
1718024160000,1718024639000,1.37669,1.37697,1.37667,1.37677,590130000,8
1718024640000,1718025119000,1.37677,1.37694,1.37669,1.3768,497760000,8
1718025120000,1718025599000,1.3768,1.37732,1.37675,1.3773,471570000,8
1718025600000,1718026079000,1.37731,1.37773,1.3772,1.37768,729210000,8
1718026080000,1718026559000,1.37768,1.37814,1.37767,1.37783,947490000,8
1718026560000,1718027039000,1.37782,1.37792,1.37748,1.37778,796440000,8
1718027040000,1718027519000,1.3778,1.37811,1.37754,1.37772,1049670000,8
1718027520000,1718027999000,1.37774,1.37785,1.37733,1.37741,1202790000,8
1718028000000,1718028479000,1.3774,1.378,1.37724,1.37753,1265970000,8
1718028480000,1718028959000,1.3775,1.37812,1.3775,1.37768,904080000,8
1718028960000,1718029439000,1.37762,1.37769,1.37714,1.37716,722520000,8
1718029440000,1718029919000,1.37717,1.37759,1.37714,1.37735,786600000,8
1718029920000,1718030399000,1.3774,1.37741,1.37668,1.37699,1145250000,8
1718030400000,1718030879000,1.37699,1.37727,1.37658,1.37659,496200000,8
1718030880000,1718031359000,1.37659,1.37737,1.37659,1.37735,817500000,8
1718031360000,1718031839000,1.37734,1.3776,1.37693,1.37738,1189350000,8
1718031840000,1718032319000,1.37737,1.37755,1.37712,1.37751,905010000,8
1718032320000,1718032799000,1.37751,1.37751,1.37656,1.37657,964170000,8
1718032800000,1718033279000,1.37657,1.37668,1.37593,1.376,831030000,8
1718033280000,1718033759000,1.37601,1.37632,1.37589,1.37598,701400000,8
1718033760000,1718034239000,1.37598,1.37615,1.37569,1.37569,519900000,8
1718034240000,1718034719000,1.37571,1.376,1.37571,1.37593,215400000,8
1718034720000,1718035199000,1.3759,1.37605,1.37547,1.37549,629280000,8
1718035200000,1718035679000,1.3755,1.37594,1.37534,1.37586,500400000,8
1718035680000,1718036159000,1.37587,1.37602,1.3758,1.37588,725520000,8
1718036160000,1718036639000,1.37587,1.3761,1.37578,1.37594,539190000,8
1718036640000,1718037119000,1.37594,1.37644,1.37594,1.37637,465420000,8
1718037120000,1718037599000,1.37635,1.37657,1.37629,1.37634,327960000,8
1718037600000,1718038079000,1.37633,1.37675,1.37616,1.37664,360390000,8
1718038080000,1718038559000,1.37662,1.37674,1.3764,1.37651,227250000,8
1718038560000,1718039039000,1.37647,1.37674,1.37625,1.37639,358260000,8
1718039040000,1718039519000,1.37641,1.37662,1.37618,1.37641,328920000,8
1718039520000,1718039999000,1.3764,1.3769,1.3763,1.37652,430860000,8
1718040000000,1718040479000,1.37652,1.37662,1.37632,1.37641,496920000,8
1718040480000,1718040959000,1.37641,1.37666,1.37601,1.37621,478320000,8
1718040960000,1718041439000,1.37621,1.37621,1.37584,1.37584,356610000,8
1718041440000,1718041919000,1.37583,1.37587,1.37545,1.37565,400530000,8
1718041920000,1718042399000,1.37571,1.37596,1.3757,1.37593,249180000,8
1718042400000,1718042879000,1.3759,1.37632,1.3759,1.376,393330000,8
1718042880000,1718043359000,1.376,1.37622,1.37582,1.37613,1338330000,8
1718043360000,1718043839000,1.37611,1.37629,1.37596,1.37624,1576140000,8
1718043840000,1718044319000,1.37624,1.37637,1.37611,1.37621,897570000,8
1718044320000,1718044799000,1.37618,1.37626,1.37572,1.3759,855570000,8
1718044800000,1718045279000,1.37588,1.37592,1.37552,1.37583,580440000,8
1718045280000,1718045759000,1.37582,1.37595,1.37563,1.37588,481890000,8
1718045760000,1718046239000,1.37587,1.37616,1.37579,1.37605,360060000,8
1718046240000,1718046719000,1.37604,1.37616,1.37595,1.37601,420600000,8
1718046720000,1718047199000,1.37605,1.37606,1.37572,1.37589,778380000,8
1718047200000,1718047679000,1.3759,1.37604,1.37579,1.376,800850000,8
1718047680000,1718048159000,1.376,1.37617,1.37589,1.37615,798270000,8
1718048160000,1718048639000,1.37612,1.37623,1.376,1.37615,352050000,8
1718048640000,1718049119000,1.37615,1.37643,1.37613,1.37639,168750000,8
1718049120000,1718049599000,1.37636,1.37638,1.37606,1.3761,590100000,8
1718049600000,1718050079000,1.37611,1.37631,1.37604,1.37607,313410000,8
1718050080000,1718050559000,1.37608,1.37613,1.37597,1.37599,142140000,8
1718050560000,1718051039000,1.37599,1.37607,1.37596,1.37607,376230000,8
1718051040000,1718051519000,1.37606,1.37616,1.37592,1.37597,99180000,8
1718051520000,1718051999000,1.37596,1.37596,1.37588,1.37589,172620000,8
1718052000000,1718052479000,1.37589,1.37591,1.37567,1.37575,245370000,8
1718052480000,1718052959000,1.37576,1.37583,1.37563,1.37565,263790000,8
1718052960000,1718053439000,1.37565,1.37583,1.37532,1.37544,154980000,8
1718053440000,1718053919000,1.37544,1.37575,1.37544,1.37554,51960000,8
1718053920000,1718054399000,1.37571,1.37577,1.37554,1.37572,43500000,8
1718054400000,1718054879000,1.37576,1.37579,1.37555,1.37576,54000000,8
1718054880000,1718055359000,1.37578,1.37585,1.37558,1.37583,69600000,8
1718055360000,1718055839000,1.37582,1.37606,1.37577,1.37591,159000000,8
1718055840000,1718056319000,1.37589,1.37607,1.37549,1.37567,351290000,8
1718056320000,1718056799000,1.37566,1.37572,1.37551,1.37561,240360000,8
1718056800000,1718057279000,1.37561,1.37567,1.37551,1.3756,223800000,8
1718057280000,1718057759000,1.37558,1.37564,1.37554,1.37562,198600000,8
1718057760000,1718058239000,1.37563,1.37568,1.37556,1.37566,130800000,8
1718058240000,1718058719000,1.37566,1.37568,1.37563,1.37564,46950000,8
1718058720000,1718059199000,1.37564,1.3757,1.37562,1.37569,141150000,8
1718059200000,1718059679000,1.3757,1.37575,1.37568,1.37573,126300000,8
1718059680000,1718060159000,1.37574,1.37575,1.37569,1.37571,143550000,8
1718060160000,1718060639000,1.37574,1.37619,1.37571,1.37599,374960000,8
1718060640000,1718061119000,1.37599,1.37603,1.37585,1.37602,350700000,8
1718061120000,1718061599000,1.37602,1.37615,1.37598,1.37606,228000000,8
1718061600000,1718062079000,1.37605,1.37621,1.37603,1.37621,175200000,8
1718062080000,1718062559000,1.37621,1.37627,1.37611,1.37613,167190000,8
1718062560000,1718063039000,1.37614,1.37618,1.37603,1.37615,146040000,8
1718063040000,1718063519000,1.37616,1.37617,1.37601,1.37607,252240000,8
1718063520000,1718063999000,1.37606,1.37614,1.37598,1.37598,175770000,8
1718064000000,1718064479000,1.37599,1.37641,1.37596,1.37641,492720000,8
1718064480000,1718064959000,1.37642,1.37649,1.3762,1.37621,511020000,8
1718064960000,1718065439000,1.37618,1.37628,1.37605,1.37626,374550000,8
1718065440000,1718065919000,1.37627,1.37647,1.37622,1.37637,308460000,8
1718065920000,1718066399000,1.37636,1.37644,1.37625,1.37632,315480000,8
1718066400000,1718066879000,1.37634,1.37638,1.37623,1.37634,201750000,8
1718066880000,1718067359000,1.37634,1.37637,1.37613,1.37636,192720000,8
1718067360000,1718067839000,1.37635,1.37642,1.3762,1.37638,565500000,8
1718067840000,1718068319000,1.37637,1.37639,1.37615,1.37634,513390000,8
1718068320000,1718068799000,1.37632,1.3766,1.3763,1.3765,332130000,8
1718068800000,1718069279000,1.37651,1.37651,1.37632,1.37644,348090000,8
1718069280000,1718069759000,1.37645,1.37675,1.37635,1.37666,696150000,8
1718069760000,1718070239000,1.37666,1.37667,1.37612,1.37614,519510000,8
1718070240000,1718070719000,1.37615,1.37626,1.37608,1.37609,914310000,8
1718070720000,1718071199000,1.37608,1.37658,1.37606,1.37642,558720000,8
1718071200000,1718071679000,1.37641,1.37678,1.37641,1.37674,387600000,8
1718071680000,1718072159000,1.37675,1.37687,1.37654,1.3766,273090000,8
1718072160000,1718072639000,1.3766,1.37671,1.37645,1.37648,264630000,8
1718072640000,1718073119000,1.37651,1.37675,1.37644,1.37673,243900000,8
1718073120000,1718073599000,1.37672,1.37682,1.3765,1.37655,486210000,8
1718073600000,1718074079000,1.37653,1.37678,1.3765,1.37676,396540000,8
1718074080000,1718074559000,1.37681,1.37684,1.37666,1.37681,607650000,8
1718074560000,1718075039000,1.3768,1.37684,1.37669,1.3767,263550000,8
1718075040000,1718075519000,1.37668,1.37674,1.3765,1.37653,325500000,8
1718075520000,1718075999000,1.37654,1.37676,1.37652,1.37667,296820000,8
1718076000000,1718076479000,1.37667,1.37686,1.37661,1.37671,404460000,8
1718076480000,1718076959000,1.37671,1.37688,1.37661,1.3768,263430000,8
1718076960000,1718077439000,1.3768,1.37683,1.37666,1.37666,174600000,8
1718077440000,1718077919000,1.37665,1.37666,1.3765,1.37658,98220000,8
1718077920000,1718078399000,1.37656,1.37666,1.37653,1.37662,189600000,8
1718078400000,1718078879000,1.37666,1.37675,1.37659,1.37665,349200000,8
1718078880000,1718079359000,1.37666,1.37669,1.37644,1.37649,457080000,8
1718079360000,1718079839000,1.37647,1.37649,1.3763,1.37633,464400000,8
1718079840000,1718080319000,1.37633,1.37649,1.37632,1.37643,528150000,8
1718080320000,1718080799000,1.37643,1.3765,1.37637,1.37639,603750000,8
1718080800000,1718081279000,1.37637,1.37647,1.37634,1.37645,407850000,8
1718081280000,1718081759000,1.37646,1.37647,1.37637,1.37639,666000000,8
1718081760000,1718082239000,1.37639,1.37654,1.37634,1.37635,783540000,8
1718082240000,1718082719000,1.37635,1.37639,1.3762,1.37626,427950000,8
1718082720000,1718083199000,1.37625,1.37631,1.37617,1.37625,371400000,8
1718083200000,1718083679000,1.37625,1.37625,1.37614,1.37617,468750000,8
1718083680000,1718084159000,1.37616,1.37649,1.37616,1.37637,581250000,8
1718084160000,1718084639000,1.37639,1.37647,1.3763,1.37631,594000000,8
1718084640000,1718085119000,1.37628,1.37635,1.37598,1.37603,665820000,8
1718085120000,1718085599000,1.37601,1.37608,1.37586,1.37598,493950000,8
1718085600000,1718086079000,1.37598,1.37618,1.37573,1.37577,530340000,8
1718086080000,1718086559000,1.37576,1.37587,1.37547,1.37578,700860000,8
1718086560000,1718087039000,1.37576,1.37577,1.37555,1.37569,441900000,8
1718087040000,1718087519000,1.37569,1.37587,1.37554,1.37573,504660000,8
1718087520000,1718087999000,1.37577,1.37585,1.37563,1.3758,243090000,8
1718088000000,1718088479000,1.37581,1.37587,1.37565,1.37566,535200000,8
1718088480000,1718088959000,1.37565,1.37604,1.37565,1.37597,215480000,8
1718088960000,1718089439000,1.37599,1.3765,1.37599,1.37632,576990000,8
1718089440000,1718089919000,1.3763,1.37699,1.37628,1.37679,677310000,8
1718089920000,1718090399000,1.3768,1.37695,1.37662,1.37668,556800000,8
1718090400000,1718090879000,1.37668,1.37694,1.37649,1.37686,394080000,8
1718090880000,1718091359000,1.37682,1.37682,1.37638,1.37639,197100000,8
1718091360000,1718091839000,1.37639,1.37643,1.37614,1.37618,402570000,8
1718091840000,1718092319000,1.37618,1.37641,1.37618,1.37639,205350000,8
1718092320000,1718092799000,1.37638,1.37638,1.37619,1.37622,649050000,8
1718092800000,1718093279000,1.37621,1.37643,1.37618,1.37623,508800000,8
1718093280000,1718093759000,1.37623,1.37639,1.3761,1.37623,307230000,8
1718093760000,1718094239000,1.37622,1.37645,1.37616,1.37641,381510000,8
1718094240000,1718094719000,1.37642,1.37673,1.3764,1.37649,332760000,8
1718094720000,1718095199000,1.3765,1.37652,1.37631,1.3765,333600000,8
1718095200000,1718095679000,1.37651,1.3767,1.37633,1.3767,361050000,8
1718095680000,1718096159000,1.3767,1.37705,1.37663,1.37666,498660000,8
1718096160000,1718096639000,1.37666,1.37688,1.37647,1.37659,826800000,8
1718096640000,1718097119000,1.37659,1.37704,1.37641,1.37686,397050000,8
1718097120000,1718097599000,1.37687,1.37725,1.37665,1.37714,796380000,8
1718097600000,1718098079000,1.37714,1.37729,1.37702,1.37725,473520000,8
1718098080000,1718098559000,1.37723,1.37764,1.37717,1.37718,746040000,8
1718098560000,1718099039000,1.37719,1.37737,1.37718,1.37724,495210000,8
1718099040000,1718099519000,1.37725,1.37733,1.3769,1.37714,944340000,8
1718099520000,1718099999000,1.37712,1.37747,1.37702,1.37742,512970000,8
1718100000000,1718100479000,1.3774,1.37754,1.37726,1.37729,542550000,8
1718100480000,1718100959000,1.37732,1.37744,1.37715,1.37737,516720000,8
1718100960000,1718101439000,1.37737,1.37746,1.37693,1.37702,514140000,8
1718101440000,1718101919000,1.37702,1.37728,1.377,1.37703,1657050000,8
1718101920000,1718102399000,1.37702,1.3772,1.37695,1.37717,1261020000,8
1718102400000,1718102879000,1.37718,1.37728,1.37704,1.37726,950100000,8
1718102880000,1718103359000,1.37728,1.37736,1.37705,1.37727,879570000,8
1718103360000,1718103839000,1.37726,1.37734,1.37698,1.37723,677790000,8
1718103840000,1718104319000,1.37725,1.37792,1.37725,1.37788,725490000,8
1718104320000,1718104799000,1.37786,1.37838,1.37785,1.37818,772500000,8
1718104800000,1718105279000,1.37819,1.37821,1.37787,1.37797,524700000,8
1718105280000,1718105759000,1.37797,1.37809,1.37776,1.37799,609660000,8
1718105760000,1718106239000,1.378,1.37809,1.37775,1.37782,518580000,8
1718106240000,1718106719000,1.37781,1.37785,1.37755,1.37774,311670000,8
1718106720000,1718107199000,1.37774,1.37824,1.37773,1.37797,668220000,8
1718107200000,1718107679000,1.37797,1.37811,1.37747,1.37749,843150000,8
1718107680000,1718108159000,1.3775,1.37753,1.37693,1.37704,1070490000,8
1718108160000,1718108639000,1.37702,1.37779,1.37702,1.37773,783060000,8
1718108640000,1718109119000,1.37773,1.37793,1.3773,1.37734,1289760000,8
1718109120000,1718109599000,1.37733,1.37745,1.37701,1.37734,806470000,8
1718109600000,1718110079000,1.37733,1.37736,1.37694,1.37709,829290000,8
1718110080000,1718110559000,1.37709,1.37735,1.37705,1.37708,657270000,8
1718110560000,1718111039000,1.37706,1.37747,1.37682,1.37707,726720000,8
1718111040000,1718111519000,1.37705,1.37746,1.37683,1.37716,787680000,8
1718111520000,1718111999000,1.37715,1.37759,1.37698,1.37756,700470000,8
1718112000000,1718112479000,1.3776,1.3777,1.37731,1.37744,559230000,8
1718112480000,1718112959000,1.37744,1.37866,1.37727,1.37858,1329210000,8
1718112960000,1718113439000,1.37858,1.379,1.37838,1.37859,1272480000,8
1718113440000,1718113919000,1.37863,1.37913,1.37822,1.37825,1841460000,8
1718113920000,1718114399000,1.37821,1.37885,1.37817,1.37829,1789620000,8
1718114400000,1718114879000,1.37831,1.3788,1.37797,1.37798,1724820000,8
1718114880000,1718115359000,1.37796,1.37832,1.3777,1.37819,1326330000,8
1718115360000,1718115839000,1.37821,1.37829,1.37784,1.37797,814410000,8
1718115840000,1718116319000,1.37798,1.37833,1.37779,1.37781,1084020000,8
1718116320000,1718116799000,1.37782,1.37797,1.37709,1.37713,1014360000,8
1718116800000,1718117279000,1.37714,1.37739,1.37677,1.37717,950910000,8
1718117280000,1718117759000,1.37717,1.37729,1.37668,1.37702,953880000,8
1718117760000,1718118239000,1.37703,1.37747,1.37692,1.37743,1173930000,8
1718118240000,1718118719000,1.37742,1.37769,1.37717,1.37731,730110000,8
1718118720000,1718119199000,1.37732,1.37741,1.37684,1.3769,633120000,8
1718119200000,1718119679000,1.37689,1.37721,1.37681,1.3772,441840000,8
1718119680000,1718120159000,1.3772,1.37728,1.37679,1.3768,681750000,8
1718120160000,1718120639000,1.37679,1.3769,1.37662,1.37686,736950000,8
1718120640000,1718121119000,1.37686,1.37696,1.37665,1.37671,668220000,8
1718121120000,1718121599000,1.37668,1.37681,1.3765,1.37662,684300000,8
1718121600000,1718122079000,1.37661,1.37668,1.37634,1.37654,741150000,8
1718122080000,1718122559000,1.37654,1.37672,1.37647,1.37655,767340000,8
1718122560000,1718123039000,1.37655,1.37715,1.37655,1.37712,708540000,8
1718123040000,1718123519000,1.37713,1.37729,1.37697,1.37718,601020000,8
1718123520000,1718123999000,1.37718,1.37742,1.37634,1.37637,785010000,8
1718124000000,1718124479000,1.37637,1.37643,1.3761,1.37614,439950000,8
1718124480000,1718124959000,1.37612,1.37628,1.37599,1.37602,679200000,8
1718124960000,1718125439000,1.37601,1.37629,1.37577,1.37592,859020000,8
1718125440000,1718125919000,1.37592,1.37603,1.37569,1.37591,585210000,8
1718125920000,1718126399000,1.37589,1.37631,1.37587,1.37621,623580000,8
1718126400000,1718126879000,1.37622,1.37654,1.37619,1.37633,439170000,8
1718126880000,1718127359000,1.37631,1.37644,1.37621,1.37631,522000000,8
1718127360000,1718127839000,1.3763,1.37632,1.37602,1.37624,219300000,8
1718127840000,1718128319000,1.37621,1.37631,1.37606,1.37607,359280000,8
1718128320000,1718128799000,1.37608,1.37624,1.37578,1.37588,408270000,8
1718128800000,1718129279000,1.37587,1.37595,1.3757,1.37587,892800000,8
1718129280000,1718129759000,1.37586,1.37595,1.37556,1.37566,487170000,8
1718129760000,1718130239000,1.37563,1.37566,1.37517,1.37536,501030000,8
1718130240000,1718130719000,1.37534,1.3754,1.37515,1.37515,392430000,8
1718130720000,1718131199000,1.37515,1.37525,1.37502,1.37516,786930000,8
1718131200000,1718131679000,1.37515,1.37549,1.37499,1.37525,486390000,8
1718131680000,1718132159000,1.37525,1.37566,1.37525,1.37543,720150000,8
1718132160000,1718132639000,1.37543,1.37547,1.37485,1.37498,871590000,8
1718132640000,1718133119000,1.37499,1.37508,1.37483,1.37498,337950000,8
1718133120000,1718133599000,1.37499,1.37508,1.37476,1.37497,327750000,8
1718133600000,1718134079000,1.37497,1.37518,1.37495,1.3751,359430000,8
1718134080000,1718134559000,1.3751,1.37542,1.375,1.37531,371070000,8
1718134560000,1718135039000,1.37531,1.37553,1.37506,1.37545,521460000,8
1718135040000,1718135519000,1.37546,1.3756,1.37535,1.37538,458070000,8
1718135520000,1718135999000,1.37538,1.3755,1.37525,1.37539,404070000,8
1718136000000,1718136479000,1.37537,1.37548,1.37529,1.37545,161370000,8
1718136480000,1718136959000,1.37546,1.37578,1.37546,1.37566,214890000,8
1718136960000,1718137439000,1.37567,1.37575,1.37559,1.37562,190680000,8
1718137440000,1718137919000,1.37562,1.37572,1.37556,1.37562,223890000,8
1718137920000,1718138399000,1.37559,1.37563,1.37557,1.37562,68100000,8
1718138400000,1718138879000,1.37559,1.37564,1.37555,1.37561,70650000,8
1718138880000,1718139359000,1.37558,1.37577,1.37557,1.37571,189300000,8
1718139360000,1718139839000,1.37572,1.3758,1.37557,1.3756,207600000,8
1718139840000,1718140319000,1.37561,1.37569,1.37557,1.37567,20700000,8
1718140320000,1718140799000,1.37561,1.37572,1.37543,1.37545,178740000,8
1718140800000,1718141279000,1.37545,1.37547,1.37544,1.37547,34440000,8
1718141280000,1718141759000,1.37549,1.37557,1.37548,1.37548,96240000,8
1718141760000,1718142239000,1.37547,1.37563,1.37547,1.37549,79140000,8
1718142240000,1718142719000,1.37549,1.37554,1.3753,1.37553,184500000,8
1718142720000,1718143199000,1.37554,1.37556,1.37548,1.37553,274500000,8
1718143200000,1718143679000,1.37551,1.3756,1.37533,1.37549,168600000,8
1718143680000,1718144159000,1.37548,1.37554,1.37543,1.37552,39000000,8
1718144160000,1718144639000,1.37552,1.37558,1.37552,1.37554,25050000,8
1718144640000,1718145119000,1.37553,1.37565,1.37553,1.37564,11400000,8
1718145120000,1718145599000,1.37564,1.37564,1.37558,1.37558,15330000,8
1718145600000,1718146079000,1.3756,1.3756,1.37544,1.37544,42550000,8
1718146080000,1718146559000,1.37545,1.37552,1.37545,1.37552,16800000,8
1718146560000,1718147039000,1.37551,1.37562,1.37549,1.37558,118680000,8
1718147040000,1718147519000,1.37558,1.37561,1.3755,1.37554,88710000,8
1718147520000,1718147999000,1.37554,1.37562,1.37553,1.37554,28350000,8
1718148000000,1718148479000,1.37553,1.37554,1.37543,1.37543,21150000,8
1718148480000,1718148959000,1.37543,1.37543,1.37542,1.37543,4350000,8
1718148960000,1718149439000,1.37546,1.37546,1.37543,1.37544,24150000,8
1718149440000,1718149919000,1.37544,1.37551,1.37533,1.37545,48840000,8
1718149920000,1718150399000,1.37546,1.3755,1.37539,1.37547,65700000,8
1718150400000,1718150879000,1.37547,1.37563,1.37533,1.37538,232020000,8
1718150880000,1718151359000,1.37539,1.37543,1.37521,1.37531,405720000,8
1718151360000,1718151839000,1.37531,1.3754,1.37527,1.37531,399450000,8
1718151840000,1718152319000,1.37531,1.37534,1.37523,1.3753,449550000,8
1718152320000,1718152799000,1.3753,1.37549,1.37521,1.37548,387090000,8
1718152800000,1718153279000,1.3755,1.37575,1.37545,1.3757,506340000,8
1718153280000,1718153759000,1.3757,1.37595,1.37562,1.37591,330420000,8
1718153760000,1718154239000,1.3759,1.37602,1.37583,1.3759,360390000,8
1718154240000,1718154719000,1.3759,1.37601,1.37572,1.37574,806730000,8
1718154720000,1718155199000,1.37579,1.37583,1.37563,1.37568,649380000,8
1718155200000,1718155679000,1.37568,1.3758,1.37562,1.3758,575700000,8
1718155680000,1718156159000,1.37578,1.37578,1.37536,1.37544,225150000,8
1718156160000,1718156639000,1.37546,1.37554,1.37526,1.37533,297780000,8
1718156640000,1718157119000,1.37534,1.37544,1.37508,1.37508,294540000,8
1718157120000,1718157599000,1.37505,1.37507,1.37478,1.375,512970000,8
1718157600000,1718158079000,1.37498,1.37516,1.37491,1.37512,781470000,8
1718158080000,1718158559000,1.37512,1.37522,1.37498,1.37499,298320000,8
1718158560000,1718159039000,1.37497,1.37509,1.37495,1.37501,185100000,8
1718159040000,1718159519000,1.37501,1.37515,1.3748,1.37506,361500000,8
1718159520000,1718159999000,1.37502,1.37524,1.37498,1.37514,246240000,8
1718160000000,1718160479000,1.37514,1.37516,1.37493,1.37495,279900000,8
1718160480000,1718160959000,1.37495,1.37499,1.37478,1.37489,265320000,8
1718160960000,1718161439000,1.37489,1.37489,1.37467,1.37469,103290000,8
1718161440000,1718161919000,1.3747,1.37489,1.37469,1.37487,168570000,8
1718161920000,1718162399000,1.37485,1.37498,1.3748,1.37488,119850000,8
1718162400000,1718162879000,1.37486,1.37491,1.37475,1.37477,90960000,8
1718162880000,1718163359000,1.37478,1.37481,1.37468,1.37468,79410000,8
1718163360000,1718163839000,1.37469,1.37498,1.37469,1.37496,148650000,8
1718163840000,1718164319000,1.37497,1.37497,1.37483,1.37493,301350000,8
1718164320000,1718164799000,1.37493,1.375,1.37488,1.37495,119580000,8
1718164800000,1718165279000,1.37495,1.375,1.37492,1.37493,53700000,8
1718165280000,1718165759000,1.37494,1.37505,1.37494,1.37499,78600000,8
1718165760000,1718166239000,1.375,1.37505,1.37497,1.37501,275250000,8
1718166240000,1718166719000,1.375,1.37505,1.37497,1.37505,33360000,8
1718166720000,1718167199000,1.37506,1.37522,1.37505,1.37518,122760000,8
1718167200000,1718167679000,1.37516,1.37517,1.37508,1.3751,59550000,8
1718167680000,1718168159000,1.37509,1.37515,1.37507,1.37513,195840000,8
1718168160000,1718168639000,1.37513,1.3753,1.37508,1.37508,251010000,8
1718168640000,1718169119000,1.37509,1.37515,1.37508,1.37511,222420000,8
1718169120000,1718169599000,1.37511,1.37516,1.37508,1.37513,348060000,8
1718169600000,1718170079000,1.37515,1.37515,1.37484,1.37484,373290000,8
1718170080000,1718170559000,1.37484,1.37485,1.37456,1.37467,680610000,8
1718170560000,1718171039000,1.37468,1.37487,1.37465,1.37476,343170000,8
1718171040000,1718171519000,1.37476,1.37477,1.37455,1.37457,144600000,8
1718171520000,1718171999000,1.37457,1.37462,1.37452,1.37458,105570000,8
1718172000000,1718172479000,1.37457,1.37477,1.37448,1.37452,181470000,8
1718172480000,1718172959000,1.37451,1.3747,1.37449,1.37468,216300000,8
1718172960000,1718173439000,1.37467,1.37467,1.37428,1.37439,435960000,8
1718173440000,1718173919000,1.3744,1.3744,1.37418,1.37432,664350000,8
1718173920000,1718174399000,1.3743,1.37441,1.3742,1.37431,272100000,8
1718174400000,1718174879000,1.37431,1.37456,1.37422,1.3745,406320000,8
1718174880000,1718175359000,1.3745,1.37499,1.3745,1.37498,284460000,8
1718175360000,1718175839000,1.37495,1.37535,1.37494,1.37526,491940000,8
1718175840000,1718176319000,1.37527,1.37543,1.37519,1.37527,438930000,8
1718176320000,1718176799000,1.37527,1.37539,1.37494,1.37512,522420000,8
1718176800000,1718177279000,1.37513,1.37528,1.37507,1.37523,366900000,8
1718177280000,1718177759000,1.3752,1.3752,1.3749,1.37506,375300000,8
1718177760000,1718178239000,1.37505,1.3751,1.37447,1.37447,499740000,8
1718178240000,1718178719000,1.37447,1.37467,1.37445,1.3745,219180000,8
1718178720000,1718179199000,1.37449,1.37466,1.3744,1.37448,594090000,8
1718179200000,1718179679000,1.37449,1.37451,1.37414,1.3742,738660000,8
1718179680000,1718180159000,1.3742,1.37423,1.37404,1.37423,501870000,8
1718180160000,1718180639000,1.37422,1.37442,1.37416,1.37442,225780000,8
1718180640000,1718181119000,1.37439,1.37471,1.37439,1.37467,370530000,8
1718181120000,1718181599000,1.37467,1.37487,1.37466,1.37476,307110000,8
1718181600000,1718182079000,1.37477,1.37497,1.3746,1.37487,418080000,8
1718182080000,1718182559000,1.37482,1.3749,1.37477,1.37487,274200000,8
1718182560000,1718183039000,1.37488,1.37507,1.37484,1.37487,611460000,8
1718183040000,1718183519000,1.37487,1.37487,1.37456,1.37457,718320000,8
1718183520000,1718183999000,1.37457,1.37471,1.37456,1.37469,129570000,8
1718184000000,1718184479000,1.37469,1.37477,1.37464,1.37467,161040000,8
1718184480000,1718184959000,1.37469,1.37504,1.37464,1.37502,399960000,8
1718184960000,1718185439000,1.37502,1.37507,1.37495,1.37495,391110000,8
1718185440000,1718185919000,1.37496,1.37498,1.37472,1.37472,575250000,8
1718185920000,1718186399000,1.37474,1.37478,1.37453,1.37465,500100000,8
1718186400000,1718186879000,1.37465,1.37499,1.37463,1.37496,207840000,8
1718186880000,1718187359000,1.37498,1.37504,1.37489,1.37497,371010000,8
1718187360000,1718187839000,1.37496,1.37509,1.37486,1.37495,133110000,8
1718187840000,1718188319000,1.37495,1.37496,1.37473,1.37476,678420000,8
1718188320000,1718188799000,1.37475,1.3748,1.37463,1.37464,353550000,8
1718188800000,1718189279000,1.37463,1.37465,1.3744,1.37455,588540000,8
1718189280000,1718189759000,1.37454,1.37469,1.37449,1.37469,156300000,8
1718189760000,1718190239000,1.37469,1.37472,1.37429,1.37438,315060000,8
1718190240000,1718190719000,1.37438,1.37466,1.37436,1.37441,439110000,8
1718190720000,1718191199000,1.37444,1.37459,1.37438,1.37442,266520000,8
1718191200000,1718191679000,1.37442,1.37461,1.37439,1.37452,286050000,8
1718191680000,1718192159000,1.37453,1.37477,1.37444,1.37467,522120000,8
1718192160000,1718192639000,1.37467,1.37479,1.37458,1.37458,512700000,8
1718192640000,1718193119000,1.37459,1.37463,1.37435,1.37451,657840000,8
1718193120000,1718193599000,1.37451,1.3746,1.37421,1.37424,304620000,8
1718193600000,1718194079000,1.37423,1.37448,1.37409,1.37442,762930000,8
1718194080000,1718194559000,1.37441,1.37441,1.37398,1.37401,771480000,8
1718194560000,1718195039000,1.37403,1.37415,1.37338,1.37396,1204810000,8
1718195040000,1718195519000,1.37395,1.37441,1.37013,1.37076,2175100000,8
1718195520000,1718195999000,1.37075,1.37076,1.36927,1.37068,4338230000,8
1718196000000,1718196479000,1.37067,1.37079,1.36923,1.36926,3351250000,8
1718196480000,1718196959000,1.36927,1.36945,1.36837,1.36868,2366330000,8
1718196960000,1718197439000,1.36871,1.36934,1.36835,1.36926,2374620000,8
1718197440000,1718197919000,1.36926,1.36951,1.36855,1.36951,1866570000,8
1718197920000,1718198399000,1.36951,1.36975,1.36905,1.3694,1362330000,8
1718198400000,1718198879000,1.36941,1.36941,1.36849,1.36856,1223160000,8
1718198880000,1718199359000,1.36857,1.36896,1.36801,1.36879,2258670000,8
1718199360000,1718199839000,1.36878,1.36992,1.36866,1.36885,2281470000,8
1718199840000,1718200319000,1.36886,1.36944,1.36854,1.36874,1985040000,8
1718200320000,1718200799000,1.36874,1.36927,1.36839,1.36857,1550070000,8
1718200800000,1718201279000,1.36858,1.36964,1.36852,1.36961,1890300000,8
1718201280000,1718201759000,1.36964,1.36982,1.36897,1.36897,1337880000,8
1718201760000,1718202239000,1.36895,1.36904,1.36837,1.36839,1709160000,8
1718202240000,1718202719000,1.36837,1.3687,1.36809,1.36856,1140090000,8
1718202720000,1718203199000,1.36851,1.36859,1.36796,1.3683,1222140000,8
1718203200000,1718203679000,1.36829,1.36896,1.36826,1.36873,1057290000,8
1718203680000,1718204159000,1.36874,1.36888,1.36827,1.36835,1197990000,8
1718204160000,1718204639000,1.36838,1.36929,1.3681,1.36868,1459830000,8
1718204640000,1718205119000,1.36869,1.36928,1.36848,1.36921,1194060000,8
1718205120000,1718205599000,1.36922,1.36966,1.36898,1.36947,1075560000,8
1718205600000,1718206079000,1.36949,1.36965,1.3691,1.3694,879510000,8
1718206080000,1718206559000,1.3694,1.36955,1.36911,1.36932,1320000000,8
1718206560000,1718207039000,1.36931,1.36938,1.36894,1.36904,1377870000,8
1718207040000,1718207519000,1.36903,1.36971,1.36902,1.3694,640800000,8
1718207520000,1718207999000,1.36942,1.36942,1.36912,1.36919,664770000,8
1718208000000,1718208479000,1.36917,1.3693,1.36857,1.36858,982350000,8
1718208480000,1718208959000,1.36858,1.36885,1.36838,1.3688,703500000,8
1718208960000,1718209439000,1.3688,1.36893,1.36856,1.36879,511290000,8
1718209440000,1718209919000,1.36879,1.36918,1.36877,1.36894,480180000,8
1718209920000,1718210399000,1.36891,1.3692,1.36877,1.36901,528600000,8
1718210400000,1718210879000,1.36901,1.36902,1.36856,1.36866,436080000,8
1718210880000,1718211359000,1.36867,1.36867,1.36829,1.36843,416700000,8
1718211360000,1718211839000,1.36842,1.36864,1.36828,1.36864,715410000,8
1718211840000,1718212319000,1.36863,1.36889,1.3686,1.3688,482490000,8
1718212320000,1718212799000,1.3688,1.36929,1.3687,1.36905,500140000,8
1718212800000,1718213279000,1.36905,1.36915,1.36891,1.36914,365220000,8
1718213280000,1718213759000,1.36914,1.36974,1.36902,1.36908,930090000,8
1718213760000,1718214239000,1.3691,1.36951,1.36901,1.36948,542160000,8
1718214240000,1718214719000,1.36947,1.36981,1.36938,1.36975,837030000,8
1718214720000,1718215199000,1.36973,1.37013,1.36946,1.3701,546990000,8
1718215200000,1718215679000,1.3701,1.37309,1.36978,1.37128,5749080000,8
1718215680000,1718216159000,1.37131,1.37153,1.37024,1.37033,3770830000,8
1718216160000,1718216639000,1.37033,1.37073,1.36996,1.37068,2685660000,8
1718216640000,1718217119000,1.37067,1.37075,1.36951,1.36995,1631310000,8
1718217120000,1718217599000,1.36997,1.37131,1.3699,1.36996,4276990000,8
1718217600000,1718218079000,1.37001,1.3717,1.36983,1.37121,4427460000,8
1718218080000,1718218559000,1.3712,1.3723,1.37094,1.37125,3204810000,8
1718218560000,1718219039000,1.37126,1.3717,1.37065,1.37149,2412330000,8
1718219040000,1718219519000,1.37153,1.37242,1.3715,1.37194,1764970000,8
1718219520000,1718219999000,1.37195,1.37232,1.37171,1.37195,2254590000,8
1718220000000,1718220479000,1.37195,1.37339,1.37181,1.37314,2473680000,8
1718220480000,1718220959000,1.37316,1.37339,1.37274,1.37285,3307260000,8
1718220960000,1718221439000,1.3728,1.37339,1.37231,1.37287,3148220000,8
1718221440000,1718221919000,1.37289,1.37323,1.37263,1.37264,1575810000,8
1718221920000,1718222399000,1.37264,1.37284,1.37238,1.37259,1206660000,8
1718222400000,1718222879000,1.37258,1.3728,1.37253,1.37269,377970000,8
1718222880000,1718223359000,1.37267,1.37267,1.37222,1.37232,238500000,8
1718223360000,1718223839000,1.3723,1.3723,1.37188,1.37203,182340000,8
1718223840000,1718224319000,1.37202,1.37236,1.37193,1.37236,266280000,8
1718224320000,1718224799000,1.37234,1.37237,1.37229,1.37231,211470000,8
1718224800000,1718225279000,1.37231,1.37231,1.37182,1.37189,273510000,8
1718225280000,1718225759000,1.37187,1.37233,1.3718,1.37228,426420000,8
1718225760000,1718226239000,1.37228,1.37234,1.37128,1.37153,221070000,8
1718226240000,1718226719000,1.37105,1.37212,1.37055,1.37157,95670000,8
1718226720000,1718227199000,1.37157,1.37192,1.37157,1.37191,208680000,8
1718227200000,1718227679000,1.37191,1.37195,1.37129,1.37139,94440000,8
1718227680000,1718228159000,1.37138,1.37214,1.37124,1.37196,292020000,8
1718228160000,1718228639000,1.37198,1.37224,1.37157,1.37177,327000000,8
1718228640000,1718229119000,1.37178,1.3721,1.37177,1.37185,319500000,8
1718229120000,1718229599000,1.37185,1.37188,1.3716,1.37163,83400000,8
1718229600000,1718230079000,1.37164,1.37211,1.37148,1.37198,406080000,8
1718230080000,1718230559000,1.37197,1.37216,1.37196,1.37216,202170000,8
1718230560000,1718231039000,1.37216,1.37221,1.37214,1.37218,76800000,8
1718231040000,1718231519000,1.37218,1.37218,1.37207,1.37212,138450000,8
1718231520000,1718231999000,1.37212,1.37213,1.37201,1.37209,57000000,8
1718232000000,1718232479000,1.37209,1.3721,1.37204,1.37207,72510000,8
1718232480000,1718232959000,1.37209,1.37235,1.37209,1.37235,56880000,8
1718232960000,1718233439000,1.37236,1.37239,1.37204,1.3722,439440000,8
1718233440000,1718233919000,1.3722,1.37229,1.37214,1.37217,333390000,8
1718233920000,1718234399000,1.37214,1.3722,1.37208,1.37209,171600000,8
1718234400000,1718234879000,1.37208,1.37209,1.37194,1.37199,268800000,8
1718234880000,1718235359000,1.37199,1.3722,1.37199,1.37216,229440000,8
1718235360000,1718235839000,1.37216,1.37229,1.37213,1.37221,218280000,8
1718235840000,1718236319000,1.37221,1.37227,1.37211,1.37215,372240000,8
1718236320000,1718236799000,1.37215,1.37223,1.37211,1.37213,334560000,8
1718236800000,1718237279000,1.37213,1.37238,1.37207,1.37232,650160000,8
1718237280000,1718237759000,1.37232,1.37253,1.37218,1.37253,451650000,8
1718237760000,1718238239000,1.37258,1.37285,1.37256,1.37277,488250000,8
1718238240000,1718238719000,1.37278,1.37284,1.37259,1.37278,346800000,8
1718238720000,1718239199000,1.37278,1.37279,1.37255,1.37273,426000000,8
1718239200000,1718239679000,1.37274,1.37296,1.37263,1.37296,320760000,8
1718239680000,1718240159000,1.37297,1.37306,1.37281,1.37287,395400000,8
1718240160000,1718240639000,1.37288,1.37297,1.3727,1.37272,613080000,8
1718240640000,1718241119000,1.37274,1.37308,1.37261,1.37295,669480000,8
1718241120000,1718241599000,1.37297,1.37338,1.37291,1.3732,689700000,8
1718241600000,1718242079000,1.3732,1.37343,1.3731,1.37342,678420000,8
1718242080000,1718242559000,1.37342,1.37343,1.37288,1.37318,549630000,8
1718242560000,1718243039000,1.37321,1.37362,1.3732,1.3734,508290000,8
1718243040000,1718243519000,1.37341,1.37397,1.37335,1.37392,650850000,8
1718243520000,1718243999000,1.37393,1.37413,1.37384,1.37399,651450000,8
1718244000000,1718244479000,1.374,1.37407,1.3737,1.37371,528780000,8
1718244480000,1718244959000,1.3737,1.37392,1.3737,1.37384,402750000,8
1718244960000,1718245439000,1.37388,1.37402,1.37372,1.37374,178650000,8
1718245440000,1718245919000,1.37374,1.37393,1.37371,1.37382,280200000,8
1718245920000,1718246399000,1.37384,1.37419,1.37383,1.37409,280800000,8
1718246400000,1718246879000,1.3741,1.37413,1.37389,1.3739,295350000,8
1718246880000,1718247359000,1.37388,1.37398,1.37374,1.37382,530850000,8
1718247360000,1718247839000,1.37382,1.37391,1.37375,1.3738,432030000,8
1718247840000,1718248319000,1.37377,1.37393,1.37372,1.37381,299100000,8
1718248320000,1718248799000,1.37378,1.37382,1.37372,1.37381,277290000,8
1718248800000,1718249279000,1.37382,1.37414,1.3738,1.37408,309150000,8
1718249280000,1718249759000,1.37408,1.37412,1.37399,1.37403,262200000,8
1718249760000,1718250239000,1.37402,1.37412,1.37396,1.37407,250200000,8
1718250240000,1718250719000,1.37407,1.37416,1.37396,1.37406,314310000,8
1718250720000,1718251199000,1.37404,1.37405,1.37392,1.37396,258960000,8
1718251200000,1718251679000,1.37394,1.37399,1.37384,1.37394,177240000,8
1718251680000,1718252159000,1.37395,1.37406,1.37395,1.37405,143940000,8
1718252160000,1718252639000,1.37407,1.37411,1.374,1.37405,104640000,8
1718252640000,1718253119000,1.37407,1.37423,1.37407,1.3742,58740000,8
1718253120000,1718253599000,1.3742,1.37421,1.37409,1.37416,80550000,8
1718253600000,1718254079000,1.37419,1.37422,1.37408,1.37409,72990000,8
1718254080000,1718254559000,1.37411,1.37414,1.37409,1.37413,56790000,8
1718254560000,1718255039000,1.37413,1.37427,1.37412,1.37426,226140000,8
1718255040000,1718255519000,1.37426,1.3743,1.37419,1.3743,207510000,8
1718255520000,1718255999000,1.37429,1.37441,1.37428,1.37438,196020000,8
1718256000000,1718256479000,1.37439,1.37444,1.37434,1.37435,147360000,8
1718256480000,1718256959000,1.37436,1.37448,1.37431,1.37437,127920000,8
1718256960000,1718257439000,1.37435,1.37442,1.37426,1.37439,195300000,8
1718257440000,1718257919000,1.3744,1.37453,1.37437,1.37449,329670000,8
1718257920000,1718258399000,1.37448,1.37457,1.37438,1.37449,268560000,8
1718258400000,1718258879000,1.37453,1.37457,1.37418,1.37444,437640000,8
1718258880000,1718259359000,1.37445,1.37466,1.3743,1.37453,240450000,8
1718259360000,1718259839000,1.37451,1.37454,1.37417,1.37431,648540000,8
1718259840000,1718260319000,1.37431,1.37461,1.37431,1.37441,347220000,8
1718260320000,1718260799000,1.37444,1.37467,1.37437,1.37447,458670000,8
1718260800000,1718261279000,1.37448,1.37449,1.3742,1.37427,269910000,8
1718261280000,1718261759000,1.37428,1.37486,1.37427,1.37475,354570000,8
1718261760000,1718262239000,1.37474,1.37485,1.37453,1.37474,573510000,8
1718262240000,1718262719000,1.37472,1.37475,1.37434,1.37434,1865400000,8
1718262720000,1718263199000,1.37433,1.37442,1.37382,1.3739,1316370000,8
1718263200000,1718263679000,1.37392,1.37414,1.37386,1.374,1050900000,8
1718263680000,1718264159000,1.374,1.37409,1.37386,1.37396,858750000,8
1718264160000,1718264639000,1.37396,1.37435,1.37395,1.37408,583560000,8
1718264640000,1718265119000,1.37408,1.37409,1.37358,1.37391,649800000,8
1718265120000,1718265599000,1.3739,1.37418,1.37362,1.37409,440100000,8
1718265600000,1718266079000,1.37409,1.37419,1.37392,1.37417,570300000,8
1718266080000,1718266559000,1.37418,1.37429,1.37399,1.37422,762600000,8
1718266560000,1718267039000,1.37423,1.37427,1.37382,1.37386,1055040000,8
1718267040000,1718267519000,1.37386,1.37389,1.37363,1.37379,1165590000,8
1718267520000,1718267999000,1.37379,1.3741,1.37368,1.3739,429240000,8
1718268000000,1718268479000,1.3739,1.37409,1.37383,1.37394,1082760000,8
1718268480000,1718268959000,1.37395,1.374,1.37361,1.37362,1084920000,8
1718268960000,1718269439000,1.3736,1.37365,1.3732,1.37339,578610000,8
1718269440000,1718269919000,1.37339,1.37345,1.37322,1.37325,558300000,8
1718269920000,1718270399000,1.37325,1.37334,1.37313,1.37323,371250000,8
1718270400000,1718270879000,1.37322,1.37354,1.37319,1.37341,476520000,8
1718270880000,1718271359000,1.37341,1.37396,1.37341,1.37393,349110000,8
1718271360000,1718271839000,1.37393,1.37419,1.37386,1.3741,446250000,8
1718271840000,1718272319000,1.37411,1.37435,1.37409,1.37416,441300000,8
1718272320000,1718272799000,1.37417,1.37429,1.37409,1.37417,333180000,8
1718272800000,1718273279000,1.37416,1.37426,1.37403,1.37413,671580000,8
1718273280000,1718273759000,1.37412,1.3742,1.37396,1.37405,739650000,8
1718273760000,1718274239000,1.37404,1.37437,1.374,1.37416,509010000,8
1718274240000,1718274719000,1.37417,1.37417,1.37388,1.37398,391770000,8
1718274720000,1718275199000,1.37398,1.37439,1.37398,1.37431,347640000,8
1718275200000,1718275679000,1.37432,1.37432,1.37415,1.37426,438390000,8
1718275680000,1718276159000,1.37426,1.37457,1.37416,1.37449,346200000,8
1718276160000,1718276639000,1.3745,1.37488,1.37446,1.37465,444000000,8
1718276640000,1718277119000,1.37464,1.37487,1.37457,1.37462,415020000,8
1718277120000,1718277599000,1.37463,1.37464,1.37428,1.37447,286800000,8
1718277600000,1718278079000,1.37447,1.37483,1.37442,1.3746,435000000,8
1718278080000,1718278559000,1.3746,1.37499,1.37456,1.37477,601230000,8
1718278560000,1718279039000,1.37473,1.37506,1.37459,1.37504,604110000,8
1718279040000,1718279519000,1.37503,1.37518,1.37489,1.37502,339780000,8
1718279520000,1718279999000,1.37501,1.37517,1.37478,1.37511,464190000,8
1718280000000,1718280479000,1.37512,1.37516,1.37458,1.37462,1007310000,8
1718280480000,1718280959000,1.37462,1.3747,1.3743,1.37441,760830000,8
1718280960000,1718281439000,1.37438,1.37438,1.37347,1.37361,930030000,8
1718281440000,1718281919000,1.37361,1.37398,1.37187,1.37203,1408200000,8
1718281920000,1718282399000,1.37204,1.37303,1.37142,1.37288,2872840000,8
1718282400000,1718282879000,1.37288,1.37302,1.37224,1.37265,1831830000,8
1718282880000,1718283359000,1.37264,1.37372,1.37248,1.37311,2231190000,8
1718283360000,1718283839000,1.37311,1.37364,1.37305,1.37362,1504200000,8
1718283840000,1718284319000,1.37362,1.37384,1.37303,1.3733,1593750000,8
1718284320000,1718284799000,1.37329,1.3735,1.37251,1.37254,1207320000,8
1718284800000,1718285279000,1.37255,1.37278,1.37218,1.37221,1484280000,8
1718285280000,1718285759000,1.37221,1.37288,1.37218,1.3726,1632960000,8
1718285760000,1718286239000,1.3726,1.37338,1.3726,1.37333,2125740000,8
1718286240000,1718286719000,1.37333,1.37415,1.37329,1.37405,2113830000,8
1718286720000,1718287199000,1.37405,1.37442,1.37391,1.37432,1816860000,8
1718287200000,1718287679000,1.37434,1.37444,1.374,1.37425,2067810000,8
1718287680000,1718288159000,1.37428,1.37518,1.37419,1.375,1756380000,8
1718288160000,1718288639000,1.37498,1.37498,1.37445,1.37468,1172820000,8
1718288640000,1718289119000,1.3747,1.3757,1.37464,1.37561,1227930000,8
1718289120000,1718289599000,1.3756,1.376,1.37534,1.37535,1093620000,8
1718289600000,1718290079000,1.37534,1.3761,1.37529,1.37588,1312590000,8
1718290080000,1718290559000,1.37588,1.3763,1.37569,1.37583,981000000,8
1718290560000,1718291039000,1.37583,1.37596,1.37537,1.37574,1560110000,8
1718291040000,1718291519000,1.37573,1.37627,1.37569,1.37605,1338060000,8
1718291520000,1718291999000,1.37605,1.37616,1.37546,1.37564,1294620000,8
1718292000000,1718292479000,1.37565,1.37574,1.37509,1.37516,778140000,8
1718292480000,1718292959000,1.37516,1.37522,1.37415,1.37415,879360000,8
1718292960000,1718293439000,1.37411,1.37508,1.37405,1.37501,1015560000,8
1718293440000,1718293919000,1.37502,1.3754,1.37468,1.37531,1089390000,8
1718293920000,1718294399000,1.37528,1.37536,1.37454,1.3748,898770000,8
1718294400000,1718294879000,1.37481,1.37569,1.37476,1.37569,861150000,8
1718294880000,1718295359000,1.3757,1.37592,1.37555,1.37576,921150000,8
1718295360000,1718295839000,1.37575,1.37597,1.37556,1.37579,1125810000,8
1718295840000,1718296319000,1.3758,1.37595,1.37549,1.37562,1270200000,8
1718296320000,1718296799000,1.37561,1.37585,1.3754,1.37571,584550000,8
1718296800000,1718297279000,1.3757,1.37599,1.37566,1.37587,1243590000,8
1718297280000,1718297759000,1.37588,1.37602,1.37534,1.37547,757500000,8
1718297760000,1718298239000,1.37546,1.37546,1.37442,1.37476,950850000,8
1718298240000,1718298719000,1.37476,1.37487,1.37433,1.37439,1068360000,8
1718298720000,1718299199000,1.37439,1.37465,1.37421,1.37457,534570000,8
1718299200000,1718299679000,1.3746,1.37476,1.37444,1.37453,645330000,8
1718299680000,1718300159000,1.37451,1.37509,1.37441,1.37497,595140000,8
1718300160000,1718300639000,1.37499,1.37525,1.37475,1.37486,616530000,8
1718300640000,1718301119000,1.37486,1.37511,1.37472,1.37483,558390000,8
1718301120000,1718301599000,1.37484,1.37484,1.37451,1.37477,549510000,8
1718301600000,1718302079000,1.37477,1.37505,1.3746,1.37467,1108410000,8
1718302080000,1718302559000,1.37466,1.37467,1.37433,1.37454,791730000,8
1718302560000,1718303039000,1.37454,1.37473,1.37425,1.37425,512040000,8
1718303040000,1718303519000,1.37428,1.37434,1.3741,1.37426,621660000,8
1718303520000,1718303999000,1.37424,1.3746,1.37416,1.37456,386670000,8
1718304000000,1718304479000,1.37458,1.37459,1.37396,1.3741,528570000,8
1718304480000,1718304959000,1.37411,1.37425,1.37409,1.37414,267570000,8
1718304960000,1718305439000,1.37413,1.37432,1.37401,1.37407,468810000,8
1718305440000,1718305919000,1.37408,1.37421,1.37397,1.37408,844590000,8
1718305920000,1718306399000,1.37406,1.37427,1.37398,1.37418,483810000,8
1718306400000,1718306879000,1.37417,1.37421,1.37401,1.37421,276900000,8
1718306880000,1718307359000,1.3742,1.37436,1.37411,1.37422,457110000,8
1718307360000,1718307839000,1.37421,1.37425,1.37399,1.3741,216180000,8
1718307840000,1718308319000,1.37411,1.37421,1.37395,1.3742,342840000,8
1718308320000,1718308799000,1.37421,1.37421,1.37356,1.37383,859380000,8
1718308800000,1718309279000,1.37385,1.37405,1.37341,1.37402,416070000,8
1718309280000,1718309759000,1.37399,1.37422,1.37398,1.37409,274500000,8
1718309760000,1718310239000,1.3741,1.37412,1.37388,1.37391,114900000,8
1718310240000,1718310719000,1.3739,1.3741,1.3739,1.37397,112950000,8
1718310720000,1718311199000,1.37398,1.37398,1.37359,1.37384,164970000,8
1718311200000,1718311679000,1.37384,1.37392,1.37381,1.37387,88950000,8
1718311680000,1718312159000,1.37385,1.37395,1.37375,1.3738,166200000,8
1718312160000,1718312639000,1.3738,1.37438,1.37375,1.37392,398970000,8
1718312640000,1718313119000,1.37316,1.37393,1.37288,1.37377,295650000,8
1718313120000,1718313599000,1.37384,1.37418,1.37349,1.37403,335640000,8
1718313600000,1718314079000,1.37403,1.37427,1.37356,1.37356,317320000,8
1718314080000,1718314559000,1.37356,1.37406,1.37339,1.37397,292860000,8
1718314560000,1718315039000,1.37392,1.3741,1.37384,1.37394,119100000,8
1718315040000,1718315519000,1.37392,1.37407,1.37391,1.37394,106920000,8
1718315520000,1718315999000,1.37394,1.37395,1.37364,1.37374,186030000,8
1718316000000,1718316479000,1.37377,1.37442,1.37372,1.3742,205800000,8
1718316480000,1718316959000,1.3742,1.37421,1.37406,1.37407,82350000,8
1718316960000,1718317439000,1.37407,1.37408,1.37396,1.37405,169650000,8
1718317440000,1718317919000,1.37402,1.37415,1.37402,1.37411,174450000,8
1718317920000,1718318399000,1.37412,1.37423,1.37409,1.3742,249900000,8
1718318400000,1718318879000,1.3742,1.3742,1.37412,1.37415,184500000,8
1718318880000,1718319359000,1.37413,1.3742,1.37413,1.37413,102600000,8
1718319360000,1718319839000,1.37412,1.37443,1.37407,1.37432,395550000,8
1718319840000,1718320319000,1.37436,1.37436,1.37421,1.37421,340650000,8
1718320320000,1718320799000,1.37421,1.37426,1.37408,1.37408,168150000,8
1718320800000,1718321279000,1.37408,1.37428,1.37406,1.37423,224850000,8
1718321280000,1718321759000,1.37422,1.37425,1.37413,1.37418,237300000,8
1718321760000,1718322239000,1.37418,1.37427,1.37412,1.37426,204600000,8
1718322240000,1718322719000,1.37426,1.37434,1.37413,1.37433,527850000,8
1718322720000,1718323199000,1.37433,1.37442,1.37424,1.37439,366600000,8
1718323200000,1718323679000,1.37439,1.37456,1.37428,1.37452,370900000,8
1718323680000,1718324159000,1.37453,1.37483,1.37448,1.37481,636190000,8
1718324160000,1718324639000,1.37479,1.37492,1.37475,1.37481,101940000,8
1718324640000,1718325119000,1.3748,1.37487,1.37472,1.37476,119220000,8
1718325120000,1718325599000,1.37478,1.37481,1.37464,1.37473,111600000,8
1718325600000,1718326079000,1.37469,1.37476,1.37464,1.37469,112200000,8
1718326080000,1718326559000,1.37468,1.37478,1.37464,1.37474,108180000,8
1718326560000,1718327039000,1.37475,1.37491,1.37472,1.37472,443190000,8
1718327040000,1718327519000,1.37473,1.37482,1.3747,1.37476,288300000,8
1718327520000,1718327999000,1.37475,1.37475,1.37449,1.37472,209280000,8
1718328000000,1718328479000,1.37469,1.37476,1.37453,1.37461,573600000,8
1718328480000,1718328959000,1.37461,1.37473,1.37449,1.37451,959190000,8
1718328960000,1718329439000,1.3745,1.37453,1.37399,1.37412,927000000,8
1718329440000,1718329919000,1.37413,1.37416,1.37373,1.37376,900120000,8
1718329920000,1718330399000,1.37375,1.37378,1.37367,1.37369,200610000,8
1718330400000,1718330879000,1.37366,1.37391,1.37364,1.37374,516390000,8
1718330880000,1718331359000,1.37374,1.37392,1.37364,1.37389,355650000,8
1718331360000,1718331839000,1.37388,1.37406,1.37372,1.37398,556290000,8
1718331840000,1718332319000,1.37398,1.37398,1.37366,1.37369,205050000,8
1718332320000,1718332799000,1.37366,1.37372,1.37352,1.37357,863700000,8
1718332800000,1718333279000,1.37356,1.37368,1.37353,1.37358,360750000,8
1718333280000,1718333759000,1.3736,1.37374,1.37357,1.37362,178500000,8
1718333760000,1718334239000,1.37361,1.37378,1.37351,1.37371,434670000,8
1718334240000,1718334719000,1.37371,1.37378,1.37351,1.37355,480090000,8
1718334720000,1718335199000,1.37358,1.37359,1.3734,1.37358,332970000,8
1718335200000,1718335679000,1.37359,1.37408,1.37359,1.37402,620730000,8
1718335680000,1718336159000,1.37403,1.37419,1.37389,1.37408,1377480000,8
1718336160000,1718336639000,1.37409,1.37434,1.37408,1.37423,1153710000,8
1718336640000,1718337119000,1.37422,1.37427,1.37414,1.37418,416820000,8
1718337120000,1718337599000,1.37416,1.37422,1.37413,1.37413,622290000,8
1718337600000,1718338079000,1.37414,1.37417,1.37397,1.37401,928500000,8
1718338080000,1718338559000,1.37401,1.37419,1.37395,1.37418,1088430000,8
1718338560000,1718339039000,1.37418,1.37421,1.37399,1.374,776880000,8
1718339040000,1718339519000,1.374,1.37428,1.37399,1.37415,900600000,8
1718339520000,1718339999000,1.37416,1.37426,1.37414,1.37416,164100000,8
1718340000000,1718340479000,1.37415,1.37427,1.3741,1.37426,590410000,8
1718340480000,1718340959000,1.37426,1.37432,1.37412,1.37426,758100000,8
1718340960000,1718341439000,1.37425,1.37432,1.37415,1.37419,520650000,8
1718341440000,1718341919000,1.37421,1.37433,1.37408,1.37411,138630000,8
1718341920000,1718342399000,1.37409,1.37425,1.37393,1.37394,964140000,8
1718342400000,1718342879000,1.37393,1.37397,1.37366,1.37369,935100000,8
1718342880000,1718343359000,1.3737,1.37404,1.37369,1.37384,813870000,8
1718343360000,1718343839000,1.37384,1.37391,1.37375,1.37383,727500000,8
1718343840000,1718344319000,1.37383,1.37427,1.37379,1.37423,662400000,8
1718344320000,1718344799000,1.37423,1.37452,1.37421,1.37452,522930000,8
1718344800000,1718345279000,1.37452,1.37483,1.37418,1.37468,1251700000,8
1718345280000,1718345759000,1.37469,1.37483,1.37463,1.3748,447790000,8
1718345760000,1718346239000,1.37481,1.37491,1.37439,1.37442,794430000,8
1718346240000,1718346719000,1.3744,1.37485,1.37436,1.37481,617880000,8
1718346720000,1718347199000,1.37482,1.37496,1.37468,1.37473,796320000,8
1718347200000,1718347679000,1.37474,1.37487,1.37455,1.37471,797640000,8
1718347680000,1718348159000,1.3747,1.37493,1.37451,1.37453,932550000,8
1718348160000,1718348639000,1.37453,1.3746,1.37434,1.37437,1402290000,8
1718348640000,1718349119000,1.37437,1.37506,1.37434,1.37506,1440300000,8
1718349120000,1718349599000,1.37506,1.37578,1.37505,1.37563,1924050000,8
1718349600000,1718350079000,1.37562,1.37564,1.37509,1.37511,1172400000,8
1718350080000,1718350559000,1.37511,1.37517,1.37463,1.37503,1525770000,8
1718350560000,1718351039000,1.37501,1.37533,1.37473,1.37519,614400000,8
1718351040000,1718351519000,1.37521,1.37554,1.37507,1.37516,794310000,8
1718351520000,1718351999000,1.37515,1.37536,1.37499,1.37503,1019760000,8
1718352000000,1718352479000,1.37505,1.37552,1.37493,1.37523,919680000,8
1718352480000,1718352959000,1.37524,1.37532,1.37471,1.37483,1089390000,8
1718352960000,1718353439000,1.37483,1.37546,1.37472,1.37538,955500000,8
1718353440000,1718353919000,1.37537,1.37547,1.37508,1.37519,779820000,8
1718353920000,1718354399000,1.3752,1.37542,1.37518,1.37526,736740000,8
1718354400000,1718354879000,1.37525,1.37573,1.37512,1.37565,734220000,8
1718354880000,1718355359000,1.37566,1.37575,1.3755,1.37573,615690000,8
1718355360000,1718355839000,1.37574,1.37615,1.37561,1.37615,682680000,8
1718355840000,1718356319000,1.37614,1.37622,1.37559,1.37559,1264920000,8
1718356320000,1718356799000,1.3756,1.37599,1.37558,1.37594,1106220000,8
1718356800000,1718357279000,1.37594,1.37615,1.37583,1.37603,979260000,8
1718357280000,1718357759000,1.37603,1.37669,1.37596,1.3766,1006560000,8
1718357760000,1718358239000,1.37659,1.37666,1.37634,1.3764,882600000,8
1718358240000,1718358719000,1.37637,1.37639,1.37587,1.37592,903900000,8
1718358720000,1718359199000,1.37592,1.37604,1.37579,1.37592,776610000,8
1718359200000,1718359679000,1.37592,1.37668,1.37586,1.37627,1200330000,8
1718359680000,1718360159000,1.37627,1.37627,1.37594,1.37606,966300000,8
1718360160000,1718360639000,1.37608,1.3762,1.37595,1.37596,1002540000,8
1718360640000,1718361119000,1.37597,1.37606,1.37576,1.37603,1061190000,8
1718361120000,1718361599000,1.37602,1.37603,1.37556,1.37575,1242270000,8
1718361600000,1718362079000,1.37576,1.37576,1.37536,1.37548,651360000,8
1718362080000,1718362559000,1.37547,1.37568,1.37538,1.37567,712800000,8
1718362560000,1718363039000,1.37567,1.37605,1.37566,1.3759,1083480000,8
1718363040000,1718363519000,1.3759,1.37621,1.37559,1.37567,776040000,8
1718363520000,1718363999000,1.37568,1.37595,1.37547,1.37562,746190000,8
1718364000000,1718364479000,1.37562,1.37565,1.3753,1.37535,425970000,8
1718364480000,1718364959000,1.37536,1.37545,1.37495,1.37498,973260000,8
1718364960000,1718365439000,1.37498,1.37537,1.37486,1.3752,669420000,8
1718365440000,1718365919000,1.3752,1.37554,1.37513,1.37538,653400000,8
1718365920000,1718366399000,1.37537,1.37586,1.37509,1.37555,823080000,8
1718366400000,1718366879000,1.37556,1.37584,1.37538,1.37582,1323630000,8
1718366880000,1718367359000,1.37583,1.37621,1.37573,1.37618,1706730000,8
1718367360000,1718367839000,1.37618,1.37631,1.376,1.37619,1516290000,8
1718367840000,1718368319000,1.3762,1.37676,1.37604,1.37671,2561990000,8
1718368320000,1718368799000,1.3767,1.37712,1.37655,1.37674,2707290000,8
1718368800000,1718369279000,1.37673,1.37702,1.37634,1.37652,2139420000,8
1718369280000,1718369759000,1.3765,1.37656,1.37614,1.37628,1804140000,8
1718369760000,1718370239000,1.37628,1.37662,1.37628,1.37653,2027700000,8
1718370240000,1718370719000,1.37654,1.37693,1.37652,1.37674,1744230000,8
1718370720000,1718371199000,1.37675,1.37724,1.3766,1.37723,1573350000,8
1718371200000,1718371679000,1.3772,1.37756,1.37715,1.3775,1187670000,8
1718371680000,1718372159000,1.37749,1.3779,1.37741,1.37754,2276970000,8
1718372160000,1718372639000,1.37753,1.37765,1.3767,1.37706,2904280000,8
1718372640000,1718373119000,1.37706,1.37777,1.37705,1.37774,2226630000,8
1718373120000,1718373599000,1.37773,1.37785,1.3771,1.37713,1394400000,8
1718373600000,1718374079000,1.37729,1.37753,1.37695,1.37708,1729020000,8
1718374080000,1718374559000,1.37707,1.37719,1.37659,1.37718,2776470000,8
1718374560000,1718375039000,1.37719,1.37757,1.37707,1.37744,1526640000,8
1718375040000,1718375519000,1.37745,1.3775,1.37657,1.37734,2399310000,8
1718375520000,1718375999000,1.37736,1.37752,1.37699,1.3773,1644990000,8
1718376000000,1718376479000,1.37732,1.37768,1.37676,1.37694,1191090000,8
1718376480000,1718376959000,1.37694,1.37702,1.37552,1.37572,1710990000,8
1718376960000,1718377439000,1.37571,1.37598,1.37523,1.37525,1637160000,8
1718377440000,1718377919000,1.37523,1.37557,1.37469,1.37484,1307220000,8
1718377920000,1718378399000,1.37487,1.37502,1.37457,1.37478,1039350000,8
1718378400000,1718378879000,1.37479,1.37502,1.37448,1.37462,1010850000,8
1718378880000,1718379359000,1.37461,1.37474,1.37419,1.37424,869520000,8
1718379360000,1718379839000,1.37427,1.37473,1.3742,1.37459,844860000,8
1718379840000,1718380319000,1.3746,1.37494,1.37437,1.37464,811260000,8
1718380320000,1718380799000,1.37461,1.37485,1.37378,1.37378,1235220000,8
1718380800000,1718381279000,1.37377,1.37444,1.37376,1.37406,689670000,8
1718381280000,1718381759000,1.37407,1.37432,1.37367,1.37388,693630000,8
1718381760000,1718382239000,1.37387,1.37433,1.37387,1.37409,749790000,8
1718382240000,1718382719000,1.37408,1.37409,1.37344,1.37349,1130790000,8
1718382720000,1718383199000,1.37349,1.37365,1.37311,1.37313,797100000,8
1718383200000,1718383679000,1.37319,1.3733,1.37274,1.37323,948960000,8
1718383680000,1718384159000,1.37322,1.37352,1.37297,1.37328,641820000,8
1718384160000,1718384639000,1.37329,1.37329,1.37287,1.37302,400140000,8
1718384640000,1718385119000,1.373,1.37331,1.37286,1.37307,427830000,8
1718385120000,1718385599000,1.37307,1.37311,1.37272,1.37282,609870000,8
1718385600000,1718386079000,1.37281,1.37346,1.37272,1.37319,590340000,8
1718386080000,1718386559000,1.37319,1.37354,1.37318,1.37339,653640000,8
1718386560000,1718387039000,1.37339,1.37388,1.37336,1.37388,481800000,8
1718387040000,1718387519000,1.37388,1.37407,1.37365,1.37403,309180000,8
1718387520000,1718387999000,1.374,1.37423,1.3739,1.37404,666000000,8
1718388000000,1718388479000,1.37403,1.37419,1.37397,1.37418,494430000,8
1718388480000,1718388959000,1.37416,1.37456,1.37414,1.37445,638430000,8
1718388960000,1718389439000,1.37443,1.37451,1.37414,1.37423,895290000,8
1718389440000,1718389919000,1.37426,1.37455,1.37415,1.37444,474990000,8
1718389920000,1718390399000,1.37444,1.37456,1.37435,1.37437,323550000,8
1718390400000,1718390879000,1.37437,1.37449,1.37404,1.37411,537210000,8
1718390880000,1718391359000,1.3741,1.37411,1.37376,1.37388,362940000,8
1718391360000,1718391839000,1.37388,1.37413,1.37386,1.374,555360000,8
1718391840000,1718392319000,1.37398,1.37413,1.37381,1.37382,562350000,8
1718392320000,1718392799000,1.37382,1.37394,1.37365,1.37372,685740000,8
1718392800000,1718393279000,1.37372,1.37387,1.37367,1.37379,443250000,8
1718393280000,1718393759000,1.37381,1.37383,1.37362,1.37367,375750000,8
1718393760000,1718394239000,1.37367,1.3738,1.37363,1.37374,462150000,8
1718394240000,1718394719000,1.37374,1.37379,1.37347,1.37361,424650000,8
1718394720000,1718395199000,1.37362,1.37366,1.37321,1.37323,714690000,8
1718395200000,1718395679000,1.37323,1.37348,1.37321,1.37322,386160000,8
1718395680000,1718396159000,1.37322,1.37336,1.37315,1.3732,330000000,8
1718396160000,1718396639000,1.37321,1.37324,1.37309,1.37315,286140000,8
1718396640000,1718397119000,1.37316,1.37317,1.37296,1.37298,373440000,8
1718397120000,1718397599000,1.37298,1.37322,1.37296,1.37318,163500000,8
1718397600000,1718398079000,1.37318,1.37329,1.37307,1.37327,233700000,8
1718398080000,1718398559000,1.37328,1.37358,1.37327,1.37339,665220000,8
1718398560000,1718399039000,1.37335,1.3736,1.37296,1.37301,521010000,8
1718399040000,1718399519000,1.37301,1.37301,1.37301,1.37301,0,8
1718399520000,1718399999000,1.37301,1.37301,1.37301,1.37301,0,8
1718400000000,1718400479000,1.37301,1.37301,1.37301,1.37301,0,8
1718400480000,1718400959000,1.37301,1.37301,1.37301,1.37301,0,8
1718400960000,1718401439000,1.37301,1.37301,1.37301,1.37301,0,8
1718401440000,1718401919000,1.37301,1.37301,1.37301,1.37301,0,8
1718401920000,1718402399000,1.37301,1.37301,1.37301,1.37301,0,8
1718402400000,1718402879000,1.37301,1.37301,1.37301,1.37301,0,8
1718402880000,1718403359000,1.37301,1.37301,1.37301,1.37301,0,8
1718403360000,1718403839000,1.37301,1.37301,1.37301,1.37301,0,8
1718403840000,1718404319000,1.37301,1.37301,1.37301,1.37301,0,8
1718404320000,1718404799000,1.37301,1.37301,1.37301,1.37301,0,8
1718404800000,1718405279000,1.37301,1.37301,1.37301,1.37301,0,8
1718405280000,1718405759000,1.37301,1.37301,1.37301,1.37301,0,8
1718405760000,1718406239000,1.37301,1.37301,1.37301,1.37301,0,8
1718406240000,1718406719000,1.37301,1.37301,1.37301,1.37301,0,8
1718406720000,1718407199000,1.37301,1.37301,1.37301,1.37301,0,8
1718407200000,1718407679000,1.37301,1.37301,1.37301,1.37301,0,8
1718407680000,1718408159000,1.37301,1.37301,1.37301,1.37301,0,8
1718408160000,1718408639000,1.37301,1.37301,1.37301,1.37301,0,8
1718408640000,1718409119000,1.37301,1.37301,1.37301,1.37301,0,8
1718409120000,1718409599000,1.37301,1.37301,1.37301,1.37301,0,8
1718496000000,1718496479000,1.37301,1.37301,1.37301,1.37301,0,8
1718496480000,1718496959000,1.37301,1.37301,1.37301,1.37301,0,8
1718496960000,1718497439000,1.37301,1.37301,1.37301,1.37301,0,8
1718497440000,1718497919000,1.37301,1.37301,1.37301,1.37301,0,8
1718497920000,1718498399000,1.37301,1.37301,1.37301,1.37301,0,8
1718498400000,1718498879000,1.37301,1.37301,1.37301,1.37301,0,8
1718498880000,1718499359000,1.37301,1.37301,1.37301,1.37301,0,8
1718499360000,1718499839000,1.37301,1.37301,1.37301,1.37301,0,8
1718499840000,1718500319000,1.37301,1.37301,1.37301,1.37301,0,8
1718500320000,1718500799000,1.37301,1.37301,1.37301,1.37301,0,8
1718500800000,1718501279000,1.37301,1.37301,1.37301,1.37301,0,8
1718501280000,1718501759000,1.37301,1.37301,1.37301,1.37301,0,8
1718501760000,1718502239000,1.37301,1.37301,1.37301,1.37301,0,8
1718502240000,1718502719000,1.37301,1.37301,1.37301,1.37301,0,8
1718502720000,1718503199000,1.37301,1.37301,1.37301,1.37301,0,8
1718503200000,1718503679000,1.37301,1.37301,1.37301,1.37301,0,8
1718503680000,1718504159000,1.37301,1.37301,1.37301,1.37301,0,8
1718504160000,1718504639000,1.37301,1.37301,1.37301,1.37301,0,8
1718504640000,1718505119000,1.37301,1.37301,1.37301,1.37301,0,8
1718505120000,1718505599000,1.37301,1.37301,1.37301,1.37301,0,8
1718505600000,1718506079000,1.37301,1.37301,1.37301,1.37301,0,8
1718506080000,1718506559000,1.37301,1.37301,1.37301,1.37301,0,8
1718506560000,1718507039000,1.37301,1.37301,1.37301,1.37301,0,8
1718507040000,1718507519000,1.37301,1.37301,1.37301,1.37301,0,8
1718507520000,1718507999000,1.37301,1.37301,1.37301,1.37301,0,8
1718508000000,1718508479000,1.37301,1.37301,1.37301,1.37301,0,8
1718508480000,1718508959000,1.37301,1.37301,1.37301,1.37301,0,8
1718508960000,1718509439000,1.37301,1.37301,1.37301,1.37301,0,8
1718509440000,1718509919000,1.37301,1.37301,1.37301,1.37301,0,8
1718509920000,1718510399000,1.37301,1.37301,1.37301,1.37301,0,8
1718510400000,1718510879000,1.37301,1.37301,1.37301,1.37301,0,8
1718510880000,1718511359000,1.37301,1.37301,1.37301,1.37301,0,8
1718511360000,1718511839000,1.37301,1.37301,1.37301,1.37301,0,8
1718511840000,1718512319000,1.37301,1.37301,1.37301,1.37301,0,8
1718512320000,1718512799000,1.37301,1.37301,1.37301,1.37301,0,8
1718512800000,1718513279000,1.37301,1.37301,1.37301,1.37301,0,8
1718513280000,1718513759000,1.37301,1.37301,1.37301,1.37301,0,8
1718513760000,1718514239000,1.37301,1.37301,1.37301,1.37301,0,8
1718514240000,1718514719000,1.37301,1.37301,1.37301,1.37301,0,8
1718514720000,1718515199000,1.37301,1.37301,1.37301,1.37301,0,8
1718515200000,1718515679000,1.37301,1.37301,1.37301,1.37301,0,8
1718515680000,1718516159000,1.37301,1.37301,1.37301,1.37301,0,8
1718516160000,1718516639000,1.37301,1.37301,1.37301,1.37301,0,8
1718516640000,1718517119000,1.37301,1.37301,1.37301,1.37301,0,8
1718517120000,1718517599000,1.37301,1.37301,1.37301,1.37301,0,8
1718517600000,1718518079000,1.37301,1.37301,1.37301,1.37301,0,8
1718518080000,1718518559000,1.37301,1.37301,1.37301,1.37301,0,8
1718518560000,1718519039000,1.37301,1.37301,1.37301,1.37301,0,8
1718519040000,1718519519000,1.37301,1.37301,1.37301,1.37301,0,8
1718519520000,1718519999000,1.37301,1.37301,1.37301,1.37301,0,8
1718520000000,1718520479000,1.37301,1.37301,1.37301,1.37301,0,8
1718520480000,1718520959000,1.37301,1.37301,1.37301,1.37301,0,8
1718520960000,1718521439000,1.37301,1.37301,1.37301,1.37301,0,8
1718521440000,1718521919000,1.37301,1.37301,1.37301,1.37301,0,8
1718521920000,1718522399000,1.37301,1.37301,1.37301,1.37301,0,8
1718522400000,1718522879000,1.37301,1.37301,1.37301,1.37301,0,8
1718522880000,1718523359000,1.37301,1.37301,1.37301,1.37301,0,8
1718523360000,1718523839000,1.37301,1.37301,1.37301,1.37301,0,8
1718523840000,1718524319000,1.37301,1.37301,1.37301,1.37301,0,8
1718524320000,1718524799000,1.37301,1.37301,1.37301,1.37301,0,8
1718524800000,1718525279000,1.37301,1.37301,1.37301,1.37301,0,8
1718525280000,1718525759000,1.37301,1.37301,1.37301,1.37301,0,8
1718525760000,1718526239000,1.37301,1.37301,1.37301,1.37301,0,8
1718526240000,1718526719000,1.37301,1.37301,1.37301,1.37301,0,8
1718526720000,1718527199000,1.37301,1.37301,1.37301,1.37301,0,8
1718527200000,1718527679000,1.37301,1.37301,1.37301,1.37301,0,8
1718527680000,1718528159000,1.37301,1.37301,1.37301,1.37301,0,8
1718528160000,1718528639000,1.37301,1.37301,1.37301,1.37301,0,8
1718528640000,1718529119000,1.37301,1.37301,1.37301,1.37301,0,8
1718529120000,1718529599000,1.37301,1.37301,1.37301,1.37301,0,8
1718529600000,1718530079000,1.37301,1.37301,1.37301,1.37301,0,8
1718530080000,1718530559000,1.37301,1.37301,1.37301,1.37301,0,8
1718530560000,1718531039000,1.37301,1.37301,1.37301,1.37301,0,8
1718531040000,1718531519000,1.37301,1.37301,1.37301,1.37301,0,8
1718531520000,1718531999000,1.37301,1.37301,1.37301,1.37301,0,8
1718532000000,1718532479000,1.37301,1.37301,1.37301,1.37301,0,8
1718532480000,1718532959000,1.37301,1.37301,1.37301,1.37301,0,8
1718532960000,1718533439000,1.37301,1.37301,1.37301,1.37301,0,8
1718533440000,1718533919000,1.37301,1.37301,1.37301,1.37301,0,8
1718533920000,1718534399000,1.37301,1.37301,1.37301,1.37301,0,8
1718534400000,1718534879000,1.37301,1.37301,1.37301,1.37301,0,8
1718534880000,1718535359000,1.37301,1.37301,1.37301,1.37301,0,8
1718535360000,1718535839000,1.37301,1.37301,1.37301,1.37301,0,8
1718535840000,1718536319000,1.37301,1.37301,1.37301,1.37301,0,8
1718536320000,1718536799000,1.37301,1.37301,1.37301,1.37301,0,8
1718536800000,1718537279000,1.37301,1.37301,1.37301,1.37301,0,8
1718537280000,1718537759000,1.37301,1.37301,1.37301,1.37301,0,8
1718537760000,1718538239000,1.37301,1.37301,1.37301,1.37301,0,8
1718538240000,1718538719000,1.37301,1.37301,1.37301,1.37301,0,8
1718538720000,1718539199000,1.37301,1.37301,1.37301,1.37301,0,8
1718539200000,1718539679000,1.37301,1.37301,1.37301,1.37301,0,8
1718539680000,1718540159000,1.37301,1.37301,1.37301,1.37301,0,8
1718540160000,1718540639000,1.37301,1.37301,1.37301,1.37301,0,8
1718540640000,1718541119000,1.37301,1.37301,1.37301,1.37301,0,8
1718541120000,1718541599000,1.37301,1.37301,1.37301,1.37301,0,8
1718541600000,1718542079000,1.37301,1.37301,1.37301,1.37301,0,8
1718542080000,1718542559000,1.37301,1.37301,1.37301,1.37301,0,8
1718542560000,1718543039000,1.37301,1.37301,1.37301,1.37301,0,8
1718543040000,1718543519000,1.37301,1.37301,1.37301,1.37301,0,8
1718543520000,1718543999000,1.37301,1.37301,1.37301,1.37301,0,8
1718544000000,1718544479000,1.37301,1.37301,1.37301,1.37301,0,8
1718544480000,1718544959000,1.37301,1.37301,1.37301,1.37301,0,8
1718544960000,1718545439000,1.37301,1.37301,1.37301,1.37301,0,8
1718545440000,1718545919000,1.37301,1.37301,1.37301,1.37301,0,8
1718545920000,1718546399000,1.37301,1.37301,1.37301,1.37301,0,8
1718546400000,1718546879000,1.37301,1.37301,1.37301,1.37301,0,8
1718546880000,1718547359000,1.37301,1.37301,1.37301,1.37301,0,8
1718547360000,1718547839000,1.37301,1.37301,1.37301,1.37301,0,8
1718547840000,1718548319000,1.37301,1.37301,1.37301,1.37301,0,8
1718548320000,1718548799000,1.37301,1.37301,1.37301,1.37301,0,8
1718548800000,1718549279000,1.37301,1.37301,1.37301,1.37301,0,8
1718549280000,1718549759000,1.37301,1.37301,1.37301,1.37301,0,8
1718549760000,1718550239000,1.37301,1.37301,1.37301,1.37301,0,8
1718550240000,1718550719000,1.37301,1.37301,1.37301,1.37301,0,8
1718550720000,1718551199000,1.37301,1.37301,1.37301,1.37301,0,8
1718551200000,1718551679000,1.37301,1.37301,1.37301,1.37301,0,8
1718551680000,1718552159000,1.37301,1.37301,1.37301,1.37301,0,8
1718552160000,1718552639000,1.37301,1.37301,1.37301,1.37301,0,8
1718552640000,1718553119000,1.37301,1.37301,1.37301,1.37301,0,8
1718553120000,1718553599000,1.37301,1.37301,1.37301,1.37301,0,8
1718553600000,1718554079000,1.37301,1.37301,1.37301,1.37301,0,8
1718554080000,1718554559000,1.37301,1.37301,1.37301,1.37301,0,8
1718554560000,1718555039000,1.37301,1.37301,1.37301,1.37301,0,8
1718555040000,1718555519000,1.37301,1.37301,1.37301,1.37301,0,8
1718555520000,1718555999000,1.37301,1.37301,1.37301,1.37301,0,8
1718556000000,1718556479000,1.37301,1.37301,1.37301,1.37301,0,8
1718556480000,1718556959000,1.37301,1.37301,1.37301,1.37301,0,8
1718556960000,1718557439000,1.37301,1.37301,1.37301,1.37301,0,8
1718557440000,1718557919000,1.37301,1.37301,1.37301,1.37301,0,8
1718557920000,1718558399000,1.37301,1.37301,1.37301,1.37301,0,8
1718558400000,1718558879000,1.37301,1.37301,1.37301,1.37301,0,8
1718558880000,1718559359000,1.37301,1.37301,1.37301,1.37301,0,8
1718559360000,1718559839000,1.37301,1.37301,1.37301,1.37301,0,8
1718559840000,1718560319000,1.37301,1.37301,1.37301,1.37301,0,8
1718560320000,1718560799000,1.37301,1.37301,1.37301,1.37301,0,8
1718560800000,1718561279000,1.37301,1.37301,1.37301,1.37301,0,8
1718561280000,1718561759000,1.37301,1.37301,1.37301,1.37301,0,8
1718561760000,1718562239000,1.37301,1.37301,1.37301,1.37301,0,8
1718562240000,1718562719000,1.37301,1.37301,1.37301,1.37301,0,8
1718562720000,1718563199000,1.37301,1.37301,1.37301,1.37301,0,8
1718563200000,1718563679000,1.37301,1.37301,1.37301,1.37301,0,8
1718563680000,1718564159000,1.37301,1.37301,1.37301,1.37301,0,8
1718564160000,1718564639000,1.37301,1.37301,1.37301,1.37301,0,8
1718564640000,1718565119000,1.37301,1.37301,1.37301,1.37301,0,8
1718565120000,1718565599000,1.37301,1.37301,1.37301,1.37301,0,8
1718565600000,1718566079000,1.37301,1.37301,1.37301,1.37301,0,8
1718566080000,1718566559000,1.37301,1.37301,1.37301,1.37301,0,8
1718566560000,1718567039000,1.37301,1.37301,1.37301,1.37301,0,8
1718567040000,1718567519000,1.37301,1.37301,1.37301,1.37301,0,8
1718567520000,1718567999000,1.37301,1.37301,1.37301,1.37301,0,8
1718568000000,1718568479000,1.37301,1.37301,1.37301,1.37301,0,8
1718568480000,1718568959000,1.37301,1.37301,1.37301,1.37301,0,8
1718568960000,1718569439000,1.37301,1.37301,1.37301,1.37301,0,8
1718569440000,1718569919000,1.37301,1.37301,1.37301,1.37301,0,8
1718569920000,1718570399000,1.37301,1.37301,1.37301,1.37301,0,8
1718570400000,1718570879000,1.37301,1.37301,1.37301,1.37301,0,8
1718570880000,1718571359000,1.37301,1.37301,1.37301,1.37301,0,8
1718571360000,1718571839000,1.37301,1.37303,1.37301,1.37303,450000,8
1718571840000,1718572319000,1.37257,1.37372,1.37257,1.37329,84300000,8
1718572320000,1718572799000,1.37319,1.37382,1.37319,1.3735,209850000,8
1718572800000,1718573279000,1.37351,1.37353,1.37325,1.37326,133200000,8
1718573280000,1718573759000,1.37327,1.37347,1.37327,1.37344,114150000,8
1718573760000,1718574239000,1.37344,1.37345,1.37249,1.37277,610840000,8
1718574240000,1718574719000,1.37285,1.373,1.37278,1.37295,467400000,8
1718574720000,1718575199000,1.37295,1.37326,1.37288,1.37291,780150000,8
1718575200000,1718575679000,1.37293,1.37328,1.37279,1.37316,378720000,8
1718575680000,1718576159000,1.37317,1.3733,1.3731,1.37317,133800000,8
1718576160000,1718576639000,1.37318,1.37326,1.37317,1.37325,68400000,8
1718576640000,1718577119000,1.37324,1.37329,1.37315,1.37322,98100000,8
1718577120000,1718577599000,1.37322,1.37327,1.37319,1.3732,157050000,8
1718577600000,1718578079000,1.37322,1.37325,1.3732,1.37323,72600000,8
1718578080000,1718578559000,1.37322,1.37325,1.37317,1.37322,83550000,8
1718578560000,1718579039000,1.37319,1.37324,1.37312,1.3732,214350000,8
1718579040000,1718579519000,1.37318,1.37341,1.37318,1.37341,264870000,8
1718579520000,1718579999000,1.37339,1.37344,1.37337,1.37338,194850000,8
1718580000000,1718580479000,1.37339,1.37359,1.37338,1.3734,216450000,8
1718580480000,1718580959000,1.37339,1.37353,1.37338,1.37349,312660000,8
1718580960000,1718581439000,1.37346,1.37352,1.3734,1.37347,249150000,8
1718581440000,1718581919000,1.37347,1.37351,1.37336,1.37349,236250000,8
1718581920000,1718582399000,1.37349,1.37351,1.37339,1.37344,512100000,8
1718582400000,1718582879000,1.37344,1.37373,1.37341,1.37362,997860000,8
1718582880000,1718583359000,1.37361,1.37366,1.37344,1.37348,980760000,8
1718583360000,1718583839000,1.37345,1.3735,1.37325,1.37327,435360000,8
1718583840000,1718584319000,1.37328,1.3733,1.37296,1.37308,353430000,8
1718584320000,1718584799000,1.37309,1.37321,1.37302,1.37319,169500000,8
1718584800000,1718585279000,1.37318,1.3733,1.37311,1.37322,135090000,8
1718585280000,1718585759000,1.37319,1.3734,1.37318,1.37339,222000000,8
1718585760000,1718586239000,1.37341,1.37388,1.37339,1.37386,386880000,8
1718586240000,1718586719000,1.37387,1.37422,1.37386,1.37411,362370000,8
1718586720000,1718587199000,1.3741,1.37419,1.37402,1.37402,175980000,8
1718587200000,1718587679000,1.374,1.37409,1.37394,1.37406,120480000,8
1718587680000,1718588159000,1.37409,1.37421,1.37398,1.37404,217590000,8
1718588160000,1718588639000,1.37404,1.37408,1.37381,1.37407,217350000,8
1718588640000,1718589119000,1.37408,1.37413,1.37397,1.37401,366000000,8
1718589120000,1718589599000,1.37402,1.37404,1.3738,1.37385,207000000,8
1718589600000,1718590079000,1.37386,1.37413,1.37385,1.37403,288900000,8
1718590080000,1718590559000,1.37402,1.37405,1.37374,1.37377,247440000,8
1718590560000,1718591039000,1.37377,1.37379,1.37352,1.37378,416100000,8
1718591040000,1718591519000,1.37376,1.37385,1.37365,1.37369,174000000,8
1718591520000,1718591999000,1.37368,1.37371,1.3736,1.37368,119850000,8
1718592000000,1718592479000,1.37368,1.37416,1.37368,1.37416,214050000,8
1718592480000,1718592959000,1.37413,1.37418,1.37391,1.37397,188070000,8
1718592960000,1718593439000,1.374,1.37437,1.374,1.37425,377040000,8
1718593440000,1718593919000,1.37423,1.37426,1.37411,1.37424,336720000,8
1718593920000,1718594399000,1.37422,1.37432,1.37413,1.37426,218400000,8
1718594400000,1718594879000,1.37423,1.37439,1.37421,1.3743,221610000,8
1718594880000,1718595359000,1.37429,1.37431,1.37412,1.37422,168570000,8
1718595360000,1718595839000,1.37422,1.37445,1.37419,1.37444,150210000,8
1718595840000,1718596319000,1.37444,1.37448,1.37433,1.37433,270270000,8
1718596320000,1718596799000,1.37433,1.37438,1.37416,1.37427,311400000,8
1718596800000,1718597279000,1.37427,1.37428,1.37402,1.37413,369390000,8
1718597280000,1718597759000,1.37413,1.37422,1.37406,1.37409,300900000,8
1718597760000,1718598239000,1.37409,1.37424,1.374,1.37416,175800000,8
1718598240000,1718598719000,1.37415,1.37418,1.3741,1.37417,83250000,8
1718598720000,1718599199000,1.37418,1.37425,1.37416,1.37416,42750000,8
1718599200000,1718599679000,1.37412,1.37412,1.37407,1.37408,48600000,8
1718599680000,1718600159000,1.37408,1.37432,1.37408,1.37426,120000000,8
1718600160000,1718600639000,1.37427,1.37427,1.37412,1.37418,145200000,8
1718600640000,1718601119000,1.37417,1.37439,1.37417,1.37439,139950000,8
1718601120000,1718601599000,1.37439,1.37443,1.37434,1.37434,135600000,8
1718601600000,1718602079000,1.37436,1.3744,1.37416,1.37418,103200000,8
1718602080000,1718602559000,1.37417,1.37428,1.37408,1.37424,145200000,8
1718602560000,1718603039000,1.37425,1.37444,1.37417,1.37433,396750000,8
1718603040000,1718603519000,1.37435,1.37436,1.37415,1.37423,141150000,8
1718603520000,1718603999000,1.37424,1.37447,1.37423,1.37441,232500000,8
1718604000000,1718604479000,1.37441,1.37504,1.37441,1.37501,706800000,8
1718604480000,1718604959000,1.37501,1.37519,1.37465,1.37471,768480000,8
1718604960000,1718605439000,1.37471,1.37481,1.37442,1.37449,983970000,8
1718605440000,1718605919000,1.3745,1.37452,1.37423,1.37426,1069650000,8
1718605920000,1718606399000,1.37427,1.37451,1.37419,1.37451,626850000,8
1718606400000,1718606879000,1.37453,1.37456,1.37405,1.37417,459960000,8
1718606880000,1718607359000,1.37414,1.37427,1.37389,1.37407,384000000,8
1718607360000,1718607839000,1.37407,1.37437,1.37392,1.37413,910860000,8
1718607840000,1718608319000,1.37412,1.37415,1.37374,1.37385,963120000,8
1718608320000,1718608799000,1.37383,1.37396,1.3736,1.37372,770730000,8
1718608800000,1718609279000,1.37373,1.37393,1.37356,1.37358,730500000,8
1718609280000,1718609759000,1.37358,1.37383,1.37349,1.37375,721140000,8
1718609760000,1718610239000,1.37374,1.37441,1.37371,1.3744,454440000,8
1718610240000,1718610719000,1.37441,1.37443,1.37416,1.37432,754350000,8
1718610720000,1718611199000,1.37432,1.37455,1.37419,1.37435,793770000,8
1718611200000,1718611679000,1.37438,1.37454,1.37424,1.37426,779250000,8
1718611680000,1718612159000,1.37425,1.37426,1.37368,1.37369,787140000,8
1718612160000,1718612639000,1.37369,1.37401,1.3735,1.37387,689250000,8
1718612640000,1718613119000,1.37388,1.37412,1.37386,1.37392,709050000,8
1718613120000,1718613599000,1.37391,1.37428,1.37387,1.37413,736020000,8
1718613600000,1718614079000,1.37413,1.37431,1.37377,1.37397,657540000,8
1718614080000,1718614559000,1.37397,1.37426,1.37386,1.37423,643140000,8
1718614560000,1718615039000,1.37422,1.3743,1.37409,1.37425,559650000,8
1718615040000,1718615519000,1.37421,1.37432,1.3741,1.37412,625440000,8
1718615520000,1718615999000,1.37413,1.37436,1.37409,1.37425,346710000,8
1718616000000,1718616479000,1.37425,1.37434,1.3738,1.37381,600780000,8
1718616480000,1718616959000,1.3738,1.37399,1.37375,1.37395,597060000,8
1718616960000,1718617439000,1.37393,1.37419,1.37393,1.37415,601320000,8
1718617440000,1718617919000,1.37414,1.37423,1.37401,1.37419,656970000,8
1718617920000,1718618399000,1.37417,1.37426,1.37402,1.37405,464250000,8
1718618400000,1718618879000,1.37406,1.37423,1.37392,1.37412,337770000,8
1718618880000,1718619359000,1.37412,1.37439,1.37411,1.37432,281100000,8
1718619360000,1718619839000,1.37429,1.37474,1.37429,1.37465,429000000,8
1718619840000,1718620319000,1.37466,1.37478,1.37457,1.37468,648270000,8
1718620320000,1718620799000,1.37468,1.37471,1.3745,1.37451,387030000,8
1718620800000,1718621279000,1.37448,1.37449,1.3742,1.37431,429000000,8
1718621280000,1718621759000,1.3743,1.37438,1.37405,1.37406,254100000,8
1718621760000,1718622239000,1.37408,1.3742,1.37385,1.37386,377250000,8
1718622240000,1718622719000,1.37384,1.37406,1.37375,1.37405,342600000,8
1718622720000,1718623199000,1.37406,1.37426,1.37396,1.37406,437280000,8
1718623200000,1718623679000,1.37404,1.37411,1.37377,1.37388,466830000,8
1718623680000,1718624159000,1.37388,1.37454,1.37388,1.37453,676140000,8
1718624160000,1718624639000,1.37452,1.37455,1.37404,1.37423,645210000,8
1718624640000,1718625119000,1.37422,1.37442,1.37419,1.37436,692250000,8
1718625120000,1718625599000,1.37436,1.37486,1.37432,1.37469,405150000,8
1718625600000,1718626079000,1.37468,1.37505,1.37452,1.37457,832680000,8
1718626080000,1718626559000,1.37458,1.37481,1.37455,1.37481,323190000,8
1718626560000,1718627039000,1.37484,1.37504,1.37469,1.37486,625980000,8
1718627040000,1718627519000,1.37487,1.37494,1.37449,1.37467,1048980000,8
1718627520000,1718627999000,1.37467,1.37519,1.37467,1.37511,965400000,8
1718628000000,1718628479000,1.37511,1.37522,1.37491,1.37521,355830000,8
1718628480000,1718628959000,1.37522,1.37544,1.37516,1.37529,359340000,8
1718628960000,1718629439000,1.37528,1.37528,1.37448,1.37482,1128330000,8
1718629440000,1718629919000,1.37482,1.37487,1.37448,1.37455,960690000,8
1718629920000,1718630399000,1.37456,1.37456,1.37405,1.37408,944460000,8
1718630400000,1718630879000,1.37406,1.37464,1.374,1.37451,477990000,8
1718630880000,1718631359000,1.37451,1.37502,1.37416,1.37428,1602660000,8
1718631360000,1718631839000,1.3743,1.37512,1.37418,1.37494,1418880000,8
1718631840000,1718632319000,1.37493,1.37507,1.37426,1.37435,1465710000,8
1718632320000,1718632799000,1.37437,1.37507,1.37437,1.37439,1582380000,8
1718632800000,1718633279000,1.37436,1.37541,1.37414,1.3754,1720590000,8
1718633280000,1718633759000,1.37539,1.37601,1.37537,1.3759,1200120000,8
1718633760000,1718634239000,1.37591,1.37591,1.37533,1.37585,741030000,8
1718634240000,1718634719000,1.37585,1.37592,1.37556,1.37561,718740000,8
1718634720000,1718635199000,1.37561,1.37571,1.37534,1.37556,749580000,8
1718635200000,1718635679000,1.37556,1.37589,1.3754,1.37588,835680000,8
1718635680000,1718636159000,1.37591,1.37618,1.37579,1.37616,781290000,8
1718636160000,1718636639000,1.37616,1.37639,1.37603,1.37627,1458630000,8
1718636640000,1718637119000,1.37625,1.37625,1.37557,1.37566,737520000,8
1718637120000,1718637599000,1.37565,1.37571,1.3752,1.3752,652770000,8
1718637600000,1718638079000,1.37519,1.3753,1.37492,1.37495,716280000,8
1718638080000,1718638559000,1.37496,1.3754,1.37495,1.37527,725940000,8
1718638560000,1718639039000,1.37528,1.37583,1.37528,1.37549,587610000,8
1718639040000,1718639519000,1.37549,1.37559,1.37513,1.37558,617670000,8
1718639520000,1718639999000,1.37558,1.37564,1.37519,1.37519,600510000,8
1718640000000,1718640479000,1.3752,1.3752,1.37472,1.37474,668670000,8
1718640480000,1718640959000,1.37474,1.37477,1.37439,1.37468,656460000,8
1718640960000,1718641439000,1.37473,1.37486,1.37467,1.3748,573600000,8
1718641440000,1718641919000,1.37478,1.37478,1.37408,1.37417,673590000,8
1718641920000,1718642399000,1.37415,1.37428,1.37397,1.37418,689340000,8
1718642400000,1718642879000,1.37418,1.37443,1.37408,1.37408,473610000,8
1718642880000,1718643359000,1.3741,1.37439,1.37408,1.37435,510120000,8
1718643360000,1718643839000,1.37434,1.37445,1.37378,1.3739,487140000,8
1718643840000,1718644319000,1.37389,1.37393,1.37378,1.3738,445110000,8
1718644320000,1718644799000,1.37379,1.37383,1.37349,1.37349,418980000,8
1718644800000,1718645279000,1.37354,1.37369,1.37338,1.3735,736680000,8
1718645280000,1718645759000,1.3735,1.37374,1.37334,1.37334,504030000,8
1718645760000,1718646239000,1.37335,1.37362,1.37328,1.37342,539190000,8
1718646240000,1718646719000,1.37341,1.37353,1.37318,1.3732,450660000,8
1718646720000,1718647199000,1.3732,1.37321,1.37295,1.37304,576120000,8
1718647200000,1718647679000,1.37304,1.37309,1.37253,1.37263,659160000,8
1718647680000,1718648159000,1.3726,1.37261,1.37235,1.37239,609870000,8
1718648160000,1718648639000,1.37239,1.37266,1.37229,1.37258,549900000,8
1718648640000,1718649119000,1.3726,1.37284,1.37222,1.37225,538560000,8
1718649120000,1718649599000,1.37225,1.37237,1.37212,1.37214,501000000,8
1718649600000,1718650079000,1.37214,1.37243,1.3721,1.3723,497070000,8
1718650080000,1718650559000,1.37229,1.37231,1.37211,1.37229,367140000,8
1718650560000,1718651039000,1.37228,1.37232,1.37208,1.37229,431010000,8
1718651040000,1718651519000,1.37231,1.37255,1.37222,1.37253,424350000,8
1718651520000,1718651999000,1.37252,1.37277,1.37241,1.37252,513240000,8
1718652000000,1718652479000,1.3725,1.37273,1.37248,1.37266,568050000,8
1718652480000,1718652959000,1.37265,1.37269,1.37254,1.37261,226020000,8
1718652960000,1718653439000,1.37262,1.37287,1.37259,1.37283,461400000,8
1718653440000,1718653919000,1.37283,1.37306,1.37283,1.37292,632700000,8
1718653920000,1718654399000,1.3729,1.37305,1.37221,1.37225,805560000,8
1718654400000,1718654879000,1.37225,1.37246,1.37221,1.37235,237570000,8
1718654880000,1718655359000,1.37236,1.37247,1.37235,1.37243,162360000,8
1718655360000,1718655839000,1.37239,1.3724,1.37232,1.37234,179850000,8
1718655840000,1718656319000,1.37233,1.37234,1.37224,1.3723,83280000,8
1718656320000,1718656799000,1.3723,1.37232,1.37207,1.37208,55950000,8
1718656800000,1718657279000,1.37209,1.37217,1.37204,1.37205,101550000,8
1718657280000,1718657759000,1.37205,1.37242,1.37204,1.37227,216630000,8
1718657760000,1718658239000,1.37227,1.37232,1.37211,1.37218,185850000,8
1718658240000,1718658719000,1.37218,1.37224,1.37212,1.37216,43800000,8
1718658720000,1718659199000,1.37216,1.37218,1.37209,1.37212,19200000,8
1718659200000,1718659679000,1.37213,1.37213,1.3721,1.37211,21600000,8
1718659680000,1718660159000,1.37211,1.3722,1.37211,1.37216,49200000,8
1718660160000,1718660639000,1.37218,1.37219,1.37212,1.37213,104400000,8
1718660640000,1718661119000,1.37212,1.37218,1.37211,1.37216,75600000,8
1718661120000,1718661599000,1.37216,1.37218,1.37209,1.37212,34500000,8
1718661600000,1718662079000,1.37207,1.37212,1.37195,1.37198,79200000,8
1718662080000,1718662559000,1.37197,1.37203,1.37196,1.37198,54150000,8
1718662560000,1718663039000,1.37198,1.37201,1.37195,1.37196,52350000,8
1718663040000,1718663519000,1.37197,1.37202,1.37191,1.37198,89880000,8
1718663520000,1718663999000,1.37199,1.37208,1.37196,1.37201,60120000,8
1718664000000,1718664479000,1.37198,1.37201,1.37191,1.37192,40680000,8
1718664480000,1718664959000,1.37196,1.372,1.37196,1.37199,10800000,8
1718664960000,1718665439000,1.37203,1.37214,1.37194,1.37205,270120000,8
1718665440000,1718665919000,1.37205,1.37214,1.37205,1.37207,202500000,8
1718665920000,1718666399000,1.37207,1.37209,1.37191,1.37198,100170000,8
1718666400000,1718666879000,1.37197,1.37197,1.37173,1.37178,276450000,8
1718666880000,1718667359000,1.37178,1.37178,1.37157,1.37163,123120000,8
1718667360000,1718667839000,1.37165,1.37165,1.37155,1.37158,81300000,8
1718667840000,1718668319000,1.37157,1.37158,1.37143,1.37154,181050000,8
1718668320000,1718668799000,1.37153,1.37153,1.37126,1.37136,460340000,8
1718668800000,1718669279000,1.37134,1.37142,1.37092,1.37113,304590000,8
1718669280000,1718669759000,1.37111,1.37148,1.3711,1.37132,348930000,8
1718669760000,1718670239000,1.37131,1.37151,1.37131,1.37148,361470000,8
1718670240000,1718670719000,1.37148,1.37155,1.37138,1.37146,468990000,8
1718670720000,1718671199000,1.37146,1.37162,1.37141,1.3716,627120000,8
1718671200000,1718671679000,1.37159,1.37165,1.37143,1.3715,428940000,8
1718671680000,1718672159000,1.3715,1.37189,1.37146,1.37181,632640000,8
1718672160000,1718672639000,1.37182,1.37195,1.37179,1.37188,600450000,8
1718672640000,1718673119000,1.37187,1.37238,1.37184,1.37227,615900000,8
1718673120000,1718673599000,1.37228,1.37247,1.37226,1.37246,397050000,8
1718673600000,1718674079000,1.37246,1.37283,1.37245,1.37264,417600000,8
1718674080000,1718674559000,1.37263,1.37275,1.37246,1.37273,264870000,8
1718674560000,1718675039000,1.37273,1.37284,1.37255,1.37281,506670000,8
1718675040000,1718675519000,1.37282,1.37293,1.37268,1.37284,701790000,8
1718675520000,1718675999000,1.37283,1.3731,1.37273,1.37299,505920000,8
1718676000000,1718676479000,1.37301,1.37313,1.37289,1.37304,598170000,8
1718676480000,1718676959000,1.37305,1.37314,1.37292,1.37293,529830000,8
1718676960000,1718677439000,1.37292,1.37331,1.3729,1.37329,556350000,8
1718677440000,1718677919000,1.37329,1.37345,1.37323,1.3734,400320000,8
1718677920000,1718678399000,1.3734,1.37341,1.37313,1.37313,540540000,8
1718678400000,1718678879000,1.37314,1.37339,1.37311,1.3733,681900000,8
1718678880000,1718679359000,1.37331,1.37352,1.3733,1.3735,533640000,8
1718679360000,1718679839000,1.37351,1.37377,1.37349,1.37371,611970000,8
1718679840000,1718680319000,1.37371,1.37383,1.37356,1.37356,365100000,8
1718680320000,1718680799000,1.37358,1.37389,1.37358,1.37386,377580000,8
1718680800000,1718681279000,1.37386,1.37389,1.37374,1.37377,195540000,8
1718681280000,1718681759000,1.37377,1.37399,1.37375,1.37398,57600000,8
1718681760000,1718682239000,1.37397,1.37404,1.37392,1.37399,170100000,8
1718682240000,1718682719000,1.37398,1.37398,1.37384,1.37384,190200000,8
1718682720000,1718683199000,1.37383,1.37383,1.3737,1.37372,266490000,8
1718683200000,1718683679000,1.37371,1.37382,1.37368,1.37378,324840000,8
1718683680000,1718684159000,1.37378,1.3738,1.37366,1.37377,61200000,8
1718684160000,1718684639000,1.37381,1.37398,1.37378,1.37394,202560000,8
1718684640000,1718685119000,1.37394,1.3741,1.3739,1.37393,234780000,8
1718685120000,1718685599000,1.37393,1.37404,1.37362,1.3738,521830000,8
1718685600000,1718686079000,1.3738,1.37388,1.37371,1.37386,648300000,8
1718686080000,1718686559000,1.37388,1.37399,1.37384,1.37395,219570000,8
1718686560000,1718687039000,1.37394,1.37407,1.37387,1.37393,159360000,8
1718687040000,1718687519000,1.37395,1.37396,1.37379,1.3738,158850000,8
1718687520000,1718687999000,1.3738,1.37386,1.3737,1.37379,400860000,8
1718688000000,1718688479000,1.37378,1.37389,1.37364,1.37367,386220000,8
1718688480000,1718688959000,1.37367,1.3737,1.37341,1.37343,380430000,8
1718688960000,1718689439000,1.37342,1.37344,1.37329,1.37329,246780000,8
1718689440000,1718689919000,1.3733,1.37368,1.37329,1.37348,147600000,8
1718689920000,1718690399000,1.37347,1.37358,1.37328,1.37337,287040000,8
1718690400000,1718690879000,1.37336,1.37338,1.37305,1.37319,722400000,8
1718690880000,1718691359000,1.37321,1.37347,1.37314,1.37335,637350000,8
1718691360000,1718691839000,1.37335,1.37339,1.37285,1.3729,476460000,8
1718691840000,1718692319000,1.37289,1.37311,1.37282,1.37299,264360000,8
1718692320000,1718692799000,1.373,1.37327,1.37284,1.37323,358650000,8
1718692800000,1718693279000,1.37324,1.3734,1.37303,1.37339,628350000,8
1718693280000,1718693759000,1.37339,1.37341,1.37318,1.3733,429450000,8
1718693760000,1718694239000,1.37329,1.37362,1.37319,1.37361,390240000,8
1718694240000,1718694719000,1.3736,1.37399,1.37354,1.37355,610320000,8
1718694720000,1718695199000,1.37353,1.37383,1.37343,1.37367,653340000,8
1718695200000,1718695679000,1.37366,1.37385,1.37358,1.37366,534030000,8
1718695680000,1718696159000,1.37366,1.37408,1.3736,1.37398,427110000,8
1718696160000,1718696639000,1.37397,1.37427,1.3739,1.37421,497250000,8
1718696640000,1718697119000,1.37421,1.37431,1.374,1.3743,553060000,8
1718697120000,1718697599000,1.3743,1.37461,1.37429,1.3745,586770000,8
1718697600000,1718698079000,1.37451,1.37482,1.3745,1.3747,540570000,8
1718698080000,1718698559000,1.37473,1.37489,1.37459,1.37479,480060000,8
1718698560000,1718699039000,1.37477,1.37504,1.37477,1.37497,276270000,8
1718699040000,1718699519000,1.37499,1.37535,1.37494,1.37531,508830000,8
1718699520000,1718699999000,1.37533,1.37562,1.37526,1.37551,400230000,8
1718700000000,1718700479000,1.37548,1.37562,1.37521,1.37525,246780000,8
1718700480000,1718700959000,1.37528,1.37533,1.37511,1.37511,467520000,8
1718700960000,1718701439000,1.37509,1.37533,1.37508,1.37522,249210000,8
1718701440000,1718701919000,1.37523,1.37523,1.37482,1.37487,1020690000,8
1718701920000,1718702399000,1.37487,1.37494,1.37438,1.37448,750210000,8
1718702400000,1718702879000,1.37448,1.37493,1.37439,1.37491,794010000,8
1718702880000,1718703359000,1.37492,1.37514,1.37478,1.37496,634440000,8
1718703360000,1718703839000,1.37496,1.37499,1.37448,1.37455,320850000,8
1718703840000,1718704319000,1.37454,1.37469,1.37439,1.37448,442260000,8
1718704320000,1718704799000,1.37446,1.37469,1.37445,1.37466,571110000,8
1718704800000,1718705279000,1.37467,1.37475,1.37445,1.37462,383610000,8
1718705280000,1718705759000,1.37466,1.37485,1.37463,1.3747,390300000,8
1718705760000,1718706239000,1.37469,1.37481,1.3746,1.37469,542310000,8
1718706240000,1718706719000,1.3747,1.3748,1.37454,1.37479,271290000,8
1718706720000,1718707199000,1.37477,1.37477,1.37457,1.3746,231750000,8
1718707200000,1718707679000,1.37462,1.37474,1.3745,1.37457,397530000,8
1718707680000,1718708159000,1.37456,1.37472,1.37445,1.37465,367680000,8
1718708160000,1718708639000,1.37466,1.37503,1.3746,1.37496,497400000,8
1718708640000,1718709119000,1.37493,1.37494,1.3746,1.37479,589710000,8
1718709120000,1718709599000,1.37478,1.37482,1.37461,1.37481,452940000,8
1718709600000,1718710079000,1.37481,1.37503,1.37479,1.375,355050000,8
1718710080000,1718710559000,1.375,1.37538,1.375,1.37535,288150000,8
1718710560000,1718711039000,1.37536,1.37553,1.37527,1.37553,528120000,8
1718711040000,1718711519000,1.37552,1.37555,1.37521,1.37525,266340000,8
1718711520000,1718711999000,1.37529,1.37536,1.37513,1.37536,305040000,8
1718712000000,1718712479000,1.37535,1.37549,1.37467,1.37475,948360000,8
1718712480000,1718712959000,1.37475,1.37479,1.37455,1.37456,537840000,8
1718712960000,1718713439000,1.37455,1.3746,1.37427,1.3743,824130000,8
1718713440000,1718713919000,1.3743,1.37436,1.37274,1.37327,1239450000,8
1718713920000,1718714399000,1.37327,1.37377,1.37296,1.37309,2158890000,8
1718714400000,1718714879000,1.37307,1.3731,1.37277,1.37293,1704210000,8
1718714880000,1718715359000,1.37297,1.37367,1.37292,1.3735,1208340000,8
1718715360000,1718715839000,1.37351,1.37372,1.37321,1.37352,918900000,8
1718715840000,1718716319000,1.37349,1.3736,1.37294,1.37295,1084720000,8
1718716320000,1718716799000,1.37294,1.37321,1.37276,1.37286,931680000,8
1718716800000,1718717279000,1.37287,1.37334,1.37286,1.37323,591210000,8
1718717280000,1718717759000,1.37323,1.37361,1.37286,1.37341,1540980000,8
1718717760000,1718718239000,1.37341,1.37352,1.37183,1.37189,2156130000,8
1718718240000,1718718719000,1.37189,1.3721,1.37164,1.37168,1261470000,8
1718718720000,1718719199000,1.37166,1.37182,1.37146,1.37175,872850000,8
1718719200000,1718719679000,1.37174,1.37206,1.3715,1.37157,1345830000,8
1718719680000,1718720159000,1.37157,1.37186,1.37123,1.37156,1283560000,8
1718720160000,1718720639000,1.37154,1.37154,1.37085,1.37098,1356150000,8
1718720640000,1718721119000,1.37098,1.37128,1.37097,1.37107,651390000,8
1718721120000,1718721599000,1.37108,1.37166,1.37105,1.37157,1337700000,8
1718721600000,1718722079000,1.37156,1.37225,1.37151,1.37222,797940000,8
1718722080000,1718722559000,1.37222,1.37301,1.37219,1.37256,1358910000,8
1718722560000,1718723039000,1.37257,1.37274,1.37222,1.37229,1269690000,8
1718723040000,1718723519000,1.37227,1.37271,1.3722,1.37223,982080000,8
1718723520000,1718723999000,1.37225,1.37231,1.37176,1.37179,727770000,8
1718724000000,1718724479000,1.37178,1.37208,1.3716,1.37205,903540000,8
1718724480000,1718724959000,1.37206,1.37223,1.37186,1.3719,608520000,8
1718724960000,1718725439000,1.37191,1.37205,1.37153,1.37154,715140000,8
1718725440000,1718725919000,1.37154,1.37164,1.37133,1.37163,654120000,8
1718725920000,1718726399000,1.37163,1.37232,1.37146,1.37228,958950000,8
1718726400000,1718726879000,1.37228,1.37228,1.37147,1.3715,687930000,8
1718726880000,1718727359000,1.3715,1.37165,1.3714,1.37159,522930000,8
1718727360000,1718727839000,1.37156,1.37228,1.37155,1.37187,659970000,8
1718727840000,1718728319000,1.37187,1.37226,1.37157,1.37225,586860000,8
1718728320000,1718728799000,1.37224,1.37227,1.37183,1.37184,584250000,8
1718728800000,1718729279000,1.37184,1.37226,1.3717,1.37213,588450000,8
1718729280000,1718729759000,1.37214,1.37225,1.37185,1.372,588510000,8
1718729760000,1718730239000,1.372,1.37201,1.37155,1.37192,1355790000,8
1718730240000,1718730719000,1.37191,1.3722,1.37163,1.37212,961080000,8
1718730720000,1718731199000,1.37212,1.37223,1.37203,1.37205,432570000,8
1718731200000,1718731679000,1.37202,1.37232,1.37182,1.3719,745440000,8
1718731680000,1718732159000,1.37189,1.37197,1.37162,1.37183,878280000,8
1718732160000,1718732639000,1.37183,1.37192,1.37163,1.37184,282090000,8
1718732640000,1718733119000,1.37185,1.37215,1.37182,1.37211,503460000,8
1718733120000,1718733599000,1.37211,1.37233,1.37194,1.37205,443520000,8
1718733600000,1718734079000,1.37206,1.37259,1.372,1.37204,663960000,8
1718734080000,1718734559000,1.37202,1.37227,1.37202,1.37209,280710000,8
1718734560000,1718735039000,1.37207,1.3724,1.37192,1.3723,634650000,8
1718735040000,1718735519000,1.37231,1.37238,1.37181,1.37182,440430000,8
1718735520000,1718735999000,1.37182,1.37227,1.37176,1.37221,768630000,8
1718736000000,1718736479000,1.37219,1.37228,1.37185,1.37206,538560000,8
1718736480000,1718736959000,1.37206,1.37206,1.37173,1.37176,393090000,8
1718736960000,1718737439000,1.37176,1.37182,1.37134,1.37177,650700000,8
1718737440000,1718737919000,1.37177,1.37212,1.37177,1.37198,398100000,8
1718737920000,1718738399000,1.37198,1.37211,1.37191,1.37209,235020000,8
1718738400000,1718738879000,1.37208,1.37208,1.37182,1.37191,345540000,8
1718738880000,1718739359000,1.37191,1.37207,1.37165,1.37183,213390000,8
1718739360000,1718739839000,1.37183,1.37191,1.37174,1.37181,368580000,8
1718739840000,1718740319000,1.3718,1.37192,1.37171,1.37171,452070000,8
1718740320000,1718740799000,1.37172,1.3719,1.37166,1.37174,557700000,8
1718740800000,1718741279000,1.37173,1.37174,1.3715,1.37164,164100000,8
1718741280000,1718741759000,1.37164,1.37169,1.37149,1.37153,159450000,8
1718741760000,1718742239000,1.37151,1.3716,1.37145,1.37157,114120000,8
1718742240000,1718742719000,1.37157,1.37167,1.37147,1.37163,110670000,8
1718742720000,1718743199000,1.37164,1.37174,1.37161,1.37167,147660000,8
1718743200000,1718743679000,1.37168,1.37186,1.37168,1.37176,162300000,8
1718743680000,1718744159000,1.37177,1.37179,1.37163,1.37179,260910000,8
1718744160000,1718744639000,1.37178,1.37183,1.37132,1.37138,149970000,8
1718744640000,1718745119000,1.37127,1.37154,1.37127,1.37152,56400000,8
1718745120000,1718745599000,1.37147,1.37167,1.37142,1.37157,163950000,8
1718745600000,1718746079000,1.37158,1.37161,1.37148,1.37155,59550000,8
1718746080000,1718746559000,1.37157,1.37174,1.37148,1.37157,341400000,8
1718746560000,1718747039000,1.37157,1.37164,1.37146,1.37154,182100000,8
1718747040000,1718747519000,1.37148,1.37156,1.37144,1.37144,74700000,8
1718747520000,1718747999000,1.37144,1.37175,1.37133,1.37156,166710000,8
1718748000000,1718748479000,1.37156,1.37159,1.37143,1.37158,68550000,8
1718748480000,1718748959000,1.37158,1.37158,1.37153,1.37153,60000000,8
1718748960000,1718749439000,1.37154,1.37159,1.3715,1.37159,88950000,8
1718749440000,1718749919000,1.37159,1.37159,1.37145,1.37154,82500000,8
1718749920000,1718750399000,1.37154,1.3716,1.3715,1.37158,97800000,8
1718750400000,1718750879000,1.37158,1.3716,1.37156,1.37157,106800000,8
1718750880000,1718751359000,1.37156,1.37159,1.37154,1.37157,77400000,8
1718751360000,1718751839000,1.37158,1.37159,1.37152,1.37153,91200000,8
1718751840000,1718752319000,1.37153,1.37155,1.37147,1.37153,79800000,8
1718752320000,1718752799000,1.3715,1.3716,1.37146,1.37156,99810000,8
1718752800000,1718753279000,1.37156,1.37166,1.37155,1.37165,53760000,8
1718753280000,1718753759000,1.37164,1.37168,1.37161,1.37166,92880000,8
1718753760000,1718754239000,1.37167,1.37167,1.37164,1.37167,88320000,8
1718754240000,1718754719000,1.37167,1.37168,1.37156,1.37158,96480000,8
1718754720000,1718755199000,1.37157,1.37166,1.37157,1.37166,98400000,8
1718755200000,1718755679000,1.37167,1.37173,1.3715,1.37172,310050000,8
1718755680000,1718756159000,1.37172,1.37183,1.37159,1.37175,240600000,8
1718756160000,1718756639000,1.37176,1.37187,1.3717,1.37181,241200000,8
1718756640000,1718757119000,1.37181,1.37188,1.37175,1.37188,333000000,8
1718757120000,1718757599000,1.37188,1.37198,1.37185,1.37197,348480000,8
1718757600000,1718758079000,1.37196,1.37201,1.3719,1.37196,339240000,8
1718758080000,1718758559000,1.37197,1.37207,1.37194,1.37195,216480000,8
1718758560000,1718759039000,1.37195,1.37202,1.37189,1.37195,133440000,8
1718759040000,1718759519000,1.37194,1.37195,1.37182,1.37186,239130000,8
1718759520000,1718759999000,1.37187,1.37196,1.37182,1.37183,208380000,8
1718760000000,1718760479000,1.37182,1.37204,1.37178,1.37204,235680000,8
1718760480000,1718760959000,1.37201,1.37208,1.37189,1.37192,314040000,8
1718760960000,1718761439000,1.37193,1.37201,1.37174,1.37177,352800000,8
1718761440000,1718761919000,1.37177,1.37177,1.37145,1.37147,290400000,8
1718761920000,1718762399000,1.37149,1.37161,1.37147,1.37155,211800000,8
1718762400000,1718762879000,1.37155,1.37168,1.37149,1.37167,168240000,8
1718762880000,1718763359000,1.37168,1.37169,1.37157,1.37157,285840000,8
1718763360000,1718763839000,1.37155,1.37159,1.3715,1.37159,565290000,8
1718763840000,1718764319000,1.37161,1.37162,1.37135,1.37135,593640000,8
1718764320000,1718764799000,1.37136,1.37142,1.37125,1.37129,518790000,8
1718764800000,1718765279000,1.37128,1.37133,1.37115,1.37122,645000000,8
1718765280000,1718765759000,1.37122,1.37134,1.37115,1.37125,358050000,8
1718765760000,1718766239000,1.37125,1.37144,1.37124,1.37137,99900000,8
1718766240000,1718766719000,1.37136,1.37136,1.37124,1.3713,106800000,8
1718766720000,1718767199000,1.3713,1.37135,1.37117,1.3713,295740000,8
1718767200000,1718767679000,1.37131,1.37158,1.3713,1.37143,297030000,8
1718767680000,1718768159000,1.37142,1.37167,1.37142,1.37166,247830000,8
1718768160000,1718768639000,1.37166,1.37187,1.37166,1.37185,135360000,8
1718768640000,1718769119000,1.37187,1.37195,1.37185,1.37194,148050000,8
1718769120000,1718769599000,1.37194,1.37201,1.37187,1.37196,356250000,8
1718769600000,1718770079000,1.37196,1.37206,1.37194,1.37198,162900000,8
1718770080000,1718770559000,1.37201,1.37207,1.37195,1.37196,68100000,8
1718770560000,1718771039000,1.37199,1.37213,1.37199,1.37208,45000000,8
1718771040000,1718771519000,1.3721,1.37216,1.37206,1.37206,115800000,8
1718771520000,1718771999000,1.37206,1.37213,1.37202,1.37205,29100000,8
1718772000000,1718772479000,1.37204,1.37216,1.37204,1.37215,28200000,8
1718772480000,1718772959000,1.37215,1.37225,1.37211,1.37223,34950000,8
1718772960000,1718773439000,1.37223,1.37224,1.37212,1.37214,66300000,8
1718773440000,1718773919000,1.37212,1.37216,1.37206,1.37213,105840000,8
1718773920000,1718774399000,1.37212,1.37212,1.37199,1.37202,40740000,8
1718774400000,1718774879000,1.37205,1.37216,1.37182,1.37184,195330000,8
1718774880000,1718775359000,1.37181,1.37181,1.37162,1.37173,315750000,8
1718775360000,1718775839000,1.37173,1.37185,1.37171,1.37174,200850000,8
1718775840000,1718776319000,1.37174,1.37177,1.37164,1.37164,110100000,8
1718776320000,1718776799000,1.37163,1.3718,1.37153,1.37179,138900000,8
1718776800000,1718777279000,1.37179,1.37179,1.37134,1.37145,530820000,8
1718777280000,1718777759000,1.37143,1.37167,1.37141,1.37152,220350000,8
1718777760000,1718778239000,1.37154,1.37181,1.37146,1.3717,430050000,8
1718778240000,1718778719000,1.3717,1.3719,1.37168,1.37185,451950000,8
1718778720000,1718779199000,1.37184,1.37215,1.37184,1.37212,442650000,8
1718779200000,1718779679000,1.37212,1.37233,1.37204,1.37232,352110000,8
1718779680000,1718780159000,1.3723,1.37253,1.37229,1.37232,440310000,8
1718780160000,1718780639000,1.37233,1.37254,1.37201,1.3721,534330000,8
1718780640000,1718781119000,1.3721,1.3721,1.37157,1.37161,606690000,8
1718781120000,1718781599000,1.37161,1.37233,1.3716,1.37222,484320000,8
1718781600000,1718782079000,1.37222,1.37239,1.37199,1.37206,688650000,8
1718782080000,1718782559000,1.37206,1.37214,1.37169,1.37169,404640000,8
1718782560000,1718783039000,1.37171,1.37206,1.3717,1.37192,729720000,8
1718783040000,1718783519000,1.37192,1.372,1.3717,1.37192,459630000,8
1718783520000,1718783999000,1.37191,1.37193,1.37151,1.37155,397800000,8
1718784000000,1718784479000,1.37154,1.37177,1.3715,1.37161,278280000,8
1718784480000,1718784959000,1.37162,1.37167,1.37141,1.37163,356010000,8
1718784960000,1718785439000,1.37163,1.37174,1.37157,1.37165,533190000,8
1718785440000,1718785919000,1.37166,1.37167,1.37133,1.37166,646890000,8
1718785920000,1718786399000,1.37165,1.37168,1.37153,1.37166,154860000,8
1718786400000,1718786879000,1.37167,1.3718,1.37151,1.37156,637230000,8
1718786880000,1718787359000,1.37159,1.37171,1.37156,1.37161,965010000,8
1718787360000,1718787839000,1.37161,1.37174,1.37153,1.37171,1188450000,8
1718787840000,1718788319000,1.37171,1.37172,1.37156,1.37159,934860000,8
1718788320000,1718788799000,1.37159,1.37162,1.37132,1.37137,446400000,8
1718788800000,1718789279000,1.37135,1.37153,1.37129,1.3713,494220000,8
1718789280000,1718789759000,1.37131,1.37162,1.3713,1.37142,1244250000,8
1718789760000,1718790239000,1.37142,1.37172,1.37129,1.37169,930270000,8
1718790240000,1718790719000,1.3717,1.37182,1.37161,1.37168,930780000,8
1718790720000,1718791199000,1.37168,1.3718,1.37161,1.37167,272400000,8
1718791200000,1718791679000,1.37167,1.3717,1.3714,1.37147,481290000,8
1718791680000,1718792159000,1.37147,1.37151,1.37128,1.37129,484410000,8
1718792160000,1718792639000,1.37129,1.37133,1.37102,1.37122,560250000,8
1718792640000,1718793119000,1.37121,1.37132,1.37113,1.37118,256650000,8
1718793120000,1718793599000,1.37117,1.37131,1.37105,1.37125,225150000,8
1718793600000,1718794079000,1.37123,1.37126,1.37103,1.37103,314640000,8
1718794080000,1718794559000,1.37101,1.37108,1.37086,1.37086,283290000,8
1718794560000,1718795039000,1.37094,1.37102,1.37085,1.3709,296070000,8
1718795040000,1718795519000,1.37087,1.37117,1.37087,1.37101,177840000,8
1718795520000,1718795999000,1.371,1.37123,1.37087,1.37113,246780000,8
1718796000000,1718796479000,1.37111,1.37115,1.37099,1.37108,246930000,8
1718796480000,1718796959000,1.37107,1.3711,1.37078,1.37097,176700000,8
1718796960000,1718797439000,1.37096,1.37101,1.37076,1.37085,260610000,8
1718797440000,1718797919000,1.37086,1.3709,1.37071,1.37085,218610000,8
1718797920000,1718798399000,1.37084,1.37089,1.37068,1.37074,229500000,8
1718798400000,1718798879000,1.37073,1.37099,1.37052,1.37089,643800000,8
1718798880000,1718799359000,1.37089,1.37107,1.37086,1.37099,348360000,8
1718799360000,1718799839000,1.37099,1.37127,1.37097,1.37121,419520000,8
1718799840000,1718800319000,1.37122,1.37122,1.37085,1.37094,400140000,8
1718800320000,1718800799000,1.37095,1.37109,1.37085,1.37107,365550000,8
1718800800000,1718801279000,1.37107,1.37129,1.37096,1.37124,423840000,8
1718801280000,1718801759000,1.37125,1.37126,1.3705,1.37059,322950000,8
1718801760000,1718802239000,1.37058,1.37076,1.37039,1.37046,352350000,8
1718802240000,1718802719000,1.37048,1.37061,1.37041,1.37048,509250000,8
1718802720000,1718803199000,1.3705,1.37097,1.3704,1.37071,334230000,8
1718803200000,1718803679000,1.3707,1.37097,1.3707,1.37093,546840000,8
1718803680000,1718804159000,1.3709,1.37111,1.37082,1.37093,623100000,8
1718804160000,1718804639000,1.37093,1.37093,1.37058,1.37058,895920000,8
1718804640000,1718805119000,1.37058,1.37059,1.3703,1.37057,607980000,8
1718805120000,1718805599000,1.37057,1.37079,1.37032,1.37033,531300000,8
1718805600000,1718806079000,1.37034,1.37046,1.37015,1.37019,383430000,8
1718806080000,1718806559000,1.3702,1.37033,1.36989,1.37011,486210000,8
1718806560000,1718807039000,1.3701,1.37014,1.36983,1.37003,525630000,8
1718807040000,1718807519000,1.37003,1.37023,1.36979,1.36979,351750000,8
1718807520000,1718807999000,1.36978,1.36998,1.36976,1.36997,407910000,8
1718808000000,1718808479000,1.36996,1.37006,1.36987,1.36991,305130000,8
1718808480000,1718808959000,1.36994,1.37003,1.36977,1.37003,250650000,8
1718808960000,1718809439000,1.37003,1.37024,1.36987,1.36988,524970000,8
1718809440000,1718809919000,1.36995,1.37023,1.36991,1.37023,324690000,8
1718809920000,1718810399000,1.3702,1.37046,1.3702,1.37043,231360000,8
1718810400000,1718810879000,1.37043,1.37064,1.37042,1.37052,181740000,8
1718810880000,1718811359000,1.37054,1.37056,1.37034,1.37043,155850000,8
1718811360000,1718811839000,1.37045,1.37054,1.37036,1.37046,114600000,8
1718811840000,1718812319000,1.37046,1.37077,1.37041,1.37075,255390000,8
1718812320000,1718812799000,1.37075,1.37087,1.3707,1.37076,131130000,8
1718812800000,1718813279000,1.37076,1.37091,1.37075,1.37091,129000000,8
1718813280000,1718813759000,1.37088,1.37091,1.37083,1.37083,104400000,8
1718813760000,1718814239000,1.37084,1.37092,1.37083,1.3709,78000000,8
1718814240000,1718814719000,1.37091,1.37103,1.3709,1.371,139920000,8
1718814720000,1718815199000,1.37098,1.37132,1.37098,1.37132,60000000,8
1718815200000,1718815679000,1.37132,1.37135,1.3713,1.37131,32100000,8
1718815680000,1718816159000,1.37132,1.37141,1.37132,1.37132,84990000,8
1718816160000,1718816639000,1.3713,1.37138,1.37116,1.37134,176190000,8
1718816640000,1718817119000,1.37135,1.37136,1.37112,1.37113,83760000,8
1718817120000,1718817599000,1.37115,1.37125,1.37109,1.37125,40890000,8
1718817600000,1718818079000,1.37126,1.37128,1.37115,1.37118,38400000,8
1718818080000,1718818559000,1.37123,1.37138,1.37116,1.37138,86160000,8
1718818560000,1718819039000,1.37138,1.37138,1.37121,1.37124,29760000,8
1718819040000,1718819519000,1.37123,1.37128,1.37121,1.37122,19200000,8
1718819520000,1718819999000,1.37123,1.37137,1.37123,1.37131,46860000,8
1718820000000,1718820479000,1.37131,1.37145,1.3713,1.37141,62400000,8
1718820480000,1718820959000,1.37142,1.37142,1.37122,1.37125,83340000,8
1718820960000,1718821439000,1.37126,1.37133,1.37125,1.37132,31950000,8
1718821440000,1718821919000,1.37132,1.37132,1.37129,1.3713,46290000,8
1718821920000,1718822399000,1.37131,1.37131,1.37123,1.37124,49800000,8
1718822400000,1718822879000,1.37123,1.37133,1.37119,1.37127,94950000,8
1718822880000,1718823359000,1.37126,1.37126,1.37119,1.37123,68730000,8
1718823360000,1718823839000,1.37122,1.37124,1.37111,1.37113,112350000,8
1718823840000,1718824319000,1.37113,1.37126,1.37113,1.37126,76650000,8
1718824320000,1718824799000,1.37125,1.37129,1.37121,1.37127,59550000,8
1718824800000,1718825279000,1.37127,1.37129,1.37121,1.37123,59310000,8
1718825280000,1718825759000,1.37122,1.37123,1.37115,1.37115,41820000,8
1718825760000,1718826239000,1.37113,1.37114,1.37103,1.37103,57660000,8
1718826240000,1718826719000,1.37105,1.37105,1.37081,1.37085,71190000,8
1718826720000,1718827199000,1.37086,1.37088,1.37082,1.37085,67740000,8
1718827200000,1718827679000,1.37084,1.37085,1.37073,1.37075,108860000,8
1718827680000,1718828159000,1.37075,1.37076,1.37073,1.37074,14550000,8
1718828160000,1718828639000,1.37073,1.37077,1.37072,1.37075,51600000,8
1718828640000,1718829119000,1.37074,1.37077,1.37073,1.37076,35460000,8
1718829120000,1718829599000,1.37076,1.37078,1.37074,1.37075,22260000,8
1718829600000,1718830079000,1.37074,1.37075,1.3705,1.37052,81840000,8
1718830080000,1718830559000,1.37052,1.37064,1.37046,1.37062,65400000,8
1718830560000,1718831039000,1.37062,1.37062,1.37037,1.37049,29850000,8
1718831040000,1718831519000,1.3698,1.37078,1.3698,1.37077,96600000,8
1718831520000,1718831999000,1.37077,1.37088,1.37037,1.37045,98770000,8
1718832000000,1718832479000,1.37046,1.37051,1.37045,1.37049,30050000,8
1718832480000,1718832959000,1.37046,1.37055,1.37044,1.37051,55950000,8
1718832960000,1718833439000,1.37051,1.37053,1.37049,1.3705,78000000,8
1718833440000,1718833919000,1.3705,1.37057,1.37047,1.37057,76800000,8
1718833920000,1718834399000,1.37055,1.37063,1.37049,1.37054,43500000,8
1718834400000,1718834879000,1.37054,1.3708,1.37036,1.37067,344400000,8
1718834880000,1718835359000,1.37066,1.37074,1.37054,1.37063,105000000,8
1718835360000,1718835839000,1.37064,1.37067,1.37062,1.37066,35100000,8
1718835840000,1718836319000,1.37066,1.37078,1.37065,1.37077,40800000,8
1718836320000,1718836799000,1.37076,1.37078,1.37074,1.37074,57450000,8
1718836800000,1718837279000,1.37076,1.37084,1.37067,1.37074,142800000,8
1718837280000,1718837759000,1.37071,1.37074,1.3706,1.3706,112950000,8
1718837760000,1718838239000,1.37061,1.37064,1.37044,1.37044,165660000,8
1718838240000,1718838719000,1.37044,1.37064,1.37044,1.37058,131160000,8
1718838720000,1718839199000,1.37057,1.3706,1.37057,1.37059,16650000,8
1718839200000,1718839679000,1.3706,1.37061,1.37048,1.37054,50400000,8
1718839680000,1718840159000,1.37053,1.37053,1.37046,1.37046,21600000,8
1718840160000,1718840639000,1.37047,1.37053,1.37046,1.37048,83700000,8
1718840640000,1718841119000,1.37048,1.37057,1.37044,1.37046,132660000,8
1718841120000,1718841599000,1.37049,1.37064,1.37045,1.37064,269070000,8
1718841600000,1718842079000,1.37062,1.37112,1.37062,1.371,595530000,8
1718842080000,1718842559000,1.371,1.37113,1.37089,1.37109,500700000,8
1718842560000,1718843039000,1.3711,1.37117,1.37101,1.37117,295740000,8
1718843040000,1718843519000,1.37118,1.37127,1.37117,1.37126,142560000,8
1718843520000,1718843999000,1.37128,1.37135,1.37127,1.37129,179040000,8
1718844000000,1718844479000,1.37127,1.37136,1.37123,1.37128,213720000,8
1718844480000,1718844959000,1.37126,1.37128,1.37108,1.37128,462000000,8
1718844960000,1718845439000,1.37127,1.37131,1.37109,1.37109,498480000,8
1718845440000,1718845919000,1.37108,1.37112,1.37088,1.37109,379200000,8
1718845920000,1718846399000,1.37109,1.37168,1.37101,1.37163,843000000,8
1718846400000,1718846879000,1.37163,1.37168,1.3715,1.37152,436380000,8
1718846880000,1718847359000,1.37153,1.3717,1.3713,1.3713,483930000,8
1718847360000,1718847839000,1.37132,1.37136,1.37114,1.37115,432180000,8
1718847840000,1718848319000,1.37118,1.37134,1.37116,1.37126,175320000,8
1718848320000,1718848799000,1.37126,1.37135,1.37122,1.37128,174570000,8
1718848800000,1718849279000,1.37128,1.37148,1.37128,1.37135,138600000,8
1718849280000,1718849759000,1.37134,1.37152,1.37126,1.37152,189150000,8
1718849760000,1718850239000,1.37152,1.37155,1.37128,1.37134,173100000,8
1718850240000,1718850719000,1.37133,1.37142,1.37113,1.3714,236070000,8
1718850720000,1718851199000,1.3714,1.37156,1.37135,1.37149,198060000,8
1718851200000,1718851679000,1.37149,1.37156,1.37137,1.37141,127650000,8
1718851680000,1718852159000,1.37144,1.37158,1.3714,1.37148,370950000,8
1718852160000,1718852639000,1.37148,1.37158,1.37146,1.37147,364800000,8
1718852640000,1718853119000,1.37147,1.37152,1.37125,1.37126,112800000,8
1718853120000,1718853599000,1.37128,1.37136,1.37125,1.37127,80400000,8
1718853600000,1718854079000,1.37126,1.37134,1.37126,1.37132,117450000,8
1718854080000,1718854559000,1.37128,1.37142,1.37127,1.3714,58860000,8
1718854560000,1718855039000,1.37139,1.37142,1.37132,1.37132,101520000,8
1718855040000,1718855519000,1.37133,1.37139,1.37126,1.37126,166800000,8
1718855520000,1718855999000,1.37126,1.37128,1.3711,1.3711,676230000,8
1718856000000,1718856479000,1.3711,1.3712,1.37107,1.37116,342150000,8
1718856480000,1718856959000,1.37116,1.37124,1.37113,1.37116,423750000,8
1718856960000,1718857439000,1.37116,1.37117,1.37097,1.37097,276150000,8
1718857440000,1718857919000,1.37097,1.37115,1.37094,1.37115,217710000,8
1718857920000,1718858399000,1.37117,1.37126,1.37115,1.37122,211920000,8
1718858400000,1718858879000,1.37122,1.37129,1.37117,1.37129,279900000,8
1718858880000,1718859359000,1.37129,1.37138,1.37124,1.37135,309000000,8
1718859360000,1718859839000,1.37135,1.37136,1.37117,1.37117,365280000,8
1718859840000,1718860319000,1.37117,1.37129,1.37107,1.37127,217230000,8
1718860320000,1718860799000,1.37127,1.37147,1.37119,1.37145,196050000,8
1718860800000,1718861279000,1.37145,1.37154,1.37144,1.37146,228450000,8
1718861280000,1718861759000,1.37145,1.37154,1.37138,1.37141,320550000,8
1718861760000,1718862239000,1.3714,1.37148,1.37115,1.37116,290550000,8
1718862240000,1718862719000,1.37116,1.3715,1.37116,1.3715,353700000,8
1718862720000,1718863199000,1.3715,1.37151,1.37132,1.37137,481500000,8
1718863200000,1718863679000,1.37138,1.37156,1.3712,1.37151,673350000,8
1718863680000,1718864159000,1.37153,1.37155,1.37132,1.37132,449100000,8
1718864160000,1718864639000,1.37133,1.37136,1.37113,1.37113,196800000,8
1718864640000,1718865119000,1.37114,1.37118,1.37095,1.37117,366660000,8
1718865120000,1718865599000,1.37117,1.37164,1.37117,1.37146,454500000,8
1718865600000,1718866079000,1.37145,1.37154,1.37142,1.37143,379740000,8
1718866080000,1718866559000,1.37141,1.37149,1.37127,1.37127,238830000,8
1718866560000,1718867039000,1.37127,1.37145,1.37122,1.37126,406710000,8
1718867040000,1718867519000,1.37127,1.37129,1.37114,1.37116,152700000,8
1718867520000,1718867999000,1.37115,1.37126,1.37079,1.37086,518910000,8
1718868000000,1718868479000,1.37086,1.37099,1.37085,1.37087,288510000,8
1718868480000,1718868959000,1.37086,1.37087,1.37049,1.37079,588150000,8
1718868960000,1718869439000,1.37081,1.37129,1.37081,1.37095,646140000,8
1718869440000,1718869919000,1.37095,1.37134,1.3709,1.37107,768780000,8
1718869920000,1718870399000,1.37106,1.37135,1.37103,1.37119,499740000,8
1718870400000,1718870879000,1.3712,1.37143,1.37105,1.37124,975180000,8
1718870880000,1718871359000,1.37124,1.37142,1.37118,1.37134,600660000,8
1718871360000,1718871839000,1.37135,1.37169,1.37125,1.37156,603660000,8
1718871840000,1718872319000,1.37155,1.37187,1.37143,1.37179,514920000,8
1718872320000,1718872799000,1.37176,1.37176,1.37152,1.37161,223890000,8
1718872800000,1718873279000,1.37163,1.37183,1.37156,1.37183,258870000,8
1718873280000,1718873759000,1.3718,1.372,1.3717,1.37172,280800000,8
1718873760000,1718874239000,1.37172,1.37204,1.37169,1.37176,659010000,8
1718874240000,1718874719000,1.37177,1.37187,1.37171,1.37182,449640000,8
1718874720000,1718875199000,1.37182,1.37188,1.3716,1.37161,381240000,8
1718875200000,1718875679000,1.37163,1.37195,1.37159,1.37194,336210000,8
1718875680000,1718876159000,1.37193,1.37193,1.37148,1.37151,282960000,8
1718876160000,1718876639000,1.3715,1.3716,1.37138,1.3714,423540000,8
1718876640000,1718877119000,1.37142,1.37151,1.37131,1.37143,415230000,8
1718877120000,1718877599000,1.37142,1.37161,1.3714,1.37147,550830000,8
1718877600000,1718878079000,1.37151,1.37157,1.3713,1.37145,496620000,8
1718878080000,1718878559000,1.37147,1.37153,1.37133,1.37137,583830000,8
1718878560000,1718879039000,1.37136,1.37183,1.3713,1.37169,442140000,8
1718879040000,1718879519000,1.37168,1.37169,1.37125,1.37133,618900000,8
1718879520000,1718879999000,1.37134,1.37164,1.37128,1.37161,663930000,8
1718880000000,1718880479000,1.37159,1.37161,1.37118,1.3712,605160000,8
1718880480000,1718880959000,1.37121,1.3713,1.37103,1.37111,376950000,8
1718880960000,1718881439000,1.37112,1.37154,1.37111,1.37114,393930000,8
1718881440000,1718881919000,1.37113,1.37118,1.37062,1.37073,652360000,8
1718881920000,1718882399000,1.37074,1.37086,1.37064,1.37076,560400000,8
1718882400000,1718882879000,1.37075,1.37101,1.37073,1.37074,620310000,8
1718882880000,1718883359000,1.37075,1.37102,1.37075,1.37102,226950000,8
1718883360000,1718883839000,1.37103,1.37125,1.37102,1.37105,241620000,8
1718883840000,1718884319000,1.37105,1.37138,1.37102,1.37136,634500000,8
1718884320000,1718884799000,1.37136,1.37161,1.37135,1.3714,364650000,8
1718884800000,1718885279000,1.37141,1.37142,1.37089,1.371,891120000,8
1718885280000,1718885759000,1.37099,1.3711,1.37085,1.37094,899940000,8
1718885760000,1718886239000,1.37093,1.37122,1.37087,1.3711,432660000,8
1718886240000,1718886719000,1.3711,1.3711,1.37031,1.37047,963000000,8
1718886720000,1718887199000,1.37047,1.37089,1.37032,1.37071,1274790000,8
1718887200000,1718887679000,1.37071,1.37105,1.37068,1.37074,1071900000,8
1718887680000,1718888159000,1.37071,1.37079,1.3699,1.37022,1610070000,8
1718888160000,1718888639000,1.3702,1.37023,1.36982,1.37008,1124280000,8
1718888640000,1718889119000,1.37007,1.37048,1.36993,1.37016,848760000,8
1718889120000,1718889599000,1.37018,1.3703,1.36995,1.36996,458160000,8
1718889600000,1718890079000,1.36995,1.37021,1.36966,1.36967,665340000,8
1718890080000,1718890559000,1.36968,1.37075,1.3695,1.36996,1242600000,8
1718890560000,1718891039000,1.36996,1.37054,1.36945,1.36947,1000020000,8
1718891040000,1718891519000,1.3695,1.36954,1.36895,1.36932,1557710000,8
1718891520000,1718891999000,1.3693,1.36973,1.36896,1.36957,838780000,8
1718892000000,1718892479000,1.36956,1.36961,1.36889,1.36912,945840000,8
1718892480000,1718892959000,1.36918,1.36994,1.36918,1.36971,1049850000,8
1718892960000,1718893439000,1.36971,1.36971,1.36914,1.36923,931020000,8
1718893440000,1718893919000,1.36923,1.36941,1.36893,1.36935,692160000,8
1718893920000,1718894399000,1.36935,1.3694,1.36908,1.36912,590340000,8
1718894400000,1718894879000,1.36912,1.3695,1.3691,1.36929,754740000,8
1718894880000,1718895359000,1.36929,1.36988,1.36918,1.36982,1047180000,8
1718895360000,1718895839000,1.36981,1.36982,1.36895,1.369,1054170000,8
1718895840000,1718896319000,1.36901,1.36907,1.36867,1.36899,666990000,8
1718896320000,1718896799000,1.36902,1.36969,1.36902,1.3693,1014720000,8
1718896800000,1718897279000,1.3693,1.37012,1.3693,1.36994,863940000,8
1718897280000,1718897759000,1.36994,1.37007,1.3696,1.3696,779790000,8
1718897760000,1718898239000,1.36958,1.3701,1.36951,1.36962,584730000,8
1718898240000,1718898719000,1.36962,1.37028,1.36962,1.37008,647490000,8
1718898720000,1718899199000,1.3701,1.37075,1.36996,1.37046,839040000,8
1718899200000,1718899679000,1.37048,1.37082,1.3704,1.37078,690270000,8
1718899680000,1718900159000,1.37077,1.37086,1.37005,1.37008,1066590000,8
1718900160000,1718900639000,1.37009,1.3703,1.36994,1.37021,862500000,8
1718900640000,1718901119000,1.37026,1.37042,1.3702,1.37026,846600000,8
1718901120000,1718901599000,1.37027,1.37049,1.37011,1.37015,875040000,8
1718901600000,1718902079000,1.37017,1.37017,1.36975,1.36982,715140000,8
1718902080000,1718902559000,1.36981,1.37013,1.36954,1.36992,550920000,8
1718902560000,1718903039000,1.36992,1.3701,1.36968,1.36993,848010000,8
1718903040000,1718903519000,1.36993,1.37045,1.36987,1.37006,711510000,8
1718903520000,1718903999000,1.37007,1.37044,1.37005,1.37033,474300000,8
1718904000000,1718904479000,1.37033,1.3707,1.37023,1.37053,578790000,8
1718904480000,1718904959000,1.37053,1.37068,1.37027,1.3706,589410000,8
1718904960000,1718905439000,1.37061,1.37087,1.37019,1.3702,724320000,8
1718905440000,1718905919000,1.37019,1.3702,1.37,1.37017,734280000,8
1718905920000,1718906399000,1.37018,1.37024,1.36989,1.36994,435990000,8
1718906400000,1718906879000,1.36994,1.36994,1.36922,1.36924,625800000,8
1718906880000,1718907359000,1.36924,1.36944,1.36914,1.36935,425670000,8
1718907360000,1718907839000,1.36931,1.36934,1.3687,1.36873,523050000,8
1718907840000,1718908319000,1.36874,1.36878,1.36835,1.36852,561120000,8
1718908320000,1718908799000,1.36853,1.36901,1.36844,1.36884,694140000,8
1718908800000,1718909279000,1.36884,1.36914,1.36877,1.36902,553920000,8
1718909280000,1718909759000,1.36903,1.36914,1.36886,1.36888,366000000,8
1718909760000,1718910239000,1.36888,1.36909,1.36874,1.36904,812190000,8
1718910240000,1718910719000,1.36908,1.36926,1.36882,1.36887,506130000,8
1718910720000,1718911199000,1.36888,1.36902,1.3688,1.36886,274410000,8
1718911200000,1718911679000,1.36884,1.36898,1.36863,1.36867,451170000,8
1718911680000,1718912159000,1.36863,1.36874,1.36849,1.36869,410700000,8
1718912160000,1718912639000,1.3687,1.36894,1.36852,1.36863,416430000,8
1718912640000,1718913119000,1.36863,1.36873,1.36823,1.36824,649830000,8
1718913120000,1718913599000,1.36824,1.36843,1.36817,1.36822,676650000,8
1718913600000,1718914079000,1.36822,1.36835,1.36818,1.36821,316020000,8
1718914080000,1718914559000,1.36823,1.36852,1.36819,1.36851,331050000,8
1718914560000,1718915039000,1.36847,1.36876,1.36846,1.36874,292620000,8
1718915040000,1718915519000,1.36874,1.36885,1.36874,1.36882,368010000,8
1718915520000,1718915999000,1.36882,1.36913,1.36882,1.36909,385500000,8
1718916000000,1718916479000,1.36909,1.3691,1.36891,1.36891,272760000,8
1718916480000,1718916959000,1.36891,1.36907,1.36889,1.36891,304710000,8
1718916960000,1718917439000,1.36892,1.36896,1.36798,1.36807,185550000,8
1718917440000,1718917919000,1.36807,1.36879,1.36807,1.36864,91200000,8
1718917920000,1718918399000,1.36862,1.36897,1.36859,1.36892,61650000,8
1718918400000,1718918879000,1.36888,1.36902,1.36882,1.36902,132300000,8
1718918880000,1718919359000,1.36898,1.36908,1.36892,1.36898,166350000,8
1718919360000,1718919839000,1.36899,1.36906,1.36888,1.3689,242100000,8
1718919840000,1718920319000,1.36891,1.36894,1.36885,1.36889,222000000,8
1718920320000,1718920799000,1.36888,1.36892,1.36878,1.36889,185700000,8
1718920800000,1718921279000,1.36891,1.36902,1.36871,1.36884,163500000,8
1718921280000,1718921759000,1.36885,1.36891,1.36879,1.36888,132450000,8
1718921760000,1718922239000,1.36887,1.36889,1.36887,1.36888,108600000,8
1718922240000,1718922719000,1.36888,1.36893,1.36886,1.36891,101850000,8
1718922720000,1718923199000,1.36891,1.36898,1.36887,1.36892,160050000,8
1718923200000,1718923679000,1.36891,1.36894,1.36888,1.3689,183450000,8
1718923680000,1718924159000,1.36892,1.36892,1.36889,1.36892,35850000,8
1718924160000,1718924639000,1.36892,1.36892,1.36875,1.36877,167580000,8
1718924640000,1718925119000,1.36882,1.36883,1.36865,1.36872,242640000,8
1718925120000,1718925599000,1.36873,1.36873,1.36852,1.36854,132690000,8
1718925600000,1718926079000,1.36855,1.36855,1.36842,1.36843,37500000,8
1718926080000,1718926559000,1.36843,1.36853,1.36843,1.36852,82320000,8
1718926560000,1718927039000,1.36851,1.36856,1.3685,1.36853,78150000,8
1718927040000,1718927519000,1.36855,1.36855,1.36842,1.36843,43530000,8
1718927520000,1718927999000,1.36844,1.36844,1.36833,1.36841,104970000,8
1718928000000,1718928479000,1.36843,1.36853,1.36836,1.36846,250650000,8
1718928480000,1718928959000,1.36846,1.36872,1.36843,1.36871,149100000,8
1718928960000,1718929439000,1.36869,1.36877,1.36858,1.36863,167640000,8
1718929440000,1718929919000,1.36863,1.36874,1.3685,1.36855,351090000,8
1718929920000,1718930399000,1.36853,1.36865,1.36849,1.36862,114660000,8
1718930400000,1718930879000,1.36863,1.36876,1.36863,1.36872,93900000,8
1718930880000,1718931359000,1.36871,1.369,1.36866,1.36899,398130000,8
1718931360000,1718931839000,1.36899,1.36907,1.36878,1.36885,542850000,8
1718931840000,1718932319000,1.36884,1.36903,1.36877,1.36894,314760000,8
1718932320000,1718932799000,1.36892,1.36896,1.36863,1.36866,326850000,8
1718932800000,1718933279000,1.36865,1.36866,1.36848,1.36866,369360000,8
1718933280000,1718933759000,1.36864,1.36881,1.36844,1.36871,512250000,8
1718933760000,1718934239000,1.36871,1.36877,1.36861,1.36872,190800000,8
1718934240000,1718934719000,1.36873,1.36873,1.36847,1.3685,361270000,8
1718934720000,1718935199000,1.3685,1.3685,1.36834,1.36839,516600000,8
1718935200000,1718935679000,1.36838,1.36847,1.36815,1.36815,306000000,8
1718935680000,1718936159000,1.36815,1.36828,1.36812,1.36826,570270000,8
1718936160000,1718936639000,1.36826,1.36837,1.36825,1.36827,519930000,8
1718936640000,1718937119000,1.36827,1.36833,1.36823,1.36827,244980000,8
1718937120000,1718937599000,1.36827,1.36827,1.36796,1.36805,315360000,8
1718937600000,1718938079000,1.36806,1.36829,1.36806,1.36823,206250000,8
1718938080000,1718938559000,1.3682,1.36828,1.36812,1.36825,282000000,8
1718938560000,1718939039000,1.36823,1.3683,1.36816,1.36827,189750000,8
1718939040000,1718939519000,1.36829,1.36829,1.36819,1.36822,101550000,8
1718939520000,1718939999000,1.36825,1.36827,1.36816,1.36816,113850000,8
1718940000000,1718940479000,1.36816,1.36817,1.36803,1.36804,68640000,8
1718940480000,1718940959000,1.36804,1.36808,1.36794,1.36796,386250000,8
1718940960000,1718941439000,1.36795,1.36797,1.36784,1.36787,203130000,8
1718941440000,1718941919000,1.36787,1.36791,1.36785,1.36788,622650000,8
1718941920000,1718942399000,1.36788,1.36811,1.36786,1.36809,370110000,8
1718942400000,1718942879000,1.36811,1.36822,1.36792,1.36796,282060000,8
1718942880000,1718943359000,1.36795,1.36797,1.3679,1.36794,262050000,8
1718943360000,1718943839000,1.36794,1.368,1.36792,1.36794,321600000,8
1718943840000,1718944319000,1.36794,1.36798,1.36792,1.36797,322590000,8
1718944320000,1718944799000,1.36797,1.36798,1.36786,1.36786,419750000,8
1718944800000,1718945279000,1.36787,1.36792,1.36782,1.36782,116550000,8
1718945280000,1718945759000,1.36781,1.36785,1.36778,1.36779,111060000,8
1718945760000,1718946239000,1.36779,1.36781,1.36766,1.36768,461280000,8
1718946240000,1718946719000,1.36769,1.36772,1.36748,1.36757,252690000,8
1718946720000,1718947199000,1.36757,1.36761,1.36746,1.36749,433200000,8
1718947200000,1718947679000,1.36748,1.36761,1.36746,1.36759,367350000,8
1718947680000,1718948159000,1.36759,1.36759,1.3675,1.36751,127050000,8
1718948160000,1718948639000,1.36748,1.36759,1.36742,1.36752,302550000,8
1718948640000,1718949119000,1.36752,1.36775,1.36751,1.36772,255150000,8
1718949120000,1718949599000,1.3677,1.36773,1.36746,1.36754,356400000,8
1718949600000,1718950079000,1.36756,1.36757,1.36741,1.36751,559350000,8
1718950080000,1718950559000,1.36752,1.36766,1.36747,1.36762,684300000,8
1718950560000,1718951039000,1.36762,1.36783,1.36759,1.36781,316800000,8
1718951040000,1718951519000,1.36781,1.36794,1.36776,1.36789,367800000,8
1718951520000,1718951999000,1.36789,1.36803,1.36783,1.36801,325770000,8
1718952000000,1718952479000,1.36802,1.36811,1.36789,1.36798,349620000,8
1718952480000,1718952959000,1.36797,1.36817,1.36797,1.36816,232410000,8
1718952960000,1718953439000,1.36817,1.36836,1.36809,1.36827,376290000,8
1718953440000,1718953919000,1.36828,1.36865,1.36828,1.36833,637380000,8
1718953920000,1718954399000,1.36834,1.36866,1.36811,1.36856,969510000,8
1718954400000,1718954879000,1.36857,1.3688,1.36848,1.36853,728460000,8
1718954880000,1718955359000,1.36854,1.3694,1.36843,1.36934,1338150000,8
1718955360000,1718955839000,1.36936,1.36972,1.36916,1.36931,1298100000,8
1718955840000,1718956319000,1.36931,1.36951,1.36912,1.36936,854190000,8
1718956320000,1718956799000,1.36938,1.36958,1.36929,1.36939,516180000,8
1718956800000,1718957279000,1.36941,1.36956,1.36911,1.36927,1466670000,8
1718957280000,1718957759000,1.3693,1.36931,1.3688,1.3688,959770000,8
1718957760000,1718958239000,1.36881,1.36913,1.3688,1.369,1365180000,8
1718958240000,1718958719000,1.36899,1.3692,1.36882,1.3689,1246590000,8
1718958720000,1718959199000,1.36889,1.36911,1.36887,1.36892,406050000,8
1718959200000,1718959679000,1.36891,1.36896,1.36859,1.36882,415380000,8
1718959680000,1718960159000,1.36883,1.36894,1.36872,1.36891,1072980000,8
1718960160000,1718960639000,1.36893,1.36911,1.36873,1.3689,1073820000,8
1718960640000,1718961119000,1.3689,1.36891,1.36858,1.36891,781170000,8
1718961120000,1718961599000,1.36891,1.36971,1.3689,1.36962,576990000,8
1718961600000,1718962079000,1.36959,1.36978,1.3694,1.36946,716460000,8
1718962080000,1718962559000,1.36945,1.36945,1.36917,1.36922,344280000,8
1718962560000,1718963039000,1.36925,1.36933,1.36915,1.36927,401100000,8
1718963040000,1718963519000,1.36927,1.36941,1.36921,1.36928,503160000,8
1718963520000,1718963999000,1.36929,1.36929,1.36898,1.36898,400980000,8
1718964000000,1718964479000,1.36898,1.36936,1.36896,1.36926,847110000,8
1718964480000,1718964959000,1.36926,1.36956,1.36926,1.36939,397200000,8
1718964960000,1718965439000,1.36938,1.3695,1.36929,1.36929,476400000,8
1718965440000,1718965919000,1.36929,1.36958,1.36922,1.36955,545550000,8
1718965920000,1718966399000,1.36956,1.36988,1.36949,1.36959,425580000,8
1718966400000,1718966879000,1.36959,1.3699,1.36956,1.36987,431100000,8
1718966880000,1718967359000,1.3699,1.36998,1.36963,1.36965,565710000,8
1718967360000,1718967839000,1.36966,1.36966,1.36928,1.36932,1007670000,8
1718967840000,1718968319000,1.36934,1.36945,1.36905,1.36909,447210000,8
1718968320000,1718968799000,1.36909,1.36916,1.36899,1.36902,357930000,8
1718968800000,1718969279000,1.36907,1.3691,1.36877,1.36894,327000000,8
1718969280000,1718969759000,1.36894,1.36906,1.36888,1.36893,413490000,8
1718969760000,1718970239000,1.36892,1.36935,1.36889,1.36933,603780000,8
1718970240000,1718970719000,1.36934,1.36944,1.36913,1.36922,507780000,8
1718970720000,1718971199000,1.36922,1.36925,1.36892,1.36913,640650000,8
1718971200000,1718971679000,1.36912,1.36912,1.36875,1.36893,920100000,8
1718971680000,1718972159000,1.36892,1.36913,1.36887,1.36912,365220000,8
1718972160000,1718972639000,1.36911,1.36986,1.36911,1.36983,608520000,8
1718972640000,1718973119000,1.36983,1.36989,1.36887,1.3695,993770000,8
1718973120000,1718973599000,1.36947,1.36974,1.36935,1.36947,913260000,8
1718973600000,1718974079000,1.36946,1.36967,1.36939,1.36958,695210000,8
1718974080000,1718974559000,1.36957,1.3704,1.36955,1.37034,675060000,8
1718974560000,1718975039000,1.37033,1.37049,1.36962,1.36973,979350000,8
1718975040000,1718975519000,1.36971,1.3702,1.36955,1.3702,564930000,8
1718975520000,1718975999000,1.3702,1.37028,1.36984,1.36998,614020000,8
1718976000000,1718976479000,1.36997,1.37049,1.36991,1.37035,487200000,8
1718976480000,1718976959000,1.37036,1.37085,1.37001,1.37067,1601010000,8
1718976960000,1718977439000,1.37068,1.37074,1.36992,1.37056,1763970000,8
1718977440000,1718977919000,1.37055,1.37177,1.37022,1.37046,2983120000,8
1718977920000,1718978399000,1.37046,1.37109,1.37011,1.3702,2543990000,8
1718978400000,1718978879000,1.37022,1.37042,1.36964,1.36965,1837590000,8
1718978880000,1718979359000,1.36967,1.3699,1.36917,1.36946,1274310000,8
1718979360000,1718979839000,1.36943,1.36989,1.36939,1.36982,984870000,8
1718979840000,1718980319000,1.36979,1.36994,1.36931,1.36938,984990000,8
1718980320000,1718980799000,1.36938,1.36996,1.36929,1.36995,1022280000,8
1718980800000,1718981279000,1.36997,1.37056,1.36978,1.37055,956010000,8
1718981280000,1718981759000,1.37056,1.37064,1.37025,1.37033,1222260000,8
1718981760000,1718982239000,1.37033,1.37067,1.36994,1.37027,1604390000,8
1718982240000,1718982719000,1.37027,1.37069,1.37024,1.37035,1378830000,8
1718982720000,1718983199000,1.37035,1.37127,1.37024,1.37115,1075800000,8
1718983200000,1718983679000,1.37117,1.37164,1.37117,1.37142,767640000,8
1718983680000,1718984159000,1.3714,1.37146,1.37103,1.37111,2065770000,8
1718984160000,1718984639000,1.3711,1.37124,1.37094,1.37119,1339710000,8
1718984640000,1718985119000,1.3712,1.37122,1.37044,1.3705,1054910000,8
1718985120000,1718985599000,1.37051,1.37058,1.37006,1.37006,1148850000,8
1718985600000,1718986079000,1.37005,1.37023,1.36987,1.36992,578640000,8
1718986080000,1718986559000,1.36992,1.37052,1.36989,1.37041,621960000,8
1718986560000,1718987039000,1.3704,1.37065,1.37032,1.3705,438150000,8
1718987040000,1718987519000,1.3705,1.37076,1.37049,1.37068,572100000,8
1718987520000,1718987999000,1.37068,1.37084,1.37055,1.3706,524430000,8
1718988000000,1718988479000,1.3706,1.37069,1.37028,1.37052,637320000,8
1718988480000,1718988959000,1.37052,1.37054,1.37023,1.37043,766620000,8
1718988960000,1718989439000,1.37044,1.37058,1.3703,1.37042,776760000,8
1718989440000,1718989919000,1.37048,1.37076,1.37039,1.37042,463530000,8
1718989920000,1718990399000,1.37042,1.37059,1.37038,1.37058,719730000,8
1718990400000,1718990879000,1.37059,1.37069,1.37043,1.37057,717420000,8
1718990880000,1718991359000,1.37053,1.37068,1.37034,1.37067,910650000,8
1718991360000,1718991839000,1.37066,1.37067,1.37006,1.37021,777540000,8
1718991840000,1718992319000,1.37022,1.3704,1.3701,1.37011,515640000,8
1718992320000,1718992799000,1.37012,1.37027,1.36995,1.37026,1039080000,8
1718992800000,1718993279000,1.37027,1.37069,1.37027,1.37052,624900000,8
1718993280000,1718993759000,1.37053,1.37062,1.37036,1.37038,1023300000,8
1718993760000,1718994239000,1.37039,1.37042,1.37016,1.37035,604650000,8
1718994240000,1718994719000,1.37036,1.37037,1.36994,1.37007,523110000,8
1718994720000,1718995199000,1.37009,1.37028,1.37002,1.37013,387300000,8
1718995200000,1718995679000,1.37012,1.37026,1.37008,1.37013,334650000,8
1718995680000,1718996159000,1.37013,1.37022,1.37007,1.37007,235680000,8
1718996160000,1718996639000,1.37007,1.37007,1.3696,1.36963,535680000,8
1718996640000,1718997119000,1.3696,1.36986,1.36953,1.36979,394110000,8
1718997120000,1718997599000,1.36981,1.36994,1.36956,1.36959,715890000,8
1718997600000,1718998079000,1.3696,1.36964,1.36946,1.36959,679560000,8
1718998080000,1718998559000,1.36958,1.36988,1.36948,1.36976,446580000,8
1718998560000,1718999039000,1.36976,1.36985,1.36961,1.36976,370260000,8
1718999040000,1718999519000,1.36976,1.37005,1.36973,1.36986,318810000,8
1718999520000,1718999999000,1.36985,1.3699,1.36953,1.36973,878130000,8
1719000000000,1719000479000,1.36973,1.36975,1.36963,1.36964,277140000,8
1719000480000,1719000959000,1.36964,1.36966,1.36946,1.36947,320970000,8
1719000960000,1719001439000,1.36946,1.36957,1.36943,1.36945,227580000,8
1719001440000,1719001919000,1.36945,1.3697,1.36934,1.36965,459300000,8
1719001920000,1719002399000,1.36965,1.36977,1.36961,1.36962,499980000,8
1719002400000,1719002879000,1.36961,1.36978,1.3695,1.3695,425220000,8
1719002880000,1719003359000,1.36949,1.36953,1.3692,1.3694,368700000,8
1719003360000,1719003839000,1.36937,1.36941,1.36889,1.36941,466650000,8
1719003840000,1719004319000,1.36941,1.36941,1.36941,1.36941,0,8
1719004320000,1719004799000,1.36941,1.36941,1.36941,1.36941,0,8
1719004800000,1719005279000,1.36941,1.36941,1.36941,1.36941,0,8
1719005280000,1719005759000,1.36941,1.36941,1.36941,1.36941,0,8
1719005760000,1719006239000,1.36941,1.36941,1.36941,1.36941,0,8
1719006240000,1719006719000,1.36941,1.36941,1.36941,1.36941,0,8
1719006720000,1719007199000,1.36941,1.36941,1.36941,1.36941,0,8
1719007200000,1719007679000,1.36941,1.36941,1.36941,1.36941,0,8
1719007680000,1719008159000,1.36941,1.36941,1.36941,1.36941,0,8
1719008160000,1719008639000,1.36941,1.36941,1.36941,1.36941,0,8
1719008640000,1719009119000,1.36941,1.36941,1.36941,1.36941,0,8
1719009120000,1719009599000,1.36941,1.36941,1.36941,1.36941,0,8
1719009600000,1719010079000,1.36941,1.36941,1.36941,1.36941,0,8
1719010080000,1719010559000,1.36941,1.36941,1.36941,1.36941,0,8
1719010560000,1719011039000,1.36941,1.36941,1.36941,1.36941,0,8
1719011040000,1719011519000,1.36941,1.36941,1.36941,1.36941,0,8
1719011520000,1719011999000,1.36941,1.36941,1.36941,1.36941,0,8
1719012000000,1719012479000,1.36941,1.36941,1.36941,1.36941,0,8
1719012480000,1719012959000,1.36941,1.36941,1.36941,1.36941,0,8
1719012960000,1719013439000,1.36941,1.36941,1.36941,1.36941,0,8
1719013440000,1719013919000,1.36941,1.36941,1.36941,1.36941,0,8
1719013920000,1719014399000,1.36941,1.36941,1.36941,1.36941,0,8
1719100800000,1719101279000,1.36941,1.36941,1.36941,1.36941,0,8
1719101280000,1719101759000,1.36941,1.36941,1.36941,1.36941,0,8
1719101760000,1719102239000,1.36941,1.36941,1.36941,1.36941,0,8
1719102240000,1719102719000,1.36941,1.36941,1.36941,1.36941,0,8
1719102720000,1719103199000,1.36941,1.36941,1.36941,1.36941,0,8
1719103200000,1719103679000,1.36941,1.36941,1.36941,1.36941,0,8
1719103680000,1719104159000,1.36941,1.36941,1.36941,1.36941,0,8
1719104160000,1719104639000,1.36941,1.36941,1.36941,1.36941,0,8
1719104640000,1719105119000,1.36941,1.36941,1.36941,1.36941,0,8
1719105120000,1719105599000,1.36941,1.36941,1.36941,1.36941,0,8
1719105600000,1719106079000,1.36941,1.36941,1.36941,1.36941,0,8
1719106080000,1719106559000,1.36941,1.36941,1.36941,1.36941,0,8
1719106560000,1719107039000,1.36941,1.36941,1.36941,1.36941,0,8
1719107040000,1719107519000,1.36941,1.36941,1.36941,1.36941,0,8
1719107520000,1719107999000,1.36941,1.36941,1.36941,1.36941,0,8
1719108000000,1719108479000,1.36941,1.36941,1.36941,1.36941,0,8
1719108480000,1719108959000,1.36941,1.36941,1.36941,1.36941,0,8
1719108960000,1719109439000,1.36941,1.36941,1.36941,1.36941,0,8
1719109440000,1719109919000,1.36941,1.36941,1.36941,1.36941,0,8
1719109920000,1719110399000,1.36941,1.36941,1.36941,1.36941,0,8
1719110400000,1719110879000,1.36941,1.36941,1.36941,1.36941,0,8
1719110880000,1719111359000,1.36941,1.36941,1.36941,1.36941,0,8
1719111360000,1719111839000,1.36941,1.36941,1.36941,1.36941,0,8
1719111840000,1719112319000,1.36941,1.36941,1.36941,1.36941,0,8
1719112320000,1719112799000,1.36941,1.36941,1.36941,1.36941,0,8
1719112800000,1719113279000,1.36941,1.36941,1.36941,1.36941,0,8
1719113280000,1719113759000,1.36941,1.36941,1.36941,1.36941,0,8
1719113760000,1719114239000,1.36941,1.36941,1.36941,1.36941,0,8
1719114240000,1719114719000,1.36941,1.36941,1.36941,1.36941,0,8
1719114720000,1719115199000,1.36941,1.36941,1.36941,1.36941,0,8
1719115200000,1719115679000,1.36941,1.36941,1.36941,1.36941,0,8
1719115680000,1719116159000,1.36941,1.36941,1.36941,1.36941,0,8
1719116160000,1719116639000,1.36941,1.36941,1.36941,1.36941,0,8
1719116640000,1719117119000,1.36941,1.36941,1.36941,1.36941,0,8
1719117120000,1719117599000,1.36941,1.36941,1.36941,1.36941,0,8
1719117600000,1719118079000,1.36941,1.36941,1.36941,1.36941,0,8
1719118080000,1719118559000,1.36941,1.36941,1.36941,1.36941,0,8
1719118560000,1719119039000,1.36941,1.36941,1.36941,1.36941,0,8
1719119040000,1719119519000,1.36941,1.36941,1.36941,1.36941,0,8
1719119520000,1719119999000,1.36941,1.36941,1.36941,1.36941,0,8
1719120000000,1719120479000,1.36941,1.36941,1.36941,1.36941,0,8
1719120480000,1719120959000,1.36941,1.36941,1.36941,1.36941,0,8
1719120960000,1719121439000,1.36941,1.36941,1.36941,1.36941,0,8
1719121440000,1719121919000,1.36941,1.36941,1.36941,1.36941,0,8
1719121920000,1719122399000,1.36941,1.36941,1.36941,1.36941,0,8
1719122400000,1719122879000,1.36941,1.36941,1.36941,1.36941,0,8
1719122880000,1719123359000,1.36941,1.36941,1.36941,1.36941,0,8
1719123360000,1719123839000,1.36941,1.36941,1.36941,1.36941,0,8
1719123840000,1719124319000,1.36941,1.36941,1.36941,1.36941,0,8
1719124320000,1719124799000,1.36941,1.36941,1.36941,1.36941,0,8
1719124800000,1719125279000,1.36941,1.36941,1.36941,1.36941,0,8
1719125280000,1719125759000,1.36941,1.36941,1.36941,1.36941,0,8
1719125760000,1719126239000,1.36941,1.36941,1.36941,1.36941,0,8
1719126240000,1719126719000,1.36941,1.36941,1.36941,1.36941,0,8
1719126720000,1719127199000,1.36941,1.36941,1.36941,1.36941,0,8
1719127200000,1719127679000,1.36941,1.36941,1.36941,1.36941,0,8
1719127680000,1719128159000,1.36941,1.36941,1.36941,1.36941,0,8
1719128160000,1719128639000,1.36941,1.36941,1.36941,1.36941,0,8
1719128640000,1719129119000,1.36941,1.36941,1.36941,1.36941,0,8
1719129120000,1719129599000,1.36941,1.36941,1.36941,1.36941,0,8
1719129600000,1719130079000,1.36941,1.36941,1.36941,1.36941,0,8
1719130080000,1719130559000,1.36941,1.36941,1.36941,1.36941,0,8
1719130560000,1719131039000,1.36941,1.36941,1.36941,1.36941,0,8
1719131040000,1719131519000,1.36941,1.36941,1.36941,1.36941,0,8
1719131520000,1719131999000,1.36941,1.36941,1.36941,1.36941,0,8
1719132000000,1719132479000,1.36941,1.36941,1.36941,1.36941,0,8
1719132480000,1719132959000,1.36941,1.36941,1.36941,1.36941,0,8
1719132960000,1719133439000,1.36941,1.36941,1.36941,1.36941,0,8
1719133440000,1719133919000,1.36941,1.36941,1.36941,1.36941,0,8
1719133920000,1719134399000,1.36941,1.36941,1.36941,1.36941,0,8
1719134400000,1719134879000,1.36941,1.36941,1.36941,1.36941,0,8
1719134880000,1719135359000,1.36941,1.36941,1.36941,1.36941,0,8
1719135360000,1719135839000,1.36941,1.36941,1.36941,1.36941,0,8
1719135840000,1719136319000,1.36941,1.36941,1.36941,1.36941,0,8
1719136320000,1719136799000,1.36941,1.36941,1.36941,1.36941,0,8
1719136800000,1719137279000,1.36941,1.36941,1.36941,1.36941,0,8
1719137280000,1719137759000,1.36941,1.36941,1.36941,1.36941,0,8
1719137760000,1719138239000,1.36941,1.36941,1.36941,1.36941,0,8
1719138240000,1719138719000,1.36941,1.36941,1.36941,1.36941,0,8
1719138720000,1719139199000,1.36941,1.36941,1.36941,1.36941,0,8
1719139200000,1719139679000,1.36941,1.36941,1.36941,1.36941,0,8
1719139680000,1719140159000,1.36941,1.36941,1.36941,1.36941,0,8
1719140160000,1719140639000,1.36941,1.36941,1.36941,1.36941,0,8
1719140640000,1719141119000,1.36941,1.36941,1.36941,1.36941,0,8
1719141120000,1719141599000,1.36941,1.36941,1.36941,1.36941,0,8
1719141600000,1719142079000,1.36941,1.36941,1.36941,1.36941,0,8
1719142080000,1719142559000,1.36941,1.36941,1.36941,1.36941,0,8
1719142560000,1719143039000,1.36941,1.36941,1.36941,1.36941,0,8
1719143040000,1719143519000,1.36941,1.36941,1.36941,1.36941,0,8
1719143520000,1719143999000,1.36941,1.36941,1.36941,1.36941,0,8
1719144000000,1719144479000,1.36941,1.36941,1.36941,1.36941,0,8
1719144480000,1719144959000,1.36941,1.36941,1.36941,1.36941,0,8
1719144960000,1719145439000,1.36941,1.36941,1.36941,1.36941,0,8
1719145440000,1719145919000,1.36941,1.36941,1.36941,1.36941,0,8
1719145920000,1719146399000,1.36941,1.36941,1.36941,1.36941,0,8
1719146400000,1719146879000,1.36941,1.36941,1.36941,1.36941,0,8
1719146880000,1719147359000,1.36941,1.36941,1.36941,1.36941,0,8
1719147360000,1719147839000,1.36941,1.36941,1.36941,1.36941,0,8
1719147840000,1719148319000,1.36941,1.36941,1.36941,1.36941,0,8
1719148320000,1719148799000,1.36941,1.36941,1.36941,1.36941,0,8
1719148800000,1719149279000,1.36941,1.36941,1.36941,1.36941,0,8
1719149280000,1719149759000,1.36941,1.36941,1.36941,1.36941,0,8
1719149760000,1719150239000,1.36941,1.36941,1.36941,1.36941,0,8
1719150240000,1719150719000,1.36941,1.36941,1.36941,1.36941,0,8
1719150720000,1719151199000,1.36941,1.36941,1.36941,1.36941,0,8
1719151200000,1719151679000,1.36941,1.36941,1.36941,1.36941,0,8
1719151680000,1719152159000,1.36941,1.36941,1.36941,1.36941,0,8
1719152160000,1719152639000,1.36941,1.36941,1.36941,1.36941,0,8
1719152640000,1719153119000,1.36941,1.36941,1.36941,1.36941,0,8
1719153120000,1719153599000,1.36941,1.36941,1.36941,1.36941,0,8
1719153600000,1719154079000,1.36941,1.36941,1.36941,1.36941,0,8
1719154080000,1719154559000,1.36941,1.36941,1.36941,1.36941,0,8
1719154560000,1719155039000,1.36941,1.36941,1.36941,1.36941,0,8
1719155040000,1719155519000,1.36941,1.36941,1.36941,1.36941,0,8
1719155520000,1719155999000,1.36941,1.36941,1.36941,1.36941,0,8
1719156000000,1719156479000,1.36941,1.36941,1.36941,1.36941,0,8
1719156480000,1719156959000,1.36941,1.36941,1.36941,1.36941,0,8
1719156960000,1719157439000,1.36941,1.36941,1.36941,1.36941,0,8
1719157440000,1719157919000,1.36941,1.36941,1.36941,1.36941,0,8
1719157920000,1719158399000,1.36941,1.36941,1.36941,1.36941,0,8
1719158400000,1719158879000,1.36941,1.36941,1.36941,1.36941,0,8
1719158880000,1719159359000,1.36941,1.36941,1.36941,1.36941,0,8
1719159360000,1719159839000,1.36941,1.36941,1.36941,1.36941,0,8
1719159840000,1719160319000,1.36941,1.36941,1.36941,1.36941,0,8
1719160320000,1719160799000,1.36941,1.36941,1.36941,1.36941,0,8
1719160800000,1719161279000,1.36941,1.36941,1.36941,1.36941,0,8
1719161280000,1719161759000,1.36941,1.36941,1.36941,1.36941,0,8
1719161760000,1719162239000,1.36941,1.36941,1.36941,1.36941,0,8
1719162240000,1719162719000,1.36941,1.36941,1.36941,1.36941,0,8
1719162720000,1719163199000,1.36941,1.36941,1.36941,1.36941,0,8
1719163200000,1719163679000,1.36941,1.36941,1.36941,1.36941,0,8
1719163680000,1719164159000,1.36941,1.36941,1.36941,1.36941,0,8
1719164160000,1719164639000,1.36941,1.36941,1.36941,1.36941,0,8
1719164640000,1719165119000,1.36941,1.36941,1.36941,1.36941,0,8
1719165120000,1719165599000,1.36941,1.36941,1.36941,1.36941,0,8
1719165600000,1719166079000,1.36941,1.36941,1.36941,1.36941,0,8
1719166080000,1719166559000,1.36941,1.36941,1.36941,1.36941,0,8
1719166560000,1719167039000,1.36941,1.36941,1.36941,1.36941,0,8
1719167040000,1719167519000,1.36941,1.36941,1.36941,1.36941,0,8
1719167520000,1719167999000,1.36941,1.36941,1.36941,1.36941,0,8
1719168000000,1719168479000,1.36941,1.36941,1.36941,1.36941,0,8
1719168480000,1719168959000,1.36941,1.36941,1.36941,1.36941,0,8
1719168960000,1719169439000,1.36941,1.36941,1.36941,1.36941,0,8
1719169440000,1719169919000,1.36941,1.36941,1.36941,1.36941,0,8
1719169920000,1719170399000,1.36941,1.36941,1.36941,1.36941,0,8
1719170400000,1719170879000,1.36941,1.36941,1.36941,1.36941,0,8
1719170880000,1719171359000,1.36941,1.36941,1.36941,1.36941,0,8
1719171360000,1719171839000,1.36941,1.36941,1.36941,1.36941,0,8
1719171840000,1719172319000,1.36941,1.36941,1.36941,1.36941,0,8
1719172320000,1719172799000,1.36941,1.36941,1.36941,1.36941,0,8
1719172800000,1719173279000,1.36941,1.36941,1.36941,1.36941,0,8
1719173280000,1719173759000,1.36941,1.36941,1.36941,1.36941,0,8
1719173760000,1719174239000,1.36941,1.36941,1.36941,1.36941,0,8
1719174240000,1719174719000,1.36941,1.36941,1.36941,1.36941,0,8
1719174720000,1719175199000,1.36941,1.36941,1.36941,1.36941,0,8
1719175200000,1719175679000,1.36941,1.36941,1.36941,1.36941,0,8
1719175680000,1719176159000,1.36941,1.36941,1.36941,1.36941,0,8
1719176160000,1719176639000,1.36941,1.36941,1.36875,1.36875,9900000,8
1719176640000,1719177119000,1.36875,1.3693,1.36875,1.36923,51450000,8
1719177120000,1719177599000,1.36918,1.36933,1.36896,1.36922,27150000,8
1719177600000,1719178079000,1.36922,1.3694,1.36916,1.36933,51900000,8
1719178080000,1719178559000,1.36929,1.36938,1.36929,1.36937,160200000,8
1719178560000,1719179039000,1.36935,1.36935,1.36921,1.36924,38400000,8
1719179040000,1719179519000,1.36924,1.36936,1.36924,1.36934,25950000,8
1719179520000,1719179999000,1.36934,1.36937,1.36927,1.36934,131040000,8
1719180000000,1719180479000,1.36933,1.36937,1.36907,1.3691,124770000,8
1719180480000,1719180959000,1.36912,1.36929,1.3691,1.36927,93450000,8
1719180960000,1719181439000,1.36925,1.36937,1.36925,1.36934,597300000,8
1719181440000,1719181919000,1.36938,1.36952,1.36932,1.36952,230850000,8
1719181920000,1719182399000,1.36949,1.3696,1.36946,1.36951,430470000,8
1719182400000,1719182879000,1.36951,1.36961,1.36949,1.36949,112800000,8
1719182880000,1719183359000,1.36947,1.36954,1.36941,1.36942,262800000,8
1719183360000,1719183839000,1.36941,1.36952,1.36917,1.36925,421140000,8
1719183840000,1719184319000,1.36923,1.36927,1.36907,1.36923,325380000,8
1719184320000,1719184799000,1.36924,1.36932,1.36916,1.3693,140400000,8
1719184800000,1719185279000,1.36931,1.36943,1.36929,1.36943,229050000,8
1719185280000,1719185759000,1.36942,1.3697,1.36941,1.36963,154800000,8
1719185760000,1719186239000,1.36965,1.36989,1.36965,1.36985,136800000,8
1719186240000,1719186719000,1.36985,1.37,1.36978,1.36999,289470000,8
1719186720000,1719187199000,1.36999,1.37021,1.36997,1.37003,305460000,8
1719187200000,1719187679000,1.37002,1.37028,1.36999,1.37024,521850000,8
1719187680000,1719188159000,1.37024,1.37029,1.37008,1.37018,322350000,8
1719188160000,1719188639000,1.37017,1.37034,1.37007,1.37019,343950000,8
1719188640000,1719189119000,1.3702,1.37023,1.37007,1.37009,607800000,8
1719189120000,1719189599000,1.37008,1.3701,1.36991,1.36999,220500000,8
1719189600000,1719190079000,1.36999,1.37,1.36979,1.36985,562650000,8
1719190080000,1719190559000,1.36985,1.36999,1.3696,1.36962,289560000,8
1719190560000,1719191039000,1.36962,1.36987,1.36961,1.36973,247650000,8
1719191040000,1719191519000,1.36971,1.37015,1.3697,1.37013,476250000,8
1719191520000,1719191999000,1.37013,1.37079,1.37001,1.37059,829620000,8
1719192000000,1719192479000,1.37061,1.37071,1.37047,1.37048,615750000,8
1719192480000,1719192959000,1.37048,1.37067,1.3704,1.37055,906930000,8
1719192960000,1719193439000,1.37054,1.37055,1.37025,1.37043,874290000,8
1719193440000,1719193919000,1.37041,1.37043,1.37014,1.37022,664890000,8
1719193920000,1719194399000,1.37024,1.37034,1.37019,1.3702,328320000,8
1719194400000,1719194879000,1.37019,1.37035,1.37012,1.37019,978450000,8
1719194880000,1719195359000,1.37019,1.37032,1.37017,1.37026,219690000,8
1719195360000,1719195839000,1.37026,1.37031,1.36995,1.36997,413760000,8
1719195840000,1719196319000,1.36997,1.36998,1.36958,1.36968,297210000,8
1719196320000,1719196799000,1.36968,1.36976,1.36965,1.36969,353100000,8
1719196800000,1719197279000,1.3697,1.36979,1.36969,1.36979,244500000,8
1719197280000,1719197759000,1.36978,1.36979,1.36959,1.36965,203970000,8
1719197760000,1719198239000,1.36964,1.36983,1.36956,1.36957,398670000,8
1719198240000,1719198719000,1.36956,1.36968,1.3695,1.36961,217350000,8
1719198720000,1719199199000,1.36958,1.36965,1.36951,1.36963,172200000,8
1719199200000,1719199679000,1.36963,1.36973,1.3695,1.36953,264900000,8
1719199680000,1719200159000,1.36952,1.3696,1.36943,1.36954,377100000,8
1719200160000,1719200639000,1.36954,1.36956,1.36942,1.36943,238800000,8
1719200640000,1719201119000,1.36945,1.36968,1.36944,1.36962,165450000,8
1719201120000,1719201599000,1.36964,1.36966,1.36959,1.36962,89700000,8
1719201600000,1719202079000,1.36961,1.36966,1.36957,1.36965,195750000,8
1719202080000,1719202559000,1.36965,1.36965,1.36957,1.36959,53250000,8
1719202560000,1719203039000,1.36961,1.36962,1.36947,1.36952,625650000,8
1719203040000,1719203519000,1.36953,1.36959,1.36941,1.36942,711600000,8
1719203520000,1719203999000,1.36945,1.36948,1.36935,1.36944,456000000,8
1719204000000,1719204479000,1.36944,1.36947,1.36933,1.36943,904050000,8
1719204480000,1719204959000,1.36945,1.36948,1.36936,1.3694,532800000,8
1719204960000,1719205439000,1.36941,1.36945,1.36922,1.36922,424200000,8
1719205440000,1719205919000,1.36921,1.36925,1.36904,1.36906,341250000,8
1719205920000,1719206399000,1.36906,1.36924,1.36906,1.36922,247200000,8
1719206400000,1719206879000,1.36919,1.36934,1.36919,1.36931,263550000,8
1719206880000,1719207359000,1.3693,1.36934,1.36907,1.36915,439650000,8
1719207360000,1719207839000,1.36915,1.36926,1.36913,1.36919,394050000,8
1719207840000,1719208319000,1.36922,1.36927,1.36904,1.36905,330300000,8
1719208320000,1719208799000,1.36905,1.36915,1.369,1.36903,447450000,8
1719208800000,1719209279000,1.36904,1.36905,1.36885,1.36896,1035390000,8
1719209280000,1719209759000,1.36895,1.36909,1.3688,1.36907,730200000,8
1719209760000,1719210239000,1.36907,1.36913,1.36897,1.36899,318000000,8
1719210240000,1719210719000,1.36898,1.36899,1.36877,1.36878,262590000,8
1719210720000,1719211199000,1.36879,1.3688,1.36856,1.36869,557190000,8
1719211200000,1719211679000,1.36868,1.36903,1.36868,1.36897,416100000,8
1719211680000,1719212159000,1.36897,1.36902,1.36888,1.36888,168360000,8
1719212160000,1719212639000,1.36888,1.36891,1.36846,1.36858,522240000,8
1719212640000,1719213119000,1.36858,1.36876,1.36852,1.36876,976440000,8
1719213120000,1719213599000,1.36876,1.36876,1.36844,1.36845,546090000,8
1719213600000,1719214079000,1.36846,1.36865,1.36846,1.36859,282150000,8
1719214080000,1719214559000,1.36855,1.36855,1.3682,1.36824,354270000,8
1719214560000,1719215039000,1.36827,1.36829,1.36812,1.36822,669870000,8
1719215040000,1719215519000,1.36821,1.36835,1.3682,1.36822,504540000,8
1719215520000,1719215999000,1.36822,1.36829,1.3681,1.3682,259140000,8
1719216000000,1719216479000,1.36819,1.3682,1.36794,1.36812,710100000,8
1719216480000,1719216959000,1.36811,1.36823,1.36798,1.36804,448380000,8
1719216960000,1719217439000,1.36802,1.36802,1.36745,1.36748,386970000,8
1719217440000,1719217919000,1.36748,1.36758,1.36746,1.36756,443070000,8
1719217920000,1719218399000,1.36757,1.36788,1.36757,1.36773,354180000,8
1719218400000,1719218879000,1.36776,1.36776,1.36744,1.36746,344820000,8
1719218880000,1719219359000,1.36743,1.36768,1.36742,1.36764,297180000,8
1719219360000,1719219839000,1.36765,1.3677,1.36746,1.36747,394650000,8
1719219840000,1719220319000,1.36746,1.36746,1.36727,1.36738,262140000,8
1719220320000,1719220799000,1.36739,1.36749,1.36725,1.36727,315660000,8
1719220800000,1719221279000,1.36727,1.36731,1.36696,1.3671,621420000,8
1719221280000,1719221759000,1.36709,1.36753,1.36699,1.3674,537300000,8
1719221760000,1719222239000,1.36741,1.36752,1.36737,1.36739,434850000,8
1719222240000,1719222719000,1.36738,1.36757,1.36737,1.36739,495150000,8
1719222720000,1719223199000,1.3674,1.36757,1.36739,1.36746,468270000,8
1719223200000,1719223679000,1.36746,1.36789,1.36746,1.36765,489390000,8
1719223680000,1719224159000,1.36766,1.36788,1.36761,1.36782,456750000,8
1719224160000,1719224639000,1.36783,1.36805,1.36772,1.36795,347550000,8
1719224640000,1719225119000,1.36795,1.36795,1.36769,1.36776,463740000,8
1719225120000,1719225599000,1.36778,1.36799,1.36777,1.36795,432330000,8
1719225600000,1719226079000,1.36794,1.36802,1.36758,1.36762,347940000,8
1719226080000,1719226559000,1.36763,1.36781,1.36756,1.36762,405480000,8
1719226560000,1719227039000,1.36759,1.36764,1.36739,1.36753,355710000,8
1719227040000,1719227519000,1.36753,1.36754,1.36725,1.36736,337710000,8
1719227520000,1719227999000,1.36737,1.36776,1.36736,1.36776,542520000,8
1719228000000,1719228479000,1.36776,1.36808,1.36768,1.36796,474840000,8
1719228480000,1719228959000,1.36797,1.368,1.36773,1.36785,540390000,8
1719228960000,1719229439000,1.36786,1.36793,1.36772,1.36783,415530000,8
1719229440000,1719229919000,1.36782,1.36787,1.3677,1.36787,315270000,8
1719229920000,1719230399000,1.36786,1.36804,1.36772,1.36774,464250000,8
1719230400000,1719230879000,1.36773,1.36814,1.36773,1.36804,623860000,8
1719230880000,1719231359000,1.36804,1.36875,1.36804,1.36873,392790000,8
1719231360000,1719231839000,1.36873,1.36884,1.36812,1.36812,650100000,8
1719231840000,1719232319000,1.36813,1.36843,1.36801,1.36835,584610000,8
1719232320000,1719232799000,1.36835,1.36871,1.36829,1.36869,601230000,8
1719232800000,1719233279000,1.36869,1.3688,1.3684,1.36846,487920000,8
1719233280000,1719233759000,1.36845,1.36867,1.36829,1.36836,672250000,8
1719233760000,1719234239000,1.36837,1.36843,1.36794,1.36797,715230000,8
1719234240000,1719234719000,1.36796,1.36814,1.36782,1.36788,850980000,8
1719234720000,1719235199000,1.36787,1.36829,1.36785,1.36824,488570000,8
1719235200000,1719235679000,1.36825,1.36825,1.3678,1.3678,1067640000,8
1719235680000,1719236159000,1.36779,1.36783,1.36699,1.3674,1407000000,8
1719236160000,1719236639000,1.3674,1.36741,1.36591,1.36607,1128000000,8
1719236640000,1719237119000,1.36606,1.36696,1.36599,1.36629,1018800000,8
1719237120000,1719237599000,1.3663,1.36641,1.36596,1.36628,1321770000,8
1719237600000,1719238079000,1.36627,1.36634,1.36571,1.36592,1497040000,8
1719238080000,1719238559000,1.36593,1.36664,1.36593,1.36662,1157890000,8
1719238560000,1719239039000,1.3666,1.36699,1.3664,1.36658,1102230000,8
1719239040000,1719239519000,1.36657,1.36695,1.36629,1.36646,1444200000,8
1719239520000,1719239999000,1.36645,1.36646,1.36592,1.36604,1322260000,8
1719240000000,1719240479000,1.36604,1.36618,1.36581,1.36584,731850000,8
1719240480000,1719240959000,1.36586,1.36636,1.36575,1.36612,1005900000,8
1719240960000,1719241439000,1.36612,1.36632,1.36583,1.36586,966000000,8
1719241440000,1719241919000,1.36585,1.36607,1.36577,1.36596,890850000,8
1719241920000,1719242399000,1.36595,1.366,1.36538,1.36546,580350000,8
1719242400000,1719242879000,1.36545,1.36558,1.36526,1.36543,1061820000,8
1719242880000,1719243359000,1.36542,1.36552,1.36509,1.36542,1138920000,8
1719243360000,1719243839000,1.36541,1.36596,1.36528,1.36587,889890000,8
1719243840000,1719244319000,1.36587,1.36616,1.36576,1.36614,903030000,8
1719244320000,1719244799000,1.36614,1.36615,1.36574,1.36594,685200000,8
1719244800000,1719245279000,1.36596,1.36602,1.36572,1.36588,883650000,8
1719245280000,1719245759000,1.3659,1.36599,1.3658,1.36597,314400000,8
1719245760000,1719246239000,1.36594,1.36595,1.36534,1.36538,702660000,8
1719246240000,1719246719000,1.36539,1.36559,1.36535,1.36556,767190000,8
1719246720000,1719247199000,1.36557,1.36567,1.36549,1.36552,432480000,8
1719247200000,1719247679000,1.36551,1.36551,1.36517,1.36519,593670000,8
1719247680000,1719248159000,1.36518,1.36566,1.36513,1.36558,591840000,8
1719248160000,1719248639000,1.36558,1.3657,1.36544,1.36558,480090000,8
1719248640000,1719249119000,1.36559,1.3662,1.36557,1.36618,550110000,8
1719249120000,1719249599000,1.36618,1.36634,1.3661,1.36612,1137660000,8
1719249600000,1719250079000,1.36612,1.36621,1.36598,1.36603,1052010000,8
1719250080000,1719250559000,1.36602,1.36639,1.36601,1.36631,823020000,8
1719250560000,1719251039000,1.36631,1.36638,1.36616,1.36637,470520000,8
1719251040000,1719251519000,1.36638,1.36661,1.36636,1.36651,381900000,8
1719251520000,1719251999000,1.36651,1.36656,1.36602,1.36612,627780000,8
1719252000000,1719252479000,1.36612,1.36621,1.36566,1.36577,599880000,8
1719252480000,1719252959000,1.36578,1.36609,1.36577,1.36608,458130000,8
1719252960000,1719253439000,1.3661,1.36614,1.36565,1.36566,853830000,8
1719253440000,1719253919000,1.36568,1.3657,1.36546,1.36549,692430000,8
1719253920000,1719254399000,1.36547,1.36555,1.36531,1.36532,406710000,8
1719254400000,1719254879000,1.3653,1.36531,1.36511,1.36512,389960000,8
1719254880000,1719255359000,1.36514,1.36523,1.36494,1.36515,374310000,8
1719255360000,1719255839000,1.36514,1.36524,1.36504,1.36513,292860000,8
1719255840000,1719256319000,1.36515,1.36543,1.36515,1.36535,258450000,8
1719256320000,1719256799000,1.36538,1.36554,1.36534,1.36549,261150000,8
1719256800000,1719257279000,1.36549,1.36552,1.36523,1.36535,330150000,8
1719257280000,1719257759000,1.36534,1.36543,1.36519,1.36522,177450000,8
1719257760000,1719258239000,1.36522,1.36525,1.36496,1.36513,694500000,8
1719258240000,1719258719000,1.36512,1.36539,1.36512,1.3653,379380000,8
1719258720000,1719259199000,1.36531,1.36545,1.36526,1.36542,571410000,8
1719259200000,1719259679000,1.36543,1.36559,1.36542,1.36555,226470000,8
1719259680000,1719260159000,1.36554,1.36561,1.36531,1.36561,142950000,8
1719260160000,1719260639000,1.36561,1.36571,1.3655,1.36569,204390000,8
1719260640000,1719261119000,1.3657,1.36594,1.36569,1.36591,282390000,8
1719261120000,1719261599000,1.36591,1.36592,1.36577,1.36581,183870000,8
1719261600000,1719262079000,1.3658,1.36591,1.36569,1.36587,219030000,8
1719262080000,1719262559000,1.36587,1.366,1.36581,1.36584,164820000,8
1719262560000,1719263039000,1.36585,1.36587,1.36534,1.36535,199710000,8
1719263040000,1719263519000,1.36535,1.36565,1.36535,1.36564,37500000,8
1719263520000,1719263999000,1.36564,1.36567,1.36545,1.36565,178500000,8
1719264000000,1719264479000,1.36565,1.36586,1.36564,1.36568,97200000,8
1719264480000,1719264959000,1.36568,1.3657,1.36565,1.36567,114600000,8
1719264960000,1719265439000,1.36567,1.36567,1.36562,1.36563,16200000,8
1719265440000,1719265919000,1.36562,1.36568,1.36562,1.36565,33600000,8
1719265920000,1719266399000,1.36565,1.36565,1.36565,1.36565,10800000,8
1719266400000,1719266879000,1.36562,1.36564,1.36541,1.36555,129300000,8
1719266880000,1719267359000,1.36555,1.36556,1.36546,1.36555,63450000,8
1719267360000,1719267839000,1.3655,1.36564,1.3655,1.36562,128550000,8
1719267840000,1719268319000,1.36561,1.36563,1.3656,1.36561,182400000,8
1719268320000,1719268799000,1.3656,1.36562,1.3656,1.36561,8400000,8
1719268800000,1719269279000,1.36561,1.36561,1.36557,1.36557,20400000,8
1719269280000,1719269759000,1.36557,1.36565,1.36556,1.36565,19800000,8
1719269760000,1719270239000,1.36564,1.36577,1.36558,1.36575,436740000,8
1719270240000,1719270719000,1.36574,1.36582,1.36564,1.36579,304560000,8
1719270720000,1719271199000,1.36579,1.3658,1.36576,1.36576,60600000,8
1719271200000,1719271679000,1.36578,1.36589,1.36572,1.36581,48150000,8
1719271680000,1719272159000,1.36583,1.36586,1.36577,1.36578,47550000,8
1719272160000,1719272639000,1.36581,1.36589,1.36581,1.36588,174000000,8
1719272640000,1719273119000,1.36587,1.36587,1.36572,1.36576,253770000,8
1719273120000,1719273599000,1.36575,1.3658,1.36572,1.36576,168510000,8
1719273600000,1719274079000,1.36577,1.36577,1.36548,1.3656,506430000,8
1719274080000,1719274559000,1.3656,1.36563,1.36541,1.36542,401700000,8
1719274560000,1719275039000,1.36542,1.36571,1.36541,1.36569,159600000,8
1719275040000,1719275519000,1.3657,1.36573,1.36545,1.36555,170310000,8
1719275520000,1719275999000,1.36556,1.36559,1.36546,1.36556,348750000,8
1719276000000,1719276479000,1.36555,1.36556,1.36545,1.36553,94710000,8
1719276480000,1719276959000,1.36552,1.36552,1.36539,1.3654,307710000,8
1719276960000,1719277439000,1.3654,1.3656,1.36535,1.36553,292920000,8
1719277440000,1719277919000,1.36553,1.3656,1.36542,1.36547,588000000,8
1719277920000,1719278399000,1.36547,1.36563,1.36532,1.36554,957150000,8
1719278400000,1719278879000,1.36552,1.36568,1.36531,1.36567,433800000,8
1719278880000,1719279359000,1.36568,1.36569,1.36549,1.36554,681750000,8
1719279360000,1719279839000,1.36554,1.36567,1.36532,1.36536,604200000,8
1719279840000,1719280319000,1.36536,1.36547,1.36531,1.36547,159540000,8
1719280320000,1719280799000,1.36545,1.36551,1.36526,1.36532,167100000,8
1719280800000,1719281279000,1.36532,1.36538,1.36524,1.36524,145350000,8
1719281280000,1719281759000,1.36523,1.36523,1.36513,1.36516,337050000,8
1719281760000,1719282239000,1.36516,1.36519,1.36498,1.365,325050000,8
1719282240000,1719282719000,1.36501,1.36505,1.36488,1.36492,313200000,8
1719282720000,1719283199000,1.36492,1.36502,1.36476,1.3648,264390000,8
1719283200000,1719283679000,1.36481,1.36503,1.3648,1.36492,344040000,8
1719283680000,1719284159000,1.36493,1.36501,1.36485,1.36485,355800000,8
1719284160000,1719284639000,1.36486,1.36503,1.36484,1.36493,180150000,8
1719284640000,1719285119000,1.36494,1.36495,1.36412,1.36415,512700000,8
1719285120000,1719285599000,1.36414,1.36429,1.36413,1.36425,265050000,8
1719285600000,1719286079000,1.36423,1.36437,1.36417,1.36435,340920000,8
1719286080000,1719286559000,1.36435,1.36454,1.36433,1.36447,317700000,8
1719286560000,1719287039000,1.36452,1.36454,1.36435,1.36451,243750000,8
1719287040000,1719287519000,1.3645,1.3645,1.36423,1.36425,162300000,8
1719287520000,1719287999000,1.3642,1.3642,1.36404,1.36407,391950000,8
1719288000000,1719288479000,1.36406,1.36409,1.36403,1.36404,138150000,8
1719288480000,1719288959000,1.36404,1.36427,1.36402,1.36427,215070000,8
1719288960000,1719289439000,1.36428,1.3644,1.36428,1.36439,101850000,8
1719289440000,1719289919000,1.36439,1.36457,1.36438,1.36457,150000000,8
1719289920000,1719290399000,1.36457,1.36465,1.36454,1.36456,118200000,8
1719290400000,1719290879000,1.36458,1.36458,1.36437,1.36445,69210000,8
1719290880000,1719291359000,1.36446,1.36448,1.36437,1.36438,110220000,8
1719291360000,1719291839000,1.36438,1.36451,1.36437,1.36443,180930000,8
1719291840000,1719292319000,1.36444,1.36447,1.36416,1.36425,182220000,8
1719292320000,1719292799000,1.36425,1.36429,1.36414,1.36416,323790000,8
1719292800000,1719293279000,1.36416,1.36419,1.36406,1.36414,323730000,8
1719293280000,1719293759000,1.36414,1.36418,1.36406,1.36416,419580000,8
1719293760000,1719294239000,1.36415,1.36435,1.36404,1.36433,243870000,8
1719294240000,1719294719000,1.36432,1.36445,1.36427,1.36439,257670000,8
1719294720000,1719295199000,1.36436,1.36468,1.36435,1.36468,226230000,8
1719295200000,1719295679000,1.36468,1.36493,1.36465,1.36493,430650000,8
1719295680000,1719296159000,1.36493,1.36531,1.36491,1.36521,226620000,8
1719296160000,1719296639000,1.36523,1.36552,1.36518,1.36548,422070000,8
1719296640000,1719297119000,1.36548,1.3655,1.36531,1.3654,310320000,8
1719297120000,1719297599000,1.36541,1.36557,1.36529,1.3655,250560000,8
1719297600000,1719298079000,1.3655,1.36556,1.36514,1.36516,333630000,8
1719298080000,1719298559000,1.36517,1.36523,1.36501,1.3652,291990000,8
1719298560000,1719299039000,1.36522,1.36531,1.36481,1.36481,703050000,8
1719299040000,1719299519000,1.36482,1.36504,1.36477,1.36492,487290000,8
1719299520000,1719299999000,1.3649,1.36508,1.36477,1.36501,405780000,8
1719300000000,1719300479000,1.36501,1.36507,1.36476,1.36496,550020000,8
1719300480000,1719300959000,1.36497,1.365,1.3646,1.36491,560430000,8
1719300960000,1719301439000,1.36492,1.36509,1.36486,1.36508,507450000,8
1719301440000,1719301919000,1.36508,1.36508,1.36462,1.36462,716850000,8
1719301920000,1719302399000,1.36466,1.36488,1.36457,1.36482,803760000,8
1719302400000,1719302879000,1.36483,1.36483,1.36438,1.36439,708900000,8
1719302880000,1719303359000,1.36438,1.3645,1.36428,1.36442,741900000,8
1719303360000,1719303839000,1.3644,1.36458,1.36432,1.36454,227160000,8
1719303840000,1719304319000,1.36454,1.36468,1.36436,1.36465,219390000,8
1719304320000,1719304799000,1.36463,1.36482,1.36457,1.3648,140280000,8
1719304800000,1719305279000,1.3648,1.36507,1.36465,1.36502,191370000,8
1719305280000,1719305759000,1.36504,1.36509,1.3649,1.36491,300480000,8
1719305760000,1719306239000,1.36493,1.36518,1.36488,1.36515,282510000,8
1719306240000,1719306719000,1.36516,1.36557,1.36513,1.36554,233790000,8
1719306720000,1719307199000,1.36554,1.36587,1.36554,1.36565,339960000,8
1719307200000,1719307679000,1.36564,1.36571,1.36544,1.36559,250680000,8
1719307680000,1719308159000,1.36562,1.36567,1.36544,1.36544,449400000,8
1719308160000,1719308639000,1.36546,1.36559,1.36532,1.36553,372240000,8
1719308640000,1719309119000,1.36553,1.36566,1.36552,1.36553,235380000,8
1719309120000,1719309599000,1.36553,1.36601,1.36553,1.36594,239160000,8
1719309600000,1719310079000,1.36595,1.36614,1.3659,1.36593,302880000,8
1719310080000,1719310559000,1.36592,1.36611,1.36587,1.3659,239130000,8
1719310560000,1719311039000,1.36589,1.36599,1.36574,1.36591,318900000,8
1719311040000,1719311519000,1.36589,1.36591,1.36561,1.3658,629160000,8
1719311520000,1719311999000,1.36579,1.36607,1.36578,1.36598,660150000,8
1719312000000,1719312479000,1.36598,1.36606,1.36577,1.36585,682410000,8
1719312480000,1719312959000,1.36585,1.36591,1.36566,1.36584,628200000,8
1719312960000,1719313439000,1.36584,1.36619,1.36583,1.36613,420120000,8
1719313440000,1719313919000,1.36613,1.3664,1.36613,1.36622,448350000,8
1719313920000,1719314399000,1.36622,1.36645,1.3662,1.36643,484200000,8
1719314400000,1719314879000,1.36643,1.36686,1.36637,1.3668,460500000,8
1719314880000,1719315359000,1.36684,1.36755,1.36684,1.36753,422940000,8
1719315360000,1719315839000,1.36754,1.3679,1.36736,1.36789,434910000,8
1719315840000,1719316319000,1.36791,1.36802,1.36781,1.36795,353610000,8
1719316320000,1719316799000,1.36794,1.36802,1.36772,1.36776,781800000,8
1719316800000,1719317279000,1.36776,1.36777,1.36717,1.36719,1015180000,8
1719317280000,1719317759000,1.36718,1.36741,1.36716,1.36741,536910000,8
1719317760000,1719318239000,1.36741,1.36762,1.36736,1.36751,586290000,8
1719318240000,1719318719000,1.36753,1.36772,1.36191,1.36437,1663050000,8
1719318720000,1719319199000,1.3644,1.36493,1.36357,1.36447,2218710000,8
1719319200000,1719319679000,1.36446,1.36573,1.3644,1.36548,1062570000,8
1719319680000,1719320159000,1.36546,1.36598,1.36546,1.36583,1299870000,8
1719320160000,1719320639000,1.36586,1.36593,1.36502,1.36504,1152660000,8
1719320640000,1719321119000,1.36504,1.36506,1.364,1.36421,1384980000,8
1719321120000,1719321599000,1.36422,1.36492,1.36391,1.36472,926310000,8
1719321600000,1719322079000,1.36471,1.36495,1.36435,1.36494,607140000,8
1719322080000,1719322559000,1.36493,1.3658,1.36493,1.36501,2004570000,8
1719322560000,1719323039000,1.36502,1.36538,1.36446,1.36529,1430310000,8
1719323040000,1719323519000,1.3653,1.366,1.365,1.36518,982740000,8
1719323520000,1719323999000,1.3652,1.36591,1.36507,1.36579,622410000,8
1719324000000,1719324479000,1.36579,1.36644,1.36574,1.36631,1069890000,8
1719324480000,1719324959000,1.36634,1.36686,1.36615,1.36615,1008600000,8
1719324960000,1719325439000,1.36614,1.36678,1.36612,1.36643,1303140000,8
1719325440000,1719325919000,1.36642,1.36702,1.36642,1.36697,869550000,8
1719325920000,1719326399000,1.36698,1.3671,1.36669,1.36676,680490000,8
1719326400000,1719326879000,1.36676,1.36702,1.36656,1.3667,1231870000,8
1719326880000,1719327359000,1.36671,1.36679,1.36656,1.36665,1007580000,8
1719327360000,1719327839000,1.36665,1.36667,1.36599,1.366,898480000,8
1719327840000,1719328319000,1.36595,1.36603,1.36539,1.3654,633720000,8
1719328320000,1719328799000,1.36539,1.3655,1.36512,1.36526,648900000,8
1719328800000,1719329279000,1.36525,1.36561,1.3649,1.36549,792780000,8
1719329280000,1719329759000,1.36548,1.36585,1.36537,1.36576,983820000,8
1719329760000,1719330239000,1.36577,1.36584,1.36557,1.36569,520650000,8
1719330240000,1719330719000,1.3657,1.36575,1.36534,1.36561,490110000,8
1719330720000,1719331199000,1.3656,1.36596,1.36551,1.36596,490350000,8
1719331200000,1719331679000,1.36595,1.36637,1.36578,1.36623,546270000,8
1719331680000,1719332159000,1.36623,1.36626,1.36583,1.36617,842850000,8
1719332160000,1719332639000,1.36618,1.36666,1.36611,1.36651,680730000,8
1719332640000,1719333119000,1.36651,1.36663,1.36629,1.36639,1175520000,8
1719333120000,1719333599000,1.3664,1.36644,1.3662,1.36631,885390000,8
1719333600000,1719334079000,1.36631,1.36688,1.36626,1.36678,645210000,8
1719334080000,1719334559000,1.3668,1.36687,1.36634,1.36678,719730000,8
1719334560000,1719335039000,1.3668,1.36686,1.3663,1.36652,419910000,8
1719335040000,1719335519000,1.36653,1.36681,1.36646,1.36662,573630000,8
1719335520000,1719335999000,1.36663,1.36663,1.36631,1.36641,656610000,8
1719336000000,1719336479000,1.3664,1.3667,1.36615,1.36615,315360000,8
1719336480000,1719336959000,1.36612,1.36612,1.36558,1.36561,731760000,8
1719336960000,1719337439000,1.36559,1.36567,1.36541,1.36541,399150000,8
1719337440000,1719337919000,1.36543,1.36543,1.36515,1.36524,450360000,8
1719337920000,1719338399000,1.36523,1.36549,1.3652,1.36542,376020000,8
1719338400000,1719338879000,1.3654,1.36559,1.36539,1.36543,307680000,8
1719338880000,1719339359000,1.36541,1.36542,1.36514,1.3652,324480000,8
1719339360000,1719339839000,1.36516,1.36522,1.36503,1.36514,251280000,8
1719339840000,1719340319000,1.36513,1.36517,1.36492,1.36511,459540000,8
1719340320000,1719340799000,1.36509,1.3654,1.36506,1.3654,331650000,8
1719340800000,1719341279000,1.3654,1.3654,1.3651,1.36516,275730000,8
1719341280000,1719341759000,1.36519,1.36572,1.36514,1.36566,396240000,8
1719341760000,1719342239000,1.36569,1.36572,1.3655,1.3656,345360000,8
1719342240000,1719342719000,1.3656,1.3656,1.36533,1.36543,394920000,8
1719342720000,1719343199000,1.36543,1.36543,1.36523,1.36524,221100000,8
1719343200000,1719343679000,1.36526,1.36541,1.36517,1.36533,402180000,8
1719343680000,1719344159000,1.36533,1.36563,1.36532,1.36551,112200000,8
1719344160000,1719344639000,1.36552,1.3656,1.36519,1.3655,488760000,8
1719344640000,1719345119000,1.36549,1.36559,1.36535,1.36539,470130000,8
1719345120000,1719345599000,1.36541,1.3655,1.3653,1.36542,547440000,8
1719345600000,1719346079000,1.36546,1.36592,1.36545,1.36588,237180000,8
1719346080000,1719346559000,1.36587,1.36597,1.3658,1.36587,138240000,8
1719346560000,1719347039000,1.36587,1.36592,1.36585,1.36585,81000000,8
1719347040000,1719347519000,1.36585,1.36605,1.36585,1.36601,199740000,8
1719347520000,1719347999000,1.366,1.36601,1.36578,1.36579,229110000,8
1719348000000,1719348479000,1.36579,1.36588,1.3657,1.3658,449430000,8
1719348480000,1719348959000,1.36581,1.36585,1.36577,1.36578,235500000,8
1719348960000,1719349439000,1.36577,1.36579,1.36501,1.36501,265500000,8
1719349440000,1719349919000,1.36471,1.36559,1.36471,1.36531,67800000,8
1719349920000,1719350399000,1.36538,1.36591,1.36525,1.36567,213720000,8
1719350400000,1719350879000,1.36567,1.36592,1.36512,1.36516,485970000,8
1719350880000,1719351359000,1.36517,1.36569,1.36516,1.3655,331200000,8
1719351360000,1719351839000,1.36552,1.36579,1.36544,1.36565,184500000,8
1719351840000,1719352319000,1.36566,1.36569,1.36551,1.36553,175500000,8
1719352320000,1719352799000,1.36553,1.36558,1.36546,1.36551,86700000,8
1719352800000,1719353279000,1.3655,1.36568,1.36542,1.36567,84000000,8
1719353280000,1719353759000,1.36567,1.36577,1.36566,1.36573,50400000,8
1719353760000,1719354239000,1.36572,1.36572,1.36563,1.36564,99000000,8
1719354240000,1719354719000,1.36563,1.3657,1.36561,1.36566,78450000,8
1719354720000,1719355199000,1.36566,1.36574,1.36565,1.36571,66750000,8
1719355200000,1719355679000,1.36572,1.36583,1.36571,1.36583,102300000,8
1719355680000,1719356159000,1.36583,1.36585,1.3658,1.36581,109050000,8
1719356160000,1719356639000,1.3658,1.36605,1.3658,1.36598,289650000,8
1719356640000,1719357119000,1.36597,1.36601,1.36593,1.36601,251100000,8
1719357120000,1719357599000,1.36601,1.36604,1.36599,1.36599,107880000,8
1719357600000,1719358079000,1.366,1.36603,1.36597,1.36598,77850000,8
1719358080000,1719358559000,1.36599,1.36603,1.36597,1.36599,68490000,8
1719358560000,1719359039000,1.366,1.36601,1.36596,1.36597,55350000,8
1719359040000,1719359519000,1.36596,1.36612,1.36596,1.3661,431850000,8
1719359520000,1719359999000,1.36609,1.36615,1.36606,1.36615,280200000,8
1719360000000,1719360479000,1.36613,1.36648,1.3661,1.36648,308250000,8
1719360480000,1719360959000,1.36645,1.36666,1.36645,1.36657,201810000,8
1719360960000,1719361439000,1.36652,1.36653,1.3662,1.36624,453990000,8
1719361440000,1719361919000,1.36625,1.3665,1.36618,1.36644,306870000,8
1719361920000,1719362399000,1.36644,1.36654,1.36629,1.36642,196470000,8
1719362400000,1719362879000,1.36643,1.36651,1.36639,1.3665,252180000,8
1719362880000,1719363359000,1.3665,1.36653,1.36631,1.36641,284790000,8
1719363360000,1719363839000,1.36641,1.36641,1.36619,1.36626,285360000,8
1719363840000,1719364319000,1.36626,1.36629,1.36608,1.36613,194670000,8
1719364320000,1719364799000,1.36614,1.36615,1.36592,1.36594,138450000,8
1719364800000,1719365279000,1.36595,1.36595,1.36554,1.36565,535590000,8
1719365280000,1719365759000,1.36567,1.36568,1.365,1.36539,909600000,8
1719365760000,1719366239000,1.3654,1.36585,1.36539,1.36556,545310000,8
1719366240000,1719366719000,1.36554,1.3657,1.36538,1.36561,590580000,8
1719366720000,1719367199000,1.36563,1.36563,1.36529,1.36532,526350000,8
1719367200000,1719367679000,1.36532,1.36532,1.36499,1.36523,353910000,8
1719367680000,1719368159000,1.36523,1.36539,1.36513,1.36536,426570000,8
1719368160000,1719368639000,1.36534,1.36538,1.36505,1.36507,509070000,8
1719368640000,1719369119000,1.36506,1.36534,1.36505,1.36532,290730000,8
1719369120000,1719369599000,1.3653,1.3656,1.36527,1.36552,305730000,8
1719369600000,1719370079000,1.36551,1.36568,1.36546,1.36554,316800000,8
1719370080000,1719370559000,1.36552,1.36569,1.36549,1.3656,158400000,8
1719370560000,1719371039000,1.3656,1.36561,1.36548,1.36558,272550000,8
1719371040000,1719371519000,1.36559,1.36565,1.3655,1.36556,232200000,8
1719371520000,1719371999000,1.36556,1.36558,1.36538,1.36546,271020000,8
1719372000000,1719372479000,1.36547,1.36561,1.36542,1.36555,270840000,8
1719372480000,1719372959000,1.36556,1.36556,1.36539,1.3655,293520000,8
1719372960000,1719373439000,1.36551,1.36562,1.3655,1.36561,399840000,8
1719373440000,1719373919000,1.36562,1.36569,1.36559,1.36567,255600000,8
1719373920000,1719374399000,1.36567,1.36579,1.36566,1.36569,88980000,8
1719374400000,1719374879000,1.36573,1.36588,1.3657,1.36578,124350000,8
1719374880000,1719375359000,1.36578,1.36578,1.36559,1.3657,79980000,8
1719375360000,1719375839000,1.36569,1.36581,1.36565,1.36571,162420000,8
1719375840000,1719376319000,1.3657,1.36574,1.36559,1.36568,207630000,8
1719376320000,1719376799000,1.36567,1.36571,1.36558,1.36559,178830000,8
1719376800000,1719377279000,1.36558,1.36572,1.36555,1.36562,97890000,8
1719377280000,1719377759000,1.36561,1.36561,1.36544,1.36551,115800000,8
1719377760000,1719378239000,1.36552,1.36577,1.36552,1.36576,379350000,8
1719378240000,1719378719000,1.36575,1.36581,1.36565,1.36568,248700000,8
1719378720000,1719379199000,1.36567,1.36568,1.36557,1.36566,262680000,8
1719379200000,1719379679000,1.36566,1.36578,1.36565,1.36577,335520000,8
1719379680000,1719380159000,1.36578,1.36587,1.36568,1.36579,233340000,8
1719380160000,1719380639000,1.36579,1.36584,1.36569,1.36578,170700000,8
1719380640000,1719381119000,1.36579,1.36616,1.36577,1.36601,368040000,8
1719381120000,1719381599000,1.36602,1.36604,1.36593,1.36596,480780000,8
1719381600000,1719382079000,1.36596,1.36597,1.36553,1.36555,792990000,8
1719382080000,1719382559000,1.36556,1.36584,1.36556,1.36579,537990000,8
1719382560000,1719383039000,1.36581,1.36595,1.36573,1.36584,471150000,8
1719383040000,1719383519000,1.36582,1.36588,1.36547,1.36547,588960000,8
1719383520000,1719383999000,1.36547,1.36588,1.36547,1.36576,367560000,8
1719384000000,1719384479000,1.36576,1.36613,1.36576,1.3659,258630000,8
1719384480000,1719384959000,1.36589,1.36614,1.36585,1.36603,324330000,8
1719384960000,1719385439000,1.36604,1.36614,1.36591,1.36607,816510000,8
1719385440000,1719385919000,1.36608,1.3664,1.36607,1.36635,481920000,8
1719385920000,1719386399000,1.36632,1.36662,1.36632,1.36657,281010000,8
1719386400000,1719386879000,1.36657,1.36673,1.36648,1.36657,443160000,8
1719386880000,1719387359000,1.36657,1.36675,1.36646,1.36674,234240000,8
1719387360000,1719387839000,1.36674,1.36683,1.36646,1.36647,688260000,8
1719387840000,1719388319000,1.36647,1.36681,1.36644,1.36647,633630000,8
1719388320000,1719388799000,1.36648,1.36669,1.36645,1.36655,337500000,8
1719388800000,1719389279000,1.36654,1.36703,1.36654,1.367,235470000,8
1719389280000,1719389759000,1.36703,1.36713,1.36677,1.36697,363150000,8
1719389760000,1719390239000,1.36699,1.36707,1.36672,1.36682,446400000,8
1719390240000,1719390719000,1.36686,1.36692,1.36669,1.36683,196050000,8
1719390720000,1719391199000,1.36684,1.36701,1.36675,1.36698,381780000,8
1719391200000,1719391679000,1.36698,1.36725,1.3669,1.36722,437850000,8
1719391680000,1719392159000,1.36721,1.36733,1.36721,1.36729,186960000,8
1719392160000,1719392639000,1.3673,1.36744,1.36708,1.36709,454650000,8
1719392640000,1719393119000,1.3671,1.3671,1.36666,1.36667,601590000,8
1719393120000,1719393599000,1.36668,1.36677,1.36643,1.36643,335940000,8
1719393600000,1719394079000,1.36642,1.36694,1.36626,1.36689,633810000,8
1719394080000,1719394559000,1.36687,1.36687,1.3666,1.36673,669300000,8
1719394560000,1719395039000,1.36672,1.36683,1.36661,1.36682,520410000,8
1719395040000,1719395519000,1.36682,1.36692,1.36671,1.36682,603150000,8
1719395520000,1719395999000,1.36682,1.36719,1.36681,1.36711,508170000,8
1719396000000,1719396479000,1.3671,1.36761,1.3671,1.3675,509160000,8
1719396480000,1719396959000,1.3675,1.36798,1.36749,1.36796,638820000,8
1719396960000,1719397439000,1.36797,1.36824,1.36791,1.36821,535920000,8
1719397440000,1719397919000,1.36819,1.36842,1.36804,1.36821,622200000,8
1719397920000,1719398399000,1.36822,1.36827,1.36791,1.36825,485520000,8
1719398400000,1719398879000,1.36825,1.36841,1.36814,1.36822,622350000,8
1719398880000,1719399359000,1.36821,1.3684,1.36809,1.36838,349200000,8
1719399360000,1719399839000,1.36839,1.3689,1.36827,1.36888,579480000,8
1719399840000,1719400319000,1.36889,1.36901,1.36875,1.36884,1011390000,8
1719400320000,1719400799000,1.36884,1.36924,1.36883,1.36923,471300000,8
1719400800000,1719401279000,1.36922,1.3694,1.36911,1.36935,570120000,8
1719401280000,1719401759000,1.36932,1.36951,1.36898,1.36903,579840000,8
1719401760000,1719402239000,1.36903,1.36915,1.36893,1.36905,339480000,8
1719402240000,1719402719000,1.36906,1.36918,1.36881,1.36915,359340000,8
1719402720000,1719403199000,1.36916,1.36923,1.36855,1.36865,589620000,8
1719403200000,1719403679000,1.36862,1.36864,1.36812,1.36825,1161240000,8
1719403680000,1719404159000,1.36826,1.36881,1.36822,1.36877,431880000,8
1719404160000,1719404639000,1.36878,1.369,1.36845,1.36899,807420000,8
1719404640000,1719405119000,1.369,1.3692,1.36887,1.36891,895710000,8
1719405120000,1719405599000,1.3689,1.36891,1.36846,1.36868,711900000,8
1719405600000,1719406079000,1.3687,1.36887,1.36839,1.36877,871890000,8
1719406080000,1719406559000,1.36877,1.369,1.36848,1.36887,1101030000,8
1719406560000,1719407039000,1.36888,1.36889,1.36849,1.36873,867160000,8
1719407040000,1719407519000,1.36875,1.36875,1.3682,1.3686,996390000,8
1719407520000,1719407999000,1.3686,1.3691,1.36851,1.36902,812310000,8
1719408000000,1719408479000,1.369,1.3696,1.36895,1.3696,905040000,8
1719408480000,1719408959000,1.36962,1.37035,1.3695,1.36971,1247310000,8
1719408960000,1719409439000,1.36972,1.37002,1.369,1.36956,1128360000,8
1719409440000,1719409919000,1.36957,1.36984,1.36909,1.36917,1044090000,8
1719409920000,1719410399000,1.36916,1.36937,1.36879,1.36911,977400000,8
1719410400000,1719410879000,1.36911,1.36932,1.36847,1.36851,1360020000,8
1719410880000,1719411359000,1.36849,1.36916,1.36801,1.36801,946800000,8
1719411360000,1719411839000,1.36801,1.36871,1.36792,1.36865,1031700000,8
1719411840000,1719412319000,1.36863,1.36943,1.36845,1.36942,1125090000,8
1719412320000,1719412799000,1.36941,1.36962,1.36903,1.36932,646080000,8
1719412800000,1719413279000,1.36933,1.3694,1.36877,1.36911,916230000,8
1719413280000,1719413759000,1.36911,1.36956,1.36884,1.36941,1250310000,8
1719413760000,1719414239000,1.36941,1.36959,1.36908,1.36913,1186920000,8
1719414240000,1719414719000,1.36911,1.36971,1.36904,1.36971,728010000,8
1719414720000,1719415199000,1.36971,1.3698,1.36928,1.36938,790410000,8
1719415200000,1719415679000,1.36937,1.36968,1.3693,1.3695,499110000,8
1719415680000,1719416159000,1.36952,1.36963,1.36927,1.3695,819840000,8
1719416160000,1719416639000,1.36948,1.37007,1.36944,1.36979,731730000,8
1719416640000,1719417119000,1.3698,1.37009,1.36928,1.36938,821730000,8
1719417120000,1719417599000,1.36938,1.37001,1.36931,1.36978,873840000,8
1719417600000,1719418079000,1.36981,1.36996,1.36943,1.36955,799530000,8
1719418080000,1719418559000,1.36955,1.37004,1.36949,1.36998,538290000,8
1719418560000,1719419039000,1.36998,1.37008,1.3699,1.37,459660000,8
1719419040000,1719419519000,1.37001,1.3702,1.36955,1.36975,793350000,8
1719419520000,1719419999000,1.36975,1.36976,1.36939,1.36958,912120000,8
1719420000000,1719420479000,1.36957,1.36982,1.36957,1.36977,731580000,8
1719420480000,1719420959000,1.36977,1.37,1.36972,1.36992,680190000,8
1719420960000,1719421439000,1.3699,1.37037,1.36987,1.37016,704910000,8
1719421440000,1719421919000,1.37016,1.37028,1.36984,1.36992,943980000,8
1719421920000,1719422399000,1.3699,1.36995,1.36938,1.36968,748740000,8
1719422400000,1719422879000,1.36971,1.36985,1.36924,1.36948,692250000,8
1719422880000,1719423359000,1.36949,1.36956,1.36917,1.36953,641250000,8
1719423360000,1719423839000,1.36952,1.36991,1.36952,1.36982,600900000,8
1719423840000,1719424319000,1.36981,1.36982,1.36955,1.36955,659160000,8
1719424320000,1719424799000,1.36957,1.36962,1.36918,1.3692,540660000,8
1719424800000,1719425279000,1.36921,1.36977,1.36918,1.36971,717840000,8
1719425280000,1719425759000,1.36972,1.36997,1.36972,1.36988,402540000,8
1719425760000,1719426239000,1.36989,1.37019,1.36989,1.3701,480000000,8
1719426240000,1719426719000,1.3701,1.37044,1.37009,1.37018,647250000,8
1719426720000,1719427199000,1.37019,1.37035,1.37018,1.3702,690570000,8
1719427200000,1719427679000,1.37021,1.37032,1.37002,1.37007,722250000,8
1719427680000,1719428159000,1.37008,1.37023,1.36991,1.37022,318090000,8
1719428160000,1719428639000,1.37023,1.37065,1.37017,1.37049,757770000,8
1719428640000,1719429119000,1.37049,1.3707,1.37038,1.37047,617670000,8
1719429120000,1719429599000,1.37048,1.37064,1.37046,1.3705,472140000,8
1719429600000,1719430079000,1.3705,1.37059,1.37035,1.37046,298980000,8
1719430080000,1719430559000,1.37047,1.37072,1.37032,1.37072,448920000,8
1719430560000,1719431039000,1.37071,1.37073,1.3705,1.37051,423840000,8
1719431040000,1719431519000,1.37052,1.37062,1.37026,1.37026,450990000,8
1719431520000,1719431999000,1.37025,1.3703,1.36988,1.36999,897450000,8
1719432000000,1719432479000,1.37,1.37032,1.37,1.37029,333480000,8
1719432480000,1719432959000,1.3703,1.37049,1.37029,1.37048,140370000,8
1719432960000,1719433439000,1.37047,1.37051,1.37033,1.37045,258570000,8
1719433440000,1719433919000,1.37045,1.37046,1.37023,1.37027,122700000,8
1719433920000,1719434399000,1.37027,1.3703,1.37012,1.37018,351120000,8
1719434400000,1719434879000,1.3702,1.37039,1.37019,1.37038,353970000,8
1719434880000,1719435359000,1.37036,1.37047,1.36995,1.37015,448020000,8
1719435360000,1719435839000,1.37013,1.37028,1.36977,1.36978,370500000,8
1719435840000,1719436319000,1.36974,1.37007,1.36944,1.36945,98280000,8
1719436320000,1719436799000,1.36947,1.36975,1.36946,1.36964,70620000,8
1719436800000,1719437279000,1.36963,1.36977,1.36948,1.36948,136620000,8
1719437280000,1719437759000,1.36947,1.37003,1.36947,1.36993,260580000,8
1719437760000,1719438239000,1.36992,1.37013,1.36991,1.36998,252390000,8
1719438240000,1719438719000,1.36997,1.3701,1.36996,1.36998,200910000,8
1719438720000,1719439199000,1.36997,1.37015,1.36987,1.3699,137490000,8
1719439200000,1719439679000,1.36996,1.3703,1.36996,1.37021,123600000,8
1719439680000,1719440159000,1.3702,1.37026,1.37019,1.37024,253350000,8
1719440160000,1719440639000,1.37025,1.37028,1.37021,1.37026,149550000,8
1719440640000,1719441119000,1.37026,1.37033,1.37026,1.37027,107700000,8
1719441120000,1719441599000,1.37028,1.37035,1.37026,1.37032,45600000,8
1719441600000,1719442079000,1.37035,1.37035,1.37031,1.37032,10800000,8
1719442080000,1719442559000,1.37031,1.37031,1.37026,1.37027,7350000,8
1719442560000,1719443039000,1.37029,1.37054,1.37029,1.37052,322170000,8
1719443040000,1719443519000,1.3705,1.37063,1.37049,1.37062,121440000,8
1719443520000,1719443999000,1.37062,1.37064,1.37054,1.37055,141750000,8
1719444000000,1719444479000,1.37054,1.37067,1.37054,1.37057,103200000,8
1719444480000,1719444959000,1.37057,1.37058,1.37056,1.37058,56400000,8
1719444960000,1719445439000,1.37057,1.37058,1.37055,1.37056,68400000,8
1719445440000,1719445919000,1.37056,1.37057,1.37031,1.37032,78450000,8
1719445920000,1719446399000,1.37033,1.3705,1.37033,1.37044,45450000,8
1719446400000,1719446879000,1.37046,1.37082,1.37046,1.37081,457800000,8
1719446880000,1719447359000,1.37081,1.37082,1.37063,1.37066,297390000,8
1719447360000,1719447839000,1.37068,1.37087,1.37067,1.37074,314700000,8
1719447840000,1719448319000,1.37075,1.37088,1.37074,1.37085,302760000,8
1719448320000,1719448799000,1.37084,1.37098,1.37083,1.37096,250350000,8
1719448800000,1719449279000,1.37096,1.3712,1.37095,1.37101,508470000,8
1719449280000,1719449759000,1.37104,1.3712,1.371,1.37101,324450000,8
1719449760000,1719450239000,1.371,1.371,1.37063,1.37067,238680000,8
1719450240000,1719450719000,1.37066,1.37067,1.37038,1.37041,173130000,8
1719450720000,1719451199000,1.3704,1.37057,1.37036,1.37047,295080000,8
1719451200000,1719451679000,1.37046,1.37051,1.37029,1.37029,535110000,8
1719451680000,1719452159000,1.37029,1.37031,1.37009,1.37025,505530000,8
1719452160000,1719452639000,1.37025,1.37049,1.37022,1.37048,435930000,8
1719452640000,1719453119000,1.37048,1.37059,1.3703,1.37031,427350000,8
1719453120000,1719453599000,1.37031,1.37039,1.36994,1.37003,348270000,8
1719453600000,1719454079000,1.37001,1.37001,1.36967,1.36976,350640000,8
1719454080000,1719454559000,1.36976,1.36992,1.3697,1.36989,312300000,8
1719454560000,1719455039000,1.36989,1.37005,1.36984,1.36992,402000000,8
1719455040000,1719455519000,1.36993,1.37002,1.36987,1.36992,299550000,8
1719455520000,1719455999000,1.36992,1.37012,1.36989,1.37011,266820000,8
1719456000000,1719456479000,1.37012,1.37015,1.36982,1.36983,413400000,8
1719456480000,1719456959000,1.36983,1.36994,1.36973,1.36993,228000000,8
1719456960000,1719457439000,1.36994,1.37004,1.36991,1.36994,384120000,8
1719457440000,1719457919000,1.36992,1.37004,1.36984,1.37004,238050000,8
1719457920000,1719458399000,1.37003,1.37004,1.36987,1.36993,134400000,8
1719458400000,1719458879000,1.36994,1.36995,1.36974,1.36977,179400000,8
1719458880000,1719459359000,1.36977,1.36977,1.36963,1.36968,118800000,8
1719459360000,1719459839000,1.36969,1.36985,1.36966,1.36984,118800000,8
1719459840000,1719460319000,1.36983,1.36985,1.36974,1.36976,81240000,8
1719460320000,1719460799000,1.36976,1.36992,1.36975,1.36991,184470000,8
1719460800000,1719461279000,1.3699,1.36992,1.36974,1.36976,448590000,8
1719461280000,1719461759000,1.36975,1.36983,1.36959,1.36961,635850000,8
1719461760000,1719462239000,1.3696,1.36966,1.36946,1.36949,470700000,8
1719462240000,1719462719000,1.36949,1.36964,1.36948,1.36962,695250000,8
1719462720000,1719463199000,1.36962,1.36976,1.36959,1.36973,272250000,8
1719463200000,1719463679000,1.3697,1.3697,1.3695,1.3695,175890000,8
1719463680000,1719464159000,1.36951,1.36952,1.36931,1.36932,421170000,8
1719464160000,1719464639000,1.36932,1.36942,1.36914,1.36933,816420000,8
1719464640000,1719465119000,1.36933,1.36946,1.3693,1.36944,733290000,8
1719465120000,1719465599000,1.36944,1.36945,1.36939,1.36943,313200000,8
1719465600000,1719466079000,1.36942,1.36962,1.36941,1.36954,144690000,8
1719466080000,1719466559000,1.36951,1.36955,1.36943,1.36949,199860000,8
1719466560000,1719467039000,1.36947,1.36955,1.36927,1.36931,223050000,8
1719467040000,1719467519000,1.36931,1.36938,1.36922,1.36926,216000000,8
1719467520000,1719467999000,1.36925,1.36944,1.36916,1.3693,480810000,8
1719468000000,1719468479000,1.36931,1.36943,1.36907,1.36918,647400000,8
1719468480000,1719468959000,1.36923,1.36924,1.3688,1.36902,854740000,8
1719468960000,1719469439000,1.36902,1.3691,1.36884,1.36888,393300000,8
1719469440000,1719469919000,1.36886,1.36891,1.36857,1.36857,436650000,8
1719469920000,1719470399000,1.36857,1.36925,1.36857,1.36916,363450000,8
1719470400000,1719470879000,1.36917,1.36933,1.36917,1.36927,311910000,8
1719470880000,1719471359000,1.36927,1.36951,1.36916,1.36923,188550000,8
1719471360000,1719471839000,1.36921,1.36926,1.36876,1.36877,663000000,8
1719471840000,1719472319000,1.36875,1.36885,1.36859,1.36884,748290000,8
1719472320000,1719472799000,1.36883,1.36898,1.36868,1.36869,589860000,8
1719472800000,1719473279000,1.36869,1.36896,1.36866,1.36894,699690000,8
1719473280000,1719473759000,1.36894,1.36912,1.36878,1.36892,942160000,8
1719473760000,1719474239000,1.36891,1.36905,1.36865,1.36874,652020000,8
1719474240000,1719474719000,1.36876,1.3689,1.36854,1.36859,446250000,8
1719474720000,1719475199000,1.36858,1.36888,1.36858,1.36877,286560000,8
1719475200000,1719475679000,1.36882,1.36886,1.36861,1.36886,870150000,8
1719475680000,1719476159000,1.36885,1.36888,1.36863,1.36873,464790000,8
1719476160000,1719476639000,1.36875,1.36875,1.36844,1.36864,475410000,8
1719476640000,1719477119000,1.36863,1.36888,1.36863,1.36878,645390000,8
1719477120000,1719477599000,1.36877,1.36885,1.36854,1.36871,611310000,8
1719477600000,1719478079000,1.36871,1.36871,1.36836,1.36849,525720000,8
1719478080000,1719478559000,1.36849,1.3685,1.3682,1.36821,531960000,8
1719478560000,1719479039000,1.36822,1.36842,1.36821,1.36838,460200000,8
1719479040000,1719479519000,1.36836,1.36844,1.36824,1.36829,478200000,8
1719479520000,1719479999000,1.36829,1.36841,1.36817,1.36817,416880000,8
1719480000000,1719480479000,1.36816,1.36822,1.36784,1.36797,633370000,8
1719480480000,1719480959000,1.36798,1.36824,1.36793,1.3682,312810000,8
1719480960000,1719481439000,1.36818,1.36832,1.36813,1.36821,480540000,8
1719481440000,1719481919000,1.36823,1.36824,1.36802,1.36816,130500000,8
1719481920000,1719482399000,1.36814,1.36823,1.36802,1.36816,184710000,8
1719482400000,1719482879000,1.36816,1.36828,1.36814,1.36825,224250000,8
1719482880000,1719483359000,1.36824,1.36847,1.36816,1.36843,272700000,8
1719483360000,1719483839000,1.36843,1.36871,1.36837,1.36871,304110000,8
1719483840000,1719484319000,1.36872,1.36875,1.36824,1.36825,412230000,8
1719484320000,1719484799000,1.36824,1.36842,1.36821,1.3684,408870000,8
1719484800000,1719485279000,1.3684,1.36841,1.36817,1.36825,606420000,8
1719485280000,1719485759000,1.36825,1.36858,1.36818,1.36834,568680000,8
1719485760000,1719486239000,1.36835,1.36856,1.36825,1.3685,196980000,8
1719486240000,1719486719000,1.36851,1.36875,1.3685,1.36862,371790000,8
1719486720000,1719487199000,1.36863,1.36881,1.3686,1.3688,288390000,8
1719487200000,1719487679000,1.36882,1.36891,1.36852,1.36866,515310000,8
1719487680000,1719488159000,1.36865,1.36882,1.36854,1.36877,534720000,8
1719488160000,1719488639000,1.36872,1.36895,1.36865,1.36895,144480000,8
1719488640000,1719489119000,1.36895,1.36928,1.3689,1.36925,408780000,8
1719489120000,1719489599000,1.36927,1.36949,1.36923,1.36946,386430000,8
1719489600000,1719490079000,1.36946,1.36964,1.36935,1.36935,713010000,8
1719490080000,1719490559000,1.36935,1.36945,1.36894,1.36911,576300000,8
1719490560000,1719491039000,1.3691,1.36924,1.36845,1.36848,651930000,8
1719491040000,1719491519000,1.36848,1.3687,1.36772,1.36821,1182720000,8
1719491520000,1719491999000,1.36819,1.36848,1.36775,1.3678,1301070000,8
1719492000000,1719492479000,1.3678,1.36846,1.36754,1.36844,1172190000,8
1719492480000,1719492959000,1.36844,1.36887,1.36829,1.36829,814410000,8
1719492960000,1719493439000,1.36832,1.36874,1.36831,1.36848,1514070000,8
1719493440000,1719493919000,1.36847,1.3689,1.36837,1.3686,845280000,8
1719493920000,1719494399000,1.36862,1.36919,1.36857,1.36889,707400000,8
1719494400000,1719494879000,1.36888,1.36889,1.36833,1.36863,651900000,8
1719494880000,1719495359000,1.36864,1.36934,1.36846,1.36864,1241970000,8
1719495360000,1719495839000,1.36866,1.36874,1.36814,1.36849,1022220000,8
1719495840000,1719496319000,1.36853,1.36886,1.36824,1.36885,947610000,8
1719496320000,1719496799000,1.3689,1.36901,1.36824,1.36849,1139040000,8
1719496800000,1719497279000,1.3685,1.36868,1.3681,1.36868,1327310000,8
1719497280000,1719497759000,1.36869,1.36882,1.36824,1.36841,1042540000,8
1719497760000,1719498239000,1.36839,1.36933,1.36832,1.3692,879030000,8
1719498240000,1719498719000,1.36919,1.36951,1.36887,1.36909,1156350000,8
1719498720000,1719499199000,1.3691,1.3691,1.3683,1.36831,652770000,8
1719499200000,1719499679000,1.36834,1.3688,1.3683,1.36864,783030000,8
1719499680000,1719500159000,1.36865,1.36916,1.36856,1.36889,1061190000,8
1719500160000,1719500639000,1.36888,1.36918,1.36864,1.36912,1420740000,8
1719500640000,1719501119000,1.36914,1.36944,1.36885,1.36907,953070000,8
1719501120000,1719501599000,1.36907,1.36908,1.36879,1.36887,413370000,8
1719501600000,1719502079000,1.36889,1.36939,1.36879,1.36939,395640000,8
1719502080000,1719502559000,1.36938,1.36962,1.36928,1.36928,667770000,8
1719502560000,1719503039000,1.36928,1.3697,1.36916,1.36957,526680000,8
1719503040000,1719503519000,1.36957,1.36975,1.36903,1.36936,740430000,8
1719503520000,1719503999000,1.36936,1.36969,1.36925,1.3694,907710000,8
1719504000000,1719504479000,1.36942,1.36962,1.36921,1.36945,602220000,8
1719504480000,1719504959000,1.36946,1.36959,1.36933,1.36948,561780000,8
1719504960000,1719505439000,1.36947,1.36957,1.36938,1.36956,338370000,8
1719505440000,1719505919000,1.36954,1.36997,1.36954,1.36985,481470000,8
1719505920000,1719506399000,1.36986,1.36988,1.36937,1.3695,777180000,8
1719506400000,1719506879000,1.36949,1.36949,1.36918,1.36918,627450000,8
1719506880000,1719507359000,1.36918,1.3692,1.36883,1.36886,635940000,8
1719507360000,1719507839000,1.36887,1.36902,1.36869,1.3688,326640000,8
1719507840000,1719508319000,1.36881,1.36891,1.36849,1.36882,369120000,8
1719508320000,1719508799000,1.36882,1.36882,1.36848,1.36855,668790000,8
1719508800000,1719509279000,1.36855,1.36856,1.36826,1.36826,454200000,8
1719509280000,1719509759000,1.36825,1.36837,1.36819,1.36824,288720000,8
1719509760000,1719510239000,1.36823,1.36834,1.36803,1.36824,351360000,8
1719510240000,1719510719000,1.36825,1.36845,1.36817,1.36845,243030000,8
1719510720000,1719511199000,1.36844,1.36885,1.36835,1.36884,390030000,8
1719511200000,1719511679000,1.36885,1.36921,1.36885,1.36912,606570000,8
1719511680000,1719512159000,1.3691,1.36915,1.36877,1.36886,714900000,8
1719512160000,1719512639000,1.36887,1.36913,1.36886,1.36898,754890000,8
1719512640000,1719513119000,1.36898,1.36938,1.36895,1.36933,795420000,8
1719513120000,1719513599000,1.36935,1.36935,1.36907,1.36928,696740000,8
1719513600000,1719514079000,1.36928,1.36959,1.36917,1.36919,519930000,8
1719514080000,1719514559000,1.3692,1.36931,1.36904,1.36931,353640000,8
1719514560000,1719515039000,1.36932,1.36946,1.36907,1.36918,639660000,8
1719515040000,1719515519000,1.36921,1.36942,1.36899,1.36906,725580000,8
1719515520000,1719515999000,1.36906,1.36924,1.369,1.36919,346500000,8
1719516000000,1719516479000,1.3692,1.36932,1.36919,1.3692,185250000,8
1719516480000,1719516959000,1.36919,1.36932,1.36918,1.3693,386940000,8
1719516960000,1719517439000,1.36931,1.3694,1.3692,1.3694,582720000,8
1719517440000,1719517919000,1.36939,1.36948,1.36926,1.36928,1016160000,8
1719517920000,1719518399000,1.36927,1.36944,1.36923,1.36931,1166670000,8
1719518400000,1719518879000,1.36931,1.36941,1.36928,1.36938,176760000,8
1719518880000,1719519359000,1.36936,1.36936,1.36917,1.36919,384300000,8
1719519360000,1719519839000,1.3692,1.36933,1.36915,1.36932,375120000,8
1719519840000,1719520319000,1.36936,1.36951,1.36926,1.36936,281610000,8
1719520320000,1719520799000,1.36936,1.36947,1.36936,1.36947,118650000,8
1719520800000,1719521279000,1.36949,1.36951,1.36932,1.36944,305160000,8
1719521280000,1719521759000,1.36943,1.36989,1.36941,1.36984,268260000,8
1719521760000,1719522239000,1.36983,1.37009,1.36942,1.36959,325950000,8
1719522240000,1719522719000,1.36959,1.36976,1.36945,1.36959,75930000,8
1719522720000,1719523199000,1.36959,1.36961,1.3694,1.36957,119400000,8
1719523200000,1719523679000,1.36958,1.36958,1.36943,1.36951,74520000,8
1719523680000,1719524159000,1.36952,1.36968,1.36939,1.36951,100870000,8
1719524160000,1719524639000,1.36954,1.36987,1.36927,1.36951,199770000,8
1719524640000,1719525119000,1.36956,1.3697,1.36948,1.36948,183900000,8
1719525120000,1719525599000,1.36947,1.36969,1.36947,1.36965,120900000,8
1719525600000,1719526079000,1.36962,1.37,1.3696,1.36999,166500000,8
1719526080000,1719526559000,1.36999,1.37005,1.36998,1.37001,69600000,8
1719526560000,1719527039000,1.37002,1.37008,1.37,1.37007,34800000,8
1719527040000,1719527519000,1.37007,1.37011,1.37007,1.3701,24000000,8
1719527520000,1719527999000,1.37007,1.37009,1.36993,1.37008,88050000,8
1719528000000,1719528479000,1.37007,1.37024,1.37003,1.37024,378480000,8
1719528480000,1719528959000,1.37023,1.37024,1.37019,1.37022,207600000,8
1719528960000,1719529439000,1.37022,1.37045,1.37022,1.3704,168780000,8
1719529440000,1719529919000,1.37041,1.37042,1.37018,1.3702,221250000,8
1719529920000,1719530399000,1.37022,1.37024,1.37018,1.37019,222000000,8
1719530400000,1719530879000,1.37019,1.37023,1.37011,1.37013,120600000,8
1719530880000,1719531359000,1.37013,1.37016,1.36997,1.37011,111930000,8
1719531360000,1719531839000,1.37011,1.37011,1.36987,1.36987,130440000,8
1719531840000,1719532319000,1.36992,1.36999,1.3699,1.3699,68730000,8
1719532320000,1719532799000,1.3699,1.36994,1.36986,1.36992,116700000,8
1719532800000,1719533279000,1.3699,1.36993,1.36965,1.36967,188250000,8
1719533280000,1719533759000,1.36965,1.36976,1.3696,1.36975,343980000,8
1719533760000,1719534239000,1.36975,1.36995,1.36972,1.36994,522930000,8
1719534240000,1719534719000,1.36993,1.37001,1.36974,1.36999,113220000,8
1719534720000,1719535199000,1.37002,1.37015,1.3699,1.37012,173850000,8
1719535200000,1719535679000,1.37011,1.37051,1.37011,1.37051,88120000,8
1719535680000,1719536159000,1.3705,1.37154,1.3705,1.37149,459310000,8
1719536160000,1719536639000,1.37152,1.37212,1.37143,1.37204,947930000,8
1719536640000,1719537119000,1.37207,1.37246,1.37191,1.37241,922510000,8
1719537120000,1719537599000,1.37242,1.37275,1.37238,1.37266,1262490000,8
1719537600000,1719538079000,1.37267,1.37301,1.3725,1.37299,1116210000,8
1719538080000,1719538559000,1.37299,1.37337,1.37298,1.37328,931500000,8
1719538560000,1719539039000,1.37328,1.37337,1.37278,1.37282,1362440000,8
1719539040000,1719539519000,1.37283,1.37308,1.37274,1.37297,831770000,8
1719539520000,1719539999000,1.37295,1.37297,1.37256,1.37266,772020000,8
1719540000000,1719540479000,1.37264,1.37289,1.37257,1.37286,678600000,8
1719540480000,1719540959000,1.37285,1.37289,1.37218,1.37221,565700000,8
1719540960000,1719541439000,1.37221,1.37225,1.37157,1.37162,518880000,8
1719541440000,1719541919000,1.37163,1.37171,1.37144,1.37148,464460000,8
1719541920000,1719542399000,1.37148,1.37152,1.37127,1.3714,338220000,8
1719542400000,1719542879000,1.37139,1.37147,1.3713,1.37138,393750000,8
1719542880000,1719543359000,1.37137,1.37166,1.37137,1.37165,439200000,8
1719543360000,1719543839000,1.37164,1.37172,1.37152,1.37168,568560000,8
1719543840000,1719544319000,1.37167,1.37209,1.37166,1.372,404160000,8
1719544320000,1719544799000,1.372,1.37205,1.37168,1.37179,399450000,8
1719544800000,1719545279000,1.37179,1.37191,1.37159,1.37181,501660000,8
1719545280000,1719545759000,1.37181,1.37192,1.37166,1.37191,318840000,8
1719545760000,1719546239000,1.37191,1.37191,1.37174,1.37181,284460000,8
1719546240000,1719546719000,1.37183,1.37213,1.37182,1.37209,311250000,8
1719546720000,1719547199000,1.3721,1.3723,1.3721,1.37228,358350000,8
1719547200000,1719547679000,1.37228,1.37258,1.37227,1.37255,384840000,8
1719547680000,1719548159000,1.37256,1.37265,1.37239,1.37265,399870000,8
1719548160000,1719548639000,1.37267,1.37293,1.37266,1.3729,291600000,8
1719548640000,1719549119000,1.3729,1.37311,1.37285,1.3731,317160000,8
1719549120000,1719549599000,1.37309,1.3733,1.373,1.37304,182250000,8
1719549600000,1719550079000,1.37302,1.37313,1.37301,1.37307,95250000,8
1719550080000,1719550559000,1.37308,1.37324,1.37306,1.37307,540900000,8
1719550560000,1719551039000,1.37306,1.37316,1.37295,1.37298,573300000,8
1719551040000,1719551519000,1.373,1.37305,1.37286,1.37294,445050000,8
1719551520000,1719551999000,1.37295,1.37299,1.37273,1.37281,201600000,8
1719552000000,1719552479000,1.3728,1.37305,1.37273,1.37298,124500000,8
1719552480000,1719552959000,1.37297,1.37297,1.37281,1.37289,169300000,8
1719552960000,1719553439000,1.37289,1.37289,1.37273,1.37279,444000000,8
1719553440000,1719553919000,1.37279,1.37295,1.37274,1.37288,396510000,8
1719553920000,1719554399000,1.37287,1.37296,1.3727,1.37278,458980000,8
1719554400000,1719554879000,1.37278,1.37281,1.37234,1.37238,703590000,8
1719554880000,1719555359000,1.37245,1.37258,1.37216,1.37217,1063770000,8
1719555360000,1719555839000,1.37213,1.37213,1.3716,1.37166,860940000,8
1719555840000,1719556319000,1.37164,1.37178,1.37142,1.37148,379290000,8
1719556320000,1719556799000,1.37144,1.37159,1.37131,1.37155,331680000,8
1719556800000,1719557279000,1.37153,1.37173,1.37145,1.37168,248760000,8
1719557280000,1719557759000,1.37167,1.37169,1.37143,1.37151,318660000,8
1719557760000,1719558239000,1.3715,1.3716,1.37123,1.37158,605620000,8
1719558240000,1719558719000,1.37159,1.37169,1.37134,1.37162,523710000,8
1719558720000,1719559199000,1.37161,1.37192,1.3715,1.37169,560580000,8
1719559200000,1719559679000,1.37172,1.37182,1.3713,1.37137,810690000,8
1719559680000,1719560159000,1.37138,1.37145,1.37116,1.37119,668490000,8
1719560160000,1719560639000,1.37119,1.3713,1.37086,1.37087,500430000,8
1719560640000,1719561119000,1.37087,1.37095,1.37072,1.37086,254910000,8
1719561120000,1719561599000,1.37087,1.37096,1.37066,1.37094,501840000,8
1719561600000,1719562079000,1.37093,1.37112,1.37081,1.37111,689670000,8
1719562080000,1719562559000,1.37112,1.37113,1.37089,1.37095,537180000,8
1719562560000,1719563039000,1.37095,1.37106,1.37083,1.37084,492480000,8
1719563040000,1719563519000,1.37083,1.37106,1.3708,1.37104,377760000,8
1719563520000,1719563999000,1.37104,1.3712,1.37068,1.37075,467400000,8
1719564000000,1719564479000,1.37075,1.3708,1.3706,1.37075,565020000,8
1719564480000,1719564959000,1.37074,1.37085,1.37067,1.37077,391590000,8
1719564960000,1719565439000,1.37077,1.37104,1.37071,1.37099,528630000,8
1719565440000,1719565919000,1.37099,1.371,1.37068,1.37075,556200000,8
1719565920000,1719566399000,1.37075,1.37089,1.37048,1.3705,525390000,8
1719566400000,1719566879000,1.37049,1.37071,1.37038,1.3705,347100000,8
1719566880000,1719567359000,1.37049,1.37049,1.37016,1.37023,507870000,8
1719567360000,1719567839000,1.37023,1.37023,1.3697,1.36971,768690000,8
1719567840000,1719568319000,1.3697,1.3697,1.36937,1.3694,690900000,8
1719568320000,1719568799000,1.36939,1.36953,1.36934,1.3695,563520000,8
1719568800000,1719569279000,1.36949,1.36951,1.36921,1.3693,551130000,8
1719569280000,1719569759000,1.3693,1.36974,1.36928,1.36974,388740000,8
1719569760000,1719570239000,1.36975,1.36978,1.36957,1.36961,448710000,8
1719570240000,1719570719000,1.36961,1.36968,1.3693,1.36935,309330000,8
1719570720000,1719571199000,1.36933,1.36936,1.36898,1.36909,727650000,8
1719571200000,1719571679000,1.36908,1.36942,1.36907,1.36937,416910000,8
1719571680000,1719572159000,1.36935,1.36935,1.36893,1.36899,539370000,8
1719572160000,1719572639000,1.36897,1.36909,1.36863,1.36877,593940000,8
1719572640000,1719573119000,1.36877,1.369,1.36868,1.36898,421770000,8
1719573120000,1719573599000,1.36898,1.36928,1.36897,1.3692,429300000,8
1719573600000,1719574079000,1.36921,1.36974,1.36921,1.36973,434160000,8
1719574080000,1719574559000,1.36973,1.36991,1.36964,1.36977,593010000,8
1719574560000,1719575039000,1.36978,1.36994,1.36974,1.36983,382710000,8
1719575040000,1719575519000,1.36983,1.37013,1.36983,1.36995,267420000,8
1719575520000,1719575999000,1.36997,1.37045,1.36991,1.3704,463140000,8
1719576000000,1719576479000,1.37039,1.37044,1.36999,1.37042,622890000,8
1719576480000,1719576959000,1.37041,1.37055,1.37023,1.37039,550290000,8
1719576960000,1719577439000,1.37039,1.37065,1.37021,1.37046,860490000,8
1719577440000,1719577919000,1.37048,1.37066,1.36863,1.36974,1477390000,8
1719577920000,1719578399000,1.36975,1.37016,1.36917,1.37003,2568060000,8
1719578400000,1719578879000,1.37004,1.371,1.36989,1.37009,2257410000,8
1719578880000,1719579359000,1.37008,1.37024,1.36961,1.36981,1568400000,8
1719579360000,1719579839000,1.36981,1.37019,1.36943,1.36999,1638180000,8
1719579840000,1719580319000,1.36998,1.37013,1.36904,1.36904,776250000,8
1719580320000,1719580799000,1.36906,1.36908,1.36829,1.36843,921790000,8
1719580800000,1719581279000,1.36843,1.36903,1.36842,1.369,1010490000,8
1719581280000,1719581759000,1.369,1.369,1.36799,1.36799,1659330000,8
1719581760000,1719582239000,1.36799,1.36837,1.3676,1.36791,1215180000,8
1719582240000,1719582719000,1.36791,1.36877,1.36779,1.36862,1340370000,8
1719582720000,1719583199000,1.36863,1.36989,1.3684,1.36968,1016880000,8
1719583200000,1719583679000,1.36971,1.37061,1.36955,1.37027,2484240000,8
1719583680000,1719584159000,1.37028,1.37028,1.36912,1.36953,1870720000,8
1719584160000,1719584639000,1.36952,1.37028,1.36949,1.37003,1544250000,8
1719584640000,1719585119000,1.37002,1.3708,1.36976,1.3708,1009470000,8
1719585120000,1719585599000,1.37077,1.37122,1.37037,1.37116,1105890000,8
1719585600000,1719586079000,1.37119,1.37169,1.36976,1.36979,1433670000,8
1719586080000,1719586559000,1.36978,1.3698,1.3684,1.36855,2309700000,8
1719586560000,1719587039000,1.36855,1.36886,1.36804,1.36846,2339110000,8
1719587040000,1719587519000,1.36848,1.36853,1.36772,1.36797,1355450000,8
1719587520000,1719587999000,1.36797,1.3688,1.36754,1.36867,1237740000,8
1719588000000,1719588479000,1.36867,1.36893,1.36846,1.36875,977190000,8
1719588480000,1719588959000,1.36876,1.36889,1.36853,1.36861,835320000,8
1719588960000,1719589439000,1.36861,1.36875,1.36819,1.36857,944940000,8
1719589440000,1719589919000,1.36856,1.36876,1.36841,1.36856,1097550000,8
1719589920000,1719590399000,1.36856,1.36904,1.36842,1.36856,1218830000,8
1719590400000,1719590879000,1.36855,1.36892,1.36853,1.36885,820530000,8
1719590880000,1719591359000,1.36887,1.36901,1.36854,1.36865,1103490000,8
1719591360000,1719591839000,1.36866,1.36887,1.36818,1.36824,1198710000,8
1719591840000,1719592319000,1.36829,1.36835,1.36769,1.36769,853260000,8
1719592320000,1719592799000,1.36769,1.36844,1.36768,1.36835,1074000000,8
1719592800000,1719593279000,1.36836,1.36871,1.36808,1.36811,1792800000,8
1719593280000,1719593759000,1.36812,1.36818,1.36766,1.36766,995220000,8
1719593760000,1719594239000,1.36768,1.36768,1.3672,1.36736,675780000,8
1719594240000,1719594719000,1.36735,1.36738,1.36638,1.3664,640260000,8
1719594720000,1719595199000,1.3664,1.36642,1.36564,1.36584,907260000,8
1719595200000,1719595679000,1.36585,1.36611,1.3655,1.36611,866940000,8
1719595680000,1719596159000,1.36614,1.36666,1.36607,1.36663,846450000,8
1719596160000,1719596639000,1.36664,1.36692,1.36652,1.36681,463270000,8
1719596640000,1719597119000,1.36682,1.36717,1.3668,1.36717,767950000,8
1719597120000,1719597599000,1.36718,1.36757,1.36709,1.36756,805200000,8
1719597600000,1719598079000,1.36755,1.36777,1.36734,1.36735,1512740000,8
1719598080000,1719598559000,1.36735,1.36758,1.3672,1.36728,1115670000,8
1719598560000,1719599039000,1.36726,1.36778,1.36715,1.36757,660870000,8
1719599040000,1719599519000,1.3676,1.36802,1.36754,1.36801,609390000,8
1719599520000,1719599999000,1.36801,1.3681,1.36779,1.36787,706290000,8
1719600000000,1719600479000,1.36788,1.36844,1.36786,1.36843,792900000,8
1719600480000,1719600959000,1.36844,1.36874,1.36837,1.36859,1316400000,8
1719600960000,1719601439000,1.3686,1.36877,1.36853,1.36859,1552170000,8
1719601440000,1719601919000,1.36861,1.3688,1.36849,1.36862,1083570000,8
1719601920000,1719602399000,1.36862,1.36881,1.36852,1.36877,1094850000,8
1719602400000,1719602879000,1.36878,1.3688,1.36851,1.36873,694920000,8
1719602880000,1719603359000,1.36873,1.3695,1.36872,1.36941,1506300000,8
1719603360000,1719603839000,1.36937,1.36937,1.3687,1.36872,1405380000,8
1719603840000,1719604319000,1.36872,1.36888,1.3683,1.3684,1175100000,8
1719604320000,1719604799000,1.36836,1.3686,1.36786,1.36813,1055940000,8
1719604800000,1719605279000,1.36815,1.36858,1.36814,1.36845,459600000,8
1719605280000,1719605759000,1.36845,1.36862,1.36823,1.36825,457350000,8
1719605760000,1719606239000,1.36823,1.36838,1.36811,1.36834,671340000,8
1719606240000,1719606719000,1.36835,1.36842,1.36818,1.36833,299250000,8
1719606720000,1719607199000,1.36834,1.36851,1.36806,1.3681,1265550000,8
1719607200000,1719607679000,1.3681,1.36818,1.36773,1.36795,1178730000,8
1719607680000,1719608159000,1.36796,1.36798,1.36765,1.36769,547050000,8
1719608160000,1719608639000,1.3677,1.36789,1.36769,1.36781,266700000,8
1719608640000,1719609119000,1.36781,1.36781,1.36781,1.36781,0,8
1719609120000,1719609599000,1.36781,1.36781,1.36781,1.36781,0,8
1719609600000,1719610079000,1.36781,1.36781,1.36781,1.36781,0,8
1719610080000,1719610559000,1.36781,1.36781,1.36781,1.36781,0,8
1719610560000,1719611039000,1.36781,1.36781,1.36781,1.36781,0,8
1719611040000,1719611519000,1.36781,1.36781,1.36781,1.36781,0,8
1719611520000,1719611999000,1.36781,1.36781,1.36781,1.36781,0,8
1719612000000,1719612479000,1.36781,1.36781,1.36781,1.36781,0,8
1719612480000,1719612959000,1.36781,1.36781,1.36781,1.36781,0,8
1719612960000,1719613439000,1.36781,1.36781,1.36781,1.36781,0,8
1719613440000,1719613919000,1.36781,1.36781,1.36781,1.36781,0,8
1719613920000,1719614399000,1.36781,1.36781,1.36781,1.36781,0,8
1719614400000,1719614879000,1.36781,1.36781,1.36781,1.36781,0,8
1719614880000,1719615359000,1.36781,1.36781,1.36781,1.36781,0,8
1719615360000,1719615839000,1.36781,1.36781,1.36781,1.36781,0,8
1719615840000,1719616319000,1.36781,1.36781,1.36781,1.36781,0,8
1719616320000,1719616799000,1.36781,1.36781,1.36781,1.36781,0,8
1719616800000,1719617279000,1.36781,1.36781,1.36781,1.36781,0,8
1719617280000,1719617759000,1.36781,1.36781,1.36781,1.36781,0,8
1719617760000,1719618239000,1.36781,1.36781,1.36781,1.36781,0,8
1719618240000,1719618719000,1.36781,1.36781,1.36781,1.36781,0,8
1719618720000,1719619199000,1.36781,1.36781,1.36781,1.36781,0,8
1719705600000,1719706079000,1.36781,1.36781,1.36781,1.36781,0,8
1719706080000,1719706559000,1.36781,1.36781,1.36781,1.36781,0,8
1719706560000,1719707039000,1.36781,1.36781,1.36781,1.36781,0,8
1719707040000,1719707519000,1.36781,1.36781,1.36781,1.36781,0,8
1719707520000,1719707999000,1.36781,1.36781,1.36781,1.36781,0,8
1719708000000,1719708479000,1.36781,1.36781,1.36781,1.36781,0,8
1719708480000,1719708959000,1.36781,1.36781,1.36781,1.36781,0,8
1719708960000,1719709439000,1.36781,1.36781,1.36781,1.36781,0,8
1719709440000,1719709919000,1.36781,1.36781,1.36781,1.36781,0,8
1719709920000,1719710399000,1.36781,1.36781,1.36781,1.36781,0,8
1719710400000,1719710879000,1.36781,1.36781,1.36781,1.36781,0,8
1719710880000,1719711359000,1.36781,1.36781,1.36781,1.36781,0,8
1719711360000,1719711839000,1.36781,1.36781,1.36781,1.36781,0,8
1719711840000,1719712319000,1.36781,1.36781,1.36781,1.36781,0,8
1719712320000,1719712799000,1.36781,1.36781,1.36781,1.36781,0,8
1719712800000,1719713279000,1.36781,1.36781,1.36781,1.36781,0,8
1719713280000,1719713759000,1.36781,1.36781,1.36781,1.36781,0,8
1719713760000,1719714239000,1.36781,1.36781,1.36781,1.36781,0,8
1719714240000,1719714719000,1.36781,1.36781,1.36781,1.36781,0,8
1719714720000,1719715199000,1.36781,1.36781,1.36781,1.36781,0,8
1719715200000,1719715679000,1.36781,1.36781,1.36781,1.36781,0,8
1719715680000,1719716159000,1.36781,1.36781,1.36781,1.36781,0,8
1719716160000,1719716639000,1.36781,1.36781,1.36781,1.36781,0,8
1719716640000,1719717119000,1.36781,1.36781,1.36781,1.36781,0,8
1719717120000,1719717599000,1.36781,1.36781,1.36781,1.36781,0,8
1719717600000,1719718079000,1.36781,1.36781,1.36781,1.36781,0,8
1719718080000,1719718559000,1.36781,1.36781,1.36781,1.36781,0,8
1719718560000,1719719039000,1.36781,1.36781,1.36781,1.36781,0,8
1719719040000,1719719519000,1.36781,1.36781,1.36781,1.36781,0,8
1719719520000,1719719999000,1.36781,1.36781,1.36781,1.36781,0,8
1719720000000,1719720479000,1.36781,1.36781,1.36781,1.36781,0,8
1719720480000,1719720959000,1.36781,1.36781,1.36781,1.36781,0,8
1719720960000,1719721439000,1.36781,1.36781,1.36781,1.36781,0,8
1719721440000,1719721919000,1.36781,1.36781,1.36781,1.36781,0,8
1719721920000,1719722399000,1.36781,1.36781,1.36781,1.36781,0,8
1719722400000,1719722879000,1.36781,1.36781,1.36781,1.36781,0,8
1719722880000,1719723359000,1.36781,1.36781,1.36781,1.36781,0,8
1719723360000,1719723839000,1.36781,1.36781,1.36781,1.36781,0,8
1719723840000,1719724319000,1.36781,1.36781,1.36781,1.36781,0,8
1719724320000,1719724799000,1.36781,1.36781,1.36781,1.36781,0,8
1719724800000,1719725279000,1.36781,1.36781,1.36781,1.36781,0,8
1719725280000,1719725759000,1.36781,1.36781,1.36781,1.36781,0,8
1719725760000,1719726239000,1.36781,1.36781,1.36781,1.36781,0,8
1719726240000,1719726719000,1.36781,1.36781,1.36781,1.36781,0,8
1719726720000,1719727199000,1.36781,1.36781,1.36781,1.36781,0,8
1719727200000,1719727679000,1.36781,1.36781,1.36781,1.36781,0,8
1719727680000,1719728159000,1.36781,1.36781,1.36781,1.36781,0,8
1719728160000,1719728639000,1.36781,1.36781,1.36781,1.36781,0,8
1719728640000,1719729119000,1.36781,1.36781,1.36781,1.36781,0,8
1719729120000,1719729599000,1.36781,1.36781,1.36781,1.36781,0,8
1719729600000,1719730079000,1.36781,1.36781,1.36781,1.36781,0,8
1719730080000,1719730559000,1.36781,1.36781,1.36781,1.36781,0,8
1719730560000,1719731039000,1.36781,1.36781,1.36781,1.36781,0,8
1719731040000,1719731519000,1.36781,1.36781,1.36781,1.36781,0,8
1719731520000,1719731999000,1.36781,1.36781,1.36781,1.36781,0,8
1719732000000,1719732479000,1.36781,1.36781,1.36781,1.36781,0,8
1719732480000,1719732959000,1.36781,1.36781,1.36781,1.36781,0,8
1719732960000,1719733439000,1.36781,1.36781,1.36781,1.36781,0,8
1719733440000,1719733919000,1.36781,1.36781,1.36781,1.36781,0,8
1719733920000,1719734399000,1.36781,1.36781,1.36781,1.36781,0,8
1719734400000,1719734879000,1.36781,1.36781,1.36781,1.36781,0,8
1719734880000,1719735359000,1.36781,1.36781,1.36781,1.36781,0,8
1719735360000,1719735839000,1.36781,1.36781,1.36781,1.36781,0,8
1719735840000,1719736319000,1.36781,1.36781,1.36781,1.36781,0,8
1719736320000,1719736799000,1.36781,1.36781,1.36781,1.36781,0,8
1719736800000,1719737279000,1.36781,1.36781,1.36781,1.36781,0,8
1719737280000,1719737759000,1.36781,1.36781,1.36781,1.36781,0,8
1719737760000,1719738239000,1.36781,1.36781,1.36781,1.36781,0,8
1719738240000,1719738719000,1.36781,1.36781,1.36781,1.36781,0,8
1719738720000,1719739199000,1.36781,1.36781,1.36781,1.36781,0,8
1719739200000,1719739679000,1.36781,1.36781,1.36781,1.36781,0,8
1719739680000,1719740159000,1.36781,1.36781,1.36781,1.36781,0,8
1719740160000,1719740639000,1.36781,1.36781,1.36781,1.36781,0,8
1719740640000,1719741119000,1.36781,1.36781,1.36781,1.36781,0,8
1719741120000,1719741599000,1.36781,1.36781,1.36781,1.36781,0,8
1719741600000,1719742079000,1.36781,1.36781,1.36781,1.36781,0,8
1719742080000,1719742559000,1.36781,1.36781,1.36781,1.36781,0,8
1719742560000,1719743039000,1.36781,1.36781,1.36781,1.36781,0,8
1719743040000,1719743519000,1.36781,1.36781,1.36781,1.36781,0,8
1719743520000,1719743999000,1.36781,1.36781,1.36781,1.36781,0,8
1719744000000,1719744479000,1.36781,1.36781,1.36781,1.36781,0,8
1719744480000,1719744959000,1.36781,1.36781,1.36781,1.36781,0,8
1719744960000,1719745439000,1.36781,1.36781,1.36781,1.36781,0,8
1719745440000,1719745919000,1.36781,1.36781,1.36781,1.36781,0,8
1719745920000,1719746399000,1.36781,1.36781,1.36781,1.36781,0,8
1719746400000,1719746879000,1.36781,1.36781,1.36781,1.36781,0,8
1719746880000,1719747359000,1.36781,1.36781,1.36781,1.36781,0,8
1719747360000,1719747839000,1.36781,1.36781,1.36781,1.36781,0,8
1719747840000,1719748319000,1.36781,1.36781,1.36781,1.36781,0,8
1719748320000,1719748799000,1.36781,1.36781,1.36781,1.36781,0,8
1719748800000,1719749279000,1.36781,1.36781,1.36781,1.36781,0,8
1719749280000,1719749759000,1.36781,1.36781,1.36781,1.36781,0,8
1719749760000,1719750239000,1.36781,1.36781,1.36781,1.36781,0,8
1719750240000,1719750719000,1.36781,1.36781,1.36781,1.36781,0,8
1719750720000,1719751199000,1.36781,1.36781,1.36781,1.36781,0,8
1719751200000,1719751679000,1.36781,1.36781,1.36781,1.36781,0,8
1719751680000,1719752159000,1.36781,1.36781,1.36781,1.36781,0,8
1719752160000,1719752639000,1.36781,1.36781,1.36781,1.36781,0,8
1719752640000,1719753119000,1.36781,1.36781,1.36781,1.36781,0,8
1719753120000,1719753599000,1.36781,1.36781,1.36781,1.36781,0,8
1719753600000,1719754079000,1.36781,1.36781,1.36781,1.36781,0,8
1719754080000,1719754559000,1.36781,1.36781,1.36781,1.36781,0,8
1719754560000,1719755039000,1.36781,1.36781,1.36781,1.36781,0,8
1719755040000,1719755519000,1.36781,1.36781,1.36781,1.36781,0,8
1719755520000,1719755999000,1.36781,1.36781,1.36781,1.36781,0,8
1719756000000,1719756479000,1.36781,1.36781,1.36781,1.36781,0,8
1719756480000,1719756959000,1.36781,1.36781,1.36781,1.36781,0,8
1719756960000,1719757439000,1.36781,1.36781,1.36781,1.36781,0,8
1719757440000,1719757919000,1.36781,1.36781,1.36781,1.36781,0,8
1719757920000,1719758399000,1.36781,1.36781,1.36781,1.36781,0,8
1719758400000,1719758879000,1.36781,1.36781,1.36781,1.36781,0,8
1719758880000,1719759359000,1.36781,1.36781,1.36781,1.36781,0,8
1719759360000,1719759839000,1.36781,1.36781,1.36781,1.36781,0,8
1719759840000,1719760319000,1.36781,1.36781,1.36781,1.36781,0,8
1719760320000,1719760799000,1.36781,1.36781,1.36781,1.36781,0,8
1719760800000,1719761279000,1.36781,1.36781,1.36781,1.36781,0,8
1719761280000,1719761759000,1.36781,1.36781,1.36781,1.36781,0,8
1719761760000,1719762239000,1.36781,1.36781,1.36781,1.36781,0,8
1719762240000,1719762719000,1.36781,1.36781,1.36781,1.36781,0,8
1719762720000,1719763199000,1.36781,1.36781,1.36781,1.36781,0,8
1719763200000,1719763679000,1.36781,1.36781,1.36781,1.36781,0,8
1719763680000,1719764159000,1.36781,1.36781,1.36781,1.36781,0,8
1719764160000,1719764639000,1.36781,1.36781,1.36781,1.36781,0,8
1719764640000,1719765119000,1.36781,1.36781,1.36781,1.36781,0,8
1719765120000,1719765599000,1.36781,1.36781,1.36781,1.36781,0,8
1719765600000,1719766079000,1.36781,1.36781,1.36781,1.36781,0,8
1719766080000,1719766559000,1.36781,1.36781,1.36781,1.36781,0,8
1719766560000,1719767039000,1.36781,1.36781,1.36781,1.36781,0,8
1719767040000,1719767519000,1.36781,1.36781,1.36781,1.36781,0,8
1719767520000,1719767999000,1.36781,1.36781,1.36781,1.36781,0,8
1719768000000,1719768479000,1.36781,1.36781,1.36781,1.36781,0,8
1719768480000,1719768959000,1.36781,1.36781,1.36781,1.36781,0,8
1719768960000,1719769439000,1.36781,1.36781,1.36781,1.36781,0,8
1719769440000,1719769919000,1.36781,1.36781,1.36781,1.36781,0,8
1719769920000,1719770399000,1.36781,1.36781,1.36781,1.36781,0,8
1719770400000,1719770879000,1.36781,1.36781,1.36781,1.36781,0,8
1719770880000,1719771359000,1.36781,1.36781,1.36781,1.36781,0,8
1719771360000,1719771839000,1.36781,1.36781,1.36781,1.36781,0,8
1719771840000,1719772319000,1.36781,1.36781,1.36781,1.36781,0,8
1719772320000,1719772799000,1.36781,1.36781,1.36781,1.36781,0,8
1719772800000,1719773279000,1.36781,1.36781,1.36781,1.36781,0,8
1719773280000,1719773759000,1.36781,1.36781,1.36781,1.36781,0,8
1719773760000,1719774239000,1.36781,1.36781,1.36781,1.36781,0,8
1719774240000,1719774719000,1.36781,1.36781,1.36781,1.36781,0,8
1719774720000,1719775199000,1.36781,1.36781,1.36781,1.36781,0,8
1719775200000,1719775679000,1.36781,1.36781,1.36781,1.36781,0,8
1719775680000,1719776159000,1.36781,1.36781,1.36781,1.36781,0,8
1719776160000,1719776639000,1.36781,1.36781,1.36781,1.36781,0,8
1719776640000,1719777119000,1.36781,1.36781,1.36781,1.36781,0,8
1719777120000,1719777599000,1.36781,1.36781,1.36781,1.36781,0,8
1719777600000,1719778079000,1.36781,1.36781,1.36781,1.36781,0,8
1719778080000,1719778559000,1.36781,1.36781,1.36781,1.36781,0,8
1719778560000,1719779039000,1.36781,1.36781,1.36781,1.36781,0,8
1719779040000,1719779519000,1.36781,1.36781,1.36781,1.36781,0,8
1719779520000,1719779999000,1.36781,1.36781,1.36781,1.36781,0,8
1719780000000,1719780479000,1.36781,1.36781,1.36781,1.36781,0,8
1719780480000,1719780959000,1.36781,1.36781,1.36781,1.36781,0,8
1719780960000,1719781439000,1.36781,1.36781,1.36687,1.36731,33600000,8
1719781440000,1719781919000,1.36731,1.36736,1.36695,1.36736,41400000,8
1719781920000,1719782399000,1.36735,1.36736,1.36671,1.367,72450000,8
1719782400000,1719782879000,1.36694,1.36728,1.36635,1.36715,52050000,8
1719782880000,1719783359000,1.36707,1.36754,1.36628,1.36725,285900000,8
1719783360000,1719783839000,1.3673,1.36743,1.36683,1.36709,180900000,8
1719783840000,1719784319000,1.36708,1.36709,1.3668,1.3668,104100000,8
1719784320000,1719784799000,1.36693,1.36696,1.36679,1.36686,73500000,8
1719784800000,1719785279000,1.36686,1.36721,1.36657,1.36702,334500000,8
1719785280000,1719785759000,1.36703,1.36717,1.36701,1.36713,90000000,8
1719785760000,1719786239000,1.36712,1.36732,1.36708,1.36731,276000000,8
1719786240000,1719786719000,1.36733,1.36735,1.36715,1.36733,115800000,8
1719786720000,1719787199000,1.36731,1.36745,1.36731,1.36742,172800000,8
1719787200000,1719787679000,1.36743,1.36749,1.36742,1.36743,45600000,8
1719787680000,1719788159000,1.36744,1.36744,1.36724,1.36728,73800000,8
1719788160000,1719788639000,1.3673,1.3674,1.36725,1.36733,245250000,8
1719788640000,1719789119000,1.36731,1.36734,1.36715,1.36716,186570000,8
1719789120000,1719789599000,1.36715,1.36723,1.36708,1.36723,160800000,8
1719789600000,1719790079000,1.36725,1.36727,1.36716,1.36727,60150000,8
1719790080000,1719790559000,1.36728,1.36728,1.36691,1.36691,274500000,8
1719790560000,1719791039000,1.36691,1.36702,1.36683,1.36702,315450000,8
1719791040000,1719791519000,1.36702,1.36713,1.36673,1.36713,308280000,8
1719791520000,1719791999000,1.36709,1.36745,1.36709,1.36742,275310000,8
