openEpochMillis,closeEpochMillis,open,high,low,close,volume,sourceBars
1580680800000,1580681279000,72.471,72.507,72.458,72.491,424580000,8
1580681280000,1580681759000,72.491,72.505,72.426,72.437,1395190000,8
1580681760000,1580682239000,72.438,72.469,72.438,72.459,447520000,8
1580682240000,1580682719000,72.462,72.479,72.452,72.463,147630000,8
1580682720000,1580683199000,72.464,72.471,72.416,72.418,303670000,8
1580683200000,1580683679000,72.418,72.435,72.414,72.433,621190000,8
1580683680000,1580684159000,72.434,72.448,72.423,72.428,288950000,8
1580684160000,1580684639000,72.429,72.469,72.41,72.467,1046230000,8
1580684640000,1580685119000,72.468,72.496,72.418,72.422,826540000,8
1580685120000,1580685599000,72.422,72.516,72.421,72.505,610890000,8
1580685600000,1580686079000,72.506,72.554,72.496,72.545,1274330000,8
1580686080000,1580686559000,72.544,72.581,72.511,72.52,1109410000,8
1580686560000,1580687039000,72.52,72.568,72.519,72.55,795090000,8
1580687040000,1580687519000,72.55,72.577,72.493,72.515,1335160000,8
1580687520000,1580687999000,72.515,72.541,72.48,72.539,881640000,8
1580688000000,1580688479000,72.537,72.547,72.505,72.52,990270000,8
1580688480000,1580688959000,72.519,72.573,72.509,72.537,796140000,8
1580688960000,1580689439000,72.539,72.602,72.53,72.6,736170000,8
1580689440000,1580689919000,72.598,72.616,72.583,72.616,532340000,8
1580689920000,1580690399000,72.617,72.731,72.602,72.718,1481990000,8
1580690400000,1580690879000,72.717,72.754,72.688,72.712,1401600000,8
1580690880000,1580691359000,72.715,72.749,72.679,72.703,1428140000,8
1580691360000,1580691839000,72.703,72.709,72.581,72.631,1896610000,8
1580691840000,1580692319000,72.633,72.718,72.565,72.689,2418810000,8
1580692320000,1580692799000,72.69,72.697,72.62,72.646,2047050000,8
1580692800000,1580693279000,72.648,72.698,72.561,72.562,2091440000,8
1580693280000,1580693759000,72.561,72.738,72.553,72.711,2824090000,8
1580693760000,1580694239000,72.711,72.8,72.685,72.761,2154590000,8
1580694240000,1580694719000,72.76,72.771,72.691,72.766,1695990000,8
1580694720000,1580695199000,72.767,72.786,72.715,72.722,1599120000,8
1580695200000,1580695679000,72.72,72.732,72.626,72.627,1585200000,8
1580695680000,1580696159000,72.627,72.653,72.512,72.535,2126630000,8
1580696160000,1580696639000,72.533,72.636,72.516,72.618,1557100000,8
1580696640000,1580697119000,72.617,72.66,72.605,72.643,1523890000,8
1580697120000,1580697599000,72.642,72.676,72.601,72.651,1574790000,8
1580697600000,1580698079000,72.653,72.653,72.609,72.618,838560000,8
1580698080000,1580698559000,72.617,72.626,72.578,72.621,855380000,8
1580698560000,1580699039000,72.62,72.62,72.576,72.586,941380000,8
1580699040000,1580699519000,72.584,72.585,72.54,72.546,1064890000,8
1580699520000,1580699999000,72.546,72.617,72.539,72.616,957320000,8
1580700000000,1580700479000,72.616,72.648,72.607,72.622,986610000,8
1580700480000,1580700959000,72.622,72.626,72.596,72.622,658320000,8
1580700960000,1580701439000,72.625,72.628,72.585,72.602,580550000,8
1580701440000,1580701919000,72.603,72.634,72.594,72.615,467080000,8
1580701920000,1580702399000,72.614,72.653,72.614,72.652,586640000,8
1580702400000,1580702879000,72.653,72.66,72.625,72.631,414140000,8
1580702880000,1580703359000,72.631,72.651,72.619,72.625,497040000,8
1580703360000,1580703839000,72.625,72.655,72.624,72.625,378410000,8
1580703840000,1580704319000,72.624,72.661,72.615,72.65,466500000,8
1580704320000,1580704799000,72.649,72.662,72.644,72.657,325600000,8
1580704800000,1580705279000,72.656,72.673,72.64,72.663,471370000,8
1580705280000,1580705759000,72.663,72.666,72.633,72.639,274960000,8
1580705760000,1580706239000,72.639,72.667,72.624,72.657,616540000,8
1580706240000,1580706719000,72.655,72.691,72.652,72.681,538040000,8
1580706720000,1580707199000,72.682,72.73,72.682,72.713,525710000,8
1580707200000,1580707679000,72.715,72.754,72.715,72.723,600450000,8
1580707680000,1580708159000,72.721,72.745,72.716,72.735,883520000,8
1580708160000,1580708639000,72.735,72.743,72.717,72.724,550750000,8
1580708640000,1580709119000,72.724,72.758,72.722,72.749,546990000,8
1580709120000,1580709599000,72.748,72.75,72.712,72.744,470870000,8
1580709600000,1580710079000,72.745,72.749,72.699,72.705,706740000,8
1580710080000,1580710559000,72.704,72.725,72.7,72.705,628220000,8
1580710560000,1580711039000,72.704,72.739,72.696,72.73,465130000,8
1580711040000,1580711519000,72.73,72.75,72.727,72.748,482740000,8
1580711520000,1580711999000,72.747,72.749,72.689,72.691,380260000,8
1580712000000,1580712479000,72.691,72.692,72.642,72.659,563870000,8
1580712480000,1580712959000,72.659,72.707,72.649,72.698,570030000,8
1580712960000,1580713439000,72.699,72.762,72.689,72.744,1077430000,8
1580713440000,1580713919000,72.745,72.754,72.712,72.722,875970000,8
1580713920000,1580714399000,72.723,72.784,72.706,72.775,920250000,8
1580714400000,1580714879000,72.772,72.85,72.768,72.827,1199920000,8
1580714880000,1580715359000,72.827,72.871,72.822,72.869,1513000000,8
1580715360000,1580715839000,72.867,72.882,72.847,72.873,1159490000,8
1580715840000,1580716319000,72.873,72.881,72.831,72.834,975720000,8
1580716320000,1580716799000,72.835,72.84,72.76,72.78,998150000,8
1580716800000,1580717279000,72.781,72.797,72.721,72.735,1578050000,8
1580717280000,1580717759000,72.736,72.742,72.65,72.666,1772090000,8
1580717760000,1580718239000,72.666,72.682,72.579,72.58,1670560000,8
1580718240000,1580718719000,72.58,72.627,72.573,72.608,1052980000,8
1580718720000,1580719199000,72.613,72.687,72.602,72.679,1483600000,8
1580719200000,1580719679000,72.678,72.69,72.648,72.662,1100690000,8
1580719680000,1580720159000,72.663,72.728,72.654,72.696,1863150000,8
1580720160000,1580720639000,72.694,72.701,72.628,72.648,1316450000,8
1580720640000,1580721119000,72.649,72.654,72.598,72.609,1322030000,8
1580721120000,1580721599000,72.609,72.639,72.587,72.613,1553890000,8
1580721600000,1580722079000,72.613,72.623,72.591,72.601,1253890000,8
1580722080000,1580722559000,72.601,72.626,72.563,72.611,1507950000,8
1580722560000,1580723039000,72.612,72.664,72.605,72.662,742650000,8
1580723040000,1580723519000,72.668,72.705,72.643,72.698,846600000,8
1580723520000,1580723999000,72.698,72.698,72.658,72.673,933570000,8
1580724000000,1580724479000,72.674,72.685,72.639,72.662,1080590000,8
1580724480000,1580724959000,72.662,72.682,72.649,72.652,1143360000,8
1580724960000,1580725439000,72.651,72.665,72.636,72.654,1002550000,8
1580725440000,1580725919000,72.655,72.668,72.613,72.614,971570000,8
1580725920000,1580726399000,72.616,72.628,72.603,72.62,630280000,8
1580726400000,1580726879000,72.62,72.62,72.587,72.588,870350000,8
1580726880000,1580727359000,72.59,72.606,72.549,72.549,1021810000,8
1580727360000,1580727839000,72.549,72.621,72.535,72.609,1143630000,8
1580727840000,1580728319000,72.609,72.653,72.606,72.636,1658580000,8
1580728320000,1580728799000,72.635,72.661,72.626,72.639,947340000,8
1580728800000,1580729279000,72.637,72.65,72.609,72.613,1031440000,8
1580729280000,1580729759000,72.612,72.674,72.611,72.652,1148620000,8
1580729760000,1580730239000,72.651,72.673,72.632,72.669,732370000,8
1580730240000,1580730719000,72.668,72.689,72.66,72.668,1072920000,8
1580730720000,1580731199000,72.668,72.703,72.658,72.699,698420000,8
1580731200000,1580731679000,72.698,72.721,72.688,72.706,774170000,8
1580731680000,1580732159000,72.706,72.738,72.699,72.735,542080000,8
1580732160000,1580732639000,72.736,72.741,72.674,72.69,1006270000,8
1580732640000,1580733119000,72.69,72.702,72.668,72.699,669030000,8
1580733120000,1580733599000,72.699,72.719,72.693,72.707,527070000,8
1580733600000,1580734079000,72.707,72.712,72.692,72.706,461500000,8
1580734080000,1580734559000,72.705,72.729,72.701,72.705,535730000,8
1580734560000,1580735039000,72.704,72.76,72.687,72.712,976450000,8
1580735040000,1580735519000,72.713,72.719,72.669,72.688,659430000,8
1580735520000,1580735999000,72.688,72.721,72.687,72.71,561890000,8
1580736000000,1580736479000,72.71,72.724,72.683,72.722,764000000,8
1580736480000,1580736959000,72.723,72.743,72.712,72.72,812540000,8
1580736960000,1580737439000,72.719,72.719,72.691,72.713,767750000,8
1580737440000,1580737919000,72.712,72.718,72.679,72.693,662980000,8
1580737920000,1580738399000,72.693,72.695,72.662,72.68,616510000,8
1580738400000,1580738879000,72.68,72.682,72.637,72.65,788330000,8
1580738880000,1580739359000,72.649,72.663,72.634,72.659,697510000,8
1580739360000,1580739839000,72.66,72.672,72.643,72.65,838170000,8
1580739840000,1580740319000,72.648,72.68,72.635,72.68,1122440000,8
1580740320000,1580740799000,72.681,72.724,72.66,72.695,1567210000,8
1580740800000,1580741279000,72.694,72.799,72.679,72.789,1290440000,8
1580741280000,1580741759000,72.794,72.832,72.776,72.814,1313970000,8
1580741760000,1580742239000,72.813,72.923,72.798,72.923,2382040000,8
1580742240000,1580742719000,72.922,72.922,72.742,72.801,3426390000,8
1580742720000,1580743199000,72.802,72.848,72.787,72.818,1928410000,8
1580743200000,1580743679000,72.82,72.839,72.791,72.822,1510450000,8
1580743680000,1580744159000,72.822,72.842,72.797,72.804,1374680000,8
1580744160000,1580744639000,72.805,72.81,72.711,72.731,1270370000,8
1580744640000,1580745119000,72.731,72.759,72.695,72.718,1475580000,8
1580745120000,1580745599000,72.717,72.784,72.715,72.769,1280300000,8
1580745600000,1580746079000,72.77,72.821,72.764,72.77,1305440000,8
1580746080000,1580746559000,72.772,72.78,72.716,72.727,889190000,8
1580746560000,1580747039000,72.727,72.739,72.7,72.713,1224660000,8
1580747040000,1580747519000,72.711,72.722,72.671,72.678,1027430000,8
1580747520000,1580747999000,72.676,72.686,72.613,72.632,1239920000,8
1580748000000,1580748479000,72.633,72.641,72.534,72.558,2148410000,8
1580748480000,1580748959000,72.556,72.585,72.536,72.584,1409170000,8
1580748960000,1580749439000,72.583,72.623,72.574,72.595,1214390000,8
1580749440000,1580749919000,72.596,72.612,72.559,72.559,769960000,8
1580749920000,1580750399000,72.56,72.628,72.56,72.627,955730000,8
1580750400000,1580750879000,72.627,72.667,72.626,72.63,794720000,8
1580750880000,1580751359000,72.629,72.641,72.617,72.624,606860000,8
1580751360000,1580751839000,72.623,72.658,72.619,72.657,719630000,8
1580751840000,1580752319000,72.658,72.68,72.652,72.678,671810000,8
1580752320000,1580752799000,72.677,72.695,72.675,72.676,558460000,8
1580752800000,1580753279000,72.677,72.695,72.673,72.676,594150000,8
1580753280000,1580753759000,72.676,72.679,72.626,72.639,645750000,8
1580753760000,1580754239000,72.639,72.671,72.635,72.661,747370000,8
1580754240000,1580754719000,72.661,72.689,72.659,72.677,548840000,8
1580754720000,1580755199000,72.677,72.705,72.667,72.702,467400000,8
1580755200000,1580755679000,72.702,72.704,72.684,72.699,343010000,8
1580755680000,1580756159000,72.699,72.7,72.677,72.697,668340000,8
1580756160000,1580756639000,72.696,72.72,72.693,72.7,573180000,8
1580756640000,1580757119000,72.699,72.705,72.67,72.678,574570000,8
1580757120000,1580757599000,72.676,72.682,72.661,72.679,489330000,8
1580757600000,1580758079000,72.681,72.693,72.659,72.666,604430000,8
1580758080000,1580758559000,72.667,72.69,72.649,72.662,493150000,8
1580758560000,1580759039000,72.662,72.689,72.662,72.685,439750000,8
1580759040000,1580759519000,72.684,72.716,72.682,72.71,523520000,8
1580759520000,1580759999000,72.709,72.713,72.674,72.68,775720000,8
1580760000000,1580760479000,72.679,72.709,72.665,72.703,639820000,8
1580760480000,1580760959000,72.701,72.717,72.692,72.708,368430000,8
1580760960000,1580761439000,72.706,72.729,72.702,72.728,416860000,8
1580761440000,1580761919000,72.728,72.74,72.713,72.73,463270000,8
1580761920000,1580762399000,72.731,72.735,72.708,72.713,446130000,8
1580762400000,1580762879000,72.712,72.721,72.701,72.701,252360000,8
1580762880000,1580763359000,72.699,72.702,72.684,72.697,421100000,8
1580763360000,1580763839000,72.696,72.706,72.68,72.687,448170000,8
1580763840000,1580764319000,72.685,72.715,72.684,72.712,216640000,8
1580764320000,1580764799000,72.712,72.719,72.705,72.709,112470000,8
1580764800000,1580765279000,72.71,72.712,72.708,72.712,47500000,8
1580765280000,1580765759000,72.714,72.714,72.705,72.713,190800000,8
1580765760000,1580766239000,72.713,72.734,72.703,72.733,237260000,8
1580766240000,1580766719000,72.73,72.741,72.721,72.724,319680000,8
1580766720000,1580767199000,72.725,72.738,72.714,72.718,309490000,8
1580767200000,1580767679000,72.72,72.737,72.699,72.72,212780000,8
1580767680000,1580768159000,72.717,72.736,72.708,72.715,106020000,8
1580768160000,1580768639000,72.713,72.723,72.709,72.719,705460000,8
1580768640000,1580769119000,72.719,72.73,72.716,72.726,434250000,8
1580769120000,1580769599000,72.725,72.729,72.71,72.712,280480000,8
1580769600000,1580770079000,72.71,72.717,72.706,72.708,117670000,8
1580770080000,1580770559000,72.708,72.711,72.7,72.71,319490000,8
1580770560000,1580771039000,72.71,72.713,72.627,72.665,802940000,8
1580771040000,1580771519000,72.662,72.684,72.656,72.669,253350000,8
1580771520000,1580771999000,72.667,72.68,72.661,72.67,220340000,8
1580772000000,1580772479000,72.668,72.684,72.667,72.675,129240000,8
1580772480000,1580772959000,72.676,72.691,72.676,72.69,320880000,8
1580772960000,1580773439000,72.689,72.697,72.669,72.682,402940000,8
1580773440000,1580773919000,72.681,72.701,72.676,72.677,375130000,8
1580773920000,1580774399000,72.677,72.684,72.658,72.662,261350000,8
1580774400000,1580774879000,72.662,72.675,72.629,72.645,726880000,8
1580774880000,1580775359000,72.644,72.704,72.644,72.679,693300000,8
1580775360000,1580775839000,72.68,72.683,72.626,72.627,694580000,8
1580775840000,1580776319000,72.628,72.666,72.625,72.643,542220000,8
1580776320000,1580776799000,72.643,72.653,72.595,72.612,515850000,8
1580776800000,1580777279000,72.614,72.636,72.598,72.599,393660000,8
1580777280000,1580777759000,72.598,72.607,72.56,72.573,671600000,8
1580777760000,1580778239000,72.569,72.71,72.569,72.6,1476000000,8
1580778240000,1580778719000,72.6,72.6,72.499,72.549,1232030000,8
1580778720000,1580779199000,72.548,72.617,72.547,72.604,1315950000,8
1580779200000,1580779679000,72.604,72.676,72.603,72.621,1566340000,8
1580779680000,1580780159000,72.621,72.71,72.617,72.71,1307340000,8
1580780160000,1580780639000,72.709,72.75,72.681,72.707,1529160000,8
1580780640000,1580781119000,72.705,72.763,72.699,72.754,1351450000,8
1580781120000,1580781599000,72.753,72.782,72.703,72.758,1393560000,8
1580781600000,1580782079000,72.758,72.758,72.659,72.661,1213220000,8
1580782080000,1580782559000,72.663,72.701,72.66,72.697,780110000,8
1580782560000,1580783039000,72.697,72.723,72.61,72.627,1130440000,8
1580783040000,1580783519000,72.628,72.7,72.628,72.689,710030000,8
1580783520000,1580783999000,72.689,72.726,72.674,72.689,935690000,8
1580784000000,1580784479000,72.688,72.725,72.664,72.699,597110000,8
1580784480000,1580784959000,72.699,72.707,72.668,72.682,804650000,8
1580784960000,1580785439000,72.683,72.691,72.651,72.662,508630000,8
1580785440000,1580785919000,72.661,72.661,72.604,72.622,706500000,8
1580785920000,1580786399000,72.622,72.64,72.609,72.636,504180000,8
1580786400000,1580786879000,72.637,72.67,72.633,72.66,555890000,8
1580786880000,1580787359000,72.665,72.983,72.649,72.975,2787830000,8
1580787360000,1580787839000,72.974,73.152,72.971,73.044,2584300000,8
1580787840000,1580788319000,73.044,73.073,72.956,73.011,1949520000,8
1580788320000,1580788799000,73.013,73.02,72.95,72.987,876490000,8
1580788800000,1580789279000,72.988,73.046,72.968,73.042,835590000,8
1580789280000,1580789759000,73.04,73.04,72.982,73.021,660570000,8
1580789760000,1580790239000,73.021,73.045,73.009,73.038,404030000,8
1580790240000,1580790719000,73.039,73.113,73.026,73.064,978920000,8
1580790720000,1580791199000,73.064,73.129,73.051,73.095,669280000,8
1580791200000,1580791679000,73.094,73.116,73.082,73.099,650620000,8
1580791680000,1580792159000,73.098,73.103,73.038,73.049,641880000,8
1580792160000,1580792639000,73.048,73.062,73.03,73.034,668740000,8
1580792640000,1580793119000,73.033,73.052,73.005,73.012,625710000,8
1580793120000,1580793599000,73.011,73.041,72.986,73.037,652170000,8
1580793600000,1580794079000,73.038,73.072,73.034,73.066,667230000,8
1580794080000,1580794559000,73.067,73.103,73.051,73.094,543920000,8
1580794560000,1580795039000,73.095,73.139,73.083,73.127,954710000,8
1580795040000,1580795519000,73.129,73.149,73.11,73.117,780890000,8
1580795520000,1580795999000,73.116,73.121,73.073,73.076,767950000,8
1580796000000,1580796479000,73.073,73.127,73.066,73.127,809060000,8
1580796480000,1580796959000,73.126,73.128,73.07,73.1,631360000,8
1580796960000,1580797439000,73.102,73.14,73.091,73.113,585670000,8
1580797440000,1580797919000,73.112,73.138,73.097,73.107,434340000,8
1580797920000,1580798399000,73.109,73.212,73.101,73.196,734800000,8
1580798400000,1580798879000,73.196,73.223,73.189,73.214,942650000,8
1580798880000,1580799359000,73.213,73.223,73.178,73.222,449460000,8
1580799360000,1580799839000,73.22,73.272,73.187,73.19,1066510000,8
1580799840000,1580800319000,73.191,73.198,73.117,73.158,779960000,8
1580800320000,1580800799000,73.156,73.198,73.133,73.172,829900000,8
1580800800000,1580801279000,73.171,73.176,73.102,73.119,938220000,8
1580801280000,1580801759000,73.119,73.129,73.066,73.106,1230330000,8
1580801760000,1580802239000,73.105,73.11,73.071,73.105,973620000,8
1580802240000,1580802719000,73.106,73.14,73.093,73.13,943700000,8
1580802720000,1580803199000,73.132,73.167,73.131,73.148,1079690000,8
1580803200000,1580803679000,73.146,73.19,73.105,73.182,1548510000,8
1580803680000,1580804159000,73.182,73.244,73.172,73.191,1845650000,8
1580804160000,1580804639000,73.192,73.295,73.185,73.272,1659020000,8
1580804640000,1580805119000,73.272,73.416,73.262,73.379,2054470000,8
1580805120000,1580805599000,73.379,73.398,73.37,73.374,1108320000,8
1580805600000,1580806079000,73.377,73.382,73.317,73.322,1058100000,8
1580806080000,1580806559000,73.32,73.33,73.296,73.325,1149140000,8
1580806560000,1580807039000,73.326,73.33,73.244,73.267,1277170000,8
1580807040000,1580807519000,73.267,73.277,73.227,73.243,1020590000,8
1580807520000,1580807999000,73.244,73.245,73.185,73.2,1065280000,8
1580808000000,1580808479000,73.2,73.236,73.199,73.216,787420000,8
1580808480000,1580808959000,73.215,73.261,73.207,73.261,843370000,8
1580808960000,1580809439000,73.26,73.307,73.187,73.191,1167880000,8
1580809440000,1580809919000,73.192,73.217,73.181,73.199,789870000,8
1580809920000,1580810399000,73.199,73.2,73.153,73.183,753460000,8
1580810400000,1580810879000,73.185,73.257,73.164,73.256,1081950000,8
1580810880000,1580811359000,73.253,73.274,73.232,73.247,947620000,8
1580811360000,1580811839000,73.245,73.249,73.22,73.221,624390000,8
1580811840000,1580812319000,73.223,73.225,73.171,73.176,774900000,8
1580812320000,1580812799000,73.176,73.182,73.132,73.149,741640000,8
1580812800000,1580813279000,73.151,73.168,73.142,73.143,472790000,8
1580813280000,1580813759000,73.143,73.146,73.085,73.096,529720000,8
1580813760000,1580814239000,73.096,73.124,73.086,73.105,501280000,8
1580814240000,1580814719000,73.104,73.104,73.079,73.1,486020000,8
1580814720000,1580815199000,73.103,73.175,73.102,73.167,673390000,8
1580815200000,1580815679000,73.166,73.192,73.134,73.142,684680000,8
1580815680000,1580816159000,73.142,73.197,73.142,73.178,445680000,8
1580816160000,1580816639000,73.177,73.186,73.145,73.174,553140000,8
1580816640000,1580817119000,73.173,73.254,73.171,73.217,630230000,8
1580817120000,1580817599000,73.216,73.235,73.196,73.208,544380000,8
1580817600000,1580818079000,73.207,73.233,73.206,73.22,761510000,8
1580818080000,1580818559000,73.221,73.274,73.22,73.261,725880000,8
1580818560000,1580819039000,73.262,73.299,73.262,73.266,776470000,8
1580819040000,1580819519000,73.265,73.337,73.26,73.297,927210000,8
1580819520000,1580819999000,73.294,73.319,73.275,73.29,1105620000,8
1580820000000,1580820479000,73.291,73.331,73.288,73.31,863780000,8
1580820480000,1580820959000,73.31,73.383,73.309,73.333,896860000,8
1580820960000,1580821439000,73.332,73.392,73.329,73.339,957000000,8
1580821440000,1580821919000,73.339,73.341,73.288,73.309,1097880000,8
1580821920000,1580822399000,73.309,73.341,73.306,73.331,843830000,8
1580822400000,1580822879000,73.331,73.353,73.317,73.324,1006830000,8
1580822880000,1580823359000,73.325,73.328,73.288,73.304,917940000,8
1580823360000,1580823839000,73.305,73.384,73.293,73.351,1240300000,8
1580823840000,1580824319000,73.351,73.371,73.345,73.36,981170000,8
1580824320000,1580824799000,73.36,73.403,73.352,73.385,1003590000,8
1580824800000,1580825279000,73.385,73.416,73.374,73.409,1423100000,8
1580825280000,1580825759000,73.411,73.436,73.404,73.404,898070000,8
1580825760000,1580826239000,73.404,73.448,73.399,73.436,715340000,8
1580826240000,1580826719000,73.437,73.494,73.433,73.458,1327460000,8
1580826720000,1580827199000,73.457,73.498,73.432,73.438,1990000000,8
1580827200000,1580827679000,73.44,73.548,73.44,73.547,1511630000,8
1580827680000,1580828159000,73.549,73.562,73.523,73.524,1305810000,8
1580828160000,1580828639000,73.525,73.578,73.498,73.509,1375620000,8
1580828640000,1580829119000,73.509,73.525,73.479,73.486,1547680000,8
1580829120000,1580829599000,73.485,73.516,73.478,73.516,1124280000,8
1580829600000,1580830079000,73.515,73.54,73.491,73.537,905420000,8
1580830080000,1580830559000,73.537,73.57,73.515,73.526,1189900000,8
1580830560000,1580831039000,73.528,73.556,73.525,73.536,941380000,8
1580831040000,1580831519000,73.537,73.564,73.511,73.562,884140000,8
1580831520000,1580831999000,73.563,73.594,73.517,73.549,1522350000,8
1580832000000,1580832479000,73.547,73.572,73.532,73.566,1013290000,8
1580832480000,1580832959000,73.564,73.581,73.543,73.568,839300000,8
1580832960000,1580833439000,73.568,73.614,73.565,73.611,651040000,8
1580833440000,1580833919000,73.612,73.671,73.601,73.652,1027500000,8
1580833920000,1580834399000,73.652,73.665,73.628,73.63,818690000,8
1580834400000,1580834879000,73.633,73.656,73.628,73.642,884750000,8
1580834880000,1580835359000,73.64,73.65,73.632,73.642,614770000,8
1580835360000,1580835839000,73.645,73.672,73.639,73.67,655390000,8
1580835840000,1580836319000,73.67,73.705,73.664,73.687,905790000,8
1580836320000,1580836799000,73.687,73.699,73.667,73.686,881640000,8
1580836800000,1580837279000,73.686,73.716,73.685,73.711,707190000,8
1580837280000,1580837759000,73.71,73.727,73.694,73.702,728530000,8
1580837760000,1580838239000,73.704,73.716,73.697,73.702,586250000,8
1580838240000,1580838719000,73.704,73.727,73.7,73.71,681770000,8
1580838720000,1580839199000,73.709,73.753,73.705,73.728,738480000,8
1580839200000,1580839679000,73.728,73.767,73.727,73.763,682910000,8
1580839680000,1580840159000,73.765,73.774,73.743,73.754,560280000,8
1580840160000,1580840639000,73.753,73.754,73.725,73.727,515180000,8
1580840640000,1580841119000,73.727,73.73,73.704,73.715,357800000,8
1580841120000,1580841599000,73.714,73.749,73.713,73.746,351540000,8
1580841600000,1580842079000,73.746,73.763,73.727,73.76,334190000,8
1580842080000,1580842559000,73.761,73.762,73.717,73.718,321900000,8
1580842560000,1580843039000,73.721,73.744,73.71,73.741,437840000,8
1580843040000,1580843519000,73.742,73.75,73.719,73.726,467280000,8
1580843520000,1580843999000,73.725,73.741,73.715,73.718,422780000,8
1580844000000,1580844479000,73.719,73.749,73.714,73.745,642850000,8
1580844480000,1580844959000,73.745,73.769,73.731,73.768,361080000,8
1580844960000,1580845439000,73.768,73.793,73.766,73.78,447870000,8
1580845440000,1580845919000,73.78,73.786,73.764,73.77,346520000,8
1580845920000,1580846399000,73.768,73.776,73.761,73.764,610500000,8
1580846400000,1580846879000,73.762,73.773,73.744,73.765,522040000,8
1580846880000,1580847359000,73.765,73.77,73.753,73.762,279400000,8
1580847360000,1580847839000,73.762,73.784,73.759,73.777,359090000,8
1580847840000,1580848319000,73.777,73.8,73.765,73.795,335470000,8
1580848320000,1580848799000,73.794,73.796,73.767,73.77,365550000,8
1580848800000,1580849279000,73.77,73.776,73.759,73.768,458630000,8
1580849280000,1580849759000,73.767,73.773,73.755,73.766,378390000,8
1580849760000,1580850239000,73.766,73.77,73.751,73.758,344010000,8
1580850240000,1580850719000,73.757,73.771,73.75,73.752,295980000,8
1580850720000,1580851199000,73.751,73.764,73.751,73.76,221680000,8
1580851200000,1580851679000,73.761,73.803,73.759,73.795,291610000,8
1580851680000,1580852159000,73.794,73.825,73.783,73.817,286240000,8
1580852160000,1580852639000,73.818,73.83,73.806,73.824,445490000,8
1580852640000,1580853119000,73.824,73.847,73.8,73.804,693040000,8
1580853120000,1580853599000,73.804,73.815,73.789,73.8,292020000,8
1580853600000,1580854079000,73.796,73.808,73.75,73.776,129000000,8
1580854080000,1580854559000,73.775,73.797,73.773,73.791,123710000,8
1580854560000,1580855039000,73.794,73.796,73.768,73.777,192530000,8
1580855040000,1580855519000,73.777,73.777,73.758,73.762,88440000,8
1580855520000,1580855999000,73.762,73.772,73.759,73.765,129630000,8
1580856000000,1580856479000,73.765,73.778,73.757,73.771,152070000,8
1580856480000,1580856959000,73.771,73.785,73.755,73.769,345320000,8
1580856960000,1580857439000,73.768,73.799,73.754,73.771,970670000,8
1580857440000,1580857919000,73.771,73.781,73.769,73.771,236300000,8
1580857920000,1580858399000,73.771,73.784,73.768,73.772,168530000,8
1580858400000,1580858879000,73.771,73.785,73.768,73.78,176220000,8
1580858880000,1580859359000,73.78,73.782,73.756,73.76,183800000,8
1580859360000,1580859839000,73.759,73.759,73.719,73.727,437620000,8
1580859840000,1580860319000,73.726,73.727,73.682,73.682,428620000,8
1580860320000,1580860799000,73.683,73.695,73.666,73.667,643940000,8
1580860800000,1580861279000,73.668,73.718,73.666,73.717,1068770000,8
1580861280000,1580861759000,73.717,73.765,73.704,73.758,812200000,8
1580861760000,1580862239000,73.756,73.758,73.676,73.677,970250000,8
1580862240000,1580862719000,73.677,73.689,73.631,73.686,1000920000,8
1580862720000,1580863199000,73.688,73.699,73.634,73.663,918860000,8
1580863200000,1580863679000,73.664,73.67,73.621,73.622,684830000,8
1580863680000,1580864159000,73.621,73.669,73.619,73.662,881240000,8
1580864160000,1580864639000,73.662,73.68,73.633,73.642,1168870000,8
1580864640000,1580865119000,73.644,73.658,73.629,73.652,738280000,8
1580865120000,1580865599000,73.652,73.665,73.634,73.646,781700000,8
1580865600000,1580866079000,73.646,73.652,73.549,73.603,1108450000,8
1580866080000,1580866559000,73.603,73.683,73.54,73.555,2024970000,8
1580866560000,1580867039000,73.555,73.653,73.553,73.649,1814980000,8
1580867040000,1580867519000,73.648,73.75,73.627,73.737,1595120000,8
1580867520000,1580867999000,73.739,73.835,73.723,73.831,1575380000,8
1580868000000,1580868479000,73.832,73.85,73.773,73.784,1609190000,8
1580868480000,1580868959000,73.785,73.81,73.756,73.789,1158270000,8
1580868960000,1580869439000,73.787,73.811,73.759,73.762,1044600000,8
1580869440000,1580869919000,73.762,73.772,73.7,73.712,1159660000,8
1580869920000,1580870399000,73.713,73.776,73.701,73.757,877230000,8
1580870400000,1580870879000,73.757,73.779,73.742,73.743,763870000,8
1580870880000,1580871359000,73.741,73.764,73.703,73.727,719130000,8
1580871360000,1580871839000,73.727,73.744,73.703,73.74,702710000,8
1580871840000,1580872319000,73.739,73.744,73.683,73.691,693490000,8
1580872320000,1580872799000,73.69,73.711,73.671,73.698,948150000,8
1580872800000,1580873279000,73.699,73.726,73.689,73.701,476430000,8
1580873280000,1580873759000,73.701,73.715,73.675,73.7,572990000,8
1580873760000,1580874239000,73.701,73.743,73.675,73.742,671670000,8
1580874240000,1580874719000,73.741,73.757,73.735,73.756,343140000,8
1580874720000,1580875199000,73.759,73.759,73.727,73.748,467430000,8
1580875200000,1580875679000,73.748,73.756,73.729,73.747,370320000,8
1580875680000,1580876159000,73.747,73.748,73.721,73.738,363210000,8
1580876160000,1580876639000,73.738,73.746,73.731,73.739,194800000,8
1580876640000,1580877119000,73.739,73.773,73.738,73.773,307050000,8
1580877120000,1580877599000,73.772,73.783,73.76,73.764,276470000,8
1580877600000,1580878079000,73.764,73.769,73.754,73.759,272660000,8
1580878080000,1580878559000,73.759,73.761,73.745,73.754,164820000,8
1580878560000,1580879039000,73.752,73.77,73.751,73.761,142520000,8
1580879040000,1580879519000,73.759,73.764,73.742,73.743,218250000,8
1580879520000,1580879999000,73.743,73.752,73.733,73.735,210540000,8
1580880000000,1580880479000,73.733,73.751,73.712,73.737,370960000,8
1580880480000,1580880959000,73.736,73.736,73.702,73.708,456110000,8
1580880960000,1580881439000,73.708,73.715,73.69,73.707,449490000,8
1580881440000,1580881919000,73.708,73.716,73.683,73.703,405580000,8
1580881920000,1580882399000,73.704,73.73,73.698,73.719,636910000,8
1580882400000,1580882879000,73.72,73.755,73.705,73.753,618170000,8
1580882880000,1580883359000,73.753,73.787,73.75,73.752,657550000,8
1580883360000,1580883839000,73.751,73.756,73.732,73.735,404220000,8
1580883840000,1580884319000,73.732,73.751,73.732,73.747,304620000,8
1580884320000,1580884799000,73.746,73.746,73.721,73.731,291660000,8
1580884800000,1580885279000,73.73,73.731,73.707,73.712,257340000,8
1580885280000,1580885759000,73.711,73.727,73.704,73.725,339250000,8
1580885760000,1580886239000,73.724,73.758,73.704,73.756,540630000,8
1580886240000,1580886719000,73.755,73.759,73.714,73.715,492870000,8
1580886720000,1580887199000,73.714,73.719,73.656,73.693,664120000,8
1580887200000,1580887679000,73.694,73.7,73.659,73.692,683530000,8
1580887680000,1580888159000,73.692,73.692,73.646,73.65,874620000,8
1580888160000,1580888639000,73.651,73.687,73.644,73.68,615730000,8
1580888640000,1580889119000,73.679,73.76,73.679,73.729,959030000,8
1580889120000,1580889599000,73.73,73.731,73.678,73.696,752560000,8
1580889600000,1580890079000,73.694,73.711,73.629,73.708,1287770000,8
1580890080000,1580890559000,73.709,73.729,73.685,73.709,1063770000,8
1580890560000,1580891039000,73.711,73.749,73.709,73.742,1094200000,8
1580891040000,1580891519000,73.742,73.834,73.737,73.818,1584060000,8
1580891520000,1580891999000,73.818,74.177,73.812,74.141,4065970000,8
1580892000000,1580892479000,74.142,74.157,74.034,74.104,3683990000,8
1580892480000,1580892959000,74.103,74.121,74.026,74.053,2703600000,8
1580892960000,1580893439000,74.054,74.089,74.017,74.089,2096320000,8
1580893440000,1580893919000,74.09,74.162,74.059,74.109,2475720000,8
1580893920000,1580894399000,74.109,74.13,74.085,74.121,1756760000,8
1580894400000,1580894879000,74.122,74.242,74.119,74.192,2027650000,8
1580894880000,1580895359000,74.194,74.295,74.194,74.286,2016740000,8
1580895360000,1580895839000,74.285,74.301,74.241,74.27,2020560000,8
1580895840000,1580896319000,74.27,74.288,74.243,74.261,1354330000,8
1580896320000,1580896799000,74.258,74.3,74.242,74.276,1566870000,8
1580896800000,1580897279000,74.276,74.288,74.234,74.272,1216800000,8
1580897280000,1580897759000,74.272,74.278,74.241,74.25,1015430000,8
1580897760000,1580898239000,74.25,74.268,74.231,74.231,830400000,8
1580898240000,1580898719000,74.233,74.24,74.192,74.204,1085790000,8
1580898720000,1580899199000,74.203,74.213,74.188,74.196,695040000,8
1580899200000,1580899679000,74.196,74.208,74.182,74.197,664400000,8
1580899680000,1580900159000,74.197,74.234,74.19,74.23,603520000,8
1580900160000,1580900639000,74.229,74.24,74.194,74.221,776530000,8
1580900640000,1580901119000,74.22,74.239,74.176,74.182,669210000,8
1580901120000,1580901599000,74.181,74.203,74.169,74.193,570510000,8
1580901600000,1580902079000,74.194,74.263,74.194,74.249,725980000,8
1580902080000,1580902559000,74.247,74.279,74.15,74.153,872530000,8
1580902560000,1580903039000,74.154,74.196,73.983,74.048,3311460000,8
1580903040000,1580903519000,74.049,74.113,74.037,74.093,1516490000,8
1580903520000,1580903999000,74.093,74.095,74.032,74.046,973490000,8
1580904000000,1580904479000,74.045,74.068,74.004,74.034,939560000,8
1580904480000,1580904959000,74.034,74.14,74.033,74.126,1245940000,8
1580904960000,1580905439000,74.126,74.166,74.125,74.149,1034020000,8
1580905440000,1580905919000,74.148,74.158,74.122,74.128,848890000,8
1580905920000,1580906399000,74.128,74.17,74.124,74.168,759240000,8
1580906400000,1580906879000,74.168,74.203,74.152,74.203,648810000,8
1580906880000,1580907359000,74.204,74.227,74.184,74.227,733370000,8
1580907360000,1580907839000,74.225,74.225,74.177,74.188,817880000,8
1580907840000,1580908319000,74.19,74.226,74.175,74.181,957930000,8
1580908320000,1580908799000,74.18,74.26,74.165,74.235,1502830000,8
1580908800000,1580909279000,74.237,74.275,74.214,74.247,1333680000,8
1580909280000,1580909759000,74.248,74.293,74.221,74.275,1146110000,8
1580909760000,1580910239000,74.275,74.296,74.254,74.26,1239460000,8
1580910240000,1580910719000,74.257,74.314,74.242,74.313,1347650000,8
1580910720000,1580911199000,74.312,74.342,74.303,74.318,935160000,8
1580911200000,1580911679000,74.317,74.318,74.285,74.308,1102390000,8
1580911680000,1580912159000,74.308,74.321,74.259,74.266,1176170000,8
1580912160000,1580912639000,74.266,74.313,74.262,74.299,841760000,8
1580912640000,1580913119000,74.301,74.305,74.243,74.245,1498720000,8
1580913120000,1580913599000,74.245,74.256,74.171,74.181,1663330000,8
1580913600000,1580914079000,74.181,74.197,74.126,74.152,1830730000,8
1580914080000,1580914559000,74.152,74.171,74.13,74.17,1529080000,8
1580914560000,1580915039000,74.171,74.202,74.151,74.187,1591030000,8
1580915040000,1580915519000,74.186,74.214,74.142,74.185,1859340000,8
1580915520000,1580915999000,74.184,74.184,74.054,74.067,1959430000,8
1580916000000,1580916479000,74.066,74.128,73.991,74.001,2146550000,8
1580916480000,1580916959000,74.0,74.057,73.985,74.024,2109330000,8
1580916960000,1580917439000,74.022,74.032,73.972,74.01,2312850000,8
1580917440000,1580917919000,74.01,74.053,74.002,74.026,1737450000,8
1580917920000,1580918399000,74.025,74.038,73.984,74.028,2031120000,8
1580918400000,1580918879000,74.029,74.033,73.992,74.032,1522170000,8
1580918880000,1580919359000,74.032,74.088,74.016,74.077,1094250000,8
1580919360000,1580919839000,74.074,74.097,74.025,74.047,904970000,8
1580919840000,1580920319000,74.049,74.054,74.003,74.013,850820000,8
1580920320000,1580920799000,74.013,74.016,73.979,73.988,831670000,8
1580920800000,1580921279000,73.988,74.021,73.96,74.021,807390000,8
1580921280000,1580921759000,74.023,74.063,74.022,74.043,576680000,8
1580921760000,1580922239000,74.043,74.061,74.039,74.051,682420000,8
1580922240000,1580922719000,74.053,74.062,74.044,74.047,493530000,8
1580922720000,1580923199000,74.046,74.062,74.039,74.04,478380000,8
1580923200000,1580923679000,74.041,74.055,74.025,74.028,578930000,8
1580923680000,1580924159000,74.029,74.045,74.027,74.039,417060000,8
1580924160000,1580924639000,74.038,74.049,74.036,74.04,397070000,8
1580924640000,1580925119000,74.04,74.056,74.037,74.053,288250000,8
1580925120000,1580925599000,74.054,74.055,74.026,74.031,423470000,8
1580925600000,1580926079000,74.031,74.041,74.021,74.031,558990000,8
1580926080000,1580926559000,74.033,74.038,74.011,74.028,463950000,8
1580926560000,1580927039000,74.027,74.034,74.019,74.027,412060000,8
1580927040000,1580927519000,74.027,74.029,74.017,74.026,271440000,8
1580927520000,1580927999000,74.025,74.031,74.009,74.025,313110000,8
1580928000000,1580928479000,74.027,74.049,74.022,74.048,333560000,8
1580928480000,1580928959000,74.047,74.056,74.043,74.052,301640000,8
1580928960000,1580929439000,74.051,74.065,74.043,74.045,373500000,8
1580929440000,1580929919000,74.047,74.051,74.015,74.018,299370000,8
1580929920000,1580930399000,74.016,74.037,74.014,74.025,370520000,8
1580930400000,1580930879000,74.024,74.038,74.02,74.038,311080000,8
1580930880000,1580931359000,74.039,74.043,74.025,74.033,500700000,8
1580931360000,1580931839000,74.034,74.056,74.024,74.046,334020000,8
1580931840000,1580932319000,74.046,74.07,74.045,74.067,347480000,8
1580932320000,1580932799000,74.067,74.082,74.058,74.082,602380000,8
1580932800000,1580933279000,74.086,74.086,74.06,74.071,669400000,8
1580933280000,1580933759000,74.071,74.08,74.066,74.073,243330000,8
1580933760000,1580934239000,74.075,74.089,74.069,74.086,478010000,8
1580934240000,1580934719000,74.086,74.091,74.067,74.083,579860000,8
1580934720000,1580935199000,74.082,74.084,74.072,74.075,510530000,8
1580935200000,1580935679000,74.076,74.094,74.072,74.079,471850000,8
1580935680000,1580936159000,74.078,74.082,74.063,74.074,634110000,8
1580936160000,1580936639000,74.076,74.085,74.065,74.082,432220000,8
1580936640000,1580937119000,74.086,74.091,74.075,74.087,237730000,8
1580937120000,1580937599000,74.087,74.097,74.078,74.088,278390000,8
1580937600000,1580938079000,74.089,74.098,74.089,74.089,235410000,8
1580938080000,1580938559000,74.09,74.093,74.068,74.078,296430000,8
1580938560000,1580939039000,74.077,74.1,74.076,74.09,212500000,8
1580939040000,1580939519000,74.09,74.11,74.089,74.09,264340000,8
1580939520000,1580939999000,74.09,74.101,74.085,74.086,179010000,8
1580940000000,1580940479000,74.085,74.093,74.072,74.074,37440000,8
1580940480000,1580940959000,74.074,74.087,74.073,74.084,613470000,8
1580940960000,1580941439000,74.083,74.098,74.015,74.056,1207880000,8
1580941440000,1580941919000,74.057,74.105,74.057,74.084,149450000,8
1580941920000,1580942399000,74.085,74.085,74.074,74.076,296950000,8
1580942400000,1580942879000,74.077,74.084,74.065,74.079,174030000,8
1580942880000,1580943359000,74.077,74.11,74.07,74.083,690290000,8
1580943360000,1580943839000,74.081,74.097,74.067,74.091,571410000,8
1580943840000,1580944319000,74.091,74.094,74.078,74.09,129270000,8
1580944320000,1580944799000,74.089,74.092,74.078,74.084,239720000,8
1580944800000,1580945279000,74.085,74.113,74.082,74.111,189160000,8
1580945280000,1580945759000,74.112,74.133,74.107,74.121,255810000,8
1580945760000,1580946239000,74.12,74.139,74.119,74.129,233340000,8
1580946240000,1580946719000,74.131,74.133,74.085,74.103,569780000,8
1580946720000,1580947199000,74.102,74.15,74.102,74.142,490560000,8
1580947200000,1580947679000,74.141,74.154,74.112,74.145,791650000,8
1580947680000,1580948159000,74.144,74.166,74.132,74.147,821160000,8
1580948160000,1580948639000,74.147,74.189,74.145,74.18,560950000,8
1580948640000,1580949119000,74.181,74.258,74.097,74.245,1244000000,8
1580949120000,1580949599000,74.246,74.256,74.214,74.234,805830000,8
1580949600000,1580950079000,74.232,74.309,74.226,74.251,1051540000,8
1580950080000,1580950559000,74.25,74.289,74.194,74.203,1487530000,8
1580950560000,1580951039000,74.203,74.253,74.167,74.247,915360000,8
1580951040000,1580951519000,74.248,74.253,74.186,74.201,1088320000,8
1580951520000,1580951999000,74.202,74.309,74.2,74.308,1665800000,8
1580952000000,1580952479000,74.309,74.309,74.221,74.223,1376460000,8
1580952480000,1580952959000,74.224,74.247,74.127,74.178,1439300000,8
1580952960000,1580953439000,74.178,74.219,74.148,74.164,1246120000,8
1580953440000,1580953919000,74.167,74.178,74.136,74.139,833460000,8
1580953920000,1580954399000,74.137,74.192,74.126,74.172,1007320000,8
1580954400000,1580954879000,74.172,74.24,74.163,74.233,828840000,8
1580954880000,1580955359000,74.232,74.256,74.2,74.205,924200000,8
1580955360000,1580955839000,74.205,74.205,74.177,74.199,522570000,8
1580955840000,1580956319000,74.199,74.221,74.19,74.202,546350000,8
1580956320000,1580956799000,74.201,74.208,74.179,74.192,446490000,8
1580956800000,1580957279000,74.193,74.206,74.187,74.194,563250000,8
1580957280000,1580957759000,74.194,74.195,74.14,74.163,635980000,8
1580957760000,1580958239000,74.163,74.186,74.145,74.181,447760000,8
1580958240000,1580958719000,74.18,74.243,74.18,74.199,656890000,8
1580958720000,1580959199000,74.198,74.229,74.183,74.192,611610000,8
1580959200000,1580959679000,74.193,74.2,74.175,74.178,405920000,8
1580959680000,1580960159000,74.178,74.178,74.142,74.156,478770000,8
1580960160000,1580960639000,74.155,74.19,74.154,74.18,446910000,8
1580960640000,1580961119000,74.181,74.206,74.176,74.204,417070000,8
1580961120000,1580961599000,74.204,74.212,74.195,74.201,231120000,8
1580961600000,1580962079000,74.2,74.315,74.193,74.308,1422140000,8
1580962080000,1580962559000,74.308,74.391,74.299,74.381,1339110000,8
1580962560000,1580963039000,74.382,74.382,74.319,74.35,726600000,8
1580963040000,1580963519000,74.35,74.353,74.319,74.325,800850000,8
1580963520000,1580963999000,74.325,74.338,74.28,74.292,697000000,8
1580964000000,1580964479000,74.293,74.34,74.274,74.332,721790000,8
1580964480000,1580964959000,74.331,74.348,74.303,74.311,772830000,8
1580964960000,1580965439000,74.311,74.331,74.299,74.304,737990000,8
1580965440000,1580965919000,74.301,74.351,74.298,74.326,839100000,8
1580965920000,1580966399000,74.325,74.338,74.298,74.304,700120000,8
1580966400000,1580966879000,74.306,74.323,74.288,74.306,675320000,8
1580966880000,1580967359000,74.305,74.353,74.305,74.344,562420000,8
1580967360000,1580967839000,74.345,74.345,74.31,74.332,575650000,8
1580967840000,1580968319000,74.33,74.34,74.319,74.323,479420000,8
1580968320000,1580968799000,74.324,74.339,74.284,74.285,826540000,8
1580968800000,1580969279000,74.28,74.341,74.266,74.334,788250000,8
1580969280000,1580969759000,74.333,74.341,74.309,74.314,506090000,8
1580969760000,1580970239000,74.315,74.329,74.287,74.296,564210000,8
1580970240000,1580970719000,74.295,74.328,74.276,74.278,760510000,8
1580970720000,1580971199000,74.278,74.293,74.264,74.268,452780000,8
1580971200000,1580971679000,74.268,74.285,74.267,74.268,342440000,8
1580971680000,1580972159000,74.27,74.276,74.252,74.268,569570000,8
1580972160000,1580972639000,74.268,74.27,74.2,74.203,835330000,8
1580972640000,1580973119000,74.203,74.214,74.179,74.214,636200000,8
1580973120000,1580973599000,74.212,74.221,74.178,74.195,645360000,8
1580973600000,1580974079000,74.194,74.194,74.149,74.163,602110000,8
1580974080000,1580974559000,74.164,74.199,74.163,74.181,569920000,8
1580974560000,1580975039000,74.18,74.186,74.156,74.157,514660000,8
1580975040000,1580975519000,74.158,74.184,74.14,74.166,595640000,8
1580975520000,1580975999000,74.165,74.222,74.158,74.196,685400000,8
1580976000000,1580976479000,74.196,74.214,74.164,74.206,1148080000,8
1580976480000,1580976959000,74.205,74.205,74.167,74.184,929420000,8
1580976960000,1580977439000,74.184,74.225,74.183,74.201,745090000,8
1580977440000,1580977919000,74.2,74.212,74.183,74.195,673340000,8
1580977920000,1580978399000,74.195,74.204,74.134,74.161,686090000,8
1580978400000,1580978879000,74.161,74.185,74.138,74.178,954380000,8
1580978880000,1580979359000,74.179,74.222,74.173,74.218,970260000,8
1580979360000,1580979839000,74.222,74.239,74.18,74.191,862840000,8
1580979840000,1580980319000,74.191,74.207,74.166,74.167,876230000,8
1580980320000,1580980799000,74.167,74.186,74.104,74.114,1144040000,8
1580980800000,1580981279000,74.113,74.12,74.035,74.055,1160920000,8
1580981280000,1580981759000,74.056,74.104,74.035,74.088,1304900000,8
1580981760000,1580982239000,74.089,74.117,74.019,74.039,964520000,8
1580982240000,1580982719000,74.038,74.055,73.998,74.031,1192070000,8
1580982720000,1580983199000,74.034,74.069,74.01,74.059,777730000,8
1580983200000,1580983679000,74.058,74.075,74.026,74.039,1302340000,8
1580983680000,1580984159000,74.041,74.054,74.026,74.034,811000000,8
1580984160000,1580984639000,74.036,74.105,74.035,74.097,776080000,8
1580984640000,1580985119000,74.097,74.11,74.073,74.089,615240000,8
1580985120000,1580985599000,74.089,74.091,74.049,74.059,506380000,8
1580985600000,1580986079000,74.059,74.097,74.047,74.066,509260000,8
1580986080000,1580986559000,74.064,74.072,74.051,74.068,400530000,8
1580986560000,1580987039000,74.067,74.082,74.014,74.082,707320000,8
1580987040000,1580987519000,74.081,74.111,74.071,74.087,639160000,8
1580987520000,1580987999000,74.088,74.096,74.064,74.087,595810000,8
1580988000000,1580988479000,74.087,74.106,74.074,74.074,385840000,8
1580988480000,1580988959000,74.074,74.116,74.072,74.111,658860000,8
1580988960000,1580989439000,74.112,74.127,74.105,74.117,460230000,8
1580989440000,1580989919000,74.118,74.134,74.108,74.125,437790000,8
1580989920000,1580990399000,74.125,74.198,74.116,74.188,775360000,8
1580990400000,1580990879000,74.187,74.203,74.168,74.199,585660000,8
1580990880000,1580991359000,74.203,74.259,74.203,74.239,640970000,8
1580991360000,1580991839000,74.239,74.281,74.228,74.266,567340000,8
1580991840000,1580992319000,74.265,74.267,74.222,74.228,670340000,8
1580992320000,1580992799000,74.228,74.263,74.228,74.261,457560000,8
1580992800000,1580993279000,74.261,74.274,74.256,74.261,386840000,8
1580993280000,1580993759000,74.261,74.272,74.204,74.215,635580000,8
1580993760000,1580994239000,74.216,74.233,74.189,74.196,702820000,8
1580994240000,1580994719000,74.196,74.223,74.191,74.212,520030000,8
1580994720000,1580995199000,74.212,74.242,74.206,74.238,589470000,8
1580995200000,1580995679000,74.24,74.249,74.222,74.242,727460000,8
1580995680000,1580996159000,74.242,74.279,74.24,74.261,925900000,8
1580996160000,1580996639000,74.26,74.28,74.256,74.264,683820000,8
1580996640000,1580997119000,74.263,74.269,74.203,74.211,938100000,8
1580997120000,1580997599000,74.209,74.239,74.182,74.22,761270000,8
1580997600000,1580998079000,74.219,74.235,74.196,74.209,960550000,8
1580998080000,1580998559000,74.208,74.228,74.193,74.203,744790000,8
1580998560000,1580999039000,74.203,74.208,74.157,74.167,690280000,8
1580999040000,1580999519000,74.168,74.182,74.138,74.146,1260940000,8
1580999520000,1580999999000,74.145,74.18,74.059,74.064,1967210000,8
1581000000000,1581000479000,74.064,74.116,74.054,74.094,1537140000,8
1581000480000,1581000959000,74.093,74.127,74.079,74.127,1164690000,8
1581000960000,1581001439000,74.127,74.133,74.065,74.079,1457130000,8
1581001440000,1581001919000,74.079,74.092,74.051,74.072,989700000,8
1581001920000,1581002399000,74.073,74.1,73.984,73.99,1481660000,8
1581002400000,1581002879000,73.989,74.045,73.977,74.037,1264930000,8
1581002880000,1581003359000,74.036,74.036,73.98,74.01,1729970000,8
1581003360000,1581003839000,74.011,74.052,73.996,74.036,1041920000,8
1581003840000,1581004319000,74.036,74.087,74.026,74.085,1304990000,8
1581004320000,1581004799000,74.085,74.112,74.026,74.092,1579540000,8
1581004800000,1581005279000,74.093,74.116,74.068,74.09,1165690000,8
1581005280000,1581005759000,74.091,74.109,74.06,74.067,942800000,8
1581005760000,1581006239000,74.066,74.07,74.037,74.062,819190000,8
1581006240000,1581006719000,74.062,74.112,74.062,74.103,825720000,8
1581006720000,1581007199000,74.102,74.14,74.088,74.134,1226910000,8
1581007200000,1581007679000,74.133,74.143,74.086,74.089,886000000,8
1581007680000,1581008159000,74.088,74.091,74.034,74.039,736170000,8
1581008160000,1581008639000,74.039,74.063,74.034,74.051,718640000,8
1581008640000,1581009119000,74.052,74.074,74.049,74.055,500670000,8
1581009120000,1581009599000,74.053,74.085,74.047,74.081,427890000,8
1581009600000,1581010079000,74.081,74.099,74.076,74.097,250590000,8
1581010080000,1581010559000,74.097,74.102,74.079,74.08,371340000,8
1581010560000,1581011039000,74.079,74.08,74.061,74.076,367310000,8
1581011040000,1581011519000,74.077,74.09,74.071,74.076,492780000,8
1581011520000,1581011999000,74.076,74.102,74.076,74.097,424640000,8
1581012000000,1581012479000,74.095,74.118,74.089,74.115,460280000,8
1581012480000,1581012959000,74.113,74.116,74.097,74.101,365670000,8
1581012960000,1581013439000,74.102,74.113,74.089,74.091,301810000,8
1581013440000,1581013919000,74.091,74.096,74.069,74.081,416170000,8
1581013920000,1581014399000,74.081,74.081,74.062,74.062,256520000,8
1581014400000,1581014879000,74.06,74.086,74.058,74.086,358470000,8
1581014880000,1581015359000,74.087,74.092,74.071,74.073,338670000,8
1581015360000,1581015839000,74.071,74.074,74.048,74.068,298520000,8
1581015840000,1581016319000,74.068,74.07,74.04,74.059,413620000,8
1581016320000,1581016799000,74.058,74.058,74.017,74.028,459990000,8
1581016800000,1581017279000,74.029,74.038,74.021,74.033,274380000,8
1581017280000,1581017759000,74.032,74.043,74.026,74.039,338420000,8
1581017760000,1581018239000,74.039,74.065,74.037,74.057,315500000,8
1581018240000,1581018719000,74.056,74.059,74.036,74.044,215360000,8
1581018720000,1581019199000,74.045,74.049,74.013,74.017,556470000,8
1581019200000,1581019679000,74.015,74.046,74.012,74.038,500370000,8
1581019680000,1581020159000,74.037,74.04,74.013,74.014,479260000,8
1581020160000,1581020639000,74.017,74.028,74.013,74.02,550310000,8
1581020640000,1581021119000,74.019,74.04,74.018,74.037,265940000,8
1581021120000,1581021599000,74.036,74.049,74.036,74.043,279370000,8
1581021600000,1581022079000,74.042,74.044,74.018,74.02,302550000,8
1581022080000,1581022559000,74.021,74.021,73.995,74.004,313790000,8
1581022560000,1581023039000,74.005,74.019,73.999,74.002,316350000,8
1581023040000,1581023519000,74.004,74.011,73.999,74.008,236860000,8
1581023520000,1581023999000,74.009,74.01,73.992,73.998,181440000,8
1581024000000,1581024479000,73.999,74.013,73.994,73.996,139560000,8
1581024480000,1581024959000,73.997,73.997,73.978,73.985,161580000,8
1581024960000,1581025439000,73.985,74.022,73.985,74.022,192260000,8
1581025440000,1581025919000,74.023,74.034,74.017,74.03,239000000,8
1581025920000,1581026399000,74.032,74.043,74.015,74.015,198750000,8
1581026400000,1581026879000,74.015,74.017,74.003,74.006,35270000,8
1581026880000,1581027359000,74.003,74.038,74.002,74.037,101490000,8
1581027360000,1581027839000,74.038,74.045,74.021,74.038,505480000,8
1581027840000,1581028319000,74.037,74.071,74.036,74.052,637240000,8
1581028320000,1581028799000,74.051,74.059,74.05,74.052,271070000,8
1581028800000,1581029279000,74.052,74.058,74.048,74.056,85180000,8
1581029280000,1581029759000,74.055,74.056,74.03,74.035,300870000,8
1581029760000,1581030239000,74.033,74.062,74.033,74.045,582770000,8
1581030240000,1581030719000,74.045,74.066,74.044,74.058,185110000,8
1581030720000,1581031199000,74.058,74.094,74.047,74.055,340480000,8
1581031200000,1581031679000,74.054,74.056,74.042,74.048,201820000,8
1581031680000,1581032159000,74.048,74.051,74.035,74.047,169750000,8
1581032160000,1581032639000,74.047,74.052,74.023,74.023,166690000,8
1581032640000,1581033119000,74.022,74.034,74.015,74.018,299000000,8
1581033120000,1581033599000,74.018,74.033,74.017,74.02,154270000,8
1581033600000,1581034079000,74.02,74.025,73.979,73.998,414770000,8
1581034080000,1581034559000,73.998,74.017,73.981,73.998,376790000,8
1581034560000,1581035039000,73.997,73.997,73.889,73.917,738650000,8
1581035040000,1581035519000,73.916,73.942,73.869,73.911,900160000,8
1581035520000,1581035999000,73.909,73.909,73.765,73.78,967590000,8
1581036000000,1581036479000,73.782,73.811,73.753,73.77,884070000,8
1581036480000,1581036959000,73.77,73.809,73.739,73.809,1222800000,8
1581036960000,1581037439000,73.808,73.872,73.808,73.841,1052040000,8
1581037440000,1581037919000,73.84,73.861,73.782,73.788,1379240000,8
1581037920000,1581038399000,73.789,73.857,73.784,73.822,1733470000,8
1581038400000,1581038879000,73.821,73.841,73.774,73.788,1758660000,8
1581038880000,1581039359000,73.789,73.821,73.766,73.797,1643940000,8
1581039360000,1581039839000,73.798,73.843,73.789,73.836,1312080000,8
1581039840000,1581040319000,73.834,73.848,73.805,73.821,1225550000,8
1581040320000,1581040799000,73.82,73.839,73.803,73.833,1333970000,8
1581040800000,1581041279000,73.836,73.844,73.798,73.827,1078580000,8
1581041280000,1581041759000,73.828,73.835,73.806,73.811,671290000,8
1581041760000,1581042239000,73.811,73.85,73.777,73.839,662720000,8
1581042240000,1581042719000,73.839,73.915,73.839,73.898,1058100000,8
1581042720000,1581043199000,73.898,73.898,73.846,73.847,842300000,8
1581043200000,1581043679000,73.847,73.858,73.83,73.842,600670000,8
1581043680000,1581044159000,73.841,73.841,73.786,73.805,746550000,8
1581044160000,1581044639000,73.803,73.82,73.764,73.813,892250000,8
1581044640000,1581045119000,73.813,73.855,73.813,73.847,583690000,8
1581045120000,1581045599000,73.848,73.864,73.83,73.861,589260000,8
1581045600000,1581046079000,73.86,73.877,73.856,73.862,558620000,8
1581046080000,1581046559000,73.862,73.862,73.831,73.858,544910000,8
1581046560000,1581047039000,73.858,73.859,73.838,73.845,515210000,8
1581047040000,1581047519000,73.848,73.86,73.841,73.843,436890000,8
1581047520000,1581047999000,73.845,73.865,73.845,73.863,333430000,8
1581048000000,1581048479000,73.865,73.883,73.856,73.882,297930000,8
1581048480000,1581048959000,73.882,73.89,73.837,73.839,466230000,8
1581048960000,1581049439000,73.837,73.861,73.829,73.859,290880000,8
1581049440000,1581049919000,73.86,73.869,73.854,73.858,329650000,8
1581049920000,1581050399000,73.858,73.858,73.836,73.839,250480000,8
1581050400000,1581050879000,73.838,73.838,73.823,73.824,211950000,8
1581050880000,1581051359000,73.824,73.848,73.822,73.844,242560000,8
1581051360000,1581051839000,73.845,73.849,73.828,73.845,517780000,8
1581051840000,1581052319000,73.847,73.85,73.824,73.833,453630000,8
1581052320000,1581052799000,73.833,73.834,73.787,73.801,526560000,8
1581052800000,1581053279000,73.801,73.827,73.8,73.826,474950000,8
1581053280000,1581053759000,73.826,73.852,73.826,73.849,637500000,8
1581053760000,1581054239000,73.849,73.861,73.84,73.844,377980000,8
1581054240000,1581054719000,73.844,73.85,73.836,73.85,319350000,8
1581054720000,1581055199000,73.849,73.85,73.806,73.816,511290000,8
1581055200000,1581055679000,73.817,73.839,73.788,73.79,707290000,8
1581055680000,1581056159000,73.792,73.83,73.781,73.828,572900000,8
1581056160000,1581056639000,73.83,73.86,73.824,73.851,536350000,8
1581056640000,1581057119000,73.851,73.938,73.843,73.894,1195790000,8
1581057120000,1581057599000,73.894,73.934,73.89,73.92,557320000,8
1581057600000,1581058079000,73.92,73.923,73.884,73.904,610490000,8
1581058080000,1581058559000,73.904,73.917,73.886,73.891,425470000,8
1581058560000,1581059039000,73.891,73.935,73.847,73.854,773360000,8
1581059040000,1581059519000,73.852,73.888,73.837,73.866,621400000,8
1581059520000,1581059999000,73.866,73.901,73.856,73.857,496470000,8
1581060000000,1581060479000,73.858,73.875,73.807,73.815,1141800000,8
1581060480000,1581060959000,73.814,73.828,73.757,73.765,1365520000,8
1581060960000,1581061439000,73.764,73.776,73.746,73.775,726330000,8
1581061440000,1581061919000,73.774,73.789,73.712,73.715,929460000,8
1581061920000,1581062399000,73.715,73.73,73.689,73.697,905530000,8
1581062400000,1581062879000,73.701,73.71,73.613,73.647,2170050000,8
1581062880000,1581063359000,73.646,73.718,73.641,73.714,1243710000,8
1581063360000,1581063839000,73.713,73.717,73.647,73.654,1067680000,8
1581063840000,1581064319000,73.655,73.666,73.637,73.646,982130000,8
1581064320000,1581064799000,73.646,73.646,73.566,73.591,1240300000,8
1581064800000,1581065279000,73.59,73.654,73.578,73.644,874560000,8
1581065280000,1581065759000,73.645,73.655,73.619,73.642,610400000,8
1581065760000,1581066239000,73.642,73.651,73.606,73.64,862560000,8
1581066240000,1581066719000,73.639,73.65,73.634,73.645,393270000,8
1581066720000,1581067199000,73.644,73.662,73.616,73.629,609950000,8
1581067200000,1581067679000,73.63,73.633,73.541,73.546,766690000,8
1581067680000,1581068159000,73.545,73.548,73.463,73.47,1070230000,8
1581068160000,1581068639000,73.47,73.504,73.465,73.481,846510000,8
1581068640000,1581069119000,73.481,73.484,73.433,73.445,715980000,8
1581069120000,1581069599000,73.446,73.448,73.372,73.372,1037180000,8
1581069600000,1581070079000,73.371,73.428,73.359,73.425,723960000,8
1581070080000,1581070559000,73.427,73.439,73.265,73.28,1802220000,8
1581070560000,1581071039000,73.282,73.334,73.253,73.311,1170760000,8
1581071040000,1581071519000,73.31,73.332,73.302,73.32,820560000,8
1581071520000,1581071999000,73.319,73.33,73.234,73.267,1172940000,8
1581072000000,1581072479000,73.268,73.275,73.227,73.268,942920000,8
1581072480000,1581072959000,73.266,73.315,73.259,73.309,614820000,8
1581072960000,1581073439000,73.309,73.317,73.279,73.306,801590000,8
1581073440000,1581073919000,73.305,73.355,73.3,73.351,620130000,8
1581073920000,1581074399000,73.351,73.401,73.35,73.388,815680000,8
1581074400000,1581074879000,73.389,73.434,73.382,73.413,704290000,8
1581074880000,1581075359000,73.412,73.415,73.371,73.407,692090000,8
1581075360000,1581075839000,73.406,73.421,73.389,73.397,539150000,8
1581075840000,1581076319000,73.397,73.411,73.361,73.362,611220000,8
1581076320000,1581076799000,73.361,73.414,73.361,73.403,513640000,8
1581076800000,1581077279000,73.404,73.441,73.401,73.441,568750000,8
1581077280000,1581077759000,73.441,73.454,73.417,73.419,450640000,8
1581077760000,1581078239000,73.419,73.429,73.391,73.397,562770000,8
1581078240000,1581078719000,73.397,73.435,73.391,73.431,409600000,8
1581078720000,1581079199000,73.432,73.434,73.402,73.414,398170000,8
1581079200000,1581079679000,73.416,73.43,73.405,73.422,341110000,8
1581079680000,1581080159000,73.423,73.447,73.405,73.445,438160000,8
1581080160000,1581080639000,73.444,73.457,73.432,73.437,578490000,8
1581080640000,1581081119000,73.438,73.445,73.387,73.387,595780000,8
1581081120000,1581081599000,73.388,73.404,73.367,73.399,625460000,8
1581081600000,1581082079000,73.401,73.424,73.395,73.398,809830000,8
1581082080000,1581082559000,73.398,73.456,73.326,73.348,2687250000,8
1581082560000,1581083039000,73.347,73.387,73.3,73.315,2471940000,8
1581083040000,1581083519000,73.312,73.327,73.249,73.299,2173750000,8
1581083520000,1581083999000,73.299,73.341,73.265,73.273,1334370000,8
1581084000000,1581084479000,73.271,73.308,73.214,73.226,1761600000,8
1581084480000,1581084959000,73.225,73.225,73.144,73.161,1687030000,8
1581084960000,1581085439000,73.16,73.172,73.136,73.15,1294580000,8
1581085440000,1581085919000,73.149,73.176,73.117,73.152,1693420000,8
1581085920000,1581086399000,73.151,73.167,73.044,73.079,3191640000,8
1581086400000,1581086879000,73.077,73.168,73.063,73.119,2022190000,8
1581086880000,1581087359000,73.12,73.165,73.101,73.153,1555060000,8
1581087360000,1581087839000,73.155,73.156,73.082,73.084,1453240000,8
1581087840000,1581088319000,73.086,73.202,73.086,73.199,1710920000,8
1581088320000,1581088799000,73.198,73.228,73.155,73.16,1297500000,8
1581088800000,1581089279000,73.163,73.201,73.159,73.19,1029730000,8
1581089280000,1581089759000,73.189,73.276,73.189,73.261,1375010000,8
1581089760000,1581090239000,73.261,73.335,73.236,73.332,1703230000,8
1581090240000,1581090719000,73.331,73.376,73.303,73.361,1548150000,8
1581090720000,1581091199000,73.36,73.438,73.335,73.402,1798270000,8
1581091200000,1581091679000,73.398,73.413,73.359,73.362,1621480000,8
1581091680000,1581092159000,73.362,73.362,73.309,73.327,1034330000,8
1581092160000,1581092639000,73.328,73.337,73.295,73.335,836010000,8
1581092640000,1581093119000,73.336,73.359,73.321,73.343,1012580000,8
1581093120000,1581093599000,73.341,73.354,73.309,73.309,839710000,8
1581093600000,1581094079000,73.31,73.322,73.291,73.297,751290000,8
1581094080000,1581094559000,73.296,73.323,73.293,73.302,573040000,8
1581094560000,1581095039000,73.303,73.337,73.303,73.323,681340000,8
1581095040000,1581095519000,73.323,73.346,73.314,73.316,560300000,8
1581095520000,1581095999000,73.314,73.329,73.311,73.311,396940000,8
1581096000000,1581096479000,73.312,73.326,73.306,73.322,454770000,8
1581096480000,1581096959000,73.321,73.334,73.315,73.327,337610000,8
1581096960000,1581097439000,73.326,73.343,73.319,73.327,357990000,8
1581097440000,1581097919000,73.327,73.338,73.311,73.319,294280000,8
1581097920000,1581098399000,73.319,73.322,73.308,73.312,512530000,8
1581098400000,1581098879000,73.312,73.327,73.308,73.327,464900000,8
1581098880000,1581099359000,73.326,73.337,73.318,73.318,366510000,8
1581099360000,1581099839000,73.317,73.321,73.305,73.313,223150000,8
1581099840000,1581100319000,73.313,73.338,73.313,73.335,296910000,8
1581100320000,1581100799000,73.337,73.375,73.291,73.293,1217010000,8
1581100800000,1581101279000,73.295,73.303,73.277,73.286,515990000,8
1581101280000,1581101759000,73.287,73.287,73.266,73.276,323990000,8
1581101760000,1581102239000,73.277,73.279,73.224,73.244,537670000,8
1581102240000,1581102719000,73.243,73.254,73.218,73.236,653210000,8
1581102720000,1581103199000,73.237,73.256,73.234,73.248,516950000,8
1581103200000,1581103679000,73.247,73.26,73.228,73.26,692190000,8
1581103680000,1581104159000,73.261,73.273,73.251,73.258,404840000,8
1581104160000,1581104639000,73.257,73.271,73.235,73.252,398630000,8
1581104640000,1581105119000,73.252,73.271,73.252,73.268,375870000,8
1581105120000,1581105599000,73.266,73.279,73.258,73.27,543860000,8
1581105600000,1581106079000,73.269,73.286,73.263,73.276,423680000,8
1581106080000,1581106559000,73.276,73.277,73.25,73.264,387430000,8
1581106560000,1581107039000,73.264,73.267,73.247,73.251,372710000,8
1581107040000,1581107519000,73.251,73.287,73.247,73.285,629250000,8
1581107520000,1581107999000,73.286,73.292,73.274,73.287,373220000,8
1581108000000,1581108479000,73.285,73.294,73.277,73.285,306730000,8
1581108480000,1581108959000,73.286,73.296,73.28,73.287,285620000,8
1581108960000,1581109439000,73.288,73.304,73.277,73.296,291490000,8
1581109440000,1581109919000,73.296,73.301,73.289,73.296,228090000,8
1581109920000,1581110399000,73.297,73.298,73.288,73.296,445350000,8
1581110400000,1581110879000,73.296,73.314,73.296,73.314,208000000,8
1581110880000,1581111359000,73.311,73.323,73.309,73.315,260040000,8
1581111360000,1581111839000,73.314,73.329,73.306,73.314,325110000,8
1581111840000,1581112319000,73.314,73.318,73.291,73.301,377000000,8
1581112320000,1581112799000,73.301,73.301,73.199,73.199,359790000,8
1581112800000,1581113279000,73.199,73.199,73.199,73.199,0,8
1581113280000,1581113759000,73.199,73.199,73.199,73.199,0,8
1581113760000,1581114239000,73.199,73.199,73.199,73.199,0,8
1581114240000,1581114719000,73.199,73.199,73.199,73.199,0,8
1581114720000,1581115199000,73.199,73.199,73.199,73.199,0,8
1581115200000,1581115679000,73.199,73.199,73.199,73.199,0,8
1581115680000,1581116159000,73.199,73.199,73.199,73.199,0,8
1581116160000,1581116639000,73.199,73.199,73.199,73.199,0,8
1581116640000,1581117119000,73.199,73.199,73.199,73.199,0,8
1581117120000,1581117599000,73.199,73.199,73.199,73.199,0,8
1581117600000,1581118079000,73.199,73.199,73.199,73.199,0,8
1581118080000,1581118559000,73.199,73.199,73.199,73.199,0,8
1581118560000,1581119039000,73.199,73.199,73.199,73.199,0,8
1581119040000,1581119519000,73.199,73.199,73.199,73.199,0,8
1581119520000,1581119999000,73.199,73.199,73.199,73.199,0,8
1581285600000,1581286079000,73.116,73.176,73.116,73.173,155210000,8
1581286080000,1581286559000,73.171,73.189,73.161,73.186,2177070000,8
1581286560000,1581287039000,73.187,73.192,73.183,73.189,315640000,8
1581287040000,1581287519000,73.189,73.216,73.189,73.209,804350000,8
1581287520000,1581287999000,73.209,73.23,73.202,73.212,1302550000,8
1581288000000,1581288479000,73.212,73.232,73.211,73.228,672350000,8
1581288960000,1581289439000,73.224,73.28,73.193,73.272,1200820000,8
1581289440000,1581289919000,73.271,73.309,73.261,73.301,396110000,8
1581289920000,1581290399000,73.299,73.302,73.26,73.268,557220000,8
1581290400000,1581290879000,73.269,73.285,73.215,73.218,686550000,8
1581290880000,1581291359000,73.219,73.233,73.063,73.063,1390810000,8
1581291360000,1581291839000,73.06,73.147,73.052,73.137,2074530000,8
1581291840000,1581292319000,73.139,73.233,73.136,73.223,1286610000,8
1581292320000,1581292799000,73.222,73.223,73.111,73.117,1135860000,8
1581292800000,1581293279000,73.117,73.206,73.097,73.167,1165730000,8
1581293280000,1581293759000,73.167,73.186,73.122,73.151,836420000,8
1581293760000,1581294239000,73.151,73.183,73.112,73.179,690990000,8
1581294240000,1581294719000,73.178,73.245,73.177,73.22,852880000,8
1581294720000,1581295199000,73.219,73.271,73.217,73.25,785860000,8
1581295200000,1581295679000,73.249,73.272,73.238,73.246,916780000,8
1581295680000,1581296159000,73.245,73.255,73.195,73.244,973860000,8
1581296160000,1581296639000,73.245,73.263,73.21,73.236,1012760000,8
1581296640000,1581297119000,73.237,73.238,73.173,73.193,1066080000,8
1581297120000,1581297599000,73.194,73.281,73.187,73.279,1245790000,8
1581297600000,1581298079000,73.279,73.302,73.248,73.282,1052750000,8
1581298080000,1581298559000,73.282,73.36,73.246,73.349,1247570000,8
1581298560000,1581299039000,73.349,73.389,73.318,73.383,1431790000,8
1581299040000,1581299519000,73.384,73.466,73.382,73.438,1911670000,8
1581299520000,1581299999000,73.438,73.451,73.407,73.429,705640000,8
1581300000000,1581300479000,73.43,73.475,73.41,73.446,931380000,8
1581300480000,1581300959000,73.446,73.637,73.446,73.613,1804200000,8
1581300960000,1581301439000,73.613,73.634,73.587,73.587,1306310000,8
1581301440000,1581301919000,73.586,73.628,73.578,73.585,732300000,8
1581301920000,1581302399000,73.585,73.67,73.585,73.651,1043820000,8
1581302400000,1581302879000,73.652,73.668,73.596,73.599,710000000,8
1581302880000,1581303359000,73.596,73.609,73.582,73.609,501090000,8
1581303360000,1581303839000,73.609,73.659,73.588,73.648,529540000,8
1581303840000,1581304319000,73.649,73.667,73.623,73.63,353520000,8
1581304320000,1581304799000,73.629,73.641,73.559,73.57,529210000,8
1581304800000,1581305279000,73.57,73.58,73.543,73.548,741150000,8
1581305280000,1581305759000,73.549,73.553,73.52,73.552,404760000,8
1581305760000,1581306239000,73.551,73.592,73.533,73.578,279230000,8
1581306240000,1581306719000,73.577,73.604,73.546,73.554,371000000,8
1581306720000,1581307199000,73.552,73.554,73.534,73.538,241370000,8
1581307200000,1581307679000,73.538,73.556,73.509,73.514,333650000,8
1581307680000,1581308159000,73.513,73.53,73.502,73.507,334540000,8
1581308160000,1581308639000,73.506,73.506,73.479,73.5,306560000,8
1581308640000,1581309119000,73.499,73.536,73.499,73.522,184270000,8
1581309120000,1581309599000,73.521,73.535,73.503,73.532,220200000,8
1581309600000,1581310079000,73.531,73.562,73.527,73.548,231350000,8
1581310080000,1581310559000,73.55,73.555,73.483,73.492,473120000,8
1581310560000,1581311039000,73.49,73.523,73.488,73.521,542310000,8
1581311040000,1581311519000,73.52,73.523,73.495,73.52,278820000,8
1581311520000,1581311999000,73.521,73.526,73.492,73.51,307690000,8
1581312000000,1581312479000,73.51,73.539,73.502,73.536,358240000,8
1581312480000,1581312959000,73.536,73.57,73.536,73.565,489170000,8
1581312960000,1581313439000,73.566,73.602,73.56,73.57,399180000,8
1581313440000,1581313919000,73.571,73.601,73.566,73.571,381360000,8
1581313920000,1581314399000,73.572,73.587,73.552,73.583,290290000,8
1581314400000,1581314879000,73.583,73.602,73.566,73.572,373970000,8
1581314880000,1581315359000,73.571,73.607,73.571,73.576,438030000,8
1581315360000,1581315839000,73.576,73.653,73.566,73.653,522650000,8
1581315840000,1581316319000,73.652,73.666,73.629,73.636,510060000,8
1581316320000,1581316799000,73.636,73.639,73.61,73.639,372940000,8
1581316800000,1581317279000,73.638,73.639,73.611,73.623,219820000,8
1581317280000,1581317759000,73.623,73.657,73.623,73.642,439230000,8
1581317760000,1581318239000,73.642,73.646,73.558,73.57,567820000,8
1581318240000,1581318719000,73.568,73.576,73.519,73.52,772450000,8
1581318720000,1581319199000,73.52,73.532,73.492,73.525,695810000,8
1581319200000,1581319679000,73.525,73.6,73.52,73.588,483280000,8
1581319680000,1581320159000,73.587,73.663,73.584,73.611,668870000,8
1581320160000,1581320639000,73.613,73.659,73.59,73.614,902610000,8
1581320640000,1581321119000,73.613,73.613,73.557,73.567,759640000,8
1581321120000,1581321599000,73.568,73.583,73.512,73.519,813220000,8
1581321600000,1581322079000,73.518,73.552,73.47,73.516,1523370000,8
1581322080000,1581322559000,73.517,73.565,73.515,73.559,988250000,8
1581322560000,1581323039000,73.557,73.558,73.44,73.44,914290000,8
1581323040000,1581323519000,73.439,73.463,73.412,73.442,1022860000,8
1581323520000,1581323999000,73.441,73.469,73.42,73.447,750760000,8
1581324000000,1581324479000,73.445,73.477,73.41,73.445,1231440000,8
1581324480000,1581324959000,73.445,73.512,73.438,73.496,760500000,8
1581324960000,1581325439000,73.497,73.522,73.491,73.503,631810000,8
1581325440000,1581325919000,73.504,73.58,73.502,73.531,891460000,8
1581325920000,1581326399000,73.532,73.536,73.501,73.509,665760000,8
1581326400000,1581326879000,73.508,73.513,73.433,73.466,770910000,8
1581326880000,1581327359000,73.467,73.494,73.444,73.482,657820000,8
1581327360000,1581327839000,73.481,73.489,73.461,73.465,466540000,8
1581327840000,1581328319000,73.466,73.506,73.451,73.47,670950000,8
1581328320000,1581328799000,73.472,73.487,73.442,73.449,485410000,8
1581328800000,1581329279000,73.448,73.48,73.433,73.475,544270000,8
1581329280000,1581329759000,73.474,73.488,73.451,73.472,356880000,8
1581329760000,1581330239000,73.472,73.478,73.454,73.461,491870000,8
1581330240000,1581330719000,73.46,73.497,73.454,73.494,476010000,8
1581330720000,1581331199000,73.493,73.495,73.423,73.434,587890000,8
1581331200000,1581331679000,73.434,73.57,73.434,73.511,1724770000,8
1581331680000,1581332159000,73.509,73.535,73.485,73.489,814360000,8
1581332160000,1581332639000,73.49,73.505,73.449,73.466,563090000,8
1581332640000,1581333119000,73.466,73.512,73.464,73.483,507950000,8
1581333120000,1581333599000,73.483,73.495,73.446,73.467,501950000,8
1581333600000,1581334079000,73.468,73.488,73.468,73.487,318610000,8
1581334080000,1581334559000,73.488,73.516,73.48,73.503,523760000,8
1581334560000,1581335039000,73.501,73.511,73.482,73.507,247380000,8
1581335040000,1581335519000,73.506,73.508,73.468,73.468,311770000,8
1581335520000,1581335999000,73.47,73.47,73.447,73.454,315830000,8
1581336000000,1581336479000,73.455,73.484,73.41,73.447,549320000,8
1581336480000,1581336959000,73.447,73.476,73.446,73.463,303140000,8
1581336960000,1581337439000,73.464,73.475,73.447,73.462,454640000,8
1581337440000,1581337919000,73.464,73.472,73.438,73.438,237110000,8
1581337920000,1581338399000,73.437,73.45,73.429,73.445,333850000,8
1581338400000,1581338879000,73.445,73.457,73.421,73.426,334330000,8
1581338880000,1581339359000,73.427,73.44,73.371,73.373,562060000,8
1581339360000,1581339839000,73.373,73.376,73.339,73.348,752680000,8
1581339840000,1581340319000,73.349,73.389,73.332,73.386,741490000,8
1581340320000,1581340799000,73.385,73.406,73.371,73.378,542640000,8
1581340800000,1581341279000,73.378,73.472,73.378,73.466,861400000,8
1581341280000,1581341759000,73.464,73.472,73.417,73.436,801830000,8
1581341760000,1581342239000,73.436,73.445,73.402,73.405,624280000,8
1581342240000,1581342719000,73.404,73.41,73.36,73.368,759230000,8
1581342720000,1581343199000,73.369,73.383,73.335,73.341,772630000,8
1581343200000,1581343679000,73.34,73.376,73.282,73.286,1013060000,8
1581343680000,1581344159000,73.287,73.289,73.231,73.245,999270000,8
1581344160000,1581344639000,73.245,73.305,73.245,73.298,919410000,8
1581344640000,1581345119000,73.299,73.321,73.268,73.292,752500000,8
1581345120000,1581345599000,73.293,73.345,73.293,73.302,1115230000,8
1581345600000,1581346079000,73.303,73.331,73.298,73.327,735230000,8
1581346080000,1581346559000,73.327,73.364,73.306,73.345,896030000,8
1581346560000,1581347039000,73.344,73.417,73.34,73.36,1174220000,8
1581347040000,1581347519000,73.362,73.41,73.352,73.396,709680000,8
1581347520000,1581347999000,73.396,73.427,73.364,73.414,969940000,8
1581348000000,1581348479000,73.414,73.437,73.403,73.414,727010000,8
1581348480000,1581348959000,73.414,73.432,73.403,73.422,690430000,8
1581348960000,1581349439000,73.422,73.438,73.399,73.419,793990000,8
1581349440000,1581349919000,73.418,73.421,73.343,73.344,837540000,8
1581349920000,1581350399000,73.343,73.351,73.265,73.295,1026220000,8
1581350400000,1581350879000,73.298,73.314,73.282,73.3,621410000,8
1581350880000,1581351359000,73.301,73.303,73.276,73.281,424080000,8
1581351360000,1581351839000,73.282,73.286,73.241,73.266,537820000,8
1581351840000,1581352319000,73.265,73.3,73.264,73.287,396390000,8
1581352320000,1581352799000,73.285,73.29,73.263,73.282,399650000,8
1581352800000,1581353279000,73.281,73.281,73.26,73.268,444750000,8
1581353280000,1581353759000,73.267,73.282,73.262,73.267,406420000,8
1581353760000,1581354239000,73.267,73.273,73.262,73.268,263450000,8
1581354240000,1581354719000,73.266,73.271,73.247,73.27,434360000,8
1581354720000,1581355199000,73.269,73.274,73.252,73.255,296200000,8
1581355200000,1581355679000,73.254,73.254,73.234,73.235,340210000,8
1581355680000,1581356159000,73.236,73.257,73.216,73.216,441570000,8
1581356160000,1581356639000,73.217,73.217,73.186,73.197,568170000,8
1581356640000,1581357119000,73.198,73.217,73.192,73.194,310480000,8
1581357120000,1581357599000,73.195,73.203,73.176,73.198,330690000,8
1581357600000,1581358079000,73.199,73.224,73.197,73.213,308600000,8
1581358080000,1581358559000,73.212,73.232,73.212,73.222,284890000,8
1581358560000,1581359039000,73.223,73.239,73.22,73.237,347210000,8
1581359040000,1581359519000,73.234,73.235,73.21,73.218,236180000,8
1581359520000,1581359999000,73.217,73.234,73.217,73.231,285560000,8
1581360000000,1581360479000,73.232,73.237,73.221,73.23,183390000,8
1581360480000,1581360959000,73.231,73.238,73.226,73.226,123990000,8
1581360960000,1581361439000,73.227,73.233,73.192,73.199,295260000,8
1581361440000,1581361919000,73.198,73.231,73.196,73.22,367870000,8
1581361920000,1581362399000,73.223,73.234,73.22,73.228,258410000,8
1581362400000,1581362879000,73.228,73.243,73.225,73.243,214110000,8
1581362880000,1581363359000,73.243,73.251,73.241,73.245,218750000,8
1581363360000,1581363839000,73.245,73.253,73.242,73.243,124770000,8
1581363840000,1581364319000,73.243,73.26,73.24,73.258,134370000,8
1581364320000,1581364799000,73.259,73.28,73.259,73.267,286810000,8
1581364800000,1581365279000,73.268,73.282,73.267,73.275,308410000,8
1581365280000,1581365759000,73.272,73.294,73.272,73.279,264730000,8
1581365760000,1581366239000,73.279,73.293,73.279,73.288,195150000,8
1581366240000,1581366719000,73.289,73.3,73.283,73.287,386390000,8
1581366720000,1581367199000,73.287,73.31,73.286,73.305,338350000,8
1581367200000,1581367679000,73.304,73.321,73.301,73.317,257960000,8
1581367680000,1581368159000,73.319,73.337,73.317,73.334,396160000,8
1581368160000,1581368639000,73.334,73.337,73.311,73.321,198490000,8
1581368640000,1581369119000,73.32,73.345,73.32,73.329,133010000,8
1581369120000,1581369599000,73.329,73.341,73.329,73.337,124420000,8
1581369600000,1581370079000,73.337,73.347,73.329,73.346,77000000,8
1581370080000,1581370559000,73.345,73.371,73.345,73.369,170730000,8
1581370560000,1581371039000,73.369,73.372,73.367,73.369,154950000,8
1581371040000,1581371519000,73.369,73.378,73.357,73.378,177510000,8
1581371520000,1581371999000,73.378,73.403,73.372,73.396,278440000,8
1581372000000,1581372479000,73.395,73.395,73.364,73.37,32190000,8
1581372480000,1581372959000,73.372,73.385,73.356,73.37,155930000,8
1581372960000,1581373439000,73.37,73.396,73.37,73.392,78060000,8
1581373440000,1581373919000,73.392,73.395,73.383,73.393,882990000,8
1581373920000,1581374399000,73.393,73.397,73.38,73.381,1062940000,8
1581374400000,1581374879000,73.38,73.393,73.369,73.387,693510000,8
1581374880000,1581375359000,73.385,73.388,73.358,73.358,103600000,8
1581375360000,1581375839000,73.358,73.382,73.358,73.379,569690000,8
1581375840000,1581376319000,73.379,73.392,73.359,73.365,211560000,8
1581376320000,1581376799000,73.366,73.386,73.363,73.377,186170000,8
1581376800000,1581377279000,73.378,73.401,73.372,73.399,217390000,8
1581377280000,1581377759000,73.397,73.403,73.394,73.398,179190000,8
1581377760000,1581378239000,73.397,73.408,73.389,73.403,243400000,8
1581378240000,1581378719000,73.404,73.454,73.404,73.437,316760000,8
1581378720000,1581379199000,73.436,73.439,73.426,73.429,116320000,8
1581379200000,1581379679000,73.428,73.43,73.363,73.369,631110000,8
1581379680000,1581380159000,73.368,73.384,73.346,73.351,425730000,8
1581380160000,1581380639000,73.35,73.381,73.321,73.377,307530000,8
1581380640000,1581381119000,73.378,73.425,73.374,73.421,706430000,8
1581381120000,1581381599000,73.42,73.446,73.419,73.437,524870000,8
1581381600000,1581382079000,73.437,73.511,73.431,73.504,605690000,8
1581382080000,1581382559000,73.501,73.526,73.454,73.459,621510000,8
1581382560000,1581383039000,73.457,73.552,73.457,73.536,768750000,8
1581383040000,1581383519000,73.537,73.547,73.513,73.542,464490000,8
1581383520000,1581383999000,73.542,73.637,73.54,73.635,992520000,8
1581384000000,1581384479000,73.636,73.677,73.59,73.605,988260000,8
1581384480000,1581384959000,73.606,73.629,73.582,73.601,631500000,8
1581384960000,1581385439000,73.602,73.618,73.583,73.589,436830000,8
1581385440000,1581385919000,73.589,73.612,73.569,73.609,484650000,8
1581385920000,1581386399000,73.61,73.627,73.598,73.601,493450000,8
1581386400000,1581386879000,73.602,73.603,73.557,73.565,449170000,8
1581386880000,1581387359000,73.564,73.586,73.556,73.56,373680000,8
1581387360000,1581387839000,73.559,73.66,73.557,73.653,538840000,8
1581387840000,1581388319000,73.654,73.674,73.621,73.67,561150000,8
1581388320000,1581388799000,73.671,73.675,73.656,73.672,323800000,8
1581388800000,1581389279000,73.671,73.712,73.666,73.673,421750000,8
1581389280000,1581389759000,73.671,73.671,73.633,73.654,370170000,8
1581389760000,1581390239000,73.652,73.709,73.633,73.693,410220000,8
1581390240000,1581390719000,73.693,73.711,73.676,73.693,310380000,8
1581390720000,1581391199000,73.693,73.721,73.672,73.686,413390000,8
1581391200000,1581391679000,73.685,73.685,73.662,73.667,263770000,8
1581391680000,1581392159000,73.666,73.674,73.643,73.665,264650000,8
1581392160000,1581392639000,73.666,73.68,73.664,73.678,199590000,8
1581392640000,1581393119000,73.678,73.692,73.669,73.692,162660000,8
1581393120000,1581393599000,73.691,73.724,73.689,73.719,282380000,8
1581393600000,1581394079000,73.717,73.722,73.692,73.698,230600000,8
1581394080000,1581394559000,73.699,73.726,73.697,73.702,233460000,8
1581394560000,1581395039000,73.701,73.702,73.679,73.686,189490000,8
1581395040000,1581395519000,73.685,73.685,73.668,73.673,95650000,8
1581395520000,1581395999000,73.673,73.687,73.669,73.687,126560000,8
1581396000000,1581396479000,73.686,73.687,73.676,73.685,118070000,8
1581396480000,1581396959000,73.685,73.719,73.685,73.713,234260000,8
1581396960000,1581397439000,73.714,73.722,73.703,73.721,241970000,8
1581397440000,1581397919000,73.719,73.724,73.706,73.716,177200000,8
1581397920000,1581398399000,73.715,73.772,73.715,73.747,389840000,8
1581398400000,1581398879000,73.747,73.762,73.735,73.75,229400000,8
1581398880000,1581399359000,73.751,73.768,73.74,73.743,266530000,8
1581399360000,1581399839000,73.744,73.75,73.711,73.715,243850000,8
1581399840000,1581400319000,73.717,73.771,73.715,73.753,287670000,8
1581400320000,1581400799000,73.751,73.794,73.744,73.794,288650000,8
1581400800000,1581401279000,73.794,73.859,73.793,73.831,756410000,8
1581401280000,1581401759000,73.829,73.852,73.82,73.822,362420000,8
1581401760000,1581402239000,73.823,73.828,73.81,73.821,284260000,8
1581402240000,1581402719000,73.821,73.847,73.821,73.837,292950000,8
1581402720000,1581403199000,73.838,73.844,73.814,73.821,326320000,8
1581403200000,1581403679000,73.821,73.83,73.811,73.819,321180000,8
1581403680000,1581404159000,73.818,73.83,73.81,73.813,298520000,8
1581404160000,1581404639000,73.814,73.818,73.767,73.776,588260000,8
1581404640000,1581405119000,73.777,73.789,73.764,73.785,634090000,8
1581405120000,1581405599000,73.786,73.787,73.717,73.717,550910000,8
1581405600000,1581406079000,73.714,73.783,73.713,73.777,738220000,8
1581406080000,1581406559000,73.776,73.78,73.747,73.751,497430000,8
1581406560000,1581407039000,73.75,73.756,73.703,73.712,483910000,8
1581407040000,1581407519000,73.713,73.751,73.699,73.744,454090000,8
1581407520000,1581407999000,73.743,73.753,73.714,73.745,534800000,8
1581408000000,1581408479000,73.744,73.788,73.714,73.742,1409750000,8
1581408480000,1581408959000,73.741,73.751,73.707,73.73,659920000,8
1581408960000,1581409439000,73.732,73.755,73.721,73.738,539260000,8
1581409440000,1581409919000,73.739,73.772,73.714,73.76,731930000,8
1581409920000,1581410399000,73.76,73.79,73.754,73.785,586570000,8
1581410400000,1581410879000,73.784,73.786,73.712,73.714,586040000,8
1581410880000,1581411359000,73.712,73.755,73.693,73.747,471570000,8
1581411360000,1581411839000,73.746,73.753,73.689,73.69,561640000,8
1581411840000,1581412319000,73.688,73.69,73.649,73.665,719300000,8
1581412320000,1581412799000,73.668,73.681,73.643,73.672,625080000,8
1581412800000,1581413279000,73.674,73.71,73.667,73.699,693960000,8
1581413280000,1581413759000,73.697,73.736,73.681,73.706,851850000,8
1581413760000,1581414239000,73.705,73.74,73.692,73.707,768230000,8
1581414240000,1581414719000,73.708,73.714,73.67,73.687,549410000,8
1581414720000,1581415199000,73.688,73.702,73.666,73.682,484730000,8
1581415200000,1581415679000,73.681,73.704,73.643,73.647,549610000,8
1581415680000,1581416159000,73.647,73.673,73.644,73.667,302840000,8
1581416160000,1581416639000,73.667,73.711,73.656,73.672,414910000,8
1581416640000,1581417119000,73.671,73.679,73.653,73.66,431090000,8
1581417120000,1581417599000,73.66,73.691,73.644,73.681,328690000,8
1581417600000,1581418079000,73.681,73.7,73.677,73.687,322210000,8
1581418080000,1581418559000,73.686,73.717,73.679,73.716,278360000,8
1581418560000,1581419039000,73.715,73.722,73.68,73.684,488270000,8
1581419040000,1581419519000,73.684,73.704,73.67,73.675,290240000,8
1581419520000,1581419999000,73.676,73.711,73.668,73.679,322560000,8
1581420000000,1581420479000,73.677,73.69,73.666,73.667,211750000,8
1581420480000,1581420959000,73.667,73.698,73.656,73.692,319040000,8
1581420960000,1581421439000,73.693,73.693,73.672,73.688,236110000,8
1581421440000,1581421919000,73.688,73.712,73.679,73.708,348580000,8
1581421920000,1581422399000,73.709,73.709,73.675,73.678,467550000,8
1581422400000,1581422879000,73.679,73.699,73.666,73.674,306630000,8
1581422880000,1581423359000,73.674,73.674,73.642,73.652,299560000,8
1581423360000,1581423839000,73.65,73.699,73.637,73.694,312850000,8
1581423840000,1581424319000,73.696,73.713,73.676,73.678,383980000,8
1581424320000,1581424799000,73.679,73.703,73.672,73.691,385070000,8
1581424800000,1581425279000,73.691,73.716,73.675,73.711,284050000,8
1581425280000,1581425759000,73.711,73.725,73.689,73.693,410470000,8
1581425760000,1581426239000,73.694,73.697,73.651,73.654,760080000,8
1581426240000,1581426719000,73.655,73.663,73.632,73.634,543350000,8
1581426720000,1581427199000,73.633,73.654,73.604,73.653,723390000,8
1581427200000,1581427679000,73.654,73.655,73.574,73.606,808200000,8
1581427680000,1581428159000,73.606,73.618,73.559,73.561,1766320000,8
1581428160000,1581428639000,73.562,73.609,73.554,73.591,1125000000,8
1581428640000,1581429119000,73.591,73.61,73.569,73.6,941570000,8
1581429120000,1581429599000,73.6,73.669,73.598,73.669,846360000,8
1581429600000,1581430079000,73.67,73.709,73.658,73.707,1298580000,8
1581430080000,1581430559000,73.706,73.731,73.685,73.729,1120560000,8
1581430560000,1581431039000,73.731,73.834,73.731,73.81,949190000,8
1581431040000,1581431519000,73.81,73.815,73.769,73.774,1109040000,8
1581431520000,1581431999000,73.774,73.798,73.743,73.753,1346450000,8
1581432000000,1581432479000,73.752,73.831,73.745,73.818,1078120000,8
1581432480000,1581432959000,73.819,73.889,73.812,73.881,999940000,8
1581432960000,1581433439000,73.88,73.96,73.867,73.955,1254820000,8
1581433440000,1581433919000,73.955,73.999,73.95,73.997,1197010000,8
1581433920000,1581434399000,73.997,74.003,73.937,73.947,1126200000,8
1581434400000,1581434879000,73.952,73.955,73.905,73.924,963320000,8
1581434880000,1581435359000,73.925,73.942,73.912,73.912,884900000,8
1581435360000,1581435839000,73.912,73.934,73.883,73.926,951160000,8
1581435840000,1581436319000,73.926,73.927,73.876,73.901,889390000,8
1581436320000,1581436799000,73.902,73.91,73.853,73.871,1013210000,8
1581436800000,1581437279000,73.872,73.9,73.87,73.877,798870000,8
1581437280000,1581437759000,73.877,73.882,73.828,73.838,919600000,8
1581437760000,1581438239000,73.837,73.876,73.826,73.84,582500000,8
1581438240000,1581438719000,73.84,73.841,73.778,73.781,425620000,8
1581438720000,1581439199000,73.78,73.783,73.704,73.708,808250000,8
1581439200000,1581439679000,73.708,73.717,73.663,73.716,814500000,8
1581439680000,1581440159000,73.717,73.728,73.7,73.7,306500000,8
1581440160000,1581440639000,73.7,73.72,73.658,73.707,633500000,8
1581440640000,1581441119000,73.706,73.715,73.684,73.713,546500000,8
1581441120000,1581441599000,73.713,73.72,73.693,73.716,333000000,8
1581441600000,1581442079000,73.717,73.722,73.702,73.721,392000000,8
1581442080000,1581442559000,73.722,73.748,73.715,73.739,301000000,8
1581442560000,1581443039000,73.737,73.743,73.713,73.721,454500000,8
1581443040000,1581443519000,73.721,73.726,73.7,73.701,340500000,8
1581443520000,1581443999000,73.7,73.708,73.684,73.708,382000000,8
1581444000000,1581444479000,73.706,73.708,73.697,73.707,343500000,8
1581444480000,1581444959000,73.707,73.754,73.704,73.75,289500000,8
1581444960000,1581445439000,73.749,73.749,73.702,73.711,373000000,8
1581445440000,1581445919000,73.712,73.722,73.711,73.718,304000000,8
1581445920000,1581446399000,73.718,73.719,73.683,73.686,336500000,8
1581446400000,1581446879000,73.687,73.694,73.68,73.688,206500000,8
1581446880000,1581447359000,73.688,73.689,73.624,73.627,325000000,8
1581447360000,1581447839000,73.628,73.671,73.627,73.651,469000000,8
1581447840000,1581448319000,73.65,73.658,73.638,73.645,307500000,8
1581448320000,1581448799000,73.646,73.69,73.646,73.671,334500000,8
1581448800000,1581449279000,73.672,73.673,73.653,73.654,341500000,8
1581449280000,1581449759000,73.653,73.672,73.647,73.668,284500000,8
1581449760000,1581450239000,73.668,73.688,73.668,73.681,162000000,8
1581450240000,1581450719000,73.682,73.704,73.682,73.7,198500000,8
1581450720000,1581451199000,73.699,73.7,73.677,73.688,301000000,8
1581451200000,1581451679000,73.688,73.688,73.665,73.677,344500000,8
1581451680000,1581452159000,73.677,73.678,73.647,73.651,272500000,8
1581452160000,1581452639000,73.65,73.676,73.64,73.673,349500000,8
1581452640000,1581453119000,73.675,73.689,73.66,73.66,340000000,8
1581453120000,1581453599000,73.66,73.673,73.66,73.673,238000000,8
1581453600000,1581454079000,73.674,73.691,73.671,73.69,209000000,8
1581454080000,1581454559000,73.69,73.699,73.683,73.696,232500000,8
1581454560000,1581455039000,73.696,73.697,73.685,73.688,96500000,8
1581455040000,1581455519000,73.688,73.688,73.688,73.688,0,8
1581455520000,1581455999000,73.702,73.703,73.693,73.695,48000000,8
1581456000000,1581456479000,73.695,73.695,73.69,73.693,21000000,8
1581456480000,1581456959000,73.694,73.705,73.688,73.697,103500000,8
1581456960000,1581457439000,73.697,73.711,73.694,73.706,66000000,8
1581457440000,1581457919000,73.705,73.706,73.697,73.705,103500000,8
1581457920000,1581458399000,73.704,73.71,73.692,73.707,94750000,8
1581458400000,1581458879000,73.707,73.72,73.692,73.716,368000000,8
1581458880000,1581459359000,73.718,73.72,73.678,73.702,1683000000,8
1581459360000,1581459839000,73.703,73.715,73.692,73.702,101000000,8
1581459840000,1581460319000,73.708,73.714,73.7,73.706,114000000,8
1581460320000,1581460799000,73.704,73.707,73.684,73.688,123000000,8
1581460800000,1581461279000,73.685,73.715,73.681,73.71,406500000,8
1581461280000,1581461759000,73.71,73.721,73.709,73.72,105000000,8
1581461760000,1581462239000,73.719,73.725,73.685,73.725,363500000,8
1581462240000,1581462719000,73.725,73.734,73.715,73.72,142000000,8
1581462720000,1581463199000,73.719,73.751,73.719,73.746,211000000,8
1581463200000,1581463679000,73.745,73.772,73.74,73.768,218000000,8
1581463680000,1581464159000,73.768,73.792,73.768,73.789,205000000,8
1581464160000,1581464639000,73.789,73.824,73.786,73.816,180500000,8
1581464640000,1581465119000,73.815,73.815,73.769,73.772,238000000,8
1581465120000,1581465599000,73.772,73.801,73.767,73.797,116500000,8
1581465600000,1581466079000,73.796,73.815,73.754,73.783,472500000,8
1581466080000,1581466559000,73.783,73.802,73.764,73.773,420000000,8
1581466560000,1581467039000,73.774,73.798,73.747,73.764,496500000,8
1581467040000,1581467519000,73.764,73.784,73.706,73.72,615500000,8
1581467520000,1581467999000,73.721,73.755,73.719,73.743,394500000,8
1581468000000,1581468479000,73.744,73.767,73.738,73.739,401000000,8
1581468480000,1581468959000,73.738,73.781,73.708,73.777,956500000,8
1581468960000,1581469439000,73.778,73.971,73.768,73.959,1269000000,8
1581469440000,1581469919000,73.96,73.99,73.882,73.931,1328500000,8
1581469920000,1581470399000,73.932,73.945,73.893,73.906,601500000,8
1581470400000,1581470879000,73.906,73.912,73.878,73.886,424500000,8
1581470880000,1581471359000,73.884,73.896,73.851,73.889,981500000,8
1581471360000,1581471839000,73.89,73.925,73.878,73.908,583000000,8
1581471840000,1581472319000,73.909,73.945,73.9,73.929,608000000,8
1581472320000,1581472799000,73.93,73.953,73.9,73.948,510500000,8
1581472800000,1581473279000,73.948,73.974,73.929,73.939,799000000,8
1581473280000,1581473759000,73.94,73.962,73.922,73.941,609500000,8
1581473760000,1581474239000,73.94,73.958,73.92,73.945,505000000,8
1581474240000,1581474719000,73.946,74.016,73.946,74.016,547000000,8
1581474720000,1581475199000,74.016,74.03,73.986,73.992,582000000,8
1581475200000,1581475679000,73.992,73.992,73.947,73.97,336500000,8
1581475680000,1581476159000,73.969,73.983,73.947,73.983,403500000,8
1581476160000,1581476639000,73.984,73.994,73.964,73.969,296000000,8
1581476640000,1581477119000,73.968,73.968,73.929,73.93,289000000,8
1581477120000,1581477599000,73.931,73.942,73.925,73.941,188000000,8
1581477600000,1581478079000,73.942,73.966,73.926,73.926,279000000,8
1581478080000,1581478559000,73.927,73.957,73.92,73.949,221000000,8
1581478560000,1581479039000,73.949,73.967,73.924,73.927,242500000,8
1581479040000,1581479519000,73.929,73.95,73.92,73.936,257500000,8
1581479520000,1581479999000,73.935,73.935,73.901,73.903,189250000,8
1581480000000,1581480479000,73.903,73.925,73.888,73.895,244000000,8
1581480480000,1581480959000,73.894,73.908,73.881,73.907,169000000,8
1581480960000,1581481439000,73.906,73.911,73.892,73.907,202500000,8
1581481440000,1581481919000,73.907,73.911,73.893,73.909,199500000,8
1581481920000,1581482399000,73.908,73.908,73.891,73.895,177500000,8
1581482400000,1581482879000,73.895,73.921,73.88,73.895,207000000,8
1581482880000,1581483359000,73.895,73.916,73.886,73.89,219500000,8
1581483360000,1581483839000,73.89,73.911,73.879,73.904,221000000,8
1581483840000,1581484319000,73.904,73.918,73.894,73.914,206000000,8
1581484320000,1581484799000,73.915,73.921,73.9,73.907,308000000,8
1581484800000,1581485279000,73.907,73.945,73.904,73.945,265000000,8
1581485280000,1581485759000,73.944,73.969,73.935,73.966,352000000,8
1581485760000,1581486239000,73.965,73.97,73.946,73.955,212000000,8
1581486240000,1581486719000,73.953,73.955,73.924,73.926,403000000,8
1581486720000,1581487199000,73.928,73.93,73.898,73.905,389000000,8
1581487200000,1581487679000,73.904,73.932,73.886,73.921,410000000,8
1581487680000,1581488159000,73.92,73.938,73.873,73.875,431500000,8
1581488160000,1581488639000,73.876,73.908,73.87,73.88,539000000,8
1581488640000,1581489119000,73.88,73.895,73.868,73.893,463000000,8
1581489120000,1581489599000,73.893,73.896,73.869,73.894,331500000,8
1581489600000,1581490079000,73.893,73.915,73.893,73.911,207000000,8
1581490080000,1581490559000,73.911,73.914,73.896,73.899,229000000,8
1581490560000,1581491039000,73.897,73.911,73.879,73.89,292000000,8
1581491040000,1581491519000,73.889,73.892,73.863,73.872,248500000,8
1581491520000,1581491999000,73.871,73.949,73.871,73.944,328000000,8
1581492000000,1581492479000,73.947,73.958,73.925,73.926,389000000,8
1581492480000,1581492959000,73.926,73.994,73.925,73.985,452000000,8
1581492960000,1581493439000,73.985,74.02,73.976,73.997,323000000,8
1581493440000,1581493919000,73.998,74.003,73.916,73.924,458000000,8
1581493920000,1581494399000,73.923,73.958,73.91,73.958,395500000,8
1581494400000,1581494879000,73.957,74.006,73.937,73.994,583500000,8
1581494880000,1581495359000,73.994,73.999,73.94,73.99,546000000,8
1581495360000,1581495839000,73.991,74.056,73.989,74.053,486000000,8
1581495840000,1581496319000,74.052,74.183,74.045,74.167,791500000,8
1581496320000,1581496799000,74.168,74.276,74.16,74.194,1407000000,8
1581496800000,1581497279000,74.195,74.291,74.192,74.272,894250000,8
1581497280000,1581497759000,74.271,74.292,74.252,74.269,657500000,8
1581497760000,1581498239000,74.268,74.28,74.211,74.211,662000000,8
1581498240000,1581498719000,74.213,74.214,74.18,74.184,520250000,8
1581498720000,1581499199000,74.185,74.201,74.111,74.159,724750000,8
1581499200000,1581499679000,74.157,74.162,74.115,74.146,571250000,8
1581499680000,1581500159000,74.145,74.145,74.088,74.105,569000000,8
1581500160000,1581500639000,74.106,74.144,74.102,74.138,446750000,8
1581500640000,1581501119000,74.137,74.151,74.129,74.136,364750000,8
1581501120000,1581501599000,74.135,74.143,74.114,74.126,383000000,8
1581501600000,1581502079000,74.125,74.172,74.124,74.172,285250000,8
1581502080000,1581502559000,74.172,74.208,74.172,74.173,350250000,8
1581502560000,1581503039000,74.172,74.185,74.153,74.156,387500000,8
1581503040000,1581503519000,74.155,74.156,74.098,74.119,535250000,8
1581503520000,1581503999000,74.118,74.132,74.096,74.099,540000000,8
1581504000000,1581504479000,74.099,74.13,74.081,74.126,472500000,8
1581504480000,1581504959000,74.127,74.153,74.106,74.15,311000000,8
1581504960000,1581505439000,74.149,74.18,74.139,74.154,475750000,8
1581505440000,1581505919000,74.152,74.171,74.145,74.155,313750000,8
1581505920000,1581506399000,74.156,74.164,74.145,74.156,226000000,8
1581506400000,1581506879000,74.153,74.194,74.153,74.19,277500000,8
1581506880000,1581507359000,74.19,74.193,74.161,74.162,277170000,8
1581507360000,1581507839000,74.163,74.186,74.158,74.168,558850000,8
1581507840000,1581508319000,74.167,74.173,74.145,74.17,376940000,8
1581508320000,1581508799000,74.168,74.188,74.164,74.174,283250000,8
1581508800000,1581509279000,74.174,74.188,74.158,74.16,359500000,8
1581509280000,1581509759000,74.161,74.202,74.157,74.183,343750000,8
1581509760000,1581510239000,74.183,74.196,74.171,74.184,253750000,8
1581510240000,1581510719000,74.185,74.185,74.157,74.157,262750000,8
1581510720000,1581511199000,74.156,74.181,74.145,74.177,271000000,8
1581511200000,1581511679000,74.177,74.193,74.17,74.171,305750000,8
1581511680000,1581512159000,74.171,74.186,74.155,74.186,272000000,8
1581512160000,1581512639000,74.185,74.204,74.181,74.184,340500000,8
1581512640000,1581513119000,74.184,74.214,74.18,74.198,442500000,8
1581513120000,1581513599000,74.199,74.211,74.175,74.175,342000000,8
1581513600000,1581514079000,74.177,74.195,74.161,74.178,429000000,8
1581514080000,1581514559000,74.177,74.189,74.16,74.185,505000000,8
1581514560000,1581515039000,74.186,74.214,74.183,74.202,345000000,8
1581515040000,1581515519000,74.204,74.207,74.164,74.165,373250000,8
1581515520000,1581515999000,74.164,74.167,74.128,74.13,424500000,8
1581516000000,1581516479000,74.129,74.146,74.119,74.142,594250000,8
1581516480000,1581516959000,74.14,74.148,74.125,74.136,465750000,8
1581516960000,1581517439000,74.136,74.149,74.128,74.145,362250000,8
1581517440000,1581517919000,74.145,74.181,74.142,74.178,417610000,8
1581517920000,1581518399000,74.179,74.212,74.169,74.193,879250000,8
1581518400000,1581518879000,74.192,74.205,74.178,74.187,523250000,8
1581518880000,1581519359000,74.186,74.191,74.168,74.183,512000000,8
1581519360000,1581519839000,74.184,74.192,74.144,74.144,734000000,8
1581519840000,1581520319000,74.143,74.149,74.118,74.122,733000000,8
1581520320000,1581520799000,74.121,74.141,74.093,74.105,702750000,8
1581520800000,1581521279000,74.104,74.149,74.104,74.138,600250000,8
1581521280000,1581521759000,74.139,74.172,74.126,74.155,724750000,8
1581521760000,1581522239000,74.156,74.172,74.135,74.136,545000000,8
1581522240000,1581522719000,74.136,74.173,74.136,74.16,586310000,8
1581522720000,1581523199000,74.159,74.217,74.155,74.202,1034830000,8
1581523200000,1581523679000,74.206,74.242,74.2,74.225,866200000,8
1581523680000,1581524159000,74.226,74.235,74.21,74.234,543850000,8
1581524160000,1581524639000,74.233,74.268,74.211,74.257,743090000,8
1581524640000,1581525119000,74.258,74.284,74.237,74.238,591810000,8
1581525120000,1581525599000,74.238,74.248,74.225,74.23,555800000,8
1581525600000,1581526079000,74.23,74.234,74.172,74.192,589000000,8
1581526080000,1581526559000,74.192,74.215,74.179,74.209,417940000,8
1581526560000,1581527039000,74.208,74.212,74.192,74.193,423540000,8
1581527040000,1581527519000,74.194,74.197,74.166,74.17,509920000,8
1581527520000,1581527999000,74.17,74.184,74.139,74.175,650430000,8
1581528000000,1581528479000,74.174,74.187,74.164,74.18,441940000,8
1581528480000,1581528959000,74.182,74.2,74.169,74.183,479880000,8
1581528960000,1581529439000,74.182,74.185,74.147,74.149,394870000,8
1581529440000,1581529919000,74.15,74.169,74.144,74.154,307710000,8
1581529920000,1581530399000,74.156,74.171,74.146,74.158,457420000,8
1581530400000,1581530879000,74.156,74.166,74.15,74.157,504680000,8
1581530880000,1581531359000,74.157,74.164,74.135,74.157,447840000,8
1581531360000,1581531839000,74.157,74.162,74.147,74.152,359600000,8
1581531840000,1581532319000,74.153,74.162,74.142,74.162,267600000,8
1581532320000,1581532799000,74.161,74.167,74.153,74.165,257170000,8
1581532800000,1581533279000,74.167,74.171,74.153,74.155,274630000,8
1581533280000,1581533759000,74.156,74.173,74.151,74.173,233340000,8
1581533760000,1581534239000,74.172,74.174,74.151,74.153,212410000,8
1581534240000,1581534719000,74.154,74.187,74.154,74.174,228100000,8
1581534720000,1581535199000,74.173,74.177,74.145,74.151,425560000,8
1581535200000,1581535679000,74.15,74.165,74.145,74.148,711080000,8
1581535680000,1581536159000,74.148,74.167,74.14,74.167,401780000,8
1581536160000,1581536639000,74.168,74.177,74.155,74.171,303790000,8
1581536640000,1581537119000,74.169,74.179,74.151,74.152,286230000,8
1581537120000,1581537599000,74.153,74.159,74.13,74.14,542520000,8
1581537600000,1581538079000,74.141,74.171,74.136,74.158,408340000,8
1581538080000,1581538559000,74.158,74.162,74.128,74.138,421920000,8
1581538560000,1581539039000,74.137,74.159,74.132,74.153,240510000,8
1581539040000,1581539519000,74.154,74.155,74.141,74.146,249110000,8
1581539520000,1581539999000,74.143,74.154,74.141,74.148,306880000,8
1581540000000,1581540479000,74.148,74.15,74.136,74.138,181250000,8
1581540480000,1581540959000,74.139,74.152,74.138,74.146,201910000,8
1581540960000,1581541439000,74.147,74.168,74.144,74.162,154570000,8
1581541440000,1581541919000,74.161,74.161,74.143,74.147,68680000,8
1581541920000,1581542399000,74.147,74.153,74.145,74.151,83640000,8
1581542400000,1581542879000,74.151,74.172,74.15,74.17,156400000,8
1581542880000,1581543359000,74.171,74.176,74.161,74.176,114010000,8
1581543360000,1581543839000,74.174,74.189,74.173,74.187,288530000,8
1581543840000,1581544319000,74.188,74.191,74.182,74.185,152950000,8
1581544320000,1581544799000,74.185,74.185,74.134,74.149,202970000,8
1581544800000,1581545279000,74.139,74.159,74.124,74.153,166880000,8
1581545280000,1581545759000,74.158,74.167,74.153,74.166,642710000,8
1581545760000,1581546239000,74.163,74.165,74.143,74.143,896250000,8
1581546240000,1581546719000,74.141,74.141,74.122,74.124,147750000,8
1581546720000,1581547199000,74.125,74.131,74.117,74.124,551750000,8
1581547200000,1581547679000,74.124,74.143,74.119,74.141,354250000,8
1581547680000,1581548159000,74.144,74.152,74.141,74.143,678750000,8
1581548160000,1581548639000,74.143,74.145,74.11,74.115,816000000,8
1581548640000,1581549119000,74.115,74.121,74.111,74.119,97320000,8
1581549120000,1581549599000,74.119,74.132,74.114,74.132,214750000,8
1581549600000,1581550079000,74.131,74.139,74.126,74.132,117950000,8
1581550080000,1581550559000,74.132,74.138,74.118,74.134,158150000,8
1581550560000,1581551039000,74.134,74.138,74.12,74.125,273560000,8
1581551040000,1581551519000,74.125,74.135,73.706,73.898,2520160000,8
1581551520000,1581551999000,73.9,73.906,73.646,73.757,2593900000,8
1581552000000,1581552479000,73.758,73.864,73.721,73.796,2532420000,8
1581552480000,1581552959000,73.794,73.929,73.794,73.906,2080240000,8
1581552960000,1581553439000,73.905,73.911,73.806,73.893,1408540000,8
1581553440000,1581553919000,73.894,73.898,73.796,73.831,999380000,8
1581553920000,1581554399000,73.831,73.898,73.829,73.868,1075230000,8
1581554400000,1581554879000,73.869,73.873,73.808,73.843,973810000,8
1581554880000,1581555359000,73.841,73.856,73.795,73.807,996630000,8
1581555360000,1581555839000,73.81,73.865,73.791,73.852,907730000,8
1581555840000,1581556319000,73.854,73.913,73.854,73.909,958290000,8
1581556320000,1581556799000,73.911,73.927,73.887,73.919,728450000,8
1581556800000,1581557279000,73.919,74.026,73.906,74.024,1008140000,8
1581557280000,1581557759000,74.022,74.022,73.919,73.95,1103260000,8
1581557760000,1581558239000,73.95,73.985,73.932,73.957,1186240000,8
1581558240000,1581558719000,73.956,74.026,73.955,73.981,1281930000,8
1581558720000,1581559199000,73.985,74.023,73.955,73.958,854830000,8
1581559200000,1581559679000,73.961,73.972,73.91,73.963,1073590000,8
1581559680000,1581560159000,73.96,73.982,73.948,73.955,692490000,8
1581560160000,1581560639000,73.954,73.986,73.953,73.967,591840000,8
1581560640000,1581561119000,73.966,73.984,73.959,73.977,374820000,8
1581561120000,1581561599000,73.977,73.997,73.962,73.966,588650000,8
1581561600000,1581562079000,73.966,73.976,73.943,73.946,386230000,8
1581562080000,1581562559000,73.948,73.974,73.944,73.955,379410000,8
1581562560000,1581563039000,73.955,73.955,73.883,73.904,530900000,8
1581563040000,1581563519000,73.905,73.911,73.875,73.879,328170000,8
1581563520000,1581563999000,73.878,73.93,73.877,73.919,333120000,8
1581564000000,1581564479000,73.915,73.93,73.865,73.872,494350000,8
1581564480000,1581564959000,73.872,73.897,73.867,73.886,358860000,8
1581564960000,1581565439000,73.885,73.897,73.873,73.877,424660000,8
1581565440000,1581565919000,73.877,73.881,73.849,73.854,289180000,8
1581565920000,1581566399000,73.853,73.869,73.817,73.83,422580000,8
1581566400000,1581566879000,73.83,73.878,73.825,73.863,385570000,8
1581566880000,1581567359000,73.866,73.874,73.847,73.859,262660000,8
1581567360000,1581567839000,73.857,73.872,73.842,73.872,365640000,8
1581567840000,1581568319000,73.873,73.886,73.856,73.868,400640000,8
1581568320000,1581568799000,73.867,73.881,73.857,73.878,332290000,8
1581568800000,1581569279000,73.878,73.883,73.822,73.827,443260000,8
1581569280000,1581569759000,73.829,73.833,73.806,73.82,418430000,8
1581569760000,1581570239000,73.819,73.819,73.788,73.811,575680000,8
1581570240000,1581570719000,73.81,73.827,73.808,73.811,503790000,8
1581570720000,1581571199000,73.81,73.82,73.789,73.809,507760000,8
1581571200000,1581571679000,73.809,73.822,73.762,73.765,424660000,8
1581571680000,1581572159000,73.765,73.793,73.755,73.784,678970000,8
1581572160000,1581572639000,73.784,73.789,73.765,73.774,473060000,8
1581572640000,1581573119000,73.773,73.807,73.772,73.786,373070000,8
1581573120000,1581573599000,73.785,73.813,73.785,73.794,371370000,8
1581573600000,1581574079000,73.794,73.818,73.76,73.761,537230000,8
1581574080000,1581574559000,73.765,73.772,73.725,73.736,595410000,8
1581574560000,1581575039000,73.735,73.764,73.693,73.759,801670000,8
1581575040000,1581575519000,73.758,73.769,73.742,73.744,395810000,8
1581575520000,1581575999000,73.742,73.744,73.706,73.711,585500000,8
1581576000000,1581576479000,73.712,73.726,73.703,73.723,279950000,8
1581576480000,1581576959000,73.724,73.744,73.72,73.74,285620000,8
1581576960000,1581577439000,73.741,73.756,73.707,73.71,296530000,8
1581577440000,1581577919000,73.711,73.745,73.699,73.736,757770000,8
1581577920000,1581578399000,73.736,73.748,73.723,73.733,462550000,8
1581578400000,1581578879000,73.73,73.748,73.726,73.744,479330000,8
1581578880000,1581579359000,73.744,73.85,73.743,73.835,853220000,8
1581579360000,1581579839000,73.834,73.854,73.809,73.815,547970000,8
1581579840000,1581580319000,73.816,73.816,73.775,73.777,661980000,8
1581580320000,1581580799000,73.779,73.813,73.763,73.769,867840000,8
1581580800000,1581581279000,73.771,73.838,73.754,73.837,1310430000,8
1581581280000,1581581759000,73.839,73.852,73.794,73.816,751600000,8
1581581760000,1581582239000,73.815,73.895,73.788,73.881,965430000,8
1581582240000,1581582719000,73.882,73.91,73.853,73.891,931580000,8
1581582720000,1581583199000,73.892,73.924,73.888,73.896,774660000,8
1581583200000,1581583679000,73.895,73.929,73.869,73.927,749850000,8
1581583680000,1581584159000,73.927,73.952,73.919,73.939,558560000,8
1581584160000,1581584639000,73.939,73.955,73.916,73.955,629770000,8
1581584640000,1581585119000,73.954,73.97,73.915,73.946,700830000,8
1581585120000,1581585599000,73.944,73.946,73.852,73.865,649510000,8
1581585600000,1581586079000,73.869,73.893,73.837,73.843,621380000,8
1581586080000,1581586559000,73.842,73.878,73.829,73.857,610800000,8
1581586560000,1581587039000,73.857,73.868,73.847,73.859,429720000,8
1581587040000,1581587519000,73.858,73.87,73.832,73.834,494440000,8
1581587520000,1581587999000,73.835,73.839,73.769,73.814,965340000,8
1581588000000,1581588479000,73.814,73.814,73.738,73.75,1097310000,8
1581588480000,1581588959000,73.75,73.755,73.681,73.748,1252380000,8
1581588960000,1581589439000,73.749,73.804,73.73,73.799,877430000,8
1581589440000,1581589919000,73.798,73.879,73.798,73.824,921870000,8
1581589920000,1581590399000,73.825,73.838,73.802,73.826,678500000,8
1581590400000,1581590879000,73.826,73.837,73.769,73.77,637950000,8
1581590880000,1581591359000,73.77,73.816,73.759,73.804,647050000,8
1581591360000,1581591839000,73.805,73.81,73.766,73.791,854920000,8
1581591840000,1581592319000,73.791,73.813,73.776,73.808,831070000,8
1581592320000,1581592799000,73.807,73.821,73.784,73.82,615050000,8
1581592800000,1581593279000,73.818,73.824,73.782,73.792,667880000,8
1581593280000,1581593759000,73.792,73.792,73.773,73.784,654040000,8
1581593760000,1581594239000,73.783,73.813,73.773,73.807,626270000,8
1581594240000,1581594719000,73.805,73.84,73.788,73.826,719300000,8
1581594720000,1581595199000,73.826,73.835,73.769,73.795,975720000,8
1581595200000,1581595679000,73.796,73.845,73.796,73.829,829160000,8
1581595680000,1581596159000,73.828,73.861,73.805,73.816,836210000,8
1581596160000,1581596639000,73.817,73.831,73.791,73.812,757600000,8
1581596640000,1581597119000,73.814,73.815,73.776,73.777,713810000,8
1581597120000,1581597599000,73.778,73.821,73.773,73.807,636000000,8
1581597600000,1581598079000,73.806,73.855,73.803,73.838,856730000,8
1581598080000,1581598559000,73.837,73.838,73.808,73.818,604450000,8
1581598560000,1581599039000,73.818,73.868,73.813,73.862,1046690000,8
1581599040000,1581599519000,73.862,73.883,73.84,73.842,815800000,8
1581599520000,1581599999000,73.842,73.879,73.84,73.877,698140000,8
1581600000000,1581600479000,73.877,73.898,73.873,73.894,544260000,8
1581600480000,1581600959000,73.892,73.921,73.877,73.878,1095420000,8
1581600960000,1581601439000,73.877,73.905,73.871,73.898,770880000,8
1581601440000,1581601919000,73.897,73.933,73.883,73.933,775750000,8
1581601920000,1581602399000,73.931,73.949,73.907,73.907,840330000,8
1581602400000,1581602879000,73.909,73.952,73.899,73.935,905330000,8
1581602880000,1581603359000,73.933,73.985,73.926,73.982,1002170000,8
1581603360000,1581603839000,73.981,73.995,73.951,73.954,692670000,8
1581603840000,1581604319000,73.953,73.96,73.895,73.945,890080000,8
1581604320000,1581604799000,73.946,73.976,73.927,73.959,1271150000,8
1581604800000,1581605279000,73.96,74.054,73.96,74.044,1551690000,8
1581605280000,1581605759000,74.046,74.09,74.035,74.057,1207730000,8
1581605760000,1581606239000,74.057,74.062,73.834,73.844,2472050000,8
1581606240000,1581606719000,73.845,73.942,73.838,73.928,2023640000,8
1581606720000,1581607199000,73.928,73.958,73.92,73.928,1386440000,8
1581607200000,1581607679000,73.927,73.927,73.876,73.9,1269050000,8
1581607680000,1581608159000,73.9,73.903,73.8,73.845,1462830000,8
1581608160000,1581608639000,73.844,73.888,73.831,73.88,1452080000,8
1581608640000,1581609119000,73.88,73.907,73.871,73.892,1108180000,8
1581609120000,1581609599000,73.893,73.945,73.884,73.919,1546940000,8
1581609600000,1581610079000,73.92,73.979,73.915,73.927,1374240000,8
1581610080000,1581610559000,73.928,73.937,73.897,73.898,691600000,8
1581610560000,1581611039000,73.898,73.925,73.892,73.916,605860000,8
1581611040000,1581611519000,73.917,73.962,73.913,73.955,594490000,8
1581611520000,1581611999000,73.956,73.97,73.938,73.953,750990000,8
1581612000000,1581612479000,73.955,73.96,73.912,73.912,798040000,8
1581612480000,1581612959000,73.912,73.915,73.861,73.873,687130000,8
1581612960000,1581613439000,73.874,73.908,73.874,73.907,539790000,8
1581613440000,1581613919000,73.908,73.909,73.877,73.883,423460000,8
1581613920000,1581614399000,73.883,73.906,73.88,73.898,397260000,8
1581614400000,1581614879000,73.897,73.901,73.872,73.872,588210000,8
1581614880000,1581615359000,73.874,73.878,73.859,73.859,387060000,8
1581615360000,1581615839000,73.86,73.861,73.815,73.819,547020000,8
1581615840000,1581616319000,73.818,73.837,73.814,73.823,472690000,8
1581616320000,1581616799000,73.824,73.845,73.797,73.799,547540000,8
1581616800000,1581617279000,73.8,73.806,73.769,73.792,1031960000,8
1581617280000,1581617759000,73.792,73.8,73.758,73.758,514650000,8
1581617760000,1581618239000,73.759,73.794,73.758,73.791,482290000,8
1581618240000,1581618719000,73.793,73.817,73.789,73.811,504470000,8
1581618720000,1581619199000,73.809,73.835,73.808,73.828,331470000,8
1581619200000,1581619679000,73.831,73.851,73.828,73.846,327760000,8
1581619680000,1581620159000,73.848,73.851,73.828,73.832,471180000,8
1581620160000,1581620639000,73.833,73.846,73.828,73.846,272360000,8
1581620640000,1581621119000,73.847,73.865,73.825,73.826,434420000,8
1581621120000,1581621599000,73.827,73.835,73.811,73.832,520520000,8
1581621600000,1581622079000,73.832,73.838,73.817,73.827,407800000,8
1581622080000,1581622559000,73.827,73.845,73.822,73.845,316000000,8
1581622560000,1581623039000,73.844,73.847,73.827,73.828,309670000,8
1581623040000,1581623519000,73.826,73.839,73.821,73.839,381980000,8
1581623520000,1581623999000,73.84,73.86,73.83,73.835,407790000,8
1581624000000,1581624479000,73.837,73.855,73.803,73.825,953560000,8
1581624480000,1581624959000,73.823,73.83,73.79,73.792,513340000,8
1581624960000,1581625439000,73.791,73.813,73.784,73.811,467960000,8
1581625440000,1581625919000,73.812,73.813,73.786,73.787,414600000,8
1581625920000,1581626399000,73.788,73.792,73.778,73.783,347580000,8
1581626400000,1581626879000,73.782,73.792,73.741,73.754,397660000,8
1581626880000,1581627359000,73.754,73.776,73.746,73.773,522020000,8
1581627360000,1581627839000,73.772,73.775,73.758,73.766,271680000,8
1581627840000,1581628319000,73.765,73.768,73.748,73.761,143390000,8
1581628320000,1581628799000,73.763,73.78,73.763,73.78,125480000,8
1581628800000,1581629279000,73.778,73.781,73.76,73.763,136280000,8
1581629280000,1581629759000,73.764,73.785,73.763,73.78,164910000,8
1581629760000,1581630239000,73.781,73.802,73.78,73.79,195330000,8
1581630240000,1581630719000,73.79,73.801,73.79,73.792,300480000,8
1581630720000,1581631199000,73.792,73.802,73.787,73.787,323320000,8
1581631200000,1581631679000,73.775,73.78,73.741,73.752,148000000,8
1581631680000,1581632159000,73.752,73.772,73.745,73.751,130890000,8
1581632160000,1581632639000,73.751,73.752,73.744,73.747,127700000,8
1581632640000,1581633119000,73.747,73.758,73.746,73.757,285850000,8
1581633120000,1581633599000,73.757,73.775,73.749,73.772,656430000,8
1581633600000,1581634079000,73.772,73.777,73.752,73.753,133130000,8
1581634080000,1581634559000,73.756,73.762,73.746,73.761,770240000,8
1581634560000,1581635039000,73.761,73.783,73.747,73.763,1165260000,8
1581635040000,1581635519000,73.764,73.764,73.726,73.729,230820000,8
1581635520000,1581635999000,73.727,73.734,73.678,73.687,392540000,8
1581636000000,1581636479000,73.687,73.694,73.676,73.687,424350000,8
1581636480000,1581636959000,73.689,73.708,73.688,73.699,351450000,8
1581636960000,1581637439000,73.699,73.718,73.626,73.714,714770000,8
1581637440000,1581637919000,73.712,73.742,73.68,73.726,1013830000,8
1581637920000,1581638399000,73.727,73.763,73.72,73.755,549480000,8
1581638400000,1581638879000,73.754,73.784,73.725,73.734,982240000,8
1581638880000,1581639359000,73.734,73.747,73.709,73.72,697240000,8
1581639360000,1581639839000,73.72,73.767,73.72,73.735,778830000,8
1581639840000,1581640319000,73.735,73.751,73.677,73.73,864430000,8
1581640320000,1581640799000,73.729,73.761,73.726,73.745,720310000,8
1581640800000,1581641279000,73.744,73.766,73.734,73.766,505920000,8
1581641280000,1581641759000,73.765,73.82,73.761,73.815,1108930000,8
1581641760000,1581642239000,73.815,73.859,73.803,73.82,1233590000,8
1581642240000,1581642719000,73.821,73.829,73.771,73.799,723230000,8
1581642720000,1581643199000,73.798,73.818,73.735,73.767,948980000,8
1581643200000,1581643679000,73.766,73.811,73.765,73.799,588080000,8
1581643680000,1581644159000,73.8,73.836,73.791,73.809,688270000,8
1581644160000,1581644639000,73.81,73.875,73.807,73.867,1005920000,8
1581644640000,1581645119000,73.866,73.874,73.827,73.831,662980000,8
1581645120000,1581645599000,73.831,73.847,73.816,73.834,535270000,8
1581645600000,1581646079000,73.832,73.844,73.814,73.839,507580000,8
1581646080000,1581646559000,73.838,73.838,73.79,73.833,665700000,8
1581646560000,1581647039000,73.834,73.873,73.834,73.861,644970000,8
1581647040000,1581647519000,73.861,73.887,73.816,73.861,631570000,8
1581647520000,1581647999000,73.86,73.893,73.859,73.874,622030000,8
1581648000000,1581648479000,73.875,73.881,73.843,73.845,421830000,8
1581648480000,1581648959000,73.845,73.909,73.839,73.903,652650000,8
1581648960000,1581649439000,73.904,73.985,73.902,73.954,1054830000,8
1581649440000,1581649919000,73.954,73.956,73.901,73.901,719550000,8
1581649920000,1581650399000,73.902,73.908,73.88,73.898,472820000,8
1581650400000,1581650879000,73.899,73.925,73.894,73.898,492040000,8
1581650880000,1581651359000,73.897,73.902,73.877,73.888,426380000,8
1581651360000,1581651839000,73.889,73.903,73.88,73.894,367570000,8
1581651840000,1581652319000,73.894,73.894,73.84,73.856,370250000,8
1581652320000,1581652799000,73.857,73.868,73.818,73.835,486240000,8
1581652800000,1581653279000,73.836,73.841,73.786,73.8,507670000,8
1581653280000,1581653759000,73.801,73.826,73.799,73.819,164600000,8
1581653760000,1581654239000,73.82,73.824,73.792,73.8,357220000,8
1581654240000,1581654719000,73.801,73.823,73.798,73.822,228580000,8
1581654720000,1581655199000,73.821,73.827,73.801,73.819,262290000,8
1581655200000,1581655679000,73.818,73.824,73.798,73.798,308180000,8
1581655680000,1581656159000,73.796,73.8,73.76,73.763,440090000,8
1581656160000,1581656639000,73.763,73.768,73.734,73.739,548880000,8
1581656640000,1581657119000,73.739,73.78,73.738,73.765,469440000,8
1581657120000,1581657599000,73.763,73.767,73.755,73.763,224690000,8
1581657600000,1581658079000,73.764,73.781,73.76,73.771,300090000,8
1581658080000,1581658559000,73.77,73.771,73.747,73.75,448690000,8
1581658560000,1581659039000,73.751,73.771,73.75,73.771,441640000,8
1581659040000,1581659519000,73.77,73.781,73.765,73.77,234310000,8
1581659520000,1581659999000,73.771,73.792,73.771,73.782,316580000,8
1581660000000,1581660479000,73.782,73.785,73.736,73.738,614520000,8
1581660480000,1581660959000,73.737,73.763,73.73,73.751,516150000,8
1581660960000,1581661439000,73.75,73.773,73.745,73.76,409710000,8
1581661440000,1581661919000,73.761,73.779,73.757,73.772,474830000,8
1581661920000,1581662399000,73.773,73.779,73.766,73.766,193010000,8
1581662400000,1581662879000,73.766,73.777,73.761,73.777,228620000,8
1581662880000,1581663359000,73.778,73.778,73.755,73.762,420140000,8
1581663360000,1581663839000,73.762,73.762,73.717,73.741,553680000,8
1581663840000,1581664319000,73.741,73.809,73.741,73.803,741260000,8
1581664320000,1581664799000,73.804,73.889,73.801,73.853,886980000,8
1581664800000,1581665279000,73.854,73.867,73.832,73.844,593340000,8
1581665280000,1581665759000,73.844,73.863,73.834,73.835,519490000,8
1581665760000,1581666239000,73.833,73.857,73.819,73.842,582480000,8
1581666240000,1581666719000,73.844,73.887,73.832,73.881,529920000,8
1581666720000,1581667199000,73.879,73.881,73.846,73.874,669210000,8
1581667200000,1581667679000,73.875,73.875,73.816,73.817,1105680000,8
1581667680000,1581668159000,73.815,73.832,73.804,73.826,709000000,8
1581668160000,1581668639000,73.824,73.839,73.805,73.818,635120000,8
1581668640000,1581669119000,73.818,73.88,73.815,73.87,572800000,8
1581669120000,1581669599000,73.87,73.872,73.845,73.854,542250000,8
1581669600000,1581670079000,73.854,73.866,73.826,73.839,577940000,8
1581670080000,1581670559000,73.839,73.879,73.839,73.857,730810000,8
1581670560000,1581671039000,73.856,73.864,73.834,73.843,532170000,8
1581671040000,1581671519000,73.844,73.857,73.807,73.839,744600000,8
1581671520000,1581671999000,73.839,73.875,73.827,73.861,549030000,8
1581672000000,1581672479000,73.862,73.868,73.817,73.837,637170000,8
1581672480000,1581672959000,73.837,73.855,73.833,73.837,467480000,8
1581672960000,1581673439000,73.838,73.84,73.816,73.826,445950000,8
1581673440000,1581673919000,73.826,73.832,73.805,73.811,474130000,8
1581673920000,1581674399000,73.809,73.827,73.799,73.822,357980000,8
1581674400000,1581674879000,73.823,73.837,73.808,73.834,411310000,8
1581674880000,1581675359000,73.832,73.832,73.806,73.81,517910000,8
1581675360000,1581675839000,73.812,73.822,73.783,73.79,364190000,8
1581675840000,1581676319000,73.789,73.798,73.777,73.796,366490000,8
1581676320000,1581676799000,73.797,73.797,73.765,73.78,575550000,8
1581676800000,1581677279000,73.78,73.785,73.771,73.773,282420000,8
1581677280000,1581677759000,73.772,73.779,73.756,73.773,255770000,8
1581677760000,1581678239000,73.774,73.788,73.765,73.786,257930000,8
1581678240000,1581678719000,73.787,73.789,73.751,73.751,255730000,8
1581678720000,1581679199000,73.751,73.771,73.745,73.771,324960000,8
1581679200000,1581679679000,73.769,73.788,73.755,73.775,697660000,8
1581679680000,1581680159000,73.777,73.778,73.749,73.751,307320000,8
1581680160000,1581680639000,73.752,73.752,73.725,73.729,326710000,8
1581680640000,1581681119000,73.729,73.737,73.712,73.716,415540000,8
1581681120000,1581681599000,73.716,73.72,73.692,73.701,469250000,8
1581681600000,1581682079000,73.701,73.756,73.693,73.726,468340000,8
1581682080000,1581682559000,73.727,73.743,73.715,73.72,545900000,8
1581682560000,1581683039000,73.718,73.723,73.707,73.717,512310000,8
1581683040000,1581683519000,73.716,73.728,73.706,73.727,381070000,8
1581683520000,1581683999000,73.731,73.763,73.721,73.763,421270000,8
1581684000000,1581684479000,73.765,73.768,73.732,73.753,362390000,8
1581684480000,1581684959000,73.753,73.763,73.735,73.759,395490000,8
1581684960000,1581685439000,73.758,73.779,73.752,73.754,586960000,8
1581685440000,1581685919000,73.753,73.766,73.744,73.745,357900000,8
1581685920000,1581686399000,73.746,73.758,73.733,73.736,320720000,8
1581686400000,1581686879000,73.736,73.737,73.719,73.731,654690000,8
1581686880000,1581687359000,73.732,73.773,73.718,73.742,1420250000,8
1581687360000,1581687839000,73.743,73.776,73.739,73.769,1124730000,8
1581687840000,1581688319000,73.771,73.774,73.714,73.768,1142310000,8
1581688320000,1581688799000,73.768,73.832,73.761,73.798,1170790000,8
1581688800000,1581689279000,73.797,73.834,73.777,73.824,1153940000,8
1581689280000,1581689759000,73.826,73.854,73.822,73.842,783100000,8
1581689760000,1581690239000,73.838,73.841,73.821,73.831,592050000,8
1581690240000,1581690719000,73.827,73.827,73.793,73.815,896430000,8
1581690720000,1581691199000,73.816,73.827,73.773,73.798,1115550000,8
1581691200000,1581691679000,73.796,73.818,73.772,73.78,933390000,8
1581691680000,1581692159000,73.781,73.781,73.695,73.704,1088080000,8
1581692160000,1581692639000,73.704,73.729,73.687,73.72,1189800000,8
1581692640000,1581693119000,73.719,73.72,73.672,73.693,1142320000,8
1581693120000,1581693599000,73.694,73.696,73.664,73.689,957610000,8
1581693600000,1581694079000,73.689,73.723,73.682,73.698,753030000,8
1581694080000,1581694559000,73.699,73.714,73.674,73.698,765210000,8
1581694560000,1581695039000,73.696,73.708,73.678,73.699,662970000,8
1581695040000,1581695519000,73.699,73.74,73.694,73.696,1031650000,8
1581695520000,1581695999000,73.696,73.739,73.678,73.722,1179380000,8
1581696000000,1581696479000,73.723,73.75,73.709,73.714,1002360000,8
1581696480000,1581696959000,73.712,73.736,73.694,73.718,487840000,8
1581696960000,1581697439000,73.717,73.741,73.713,73.737,599070000,8
1581697440000,1581697919000,73.738,73.768,73.735,73.754,468490000,8
1581697920000,1581698399000,73.756,73.761,73.738,73.74,339650000,8
1581698400000,1581698879000,73.74,73.756,73.738,73.755,469440000,8
1581698880000,1581699359000,73.755,73.755,73.719,73.725,418290000,8
1581699360000,1581699839000,73.726,73.759,73.726,73.742,435090000,8
1581699840000,1581700319000,73.741,73.741,73.713,73.717,372390000,8
1581700320000,1581700799000,73.718,73.727,73.714,73.715,346120000,8
1581700800000,1581701279000,73.716,73.718,73.694,73.7,340140000,8
1581701280000,1581701759000,73.7,73.717,73.697,73.712,236340000,8
1581701760000,1581702239000,73.712,73.73,73.71,73.716,280090000,8
1581702240000,1581702719000,73.714,73.714,73.683,73.685,434700000,8
1581702720000,1581703199000,73.685,73.685,73.659,73.669,586090000,8
1581703200000,1581703679000,73.669,73.7,73.669,73.677,407730000,8
1581703680000,1581704159000,73.676,73.676,73.646,73.653,543220000,8
1581704160000,1581704639000,73.649,73.655,73.636,73.652,209400000,8
1581704640000,1581705119000,73.652,73.658,73.645,73.645,237420000,8
1581705120000,1581705599000,73.643,73.667,73.638,73.663,191410000,8
1581705600000,1581706079000,73.662,73.672,73.655,73.662,206820000,8
1581706080000,1581706559000,73.661,73.664,73.653,73.66,217250000,8
1581706560000,1581707039000,73.66,73.661,73.622,73.647,447220000,8
1581707040000,1581707519000,73.648,73.651,73.631,73.642,271730000,8
1581707520000,1581707999000,73.638,73.64,73.607,73.618,476400000,8
1581708000000,1581708479000,73.619,73.652,73.617,73.648,212850000,8
1581708480000,1581708959000,73.649,73.655,73.627,73.65,311840000,8
1581708960000,1581709439000,73.65,73.663,73.647,73.65,285430000,8
1581709440000,1581709919000,73.649,73.656,73.644,73.654,276780000,8
1581709920000,1581710399000,73.652,73.663,73.644,73.662,291440000,8
1581710400000,1581710879000,73.663,73.68,73.657,73.68,286860000,8
1581710880000,1581711359000,73.679,73.681,73.663,73.663,272920000,8
1581711360000,1581711839000,73.664,73.684,73.66,73.672,227610000,8
1581711840000,1581712319000,73.672,73.681,73.668,73.675,271020000,8
1581712320000,1581712799000,73.675,73.7,73.675,73.697,258950000,8
1581712800000,1581713279000,73.696,73.711,73.694,73.706,253390000,8
1581713280000,1581713759000,73.709,73.728,73.707,73.722,353290000,8
1581713760000,1581714239000,73.722,73.725,73.692,73.703,138980000,8
1581714240000,1581714719000,73.704,73.723,73.704,73.709,175630000,8
1581714720000,1581715199000,73.71,73.71,73.693,73.694,258490000,8
1581715200000,1581715679000,73.694,73.694,73.682,73.684,260780000,8
1581715680000,1581716159000,73.684,73.692,73.677,73.692,315660000,8
1581716160000,1581716639000,73.691,73.702,73.67,73.692,704650000,8
1581716640000,1581717119000,73.692,73.697,73.681,73.696,375450000,8
1581717120000,1581717599000,73.696,73.705,73.659,73.663,455750000,8
1581717600000,1581718079000,73.663,73.663,73.663,73.663,0,8
1581718080000,1581718559000,73.663,73.663,73.663,73.663,0,8
1581718560000,1581719039000,73.663,73.663,73.663,73.663,0,8
1581719040000,1581719519000,73.663,73.663,73.663,73.663,0,8
1581719520000,1581719999000,73.663,73.663,73.663,73.663,0,8
1581720000000,1581720479000,73.663,73.663,73.663,73.663,0,8
1581720480000,1581720959000,73.663,73.663,73.663,73.663,0,8
1581720960000,1581721439000,73.663,73.663,73.663,73.663,0,8
1581721440000,1581721919000,73.663,73.663,73.663,73.663,0,8
1581721920000,1581722399000,73.663,73.663,73.663,73.663,0,8
1581722400000,1581722879000,73.663,73.663,73.663,73.663,0,8
1581722880000,1581723359000,73.663,73.663,73.663,73.663,0,8
1581723360000,1581723839000,73.663,73.663,73.663,73.663,0,8
1581723840000,1581724319000,73.663,73.663,73.663,73.663,0,8
1581724320000,1581724799000,73.663,73.663,73.663,73.663,0,8
1581890400000,1581890879000,73.827,73.843,73.781,73.788,637980000,8
1581890880000,1581891359000,73.788,73.789,73.721,73.721,1285570000,8
1581891360000,1581891839000,73.729,73.751,73.721,73.744,1622020000,8
1581891840000,1581892319000,73.747,73.759,73.738,73.755,106110000,8
1581892320000,1581892799000,73.755,73.775,73.753,73.759,410200000,8
1581892800000,1581893279000,73.759,73.767,73.744,73.751,369930000,8
1581893280000,1581893759000,73.752,73.772,73.744,73.772,446430000,8
1581893760000,1581894239000,73.77,73.786,73.75,73.776,561800000,8
1581894240000,1581894719000,73.777,73.834,73.777,73.831,522900000,8
1581894720000,1581895199000,73.833,73.855,73.808,73.853,518830000,8
1581895200000,1581895679000,73.853,73.853,73.829,73.835,556550000,8
1581895680000,1581896159000,73.837,73.851,73.822,73.844,416520000,8
1581896160000,1581896639000,73.844,73.901,73.843,73.895,805690000,8
1581896640000,1581897119000,73.895,73.911,73.871,73.875,614360000,8
1581897120000,1581897599000,73.875,73.884,73.837,73.841,721380000,8
1581897600000,1581898079000,73.841,73.841,73.734,73.742,1277700000,8
1581898080000,1581898559000,73.741,73.749,73.696,73.724,1060350000,8
1581898560000,1581899039000,73.723,73.772,73.723,73.747,605290000,8
1581899040000,1581899519000,73.747,73.796,73.735,73.787,661410000,8
1581899520000,1581899999000,73.784,73.792,73.76,73.764,522050000,8
1581900000000,1581900479000,73.763,73.764,73.741,73.757,691390000,8
1581900480000,1581900959000,73.757,73.762,73.695,73.697,1116550000,8
1581900960000,1581901439000,73.698,73.743,73.698,73.733,753630000,8
1581901440000,1581901919000,73.732,73.775,73.702,73.775,626070000,8
1581901920000,1581902399000,73.776,73.797,73.749,73.774,821530000,8
1581902400000,1581902879000,73.774,73.786,73.746,73.786,632680000,8
1581902880000,1581903359000,73.786,73.813,73.757,73.812,791940000,8
1581903360000,1581903839000,73.813,73.844,73.802,73.84,828030000,8
1581903840000,1581904319000,73.84,73.874,73.817,73.874,951970000,8
1581904320000,1581904799000,73.874,73.883,73.846,73.866,759210000,8
1581904800000,1581905279000,73.867,73.913,73.842,73.904,715280000,8
1581905280000,1581905759000,73.904,73.91,73.854,73.86,722790000,8
1581905760000,1581906239000,73.859,73.863,73.842,73.856,351150000,8
1581906240000,1581906719000,73.856,73.873,73.831,73.86,419830000,8
1581906720000,1581907199000,73.861,73.871,73.84,73.851,385000000,8
1581907200000,1581907679000,73.851,73.871,73.851,73.858,417490000,8
1581907680000,1581908159000,73.859,73.88,73.851,73.87,419170000,8
1581908160000,1581908639000,73.869,73.893,73.869,73.879,387610000,8
1581908640000,1581909119000,73.879,73.896,73.873,73.878,302820000,8
1581909120000,1581909599000,73.878,73.878,73.847,73.868,300600000,8
1581909600000,1581910079000,73.868,73.869,73.847,73.852,306030000,8
1581910080000,1581910559000,73.852,73.852,73.838,73.849,246850000,8
1581910560000,1581911039000,73.848,73.85,73.834,73.847,234800000,8
1581911040000,1581911519000,73.847,73.851,73.83,73.833,262180000,8
1581911520000,1581911999000,73.834,73.837,73.821,73.832,286450000,8
1581912000000,1581912479000,73.83,73.847,73.827,73.843,220550000,8
1581912480000,1581912959000,73.842,73.842,73.833,73.836,226880000,8
1581912960000,1581913439000,73.836,73.839,73.82,73.825,292450000,8
1581913440000,1581913919000,73.826,73.844,73.825,73.844,258790000,8
1581913920000,1581914399000,73.841,73.87,73.841,73.863,234030000,8
1581914400000,1581914879000,73.862,73.878,73.858,73.861,296170000,8
1581914880000,1581915359000,73.86,73.864,73.848,73.849,131290000,8
1581915360000,1581915839000,73.849,73.866,73.834,73.843,236600000,8
1581915840000,1581916319000,73.843,73.874,73.843,73.873,261580000,8
1581916320000,1581916799000,73.875,73.914,73.875,73.903,359960000,8
1581916800000,1581917279000,73.904,73.904,73.885,73.89,343090000,8
1581917280000,1581917759000,73.89,73.915,73.885,73.895,270280000,8
1581917760000,1581918239000,73.896,73.933,73.893,73.923,299900000,8
1581918240000,1581918719000,73.922,73.95,73.915,73.95,357010000,8
1581918720000,1581919199000,73.951,73.952,73.93,73.93,411610000,8
1581919200000,1581919679000,73.931,73.946,73.926,73.937,387260000,8
1581919680000,1581920159000,73.936,73.94,73.906,73.909,410580000,8
1581920160000,1581920639000,73.908,73.932,73.903,73.907,453450000,8
1581920640000,1581921119000,73.908,73.923,73.901,73.908,359330000,8
1581921120000,1581921599000,73.905,73.907,73.895,73.905,306830000,8
1581921600000,1581922079000,73.906,73.911,73.876,73.877,290400000,8
1581922080000,1581922559000,73.877,73.885,73.868,73.884,332470000,8
1581922560000,1581923039000,73.885,73.893,73.856,73.864,420960000,8
1581923040000,1581923519000,73.864,73.896,73.862,73.889,359560000,8
1581923520000,1581923999000,73.889,73.912,73.883,73.883,400580000,8
1581924000000,1581924479000,73.883,73.904,73.883,73.899,272950000,8
1581924480000,1581924959000,73.901,73.916,73.893,73.912,284220000,8
1581924960000,1581925439000,73.91,73.924,73.889,73.913,281400000,8
1581925440000,1581925919000,73.913,73.928,73.903,73.928,456850000,8
1581925920000,1581926399000,73.927,73.947,73.916,73.928,618150000,8
1581926400000,1581926879000,73.929,73.931,73.889,73.89,538180000,8
1581926880000,1581927359000,73.89,73.905,73.884,73.884,414190000,8
1581927360000,1581927839000,73.884,73.926,73.879,73.887,555420000,8
1581927840000,1581928319000,73.887,73.899,73.881,73.893,329460000,8
1581928320000,1581928799000,73.894,73.894,73.828,73.83,480840000,8
1581928800000,1581929279000,73.827,73.845,73.82,73.844,506380000,8
1581929280000,1581929759000,73.843,73.875,73.837,73.868,421480000,8
1581929760000,1581930239000,73.866,73.87,73.849,73.856,431880000,8
1581930240000,1581930719000,73.855,73.864,73.844,73.858,627630000,8
1581930720000,1581931199000,73.858,73.869,73.846,73.856,362930000,8
1581931200000,1581931679000,73.856,73.891,73.847,73.858,478610000,8
1581931680000,1581932159000,73.857,73.907,73.847,73.901,414530000,8
1581932160000,1581932639000,73.903,73.917,73.896,73.916,524900000,8
1581932640000,1581933119000,73.917,73.927,73.903,73.916,529540000,8
1581933120000,1581933599000,73.917,73.918,73.888,73.902,281790000,8
1581933600000,1581934079000,73.903,73.914,73.895,73.911,394620000,8
1581934080000,1581934559000,73.911,73.932,73.907,73.932,232730000,8
1581934560000,1581935039000,73.93,73.936,73.889,73.889,446360000,8
1581935040000,1581935519000,73.889,73.9,73.876,73.899,281580000,8
1581935520000,1581935999000,73.898,73.898,73.878,73.88,274650000,8
1581936000000,1581936479000,73.879,73.881,73.864,73.875,335930000,8
1581936480000,1581936959000,73.876,73.879,73.853,73.869,302220000,8
1581936960000,1581937439000,73.868,73.888,73.863,73.884,221320000,8
1581937440000,1581937919000,73.884,73.893,73.877,73.891,361000000,8
1581937920000,1581938399000,73.891,73.896,73.856,73.865,426200000,8
1581938400000,1581938879000,73.866,73.867,73.836,73.841,249660000,8
1581938880000,1581939359000,73.841,73.862,73.837,73.849,242890000,8
1581939360000,1581939839000,73.85,73.85,73.834,73.839,303090000,8
1581939840000,1581940319000,73.839,73.847,73.833,73.839,218740000,8
1581940320000,1581940799000,73.839,73.861,73.821,73.857,486260000,8
1581940800000,1581941279000,73.858,73.874,73.842,73.843,337190000,8
1581941280000,1581941759000,73.843,73.857,73.825,73.839,429580000,8
1581941760000,1581942239000,73.839,73.846,73.832,73.833,272650000,8
1581942240000,1581942719000,73.833,73.834,73.81,73.812,351530000,8
1581942720000,1581943199000,73.811,73.813,73.778,73.803,600490000,8
1581943200000,1581943679000,73.803,73.812,73.794,73.804,360680000,8
1581943680000,1581944159000,73.804,73.81,73.795,73.795,357430000,8
1581944160000,1581944639000,73.794,73.804,73.774,73.795,387120000,8
1581944640000,1581945119000,73.794,73.802,73.778,73.788,302320000,8
1581945120000,1581945599000,73.787,73.813,73.785,73.796,285500000,8
1581945600000,1581946079000,73.796,73.807,73.795,73.796,267420000,8
1581946080000,1581946559000,73.796,73.812,73.796,73.807,217980000,8
1581946560000,1581947039000,73.81,73.832,73.806,73.831,205040000,8
1581947040000,1581947519000,73.83,73.833,73.815,73.821,223900000,8
1581947520000,1581947999000,73.822,73.828,73.81,73.814,238460000,8
1581948000000,1581948479000,73.814,73.819,73.801,73.802,230530000,8
1581948480000,1581948959000,73.803,73.814,73.802,73.812,172840000,8
1581948960000,1581949439000,73.812,73.831,73.81,73.831,188670000,8
1581949440000,1581949919000,73.829,73.83,73.816,73.826,207860000,8
1581949920000,1581950399000,73.825,73.831,73.809,73.824,220360000,8
1581950400000,1581950879000,73.824,73.873,73.823,73.872,382670000,8
1581950880000,1581951359000,73.876,73.898,73.871,73.897,448050000,8
1581951360000,1581951839000,73.897,73.908,73.847,73.858,559420000,8
1581951840000,1581952319000,73.858,73.859,73.83,73.848,392820000,8
1581952320000,1581952799000,73.847,73.847,73.813,73.82,278340000,8
1581952800000,1581953279000,73.818,73.825,73.799,73.812,258760000,8
1581953280000,1581953759000,73.812,73.816,73.791,73.793,433510000,8
1581953760000,1581954239000,73.794,73.801,73.789,73.797,174770000,8
1581954240000,1581954719000,73.795,73.81,73.795,73.8,200220000,8
1581954720000,1581955199000,73.799,73.833,73.791,73.815,975310000,8
1581955200000,1581955679000,73.815,73.822,73.798,73.817,544040000,8
1581955680000,1581956159000,73.815,73.827,73.805,73.809,213230000,8
1581956160000,1581956639000,73.809,73.824,73.803,73.816,163370000,8
1581956640000,1581957119000,73.817,73.846,73.817,73.839,285060000,8
1581957120000,1581957599000,73.839,73.842,73.833,73.835,183680000,8
1581957600000,1581958079000,73.833,73.843,73.816,73.843,246870000,8
1581958080000,1581958559000,73.842,73.854,73.84,73.85,215250000,8
1581958560000,1581959039000,73.849,73.865,73.845,73.864,275830000,8
1581959040000,1581959519000,73.866,73.878,73.84,73.847,374590000,8
1581959520000,1581959999000,73.849,73.85,73.826,73.827,222380000,8
1581960000000,1581960479000,73.826,73.826,73.819,73.822,135680000,8
1581960480000,1581960959000,73.824,73.836,73.816,73.816,163600000,8
1581960960000,1581961439000,73.817,73.829,73.81,73.829,135310000,8
1581961440000,1581961919000,73.828,73.85,73.827,73.847,76770000,8
1581961920000,1581962399000,73.848,73.852,73.834,73.844,164460000,8
1581962400000,1581962879000,73.844,73.865,73.837,73.84,247030000,8
1581962880000,1581963359000,73.839,73.848,73.839,73.848,36140000,8
1581963360000,1581963839000,73.847,73.848,73.835,73.839,369250000,8
1581963840000,1581964319000,73.838,73.843,73.837,73.843,1110860000,8
1581964320000,1581964799000,73.843,73.844,73.839,73.843,789350000,8
1581964800000,1581965279000,73.843,73.846,73.842,73.846,426620000,8
1581965280000,1581965759000,73.846,73.874,73.846,73.87,986610000,8
1581965760000,1581966239000,73.87,73.87,73.847,73.847,1398450000,8
1581966240000,1581966719000,73.847,73.847,73.825,73.828,815620000,8
1581966720000,1581967199000,73.829,73.834,73.827,73.834,43610000,8
1581967200000,1581967679000,73.834,73.834,73.829,73.831,67940000,8
1581967680000,1581968159000,73.83,73.831,73.826,73.831,60090000,8
1581968160000,1581968639000,73.832,73.841,73.829,73.84,89610000,8
1581968640000,1581969119000,73.84,73.84,73.835,73.837,156510000,8
1581969120000,1581969599000,73.837,73.841,73.835,73.84,124390000,8
1581969600000,1581970079000,73.84,73.856,73.832,73.856,172830000,8
1581970080000,1581970559000,73.856,73.856,73.835,73.843,150560000,8
1581970560000,1581971039000,73.843,73.845,73.84,73.841,103980000,8
1581971040000,1581971519000,73.841,73.85,73.841,73.843,112740000,8
1581971520000,1581971999000,73.843,73.845,73.83,73.836,351580000,8
1581972000000,1581972479000,73.836,73.844,73.835,73.842,386890000,8
1581972480000,1581972959000,73.842,73.842,73.835,73.837,306330000,8
1581972960000,1581973439000,73.838,73.839,73.809,73.817,221910000,8
1581973440000,1581973919000,73.816,73.822,73.77,73.776,525540000,8
1581973920000,1581974399000,73.776,73.779,73.76,73.766,876080000,8
1581974400000,1581974879000,73.766,73.767,73.752,73.757,532470000,8
1581974880000,1581975359000,73.758,73.796,73.758,73.777,509090000,8
1581975360000,1581975839000,73.777,73.777,73.757,73.761,349000000,8
1581975840000,1581976319000,73.76,73.769,73.743,73.756,1256920000,8
1581976320000,1581976799000,73.756,73.768,73.743,73.763,711330000,8
1581976800000,1581977279000,73.761,73.771,73.752,73.768,60600000,8
1581977280000,1581977759000,73.768,73.768,73.712,73.717,363580000,8
1581977760000,1581978239000,73.717,73.733,73.713,73.713,376300000,8
1581978240000,1581978719000,73.713,73.731,73.71,73.717,280140000,8
1581978720000,1581979199000,73.716,73.735,73.713,73.732,189380000,8
1581979200000,1581979679000,73.733,73.739,73.725,73.731,202220000,8
1581979680000,1581980159000,73.728,73.774,73.728,73.758,498490000,8
1581980160000,1581980639000,73.758,73.758,73.708,73.712,986850000,8
1581980640000,1581981119000,73.713,73.75,73.686,73.702,660210000,8
1581981120000,1581981599000,73.702,73.728,73.695,73.719,566860000,8
1581981600000,1581982079000,73.719,73.72,73.645,73.673,531640000,8
1581982080000,1581982559000,73.674,73.704,73.674,73.7,396170000,8
1581982560000,1581983039000,73.699,73.699,73.673,73.69,319690000,8
1581983040000,1581983519000,73.691,73.706,73.687,73.694,301240000,8
1581983520000,1581983999000,73.694,73.701,73.69,73.693,411950000,8
1581984000000,1581984479000,73.695,73.697,73.661,73.661,846080000,8
1581984480000,1581984959000,73.662,73.67,73.633,73.651,910260000,8
1581984960000,1581985439000,73.649,73.662,73.58,73.625,873970000,8
1581985440000,1581985919000,73.624,73.681,73.543,73.543,1364700000,8
1581985920000,1581986399000,73.544,73.612,73.536,73.573,1538910000,8
1581986400000,1581986879000,73.572,73.578,73.5,73.548,1149000000,8
1581986880000,1581987359000,73.547,73.568,73.469,73.52,1032650000,8
1581987360000,1581987839000,73.52,73.52,73.418,73.492,1756210000,8
1581987840000,1581988319000,73.491,73.491,73.404,73.422,1419340000,8
1581988320000,1581988799000,73.423,73.446,73.383,73.422,981290000,8
1581988800000,1581989279000,73.422,73.451,73.406,73.438,912620000,8
1581989280000,1581989759000,73.439,73.489,73.41,73.412,1117900000,8
1581989760000,1581990239000,73.412,73.44,73.401,73.422,1019420000,8
1581990240000,1581990719000,73.421,73.435,73.391,73.434,848910000,8
1581990720000,1581991199000,73.434,73.448,73.414,73.445,586300000,8
1581991200000,1581991679000,73.445,73.457,73.41,73.426,968230000,8
1581991680000,1581992159000,73.427,73.441,73.406,73.416,854310000,8
1581992160000,1581992639000,73.417,73.42,73.39,73.399,538510000,8
1581992640000,1581993119000,73.398,73.398,73.351,73.356,696380000,8
1581993120000,1581993599000,73.355,73.37,73.329,73.337,858640000,8
1581993600000,1581994079000,73.338,73.346,73.316,73.32,900070000,8
1581994080000,1581994559000,73.319,73.343,73.312,73.322,640840000,8
1581994560000,1581995039000,73.322,73.355,73.301,73.353,1013850000,8
1581995040000,1581995519000,73.352,73.385,73.345,73.364,623530000,8
1581995520000,1581995999000,73.365,73.385,73.357,73.357,459600000,8
1581996000000,1581996479000,73.356,73.375,73.338,73.355,438140000,8
1581996480000,1581996959000,73.356,73.377,73.355,73.368,301710000,8
1581996960000,1581997439000,73.37,73.384,73.36,73.374,350100000,8
1581997440000,1581997919000,73.373,73.409,73.363,73.409,405260000,8
1581997920000,1581998399000,73.408,73.41,73.396,73.405,216500000,8
1581998400000,1581998879000,73.405,73.405,73.383,73.392,318440000,8
1581998880000,1581999359000,73.39,73.399,73.371,73.385,308910000,8
1581999360000,1581999839000,73.386,73.421,73.384,73.418,218980000,8
1581999840000,1582000319000,73.418,73.422,73.407,73.416,326080000,8
1582000320000,1582000799000,73.416,73.455,73.412,73.455,366420000,8
1582000800000,1582001279000,73.456,73.46,73.448,73.454,262100000,8
1582001280000,1582001759000,73.453,73.469,73.449,73.451,324390000,8
1582001760000,1582002239000,73.452,73.456,73.421,73.434,414070000,8
1582002240000,1582002719000,73.432,73.434,73.405,73.416,490890000,8
1582002720000,1582003199000,73.416,73.433,73.408,73.411,465150000,8
1582003200000,1582003679000,73.409,73.428,73.403,73.428,336830000,8
1582003680000,1582004159000,73.428,73.438,73.417,73.426,345190000,8
1582004160000,1582004639000,73.427,73.433,73.411,73.42,412680000,8
1582004640000,1582005119000,73.419,73.423,73.407,73.423,249390000,8
1582005120000,1582005599000,73.423,73.437,73.418,73.43,411550000,8
1582005600000,1582006079000,73.431,73.451,73.419,73.448,329230000,8
1582006080000,1582006559000,73.448,73.479,73.448,73.452,602710000,8
1582006560000,1582007039000,73.453,73.475,73.435,73.466,538320000,8
1582007040000,1582007519000,73.467,73.488,73.461,73.478,465210000,8
1582007520000,1582007999000,73.479,73.481,73.444,73.468,542610000,8
1582008000000,1582008479000,73.468,73.47,73.444,73.453,522320000,8
1582008480000,1582008959000,73.452,73.454,73.414,73.416,340160000,8
1582008960000,1582009439000,73.417,73.425,73.401,73.404,872490000,8
1582009440000,1582009919000,73.405,73.434,73.399,73.431,540260000,8
1582009920000,1582010399000,73.431,73.432,73.357,73.405,645820000,8
1582010400000,1582010879000,73.407,73.409,73.373,73.386,577030000,8
1582010880000,1582011359000,73.386,73.402,73.328,73.335,852240000,8
1582011360000,1582011839000,73.334,73.348,73.327,73.332,659470000,8
1582011840000,1582012319000,73.331,73.332,73.311,73.317,646800000,8
1582012320000,1582012799000,73.316,73.324,73.287,73.321,735550000,8
1582012800000,1582013279000,73.322,73.382,73.317,73.373,1149830000,8
1582013280000,1582013759000,73.373,73.395,73.36,73.391,1280140000,8
1582013760000,1582014239000,73.393,73.393,73.283,73.336,1195340000,8
1582014240000,1582014719000,73.335,73.337,73.274,73.308,1069170000,8
1582014720000,1582015199000,73.308,73.343,73.286,73.321,1020600000,8
1582015200000,1582015679000,73.322,73.342,73.304,73.31,775040000,8
1582015680000,1582016159000,73.309,73.339,73.292,73.309,895010000,8
1582016160000,1582016639000,73.31,73.31,73.245,73.246,937050000,8
1582016640000,1582017119000,73.247,73.279,73.242,73.249,841780000,8
1582017120000,1582017599000,73.25,73.253,73.189,73.24,1034810000,8
1582017600000,1582018079000,73.239,73.287,73.23,73.276,632440000,8
1582018080000,1582018559000,73.275,73.296,73.271,73.285,587260000,8
1582018560000,1582019039000,73.285,73.304,73.249,73.298,629910000,8
1582019040000,1582019519000,73.299,73.299,73.266,73.266,568630000,8
1582019520000,1582019999000,73.265,73.265,73.231,73.258,550230000,8
1582020000000,1582020479000,73.258,73.271,73.223,73.268,737760000,8
1582020480000,1582020959000,73.268,73.308,73.263,73.269,790890000,8
1582020960000,1582021439000,73.269,73.33,73.266,73.32,876690000,8
1582021440000,1582021919000,73.32,73.32,73.271,73.273,830970000,8
1582021920000,1582022399000,73.273,73.356,73.271,73.334,1398990000,8
1582022400000,1582022879000,73.333,73.352,73.314,73.339,735550000,8
1582022880000,1582023359000,73.339,73.342,73.3,73.313,911230000,8
1582023360000,1582023839000,73.312,73.322,73.281,73.32,734730000,8
1582023840000,1582024319000,73.319,73.345,73.319,73.33,471050000,8
1582024320000,1582024799000,73.329,73.376,73.329,73.374,537230000,8
1582024800000,1582025279000,73.372,73.381,73.35,73.38,584580000,8
1582025280000,1582025759000,73.38,73.384,73.347,73.361,554810000,8
1582025760000,1582026239000,73.36,73.368,73.348,73.354,356560000,8
1582026240000,1582026719000,73.355,73.371,73.335,73.336,534730000,8
1582026720000,1582027199000,73.336,73.346,73.318,73.345,521920000,8
1582027200000,1582027679000,73.345,73.35,73.328,73.328,525990000,8
1582027680000,1582028159000,73.328,73.344,73.296,73.296,588470000,8
1582028160000,1582028639000,73.293,73.328,73.282,73.309,574800000,8
1582028640000,1582029119000,73.31,73.352,73.31,73.345,566710000,8
1582029120000,1582029599000,73.345,73.357,73.329,73.342,520450000,8
1582029600000,1582030079000,73.341,73.361,73.335,73.335,511970000,8
1582030080000,1582030559000,73.336,73.347,73.309,73.31,473240000,8
1582030560000,1582031039000,73.307,73.327,73.307,73.321,449000000,8
1582031040000,1582031519000,73.322,73.323,73.278,73.298,529350000,8
1582031520000,1582031999000,73.297,73.31,73.283,73.306,510340000,8
1582032000000,1582032479000,73.306,73.32,73.297,73.318,768140000,8
1582032480000,1582032959000,73.319,73.337,73.297,73.299,1446140000,8
1582032960000,1582033439000,73.297,73.32,73.294,73.316,1050040000,8
1582033440000,1582033919000,73.315,73.344,73.293,73.333,723750000,8
1582033920000,1582034399000,73.333,73.352,73.329,73.351,529480000,8
1582034400000,1582034879000,73.35,73.356,73.316,73.327,800780000,8
1582034880000,1582035359000,73.329,73.341,73.311,73.325,757550000,8
1582035360000,1582035839000,73.327,73.405,73.319,73.397,875690000,8
1582035840000,1582036319000,73.398,73.456,73.38,73.453,1194550000,8
1582036320000,1582036799000,73.453,73.493,73.43,73.47,1503350000,8
1582036800000,1582037279000,73.471,73.58,73.469,73.559,1829520000,8
1582037280000,1582037759000,73.559,73.566,73.528,73.557,1287360000,8
1582037760000,1582038239000,73.557,73.594,73.539,73.558,1018590000,8
1582038240000,1582038719000,73.558,73.586,73.547,73.556,1121820000,8
1582038720000,1582039199000,73.555,73.563,73.519,73.538,973440000,8
1582039200000,1582039679000,73.538,73.558,73.473,73.476,945660000,8
1582039680000,1582040159000,73.479,73.481,73.428,73.44,1435790000,8
1582040160000,1582040639000,73.439,73.478,73.419,73.477,1026050000,8
1582040640000,1582041119000,73.477,73.525,73.477,73.496,941740000,8
1582041120000,1582041599000,73.495,73.561,73.493,73.535,1577330000,8
1582041600000,1582042079000,73.533,73.545,73.503,73.503,1508930000,8
1582042080000,1582042559000,73.504,73.52,73.461,73.464,943640000,8
1582042560000,1582043039000,73.465,73.485,73.441,73.466,767860000,8
1582043040000,1582043519000,73.467,73.501,73.441,73.493,842480000,8
1582043520000,1582043999000,73.493,73.525,73.478,73.486,821760000,8
1582044000000,1582044479000,73.487,73.49,73.46,73.471,718410000,8
1582044480000,1582044959000,73.469,73.505,73.462,73.487,667800000,8
1582044960000,1582045439000,73.487,73.504,73.473,73.503,759040000,8
1582045440000,1582045919000,73.503,73.525,73.483,73.523,960870000,8
1582045920000,1582046399000,73.521,73.533,73.51,73.529,411950000,8
1582046400000,1582046879000,73.528,73.531,73.506,73.508,509870000,8
1582046880000,1582047359000,73.508,73.517,73.504,73.509,456890000,8
1582047360000,1582047839000,73.508,73.511,73.496,73.503,486360000,8
1582047840000,1582048319000,73.502,73.512,73.486,73.488,353030000,8
1582048320000,1582048799000,73.488,73.497,73.486,73.496,346600000,8
1582048800000,1582049279000,73.496,73.524,73.492,73.52,362800000,8
1582049280000,1582049759000,73.519,73.524,73.485,73.487,438340000,8
1582049760000,1582050239000,73.486,73.486,73.474,73.482,208570000,8
1582050240000,1582050719000,73.482,73.494,73.467,73.492,438070000,8
1582050720000,1582051199000,73.493,73.496,73.469,73.47,575670000,8
1582051200000,1582051679000,73.471,73.481,73.461,73.463,595630000,8
1582051680000,1582052159000,73.462,73.467,73.427,73.434,556370000,8
1582052160000,1582052639000,73.434,73.435,73.419,73.421,371400000,8
1582052640000,1582053119000,73.422,73.446,73.417,73.445,309290000,8
1582053120000,1582053599000,73.447,73.468,73.44,73.463,255300000,8
1582053600000,1582054079000,73.46,73.494,73.455,73.489,384660000,8
1582054080000,1582054559000,73.488,73.492,73.48,73.48,400090000,8
1582054560000,1582055039000,73.479,73.483,73.454,73.479,441600000,8
1582055040000,1582055519000,73.478,73.48,73.459,73.465,274150000,8
1582055520000,1582055999000,73.465,73.47,73.451,73.453,331550000,8
1582056000000,1582056479000,73.455,73.473,73.449,73.456,450020000,8
1582056480000,1582056959000,73.456,73.478,73.448,73.469,255170000,8
1582056960000,1582057439000,73.468,73.471,73.45,73.454,150910000,8
1582057440000,1582057919000,73.454,73.465,73.451,73.454,253860000,8
1582057920000,1582058399000,73.453,73.458,73.439,73.44,263100000,8
1582058400000,1582058879000,73.439,73.456,73.435,73.444,207700000,8
1582058880000,1582059359000,73.443,73.459,73.441,73.453,332350000,8
1582059360000,1582059839000,73.452,73.479,73.452,73.467,224580000,8
1582059840000,1582060319000,73.467,73.486,73.466,73.477,82100000,8
1582060320000,1582060799000,73.479,73.481,73.458,73.465,145960000,8
1582060800000,1582061279000,73.466,73.47,73.463,73.468,49680000,8
1582061280000,1582061759000,73.471,73.482,73.466,73.469,106010000,8
1582061760000,1582062239000,73.47,73.476,73.47,73.472,129640000,8
1582062240000,1582062719000,73.471,73.493,73.469,73.491,218390000,8
1582062720000,1582063199000,73.488,73.493,73.455,73.46,317250000,8
1582063200000,1582063679000,73.463,73.47,73.44,73.463,39720000,8
1582063680000,1582064159000,73.462,73.464,73.452,73.452,64950000,8
1582064160000,1582064639000,73.448,73.456,73.444,73.45,20650000,8
1582064640000,1582065119000,73.45,73.47,73.45,73.468,242110000,8
1582065120000,1582065599000,73.469,73.469,73.46,73.46,208930000,8
1582065600000,1582066079000,73.459,73.462,73.449,73.449,397940000,8
1582066080000,1582066559000,73.449,73.465,73.446,73.457,202160000,8
1582066560000,1582067039000,73.458,73.49,73.455,73.488,875090000,8
1582067040000,1582067519000,73.487,73.499,73.482,73.492,247960000,8
1582067520000,1582067999000,73.492,73.518,73.486,73.512,534860000,8
1582068000000,1582068479000,73.511,73.528,73.508,73.521,466360000,8
1582068480000,1582068959000,73.521,73.53,73.516,73.519,358150000,8
1582068960000,1582069439000,73.519,73.545,73.518,73.536,237230000,8
1582069440000,1582069919000,73.539,73.55,73.519,73.521,373240000,8
1582069920000,1582070399000,73.522,73.581,73.522,73.579,544160000,8
1582070400000,1582070879000,73.581,73.602,73.571,73.572,819820000,8
1582070880000,1582071359000,73.572,73.572,73.542,73.57,535100000,8
1582071360000,1582071839000,73.569,73.57,73.526,73.534,525100000,8
1582071840000,1582072319000,73.534,73.578,73.529,73.578,639620000,8
1582072320000,1582072799000,73.578,73.578,73.533,73.573,612270000,8
1582072800000,1582073279000,73.572,73.575,73.557,73.56,504710000,8
1582073280000,1582073759000,73.559,73.57,73.541,73.548,497680000,8
1582073760000,1582074239000,73.548,73.571,73.517,73.543,682050000,8
1582074240000,1582074719000,73.544,73.545,73.468,73.477,844060000,8
1582074720000,1582075199000,73.475,73.49,73.426,73.488,969670000,8
1582075200000,1582075679000,73.489,73.521,73.482,73.506,775770000,8
1582075680000,1582076159000,73.506,73.544,73.487,73.536,893540000,8
1582076160000,1582076639000,73.537,73.54,73.484,73.505,866020000,8
1582076640000,1582077119000,73.504,73.559,73.504,73.559,783380000,8
1582077120000,1582077599000,73.562,73.567,73.538,73.54,779790000,8
1582077600000,1582078079000,73.54,73.584,73.54,73.58,724650000,8
1582078080000,1582078559000,73.58,73.664,73.577,73.663,831540000,8
1582078560000,1582079039000,73.664,73.779,73.664,73.685,1686510000,8
1582079040000,1582079519000,73.684,73.696,73.646,73.656,649940000,8
1582079520000,1582079999000,73.655,73.685,73.642,73.645,817700000,8
1582080000000,1582080479000,73.645,73.675,73.645,73.674,516450000,8
1582080480000,1582080959000,73.673,73.674,73.618,73.638,332840000,8
1582080960000,1582081439000,73.637,73.671,73.637,73.661,540350000,8
1582081440000,1582081919000,73.662,73.683,73.656,73.659,356360000,8
1582081920000,1582082399000,73.66,73.705,73.65,73.674,646700000,8
1582082400000,1582082879000,73.674,73.691,73.67,73.672,369590000,8
1582082880000,1582083359000,73.673,73.673,73.658,73.663,395460000,8
1582083360000,1582083839000,73.662,73.67,73.645,73.665,284010000,8
1582083840000,1582084319000,73.664,73.7,73.662,73.697,341070000,8
1582084320000,1582084799000,73.699,73.717,73.683,73.695,340410000,8
1582084800000,1582085279000,73.695,73.714,73.681,73.71,311600000,8
1582085280000,1582085759000,73.709,73.733,73.704,73.712,358600000,8
1582085760000,1582086239000,73.711,73.719,73.69,73.692,229340000,8
1582086240000,1582086719000,73.692,73.711,73.691,73.7,240130000,8
1582086720000,1582087199000,73.699,73.699,73.667,73.672,195100000,8
1582087200000,1582087679000,73.673,73.684,73.66,73.661,309230000,8
1582087680000,1582088159000,73.662,73.665,73.639,73.649,331370000,8
1582088160000,1582088639000,73.65,73.678,73.65,73.661,470150000,8
1582088640000,1582089119000,73.661,73.67,73.653,73.668,229460000,8
1582089120000,1582089599000,73.666,73.671,73.622,73.627,362260000,8
1582089600000,1582090079000,73.626,73.648,73.62,73.641,190470000,8
1582090080000,1582090559000,73.64,73.65,73.628,73.64,189870000,8
1582090560000,1582091039000,73.642,73.646,73.622,73.64,312120000,8
1582091040000,1582091519000,73.639,73.669,73.636,73.669,242840000,8
1582091520000,1582091999000,73.667,73.673,73.649,73.667,431060000,8
1582092000000,1582092479000,73.667,73.668,73.633,73.641,466250000,8
1582092480000,1582092959000,73.641,73.655,73.614,73.627,535250000,8
1582092960000,1582093439000,73.624,73.649,73.621,73.641,286380000,8
1582093440000,1582093919000,73.641,73.657,73.636,73.648,342680000,8
1582093920000,1582094399000,73.649,73.666,73.643,73.665,416690000,8
1582094400000,1582094879000,73.665,73.668,73.644,73.664,423530000,8
1582094880000,1582095359000,73.664,73.687,73.66,73.68,321860000,8
1582095360000,1582095839000,73.68,73.703,73.673,73.688,418930000,8
1582095840000,1582096319000,73.687,73.703,73.675,73.697,508050000,8
1582096320000,1582096799000,73.698,73.724,73.677,73.721,436510000,8
1582096800000,1582097279000,73.721,73.762,73.706,73.754,970380000,8
1582097280000,1582097759000,73.754,73.793,73.74,73.788,790550000,8
1582097760000,1582098239000,73.789,73.79,73.744,73.78,669410000,8
1582098240000,1582098719000,73.781,73.834,73.777,73.777,1105390000,8
1582098720000,1582099199000,73.777,73.807,73.774,73.8,670450000,8
1582099200000,1582099679000,73.799,73.801,73.686,73.687,1251030000,8
1582099680000,1582100159000,73.689,73.739,73.688,73.691,1024630000,8
1582100160000,1582100639000,73.689,73.778,73.685,73.774,672900000,8
1582100640000,1582101119000,73.775,73.781,73.734,73.75,682600000,8
1582101120000,1582101599000,73.749,73.767,73.744,73.763,663900000,8
1582101600000,1582102079000,73.763,73.81,73.741,73.786,981290000,8
1582102080000,1582102559000,73.789,73.8,73.776,73.787,421820000,8
1582102560000,1582103039000,73.787,73.845,73.787,73.844,656120000,8
1582103040000,1582103519000,73.843,73.913,73.835,73.907,908310000,8
1582103520000,1582103999000,73.906,73.915,73.876,73.893,1475890000,8
1582104000000,1582104479000,73.895,73.911,73.879,73.886,649300000,8
1582104480000,1582104959000,73.886,73.911,73.872,73.887,649310000,8
1582104960000,1582105439000,73.887,73.887,73.833,73.85,881980000,8
1582105440000,1582105919000,73.852,73.863,73.839,73.847,657680000,8
1582105920000,1582106399000,73.847,73.871,73.837,73.857,468530000,8
1582106400000,1582106879000,73.859,73.86,73.81,73.828,628230000,8
1582106880000,1582107359000,73.827,73.839,73.813,73.837,414380000,8
1582107360000,1582107839000,73.837,73.862,73.832,73.856,470480000,8
1582107840000,1582108319000,73.856,73.908,73.826,73.861,960910000,8
1582108320000,1582108799000,73.861,73.898,73.857,73.884,703770000,8
1582108800000,1582109279000,73.883,73.886,73.851,73.851,543230000,8
1582109280000,1582109759000,73.849,73.869,73.845,73.855,462350000,8
1582109760000,1582110239000,73.856,73.858,73.827,73.837,394910000,8
1582110240000,1582110719000,73.837,73.871,73.835,73.855,687710000,8
1582110720000,1582111199000,73.855,73.858,73.833,73.857,588000000,8
1582111200000,1582111679000,73.858,73.899,73.858,73.896,420740000,8
1582111680000,1582112159000,73.896,73.904,73.841,73.841,978580000,8
1582112160000,1582112639000,73.841,73.863,73.804,73.86,658820000,8
1582112640000,1582113119000,73.861,73.875,73.842,73.873,405680000,8
1582113120000,1582113599000,73.875,73.902,73.871,73.888,620880000,8
1582113600000,1582114079000,73.888,73.901,73.87,73.87,656610000,8
1582114080000,1582114559000,73.871,73.902,73.869,73.887,758030000,8
1582114560000,1582115039000,73.888,73.902,73.882,73.897,451110000,8
1582115040000,1582115519000,73.897,73.906,73.88,73.897,559560000,8
1582115520000,1582115999000,73.898,73.906,73.891,73.897,486360000,8
1582116000000,1582116479000,73.897,73.908,73.896,73.9,449370000,8
1582116480000,1582116959000,73.901,73.979,73.9,73.944,570280000,8
1582116960000,1582117439000,73.945,73.952,73.925,73.935,694950000,8
1582117440000,1582117919000,73.935,73.939,73.914,73.937,545730000,8
1582117920000,1582118399000,73.939,73.964,73.938,73.952,658590000,8
1582118400000,1582118879000,73.951,74.036,73.948,73.964,1130790000,8
1582118880000,1582119359000,73.964,73.975,73.891,73.958,1493370000,8
1582119360000,1582119839000,73.957,73.995,73.934,73.98,1522280000,8
1582119840000,1582120319000,73.979,74.016,73.947,73.954,1219970000,8
1582120320000,1582120799000,73.956,73.958,73.917,73.93,1110740000,8
1582120800000,1582121279000,73.931,73.99,73.928,73.965,1065680000,8
1582121280000,1582121759000,73.966,73.997,73.964,73.995,908760000,8
1582121760000,1582122239000,73.993,74.003,73.949,73.968,908760000,8
1582122240000,1582122719000,73.969,73.987,73.933,73.964,1066900000,8
1582122720000,1582123199000,73.965,74.001,73.925,73.978,2040980000,8
1582123200000,1582123679000,73.978,73.982,73.953,73.955,1066630000,8
1582123680000,1582124159000,73.955,74.029,73.955,74.026,977960000,8
1582124160000,1582124639000,74.027,74.033,73.972,73.979,1395110000,8
1582124640000,1582125119000,73.981,73.983,73.943,73.968,1058310000,8
1582125120000,1582125599000,73.969,73.97,73.934,73.951,956120000,8
1582125600000,1582126079000,73.952,73.991,73.952,73.976,1057970000,8
1582126080000,1582126559000,73.976,74.022,73.964,74.013,1093370000,8
1582126560000,1582127039000,74.014,74.018,73.967,73.974,1179180000,8
1582127040000,1582127519000,73.975,73.979,73.956,73.963,1050570000,8
1582127520000,1582127999000,73.963,74.06,73.962,74.029,1420830000,8
1582128000000,1582128479000,74.029,74.051,74.02,74.048,1159670000,8
1582128480000,1582128959000,74.047,74.134,74.044,74.132,1156410000,8
1582128960000,1582129439000,74.132,74.208,74.107,74.186,1228540000,8
1582129440000,1582129919000,74.186,74.211,74.16,74.169,1310570000,8
1582129920000,1582130399000,74.17,74.272,74.16,74.246,1684010000,8
1582130400000,1582130879000,74.247,74.258,74.187,74.199,1203030000,8
1582130880000,1582131359000,74.199,74.226,74.195,74.206,960460000,8
1582131360000,1582131839000,74.206,74.221,74.158,74.168,805990000,8
1582131840000,1582132319000,74.168,74.18,74.154,74.168,527000000,8
1582132320000,1582132799000,74.168,74.187,74.166,74.182,428550000,8
1582132800000,1582133279000,74.182,74.185,74.168,74.174,550710000,8
1582133280000,1582133759000,74.171,74.173,74.14,74.158,758360000,8
1582133760000,1582134239000,74.158,74.178,74.157,74.166,422150000,8
1582134240000,1582134719000,74.165,74.168,74.154,74.165,366190000,8
1582134720000,1582135199000,74.165,74.211,74.152,74.208,998570000,8
1582135200000,1582135679000,74.208,74.246,74.202,74.208,600880000,8
1582135680000,1582136159000,74.207,74.231,74.205,74.229,287520000,8
1582136160000,1582136639000,74.227,74.245,74.224,74.235,296380000,8
1582136640000,1582137119000,74.235,74.245,74.233,74.244,198150000,8
1582137120000,1582137599000,74.243,74.244,74.22,74.227,271540000,8
1582137600000,1582138079000,74.226,74.278,74.221,74.277,289050000,8
1582138080000,1582138559000,74.277,74.348,74.275,74.328,563030000,8
1582138560000,1582139039000,74.327,74.329,74.286,74.324,587930000,8
1582139040000,1582139519000,74.325,74.364,74.325,74.358,815870000,8
1582139520000,1582139999000,74.359,74.387,74.339,74.346,706680000,8
1582140000000,1582140479000,74.344,74.365,74.335,74.365,412010000,8
1582140480000,1582140959000,74.365,74.373,74.353,74.364,463780000,8
1582140960000,1582141439000,74.363,74.398,74.361,74.394,269180000,8
1582141440000,1582141919000,74.394,74.47,74.394,74.456,746060000,8
1582141920000,1582142399000,74.458,74.472,74.434,74.442,729240000,8
1582142400000,1582142879000,74.442,74.472,74.413,74.429,618250000,8
1582142880000,1582143359000,74.428,74.448,74.41,74.413,477960000,8
1582143360000,1582143839000,74.414,74.421,74.355,74.357,703390000,8
1582143840000,1582144319000,74.357,74.381,74.357,74.362,341140000,8
1582144320000,1582144799000,74.362,74.368,74.3,74.304,495920000,8
1582144800000,1582145279000,74.305,74.319,74.296,74.307,395090000,8
1582145280000,1582145759000,74.308,74.31,74.272,74.282,437150000,8
1582145760000,1582146239000,74.282,74.308,74.27,74.308,334410000,8
1582146240000,1582146719000,74.309,74.311,74.274,74.289,217530000,8
1582146720000,1582147199000,74.289,74.313,74.267,74.311,217140000,8
1582147200000,1582147679000,74.311,74.338,74.311,74.335,238210000,8
1582147680000,1582148159000,74.334,74.352,74.325,74.34,261550000,8
1582148160000,1582148639000,74.341,74.368,74.338,74.359,170010000,8
1582148640000,1582149119000,74.359,74.362,74.345,74.356,224980000,8
1582149120000,1582149599000,74.356,74.372,74.294,74.302,335260000,8
1582149600000,1582150079000,74.302,74.323,74.253,74.282,90260000,8
1582150080000,1582150559000,74.285,74.349,74.282,74.341,59500000,8
1582150560000,1582151039000,74.342,74.342,74.314,74.318,52000000,8
1582151040000,1582151519000,74.316,74.333,74.306,74.309,72750000,8
1582151520000,1582151999000,74.304,74.347,74.304,74.311,321880000,8
1582152000000,1582152479000,74.312,74.335,74.293,74.299,292630000,8
1582152480000,1582152959000,74.295,74.312,74.295,74.298,200940000,8
1582152960000,1582153439000,74.3,74.301,74.261,74.286,451180000,8
1582153440000,1582153919000,74.286,74.358,74.284,74.355,304490000,8
1582153920000,1582154399000,74.355,74.376,74.325,74.336,370770000,8
1582154400000,1582154879000,74.336,74.36,74.313,74.355,401110000,8
1582154880000,1582155359000,74.355,74.384,74.339,74.382,489990000,8
1582155360000,1582155839000,74.382,74.383,74.339,74.339,473260000,8
1582155840000,1582156319000,74.338,74.343,74.309,74.316,737670000,8
1582156320000,1582156799000,74.316,74.35,74.288,74.29,777710000,8
1582156800000,1582157279000,74.29,74.385,74.286,74.344,2097880000,8
1582157280000,1582157759000,74.345,74.364,74.309,74.346,1600290000,8
1582157760000,1582158239000,74.35,74.387,74.313,74.321,1190250000,8
1582158240000,1582158719000,74.321,74.41,74.102,74.285,1551140000,8
1582158720000,1582159199000,74.285,74.308,74.222,74.282,1312070000,8
1582159200000,1582159679000,74.282,74.301,74.238,74.259,903460000,8
1582159680000,1582160159000,74.259,74.301,74.238,74.249,1274100000,8
1582160160000,1582160639000,74.251,74.282,74.221,74.226,997150000,8
1582160640000,1582161119000,74.225,74.247,74.199,74.214,1002670000,8
1582161120000,1582161599000,74.214,74.232,74.194,74.203,1103340000,8
1582161600000,1582162079000,74.204,74.205,74.085,74.087,958040000,8
1582162080000,1582162559000,74.087,74.178,73.926,73.944,1952750000,8
1582162560000,1582163039000,73.945,74.056,73.932,74.027,1423440000,8
1582163040000,1582163519000,74.026,74.051,74.007,74.015,1248740000,8
1582163520000,1582163999000,74.015,74.05,73.886,73.952,1828160000,8
1582164000000,1582164479000,73.953,73.984,73.942,73.979,1181290000,8
1582164480000,1582164959000,73.979,74.008,73.962,73.964,1038390000,8
1582164960000,1582165439000,73.964,73.977,73.894,73.897,962350000,8
1582165440000,1582165919000,73.897,73.973,73.891,73.973,875160000,8
1582165920000,1582166399000,73.975,73.986,73.844,73.849,1668020000,8
1582166400000,1582166879000,73.849,73.928,73.789,73.927,1797100000,8
1582166880000,1582167359000,73.926,73.938,73.882,73.904,965190000,8
1582167360000,1582167839000,73.904,73.913,73.857,73.913,1015010000,8
1582167840000,1582168319000,73.912,73.975,73.912,73.95,865200000,8
1582168320000,1582168799000,73.949,74.01,73.947,73.997,844820000,8
1582168800000,1582169279000,73.996,74.006,73.881,73.883,1004700000,8
1582169280000,1582169759000,73.885,73.889,73.819,73.858,1389230000,8
1582169760000,1582170239000,73.859,73.907,73.854,73.873,937240000,8
1582170240000,1582170719000,73.873,73.939,73.871,73.902,725500000,8
1582170720000,1582171199000,73.905,73.916,73.863,73.907,836570000,8
1582171200000,1582171679000,73.906,73.933,73.891,73.933,793920000,8
1582171680000,1582172159000,73.932,73.975,73.928,73.951,472440000,8
1582172160000,1582172639000,73.957,74.004,73.956,73.963,433500000,8
1582172640000,1582173119000,73.962,73.996,73.951,73.953,453850000,8
1582173120000,1582173599000,73.954,73.973,73.938,73.966,503390000,8
1582173600000,1582174079000,73.967,74.018,73.964,74.016,407590000,8
1582174080000,1582174559000,74.017,74.047,74.005,74.038,357020000,8
1582174560000,1582175039000,74.039,74.085,74.023,74.047,794930000,8
1582175040000,1582175519000,74.048,74.099,74.047,74.056,749260000,8
1582175520000,1582175999000,74.055,74.089,74.05,74.084,566940000,8
1582176000000,1582176479000,74.083,74.094,74.062,74.073,581570000,8
1582176480000,1582176959000,74.069,74.082,74.048,74.052,583860000,8
1582176960000,1582177439000,74.052,74.08,74.052,74.08,558240000,8
1582177440000,1582177919000,74.079,74.129,74.079,74.12,622870000,8
1582177920000,1582178399000,74.12,74.135,74.09,74.094,646010000,8
1582178400000,1582178879000,74.095,74.099,74.051,74.081,666450000,8
1582178880000,1582179359000,74.082,74.09,74.059,74.069,686700000,8
1582179360000,1582179839000,74.068,74.111,74.068,74.092,787460000,8
1582179840000,1582180319000,74.093,74.097,74.051,74.054,634980000,8
1582180320000,1582180799000,74.059,74.107,74.059,74.099,598970000,8
1582180800000,1582181279000,74.099,74.149,74.096,74.143,593850000,8
1582181280000,1582181759000,74.145,74.145,74.079,74.116,959200000,8
1582181760000,1582182239000,74.115,74.157,74.088,74.104,768770000,8
1582182240000,1582182719000,74.109,74.162,74.109,74.148,923570000,8
1582182720000,1582183199000,74.147,74.267,74.137,74.241,1295850000,8
1582183200000,1582183679000,74.24,74.271,74.196,74.217,2015940000,8
1582183680000,1582184159000,74.217,74.266,74.204,74.223,1415940000,8
1582184160000,1582184639000,74.223,74.252,74.202,74.211,985120000,8
1582184640000,1582185119000,74.21,74.215,74.158,74.171,971610000,8
1582185120000,1582185599000,74.171,74.181,74.139,74.165,788550000,8
1582185600000,1582186079000,74.168,74.196,74.122,74.193,1462320000,8
1582186080000,1582186559000,74.192,74.196,74.151,74.158,941420000,8
1582186560000,1582187039000,74.155,74.155,74.05,74.057,1420050000,8
1582187040000,1582187519000,74.057,74.077,74.016,74.075,1189930000,8
1582187520000,1582187999000,74.075,74.104,74.05,74.068,953910000,8
1582188000000,1582188479000,74.07,74.115,74.065,74.103,862130000,8
1582188480000,1582188959000,74.103,74.114,74.049,74.108,814700000,8
1582188960000,1582189439000,74.107,74.122,74.079,74.108,926710000,8
1582189440000,1582189919000,74.107,74.136,74.094,74.133,891950000,8
1582189920000,1582190399000,74.132,74.137,74.046,74.053,863190000,8
1582190400000,1582190879000,74.052,74.114,74.033,74.112,1010380000,8
1582190880000,1582191359000,74.112,74.155,74.112,74.142,695860000,8
1582191360000,1582191839000,74.141,74.322,74.128,74.295,1018890000,8
1582191840000,1582192319000,74.294,74.3,74.246,74.29,837040000,8
1582192320000,1582192799000,74.288,74.347,74.273,74.301,1004460000,8
1582192800000,1582193279000,74.301,74.348,74.283,74.285,1134150000,8
1582193280000,1582193759000,74.286,74.302,74.239,74.241,814840000,8
1582193760000,1582194239000,74.242,74.248,74.153,74.166,1072120000,8
1582194240000,1582194719000,74.167,74.24,74.148,74.24,1341960000,8
1582194720000,1582195199000,74.238,74.262,74.217,74.218,1006840000,8
1582195200000,1582195679000,74.218,74.276,74.217,74.268,633320000,8
1582195680000,1582196159000,74.269,74.312,74.261,74.306,870740000,8
1582196160000,1582196639000,74.306,74.323,74.224,74.284,1439820000,8
1582196640000,1582197119000,74.283,74.285,74.249,74.257,805180000,8
1582197120000,1582197599000,74.259,74.347,74.259,74.298,902430000,8
1582197600000,1582198079000,74.296,74.33,74.277,74.316,526450000,8
1582198080000,1582198559000,74.317,74.339,74.296,74.308,603300000,8
1582198560000,1582199039000,74.307,74.307,74.254,74.272,756660000,8
1582199040000,1582199519000,74.272,74.284,74.239,74.241,937180000,8
1582199520000,1582199999000,74.24,74.248,74.173,74.191,1139330000,8
1582200000000,1582200479000,74.19,74.251,74.187,74.24,914940000,8
1582200480000,1582200959000,74.242,74.257,74.182,74.197,639790000,8
1582200960000,1582201439000,74.195,74.214,74.151,74.151,654870000,8
1582201440000,1582201919000,74.151,74.2,74.147,74.171,721800000,8
1582201920000,1582202399000,74.17,74.189,74.152,74.176,769540000,8
1582202400000,1582202879000,74.176,74.186,74.108,74.113,1081490000,8
1582202880000,1582203359000,74.113,74.175,74.095,74.166,933170000,8
1582203360000,1582203839000,74.166,74.196,74.155,74.159,1242050000,8
1582203840000,1582204319000,74.159,74.186,74.153,74.165,932640000,8
1582204320000,1582204799000,74.167,74.208,74.162,74.175,882550000,8
1582204800000,1582205279000,74.176,74.179,74.096,74.129,991340000,8
1582205280000,1582205759000,74.128,74.17,74.097,74.112,1405870000,8
1582205760000,1582206239000,74.111,74.147,74.069,74.128,1401430000,8
1582206240000,1582206719000,74.127,74.134,74.062,74.09,941790000,8
1582206720000,1582207199000,74.09,74.128,74.067,74.127,896450000,8
1582207200000,1582207679000,74.127,74.238,74.12,74.228,1120820000,8
1582207680000,1582208159000,74.227,74.234,74.16,74.163,780340000,8
1582208160000,1582208639000,74.166,74.216,74.151,74.216,649520000,8
1582208640000,1582209119000,74.215,74.258,74.203,74.243,1045490000,8
1582209120000,1582209599000,74.241,74.288,74.231,74.279,1309450000,8
1582209600000,1582210079000,74.28,74.293,74.256,74.275,1209110000,8
1582210080000,1582210559000,74.274,74.363,74.255,74.345,942180000,8
1582210560000,1582211039000,74.344,74.357,74.32,74.335,1009030000,8
1582211040000,1582211519000,74.333,74.416,74.321,74.364,1166640000,8
1582211520000,1582211999000,74.362,74.39,74.308,74.326,948450000,8
1582212000000,1582212479000,74.327,74.329,74.193,74.297,1082460000,8
1582212480000,1582212959000,74.298,74.303,74.229,74.242,876120000,8
1582212960000,1582213439000,74.242,74.244,74.205,74.211,820940000,8
1582213440000,1582213919000,74.208,74.269,74.19,74.269,910080000,8
1582213920000,1582214399000,74.267,74.3,74.244,74.283,1268040000,8
1582214400000,1582214879000,74.283,74.29,74.225,74.238,1070840000,8
1582214880000,1582215359000,74.242,74.243,74.091,74.091,1292720000,8
1582215360000,1582215839000,74.093,74.093,74.032,74.049,1253690000,8
1582215840000,1582216319000,74.048,74.063,73.92,73.928,1557210000,8
1582216320000,1582216799000,73.929,73.991,73.847,73.985,3034040000,8
1582216800000,1582217279000,73.985,74.073,73.963,73.968,1597920000,8
1582217280000,1582217759000,73.968,74.08,73.958,74.046,1254990000,8
1582217760000,1582218239000,74.046,74.063,74.011,74.05,1258550000,8
1582218240000,1582218719000,74.051,74.069,73.998,74.046,1295990000,8
1582218720000,1582219199000,74.046,74.078,74.01,74.029,933630000,8
1582219200000,1582219679000,74.028,74.032,73.995,74.023,1015450000,8
1582219680000,1582220159000,74.024,74.046,74.007,74.032,996990000,8
1582220160000,1582220639000,74.032,74.063,74.009,74.044,936960000,8
1582220640000,1582221119000,74.043,74.125,74.026,74.074,852130000,8
1582221120000,1582221599000,74.073,74.147,74.073,74.132,666750000,8
1582221600000,1582222079000,74.129,74.158,74.113,74.152,717820000,8
1582222080000,1582222559000,74.152,74.201,74.139,74.163,823440000,8
1582222560000,1582223039000,74.164,74.168,74.151,74.156,502750000,8
1582223040000,1582223519000,74.156,74.157,74.131,74.135,514250000,8
1582223520000,1582223999000,74.135,74.162,74.116,74.135,642000000,8
1582224000000,1582224479000,74.135,74.148,74.113,74.142,447500000,8
1582224480000,1582224959000,74.142,74.144,74.097,74.104,388000000,8
1582224960000,1582225439000,74.105,74.109,74.077,74.105,423500000,8
1582225440000,1582225919000,74.105,74.129,74.102,74.114,524000000,8
1582225920000,1582226399000,74.114,74.137,74.098,74.125,322750000,8
1582226400000,1582226879000,74.125,74.161,74.125,74.158,387000000,8
1582226880000,1582227359000,74.158,74.177,74.141,74.162,486000000,8
1582227360000,1582227839000,74.162,74.168,74.139,74.147,346250000,8
1582227840000,1582228319000,74.148,74.163,74.142,74.155,403250000,8
1582228320000,1582228799000,74.154,74.154,74.105,74.112,442500000,8
1582228800000,1582229279000,74.11,74.144,74.109,74.139,349250000,8
1582229280000,1582229759000,74.14,74.15,74.106,74.116,508250000,8
1582229760000,1582230239000,74.117,74.137,74.107,74.122,606130000,8
1582230240000,1582230719000,74.122,74.136,74.115,74.133,455640000,8
1582230720000,1582231199000,74.133,74.139,74.125,74.135,449070000,8
1582231200000,1582231679000,74.135,74.14,74.123,74.131,413500000,8
1582231680000,1582232159000,74.129,74.155,74.127,74.153,342250000,8
1582232160000,1582232639000,74.154,74.175,74.152,74.169,213750000,8
1582232640000,1582233119000,74.168,74.176,74.16,74.166,103220000,8
1582233120000,1582233599000,74.164,74.198,74.16,74.192,208250000,8
1582233600000,1582234079000,74.192,74.227,74.192,74.213,180750000,8
1582234080000,1582234559000,74.21,74.21,74.154,74.158,299000000,8
1582234560000,1582235039000,74.154,74.161,74.142,74.143,165750000,8
1582235040000,1582235519000,74.145,74.151,74.114,74.114,223500000,8
1582235520000,1582235999000,74.114,74.136,74.114,74.121,191170000,8
1582236000000,1582236479000,74.121,74.156,74.121,74.143,3070000,8
1582236480000,1582236959000,74.138,74.15,74.12,74.124,36250000,8
1582236960000,1582237439000,74.129,74.132,74.119,74.132,40000000,8
1582237440000,1582237919000,74.135,74.135,74.119,74.127,33250000,8
1582237920000,1582238399000,74.127,74.128,74.092,74.106,203000000,8
1582238400000,1582238879000,74.106,74.115,74.101,74.114,92250000,8
1582238880000,1582239359000,74.113,74.122,74.113,74.119,744600000,8
1582239360000,1582239839000,74.117,74.127,74.08,74.12,819700000,8
1582239840000,1582240319000,74.118,74.134,74.109,74.113,265700000,8
1582240320000,1582240799000,74.113,74.133,74.107,74.133,290840000,8
1582240800000,1582241279000,74.133,74.138,74.113,74.128,344720000,8
1582241280000,1582241759000,74.127,74.138,74.1,74.103,456820000,8
1582241760000,1582242239000,74.104,74.132,74.104,74.126,636990000,8
1582242240000,1582242719000,74.126,74.128,74.055,74.062,1303150000,8
1582242720000,1582243199000,74.065,74.087,74.022,74.034,872420000,8
1582243200000,1582243679000,74.033,74.123,74.02,74.116,1720270000,8
1582243680000,1582244159000,74.117,74.167,74.117,74.153,1095160000,8
1582244160000,1582244639000,74.153,74.224,74.141,74.213,1150430000,8
1582244640000,1582245119000,74.212,74.223,74.17,74.22,997200000,8
1582245120000,1582245599000,74.221,74.279,74.221,74.279,1020920000,8
1582245600000,1582246079000,74.28,74.297,74.201,74.202,1403390000,8
1582246080000,1582246559000,74.2,74.216,74.159,74.176,1573170000,8
1582246560000,1582247039000,74.174,74.219,74.104,74.127,1327250000,8
1582247040000,1582247519000,74.126,74.2,74.116,74.191,2037610000,8
1582247520000,1582247999000,74.192,74.244,74.179,74.188,1197920000,8
1582248000000,1582248479000,74.187,74.197,74.152,74.156,824090000,8
1582248480000,1582248959000,74.153,74.163,74.092,74.14,1421950000,8
1582248960000,1582249439000,74.14,74.18,74.13,74.134,876610000,8
1582249440000,1582249919000,74.134,74.157,74.064,74.103,1130530000,8
1582249920000,1582250399000,74.105,74.105,74.03,74.053,1116200000,8
1582250400000,1582250879000,74.054,74.055,73.979,73.989,1082480000,8
1582250880000,1582251359000,73.988,73.994,73.939,73.984,1054190000,8
1582251360000,1582251839000,73.985,73.985,73.842,73.907,2312390000,8
1582251840000,1582252319000,73.906,73.915,73.783,73.879,1343080000,8
1582252320000,1582252799000,73.876,73.925,73.829,73.908,986130000,8
1582252800000,1582253279000,73.909,73.967,73.905,73.955,819120000,8
1582253280000,1582253759000,73.957,73.975,73.875,73.878,809680000,8
1582253760000,1582254239000,73.877,73.955,73.871,73.955,888420000,8
1582254240000,1582254719000,73.955,73.979,73.934,73.936,586110000,8
1582254720000,1582255199000,73.936,73.97,73.935,73.942,611530000,8
1582255200000,1582255679000,73.943,73.968,73.923,73.961,647540000,8
1582255680000,1582256159000,73.962,73.968,73.936,73.955,558000000,8
1582256160000,1582256639000,73.953,73.967,73.925,73.959,572290000,8
1582256640000,1582257119000,73.959,73.979,73.955,73.968,327950000,8
1582257120000,1582257599000,73.968,73.973,73.953,73.964,313330000,8
1582257600000,1582258079000,73.962,73.995,73.943,73.949,535280000,8
1582258080000,1582258559000,73.95,73.982,73.947,73.951,511450000,8
1582258560000,1582259039000,73.951,73.951,73.914,73.935,577930000,8
1582259040000,1582259519000,73.936,73.964,73.923,73.961,392520000,8
1582259520000,1582259999000,73.961,73.961,73.94,73.941,356780000,8
1582260000000,1582260479000,73.941,73.956,73.933,73.953,397250000,8
1582260480000,1582260959000,73.954,73.965,73.937,73.942,374380000,8
1582260960000,1582261439000,73.942,73.96,73.936,73.945,591790000,8
1582261440000,1582261919000,73.948,73.956,73.93,73.955,397190000,8
1582261920000,1582262399000,73.957,73.975,73.948,73.975,373310000,8
1582262400000,1582262879000,73.975,73.979,73.929,73.931,384100000,8
1582262880000,1582263359000,73.931,73.931,73.892,73.91,698950000,8
1582263360000,1582263839000,73.909,73.909,73.867,73.896,689510000,8
1582263840000,1582264319000,73.898,73.916,73.883,73.891,493280000,8
1582264320000,1582264799000,73.89,73.9,73.887,73.896,369740000,8
1582264800000,1582265279000,73.895,73.937,73.893,73.903,582650000,8
1582265280000,1582265759000,73.902,73.927,73.896,73.908,539810000,8
1582265760000,1582266239000,73.908,73.908,73.847,73.854,523630000,8
1582266240000,1582266719000,73.855,73.859,73.84,73.853,461730000,8
1582266720000,1582267199000,73.853,73.867,73.837,73.859,476310000,8
1582267200000,1582267679000,73.859,73.868,73.848,73.867,525780000,8
1582267680000,1582268159000,73.871,73.911,73.871,73.898,429350000,8
1582268160000,1582268639000,73.898,73.923,73.848,73.852,729950000,8
1582268640000,1582269119000,73.854,73.91,73.839,73.86,841840000,8
1582269120000,1582269599000,73.861,73.89,73.826,73.833,1070420000,8
1582269600000,1582270079000,73.834,73.846,73.792,73.82,957210000,8
1582270080000,1582270559000,73.819,73.839,73.754,73.766,1101220000,8
1582270560000,1582271039000,73.767,73.773,73.678,73.68,1268850000,8
1582271040000,1582271519000,73.68,73.739,73.644,73.677,1328260000,8
1582271520000,1582271999000,73.676,73.689,73.63,73.657,1050240000,8
1582272000000,1582272479000,73.657,73.663,73.491,73.522,1977310000,8
1582272480000,1582272959000,73.523,73.551,73.427,73.532,1995540000,8
1582272960000,1582273439000,73.532,73.624,73.519,73.567,1872900000,8
1582273440000,1582273919000,73.569,73.705,73.554,73.705,1496150000,8
1582273920000,1582274399000,73.705,73.734,73.67,73.72,2084750000,8
1582274400000,1582274879000,73.721,73.746,73.649,73.672,1423510000,8
1582274880000,1582275359000,73.673,73.678,73.639,73.645,1166070000,8
1582275360000,1582275839000,73.648,73.814,73.638,73.787,1661490000,8
1582275840000,1582276319000,73.786,73.8,73.75,73.783,1127090000,8
1582276320000,1582276799000,73.783,73.787,73.714,73.73,1077040000,8
1582276800000,1582277279000,73.729,73.734,73.689,73.691,618750000,8
1582277280000,1582277759000,73.691,73.744,73.687,73.714,815670000,8
1582277760000,1582278239000,73.715,73.724,73.68,73.712,814520000,8
1582278240000,1582278719000,73.711,73.722,73.646,73.666,999170000,8
1582278720000,1582279199000,73.666,73.666,73.615,73.642,725660000,8
1582279200000,1582279679000,73.642,73.684,73.642,73.655,908010000,8
1582279680000,1582280159000,73.655,73.707,73.647,73.706,748020000,8
1582280160000,1582280639000,73.705,73.735,73.704,73.721,731580000,8
1582280640000,1582281119000,73.72,73.738,73.705,73.71,559080000,8
1582281120000,1582281599000,73.709,73.721,73.68,73.721,487660000,8
1582281600000,1582282079000,73.72,73.74,73.693,73.706,619440000,8
1582282080000,1582282559000,73.706,73.736,73.693,73.731,753150000,8
1582282560000,1582283039000,73.73,73.774,73.716,73.749,821350000,8
1582283040000,1582283519000,73.748,73.75,73.707,73.742,778770000,8
1582283520000,1582283999000,73.743,73.753,73.696,73.705,599710000,8
1582284000000,1582284479000,73.705,73.732,73.702,73.73,523480000,8
1582284480000,1582284959000,73.729,73.785,73.721,73.746,710210000,8
1582284960000,1582285439000,73.745,73.779,73.738,73.769,650060000,8
1582285440000,1582285919000,73.771,73.784,73.75,73.756,511460000,8
1582285920000,1582286399000,73.756,73.86,73.752,73.851,1009340000,8
1582286400000,1582286879000,73.853,73.897,73.842,73.861,1142220000,8
1582286880000,1582287359000,73.861,73.89,73.835,73.878,611170000,8
1582287360000,1582287839000,73.879,73.955,73.87,73.955,819930000,8
1582287840000,1582288319000,73.955,74.003,73.939,73.963,1407670000,8
1582288320000,1582288799000,73.964,73.966,73.909,73.914,892180000,8
1582288800000,1582289279000,73.913,73.926,73.881,73.908,922900000,8
1582289280000,1582289759000,73.909,73.953,73.908,73.923,643770000,8
1582289760000,1582290239000,73.923,73.961,73.913,73.949,963930000,8
1582290240000,1582290719000,73.947,73.948,73.904,73.92,612720000,8
1582290720000,1582291199000,73.921,73.94,73.907,73.913,602830000,8
1582291200000,1582291679000,73.912,73.933,73.902,73.918,646290000,8
1582291680000,1582292159000,73.916,73.925,73.895,73.92,937610000,8
1582292160000,1582292639000,73.919,73.938,73.903,73.921,937550000,8
1582292640000,1582293119000,73.922,73.948,73.872,73.884,1246740000,8
1582293120000,1582293599000,73.884,73.917,73.87,73.876,1054850000,8
1582293600000,1582294079000,73.877,73.897,73.842,73.852,1056350000,8
1582294080000,1582294559000,73.854,73.902,73.842,73.894,662090000,8
1582294560000,1582295039000,73.894,73.93,73.89,73.913,785760000,8
1582295040000,1582295519000,73.912,73.927,73.893,73.915,882860000,8
1582295520000,1582295999000,73.915,73.919,73.826,73.826,1600430000,8
1582296000000,1582296479000,73.825,73.825,73.706,73.77,2375240000,8
1582296480000,1582296959000,73.769,73.918,73.767,73.872,2532800000,8
1582296960000,1582297439000,73.87,73.908,73.796,73.796,1651390000,8
1582297440000,1582297919000,73.794,73.873,73.752,73.839,2519960000,8
1582297920000,1582298399000,73.838,73.907,73.83,73.891,2672960000,8
1582298400000,1582298879000,73.89,73.994,73.889,73.952,2132910000,8
1582298880000,1582299359000,73.95,74.005,73.942,73.983,1604300000,8
1582299360000,1582299839000,73.981,74.027,73.926,73.954,1836480000,8
1582299840000,1582300319000,73.952,74.034,73.95,73.996,1752490000,8
1582300320000,1582300799000,73.996,74.078,73.991,74.071,1969280000,8
1582300800000,1582301279000,74.072,74.11,74.061,74.086,1508020000,8
1582301280000,1582301759000,74.087,74.166,74.085,74.166,1049790000,8
1582301760000,1582302239000,74.167,74.171,74.137,74.152,1229940000,8
1582302240000,1582302719000,74.152,74.154,74.104,74.131,1304150000,8
1582302720000,1582303199000,74.132,74.136,74.072,74.079,1330290000,8
1582303200000,1582303679000,74.079,74.108,74.055,74.092,1005740000,8
1582303680000,1582304159000,74.091,74.127,74.07,74.124,646710000,8
1582304160000,1582304639000,74.124,74.132,74.098,74.125,716310000,8
1582304640000,1582305119000,74.126,74.151,74.102,74.111,525590000,8
1582305120000,1582305599000,74.111,74.133,74.105,74.117,485380000,8
1582305600000,1582306079000,74.116,74.139,74.097,74.097,433080000,8
1582306080000,1582306559000,74.096,74.103,74.074,74.078,408190000,8
1582306560000,1582307039000,74.077,74.091,74.063,74.064,425020000,8
1582307040000,1582307519000,74.066,74.087,74.035,74.036,496740000,8
1582307520000,1582307999000,74.037,74.042,73.997,74.036,545230000,8
1582308000000,1582308479000,74.035,74.065,74.026,74.049,587270000,8
1582308480000,1582308959000,74.05,74.052,74.005,74.021,455570000,8
1582308960000,1582309439000,74.022,74.047,74.021,74.029,376290000,8
1582309440000,1582309919000,74.03,74.044,74.024,74.041,424360000,8
1582309920000,1582310399000,74.042,74.045,74.01,74.026,455000000,8
1582310400000,1582310879000,74.028,74.047,74.0,74.013,522510000,8
1582310880000,1582311359000,74.013,74.025,74.006,74.009,359650000,8
1582311360000,1582311839000,74.008,74.044,74.008,74.029,470840000,8
1582311840000,1582312319000,74.03,74.055,74.003,74.008,393390000,8
1582312320000,1582312799000,74.008,74.028,73.992,73.993,389160000,8
1582312800000,1582313279000,73.993,74.039,73.993,74.032,365410000,8
1582313280000,1582313759000,74.033,74.053,74.016,74.018,309560000,8
1582313760000,1582314239000,74.017,74.02,73.991,73.999,377320000,8
1582314240000,1582314719000,73.999,74.007,73.989,74.007,310900000,8
1582314720000,1582315199000,74.006,74.01,73.986,74.004,392170000,8
1582315200000,1582315679000,74.003,74.015,73.983,73.984,364710000,8
1582315680000,1582316159000,73.985,73.993,73.963,73.971,456310000,8
1582316160000,1582316639000,73.97,73.971,73.938,73.944,407270000,8
1582316640000,1582317119000,73.945,73.951,73.917,73.925,367470000,8
1582317120000,1582317599000,73.925,73.925,73.88,73.907,489690000,8
1582317600000,1582318079000,73.909,73.919,73.904,73.909,225920000,8
1582318080000,1582318559000,73.908,73.936,73.905,73.93,310970000,8
1582318560000,1582319039000,73.932,73.961,73.925,73.941,249050000,8
1582319040000,1582319519000,73.943,73.958,73.933,73.949,277530000,8
1582319520000,1582319999000,73.948,73.953,73.929,73.929,204580000,8
1582320000000,1582320479000,73.928,73.944,73.926,73.942,231300000,8
1582320480000,1582320959000,73.942,73.96,73.924,73.924,256250000,8
1582320960000,1582321439000,73.923,73.925,73.897,73.919,203310000,8
1582321440000,1582321919000,73.92,73.933,73.899,73.92,587940000,8
1582321920000,1582322399000,73.919,73.939,73.859,73.859,652800000,8
1582322400000,1582322879000,73.859,73.859,73.859,73.859,0,8
1582322880000,1582323359000,73.859,73.859,73.859,73.859,0,8
1582323360000,1582323839000,73.859,73.859,73.859,73.859,0,8
1582323840000,1582324319000,73.859,73.859,73.859,73.859,0,8
1582324320000,1582324799000,73.859,73.859,73.859,73.859,0,8
1582324800000,1582325279000,73.859,73.859,73.859,73.859,0,8
1582325280000,1582325759000,73.859,73.859,73.859,73.859,0,8
1582325760000,1582326239000,73.859,73.859,73.859,73.859,0,8
1582326240000,1582326719000,73.859,73.859,73.859,73.859,0,8
1582326720000,1582327199000,73.859,73.859,73.859,73.859,0,8
1582327200000,1582327679000,73.859,73.859,73.859,73.859,0,8
1582327680000,1582328159000,73.859,73.859,73.859,73.859,0,8
1582328160000,1582328639000,73.859,73.859,73.859,73.859,0,8
1582328640000,1582329119000,73.859,73.859,73.859,73.859,0,8
1582329120000,1582329599000,73.859,73.859,73.859,73.859,0,8
1582495200000,1582495679000,73.262,73.481,73.251,73.481,217980000,8
1582495680000,1582496159000,73.481,73.557,73.478,73.554,666460000,8
1582496160000,1582496639000,73.558,73.602,73.556,73.598,280280000,8
1582496640000,1582497119000,73.601,73.661,73.566,73.647,326250000,8
1582497120000,1582497599000,73.646,73.646,73.594,73.622,261620000,8
1582497600000,1582498079000,73.627,73.655,73.619,73.625,934070000,8
1582498080000,1582498559000,73.627,73.643,73.53,73.53,322540000,8
1582498560000,1582499039000,73.533,73.631,73.462,73.597,1565160000,8
1582499040000,1582499519000,73.597,73.633,73.526,73.526,1260310000,8
1582499520000,1582499999000,73.525,73.62,73.491,73.602,2206530000,8
1582500000000,1582500479000,73.603,73.662,73.589,73.643,1327180000,8
1582500480000,1582500959000,73.643,73.675,73.63,73.663,1261950000,8
1582500960000,1582501439000,73.663,73.722,73.651,73.709,893900000,8
1582501440000,1582501919000,73.71,73.743,73.681,73.683,823090000,8
1582501920000,1582502399000,73.684,73.731,73.66,73.685,896500000,8
1582502400000,1582502879000,73.685,73.756,73.656,73.741,1410570000,8
1582502880000,1582503359000,73.745,73.785,73.722,73.782,1182090000,8
1582503360000,1582503839000,73.784,73.845,73.758,73.842,1558120000,8
1582503840000,1582504319000,73.844,73.908,73.843,73.89,1386560000,8
1582504320000,1582504799000,73.887,73.887,73.806,73.808,1305470000,8
1582504800000,1582505279000,73.808,73.822,73.776,73.794,1178410000,8
1582505280000,1582505759000,73.795,73.837,73.705,73.74,1457830000,8
1582505760000,1582506239000,73.74,73.778,73.729,73.755,1211810000,8
1582506240000,1582506719000,73.755,73.758,73.651,73.678,1181670000,8
1582506720000,1582507199000,73.681,73.715,73.638,73.666,1051140000,8
1582507200000,1582507679000,73.667,73.687,73.624,73.644,1117120000,8
1582507680000,1582508159000,73.645,73.701,73.623,73.66,1048680000,8
1582508160000,1582508639000,73.658,73.702,73.638,73.672,1040830000,8
1582508640000,1582509119000,73.672,73.773,73.635,73.755,1140880000,8
1582509120000,1582509599000,73.754,73.764,73.704,73.757,941030000,8
1582509600000,1582510079000,73.758,73.803,73.742,73.763,1026370000,8
1582510080000,1582510559000,73.762,73.77,73.735,73.738,680540000,8
1582510560000,1582511039000,73.737,73.786,73.729,73.758,533960000,8
1582511040000,1582511519000,73.758,73.764,73.705,73.705,777440000,8
1582511520000,1582511999000,73.706,73.712,73.656,73.685,949380000,8
1582512000000,1582512479000,73.685,73.715,73.672,73.684,864020000,8
1582512480000,1582512959000,73.684,73.712,73.613,73.653,1026040000,8
1582512960000,1582513439000,73.654,73.654,73.567,73.602,1108870000,8
1582513440000,1582513919000,73.601,73.669,73.581,73.667,1188290000,8
1582513920000,1582514399000,73.666,73.693,73.649,73.679,709880000,8
1582514400000,1582514879000,73.679,73.727,73.675,73.708,684410000,8
1582514880000,1582515359000,73.71,73.751,73.683,73.694,764060000,8
1582515360000,1582515839000,73.694,73.713,73.69,73.701,491540000,8
1582515840000,1582516319000,73.701,73.716,73.664,73.687,555900000,8
1582516320000,1582516799000,73.687,73.724,73.678,73.71,451630000,8
1582516800000,1582517279000,73.71,73.733,73.699,73.713,395290000,8
1582517280000,1582517759000,73.714,73.728,73.706,73.719,442660000,8
1582517760000,1582518239000,73.719,73.735,73.697,73.698,288790000,8
1582518240000,1582518719000,73.697,73.705,73.681,73.699,343080000,8
1582518720000,1582519199000,73.698,73.731,73.696,73.711,379760000,8
1582519200000,1582519679000,73.711,73.747,73.711,73.715,407300000,8
1582519680000,1582520159000,73.716,73.74,73.702,73.733,283270000,8
1582520160000,1582520639000,73.732,73.748,73.725,73.742,520780000,8
1582520640000,1582521119000,73.74,73.745,73.728,73.732,374590000,8
1582521120000,1582521599000,73.731,73.752,73.72,73.729,447160000,8
1582521600000,1582522079000,73.729,73.757,73.719,73.737,575690000,8
1582522080000,1582522559000,73.738,73.743,73.715,73.72,350370000,8
1582522560000,1582523039000,73.721,73.738,73.695,73.704,370250000,8
1582523040000,1582523519000,73.704,73.71,73.671,73.671,455280000,8
1582523520000,1582523999000,73.671,73.671,73.608,73.609,759700000,8
1582524000000,1582524479000,73.609,73.679,73.607,73.67,727720000,8
1582524480000,1582524959000,73.67,73.682,73.629,73.642,557240000,8
1582524960000,1582525439000,73.642,73.648,73.609,73.61,424900000,8
1582525440000,1582525919000,73.611,73.613,73.585,73.596,559100000,8
1582525920000,1582526399000,73.597,73.639,73.594,73.611,474210000,8
1582526400000,1582526879000,73.612,73.619,73.561,73.562,601840000,8
1582526880000,1582527359000,73.562,73.577,73.528,73.567,595330000,8
1582527360000,1582527839000,73.567,73.616,73.537,73.543,989190000,8
1582527840000,1582528319000,73.541,73.549,73.479,73.549,1319130000,8
1582528320000,1582528799000,73.548,73.555,73.471,73.534,1254420000,8
1582528800000,1582529279000,73.532,73.625,73.506,73.615,1102280000,8
1582529280000,1582529759000,73.613,73.617,73.58,73.587,1081340000,8
1582529760000,1582530239000,73.585,73.63,73.584,73.589,806280000,8
1582530240000,1582530719000,73.59,73.59,73.512,73.519,1029790000,8
1582530720000,1582531199000,73.519,73.563,73.495,73.552,1313670000,8
1582531200000,1582531679000,73.551,73.597,73.489,73.531,2310820000,8
1582531680000,1582532159000,73.53,73.536,73.473,73.496,1751780000,8
1582532160000,1582532639000,73.498,73.535,73.473,73.499,1887280000,8
1582532640000,1582533119000,73.498,73.503,73.405,73.424,2002390000,8
1582533120000,1582533599000,73.424,73.497,73.402,73.481,2436430000,8
1582533600000,1582534079000,73.48,73.493,73.397,73.446,2036270000,8
1582534080000,1582534559000,73.449,73.453,73.39,73.449,1715820000,8
1582534560000,1582535039000,73.448,73.513,73.43,73.472,2042230000,8
1582535040000,1582535519000,73.474,73.543,73.467,73.508,2100920000,8
1582535520000,1582535999000,73.509,73.524,73.424,73.424,2133300000,8
1582536000000,1582536479000,73.424,73.456,73.379,73.41,1633430000,8
1582536480000,1582536959000,73.409,73.464,73.371,73.371,1929880000,8
1582536960000,1582537439000,73.37,73.386,73.338,73.364,1983030000,8
1582537440000,1582537919000,73.363,73.378,73.333,73.367,1420420000,8
1582537920000,1582538399000,73.367,73.398,73.34,73.393,1297420000,8
1582538400000,1582538879000,73.395,73.403,73.363,73.403,1040340000,8
1582538880000,1582539359000,73.404,73.422,73.367,73.38,828450000,8
1582539360000,1582539839000,73.38,73.408,73.338,73.34,907220000,8
1582539840000,1582540319000,73.34,73.368,73.325,73.357,829410000,8
1582540320000,1582540799000,73.356,73.381,73.335,73.346,720520000,8
1582540800000,1582541279000,73.345,73.391,73.344,73.368,958420000,8
1582541280000,1582541759000,73.367,73.375,73.335,73.341,1113780000,8
1582541760000,1582542239000,73.339,73.346,73.315,73.321,996810000,8
1582542240000,1582542719000,73.323,73.384,73.301,73.384,1471260000,8
1582542720000,1582543199000,73.382,73.409,73.338,73.402,1325700000,8
1582543200000,1582543679000,73.402,73.433,73.396,73.429,957090000,8
1582543680000,1582544159000,73.428,73.483,73.412,73.481,1077560000,8
1582544160000,1582544639000,73.482,73.506,73.471,73.473,1463220000,8
1582544640000,1582545119000,73.472,73.515,73.464,73.473,866170000,8
1582545120000,1582545599000,73.473,73.523,73.441,73.508,1098290000,8
1582545600000,1582546079000,73.508,73.583,73.505,73.559,1225060000,8
1582546080000,1582546559000,73.558,73.562,73.517,73.518,1003700000,8
1582546560000,1582547039000,73.515,73.524,73.497,73.514,738360000,8
1582547040000,1582547519000,73.514,73.538,73.512,73.537,624550000,8
1582547520000,1582547999000,73.535,73.535,73.508,73.52,887580000,8
1582548000000,1582548479000,73.52,73.528,73.474,73.5,872990000,8
1582548480000,1582548959000,73.503,73.509,73.478,73.487,788050000,8
1582548960000,1582549439000,73.488,73.531,73.484,73.505,1439210000,8
1582549440000,1582549919000,73.506,73.525,73.496,73.522,1013100000,8
1582549920000,1582550399000,73.521,73.565,73.513,73.513,798710000,8
1582550400000,1582550879000,73.511,73.544,73.504,73.506,903250000,8
1582550880000,1582551359000,73.505,73.535,73.464,73.49,1053520000,8
1582551360000,1582551839000,73.49,73.495,73.45,73.456,970680000,8
1582551840000,1582552319000,73.457,73.48,73.389,73.429,1194660000,8
1582552320000,1582552799000,73.43,73.431,73.39,73.411,788950000,8
1582552800000,1582553279000,73.411,73.414,73.329,73.337,1237200000,8
1582553280000,1582553759000,73.338,73.352,73.243,73.246,1555100000,8
1582553760000,1582554239000,73.245,73.258,73.138,73.195,2297000000,8
1582554240000,1582554719000,73.194,73.251,73.161,73.246,2612830000,8
1582554720000,1582555199000,73.245,73.292,73.237,73.281,2802240000,8
1582555200000,1582555679000,73.28,73.307,73.193,73.258,2885910000,8
1582555680000,1582556159000,73.258,73.282,73.109,73.167,2735120000,8
1582556160000,1582556639000,73.167,73.262,73.158,73.208,2171100000,8
1582556640000,1582557119000,73.208,73.253,73.189,73.228,2651110000,8
1582557120000,1582557599000,73.229,73.27,73.22,73.233,1694960000,8
1582557600000,1582558079000,73.232,73.234,73.167,73.18,1252730000,8
1582558080000,1582558559000,73.179,73.179,73.1,73.149,1795710000,8
1582558560000,1582559039000,73.15,73.182,73.095,73.156,2050480000,8
1582559040000,1582559519000,73.157,73.214,73.144,73.195,1330050000,8
1582559520000,1582559999000,73.196,73.248,73.179,73.22,1407750000,8
1582560000000,1582560479000,73.219,73.239,73.165,73.171,1365480000,8
1582560480000,1582560959000,73.172,73.184,73.132,73.166,1173770000,8
1582560960000,1582561439000,73.166,73.195,73.119,73.136,943240000,8
1582561440000,1582561919000,73.138,73.166,73.129,73.159,864140000,8
1582561920000,1582562399000,73.162,73.189,73.119,73.17,1339070000,8
1582562400000,1582562879000,73.169,73.17,73.094,73.097,1745400000,8
1582562880000,1582563359000,73.098,73.107,73.065,73.066,1146330000,8
1582563360000,1582563839000,73.065,73.132,73.065,73.101,1372470000,8
1582563840000,1582564319000,73.101,73.109,73.058,73.089,1137660000,8
1582564320000,1582564799000,73.085,73.099,73.056,73.074,1139020000,8
1582564800000,1582565279000,73.073,73.077,73.02,73.056,1329620000,8
1582565280000,1582565759000,73.056,73.075,73.004,73.028,1211290000,8
1582565760000,1582566239000,73.028,73.065,73.028,73.055,926180000,8
1582566240000,1582566719000,73.055,73.064,73.007,73.064,1080770000,8
1582566720000,1582567199000,73.064,73.097,73.043,73.045,1044410000,8
1582567200000,1582567679000,73.044,73.049,73.003,73.018,1100670000,8
1582567680000,1582568159000,73.022,73.03,72.996,73.014,831080000,8
1582568160000,1582568639000,73.013,73.037,72.998,73.018,836230000,8
1582568640000,1582569119000,73.018,73.076,73.017,73.068,821830000,8
1582569120000,1582569599000,73.068,73.07,73.04,73.07,641090000,8
1582569600000,1582570079000,73.068,73.087,73.053,73.078,492580000,8
1582570080000,1582570559000,73.079,73.079,73.05,73.061,601350000,8
1582570560000,1582571039000,73.06,73.091,73.048,73.063,736010000,8
1582571040000,1582571519000,73.061,73.064,73.01,73.034,974270000,8
1582571520000,1582571999000,73.034,73.04,73.014,73.028,814410000,8
1582572000000,1582572479000,73.03,73.094,73.025,73.089,1069280000,8
1582572480000,1582572959000,73.09,73.098,73.072,73.085,1081420000,8
1582572960000,1582573439000,73.086,73.093,73.051,73.065,759430000,8
1582573440000,1582573919000,73.065,73.098,73.061,73.077,926200000,8
1582573920000,1582574399000,73.077,73.116,73.055,73.059,1297080000,8
1582574400000,1582574879000,73.059,73.137,73.056,73.134,1060480000,8
1582574880000,1582575359000,73.133,73.148,73.115,73.121,983740000,8
1582575360000,1582575839000,73.12,73.168,73.114,73.138,1015900000,8
1582575840000,1582576319000,73.138,73.162,73.119,73.131,779870000,8
1582576320000,1582576799000,73.131,73.149,73.114,73.121,930090000,8
1582576800000,1582577279000,73.122,73.129,73.098,73.118,602400000,8
1582577280000,1582577759000,73.121,73.135,73.092,73.092,876570000,8
1582577760000,1582578239000,73.091,73.104,73.062,73.073,729090000,8
1582578240000,1582578719000,73.074,73.097,73.066,73.092,509740000,8
1582578720000,1582579199000,73.091,73.14,73.091,73.131,379230000,8
1582579200000,1582579679000,73.131,73.138,73.099,73.102,321690000,8
1582579680000,1582580159000,73.101,73.101,73.05,73.072,343080000,8
1582580160000,1582580639000,73.072,73.092,73.06,73.085,396400000,8
1582580640000,1582581119000,73.088,73.113,73.078,73.11,443730000,8
1582581120000,1582581599000,73.11,73.136,73.091,73.091,315090000,8
1582581600000,1582582079000,73.09,73.09,73.051,73.071,97600000,8
1582582080000,1582582559000,73.07,73.071,73.041,73.065,218300000,8
1582582560000,1582583039000,73.068,73.095,73.068,73.085,132530000,8
1582583040000,1582583519000,73.086,73.106,73.083,73.1,183570000,8
1582583520000,1582583999000,73.101,73.103,73.086,73.091,939340000,8
1582584000000,1582584479000,73.092,73.102,73.082,73.082,1589160000,8
1582584480000,1582584959000,73.082,73.085,73.048,73.051,2159770000,8
1582584960000,1582585439000,73.051,73.103,73.026,73.1,1420420000,8
1582585440000,1582585919000,73.101,73.192,73.101,73.178,611890000,8
1582585920000,1582586399000,73.178,73.255,73.171,73.219,782290000,8
1582586400000,1582586879000,73.219,73.247,73.183,73.194,555720000,8
1582586880000,1582587359000,73.192,73.204,73.141,73.187,1147710000,8
1582587360000,1582587839000,73.186,73.253,73.154,73.251,1223350000,8
1582587840000,1582588319000,73.253,73.304,73.222,73.295,1420760000,8
1582588320000,1582588799000,73.296,73.308,73.269,73.281,1038520000,8
1582588800000,1582589279000,73.282,73.356,73.261,73.313,2541690000,8
1582589280000,1582589759000,73.311,73.387,73.307,73.352,2543700000,8
1582589760000,1582590239000,73.351,73.436,73.345,73.363,1712650000,8
1582590240000,1582590719000,73.365,73.368,73.316,73.336,1552330000,8
1582590720000,1582591199000,73.335,73.356,73.299,73.328,1473200000,8
1582591200000,1582591679000,73.329,73.353,73.254,73.292,1363650000,8
1582591680000,1582592159000,73.293,73.335,73.266,73.31,1144810000,8
1582592160000,1582592639000,73.311,73.355,73.268,73.338,1411860000,8
1582592640000,1582593119000,73.342,73.452,73.342,73.449,1711820000,8
1582593120000,1582593599000,73.45,73.455,73.385,73.39,1595470000,8
1582593600000,1582594079000,73.391,73.498,73.388,73.478,1631700000,8
1582594080000,1582594559000,73.477,73.483,73.42,73.456,1749930000,8
1582594560000,1582595039000,73.455,73.471,73.409,73.425,1480300000,8
1582595040000,1582595519000,73.425,73.481,73.414,73.416,1161570000,8
1582595520000,1582595999000,73.417,73.461,73.397,73.4,1003560000,8
1582596000000,1582596479000,73.401,73.433,73.376,73.379,1082980000,8
1582596480000,1582596959000,73.379,73.385,73.29,73.32,1524810000,8
1582596960000,1582597439000,73.321,73.415,73.311,73.401,1143240000,8
1582597440000,1582597919000,73.402,73.41,73.359,73.399,925760000,8
1582597920000,1582598399000,73.398,73.44,73.38,73.413,1177720000,8
1582598400000,1582598879000,73.413,73.466,73.412,73.431,877430000,8
1582598880000,1582599359000,73.431,73.465,73.383,73.391,989880000,8
1582599360000,1582599839000,73.391,73.436,73.372,73.382,921170000,8
1582599840000,1582600319000,73.383,73.424,73.331,73.342,1182100000,8
1582600320000,1582600799000,73.34,73.381,73.321,73.353,902740000,8
1582600800000,1582601279000,73.353,73.381,73.345,73.362,825930000,8
1582601280000,1582601759000,73.363,73.377,73.331,73.347,754890000,8
1582601760000,1582602239000,73.347,73.353,73.291,73.303,751830000,8
1582602240000,1582602719000,73.304,73.353,73.291,73.352,612910000,8
1582602720000,1582603199000,73.352,73.391,73.351,73.38,676400000,8
1582603200000,1582603679000,73.379,73.407,73.343,73.367,567780000,8
1582603680000,1582604159000,73.366,73.392,73.349,73.367,430950000,8
1582604160000,1582604639000,73.365,73.37,73.342,73.349,479500000,8
1582604640000,1582605119000,73.349,73.362,73.33,73.333,468300000,8
1582605120000,1582605599000,73.333,73.337,73.291,73.293,462340000,8
1582605600000,1582606079000,73.295,73.311,73.286,73.292,542850000,8
1582606080000,1582606559000,73.295,73.299,73.281,73.291,340720000,8
1582606560000,1582607039000,73.292,73.312,73.275,73.29,522640000,8
1582607040000,1582607519000,73.292,73.307,73.288,73.297,481500000,8
1582607520000,1582607999000,73.296,73.302,73.276,73.29,514230000,8
1582608000000,1582608479000,73.289,73.29,73.258,73.281,510670000,8
1582608480000,1582608959000,73.282,73.282,73.208,73.223,778840000,8
1582608960000,1582609439000,73.223,73.263,73.212,73.228,630880000,8
1582609440000,1582609919000,73.228,73.25,73.224,73.233,613460000,8
1582609920000,1582610399000,73.233,73.275,73.232,73.244,622580000,8
1582610400000,1582610879000,73.25,73.294,73.207,73.27,1036600000,8
1582610880000,1582611359000,73.271,73.324,73.254,73.317,1001370000,8
1582611360000,1582611839000,73.317,73.328,73.296,73.316,1073710000,8
1582611840000,1582612319000,73.319,73.373,73.318,73.365,1106270000,8
1582612320000,1582612799000,73.366,73.373,73.338,73.342,661690000,8
1582612800000,1582613279000,73.341,73.365,73.328,73.36,668520000,8
1582613280000,1582613759000,73.36,73.367,73.337,73.363,781760000,8
1582613760000,1582614239000,73.361,73.38,73.329,73.354,1407130000,8
1582614240000,1582614719000,73.355,73.365,73.343,73.365,775720000,8
1582614720000,1582615199000,73.364,73.384,73.323,73.326,824730000,8
1582615200000,1582615679000,73.325,73.328,73.233,73.248,1413670000,8
1582615680000,1582616159000,73.248,73.273,73.185,73.187,1636080000,8
1582616160000,1582616639000,73.188,73.208,73.129,73.206,1696990000,8
1582616640000,1582617119000,73.206,73.237,73.184,73.235,1255680000,8
1582617120000,1582617599000,73.234,73.251,73.17,73.173,1353290000,8
1582617600000,1582618079000,73.175,73.193,73.14,73.172,2090980000,8
1582618080000,1582618559000,73.173,73.187,73.112,73.155,2269860000,8
1582618560000,1582619039000,73.154,73.184,73.108,73.154,1817440000,8
1582619040000,1582619519000,73.152,73.192,73.118,73.192,1550970000,8
1582619520000,1582619999000,73.193,73.218,73.128,73.131,1583130000,8
1582620000000,1582620479000,73.131,73.163,73.057,73.101,1958380000,8
1582620480000,1582620959000,73.102,73.108,73.016,73.061,1698610000,8
1582620960000,1582621439000,73.063,73.092,73.005,73.066,2122420000,8
1582621440000,1582621919000,73.065,73.065,72.894,72.894,2090240000,8
1582621920000,1582622399000,72.894,72.932,72.829,72.921,2396490000,8
1582622400000,1582622879000,72.921,72.93,72.859,72.899,2004120000,8
1582622880000,1582623359000,72.9,72.959,72.898,72.927,1500580000,8
1582623360000,1582623839000,72.928,72.932,72.878,72.911,1443730000,8
1582623840000,1582624319000,72.91,72.942,72.91,72.931,1187310000,8
1582624320000,1582624799000,72.929,72.933,72.812,72.815,1304070000,8
1582624800000,1582625279000,72.815,72.879,72.805,72.862,988950000,8
1582625280000,1582625759000,72.862,72.885,72.835,72.861,1046120000,8
1582625760000,1582626239000,72.859,72.879,72.813,72.848,905620000,8
1582626240000,1582626719000,72.848,72.85,72.803,72.82,1074600000,8
1582626720000,1582627199000,72.82,72.876,72.816,72.845,1062870000,8
1582627200000,1582627679000,72.845,72.852,72.799,72.839,1468860000,8
1582627680000,1582628159000,72.839,72.925,72.839,72.918,1176820000,8
1582628160000,1582628639000,72.919,72.998,72.863,72.869,1421870000,8
1582628640000,1582629119000,72.869,72.887,72.827,72.879,1308780000,8
1582629120000,1582629599000,72.88,72.895,72.83,72.85,1150120000,8
1582629600000,1582630079000,72.848,72.868,72.82,72.833,1096530000,8
1582630080000,1582630559000,72.833,72.947,72.818,72.933,1332410000,8
1582630560000,1582631039000,72.933,72.971,72.9,72.951,1709110000,8
1582631040000,1582631519000,72.952,72.974,72.923,72.96,1032710000,8
1582631520000,1582631999000,72.961,72.962,72.887,72.912,1140300000,8
1582632000000,1582632479000,72.912,72.933,72.868,72.877,935990000,8
1582632480000,1582632959000,72.878,72.889,72.844,72.873,1015170000,8
1582632960000,1582633439000,72.873,73.033,72.87,72.998,1763130000,8
1582633440000,1582633919000,72.998,73.0,72.928,72.944,1890770000,8
1582633920000,1582634399000,72.943,72.985,72.933,72.95,1149210000,8
1582634400000,1582634879000,72.951,72.994,72.898,72.982,1171660000,8
1582634880000,1582635359000,72.981,72.985,72.938,72.965,1151240000,8
1582635360000,1582635839000,72.964,72.979,72.92,72.933,964460000,8
1582635840000,1582636319000,72.932,72.975,72.925,72.943,1142870000,8
1582636320000,1582636799000,72.944,72.955,72.89,72.893,977020000,8
1582636800000,1582637279000,72.892,72.91,72.853,72.853,1098500000,8
1582637280000,1582637759000,72.851,72.877,72.828,72.872,1201230000,8
1582637760000,1582638239000,72.869,72.912,72.864,72.867,907300000,8
1582638240000,1582638719000,72.867,72.899,72.864,72.871,801460000,8
1582638720000,1582639199000,72.872,72.906,72.859,72.875,1148900000,8
1582639200000,1582639679000,72.875,72.889,72.819,72.835,1353590000,8
1582639680000,1582640159000,72.834,72.846,72.812,72.833,1018940000,8
1582640160000,1582640639000,72.834,72.925,72.834,72.911,1018490000,8
1582640640000,1582641119000,72.911,72.936,72.895,72.912,1506960000,8
1582641120000,1582641599000,72.91,72.91,72.832,72.862,2553960000,8
1582641600000,1582642079000,72.862,72.862,72.761,72.77,2732510000,8
1582642080000,1582642559000,72.769,72.857,72.735,72.808,2634660000,8
1582642560000,1582643039000,72.807,72.85,72.774,72.817,2151260000,8
1582643040000,1582643519000,72.815,72.835,72.779,72.812,2553630000,8
1582643520000,1582643999000,72.812,72.812,72.658,72.685,2573560000,8
1582644000000,1582644479000,72.686,72.705,72.606,72.627,2980150000,8
1582644480000,1582644959000,72.626,72.682,72.626,72.664,2713190000,8
1582644960000,1582645439000,72.665,72.697,72.623,72.667,2194410000,8
1582645440000,1582645919000,72.67,72.693,72.628,72.671,2264020000,8
1582645920000,1582646399000,72.673,72.756,72.627,72.747,3222950000,8
1582646400000,1582646879000,72.746,72.779,72.719,72.738,2651410000,8
1582646880000,1582647359000,72.739,72.771,72.706,72.746,2716140000,8
1582647360000,1582647839000,72.745,72.764,72.702,72.706,2110430000,8
1582647840000,1582648319000,72.706,72.715,72.664,72.711,1958470000,8
1582648320000,1582648799000,72.71,72.743,72.689,72.718,2030030000,8
1582648800000,1582649279000,72.718,72.72,72.672,72.713,1718220000,8
1582649280000,1582649759000,72.714,72.736,72.684,72.714,1457150000,8
1582649760000,1582650239000,72.714,72.753,72.689,72.733,1588420000,8
1582650240000,1582650719000,72.734,72.741,72.7,72.708,1356600000,8
1582650720000,1582651199000,72.709,72.719,72.659,72.679,1012040000,8
1582651200000,1582651679000,72.682,72.682,72.638,72.67,1254900000,8
1582651680000,1582652159000,72.669,72.699,72.648,72.699,1133390000,8
1582652160000,1582652639000,72.696,72.698,72.636,72.638,873290000,8
1582652640000,1582653119000,72.639,72.646,72.612,72.645,1550160000,8
1582653120000,1582653599000,72.645,72.661,72.621,72.661,1174260000,8
1582653600000,1582654079000,72.656,72.694,72.639,72.675,1911170000,8
1582654080000,1582654559000,72.675,72.693,72.648,72.651,1180460000,8
1582654560000,1582655039000,72.65,72.658,72.626,72.638,1329030000,8
1582655040000,1582655519000,72.638,72.65,72.623,72.629,1024570000,8
1582655520000,1582655999000,72.629,72.634,72.596,72.601,1133290000,8
1582656000000,1582656479000,72.6,72.644,72.595,72.64,1254360000,8
1582656480000,1582656959000,72.639,72.655,72.618,72.623,1122020000,8
1582656960000,1582657439000,72.623,72.626,72.549,72.602,1702370000,8
1582657440000,1582657919000,72.601,72.619,72.525,72.583,2315790000,8
1582657920000,1582658399000,72.583,72.651,72.577,72.621,2250730000,8
1582658400000,1582658879000,72.62,72.653,72.581,72.593,2429940000,8
1582658880000,1582659359000,72.593,72.618,72.555,72.565,2693100000,8
1582659360000,1582659839000,72.566,72.614,72.548,72.608,2985570000,8
1582659840000,1582660319000,72.61,72.673,72.588,72.672,2197160000,8
1582660320000,1582660799000,72.673,72.713,72.64,72.66,2069740000,8
1582660800000,1582661279000,72.662,72.739,72.662,72.692,2671900000,8
1582661280000,1582661759000,72.693,72.711,72.62,72.629,1677650000,8
1582661760000,1582662239000,72.628,72.637,72.577,72.585,1803080000,8
1582662240000,1582662719000,72.586,72.642,72.583,72.62,1770880000,8
1582662720000,1582663199000,72.618,72.638,72.596,72.624,1430380000,8
1582663200000,1582663679000,72.623,72.647,72.608,72.644,2166170000,8
1582663680000,1582664159000,72.646,72.649,72.606,72.63,1451590000,8
1582664160000,1582664639000,72.63,72.665,72.621,72.662,923180000,8
1582664640000,1582665119000,72.665,72.673,72.65,72.671,472400000,8
1582665120000,1582665599000,72.67,72.699,72.667,72.695,390020000,8
1582665600000,1582666079000,72.694,72.705,72.689,72.695,161440000,8
1582666080000,1582666559000,72.696,72.713,72.686,72.712,312130000,8
1582666560000,1582667039000,72.715,72.741,72.712,72.74,496870000,8
1582667040000,1582667519000,72.741,72.764,72.734,72.741,679900000,8
1582667520000,1582667999000,72.739,72.757,72.729,72.752,481650000,8
1582668000000,1582668479000,72.751,72.756,72.714,72.719,174920000,8
1582668480000,1582668959000,72.719,72.726,72.712,72.722,72800000,8
1582668960000,1582669439000,72.723,72.732,72.717,72.731,1939020000,8
1582669440000,1582669919000,72.73,72.75,72.729,72.747,1246980000,8
1582669920000,1582670399000,72.749,72.765,72.746,72.757,667580000,8
1582670400000,1582670879000,72.758,72.762,72.734,72.741,590530000,8
1582670880000,1582671359000,72.741,72.752,72.74,72.752,149020000,8
1582671360000,1582671839000,72.747,72.75,72.669,72.697,743450000,8
1582671840000,1582672319000,72.695,72.756,72.672,72.756,491510000,8
1582672320000,1582672799000,72.754,72.784,72.754,72.781,467400000,8
1582672800000,1582673279000,72.783,72.783,72.733,72.743,534890000,8
1582673280000,1582673759000,72.745,72.811,72.732,72.793,681640000,8
1582673760000,1582674239000,72.792,72.802,72.769,72.796,436980000,8
1582674240000,1582674719000,72.798,72.867,72.798,72.822,1109860000,8
1582674720000,1582675199000,72.822,72.848,72.821,72.848,651830000,8
1582675200000,1582675679000,72.848,72.856,72.785,72.851,1324740000,8
1582675680000,1582676159000,72.85,72.863,72.822,72.844,1466230000,8
1582676160000,1582676639000,72.843,72.843,72.77,72.804,1577360000,8
1582676640000,1582677119000,72.804,72.816,72.776,72.793,1433880000,8
1582677120000,1582677599000,72.794,72.812,72.762,72.771,1270570000,8
1582677600000,1582678079000,72.771,72.807,72.759,72.78,949800000,8
1582678080000,1582678559000,72.78,72.81,72.741,72.766,1394170000,8
1582678560000,1582679039000,72.765,72.765,72.613,72.635,2752160000,8
1582679040000,1582679519000,72.633,72.702,72.604,72.639,2097180000,8
1582679520000,1582679999000,72.639,72.673,72.583,72.654,2128020000,8
1582680000000,1582680479000,72.653,72.683,72.623,72.642,1283820000,8
1582680480000,1582680959000,72.642,72.704,72.599,72.698,1897800000,8
1582680960000,1582681439000,72.698,72.719,72.648,72.649,1561540000,8
1582681440000,1582681919000,72.649,72.682,72.616,72.654,1737400000,8
1582681920000,1582682399000,72.655,72.697,72.648,72.665,1418940000,8
1582682400000,1582682879000,72.665,72.682,72.626,72.679,1756950000,8
1582682880000,1582683359000,72.679,72.906,72.678,72.868,2141320000,8
1582683360000,1582683839000,72.867,72.913,72.803,72.833,1660870000,8
1582683840000,1582684319000,72.833,72.902,72.828,72.889,1779670000,8
1582684320000,1582684799000,72.888,73.012,72.867,72.967,2042870000,8
1582684800000,1582685279000,72.967,72.968,72.89,72.9,1488560000,8
1582685280000,1582685759000,72.899,72.916,72.86,72.914,1318750000,8
1582685760000,1582686239000,72.913,72.979,72.885,72.962,1258410000,8
1582686240000,1582686719000,72.963,73.001,72.92,72.996,1077730000,8
1582686720000,1582687199000,72.996,73.011,72.966,72.97,1057880000,8
1582687200000,1582687679000,72.971,72.983,72.944,72.952,800050000,8
1582687680000,1582688159000,72.953,72.961,72.896,72.926,1349550000,8
1582688160000,1582688639000,72.926,72.971,72.916,72.969,572830000,8
1582688640000,1582689119000,72.968,72.992,72.931,72.938,775570000,8
1582689120000,1582689599000,72.937,72.95,72.908,72.946,672640000,8
1582689600000,1582690079000,72.948,72.951,72.859,72.874,1049740000,8
1582690080000,1582690559000,72.874,72.882,72.846,72.854,706210000,8
1582690560000,1582691039000,72.855,72.878,72.843,72.873,669170000,8
1582691040000,1582691519000,72.871,72.875,72.842,72.843,452560000,8
1582691520000,1582691999000,72.843,72.852,72.814,72.824,721760000,8
1582692000000,1582692479000,72.822,72.875,72.818,72.87,640170000,8
1582692480000,1582692959000,72.868,72.868,72.844,72.858,543440000,8
1582692960000,1582693439000,72.859,72.871,72.838,72.843,754180000,8
1582693440000,1582693919000,72.844,72.844,72.799,72.834,1003580000,8
1582693920000,1582694399000,72.837,72.845,72.786,72.786,857960000,8
1582694400000,1582694879000,72.786,72.825,72.758,72.811,879340000,8
1582694880000,1582695359000,72.812,72.838,72.773,72.787,878350000,8
1582695360000,1582695839000,72.786,72.786,72.738,72.768,944430000,8
1582695840000,1582696319000,72.769,72.774,72.747,72.756,805890000,8
1582696320000,1582696799000,72.755,72.768,72.724,72.733,821770000,8
1582696800000,1582697279000,72.733,72.742,72.702,72.706,985430000,8
1582697280000,1582697759000,72.706,72.717,72.501,72.507,1744160000,8
1582697760000,1582698239000,72.505,72.642,72.485,72.63,1954490000,8
1582698240000,1582698719000,72.629,72.655,72.601,72.654,1260840000,8
1582698720000,1582699199000,72.655,72.708,72.652,72.687,952110000,8
1582699200000,1582699679000,72.687,72.688,72.646,72.65,892480000,8
1582699680000,1582700159000,72.65,72.693,72.614,72.615,872060000,8
1582700160000,1582700639000,72.616,72.622,72.56,72.585,1592690000,8
1582700640000,1582701119000,72.585,72.661,72.585,72.61,1432010000,8
1582701120000,1582701599000,72.61,72.647,72.56,72.59,1473840000,8
1582701600000,1582702079000,72.588,72.65,72.546,72.616,1387850000,8
1582702080000,1582702559000,72.616,72.622,72.567,72.593,1495820000,8
1582702560000,1582703039000,72.593,72.622,72.586,72.597,1115910000,8
1582703040000,1582703519000,72.597,72.626,72.574,72.609,1371370000,8
1582703520000,1582703999000,72.608,72.651,72.597,72.635,1391900000,8
1582704000000,1582704479000,72.635,72.698,72.622,72.698,1990850000,8
1582704480000,1582704959000,72.697,72.719,72.63,72.63,1758630000,8
1582704960000,1582705439000,72.629,72.629,72.575,72.603,1552520000,8
1582705440000,1582705919000,72.604,72.633,72.574,72.616,1506580000,8
1582705920000,1582706399000,72.615,72.645,72.596,72.6,1488700000,8
1582706400000,1582706879000,72.601,72.609,72.522,72.533,2117850000,8
1582706880000,1582707359000,72.534,72.536,72.452,72.473,2986990000,8
1582707360000,1582707839000,72.472,72.517,72.41,72.412,2706940000,8
1582707840000,1582708319000,72.411,72.455,72.376,72.38,2620800000,8
1582708320000,1582708799000,72.381,72.56,72.377,72.496,4925000000,8
1582708800000,1582709279000,72.496,72.522,72.451,72.479,2431780000,8
1582709280000,1582709759000,72.481,72.511,72.456,72.501,1879840000,8
1582709760000,1582710239000,72.5,72.599,72.485,72.585,2642160000,8
1582710240000,1582710719000,72.585,72.585,72.492,72.537,2290710000,8
1582710720000,1582711199000,72.538,72.602,72.515,72.524,2155360000,8
1582711200000,1582711679000,72.525,72.659,72.525,72.647,2208960000,8
1582711680000,1582712159000,72.648,72.67,72.609,72.619,1775270000,8
1582712160000,1582712639000,72.617,72.66,72.578,72.589,1626730000,8
1582712640000,1582713119000,72.591,72.624,72.543,72.56,1644630000,8
1582713120000,1582713599000,72.56,72.61,72.488,72.49,1371460000,8
1582713600000,1582714079000,72.49,72.533,72.482,72.523,1297410000,8
1582714080000,1582714559000,72.522,72.526,72.487,72.507,1104170000,8
1582714560000,1582715039000,72.505,72.543,72.504,72.528,1176480000,8
1582715040000,1582715519000,72.527,72.577,72.518,72.522,1406150000,8
1582715520000,1582715999000,72.523,72.567,72.515,72.532,1083680000,8
1582716000000,1582716479000,72.532,72.611,72.532,72.587,1245000000,8
1582716480000,1582716959000,72.586,72.597,72.559,72.584,955880000,8
1582716960000,1582717439000,72.585,72.69,72.584,72.689,1253220000,8
1582717440000,1582717919000,72.689,72.689,72.598,72.61,1279810000,8
1582717920000,1582718399000,72.613,72.618,72.549,72.567,1088940000,8
1582718400000,1582718879000,72.566,72.637,72.524,72.602,2536600000,8
1582718880000,1582719359000,72.602,72.698,72.598,72.623,2768650000,8
1582719360000,1582719839000,72.624,72.649,72.574,72.606,1532140000,8
1582719840000,1582720319000,72.604,72.626,72.567,72.572,1344120000,8
1582720320000,1582720799000,72.572,72.6,72.549,72.549,1331870000,8
1582720800000,1582721279000,72.549,72.616,72.546,72.594,1491290000,8
1582721280000,1582721759000,72.595,72.629,72.549,72.559,1409640000,8
1582721760000,1582722239000,72.559,72.58,72.546,72.558,1323390000,8
1582722240000,1582722719000,72.558,72.558,72.511,72.544,1223750000,8
1582722720000,1582723199000,72.547,72.572,72.502,72.57,1572870000,8
1582723200000,1582723679000,72.572,72.583,72.527,72.546,1487700000,8
1582723680000,1582724159000,72.546,72.576,72.518,72.538,1569910000,8
1582724160000,1582724639000,72.537,72.557,72.48,72.493,1337390000,8
1582724640000,1582725119000,72.493,72.528,72.486,72.527,1617300000,8
1582725120000,1582725599000,72.527,72.545,72.489,72.506,1195790000,8
1582725600000,1582726079000,72.506,72.568,72.503,72.551,1320510000,8
1582726080000,1582726559000,72.546,72.594,72.53,72.583,923810000,8
1582726560000,1582727039000,72.583,72.625,72.565,72.603,1021270000,8
1582727040000,1582727519000,72.604,72.632,72.571,72.59,1923900000,8
1582727520000,1582727999000,72.589,72.706,72.575,72.682,2883510000,8
1582728000000,1582728479000,72.681,72.808,72.658,72.724,3121630000,8
1582728480000,1582728959000,72.726,72.743,72.677,72.701,1882090000,8
1582728960000,1582729439000,72.7,72.703,72.63,72.632,1718920000,8
1582729440000,1582729919000,72.631,72.643,72.578,72.605,2027710000,8
1582729920000,1582730399000,72.606,72.678,72.604,72.674,1971200000,8
1582730400000,1582730879000,72.675,72.678,72.587,72.635,1676470000,8
1582730880000,1582731359000,72.636,72.655,72.584,72.649,2078590000,8
1582731360000,1582731839000,72.649,72.659,72.603,72.609,1698850000,8
1582731840000,1582732319000,72.61,72.622,72.535,72.622,1583150000,8
1582732320000,1582732799000,72.62,72.622,72.458,72.471,2200860000,8
1582732800000,1582733279000,72.473,72.494,72.45,72.476,1861300000,8
1582733280000,1582733759000,72.475,72.481,72.394,72.427,1671260000,8
1582733760000,1582734239000,72.427,72.523,72.425,72.507,1209490000,8
1582734240000,1582734719000,72.507,72.54,72.479,72.482,1453470000,8
1582734720000,1582735199000,72.481,72.506,72.463,72.495,1441720000,8
1582735200000,1582735679000,72.497,72.497,72.407,72.421,1815260000,8
1582735680000,1582736159000,72.421,72.434,72.337,72.339,1563620000,8
1582736160000,1582736639000,72.336,72.374,72.328,72.332,2090950000,8
1582736640000,1582737119000,72.331,72.355,72.296,72.35,1935690000,8
1582737120000,1582737599000,72.351,72.352,72.271,72.328,1813100000,8
1582737600000,1582738079000,72.326,72.359,72.305,72.346,1893200000,8
1582738080000,1582738559000,72.345,72.391,72.327,72.379,1064900000,8
1582738560000,1582739039000,72.376,72.379,72.334,72.351,1221900000,8
1582739040000,1582739519000,72.351,72.383,72.336,72.349,1254220000,8
1582739520000,1582739999000,72.349,72.403,72.341,72.391,1201700000,8
1582740000000,1582740479000,72.392,72.4,72.369,72.384,1212800000,8
1582740480000,1582740959000,72.384,72.403,72.368,72.398,895310000,8
1582740960000,1582741439000,72.398,72.412,72.378,72.388,962650000,8
1582741440000,1582741919000,72.39,72.422,72.368,72.37,1343010000,8
1582741920000,1582742399000,72.371,72.379,72.245,72.251,2339540000,8
1582742400000,1582742879000,72.25,72.282,72.22,72.254,2610730000,8
1582742880000,1582743359000,72.254,72.349,72.252,72.275,3262510000,8
1582743360000,1582743839000,72.274,72.302,72.249,72.271,2252850000,8
1582743840000,1582744319000,72.272,72.321,72.263,72.293,1794810000,8
1582744320000,1582744799000,72.294,72.305,72.255,72.265,1547110000,8
1582744800000,1582745279000,72.263,72.315,72.257,72.285,1144870000,8
1582745280000,1582745759000,72.284,72.328,72.261,72.316,1749100000,8
1582745760000,1582746239000,72.316,72.359,72.276,72.276,1528730000,8
1582746240000,1582746719000,72.275,72.325,72.272,72.275,1900890000,8
1582746720000,1582747199000,72.276,72.309,72.247,72.256,1920650000,8
1582747200000,1582747679000,72.254,72.34,72.254,72.299,1466930000,8
1582747680000,1582748159000,72.301,72.377,72.298,72.374,1953620000,8
1582748160000,1582748639000,72.372,72.401,72.321,72.324,1975790000,8
1582748640000,1582749119000,72.323,72.349,72.306,72.331,1333120000,8
1582749120000,1582749599000,72.331,72.36,72.318,72.357,1467610000,8
1582749600000,1582750079000,72.356,72.38,72.34,72.361,1257680000,8
1582750080000,1582750559000,72.361,72.387,72.358,72.372,950630000,8
1582750560000,1582751039000,72.373,72.382,72.365,72.374,444210000,8
1582751040000,1582751519000,72.373,72.376,72.347,72.351,229230000,8
1582751520000,1582751999000,72.351,72.367,72.349,72.367,231210000,8
1582752000000,1582752479000,72.366,72.368,72.36,72.365,97870000,8
1582752480000,1582752959000,72.369,72.379,72.327,72.342,480340000,8
1582752960000,1582753439000,72.342,72.345,72.312,72.33,285060000,8
1582753440000,1582753919000,72.329,72.333,72.299,72.301,839950000,8
1582753920000,1582754399000,72.301,72.302,72.247,72.252,658900000,8
1582754400000,1582754879000,72.251,72.261,72.224,72.228,63330000,8
1582754880000,1582755359000,72.229,72.254,72.222,72.254,224840000,8
1582755360000,1582755839000,72.254,72.255,72.211,72.241,267400000,8
1582755840000,1582756319000,72.237,72.292,72.225,72.289,185910000,8
1582756320000,1582756799000,72.289,72.299,72.285,72.294,201660000,8
1582756800000,1582757279000,72.293,72.299,72.286,72.292,172550000,8
1582757280000,1582757759000,72.292,72.304,72.278,72.278,737500000,8
1582757760000,1582758239000,72.28,72.317,72.248,72.256,977620000,8
1582758240000,1582758719000,72.256,72.308,72.255,72.307,748890000,8
1582758720000,1582759199000,72.307,72.327,72.268,72.274,590810000,8
1582759200000,1582759679000,72.274,72.294,72.257,72.275,443720000,8
1582759680000,1582760159000,72.274,72.335,72.265,72.333,572560000,8
1582760160000,1582760639000,72.331,72.336,72.198,72.245,1287280000,8
1582760640000,1582761119000,72.246,72.317,72.241,72.263,1253030000,8
1582761120000,1582761599000,72.264,72.283,72.207,72.263,1697460000,8
1582761600000,1582762079000,72.267,72.297,72.146,72.172,3333660000,8
1582762080000,1582762559000,72.171,72.326,72.145,72.302,2836360000,8
1582762560000,1582763039000,72.301,72.316,72.208,72.245,1643200000,8
1582763040000,1582763519000,72.248,72.324,72.184,72.314,1366420000,8
1582763520000,1582763999000,72.318,72.37,72.291,72.321,1605760000,8
1582764000000,1582764479000,72.321,72.348,72.272,72.274,1338390000,8
1582764480000,1582764959000,72.275,72.345,72.243,72.296,1858270000,8
1582764960000,1582765439000,72.292,72.337,72.241,72.297,1962040000,8
1582765440000,1582765919000,72.296,72.297,72.224,72.234,1985550000,8
1582765920000,1582766399000,72.235,72.317,72.232,72.272,1709710000,8
1582766400000,1582766879000,72.273,72.316,72.244,72.273,1380400000,8
1582766880000,1582767359000,72.272,72.284,72.189,72.196,1578510000,8
1582767360000,1582767839000,72.196,72.266,72.186,72.262,1565250000,8
1582767840000,1582768319000,72.261,72.291,72.226,72.283,952320000,8
1582768320000,1582768799000,72.283,72.287,72.219,72.252,994090000,8
1582768800000,1582769279000,72.251,72.263,72.221,72.25,1180970000,8
1582769280000,1582769759000,72.249,72.312,72.247,72.31,1016920000,8
1582769760000,1582770239000,72.309,72.343,72.277,72.279,941150000,8
1582770240000,1582770719000,72.281,72.286,72.23,72.262,1135640000,8
1582770720000,1582771199000,72.261,72.305,72.254,72.296,1236980000,8
1582771200000,1582771679000,72.296,72.361,72.291,72.303,1553120000,8
1582771680000,1582772159000,72.304,72.337,72.287,72.289,1208000000,8
1582772160000,1582772639000,72.29,72.308,72.265,72.285,916540000,8
1582772640000,1582773119000,72.286,72.314,72.282,72.293,737560000,8
1582773120000,1582773599000,72.294,72.318,72.27,72.309,825750000,8
1582773600000,1582774079000,72.309,72.362,72.304,72.34,805860000,8
1582774080000,1582774559000,72.34,72.346,72.29,72.315,798130000,8
1582774560000,1582775039000,72.314,72.318,72.277,72.3,653270000,8
1582775040000,1582775519000,72.301,72.315,72.275,72.303,676880000,8
1582775520000,1582775999000,72.304,72.32,72.257,72.286,590680000,8
1582776000000,1582776479000,72.287,72.311,72.274,72.307,607390000,8
1582776480000,1582776959000,72.308,72.311,72.277,72.285,525070000,8
1582776960000,1582777439000,72.286,72.295,72.259,72.289,526140000,8
1582777440000,1582777919000,72.291,72.296,72.212,72.218,657260000,8
1582777920000,1582778399000,72.218,72.237,72.188,72.197,852410000,8
1582778400000,1582778879000,72.195,72.226,72.193,72.223,516520000,8
1582778880000,1582779359000,72.221,72.236,72.158,72.166,1006170000,8
1582779360000,1582779839000,72.165,72.166,72.084,72.135,1413920000,8
1582779840000,1582780319000,72.136,72.281,72.126,72.236,1459590000,8
1582780320000,1582780799000,72.235,72.255,72.2,72.23,1246830000,8
1582780800000,1582781279000,72.229,72.236,72.193,72.222,1014950000,8
1582781280000,1582781759000,72.223,72.226,72.163,72.186,1109550000,8
1582781760000,1582782239000,72.187,72.195,72.093,72.101,1032220000,8
1582782240000,1582782719000,72.101,72.137,72.075,72.114,1030310000,8
1582782720000,1582783199000,72.113,72.141,72.094,72.129,1099120000,8
1582783200000,1582783679000,72.128,72.13,72.051,72.057,1209760000,8
1582783680000,1582784159000,72.057,72.097,72.049,72.062,842240000,8
1582784160000,1582784639000,72.062,72.092,72.016,72.07,1065940000,8
1582784640000,1582785119000,72.072,72.092,72.016,72.088,1062460000,8
1582785120000,1582785599000,72.087,72.117,72.06,72.081,1100970000,8
1582785600000,1582786079000,72.081,72.143,72.081,72.128,781290000,8
1582786080000,1582786559000,72.13,72.212,72.123,72.209,1047650000,8
1582786560000,1582787039000,72.207,72.25,72.179,72.191,2108940000,8
1582787040000,1582787519000,72.193,72.219,72.134,72.204,1879420000,8
1582787520000,1582787999000,72.204,72.248,72.18,72.223,1801630000,8
1582788000000,1582788479000,72.221,72.291,72.198,72.269,1141510000,8
1582788480000,1582788959000,72.268,72.331,72.221,72.319,1535550000,8
1582788960000,1582789439000,72.32,72.349,72.276,72.277,1348360000,8
1582789440000,1582789919000,72.278,72.317,72.253,72.27,1198590000,8
1582789920000,1582790399000,72.269,72.309,72.237,72.257,1269100000,8
1582790400000,1582790879000,72.256,72.306,72.236,72.264,1721520000,8
1582790880000,1582791359000,72.263,72.263,72.179,72.225,2325790000,8
1582791360000,1582791839000,72.225,72.319,72.224,72.269,1859650000,8
1582791840000,1582792319000,72.268,72.276,72.207,72.228,1922610000,8
1582792320000,1582792799000,72.229,72.263,72.184,72.219,1734000000,8
1582792800000,1582793279000,72.218,72.258,72.191,72.233,2051450000,8
1582793280000,1582793759000,72.232,72.294,72.215,72.281,1585920000,8
1582793760000,1582794239000,72.282,72.416,72.282,72.386,2379910000,8
1582794240000,1582794719000,72.387,72.417,72.354,72.354,1820330000,8
1582794720000,1582795199000,72.358,72.392,72.342,72.362,1068630000,8
1582795200000,1582795679000,72.362,72.407,72.348,72.381,1364050000,8
1582795680000,1582796159000,72.382,72.444,72.382,72.393,917180000,8
1582796160000,1582796639000,72.392,72.392,72.333,72.38,1373790000,8
1582796640000,1582797119000,72.379,72.391,72.343,72.359,1207350000,8
1582797120000,1582797599000,72.358,72.413,72.355,72.397,630740000,8
1582797600000,1582798079000,72.399,72.455,72.393,72.449,1277330000,8
1582798080000,1582798559000,72.449,72.523,72.446,72.486,1341510000,8
1582798560000,1582799039000,72.487,72.495,72.452,72.455,1128900000,8
1582799040000,1582799519000,72.456,72.464,72.405,72.44,999860000,8
1582799520000,1582799999000,72.443,72.481,72.443,72.467,802130000,8
1582800000000,1582800479000,72.466,72.476,72.411,72.421,830880000,8
1582800480000,1582800959000,72.42,72.422,72.37,72.387,932890000,8
1582800960000,1582801439000,72.386,72.387,72.321,72.326,1333070000,8
1582801440000,1582801919000,72.325,72.345,72.297,72.329,1300920000,8
1582801920000,1582802399000,72.328,72.351,72.304,72.322,1054680000,8
1582802400000,1582802879000,72.322,72.339,72.309,72.329,1047350000,8
1582802880000,1582803359000,72.327,72.344,72.27,72.279,1050500000,8
1582803360000,1582803839000,72.281,72.341,72.255,72.322,1790710000,8
1582803840000,1582804319000,72.323,72.345,72.29,72.3,1158700000,8
1582804320000,1582804799000,72.301,72.31,72.26,72.282,1201430000,8
1582804800000,1582805279000,72.283,72.335,72.262,72.332,1050450000,8
1582805280000,1582805759000,72.333,72.344,72.316,72.335,873960000,8
1582805760000,1582806239000,72.336,72.336,72.229,72.248,1045810000,8
1582806240000,1582806719000,72.25,72.27,72.193,72.234,1483890000,8
1582806720000,1582807199000,72.234,72.291,72.23,72.259,2038850000,8
1582807200000,1582807679000,72.261,72.34,72.254,72.336,1476150000,8
1582807680000,1582808159000,72.333,72.344,72.281,72.297,1898350000,8
1582808160000,1582808639000,72.297,72.297,72.25,72.273,1243090000,8
1582808640000,1582809119000,72.272,72.281,72.235,72.274,1221170000,8
1582809120000,1582809599000,72.273,72.283,72.213,72.229,1178980000,8
1582809600000,1582810079000,72.225,72.292,72.18,72.291,1623570000,8
1582810080000,1582810559000,72.291,72.305,72.231,72.25,1606010000,8
1582810560000,1582811039000,72.252,72.271,72.207,72.253,1661260000,8
1582811040000,1582811519000,72.254,72.264,72.205,72.239,1597910000,8
1582811520000,1582811999000,72.238,72.299,72.222,72.256,1883150000,8
1582812000000,1582812479000,72.257,72.279,72.227,72.27,2208440000,8
1582812480000,1582812959000,72.269,72.315,72.228,72.295,2223760000,8
1582812960000,1582813439000,72.296,72.33,72.287,72.32,1512300000,8
1582813440000,1582813919000,72.32,72.348,72.281,72.303,2231490000,8
1582813920000,1582814399000,72.3,72.352,72.212,72.333,4066470000,8
1582814400000,1582814879000,72.333,72.347,72.266,72.276,3563730000,8
1582814880000,1582815359000,72.275,72.344,72.259,72.301,3694120000,8
1582815360000,1582815839000,72.3,72.355,72.285,72.315,3049020000,8
1582815840000,1582816319000,72.313,72.362,72.293,72.297,3144640000,8
1582816320000,1582816799000,72.297,72.333,72.263,72.287,3255500000,8
1582816800000,1582817279000,72.29,72.359,72.262,72.333,2939150000,8
1582817280000,1582817759000,72.332,72.345,72.26,72.281,2469470000,8
1582817760000,1582818239000,72.282,72.339,72.269,72.303,2807590000,8
1582818240000,1582818719000,72.302,72.383,72.274,72.343,2708950000,8
1582818720000,1582819199000,72.344,72.371,72.293,72.344,2790200000,8
1582819200000,1582819679000,72.343,72.421,72.317,72.421,3028510000,8
1582819680000,1582820159000,72.422,72.485,72.405,72.434,3501140000,8
1582820160000,1582820639000,72.433,72.473,72.391,72.395,2421560000,8
1582820640000,1582821119000,72.396,72.42,72.37,72.406,1912960000,8
1582821120000,1582821599000,72.407,72.452,72.364,72.405,2172740000,8
1582821600000,1582822079000,72.404,72.462,72.398,72.452,2144840000,8
1582822080000,1582822559000,72.45,72.526,72.429,72.481,2235090000,8
1582822560000,1582823039000,72.482,72.512,72.464,72.483,2405880000,8
1582823040000,1582823519000,72.483,72.525,72.479,72.506,2038380000,8
1582823520000,1582823999000,72.507,72.563,72.492,72.504,2428890000,8
1582824000000,1582824479000,72.502,72.508,72.449,72.492,2320160000,8
1582824480000,1582824959000,72.493,72.589,72.481,72.572,2136790000,8
1582824960000,1582825439000,72.574,72.578,72.507,72.521,2085980000,8
1582825440000,1582825919000,72.522,72.566,72.505,72.561,1987850000,8
1582825920000,1582826399000,72.563,72.577,72.509,72.513,2239020000,8
1582826400000,1582826879000,72.513,72.552,72.489,72.536,2625830000,8
1582826880000,1582827359000,72.536,72.557,72.513,72.524,1599770000,8
1582827360000,1582827839000,72.525,72.525,72.484,72.508,1843940000,8
1582827840000,1582828319000,72.508,72.509,72.417,72.438,1871620000,8
1582828320000,1582828799000,72.437,72.464,72.41,72.419,1674980000,8
1582828800000,1582829279000,72.418,72.431,72.343,72.376,3648160000,8
1582829280000,1582829759000,72.379,72.441,72.355,72.419,2164960000,8
1582829760000,1582830239000,72.419,72.423,72.35,72.393,3413630000,8
1582830240000,1582830719000,72.396,72.402,72.368,72.379,2169010000,8
1582830720000,1582831199000,72.378,72.411,72.349,72.375,2329050000,8
1582831200000,1582831679000,72.379,72.438,72.372,72.435,1569120000,8
1582831680000,1582832159000,72.434,72.44,72.378,72.406,1244260000,8
1582832160000,1582832639000,72.406,72.448,72.38,72.447,1178070000,8
1582832640000,1582833119000,72.447,72.451,72.405,72.415,1061400000,8
1582833120000,1582833599000,72.415,72.432,72.373,72.38,974410000,8
1582833600000,1582834079000,72.381,72.434,72.366,72.419,1399590000,8
1582834080000,1582834559000,72.419,72.453,72.397,72.408,1157660000,8
1582834560000,1582835039000,72.407,72.42,72.371,72.385,1094870000,8
1582835040000,1582835519000,72.384,72.405,72.376,72.404,1106410000,8
1582835520000,1582835999000,72.403,72.405,72.367,72.367,1068160000,8
1582836000000,1582836479000,72.367,72.378,72.354,72.363,951970000,8
1582836480000,1582836959000,72.363,72.381,72.314,72.326,1666810000,8
1582836960000,1582837439000,72.326,72.337,72.256,72.275,1043560000,8
1582837440000,1582837919000,72.274,72.28,72.198,72.207,923130000,8
1582837920000,1582838399000,72.208,72.219,72.149,72.177,902470000,8
1582838400000,1582838879000,72.177,72.186,72.142,72.155,457020000,8
1582838880000,1582839359000,72.157,72.16,72.065,72.09,993180000,8
1582839360000,1582839839000,72.09,72.132,72.09,72.124,499700000,8
1582839840000,1582840319000,72.125,72.132,72.087,72.092,663920000,8
1582840320000,1582840799000,72.091,72.091,71.98,71.991,1268340000,8
1582840800000,1582841279000,71.976,72.006,71.946,71.958,136420000,8
1582841280000,1582841759000,71.956,71.956,71.863,71.871,314480000,8
1582841760000,1582842239000,71.871,71.911,71.771,71.902,636650000,8
1582842240000,1582842719000,71.905,71.952,71.888,71.898,615640000,8
1582842720000,1582843199000,71.894,71.901,71.861,71.874,296980000,8
1582843200000,1582843679000,71.872,72.004,71.872,71.973,548270000,8
1582843680000,1582844159000,71.971,71.997,71.969,71.991,297570000,8
1582844160000,1582844639000,71.991,72.058,71.985,72.024,1123330000,8
1582844640000,1582845119000,72.024,72.126,72.022,72.025,1449880000,8
1582845120000,1582845599000,72.027,72.168,72.021,72.159,1737190000,8
1582845600000,1582846079000,72.159,72.202,72.123,72.183,1399370000,8
1582846080000,1582846559000,72.183,72.183,72.089,72.09,1410130000,8
1582846560000,1582847039000,72.089,72.122,72.039,72.119,1537830000,8
1582847040000,1582847519000,72.119,72.147,72.092,72.139,1273900000,8
1582847520000,1582847999000,72.141,72.177,72.12,72.133,1265050000,8
1582848000000,1582848479000,72.133,72.186,72.091,72.104,2315630000,8
1582848480000,1582848959000,72.103,72.125,72.023,72.037,2062030000,8
1582848960000,1582849439000,72.038,72.08,72.003,72.038,2355610000,8
1582849440000,1582849919000,72.038,72.056,71.994,72.048,2174220000,8
1582849920000,1582850399000,72.047,72.07,72.025,72.042,1646460000,8
1582850400000,1582850879000,72.042,72.117,72.02,72.07,1393840000,8
1582850880000,1582851359000,72.069,72.079,71.919,71.928,1534490000,8
1582851360000,1582851839000,71.929,72.067,71.929,71.975,2002530000,8
1582851840000,1582852319000,71.975,71.986,71.849,71.849,2023210000,8
1582852320000,1582852799000,71.848,71.881,71.785,71.845,2116340000,8
1582852800000,1582853279000,71.846,71.871,71.81,71.823,1903660000,8
1582853280000,1582853759000,71.823,71.831,71.77,71.82,2795090000,8
1582853760000,1582854239000,71.822,71.846,71.805,71.837,1883470000,8
1582854240000,1582854719000,71.837,71.858,71.799,71.8,1394780000,8
1582854720000,1582855199000,71.801,71.804,71.705,71.766,1744960000,8
1582855200000,1582855679000,71.764,71.799,71.737,71.746,1337310000,8
1582855680000,1582856159000,71.745,71.829,71.739,71.827,964720000,8
1582856160000,1582856639000,71.829,71.835,71.746,71.746,1113070000,8
1582856640000,1582857119000,71.745,71.755,71.677,71.705,1905170000,8
1582857120000,1582857599000,71.706,71.709,71.653,71.679,2262270000,8
1582857600000,1582858079000,71.679,71.693,71.618,71.64,1429850000,8
1582858080000,1582858559000,71.641,71.66,71.609,71.62,1268250000,8
1582858560000,1582859039000,71.619,71.645,71.592,71.608,1492230000,8
1582859040000,1582859519000,71.608,71.609,71.476,71.483,2360900000,8
1582859520000,1582859999000,71.482,71.492,71.345,71.381,1942370000,8
1582860000000,1582860479000,71.38,71.402,71.257,71.27,2219540000,8
1582860480000,1582860959000,71.269,71.31,71.178,71.233,2395790000,8
1582860960000,1582861439000,71.233,71.29,71.118,71.133,2433640000,8
1582861440000,1582861919000,71.132,71.283,71.103,71.283,2021320000,8
1582861920000,1582862399000,71.282,71.344,71.219,71.338,2234620000,8
1582862400000,1582862879000,71.337,71.388,71.237,71.27,2383800000,8
1582862880000,1582863359000,71.27,71.286,71.206,71.22,2063640000,8
1582863360000,1582863839000,71.22,71.267,71.179,71.245,2139860000,8
1582863840000,1582864319000,71.246,71.279,71.231,71.25,1826130000,8
1582864320000,1582864799000,71.25,71.28,71.194,71.198,1279910000,8
1582864800000,1582865279000,71.196,71.196,71.119,71.159,2227970000,8
1582865280000,1582865759000,71.158,71.161,71.082,71.087,1627610000,8
1582865760000,1582866239000,71.087,71.098,71.048,71.069,1485470000,8
1582866240000,1582866719000,71.069,71.093,70.976,71.079,2348450000,8
1582866720000,1582867199000,71.079,71.118,71.04,71.047,2288960000,8
1582867200000,1582867679000,71.048,71.049,71.005,71.011,2016470000,8
1582867680000,1582868159000,71.011,71.056,70.992,71.024,1672720000,8
1582868160000,1582868639000,71.027,71.042,70.93,70.966,1742460000,8
1582868640000,1582869119000,70.967,71.037,70.964,70.998,1807810000,8
1582869120000,1582869599000,71.0,71.025,70.95,71.025,1833460000,8
1582869600000,1582870079000,71.028,71.057,70.975,71.012,2689590000,8
1582870080000,1582870559000,71.01,71.027,70.933,70.977,2004780000,8
1582870560000,1582871039000,70.978,71.006,70.95,70.998,1983750000,8
1582871040000,1582871519000,71.0,71.005,70.925,70.968,2208270000,8
1582871520000,1582871999000,70.969,71.042,70.965,71.042,1326770000,8
1582872000000,1582872479000,71.04,71.043,71.002,71.02,1608710000,8
1582872480000,1582872959000,71.019,71.039,70.995,71.037,1064890000,8
1582872960000,1582873439000,71.036,71.119,71.034,71.111,1746640000,8
1582873440000,1582873919000,71.109,71.164,71.08,71.113,1954630000,8
1582873920000,1582874399000,71.113,71.168,71.081,71.129,2216430000,8
1582874400000,1582874879000,71.128,71.225,71.111,71.22,2485120000,8
1582874880000,1582875359000,71.22,71.268,71.179,71.192,2482060000,8
1582875360000,1582875839000,71.191,71.199,71.115,71.129,2758210000,8
1582875840000,1582876319000,71.13,71.195,71.113,71.133,2900510000,8
1582876320000,1582876799000,71.132,71.132,71.04,71.077,1995650000,8
1582876800000,1582877279000,71.075,71.209,71.035,71.106,3978910000,8
1582877280000,1582877759000,71.105,71.251,71.092,71.193,3603690000,8
1582877760000,1582878239000,71.194,71.288,71.18,71.234,3125870000,8
1582878240000,1582878719000,71.233,71.292,71.175,71.175,2649060000,8
1582878720000,1582879199000,71.176,71.182,71.051,71.078,3439540000,8
1582879200000,1582879679000,71.077,71.14,71.067,71.076,3386240000,8
1582879680000,1582880159000,71.076,71.1,70.996,71.008,2336220000,8
1582880160000,1582880639000,71.009,71.056,70.946,70.956,2419650000,8
1582880640000,1582881119000,70.956,71.008,70.906,70.95,2514350000,8
1582881120000,1582881599000,70.951,71.014,70.944,70.985,2246620000,8
1582881600000,1582882079000,70.983,70.995,70.832,70.891,3162960000,8
1582882080000,1582882559000,70.891,70.957,70.852,70.904,2765710000,8
1582882560000,1582883039000,70.909,70.96,70.851,70.94,2573880000,8
1582883040000,1582883519000,70.94,71.019,70.926,70.957,3424340000,8
1582883520000,1582883999000,70.956,70.992,70.907,70.942,2522600000,8
1582884000000,1582884479000,70.942,70.991,70.89,70.904,2040500000,8
1582884480000,1582884959000,70.906,70.951,70.889,70.917,2177510000,8
1582884960000,1582885439000,70.915,70.999,70.914,70.982,1925570000,8
1582885440000,1582885919000,70.981,71.054,70.964,70.976,2362360000,8
1582885920000,1582886399000,70.978,71.016,70.952,70.993,1503860000,8
1582886400000,1582886879000,70.991,70.991,70.84,70.84,2043190000,8
1582886880000,1582887359000,70.841,70.855,70.778,70.803,1578030000,8
1582887360000,1582887839000,70.804,70.816,70.706,70.711,1876050000,8
1582887840000,1582888319000,70.711,70.735,70.696,70.735,1758910000,8
1582888320000,1582888799000,70.733,70.761,70.691,70.728,2200510000,8
1582888800000,1582889279000,70.727,70.74,70.667,70.676,1749260000,8
1582889280000,1582889759000,70.676,70.781,70.667,70.762,1978790000,8
1582889760000,1582890239000,70.761,70.781,70.681,70.695,1737310000,8
1582890240000,1582890719000,70.695,70.728,70.684,70.711,1931030000,8
1582890720000,1582891199000,70.711,70.719,70.631,70.649,2120960000,8
1582891200000,1582891679000,70.648,70.674,70.557,70.576,1982610000,8
1582891680000,1582892159000,70.575,70.653,70.565,70.617,1897790000,8
1582892160000,1582892639000,70.618,70.819,70.61,70.786,2226040000,8
1582892640000,1582893119000,70.787,70.827,70.759,70.801,2140250000,8
1582893120000,1582893599000,70.801,70.807,70.716,70.766,2079710000,8
1582893600000,1582894079000,70.764,70.785,70.719,70.719,1721040000,8
1582894080000,1582894559000,70.719,70.786,70.694,70.694,1811180000,8
1582894560000,1582895039000,70.696,70.706,70.658,70.666,1695810000,8
1582895040000,1582895519000,70.666,70.748,70.663,70.713,1766760000,8
1582895520000,1582895999000,70.713,70.738,70.654,70.658,2202920000,8
1582896000000,1582896479000,70.658,70.709,70.649,70.671,1580270000,8
1582896480000,1582896959000,70.669,70.72,70.659,70.659,2170110000,8
1582896960000,1582897439000,70.659,70.71,70.644,70.646,1761660000,8
1582897440000,1582897919000,70.645,70.665,70.56,70.599,2691670000,8
1582897920000,1582898399000,70.599,70.638,70.543,70.57,2633750000,8
1582898400000,1582898879000,70.569,70.684,70.567,70.63,2767660000,8
1582898880000,1582899359000,70.631,70.636,70.543,70.556,2259060000,8
1582899360000,1582899839000,70.556,70.566,70.491,70.495,2530900000,8
1582899840000,1582900319000,70.493,70.584,70.475,70.546,2814560000,8
1582900320000,1582900799000,70.546,70.693,70.545,70.644,4043400000,8
1582900800000,1582901279000,70.643,70.659,70.56,70.648,3056480000,8
1582901280000,1582901759000,70.649,70.683,70.569,70.588,3881730000,8
1582901760000,1582902239000,70.588,70.598,70.477,70.497,3091530000,8
1582902240000,1582902719000,70.496,70.501,70.397,70.399,3861540000,8
1582902720000,1582903199000,70.397,70.41,70.349,70.381,3116090000,8
1582903200000,1582903679000,70.379,70.382,70.217,70.228,2795040000,8
1582903680000,1582904159000,70.227,70.277,70.196,70.246,3206870000,8
1582904160000,1582904639000,70.246,70.271,70.109,70.119,3623360000,8
1582904640000,1582905119000,70.12,70.133,69.991,70.007,3745450000,8
1582905120000,1582905599000,70.007,70.031,69.374,69.695,6130320000,8
1582905600000,1582906079000,69.699,69.876,69.44,69.876,5336990000,8
1582906080000,1582906559000,69.874,70.174,69.855,70.109,3616640000,8
1582906560000,1582907039000,70.109,70.296,70.023,70.241,2774790000,8
1582907040000,1582907519000,70.241,70.413,70.235,70.411,2661190000,8
1582907520000,1582907999000,70.413,70.439,70.319,70.355,3103060000,8
1582908000000,1582908479000,70.357,70.547,70.315,70.379,3470400000,8
1582908480000,1582908959000,70.379,70.413,70.213,70.249,3043220000,8
1582908960000,1582909439000,70.247,70.25,70.154,70.184,2615420000,8
1582909440000,1582909919000,70.184,70.282,70.181,70.259,2674180000,8
1582909920000,1582910399000,70.255,70.268,70.164,70.216,2086940000,8
1582910400000,1582910879000,70.217,70.251,70.159,70.205,1958050000,8
1582910880000,1582911359000,70.204,70.281,70.199,70.239,2758050000,8
1582911360000,1582911839000,70.24,70.31,70.172,70.177,2875540000,8
1582911840000,1582912319000,70.177,70.245,70.15,70.232,2536590000,8
1582912320000,1582912799000,70.234,70.254,70.185,70.196,2164400000,8
1582912800000,1582913279000,70.196,70.233,70.183,70.221,2210690000,8
1582913280000,1582913759000,70.222,70.257,70.173,70.179,2094110000,8
1582913760000,1582914239000,70.179,70.222,70.153,70.186,1691670000,8
1582914240000,1582914719000,70.185,70.21,70.169,70.183,1710760000,8
1582914720000,1582915199000,70.183,70.183,70.091,70.093,2118480000,8
1582915200000,1582915679000,70.092,70.095,70.002,70.03,2090150000,8
1582915680000,1582916159000,70.032,70.075,70.027,70.056,2049310000,8
1582916160000,1582916639000,70.056,70.094,70.053,70.073,1732920000,8
1582916640000,1582917119000,70.072,70.1,69.971,70.034,2245470000,8
1582917120000,1582917599000,70.034,70.05,69.98,70.023,1673790000,8
1582917600000,1582918079000,70.025,70.065,69.984,70.012,2079850000,8
1582918080000,1582918559000,70.013,70.253,70.011,70.18,3901600000,8
1582918560000,1582919039000,70.181,70.424,70.172,70.397,4018940000,8
1582919040000,1582919519000,70.398,70.464,70.359,70.368,3553470000,8
1582919520000,1582919999000,70.369,70.411,70.281,70.341,3895450000,8
1582920000000,1582920479000,70.343,70.349,70.185,70.208,2977290000,8
1582920480000,1582920959000,70.211,70.346,70.211,70.333,2134250000,8
1582920960000,1582921439000,70.333,70.382,70.289,70.304,3144920000,8
1582921440000,1582921919000,70.305,70.34,70.179,70.25,2499580000,8
1582921920000,1582922399000,70.249,70.252,70.171,70.184,2028760000,8
1582922400000,1582922879000,70.183,70.203,70.05,70.092,1973520000,8
1582922880000,1582923359000,70.094,70.129,70.038,70.12,2187940000,8
1582923360000,1582923839000,70.121,70.338,70.103,70.292,1368370000,8
1582923840000,1582924319000,70.291,70.308,70.202,70.202,988020000,8
1582924320000,1582924799000,70.2,70.266,70.14,70.241,740010000,8
1582924800000,1582925279000,70.239,70.284,70.213,70.214,585860000,8
1582925280000,1582925759000,70.214,70.293,70.191,70.287,870880000,8
1582925760000,1582926239000,70.284,70.379,70.274,70.324,760710000,8
1582926240000,1582926719000,70.324,70.347,70.279,70.326,865370000,8
1582926720000,1582927199000,70.326,70.346,70.275,70.287,867350000,8
1582927200000,1582927679000,70.287,70.287,70.287,70.287,0,8
1582927680000,1582928159000,70.287,70.287,70.287,70.287,0,8
1582928160000,1582928639000,70.287,70.287,70.287,70.287,0,8
1582928640000,1582929119000,70.287,70.287,70.287,70.287,0,8
1582929120000,1582929599000,70.287,70.287,70.287,70.287,0,8
1582929600000,1582930079000,70.287,70.287,70.287,70.287,0,8
1582930080000,1582930559000,70.287,70.287,70.287,70.287,0,8
1582930560000,1582931039000,70.287,70.287,70.287,70.287,0,8
1582931040000,1582931519000,70.287,70.287,70.287,70.287,0,8
1582931520000,1582931999000,70.287,70.287,70.287,70.287,0,8
1582932000000,1582932479000,70.287,70.287,70.287,70.287,0,8
1582932480000,1582932959000,70.287,70.287,70.287,70.287,0,8
1582932960000,1582933439000,70.287,70.287,70.287,70.287,0,8
1582933440000,1582933919000,70.287,70.287,70.287,70.287,0,8
1582933920000,1582934399000,70.287,70.287,70.287,70.287,0,8
