openEpochMillis,closeEpochMillis,open,high,low,close,volume,sourceBars
1296518400000,1296518879000,1.3713,1.37179,1.37119,1.37169,1164410000,8
1296518880000,1296519359000,1.37169,1.37215,1.37122,1.37203,777800000,8
1296519360000,1296519839000,1.37203,1.37235,1.3717,1.3723,870020000,8
1296519840000,1296520319000,1.37229,1.37244,1.37175,1.37207,825440000,8
1296520320000,1296520799000,1.37204,1.37204,1.37147,1.37163,926920000,8
1296520800000,1296521279000,1.37162,1.37197,1.37161,1.37172,573670000,8
1296521280000,1296521759000,1.37175,1.37201,1.37105,1.37134,848340000,8
1296521760000,1296522239000,1.37135,1.37164,1.3707,1.37072,683210000,8
1296522240000,1296522719000,1.37072,1.37163,1.37068,1.37163,1055940000,8
1296522720000,1296523199000,1.37163,1.37234,1.37159,1.37224,1136080000,8
1296523200000,1296523679000,1.37224,1.37229,1.37184,1.37186,744910000,8
1296523680000,1296524159000,1.37186,1.37196,1.37149,1.37169,486890000,8
1296524160000,1296524639000,1.37169,1.37202,1.37157,1.37192,335180000,8
1296524640000,1296525119000,1.37192,1.37277,1.37186,1.37239,1140370000,8
1296525120000,1296525599000,1.37241,1.37257,1.37222,1.37241,477220000,8
1296525600000,1296526079000,1.3724,1.37242,1.37169,1.37193,482200000,8
1296526080000,1296526559000,1.37194,1.37238,1.37184,1.37219,624690000,8
1296526560000,1296527039000,1.37219,1.37225,1.37168,1.37168,700260000,8
1296527040000,1296527519000,1.37168,1.372,1.37153,1.372,689510000,8
1296527520000,1296527999000,1.37199,1.3723,1.37191,1.37204,585680000,8
1296528000000,1296528479000,1.37205,1.37206,1.37158,1.37159,410480000,8
1296528480000,1296528959000,1.37164,1.37187,1.37132,1.37157,480610000,8
1296528960000,1296529439000,1.37162,1.37187,1.37129,1.37155,662710000,8
1296529440000,1296529919000,1.37155,1.37225,1.37152,1.37192,1009990000,8
1296529920000,1296530399000,1.37192,1.37208,1.37163,1.37172,506790000,8
1296530400000,1296530879000,1.37172,1.37179,1.37136,1.37146,685450000,8
1296530880000,1296531359000,1.37146,1.3721,1.3711,1.37125,1135740000,8
1296531360000,1296531839000,1.37128,1.37207,1.37109,1.37179,473110000,8
1296531840000,1296532319000,1.37179,1.37219,1.37167,1.37195,618460000,8
1296532320000,1296532799000,1.37195,1.37244,1.37166,1.37232,545460000,8
1296532800000,1296533279000,1.37232,1.37254,1.37211,1.37251,699030000,8
1296533280000,1296533759000,1.37251,1.37251,1.37184,1.37184,451130000,8
1296533760000,1296534239000,1.37185,1.37244,1.37184,1.37219,210800000,8
1296534240000,1296534719000,1.37219,1.37253,1.37216,1.37223,399330000,8
1296534720000,1296535199000,1.37223,1.37278,1.37214,1.37262,752760000,8
1296535200000,1296535679000,1.37262,1.37267,1.37236,1.37237,549940000,8
1296535680000,1296536159000,1.3724,1.37267,1.37201,1.37243,587880000,8
1296536160000,1296536639000,1.37242,1.37297,1.37232,1.37276,913800000,8
1296536640000,1296537119000,1.37277,1.37281,1.37224,1.3725,799750000,8
1296537120000,1296537599000,1.37252,1.37252,1.37169,1.37169,543950000,8
1296537600000,1296538079000,1.37171,1.37204,1.37135,1.37202,691470000,8
1296538080000,1296538559000,1.37199,1.37251,1.37177,1.37238,806940000,8
1296538560000,1296539039000,1.37239,1.37252,1.37196,1.37196,374880000,8
1296539040000,1296539519000,1.37195,1.37289,1.37195,1.37265,1029370000,8
1296539520000,1296539999000,1.37267,1.37278,1.37246,1.37249,599390000,8
1296540000000,1296540479000,1.3725,1.37259,1.37224,1.37229,496850000,8
1296540480000,1296540959000,1.37229,1.3725,1.37185,1.37216,529330000,8
1296540960000,1296541439000,1.37216,1.37252,1.37207,1.3721,267740000,8
1296541440000,1296541919000,1.3721,1.3721,1.37149,1.372,718510000,8
1296541920000,1296542399000,1.37199,1.37227,1.3717,1.37194,631210000,8
1296542400000,1296542879000,1.37194,1.37219,1.37182,1.37216,586400000,8
1296542880000,1296543359000,1.37219,1.37372,1.37219,1.37329,1323290000,8
1296543360000,1296543839000,1.37329,1.37386,1.37314,1.37341,1180800000,8
1296543840000,1296544319000,1.37343,1.37351,1.37264,1.37286,1016000000,8
1296544320000,1296544799000,1.37285,1.37359,1.37279,1.37349,786270000,8
1296544800000,1296545279000,1.37346,1.37466,1.37322,1.37445,1495400000,8
1296545280000,1296545759000,1.37444,1.37459,1.37377,1.37422,1682120000,8
1296545760000,1296546239000,1.3742,1.37429,1.37362,1.37395,1553060000,8
1296546240000,1296546719000,1.374,1.37483,1.37379,1.37428,1549730000,8
1296546720000,1296547199000,1.37431,1.37571,1.37402,1.37421,1909250000,8
1296547200000,1296547679000,1.37419,1.37429,1.37291,1.37314,1802560000,8
1296547680000,1296548159000,1.37314,1.37321,1.37216,1.37253,1483880000,8
1296548160000,1296548639000,1.3725,1.37302,1.37199,1.37254,1576680000,8
1296548640000,1296549119000,1.37254,1.37259,1.3711,1.37128,1343480000,8
1296549120000,1296549599000,1.37128,1.37168,1.37068,1.37121,1638050000,8
1296549600000,1296550079000,1.37121,1.3716,1.37027,1.37079,1538430000,8
1296550080000,1296550559000,1.37078,1.37122,1.37004,1.37118,1574440000,8
1296550560000,1296551039000,1.37119,1.3721,1.37102,1.37116,1536530000,8
1296551040000,1296551519000,1.37116,1.37131,1.37046,1.37112,1359660000,8
1296551520000,1296551999000,1.37112,1.37254,1.37079,1.37238,1601440000,8
1296552000000,1296552479000,1.37237,1.37268,1.37169,1.37216,1563090000,8
1296552480000,1296552959000,1.37212,1.37429,1.37156,1.37417,1914810000,8
1296552960000,1296553439000,1.37418,1.37434,1.37314,1.37334,2007920000,8
1296553440000,1296553919000,1.37337,1.37519,1.37335,1.37455,2318850000,8
1296553920000,1296554399000,1.37457,1.37549,1.374,1.37442,2522760000,8
1296554400000,1296554879000,1.37442,1.37715,1.37409,1.37652,2253360000,8
1296554880000,1296555359000,1.3765,1.37735,1.37612,1.37704,1906320000,8
1296555360000,1296555839000,1.37708,1.37749,1.37428,1.37455,2040200000,8
1296555840000,1296556319000,1.37457,1.37511,1.3734,1.37356,1691510000,8
1296556320000,1296556799000,1.37364,1.37393,1.37332,1.37386,1290660000,8
1296556800000,1296557279000,1.37391,1.37398,1.37287,1.37318,1319370000,8
1296557280000,1296557759000,1.37318,1.37402,1.37315,1.37402,997960000,8
1296557760000,1296558239000,1.37404,1.37604,1.37404,1.37604,1732590000,8
1296558240000,1296558719000,1.37598,1.3764,1.37496,1.37557,1706880000,8
1296558720000,1296559199000,1.37557,1.37691,1.37552,1.37671,1272960000,8
1296559200000,1296559679000,1.37672,1.3775,1.37638,1.37658,1355230000,8
1296559680000,1296560159000,1.37657,1.37738,1.37619,1.37623,1513890000,8
1296560160000,1296560639000,1.37627,1.37672,1.3758,1.37636,1269420000,8
1296560640000,1296561119000,1.37632,1.37638,1.3755,1.37587,1283620000,8
1296561120000,1296561599000,1.37589,1.3764,1.37541,1.37591,1247870000,8
1296561600000,1296562079000,1.37592,1.37681,1.3756,1.37606,1290150000,8
1296562080000,1296562559000,1.37602,1.3762,1.37503,1.37546,983120000,8
1296562560000,1296563039000,1.37544,1.37546,1.37461,1.37474,1312000000,8
1296563040000,1296563519000,1.37474,1.37476,1.3736,1.3738,1228010000,8
1296563520000,1296563999000,1.37384,1.37408,1.37306,1.3734,1438860000,8
1296564000000,1296564479000,1.37341,1.37552,1.37337,1.37519,1410710000,8
1296564480000,1296564959000,1.37521,1.37662,1.37502,1.37577,1884310000,8
1296564960000,1296565439000,1.37578,1.37622,1.37536,1.37608,1196460000,8
1296565440000,1296565919000,1.37607,1.37629,1.37492,1.37499,1632200000,8
1296565920000,1296566399000,1.375,1.37549,1.37431,1.37455,1433550000,8
1296566400000,1296566879000,1.37456,1.37554,1.37446,1.37495,1477620000,8
1296566880000,1296567359000,1.375,1.375,1.37362,1.37422,1811340000,8
1296567360000,1296567839000,1.37425,1.37498,1.37412,1.37439,1367300000,8
1296567840000,1296568319000,1.37441,1.37468,1.37321,1.37355,1522830000,8
1296568320000,1296568799000,1.37359,1.37475,1.37314,1.37475,1501560000,8
1296568800000,1296569279000,1.37475,1.37513,1.37372,1.37509,1576590000,8
1296569280000,1296569759000,1.37511,1.37607,1.37489,1.37578,1630700000,8
1296569760000,1296570239000,1.37579,1.3763,1.37546,1.37572,1634960000,8
1296570240000,1296570719000,1.37574,1.37688,1.37574,1.37587,1799040000,8
1296570720000,1296571199000,1.37596,1.37661,1.37547,1.37608,2054540000,8
1296571200000,1296571679000,1.37608,1.37632,1.37535,1.37597,1277400000,8
1296571680000,1296572159000,1.376,1.37615,1.3753,1.37566,1614160000,8
1296572160000,1296572639000,1.37572,1.37614,1.37381,1.37471,2008780000,8
1296572640000,1296573119000,1.37472,1.3749,1.37276,1.37366,2315700000,8
1296573120000,1296573599000,1.37369,1.3757,1.37368,1.37508,2033150000,8
1296573600000,1296574079000,1.37511,1.37736,1.37473,1.37734,2175270000,8
1296574080000,1296574559000,1.37736,1.37749,1.37599,1.3763,2064580000,8
1296574560000,1296575039000,1.37634,1.37784,1.37633,1.37678,2130090000,8
1296575040000,1296575519000,1.37675,1.37911,1.37611,1.37911,2237570000,8
1296575520000,1296575999000,1.37903,1.37948,1.37831,1.37912,2290000000,8
1296576000000,1296576479000,1.3791,1.3801,1.37823,1.37999,2344340000,8
1296576480000,1296576959000,1.38002,1.38029,1.3788,1.37906,2252530000,8
1296576960000,1296577439000,1.37899,1.3793,1.37843,1.37877,2075770000,8
1296577440000,1296577919000,1.37878,1.37958,1.37826,1.3783,1635120000,8
1296577920000,1296578399000,1.3783,1.37961,1.37782,1.3796,1709300000,8
1296578400000,1296578879000,1.37959,1.3797,1.37895,1.37956,1459130000,8
1296578880000,1296579359000,1.37958,1.38001,1.37921,1.37983,1872530000,8
1296579360000,1296579839000,1.37984,1.37992,1.37909,1.37984,1125140000,8
1296579840000,1296580319000,1.37979,1.38132,1.37971,1.38067,1604460000,8
1296580320000,1296580799000,1.38071,1.38176,1.38065,1.38168,1371750000,8
1296580800000,1296581279000,1.38169,1.38249,1.38113,1.38116,1693390000,8
1296581280000,1296581759000,1.38116,1.38248,1.3811,1.38238,1320350000,8
1296581760000,1296582239000,1.38238,1.38328,1.38198,1.38224,1701050000,8
1296582240000,1296582719000,1.38223,1.38348,1.38216,1.3832,1439070000,8
1296582720000,1296583199000,1.3832,1.3833,1.38221,1.3823,1382230000,8
1296583200000,1296583679000,1.38228,1.3833,1.38228,1.38248,1136660000,8
1296583680000,1296584159000,1.38248,1.38308,1.38222,1.383,1104040000,8
1296584160000,1296584639000,1.383,1.38359,1.38266,1.38307,1245930000,8
1296584640000,1296585119000,1.38309,1.3834,1.38298,1.38298,1216080000,8
1296585120000,1296585599000,1.38299,1.38334,1.3823,1.38243,1224200000,8
1296585600000,1296586079000,1.38243,1.38299,1.3823,1.38278,935770000,8
1296586080000,1296586559000,1.38278,1.38309,1.38235,1.38274,1067030000,8
1296586560000,1296587039000,1.38274,1.38274,1.38218,1.3825,1066730000,8
1296587040000,1296587519000,1.38252,1.38281,1.38233,1.38264,763970000,8
1296587520000,1296587999000,1.38264,1.38264,1.3817,1.38206,725950000,8
1296588000000,1296588479000,1.38205,1.38277,1.38204,1.38261,447780000,8
1296588480000,1296588959000,1.38259,1.38269,1.38167,1.38175,787830000,8
1296588960000,1296589439000,1.38175,1.38244,1.3817,1.38184,532640000,8
1296589440000,1296589919000,1.38184,1.38219,1.38137,1.38219,880590000,8
1296589920000,1296590399000,1.38219,1.3822,1.38129,1.38193,941730000,8
1296590400000,1296590879000,1.38192,1.38295,1.3818,1.38253,1234440000,8
1296590880000,1296591359000,1.3825,1.38278,1.38227,1.38239,888340000,8
1296591360000,1296591839000,1.38239,1.38308,1.38225,1.38308,668590000,8
1296591840000,1296592319000,1.38309,1.38349,1.38279,1.38286,811700000,8
1296592320000,1296592799000,1.38286,1.3835,1.3827,1.38275,583110000,8
1296592800000,1296593279000,1.38275,1.38339,1.38269,1.38338,877220000,8
1296593280000,1296593759000,1.38339,1.38422,1.38337,1.38348,1578780000,8
1296593760000,1296594239000,1.38348,1.38358,1.38296,1.38308,1173920000,8
1296594240000,1296594719000,1.38309,1.38337,1.38288,1.38328,772850000,8
1296594720000,1296595199000,1.38328,1.3836,1.38328,1.38332,757310000,8
1296595200000,1296595679000,1.38336,1.38345,1.38308,1.38308,650560000,8
1296595680000,1296596159000,1.38308,1.38322,1.38279,1.38279,834940000,8
1296596160000,1296596639000,1.38279,1.38281,1.38258,1.38268,1150850000,8
1296596640000,1296597119000,1.38268,1.38318,1.38265,1.38317,988790000,8
1296597120000,1296597599000,1.38317,1.38317,1.38263,1.38289,959380000,8
1296597600000,1296598079000,1.38284,1.38284,1.38238,1.38267,486090000,8
1296598080000,1296598559000,1.38272,1.38273,1.38245,1.38263,211370000,8
1296598560000,1296599039000,1.38262,1.38263,1.38243,1.38248,236530000,8
1296599040000,1296599519000,1.38248,1.3826,1.38215,1.38229,281120000,8
1296599520000,1296599999000,1.38229,1.38254,1.38229,1.38235,170150000,8
1296600000000,1296600479000,1.38239,1.38244,1.38199,1.38224,356180000,8
1296600480000,1296600959000,1.38223,1.38241,1.38216,1.38234,264800000,8
1296600960000,1296601439000,1.38226,1.38244,1.38212,1.38235,478530000,8
1296601440000,1296601919000,1.38235,1.38286,1.38231,1.38276,445450000,8
1296601920000,1296602399000,1.38276,1.38285,1.38235,1.38253,402380000,8
1296602400000,1296602879000,1.38253,1.38253,1.38221,1.38231,286210000,8
1296602880000,1296603359000,1.38231,1.38242,1.382,1.38215,246360000,8
1296603360000,1296603839000,1.38215,1.38256,1.38209,1.38249,404580000,8
1296603840000,1296604319000,1.38249,1.38295,1.3824,1.3828,303570000,8
1296604320000,1296604799000,1.38278,1.38287,1.38263,1.38282,419050000,8
1296604800000,1296605279000,1.3827,1.38319,1.38238,1.38297,809040000,8
1296605280000,1296605759000,1.38303,1.38332,1.38252,1.38331,831730000,8
1296605760000,1296606239000,1.38332,1.38339,1.38307,1.38321,742020000,8
1296606240000,1296606719000,1.38324,1.38338,1.38287,1.38317,671380000,8
1296606720000,1296607199000,1.38317,1.38318,1.38297,1.38318,351130000,8
1296607200000,1296607679000,1.38317,1.38323,1.38272,1.38272,517680000,8
1296607680000,1296608159000,1.38272,1.38297,1.38234,1.38259,504890000,8
1296608160000,1296608639000,1.38259,1.38327,1.38252,1.38313,513080000,8
1296608640000,1296609119000,1.38311,1.38362,1.3827,1.38349,736880000,8
1296609120000,1296609599000,1.38348,1.38511,1.38348,1.38468,1500950000,8
1296609600000,1296610079000,1.38468,1.38484,1.38387,1.38391,705970000,8
1296610080000,1296610559000,1.38391,1.38407,1.38359,1.3839,689530000,8
1296610560000,1296611039000,1.38392,1.38395,1.3834,1.38379,763120000,8
1296611040000,1296611519000,1.38377,1.38379,1.38322,1.3836,759290000,8
1296611520000,1296611999000,1.38361,1.38397,1.38337,1.38352,751600000,8
1296612000000,1296612479000,1.38352,1.38362,1.38338,1.38342,651330000,8
1296612480000,1296612959000,1.38342,1.38352,1.38313,1.38319,454350000,8
1296612960000,1296613439000,1.38318,1.38387,1.38309,1.3836,609210000,8
1296613440000,1296613919000,1.38358,1.3843,1.38348,1.3843,592380000,8
1296613920000,1296614399000,1.3843,1.38453,1.384,1.38419,564350000,8
1296614400000,1296614879000,1.38419,1.38425,1.38383,1.38414,387750000,8
1296614880000,1296615359000,1.38414,1.38427,1.38381,1.38407,377700000,8
1296615360000,1296615839000,1.38405,1.38411,1.38384,1.38397,307440000,8
1296615840000,1296616319000,1.38397,1.3843,1.38395,1.38414,335970000,8
1296616320000,1296616799000,1.38414,1.38454,1.38414,1.38447,465480000,8
1296616800000,1296617279000,1.38451,1.3848,1.38437,1.38454,533060000,8
1296617280000,1296617759000,1.38454,1.38555,1.38433,1.38529,909280000,8
1296617760000,1296618239000,1.3853,1.38579,1.3851,1.38548,737270000,8
1296618240000,1296618719000,1.3855,1.38582,1.38522,1.3857,647600000,8
1296618720000,1296619199000,1.38577,1.38612,1.38557,1.38559,1179180000,8
1296619200000,1296619679000,1.38557,1.38587,1.38541,1.38567,687150000,8
1296619680000,1296620159000,1.38567,1.38587,1.38526,1.38528,777730000,8
1296620160000,1296620639000,1.38532,1.38552,1.38527,1.38533,391650000,8
1296620640000,1296621119000,1.38533,1.38533,1.38477,1.38478,490690000,8
1296621120000,1296621599000,1.38477,1.38502,1.38439,1.38495,684240000,8
1296621600000,1296622079000,1.38493,1.38496,1.38459,1.38463,460560000,8
1296622080000,1296622559000,1.38463,1.38535,1.38457,1.38523,819160000,8
1296622560000,1296623039000,1.38523,1.38527,1.38483,1.38504,585890000,8
1296623040000,1296623519000,1.38506,1.38539,1.38498,1.38523,696380000,8
1296623520000,1296623999000,1.38523,1.38528,1.38487,1.38488,321180000,8
1296624000000,1296624479000,1.38488,1.38505,1.38427,1.38442,716640000,8
1296624480000,1296624959000,1.38444,1.38466,1.38393,1.38453,731170000,8
1296624960000,1296625439000,1.38455,1.38509,1.38455,1.3849,675130000,8
1296625440000,1296625919000,1.3849,1.38497,1.3844,1.38454,386690000,8
1296625920000,1296626399000,1.38459,1.38489,1.38388,1.38409,503720000,8
1296626400000,1296626879000,1.38407,1.38439,1.38349,1.38434,725840000,8
1296626880000,1296627359000,1.38434,1.38434,1.3835,1.38377,632360000,8
1296627360000,1296627839000,1.38377,1.38407,1.38364,1.38402,693390000,8
1296627840000,1296628319000,1.38402,1.38429,1.38389,1.38428,335140000,8
1296628320000,1296628799000,1.38428,1.38474,1.38419,1.38465,656630000,8
1296628800000,1296629279000,1.38459,1.38459,1.38411,1.38436,520400000,8
1296629280000,1296629759000,1.38434,1.38434,1.38374,1.38382,451250000,8
1296629760000,1296630239000,1.38385,1.38422,1.3836,1.38382,643970000,8
1296630240000,1296630719000,1.38381,1.38456,1.38341,1.38442,806880000,8
1296630720000,1296631199000,1.38449,1.38523,1.38424,1.38424,1357080000,8
1296631200000,1296631679000,1.38427,1.38451,1.38349,1.38362,1080770000,8
1296631680000,1296632159000,1.38362,1.38478,1.38349,1.38451,1090800000,8
1296632160000,1296632639000,1.38449,1.3855,1.38421,1.38426,1648090000,8
1296632640000,1296633119000,1.38432,1.38462,1.38351,1.38357,1124580000,8
1296633120000,1296633599000,1.3836,1.3836,1.38271,1.38342,1345090000,8
1296633600000,1296634079000,1.38337,1.38376,1.38306,1.38341,1366990000,8
1296634080000,1296634559000,1.38339,1.38451,1.38313,1.38426,1561670000,8
1296634560000,1296635039000,1.38426,1.3848,1.38369,1.38371,1433270000,8
1296635040000,1296635519000,1.3837,1.38452,1.3831,1.38322,1332370000,8
1296635520000,1296635999000,1.38322,1.38372,1.38258,1.38306,1308780000,8
1296636000000,1296636479000,1.38306,1.38368,1.38306,1.38345,1116630000,8
1296636480000,1296636959000,1.38344,1.384,1.38311,1.38344,1271940000,8
1296636960000,1296637439000,1.38346,1.3835,1.3824,1.38249,1206520000,8
1296637440000,1296637919000,1.38253,1.38267,1.3819,1.382,1583180000,8
1296637920000,1296638399000,1.38204,1.38228,1.38162,1.38209,1280070000,8
1296638400000,1296638879000,1.38211,1.3827,1.38138,1.3819,1284450000,8
1296638880000,1296639359000,1.38189,1.38205,1.38148,1.38159,1564280000,8
1296639360000,1296639839000,1.38154,1.38232,1.38149,1.3822,1300690000,8
1296639840000,1296640319000,1.38219,1.38239,1.38132,1.3816,1551910000,8
1296640320000,1296640799000,1.38165,1.3824,1.3815,1.38215,1244560000,8
1296640800000,1296641279000,1.38214,1.3835,1.38195,1.3833,1379830000,8
1296641280000,1296641759000,1.38328,1.38358,1.38261,1.38268,1175940000,8
1296641760000,1296642239000,1.38269,1.38325,1.38208,1.38312,1114760000,8
1296642240000,1296642719000,1.38312,1.38338,1.3822,1.38314,1527050000,8
1296642720000,1296643199000,1.38314,1.38377,1.38284,1.38372,1273420000,8
1296643200000,1296643679000,1.38376,1.38443,1.3834,1.38366,1363360000,8
1296643680000,1296644159000,1.38362,1.38426,1.38331,1.38346,1024890000,8
1296644160000,1296644639000,1.38345,1.38412,1.38289,1.38388,1417150000,8
1296644640000,1296645119000,1.38388,1.3842,1.38341,1.38392,1176950000,8
1296645120000,1296645599000,1.38392,1.38451,1.38386,1.38394,1110600000,8
1296645600000,1296646079000,1.38401,1.38429,1.38321,1.38321,1181150000,8
1296646080000,1296646559000,1.38321,1.38347,1.38169,1.38211,2284840000,8
1296646560000,1296647039000,1.38209,1.38266,1.38191,1.38248,1302590000,8
1296647040000,1296647519000,1.38254,1.38304,1.38035,1.38044,1723340000,8
1296647520000,1296647999000,1.38048,1.38081,1.37991,1.38014,1545550000,8
1296648000000,1296648479000,1.38016,1.38016,1.37955,1.37966,1449570000,8
1296648480000,1296648959000,1.37966,1.38039,1.37912,1.38038,1749010000,8
1296648960000,1296649439000,1.38038,1.38108,1.38023,1.38049,1505840000,8
1296649440000,1296649919000,1.38052,1.38054,1.37937,1.3795,1586400000,8
1296649920000,1296650399000,1.37949,1.38048,1.37883,1.38024,1519810000,8
1296650400000,1296650879000,1.38022,1.38103,1.38006,1.38046,1673780000,8
1296650880000,1296651359000,1.38046,1.38049,1.37951,1.38049,1378050000,8
1296651360000,1296651839000,1.38057,1.38067,1.3793,1.37939,1238640000,8
1296651840000,1296652319000,1.37941,1.38029,1.37932,1.37979,1534080000,8
1296652320000,1296652799000,1.37975,1.38129,1.37907,1.38093,1869820000,8
1296652800000,1296653279000,1.38091,1.38168,1.38033,1.38069,2068650000,8
1296653280000,1296653759000,1.3807,1.38127,1.37999,1.38022,1901510000,8
1296653760000,1296654239000,1.38019,1.38087,1.37962,1.38031,2048670000,8
1296654240000,1296654719000,1.3803,1.38097,1.37996,1.38016,2149550000,8
1296654720000,1296655199000,1.38014,1.38081,1.38006,1.38025,1353360000,8
1296655200000,1296655679000,1.38024,1.38029,1.37872,1.37872,2156150000,8
1296655680000,1296656159000,1.37872,1.37899,1.37808,1.37865,1807090000,8
1296656160000,1296656639000,1.37865,1.37879,1.37781,1.37854,2306260000,8
1296656640000,1296657119000,1.37854,1.3798,1.37851,1.3796,1764590000,8
1296657120000,1296657599000,1.3796,1.38047,1.37948,1.37979,1854150000,8
1296657600000,1296658079000,1.37978,1.37978,1.37866,1.37948,1755820000,8
1296658080000,1296658559000,1.37949,1.38089,1.37949,1.3808,1622790000,8
1296658560000,1296659039000,1.3808,1.3808,1.37918,1.37964,1710610000,8
1296659040000,1296659519000,1.37963,1.38055,1.37957,1.38008,2072560000,8
1296659520000,1296659999000,1.38008,1.38103,1.37993,1.38034,1733720000,8
1296660000000,1296660479000,1.38031,1.38109,1.38023,1.38077,1689220000,8
1296660480000,1296660959000,1.38073,1.38162,1.38071,1.38152,1504420000,8
1296660960000,1296661439000,1.38152,1.38271,1.38136,1.38215,1762350000,8
1296661440000,1296661919000,1.38215,1.3823,1.38129,1.3815,1637250000,8
1296661920000,1296662399000,1.38154,1.38165,1.38046,1.38092,1331030000,8
1296662400000,1296662879000,1.38095,1.38122,1.38018,1.38037,1409880000,8
1296662880000,1296663359000,1.38038,1.38089,1.38012,1.38058,1247510000,8
1296663360000,1296663839000,1.38058,1.3806,1.37968,1.38029,1312940000,8
1296663840000,1296664319000,1.38027,1.38033,1.37953,1.37991,1138800000,8
1296664320000,1296664799000,1.37986,1.37991,1.37843,1.37855,1720370000,8
1296664800000,1296665279000,1.37856,1.37939,1.37856,1.37907,1560260000,8
1296665280000,1296665759000,1.37904,1.37916,1.3775,1.37764,1862070000,8
1296665760000,1296666239000,1.37764,1.37824,1.3771,1.37734,1655330000,8
1296666240000,1296666719000,1.37731,1.37778,1.37697,1.37748,1669280000,8
1296666720000,1296667199000,1.37747,1.37862,1.37718,1.37855,1830580000,8
1296667200000,1296667679000,1.37853,1.3786,1.37744,1.3775,1771040000,8
1296667680000,1296668159000,1.37749,1.37768,1.37689,1.37754,1626590000,8
1296668160000,1296668639000,1.37754,1.37824,1.37724,1.37822,1518300000,8
1296668640000,1296669119000,1.37822,1.37908,1.37818,1.37894,1460550000,8
1296669120000,1296669599000,1.37894,1.3794,1.37854,1.3788,1305560000,8
1296669600000,1296670079000,1.3788,1.37988,1.37874,1.37962,1828110000,8
1296670080000,1296670559000,1.37959,1.37962,1.37899,1.37928,1545030000,8
1296670560000,1296671039000,1.37928,1.37968,1.37914,1.37915,1448240000,8
1296671040000,1296671519000,1.37915,1.37928,1.37848,1.37878,1247550000,8
1296671520000,1296671999000,1.3788,1.37903,1.37833,1.3784,1388960000,8
1296672000000,1296672479000,1.37841,1.37869,1.37782,1.37784,1294750000,8
1296672480000,1296672959000,1.37785,1.37801,1.37747,1.37775,1427320000,8
1296672960000,1296673439000,1.37775,1.37782,1.37704,1.37758,1714950000,8
1296673440000,1296673919000,1.37759,1.37778,1.37734,1.37753,1423840000,8
1296673920000,1296674399000,1.37753,1.37848,1.37738,1.37819,1257970000,8
1296674400000,1296674879000,1.37819,1.37857,1.37794,1.37832,1611680000,8
1296674880000,1296675359000,1.37832,1.3785,1.37801,1.37829,1137930000,8
1296675360000,1296675839000,1.37829,1.37885,1.3782,1.37879,914290000,8
1296675840000,1296676319000,1.37879,1.3791,1.37862,1.3791,976740000,8
1296676320000,1296676799000,1.37912,1.38004,1.37904,1.37983,1335220000,8
1296676800000,1296677279000,1.37983,1.38068,1.37949,1.38049,1320870000,8
1296677280000,1296677759000,1.38059,1.38079,1.38018,1.38064,1392150000,8
1296677760000,1296678239000,1.38065,1.38098,1.38056,1.38073,907430000,8
1296678240000,1296678719000,1.38073,1.38082,1.37987,1.37997,1288620000,8
1296678720000,1296679199000,1.37998,1.38039,1.37995,1.38014,765700000,8
1296679200000,1296679679000,1.38014,1.38085,1.38007,1.38063,1341400000,8
1296679680000,1296680159000,1.38062,1.38069,1.38029,1.38049,645540000,8
1296680160000,1296680639000,1.38045,1.381,1.38045,1.38059,714590000,8
1296680640000,1296681119000,1.38059,1.38075,1.38037,1.38049,455730000,8
1296681120000,1296681599000,1.38049,1.38049,1.38029,1.3804,464960000,8
1296681600000,1296682079000,1.3804,1.38048,1.38027,1.38037,398080000,8
1296682080000,1296682559000,1.38037,1.38069,1.3803,1.38069,425720000,8
1296682560000,1296683039000,1.38069,1.38103,1.38058,1.38094,776470000,8
1296683040000,1296683519000,1.38095,1.38115,1.38082,1.3811,579740000,8
1296683520000,1296683999000,1.3811,1.3811,1.38068,1.38101,705430000,8
1296684000000,1296684479000,1.38101,1.38101,1.38037,1.38071,306330000,8
1296684480000,1296684959000,1.38071,1.38079,1.38039,1.38072,385280000,8
1296684960000,1296685439000,1.38072,1.38072,1.38039,1.38052,260160000,8
1296685440000,1296685919000,1.38052,1.3806,1.37995,1.37995,317850000,8
1296685920000,1296686399000,1.37997,1.38064,1.37997,1.38064,310200000,8
1296686400000,1296686879000,1.38064,1.3807,1.3803,1.3803,284720000,8
1296686880000,1296687359000,1.38025,1.38063,1.38025,1.38034,209260000,8
1296687360000,1296687839000,1.38034,1.38062,1.38027,1.38047,327450000,8
1296687840000,1296688319000,1.38048,1.38056,1.38025,1.38049,325550000,8
1296688320000,1296688799000,1.38049,1.38089,1.3804,1.38089,355230000,8
1296688800000,1296689279000,1.38085,1.38092,1.38072,1.38089,493320000,8
1296689280000,1296689759000,1.38089,1.38118,1.38069,1.38113,611210000,8
1296689760000,1296690239000,1.38106,1.38147,1.38105,1.38127,756960000,8
1296690240000,1296690719000,1.38127,1.38132,1.38103,1.38113,307930000,8
1296690720000,1296691199000,1.38113,1.38165,1.38112,1.38157,791930000,8
1296691200000,1296691679000,1.38157,1.38157,1.38097,1.3811,942820000,8
1296691680000,1296692159000,1.3811,1.38128,1.38076,1.38121,944060000,8
1296692160000,1296692639000,1.38122,1.38147,1.38075,1.38082,512140000,8
1296692640000,1296693119000,1.38083,1.38106,1.38055,1.38094,734270000,8
1296693120000,1296693599000,1.38094,1.38105,1.38082,1.38092,698600000,8
1296693600000,1296694079000,1.38092,1.3811,1.3805,1.38081,777140000,8
1296694080000,1296694559000,1.38081,1.38105,1.38049,1.38057,1000590000,8
1296694560000,1296695039000,1.38057,1.38099,1.38047,1.38047,1036870000,8
1296695040000,1296695519000,1.38048,1.38059,1.38022,1.38033,762920000,8
1296695520000,1296695999000,1.38033,1.38039,1.37995,1.38032,1042760000,8
1296696000000,1296696479000,1.38037,1.38082,1.38032,1.38041,1111200000,8
1296696480000,1296696959000,1.38041,1.38082,1.38041,1.38082,501220000,8
1296696960000,1296697439000,1.38082,1.38085,1.38043,1.38046,550930000,8
1296697440000,1296697919000,1.38045,1.38062,1.38025,1.38043,449040000,8
1296697920000,1296698399000,1.38043,1.38089,1.38043,1.38075,466410000,8
1296698400000,1296698879000,1.38077,1.38117,1.38073,1.38082,706180000,8
1296698880000,1296699359000,1.38081,1.38097,1.38072,1.38092,491730000,8
1296699360000,1296699839000,1.38093,1.38093,1.38051,1.38053,599830000,8
1296699840000,1296700319000,1.38056,1.38092,1.38047,1.3808,498610000,8
1296700320000,1296700799000,1.38081,1.38106,1.38067,1.38093,462100000,8
1296700800000,1296701279000,1.38097,1.38102,1.38084,1.38092,110400000,8
1296701280000,1296701759000,1.38092,1.38097,1.38074,1.38084,473840000,8
1296701760000,1296702239000,1.38084,1.38107,1.38072,1.38072,467970000,8
1296702240000,1296702719000,1.38072,1.38072,1.38057,1.38062,210980000,8
1296702720000,1296703199000,1.38062,1.38064,1.38039,1.38053,525630000,8
1296703200000,1296703679000,1.38057,1.38059,1.38033,1.38033,359410000,8
1296703680000,1296704159000,1.38033,1.3805,1.3802,1.38032,811590000,8
1296704160000,1296704639000,1.38032,1.38054,1.38025,1.38042,722230000,8
1296704640000,1296705119000,1.38047,1.38055,1.38028,1.38034,427180000,8
1296705120000,1296705599000,1.38033,1.38033,1.37924,1.37929,943780000,8
1296705600000,1296706079000,1.37929,1.37947,1.3788,1.37907,882900000,8
1296706080000,1296706559000,1.37905,1.37913,1.3786,1.37877,771460000,8
1296706560000,1296707039000,1.37879,1.37903,1.37852,1.37864,725220000,8
1296707040000,1296707519000,1.37864,1.37899,1.37838,1.37872,794440000,8
1296707520000,1296707999000,1.37867,1.37929,1.37856,1.37915,661410000,8
1296708000000,1296708479000,1.37915,1.3795,1.37905,1.37934,832410000,8
1296708480000,1296708959000,1.37934,1.37957,1.37931,1.37954,560090000,8
1296708960000,1296709439000,1.37954,1.37961,1.37936,1.37955,488890000,8
1296709440000,1296709919000,1.37955,1.37962,1.37909,1.37925,641700000,8
1296709920000,1296710399000,1.37924,1.37924,1.37859,1.37862,703580000,8
1296710400000,1296710879000,1.37862,1.37902,1.37851,1.37895,600450000,8
1296710880000,1296711359000,1.37892,1.37948,1.37886,1.37924,1002060000,8
1296711360000,1296711839000,1.37924,1.37975,1.37912,1.37975,938920000,8
1296711840000,1296712319000,1.37971,1.37987,1.37958,1.37965,726130000,8
1296712320000,1296712799000,1.37965,1.37972,1.37954,1.37959,497770000,8
1296712800000,1296713279000,1.3796,1.37977,1.37942,1.37972,815410000,8
1296713280000,1296713759000,1.37973,1.38007,1.37951,1.37969,715110000,8
1296713760000,1296714239000,1.37969,1.38005,1.37969,1.3798,327890000,8
1296714240000,1296714719000,1.37981,1.37994,1.37977,1.37985,377410000,8
1296714720000,1296715199000,1.37982,1.37987,1.3797,1.37975,441430000,8
1296715200000,1296715679000,1.37974,1.37986,1.37968,1.37978,927970000,8
1296715680000,1296716159000,1.37978,1.38045,1.37962,1.3803,682410000,8
1296716160000,1296716639000,1.3803,1.38067,1.38023,1.38058,687740000,8
1296716640000,1296717119000,1.3806,1.38106,1.38033,1.3805,733570000,8
1296717120000,1296717599000,1.38052,1.38082,1.38044,1.38075,813790000,8
1296717600000,1296718079000,1.3808,1.38148,1.38071,1.38116,1322990000,8
1296718080000,1296718559000,1.38118,1.3817,1.381,1.38146,1345140000,8
1296718560000,1296719039000,1.38146,1.3824,1.3809,1.38181,1555780000,8
1296719040000,1296719519000,1.38181,1.38246,1.3815,1.38155,1486690000,8
1296719520000,1296719999000,1.38155,1.38207,1.38108,1.3812,1071110000,8
1296720000000,1296720479000,1.38125,1.38146,1.38061,1.38072,1249350000,8
1296720480000,1296720959000,1.38075,1.38098,1.37966,1.38006,1201220000,8
1296720960000,1296721439000,1.38007,1.38049,1.37957,1.38019,1318410000,8
1296721440000,1296721919000,1.38019,1.38019,1.3788,1.37941,1492530000,8
1296721920000,1296722399000,1.37942,1.3797,1.37891,1.37908,1430670000,8
1296722400000,1296722879000,1.37912,1.37919,1.37815,1.37866,1516450000,8
1296722880000,1296723359000,1.37866,1.37981,1.3786,1.37966,1139890000,8
1296723360000,1296723839000,1.37966,1.38002,1.3794,1.37978,981760000,8
1296723840000,1296724319000,1.37978,1.37999,1.37931,1.37971,1164030000,8
1296724320000,1296724799000,1.37972,1.38035,1.37941,1.38033,911220000,8
1296724800000,1296725279000,1.38034,1.38076,1.37985,1.37999,1323690000,8
1296725280000,1296725759000,1.37998,1.38012,1.37781,1.37833,1832180000,8
1296725760000,1296726239000,1.37837,1.37938,1.378,1.37801,1643450000,8
1296726240000,1296726719000,1.37801,1.37882,1.3777,1.37858,1924750000,8
1296726720000,1296727199000,1.37864,1.37864,1.37782,1.37782,1551350000,8
1296727200000,1296727679000,1.37782,1.37889,1.37756,1.37839,1548050000,8
1296727680000,1296728159000,1.37839,1.37848,1.37731,1.37839,1573110000,8
1296728160000,1296728639000,1.37842,1.37849,1.37745,1.378,1832400000,8
1296728640000,1296729119000,1.37805,1.37842,1.378,1.378,1121030000,8
1296729120000,1296729599000,1.37798,1.3783,1.3775,1.37778,1722390000,8
1296729600000,1296730079000,1.37778,1.37796,1.37722,1.37781,1511490000,8
1296730080000,1296730559000,1.37781,1.37829,1.37759,1.37778,1586930000,8
1296730560000,1296731039000,1.37777,1.37801,1.37746,1.37761,1548470000,8
1296731040000,1296731519000,1.37761,1.37848,1.3776,1.3781,1206360000,8
1296731520000,1296731999000,1.3781,1.37857,1.37742,1.37783,1093700000,8
1296732000000,1296732479000,1.37782,1.37782,1.37582,1.37638,1762340000,8
1296732480000,1296732959000,1.37633,1.37707,1.37624,1.37703,1324520000,8
1296732960000,1296733439000,1.37702,1.37704,1.37633,1.3764,1307780000,8
1296733440000,1296733919000,1.37638,1.37647,1.37549,1.37621,1448820000,8
1296733920000,1296734399000,1.37621,1.37636,1.37572,1.37597,1176600000,8
1296734400000,1296734879000,1.37595,1.37624,1.37522,1.37548,1228010000,8
1296734880000,1296735359000,1.37547,1.37608,1.37535,1.37601,1064750000,8
1296735360000,1296735839000,1.37602,1.37671,1.37594,1.37626,1386010000,8
1296735840000,1296736319000,1.37626,1.3767,1.37621,1.37662,987060000,8
1296736320000,1296736799000,1.37663,1.37722,1.37607,1.37618,1152810000,8
1296736800000,1296737279000,1.37617,1.37656,1.37598,1.37608,1034090000,8
1296737280000,1296737759000,1.37608,1.37633,1.37489,1.375,1520230000,8
1296737760000,1296738239000,1.375,1.37567,1.37448,1.37557,1718120000,8
1296738240000,1296738719000,1.37557,1.37568,1.37419,1.37451,1647710000,8
1296738720000,1296739199000,1.37448,1.37482,1.3742,1.37482,1386650000,8
1296739200000,1296739679000,1.37482,1.37561,1.37474,1.37516,1406000000,8
1296739680000,1296740159000,1.37511,1.3765,1.3714,1.37201,2345220000,8
1296740160000,1296740639000,1.37202,1.3721,1.36955,1.36972,2653300000,8
1296740640000,1296741119000,1.36969,1.3706,1.36747,1.36807,2420140000,8
1296741120000,1296741599000,1.36812,1.36869,1.36656,1.36656,2168240000,8
1296741600000,1296742079000,1.36655,1.36679,1.36556,1.36636,2143610000,8
1296742080000,1296742559000,1.36633,1.36771,1.36629,1.36639,1772190000,8
1296742560000,1296743039000,1.36648,1.36791,1.3664,1.36779,1457690000,8
1296743040000,1296743519000,1.36779,1.36779,1.36629,1.36629,1735070000,8
1296743520000,1296743999000,1.36629,1.36744,1.36558,1.36736,2160410000,8
1296744000000,1296744479000,1.36738,1.36739,1.36466,1.36524,1880030000,8
1296744480000,1296744959000,1.36524,1.36618,1.36439,1.36475,1975610000,8
1296744960000,1296745439000,1.36478,1.36478,1.36259,1.36282,2671800000,8
1296745440000,1296745919000,1.3628,1.36374,1.36239,1.36258,2136840000,8
1296745920000,1296746399000,1.36258,1.36369,1.36238,1.36346,1883520000,8
1296746400000,1296746879000,1.36345,1.36389,1.36293,1.36359,2017680000,8
1296746880000,1296747359000,1.36362,1.36429,1.36189,1.36228,1915740000,8
1296747360000,1296747839000,1.36228,1.36375,1.36163,1.36361,2032160000,8
1296747840000,1296748319000,1.3636,1.36392,1.36299,1.36323,1683030000,8
1296748320000,1296748799000,1.36326,1.36361,1.36232,1.36307,1411150000,8
1296748800000,1296749279000,1.36309,1.36309,1.36196,1.36213,1898810000,8
1296749280000,1296749759000,1.36216,1.36316,1.36176,1.36275,1507000000,8
1296749760000,1296750239000,1.36276,1.36408,1.36276,1.36403,1348140000,8
1296750240000,1296750719000,1.36404,1.36472,1.36331,1.36379,1569380000,8
1296750720000,1296751199000,1.36382,1.36459,1.36382,1.36449,1535920000,8
1296751200000,1296751679000,1.3645,1.36519,1.36429,1.36509,1550970000,8
1296751680000,1296752159000,1.36518,1.36539,1.36448,1.36538,1541340000,8
1296752160000,1296752639000,1.3654,1.36583,1.36519,1.36539,1755040000,8
1296752640000,1296753119000,1.36539,1.36559,1.36448,1.36458,1573760000,8
1296753120000,1296753599000,1.36458,1.36508,1.36406,1.36508,1458570000,8
1296753600000,1296754079000,1.36509,1.36537,1.36439,1.36439,1236270000,8
1296754080000,1296754559000,1.36438,1.3649,1.36347,1.36421,1319670000,8
1296754560000,1296755039000,1.3642,1.36481,1.36398,1.36448,894200000,8
1296755040000,1296755519000,1.36448,1.36538,1.36444,1.36516,1125140000,8
1296755520000,1296755999000,1.36513,1.36531,1.36477,1.36507,1197140000,8
1296756000000,1296756479000,1.36506,1.36513,1.36397,1.36419,1610750000,8
1296756480000,1296756959000,1.36418,1.36422,1.36326,1.36372,1129400000,8
1296756960000,1296757439000,1.36372,1.36399,1.36352,1.36368,1282500000,8
1296757440000,1296757919000,1.36367,1.36383,1.36319,1.36341,1186350000,8
1296757920000,1296758399000,1.36343,1.36378,1.36341,1.36352,1107930000,8
1296758400000,1296758879000,1.36352,1.36358,1.3619,1.36191,1700060000,8
1296758880000,1296759359000,1.36193,1.36249,1.3609,1.36133,1572560000,8
1296759360000,1296759839000,1.36136,1.36194,1.36136,1.36144,1439890000,8
1296759840000,1296760319000,1.36143,1.36162,1.36105,1.36145,1604940000,8
1296760320000,1296760799000,1.36145,1.36268,1.3614,1.36234,1827920000,8
1296760800000,1296761279000,1.36233,1.36279,1.3621,1.36229,1407570000,8
1296761280000,1296761759000,1.36228,1.3624,1.3621,1.36238,992660000,8
1296761760000,1296762239000,1.36234,1.36313,1.36227,1.36311,960620000,8
1296762240000,1296762719000,1.36311,1.36384,1.36309,1.3638,1281620000,8
1296762720000,1296763199000,1.36378,1.36419,1.36332,1.36339,2112880000,8
1296763200000,1296763679000,1.36342,1.36411,1.36342,1.36368,1929500000,8
1296763680000,1296764159000,1.36365,1.36368,1.36302,1.3635,1016390000,8
1296764160000,1296764639000,1.36352,1.36369,1.36313,1.36324,1112800000,8
1296764640000,1296765119000,1.36324,1.36362,1.36308,1.36361,929520000,8
1296765120000,1296765599000,1.36361,1.36381,1.36348,1.36363,1163590000,8
1296765600000,1296766079000,1.36364,1.36364,1.36308,1.36357,842620000,8
1296766080000,1296766559000,1.3636,1.36388,1.36345,1.36348,1302290000,8
1296766560000,1296767039000,1.36348,1.36358,1.36313,1.36323,989150000,8
1296767040000,1296767519000,1.36323,1.36338,1.36308,1.36308,483960000,8
1296767520000,1296767999000,1.3631,1.36328,1.36306,1.36319,289180000,8
1296768000000,1296768479000,1.36319,1.36343,1.36316,1.36325,410900000,8
1296768480000,1296768959000,1.36323,1.3634,1.36295,1.36331,480990000,8
1296768960000,1296769439000,1.36333,1.36358,1.36329,1.36355,407650000,8
1296769440000,1296769919000,1.36352,1.36377,1.36336,1.36341,781990000,8
1296769920000,1296770399000,1.36341,1.36342,1.36296,1.36333,583490000,8
1296770400000,1296770879000,1.36333,1.36333,1.36281,1.36307,928770000,8
1296770880000,1296771359000,1.36307,1.36315,1.36263,1.36292,376880000,8
1296771360000,1296771839000,1.36292,1.36313,1.36243,1.36249,601270000,8
1296771840000,1296772319000,1.36249,1.36266,1.3622,1.36254,305160000,8
1296772320000,1296772799000,1.36254,1.36254,1.36219,1.36234,303820000,8
1296772800000,1296773279000,1.36236,1.36247,1.36214,1.36242,338590000,8
1296773280000,1296773759000,1.36241,1.36257,1.36232,1.36257,503170000,8
1296773760000,1296774239000,1.36257,1.36273,1.36245,1.36245,384800000,8
1296774240000,1296774719000,1.36245,1.36249,1.36222,1.36238,440430000,8
1296774720000,1296775199000,1.36238,1.36241,1.36224,1.3623,296460000,8
1296775200000,1296775679000,1.3623,1.36279,1.36229,1.36279,570200000,8
1296775680000,1296776159000,1.36279,1.36292,1.36195,1.36199,918250000,8
1296776160000,1296776639000,1.36199,1.3623,1.36199,1.36225,255470000,8
1296776640000,1296777119000,1.36228,1.36249,1.36225,1.36245,458160000,8
1296777120000,1296777599000,1.36245,1.36281,1.36228,1.36232,820700000,8
1296777600000,1296778079000,1.36235,1.36277,1.3622,1.36237,1017800000,8
1296778080000,1296778559000,1.36237,1.3625,1.36213,1.36227,482740000,8
1296778560000,1296779039000,1.36227,1.36257,1.36223,1.36252,809290000,8
1296779040000,1296779519000,1.36254,1.36296,1.36247,1.36273,623150000,8
1296779520000,1296779999000,1.36273,1.36332,1.36222,1.36315,1085410000,8
1296780000000,1296780479000,1.36316,1.3632,1.36233,1.36292,915970000,8
1296780480000,1296780959000,1.36292,1.363,1.36226,1.36254,1037810000,8
1296780960000,1296781439000,1.36255,1.36279,1.36189,1.36256,888360000,8
1296781440000,1296781919000,1.36256,1.36302,1.36252,1.36262,925830000,8
1296781920000,1296782399000,1.3626,1.36302,1.36251,1.36292,768920000,8
1296782400000,1296782879000,1.36292,1.36292,1.36257,1.36263,664610000,8
1296782880000,1296783359000,1.36263,1.36275,1.36223,1.36269,809810000,8
1296783360000,1296783839000,1.36269,1.36269,1.36229,1.36238,519680000,8
1296783840000,1296784319000,1.36239,1.36269,1.36239,1.36256,408420000,8
1296784320000,1296784799000,1.36256,1.36301,1.36252,1.36259,563090000,8
1296784800000,1296785279000,1.36259,1.36282,1.36247,1.36282,521360000,8
1296785280000,1296785759000,1.36287,1.36358,1.36287,1.36323,817990000,8
1296785760000,1296786239000,1.36322,1.36367,1.36322,1.36352,671770000,8
1296786240000,1296786719000,1.36354,1.36379,1.36339,1.36372,508940000,8
1296786720000,1296787199000,1.36372,1.36397,1.36363,1.36382,495390000,8
1296787200000,1296787679000,1.36382,1.36382,1.36362,1.36372,458300000,8
1296787680000,1296788159000,1.36372,1.36372,1.36348,1.36357,217280000,8
1296788160000,1296788639000,1.36358,1.36379,1.36348,1.36377,265540000,8
1296788640000,1296789119000,1.36377,1.36378,1.36357,1.36357,155810000,8
1296789120000,1296789599000,1.36357,1.36369,1.36352,1.36369,286160000,8
1296789600000,1296790079000,1.36369,1.36377,1.36342,1.36347,253710000,8
1296790080000,1296790559000,1.36347,1.36371,1.3634,1.36362,590730000,8
1296790560000,1296791039000,1.36362,1.36382,1.36352,1.36374,434280000,8
1296791040000,1296791519000,1.36374,1.36378,1.36353,1.36372,406810000,8
1296791520000,1296791999000,1.36372,1.36372,1.3632,1.36342,587260000,8
1296792000000,1296792479000,1.36342,1.36369,1.36332,1.36352,1007260000,8
1296792480000,1296792959000,1.36352,1.36355,1.36328,1.36328,350960000,8
1296792960000,1296793439000,1.36327,1.36341,1.36322,1.36338,425610000,8
1296793440000,1296793919000,1.36338,1.36343,1.3631,1.36333,428140000,8
1296793920000,1296794399000,1.36333,1.36347,1.36328,1.36333,331400000,8
1296794400000,1296794879000,1.36332,1.36337,1.36317,1.36317,524940000,8
1296794880000,1296795359000,1.36317,1.36337,1.36316,1.36334,617880000,8
1296795360000,1296795839000,1.36329,1.36334,1.36289,1.36322,859260000,8
1296795840000,1296796319000,1.36322,1.36397,1.36322,1.36383,863170000,8
1296796320000,1296796799000,1.36383,1.36387,1.36357,1.36357,297880000,8
1296796800000,1296797279000,1.36357,1.36357,1.36329,1.36347,764810000,8
1296797280000,1296797759000,1.36347,1.36352,1.36303,1.36322,508640000,8
1296797760000,1296798239000,1.36322,1.36338,1.36313,1.36327,453410000,8
1296798240000,1296798719000,1.36329,1.36349,1.36316,1.36338,808410000,8
1296798720000,1296799199000,1.36338,1.36348,1.36325,1.36347,466550000,8
1296799200000,1296799679000,1.36348,1.36353,1.36332,1.36348,681890000,8
1296799680000,1296800159000,1.36349,1.36405,1.36349,1.36377,762860000,8
1296800160000,1296800639000,1.36379,1.36379,1.3632,1.3634,648810000,8
1296800640000,1296801119000,1.3634,1.36389,1.36333,1.36342,875480000,8
1296801120000,1296801599000,1.36338,1.36342,1.36287,1.36299,600200000,8
1296801600000,1296802079000,1.36298,1.36319,1.36269,1.36304,650690000,8
1296802080000,1296802559000,1.363,1.36342,1.36299,1.36332,362920000,8
1296802560000,1296803039000,1.36338,1.36342,1.36293,1.36298,386180000,8
1296803040000,1296803519000,1.36299,1.36302,1.36195,1.36229,1278180000,8
1296803520000,1296803999000,1.36231,1.36297,1.36196,1.36257,972240000,8
1296804000000,1296804479000,1.36256,1.36289,1.36226,1.36286,1014860000,8
1296804480000,1296804959000,1.36286,1.36356,1.36281,1.36319,971950000,8
1296804960000,1296805439000,1.3632,1.36366,1.36296,1.36333,1021280000,8
1296805440000,1296805919000,1.36336,1.36349,1.36296,1.363,718970000,8
1296805920000,1296806399000,1.36303,1.36306,1.36201,1.36209,1243380000,8
1296806400000,1296806879000,1.36209,1.36297,1.36181,1.36181,1574100000,8
1296806880000,1296807359000,1.3618,1.36255,1.36175,1.3622,1195680000,8
1296807360000,1296807839000,1.3622,1.36303,1.36205,1.36298,1129460000,8
1296807840000,1296808319000,1.36297,1.36388,1.36289,1.36388,1534970000,8
1296808320000,1296808799000,1.36387,1.36424,1.36358,1.3636,1209530000,8
1296808800000,1296809279000,1.36362,1.36368,1.36313,1.36331,1038110000,8
1296809280000,1296809759000,1.3633,1.36333,1.36293,1.363,744350000,8
1296809760000,1296810239000,1.36302,1.36373,1.36289,1.36353,1218660000,8
1296810240000,1296810719000,1.36355,1.36375,1.3633,1.36356,987480000,8
1296810720000,1296811199000,1.36354,1.36391,1.3634,1.36381,883380000,8
1296811200000,1296811679000,1.36387,1.36403,1.36361,1.36384,957400000,8
1296811680000,1296812159000,1.36384,1.36421,1.3637,1.3639,998470000,8
1296812160000,1296812639000,1.3639,1.3642,1.36353,1.36356,936040000,8
1296812640000,1296813119000,1.36356,1.36363,1.36305,1.36317,980800000,8
1296813120000,1296813599000,1.36316,1.36331,1.36293,1.363,1023580000,8
1296813600000,1296814079000,1.36299,1.36368,1.36299,1.36341,1253970000,8
1296814080000,1296814559000,1.36341,1.36389,1.36341,1.36352,1187100000,8
1296814560000,1296815039000,1.36349,1.36351,1.36269,1.36291,1402340000,8
1296815040000,1296815519000,1.36291,1.36323,1.36268,1.36286,768190000,8
1296815520000,1296815999000,1.36286,1.36309,1.3626,1.36292,949210000,8
1296816000000,1296816479000,1.36292,1.36304,1.36225,1.36225,916050000,8
1296816480000,1296816959000,1.36225,1.36278,1.36211,1.36255,1292820000,8
1296816960000,1296817439000,1.36251,1.3627,1.36224,1.36239,1345230000,8
1296817440000,1296817919000,1.36244,1.36329,1.36244,1.36298,865760000,8
1296817920000,1296818399000,1.36298,1.36322,1.36264,1.36315,979500000,8
1296818400000,1296818879000,1.36314,1.36314,1.36247,1.36261,987140000,8
1296818880000,1296819359000,1.36261,1.36326,1.3625,1.36312,1181990000,8
1296819360000,1296819839000,1.36313,1.36341,1.36284,1.3629,825900000,8
1296819840000,1296820319000,1.36293,1.36302,1.36279,1.36291,813670000,8
1296820320000,1296820799000,1.3629,1.36299,1.36251,1.36261,1036390000,8
1296820800000,1296821279000,1.36262,1.36299,1.36222,1.36277,1243280000,8
1296821280000,1296821759000,1.36275,1.36283,1.36251,1.36271,810180000,8
1296821760000,1296822239000,1.36269,1.36319,1.3626,1.36302,1137730000,8
1296822240000,1296822719000,1.36307,1.36327,1.3623,1.36241,1449190000,8
1296822720000,1296823199000,1.36248,1.36339,1.36239,1.36333,1460530000,8
1296823200000,1296823679000,1.36333,1.36338,1.36281,1.36294,1102010000,8
1296823680000,1296824159000,1.36293,1.36325,1.3627,1.36311,967800000,8
1296824160000,1296824639000,1.36309,1.36316,1.36275,1.363,1398220000,8
1296824640000,1296825119000,1.36299,1.36341,1.36251,1.36282,1511380000,8
1296825120000,1296825599000,1.36281,1.36342,1.36264,1.36329,1564120000,8
1296825600000,1296826079000,1.36327,1.36459,1.36301,1.36437,1853720000,8
1296826080000,1296826559000,1.36439,1.36492,1.3617,1.36215,3240850000,8
1296826560000,1296827039000,1.36214,1.36214,1.35784,1.3594,2771240000,8
1296827040000,1296827519000,1.35936,1.35957,1.35709,1.35779,2615990000,8
1296827520000,1296827999000,1.35777,1.35898,1.35751,1.35819,2101530000,8
1296828000000,1296828479000,1.3582,1.3598,1.35814,1.35921,2047230000,8
1296828480000,1296828959000,1.3592,1.3609,1.35884,1.36024,2087660000,8
1296828960000,1296829439000,1.36024,1.36071,1.3584,1.35884,1920230000,8
1296829440000,1296829919000,1.35884,1.35913,1.35743,1.35794,2076550000,8
1296829920000,1296830399000,1.35796,1.35918,1.35779,1.35911,2029770000,8
1296830400000,1296830879000,1.35909,1.35948,1.35771,1.35783,2002490000,8
1296830880000,1296831359000,1.35783,1.3579,1.35582,1.35612,2294350000,8
1296831360000,1296831839000,1.35614,1.35614,1.35461,1.35485,2581800000,8
1296831840000,1296832319000,1.35484,1.3565,1.35466,1.35618,2220400000,8
1296832320000,1296832799000,1.35616,1.35636,1.35483,1.35627,2227220000,8
1296832800000,1296833279000,1.35626,1.35648,1.356,1.35621,1609790000,8
1296833280000,1296833759000,1.35621,1.35677,1.35589,1.3559,1832610000,8
1296833760000,1296834239000,1.35591,1.35591,1.35491,1.35557,2043230000,8
1296834240000,1296834719000,1.35554,1.35571,1.35431,1.35445,2304680000,8
1296834720000,1296835199000,1.35448,1.35547,1.35435,1.35505,2144230000,8
1296835200000,1296835679000,1.35508,1.35596,1.35485,1.35538,1979070000,8
1296835680000,1296836159000,1.3554,1.35556,1.35474,1.35494,1994770000,8
1296836160000,1296836639000,1.35497,1.35723,1.3544,1.3569,2375890000,8
1296836640000,1296837119000,1.3569,1.3574,1.35633,1.3573,2003800000,8
1296837120000,1296837599000,1.3573,1.35849,1.3573,1.35837,1758450000,8
1296837600000,1296838079000,1.3584,1.35859,1.35757,1.35757,1870850000,8
1296838080000,1296838559000,1.35755,1.35782,1.35724,1.35736,1407890000,8
1296838560000,1296839039000,1.35738,1.3584,1.35738,1.35759,1476420000,8
1296839040000,1296839519000,1.35758,1.35761,1.3569,1.35719,1311740000,8
1296839520000,1296839999000,1.35719,1.35768,1.35678,1.35748,1254820000,8
1296840000000,1296840479000,1.35749,1.3577,1.35706,1.35752,1372340000,8
1296840480000,1296840959000,1.35755,1.35778,1.35691,1.35765,1440490000,8
1296840960000,1296841439000,1.35765,1.35878,1.35765,1.3587,1237430000,8
1296841440000,1296841919000,1.3587,1.35979,1.35864,1.35945,1615850000,8
1296841920000,1296842399000,1.35949,1.35964,1.35796,1.35796,1404060000,8
1296842400000,1296842879000,1.3579,1.35812,1.35732,1.35765,1410030000,8
1296842880000,1296843359000,1.35765,1.3582,1.35755,1.3579,947580000,8
1296843360000,1296843839000,1.35794,1.35818,1.3576,1.3579,826610000,8
1296843840000,1296844319000,1.3579,1.35893,1.3579,1.35884,687130000,8
1296844320000,1296844799000,1.35885,1.35903,1.35839,1.35849,940210000,8
1296844800000,1296845279000,1.3585,1.35896,1.358,1.35858,889300000,8
1296845280000,1296845759000,1.35858,1.35885,1.35828,1.35885,1009060000,8
1296845760000,1296846239000,1.3589,1.35911,1.3585,1.35869,693510000,8
1296846240000,1296846719000,1.35869,1.3587,1.35836,1.35852,801530000,8
1296846720000,1296847199000,1.35852,1.35878,1.35838,1.35852,716830000,8
1296847200000,1296847679000,1.35852,1.35852,1.35764,1.35808,1290830000,8
1296847680000,1296848159000,1.35808,1.35808,1.35756,1.35756,803270000,8
1296848160000,1296848639000,1.35756,1.35778,1.35738,1.35738,849820000,8
1296848640000,1296849119000,1.35739,1.35844,1.35732,1.35841,1393280000,8
1296849120000,1296849599000,1.35839,1.35885,1.35809,1.35845,1240540000,8
1296849600000,1296850079000,1.35843,1.35868,1.3577,1.35792,684050000,8
1296850080000,1296850559000,1.35792,1.35807,1.35779,1.35791,538410000,8
1296850560000,1296851039000,1.35791,1.35837,1.35784,1.35787,769320000,8
1296851040000,1296851519000,1.35787,1.35847,1.35779,1.35847,595920000,8
1296851520000,1296851999000,1.35847,1.35861,1.35809,1.35822,562800000,8
1296852000000,1296852479000,1.35822,1.35901,1.35817,1.35878,444740000,8
1296852480000,1296852959000,1.35878,1.35878,1.35846,1.35868,442820000,8
1296852960000,1296853439000,1.35868,1.35876,1.35797,1.35811,557840000,8
1296853440000,1296853919000,1.3581,1.35844,1.35777,1.35831,469750000,8
1296853920000,1296854399000,1.35831,1.35863,1.35822,1.35857,319620000,8
1296854400000,1296854879000,1.35857,1.35888,1.35847,1.35872,454650000,8
1296854880000,1296855359000,1.35872,1.35887,1.35842,1.35843,435190000,8
1296855360000,1296855839000,1.35844,1.35859,1.35826,1.35848,409380000,8
1296855840000,1296856319000,1.35853,1.35859,1.35833,1.35836,363570000,8
1296856320000,1296856799000,1.35837,1.35843,1.35798,1.35798,297590000,8
1297029600000,1297030079000,1.3559,1.35661,1.3559,1.35655,206640000,8
1297030080000,1297030559000,1.35656,1.35705,1.35655,1.35705,268320000,8
1297030560000,1297031039000,1.35708,1.35726,1.35648,1.35648,359950000,8
1297031040000,1297031519000,1.35647,1.35694,1.35629,1.35694,250520000,8
1297031520000,1297031999000,1.35686,1.35693,1.35649,1.35654,143950000,8
1297032000000,1297032479000,1.35654,1.35673,1.3564,1.35649,316580000,8
1297032480000,1297032959000,1.35649,1.35666,1.35632,1.35664,93520000,8
1297032960000,1297033439000,1.35667,1.35755,1.35647,1.35735,363180000,8
1297033440000,1297033919000,1.35735,1.35758,1.35707,1.35715,441220000,8
1297033920000,1297034399000,1.35715,1.35729,1.35672,1.35677,528040000,8
1297034400000,1297034879000,1.35675,1.35689,1.35645,1.35665,662120000,8
1297034880000,1297035359000,1.35659,1.35682,1.35645,1.35682,535210000,8
1297035360000,1297035839000,1.35682,1.35726,1.35677,1.35722,604400000,8
1297035840000,1297036319000,1.35722,1.35741,1.35713,1.35723,468120000,8
1297036320000,1297036799000,1.35724,1.35738,1.35713,1.35727,520980000,8
1297036800000,1297037279000,1.35727,1.35759,1.35727,1.35742,572970000,8
1297037280000,1297037759000,1.35741,1.35762,1.35708,1.35755,778570000,8
1297037760000,1297038239000,1.35755,1.35845,1.35752,1.35827,791980000,8
1297038240000,1297038719000,1.35827,1.35827,1.35725,1.35785,747750000,8
1297038720000,1297039199000,1.35785,1.35862,1.35755,1.35819,951700000,8
1297039200000,1297039679000,1.35819,1.35857,1.35795,1.35857,647420000,8
1297039680000,1297040159000,1.35862,1.35868,1.3577,1.35787,1229760000,8
1297040160000,1297040639000,1.35788,1.35811,1.35755,1.3581,1024940000,8
1297040640000,1297041119000,1.35811,1.3592,1.35811,1.3592,670530000,8
1297041120000,1297041599000,1.3592,1.35976,1.3592,1.35953,1251590000,8
1297041600000,1297042079000,1.35955,1.35971,1.35907,1.35947,949450000,8
1297042080000,1297042559000,1.35947,1.35952,1.35917,1.35942,641220000,8
1297042560000,1297043039000,1.35942,1.35972,1.35923,1.35931,675240000,8
1297043040000,1297043519000,1.35931,1.35969,1.35931,1.35964,420200000,8
1297043520000,1297043999000,1.35964,1.35973,1.35943,1.35962,610400000,8
1297044000000,1297044479000,1.3596,1.36039,1.35959,1.36009,923690000,8
1297044480000,1297044959000,1.36009,1.36158,1.36002,1.36137,1585980000,8
1297044960000,1297045439000,1.36137,1.36177,1.36127,1.36157,1217870000,8
1297045440000,1297045919000,1.36157,1.36195,1.36137,1.36182,988260000,8
1297045920000,1297046399000,1.36182,1.36187,1.36131,1.36167,925400000,8
1297046400000,1297046879000,1.36163,1.36191,1.36145,1.36167,731440000,8
1297046880000,1297047359000,1.36172,1.36197,1.36155,1.36195,676950000,8
1297047360000,1297047839000,1.36192,1.3623,1.36167,1.36201,1115880000,8
1297047840000,1297048319000,1.36203,1.36229,1.36167,1.36168,675740000,8
1297048320000,1297048799000,1.36172,1.36177,1.36108,1.36112,796590000,8
1297048800000,1297049279000,1.36117,1.36152,1.36113,1.36138,802470000,8
1297049280000,1297049759000,1.36138,1.36153,1.36117,1.36125,475190000,8
1297049760000,1297050239000,1.36125,1.36147,1.36113,1.36147,320790000,8
1297050240000,1297050719000,1.36152,1.36168,1.36137,1.36155,591890000,8
1297050720000,1297051199000,1.36155,1.3616,1.36121,1.36142,591450000,8
1297051200000,1297051679000,1.36142,1.36157,1.36118,1.36142,411720000,8
1297051680000,1297052159000,1.36142,1.36142,1.36119,1.36129,370390000,8
1297052160000,1297052639000,1.36129,1.3614,1.3611,1.36135,625410000,8
1297052640000,1297053119000,1.36134,1.3616,1.36133,1.36145,489190000,8
1297053120000,1297053599000,1.36145,1.36167,1.36133,1.36154,620510000,8
1297053600000,1297054079000,1.36156,1.36157,1.36132,1.36144,222320000,8
1297054080000,1297054559000,1.36144,1.36159,1.36094,1.36095,694230000,8
1297054560000,1297055039000,1.36097,1.36117,1.3608,1.36105,702000000,8
1297055040000,1297055519000,1.36105,1.36128,1.36085,1.36089,574480000,8
1297055520000,1297055999000,1.36089,1.36123,1.36088,1.36122,391250000,8
1297056000000,1297056479000,1.36118,1.36167,1.36118,1.36128,687820000,8
1297056480000,1297056959000,1.36129,1.36137,1.36095,1.36105,659110000,8
1297056960000,1297057439000,1.36103,1.36148,1.36103,1.36144,481250000,8
1297057440000,1297057919000,1.36144,1.36144,1.36076,1.36088,691720000,8
1297057920000,1297058399000,1.36092,1.36102,1.3607,1.36074,834740000,8
1297058400000,1297058879000,1.36074,1.36103,1.36065,1.36077,745950000,8
1297058880000,1297059359000,1.36077,1.36095,1.36063,1.36063,796230000,8
1297059360000,1297059839000,1.36062,1.36097,1.36057,1.36087,900470000,8
1297059840000,1297060319000,1.36087,1.36101,1.36065,1.36096,840670000,8
1297060320000,1297060799000,1.36095,1.36116,1.36055,1.36062,789450000,8
1297060800000,1297061279000,1.36062,1.36113,1.36062,1.36109,709430000,8
1297061280000,1297061759000,1.36109,1.36188,1.36105,1.36165,1444350000,8
1297061760000,1297062239000,1.3617,1.36205,1.3612,1.36205,691070000,8
1297062240000,1297062719000,1.36205,1.36262,1.36143,1.36199,1185090000,8
1297062720000,1297063199000,1.36204,1.36212,1.36131,1.36147,1133920000,8
1297063200000,1297063679000,1.3615,1.36188,1.36107,1.36163,1247620000,8
1297063680000,1297064159000,1.36162,1.36184,1.361,1.36103,1704950000,8
1297064160000,1297064639000,1.36103,1.36133,1.36004,1.36004,1682160000,8
1297064640000,1297065119000,1.36004,1.36041,1.35895,1.359,1632410000,8
1297065120000,1297065599000,1.35898,1.35929,1.3585,1.35851,1463460000,8
1297065600000,1297066079000,1.35848,1.35962,1.35821,1.35949,1489340000,8
1297066080000,1297066559000,1.35948,1.35976,1.35885,1.35893,1058800000,8
1297066560000,1297067039000,1.35891,1.35958,1.35888,1.35944,1137940000,8
1297067040000,1297067519000,1.35946,1.36142,1.35938,1.36126,1758840000,8
1297067520000,1297067999000,1.36126,1.36193,1.36086,1.3611,1643350000,8
1297068000000,1297068479000,1.36111,1.36248,1.36109,1.36206,1620440000,8
1297068480000,1297068959000,1.36204,1.36209,1.36139,1.3614,1270970000,8
1297068960000,1297069439000,1.36148,1.36169,1.36045,1.36048,1481920000,8
1297069440000,1297069919000,1.36051,1.36129,1.36031,1.36033,1349510000,8
1297069920000,1297070399000,1.36033,1.36051,1.35828,1.35881,1784250000,8
1297070400000,1297070879000,1.35883,1.35957,1.35879,1.35913,1296970000,8
1297070880000,1297071359000,1.35909,1.3597,1.3589,1.35938,1569660000,8
1297071360000,1297071839000,1.35945,1.36052,1.35931,1.36022,1502790000,8
1297071840000,1297072319000,1.36022,1.36039,1.35978,1.3601,1633140000,8
1297072320000,1297072799000,1.36009,1.36068,1.35969,1.36018,1716110000,8
1297072800000,1297073279000,1.36009,1.36033,1.35919,1.35934,1910770000,8
1297073280000,1297073759000,1.35934,1.35949,1.35773,1.3579,1807290000,8
1297073760000,1297074239000,1.3579,1.35799,1.35728,1.35796,2221420000,8
1297074240000,1297074719000,1.35794,1.35802,1.35677,1.35688,1381300000,8
1297074720000,1297075199000,1.35687,1.35769,1.35667,1.35748,1773550000,8
1297075200000,1297075679000,1.35748,1.3578,1.35725,1.35726,1118040000,8
1297075680000,1297076159000,1.35726,1.3574,1.35691,1.35721,1254310000,8
1297076160000,1297076639000,1.35715,1.35733,1.35568,1.35582,1550240000,8
1297076640000,1297077119000,1.35581,1.35584,1.35383,1.35416,2126160000,8
1297077120000,1297077599000,1.35412,1.35538,1.35388,1.35518,1801470000,8
1297077600000,1297078079000,1.35516,1.35537,1.35448,1.35509,1613500000,8
1297078080000,1297078559000,1.3551,1.35558,1.35467,1.3551,1441170000,8
1297078560000,1297079039000,1.3551,1.35587,1.35501,1.3553,1285620000,8
1297079040000,1297079519000,1.35528,1.35538,1.35414,1.35483,1496290000,8
1297079520000,1297079999000,1.35483,1.35521,1.35442,1.35445,1694560000,8
1297080000000,1297080479000,1.35442,1.35468,1.35384,1.35423,1534570000,8
1297080480000,1297080959000,1.35428,1.35439,1.35338,1.35429,1558580000,8
1297080960000,1297081439000,1.35433,1.3549,1.35418,1.35471,1543350000,8
1297081440000,1297081919000,1.35478,1.35488,1.3544,1.35452,1075750000,8
1297081920000,1297082399000,1.35453,1.3552,1.35452,1.35473,1251510000,8
1297082400000,1297082879000,1.35478,1.35507,1.35453,1.35481,955560000,8
1297082880000,1297083359000,1.35479,1.35591,1.35475,1.35586,1558780000,8
1297083360000,1297083839000,1.35588,1.35629,1.35558,1.35558,1479120000,8
1297083840000,1297084319000,1.35558,1.35591,1.35526,1.35541,1513080000,8
1297084320000,1297084799000,1.3554,1.3559,1.35528,1.35561,1400310000,8
1297084800000,1297085279000,1.35558,1.35683,1.35552,1.35616,1108360000,8
1297085280000,1297085759000,1.35617,1.35646,1.35567,1.35583,1349530000,8
1297085760000,1297086239000,1.35586,1.35594,1.35365,1.35374,2245040000,8
1297086240000,1297086719000,1.35378,1.35445,1.35311,1.354,1620940000,8
1297086720000,1297087199000,1.35405,1.3541,1.35168,1.35201,1755700000,8
1297087200000,1297087679000,1.35201,1.35268,1.3519,1.35268,1453610000,8
1297087680000,1297088159000,1.35269,1.35279,1.35209,1.35252,2061420000,8
1297088160000,1297088639000,1.35252,1.35273,1.3514,1.35215,1747780000,8
1297088640000,1297089119000,1.35215,1.35216,1.35121,1.35144,2122040000,8
1297089120000,1297089599000,1.35144,1.35268,1.35135,1.3524,1757560000,8
1297089600000,1297090079000,1.35242,1.35268,1.35212,1.35224,1824620000,8
1297090080000,1297090559000,1.35223,1.35223,1.35101,1.35114,1681400000,8
1297090560000,1297091039000,1.35113,1.35178,1.35079,1.35139,2034790000,8
1297091040000,1297091519000,1.35135,1.35222,1.3509,1.352,2002320000,8
1297091520000,1297091999000,1.352,1.35239,1.3518,1.35229,2007910000,8
1297092000000,1297092479000,1.35228,1.35411,1.35221,1.35364,2123370000,8
1297092480000,1297092959000,1.35363,1.35391,1.35323,1.35362,1455830000,8
1297092960000,1297093439000,1.35361,1.35362,1.35281,1.35321,1301380000,8
1297093440000,1297093919000,1.35323,1.35529,1.35322,1.35514,1255010000,8
1297093920000,1297094399000,1.35513,1.35531,1.35421,1.35421,1146130000,8
1297094400000,1297094879000,1.35423,1.3547,1.35393,1.3547,1318840000,8
1297094880000,1297095359000,1.3547,1.35578,1.35457,1.35496,1508510000,8
1297095360000,1297095839000,1.35496,1.35502,1.35393,1.35439,1148320000,8
1297095840000,1297096319000,1.35439,1.35588,1.35425,1.35539,1776800000,8
1297096320000,1297096799000,1.35542,1.35711,1.35522,1.3571,1341180000,8
1297096800000,1297097279000,1.3571,1.3571,1.35633,1.35633,1760180000,8
1297097280000,1297097759000,1.3563,1.35639,1.35535,1.35568,1693780000,8
1297097760000,1297098239000,1.35568,1.35604,1.35535,1.35539,1302390000,8
1297098240000,1297098719000,1.35539,1.35589,1.35506,1.3553,1114930000,8
1297098720000,1297099199000,1.35527,1.35532,1.35466,1.35469,849710000,8
1297099200000,1297099679000,1.35469,1.35521,1.35459,1.35479,803040000,8
1297099680000,1297100159000,1.35479,1.35489,1.35458,1.35468,817530000,8
1297100160000,1297100639000,1.35468,1.35477,1.3544,1.35455,939550000,8
1297100640000,1297101119000,1.35455,1.35509,1.35452,1.35466,897120000,8
1297101120000,1297101599000,1.35466,1.35502,1.35448,1.35448,720820000,8
1297101600000,1297102079000,1.35447,1.35542,1.3544,1.35534,1052780000,8
1297102080000,1297102559000,1.35534,1.35636,1.3553,1.35606,1375280000,8
1297102560000,1297103039000,1.35606,1.35657,1.35568,1.35614,1283040000,8
1297103040000,1297103519000,1.35614,1.35648,1.35586,1.35645,1171450000,8
1297103520000,1297103999000,1.35648,1.35652,1.35571,1.35616,1152880000,8
1297104000000,1297104479000,1.35616,1.35702,1.35615,1.35696,858940000,8
1297104480000,1297104959000,1.35698,1.3571,1.35658,1.35671,1335080000,8
1297104960000,1297105439000,1.35668,1.35849,1.35659,1.35844,2248820000,8
1297105440000,1297105919000,1.35844,1.35889,1.35794,1.35797,1780260000,8
1297105920000,1297106399000,1.35797,1.35832,1.35769,1.358,1368130000,8
1297106400000,1297106879000,1.358,1.35822,1.35766,1.35803,1228510000,8
1297106880000,1297107359000,1.35805,1.35888,1.35757,1.35864,1487430000,8
1297107360000,1297107839000,1.35863,1.35869,1.35768,1.35804,1386880000,8
1297107840000,1297108319000,1.35805,1.35884,1.358,1.35828,1206040000,8
1297108320000,1297108799000,1.35828,1.35868,1.35809,1.35859,865810000,8
1297108800000,1297109279000,1.35864,1.35968,1.35857,1.35967,1358430000,8
1297109280000,1297109759000,1.35965,1.35993,1.35942,1.35972,1246080000,8
1297109760000,1297110239000,1.35972,1.35987,1.35928,1.35955,1153750000,8
1297110240000,1297110719000,1.35958,1.35984,1.35897,1.35898,1053610000,8
1297110720000,1297111199000,1.35898,1.35898,1.35857,1.35868,800190000,8
1297111200000,1297111679000,1.35868,1.35878,1.35858,1.35873,846260000,8
1297111680000,1297112159000,1.35873,1.35888,1.35862,1.35863,594150000,8
1297112160000,1297112639000,1.35863,1.35864,1.35838,1.35849,815860000,8
1297112640000,1297113119000,1.35849,1.35868,1.35847,1.35859,462800000,8
1297113120000,1297113599000,1.35859,1.35878,1.35856,1.35862,621190000,8
1297113600000,1297114079000,1.35862,1.35866,1.35849,1.35854,505630000,8
1297114080000,1297114559000,1.35854,1.3587,1.35839,1.35849,543760000,8
1297114560000,1297115039000,1.35849,1.35854,1.35818,1.35828,597000000,8
1297115040000,1297115519000,1.35828,1.35858,1.35819,1.35853,552880000,8
1297115520000,1297115999000,1.35853,1.35858,1.35817,1.35817,426500000,8
1297116000000,1297116479000,1.35817,1.35828,1.35795,1.35815,535270000,8
1297116480000,1297116959000,1.35816,1.35836,1.358,1.35808,454950000,8
1297116960000,1297117439000,1.35808,1.35823,1.35761,1.35799,432550000,8
1297117440000,1297117919000,1.35799,1.35855,1.35769,1.35804,657480000,8
1297117920000,1297118399000,1.35802,1.35827,1.35787,1.35804,406670000,8
1297118400000,1297118879000,1.35804,1.35816,1.35773,1.35773,380910000,8
1297118880000,1297119359000,1.35774,1.35805,1.35762,1.35789,431910000,8
1297119360000,1297119839000,1.35793,1.35827,1.35773,1.35827,204550000,8
1297119840000,1297120319000,1.35827,1.35841,1.35787,1.35795,349090000,8
1297120320000,1297120799000,1.35795,1.35832,1.35795,1.35802,462650000,8
1297120800000,1297121279000,1.35802,1.35877,1.35787,1.35864,890550000,8
1297121280000,1297121759000,1.35862,1.35899,1.35832,1.35884,758960000,8
1297121760000,1297122239000,1.35884,1.35909,1.35879,1.35904,379830000,8
1297122240000,1297122719000,1.35904,1.35904,1.35868,1.35899,413420000,8
1297122720000,1297123199000,1.359,1.35947,1.359,1.35922,482780000,8
1297123200000,1297123679000,1.35919,1.35932,1.35824,1.35827,1110290000,8
1297123680000,1297124159000,1.35827,1.35838,1.35797,1.35803,1107870000,8
1297124160000,1297124639000,1.35803,1.35828,1.35787,1.358,615060000,8
1297124640000,1297125119000,1.358,1.35837,1.358,1.35818,503370000,8
1297125120000,1297125599000,1.35819,1.35858,1.35807,1.35829,721040000,8
1297125600000,1297126079000,1.3583,1.35838,1.35811,1.35817,644770000,8
1297126080000,1297126559000,1.35822,1.35847,1.35809,1.35818,846360000,8
1297126560000,1297127039000,1.35817,1.3583,1.35808,1.35814,474280000,8
1297127040000,1297127519000,1.35814,1.35814,1.3577,1.3577,718070000,8
1297127520000,1297127999000,1.35772,1.35779,1.35732,1.35763,1138150000,8
1297128000000,1297128479000,1.35767,1.35782,1.35752,1.35769,708230000,8
1297128480000,1297128959000,1.3577,1.3577,1.3572,1.35764,1076490000,8
1297128960000,1297129439000,1.35764,1.35834,1.35753,1.3583,808070000,8
1297129440000,1297129919000,1.3583,1.35833,1.35813,1.35813,621590000,8
1297129920000,1297130399000,1.35815,1.35836,1.35802,1.35827,902300000,8
1297130400000,1297130879000,1.3583,1.35886,1.35817,1.35875,669800000,8
1297130880000,1297131359000,1.35878,1.35898,1.35859,1.35875,511100000,8
1297131360000,1297131839000,1.35875,1.35919,1.35874,1.35909,521410000,8
1297131840000,1297132319000,1.35909,1.35942,1.35898,1.35942,352600000,8
1297132320000,1297132799000,1.35942,1.3602,1.35939,1.3602,1336400000,8
1297132800000,1297133279000,1.36015,1.36089,1.35993,1.36058,1180840000,8
1297133280000,1297133759000,1.36059,1.36118,1.36033,1.36103,796700000,8
1297133760000,1297134239000,1.36108,1.36149,1.36066,1.36077,1077190000,8
1297134240000,1297134719000,1.36077,1.36107,1.36062,1.36105,706540000,8
1297134720000,1297135199000,1.36105,1.36105,1.36056,1.361,481430000,8
1297135200000,1297135679000,1.36099,1.36116,1.36077,1.36079,551260000,8
1297135680000,1297136159000,1.36077,1.36079,1.36049,1.36052,580290000,8
1297136160000,1297136639000,1.36052,1.36079,1.3605,1.36075,383690000,8
1297136640000,1297137119000,1.36074,1.36085,1.36054,1.36074,585480000,8
1297137120000,1297137599000,1.36074,1.36179,1.36067,1.36157,952810000,8
1297137600000,1297138079000,1.36157,1.36173,1.36131,1.36172,658470000,8
1297138080000,1297138559000,1.36172,1.36177,1.36143,1.36147,786430000,8
1297138560000,1297139039000,1.36147,1.36175,1.36121,1.36132,709480000,8
1297139040000,1297139519000,1.36132,1.36153,1.3613,1.36146,340510000,8
1297139520000,1297139999000,1.36146,1.36155,1.36128,1.36132,751970000,8
1297140000000,1297140479000,1.36134,1.36148,1.36122,1.36144,707530000,8
1297140480000,1297140959000,1.36144,1.36144,1.36118,1.36128,561010000,8
1297140960000,1297141439000,1.36128,1.36195,1.3611,1.36188,988570000,8
1297141440000,1297141919000,1.36188,1.36337,1.36184,1.36304,1588580000,8
1297141920000,1297142399000,1.36304,1.36337,1.3627,1.36317,1432290000,8
1297142400000,1297142879000,1.36317,1.36357,1.36299,1.36327,1130140000,8
1297142880000,1297143359000,1.36327,1.36337,1.36304,1.36322,698240000,8
1297143360000,1297143839000,1.36322,1.36322,1.36266,1.36277,1084430000,8
1297143840000,1297144319000,1.36278,1.36287,1.36255,1.36268,1094820000,8
1297144320000,1297144799000,1.36268,1.36278,1.36226,1.36228,987070000,8
1297144800000,1297145279000,1.36228,1.36249,1.36228,1.3623,518480000,8
1297145280000,1297145759000,1.36229,1.36229,1.36189,1.36212,778530000,8
1297145760000,1297146239000,1.36219,1.3626,1.36217,1.36238,752940000,8
1297146240000,1297146719000,1.36238,1.36252,1.36218,1.36246,700390000,8
1297146720000,1297147199000,1.36246,1.36329,1.36246,1.36307,1206950000,8
1297147200000,1297147679000,1.36306,1.36341,1.36253,1.36337,829610000,8
1297147680000,1297148159000,1.36337,1.36455,1.36304,1.36455,1162980000,8
1297148160000,1297148639000,1.36453,1.36455,1.36294,1.36322,1309170000,8
1297148640000,1297149119000,1.36322,1.36397,1.36295,1.36346,1044720000,8
1297149120000,1297149599000,1.36349,1.36358,1.3627,1.36348,1683920000,8
1297149600000,1297150079000,1.3635,1.36418,1.36341,1.36369,1439960000,8
1297150080000,1297150559000,1.36372,1.36439,1.36362,1.36397,1612300000,8
1297150560000,1297151039000,1.36398,1.36429,1.36359,1.36365,1308880000,8
1297151040000,1297151519000,1.36362,1.36397,1.36346,1.36369,1061160000,8
1297151520000,1297151999000,1.36371,1.364,1.36271,1.36271,1336880000,8
1297152000000,1297152479000,1.36272,1.36366,1.3622,1.36341,2029930000,8
1297152480000,1297152959000,1.36341,1.36359,1.36221,1.36259,1451220000,8
1297152960000,1297153439000,1.36251,1.36415,1.36228,1.36415,1495640000,8
1297153440000,1297153919000,1.36412,1.36478,1.36368,1.36408,1586880000,8
1297153920000,1297154399000,1.36408,1.36411,1.36319,1.36392,1290720000,8
1297154400000,1297154879000,1.36392,1.36422,1.36323,1.36364,1229750000,8
1297154880000,1297155359000,1.36365,1.36365,1.36239,1.36267,1351090000,8
1297155360000,1297155839000,1.36268,1.36289,1.36109,1.36125,1669810000,8
1297155840000,1297156319000,1.36124,1.36153,1.35981,1.35999,1577860000,8
1297156320000,1297156799000,1.35998,1.3604,1.35925,1.35949,2068140000,8
1297156800000,1297157279000,1.35947,1.36051,1.35945,1.36046,1902270000,8
1297157280000,1297157759000,1.36044,1.36095,1.36036,1.3609,1079800000,8
1297157760000,1297158239000,1.3609,1.36096,1.36037,1.3608,1268030000,8
1297158240000,1297158719000,1.3608,1.36156,1.36063,1.36088,1463880000,8
1297158720000,1297159199000,1.36088,1.36108,1.36031,1.36055,1407110000,8
1297159200000,1297159679000,1.36055,1.36151,1.36051,1.36121,884240000,8
1297159680000,1297160159000,1.36121,1.36137,1.3609,1.3612,1031400000,8
1297160160000,1297160639000,1.36122,1.36399,1.36118,1.36359,2020510000,8
1297160640000,1297161119000,1.36359,1.3641,1.36209,1.36238,2366670000,8
1297161120000,1297161599000,1.36238,1.36419,1.36119,1.36397,2266220000,8
1297161600000,1297162079000,1.36397,1.3646,1.36334,1.36446,1469840000,8
1297162080000,1297162559000,1.36446,1.36643,1.36442,1.36548,1603110000,8
1297162560000,1297163039000,1.36555,1.36555,1.3625,1.36299,1798500000,8
1297163040000,1297163519000,1.36296,1.3635,1.36256,1.3635,1355180000,8
1297163520000,1297163999000,1.3635,1.365,1.36333,1.36409,1627010000,8
1297164000000,1297164479000,1.3641,1.36471,1.36381,1.36471,1523010000,8
1297164480000,1297164959000,1.36471,1.36615,1.36451,1.36538,1949030000,8
1297164960000,1297165439000,1.36536,1.36619,1.36499,1.36504,1409320000,8
1297165440000,1297165919000,1.36508,1.36648,1.36506,1.36609,1748070000,8
1297165920000,1297166399000,1.36609,1.36651,1.36528,1.36643,2020530000,8
1297166400000,1297166879000,1.36644,1.36652,1.36525,1.36543,1816670000,8
1297166880000,1297167359000,1.36548,1.36621,1.36469,1.36469,1703010000,8
1297167360000,1297167839000,1.36469,1.36492,1.36422,1.36459,1615160000,8
1297167840000,1297168319000,1.36458,1.36458,1.36368,1.36457,2208170000,8
1297168320000,1297168799000,1.36457,1.36534,1.3642,1.36434,1710400000,8
1297168800000,1297169279000,1.36434,1.36484,1.36407,1.36441,1598340000,8
1297169280000,1297169759000,1.3644,1.36514,1.36388,1.36473,1810120000,8
1297169760000,1297170239000,1.36472,1.36472,1.36296,1.3631,2022260000,8
1297170240000,1297170719000,1.36309,1.36371,1.36279,1.36339,1743350000,8
1297170720000,1297171199000,1.36339,1.36433,1.3631,1.36418,1376530000,8
1297171200000,1297171679000,1.36413,1.36451,1.36395,1.36416,1320960000,8
1297171680000,1297172159000,1.36417,1.36517,1.36408,1.36508,1898350000,8
1297172160000,1297172639000,1.36507,1.36529,1.36362,1.36373,1614670000,8
1297172640000,1297173119000,1.36372,1.36377,1.36235,1.3626,1962640000,8
1297173120000,1297173599000,1.36258,1.36277,1.36186,1.36253,1992580000,8
1297173600000,1297174079000,1.36254,1.36351,1.3624,1.36338,1474400000,8
1297174080000,1297174559000,1.36339,1.36343,1.36273,1.36304,1462700000,8
1297174560000,1297175039000,1.36305,1.36338,1.36265,1.36299,1758150000,8
1297175040000,1297175519000,1.36306,1.3637,1.36269,1.3634,2265460000,8
1297175520000,1297175999000,1.3634,1.3634,1.36209,1.36209,2134980000,8
1297176000000,1297176479000,1.36208,1.36259,1.3614,1.36222,2648650000,8
1297176480000,1297176959000,1.36222,1.36283,1.362,1.36233,2341660000,8
1297176960000,1297177439000,1.36237,1.36457,1.3622,1.36425,2794120000,8
1297177440000,1297177919000,1.36423,1.36499,1.36398,1.36434,2585940000,8
1297177920000,1297178399000,1.36434,1.36448,1.3634,1.36349,1794070000,8
1297178400000,1297178879000,1.3635,1.3657,1.36343,1.36551,2059490000,8
1297178880000,1297179359000,1.36555,1.36625,1.36452,1.36486,1778860000,8
1297179360000,1297179839000,1.36491,1.3653,1.36397,1.36521,1408010000,8
1297179840000,1297180319000,1.36521,1.36663,1.36519,1.36627,2047910000,8
1297180320000,1297180799000,1.36625,1.36745,1.36595,1.36685,1780040000,8
1297180800000,1297181279000,1.36686,1.36737,1.36569,1.36591,1937330000,8
1297181280000,1297181759000,1.3659,1.36763,1.36541,1.36763,1892240000,8
1297181760000,1297182239000,1.36766,1.36803,1.36629,1.36691,1742960000,8
1297182240000,1297182719000,1.36695,1.36881,1.36695,1.36837,1633470000,8
1297182720000,1297183199000,1.3684,1.36869,1.3674,1.36758,1875730000,8
1297183200000,1297183679000,1.36758,1.36827,1.36695,1.36797,1672170000,8
1297183680000,1297184159000,1.36795,1.36829,1.36761,1.36792,1517650000,8
1297184160000,1297184639000,1.36792,1.36867,1.3677,1.36821,1397000000,8
1297184640000,1297185119000,1.36819,1.36848,1.36752,1.36752,1159870000,8
1297185120000,1297185599000,1.36752,1.36774,1.36732,1.36764,1121140000,8
1297185600000,1297186079000,1.36764,1.36788,1.36694,1.36709,1001350000,8
1297186080000,1297186559000,1.36709,1.36756,1.36692,1.367,1200340000,8
1297186560000,1297187039000,1.36701,1.36716,1.36637,1.36638,967090000,8
1297187040000,1297187519000,1.36638,1.36661,1.36624,1.36655,606580000,8
1297187520000,1297187999000,1.36656,1.36663,1.36624,1.3665,903770000,8
1297188000000,1297188479000,1.36648,1.36688,1.36586,1.36598,1314210000,8
1297188480000,1297188959000,1.36598,1.36599,1.3652,1.3652,1492070000,8
1297188960000,1297189439000,1.36522,1.36584,1.36488,1.36584,1334620000,8
1297189440000,1297189919000,1.36584,1.36584,1.36437,1.36456,2055560000,8
1297189920000,1297190399000,1.36454,1.36511,1.3644,1.36507,1164110000,8
1297190400000,1297190879000,1.36506,1.36518,1.36444,1.36452,926810000,8
1297190880000,1297191359000,1.36452,1.36478,1.3642,1.36438,1404200000,8
1297191360000,1297191839000,1.36438,1.36438,1.36334,1.36419,1821600000,8
1297191840000,1297192319000,1.36419,1.36468,1.36415,1.36442,1378440000,8
1297192320000,1297192799000,1.36437,1.36438,1.36378,1.36411,970430000,8
1297192800000,1297193279000,1.36411,1.36473,1.36388,1.36449,1010620000,8
1297193280000,1297193759000,1.36454,1.3653,1.36436,1.36522,1341610000,8
1297193760000,1297194239000,1.36523,1.36558,1.3644,1.3644,1455030000,8
1297194240000,1297194719000,1.36438,1.36439,1.3628,1.3628,2067290000,8
1297194720000,1297195199000,1.3628,1.36302,1.36223,1.36256,1993580000,8
1297195200000,1297195679000,1.36254,1.36289,1.36222,1.36247,1267050000,8
1297195680000,1297196159000,1.36244,1.36302,1.36208,1.36302,1254200000,8
1297196160000,1297196639000,1.36302,1.36347,1.3629,1.36335,1017560000,8
1297196640000,1297197119000,1.36341,1.36363,1.36321,1.36329,920290000,8
1297197120000,1297197599000,1.36326,1.36348,1.36308,1.36318,994720000,8
1297197600000,1297198079000,1.36318,1.3636,1.36318,1.36332,978330000,8
1297198080000,1297198559000,1.36329,1.36355,1.36317,1.36345,696260000,8
1297198560000,1297199039000,1.36346,1.36358,1.36309,1.36326,772030000,8
1297199040000,1297199519000,1.36328,1.36331,1.36313,1.36319,240030000,8
1297199520000,1297199999000,1.36319,1.36335,1.36294,1.36304,467890000,8
1297200000000,1297200479000,1.36304,1.3632,1.36292,1.36313,586770000,8
1297200480000,1297200959000,1.36313,1.36318,1.36253,1.36253,772580000,8
1297200960000,1297201439000,1.36253,1.36278,1.36239,1.36254,423700000,8
1297201440000,1297201919000,1.36254,1.36254,1.36209,1.36215,780760000,8
1297201920000,1297202399000,1.36215,1.36253,1.3621,1.36249,715620000,8
1297202400000,1297202879000,1.36249,1.36314,1.36212,1.36299,1287000000,8
1297202880000,1297203359000,1.36298,1.36327,1.36277,1.36284,347510000,8
1297203360000,1297203839000,1.36285,1.36302,1.36274,1.36292,187180000,8
1297203840000,1297204319000,1.36292,1.36297,1.36252,1.36276,210800000,8
1297204320000,1297204799000,1.36276,1.36276,1.36216,1.36231,162840000,8
1297204800000,1297205279000,1.36231,1.36278,1.36227,1.36261,249350000,8
1297205280000,1297205759000,1.36258,1.36279,1.36258,1.36274,202300000,8
1297205760000,1297206239000,1.36274,1.36301,1.36226,1.36229,524740000,8
1297206240000,1297206719000,1.36229,1.36258,1.36219,1.36242,301810000,8
1297206720000,1297207199000,1.3624,1.36276,1.36217,1.36263,376230000,8
1297207200000,1297207679000,1.36263,1.36263,1.36228,1.36237,443100000,8
1297207680000,1297208159000,1.36237,1.36252,1.3622,1.36225,354570000,8
1297208160000,1297208639000,1.36225,1.36245,1.36225,1.36245,217050000,8
1297208640000,1297209119000,1.36245,1.3626,1.36235,1.3625,326420000,8
1297209120000,1297209599000,1.3625,1.36269,1.36219,1.36249,570570000,8
1297209600000,1297210079000,1.36241,1.36241,1.36182,1.36184,890810000,8
1297210080000,1297210559000,1.36179,1.36191,1.3612,1.36134,980430000,8
1297210560000,1297211039000,1.36132,1.36192,1.36123,1.36169,753290000,8
1297211040000,1297211519000,1.36169,1.36239,1.36166,1.36234,918960000,8
1297211520000,1297211999000,1.36234,1.36234,1.36195,1.36216,473360000,8
1297212000000,1297212479000,1.36216,1.36275,1.36206,1.36275,715360000,8
1297212480000,1297212959000,1.36273,1.36309,1.36262,1.36281,910340000,8
1297212960000,1297213439000,1.36281,1.36331,1.36274,1.36291,787510000,8
1297213440000,1297213919000,1.36291,1.36307,1.36271,1.36296,716690000,8
1297213920000,1297214399000,1.36295,1.36398,1.36289,1.36382,735600000,8
1297214400000,1297214879000,1.36382,1.36391,1.36327,1.36332,1045880000,8
1297214880000,1297215359000,1.36332,1.36389,1.36332,1.36358,1398500000,8
1297215360000,1297215839000,1.3636,1.36398,1.36339,1.36363,1093390000,8
1297215840000,1297216319000,1.36363,1.36424,1.36351,1.36372,1047360000,8
1297216320000,1297216799000,1.36372,1.36393,1.36333,1.36353,791690000,8
1297216800000,1297217279000,1.36353,1.36371,1.36319,1.36366,495950000,8
1297217280000,1297217759000,1.36365,1.36389,1.36342,1.36348,624860000,8
1297217760000,1297218239000,1.36348,1.36364,1.36326,1.36355,538850000,8
1297218240000,1297218719000,1.36355,1.36369,1.36334,1.36339,497470000,8
1297218720000,1297219199000,1.36339,1.36371,1.36339,1.36345,392480000,8
1297219200000,1297219679000,1.36345,1.3636,1.3633,1.3636,438590000,8
1297219680000,1297220159000,1.36364,1.36364,1.3634,1.36349,406020000,8
1297220160000,1297220639000,1.36349,1.36382,1.36349,1.36374,528700000,8
1297220640000,1297221119000,1.36374,1.36374,1.3635,1.36353,396730000,8
1297221120000,1297221599000,1.36353,1.36457,1.36351,1.36445,1135030000,8
1297221600000,1297222079000,1.36443,1.36507,1.36437,1.36492,1321450000,8
1297222080000,1297222559000,1.36492,1.36502,1.36459,1.36468,649040000,8
1297222560000,1297223039000,1.36467,1.36499,1.36437,1.36495,804900000,8
1297223040000,1297223519000,1.36493,1.3655,1.36493,1.36509,832160000,8
1297223520000,1297223999000,1.36509,1.36512,1.36473,1.36494,677210000,8
1297224000000,1297224479000,1.36494,1.36536,1.36494,1.36501,488880000,8
1297224480000,1297224959000,1.36503,1.36518,1.36455,1.365,519360000,8
1297224960000,1297225439000,1.36494,1.36494,1.36473,1.36482,729070000,8
1297225440000,1297225919000,1.36482,1.36483,1.36452,1.36457,716430000,8
1297225920000,1297226399000,1.36459,1.36467,1.36448,1.36463,662260000,8
1297226400000,1297226879000,1.36464,1.36468,1.36427,1.36438,774130000,8
1297226880000,1297227359000,1.36438,1.36457,1.36404,1.36407,703830000,8
1297227360000,1297227839000,1.36408,1.36432,1.3638,1.36422,1472130000,8
1297227840000,1297228319000,1.36427,1.36454,1.36419,1.36434,1025880000,8
1297228320000,1297228799000,1.36434,1.36484,1.36417,1.36472,606000000,8
1297228800000,1297229279000,1.36472,1.36504,1.3646,1.36483,639280000,8
1297229280000,1297229759000,1.36483,1.36483,1.36443,1.36454,375410000,8
1297229760000,1297230239000,1.36455,1.36472,1.36429,1.36459,521540000,8
1297230240000,1297230719000,1.36452,1.36497,1.36431,1.36435,720570000,8
1297230720000,1297231199000,1.36437,1.36454,1.36416,1.36423,640200000,8
1297231200000,1297231679000,1.36423,1.36484,1.36423,1.36472,628780000,8
1297231680000,1297232159000,1.36472,1.36484,1.3643,1.36484,639580000,8
1297232160000,1297232639000,1.36475,1.36482,1.36448,1.36456,462280000,8
1297232640000,1297233119000,1.36456,1.36536,1.36449,1.36529,806360000,8
1297233120000,1297233599000,1.36529,1.36569,1.36525,1.36549,985730000,8
1297233600000,1297234079000,1.36549,1.36558,1.36468,1.36469,640540000,8
1297234080000,1297234559000,1.36468,1.36492,1.36448,1.36475,1211190000,8
1297234560000,1297235039000,1.36475,1.36555,1.3647,1.3654,1125040000,8
1297235040000,1297235519000,1.3654,1.36611,1.36504,1.36584,1143800000,8
1297235520000,1297235999000,1.36582,1.36621,1.36551,1.36575,1321000000,8
1297236000000,1297236479000,1.36575,1.36588,1.36537,1.36582,1092310000,8
1297236480000,1297236959000,1.3658,1.3658,1.3648,1.36505,849730000,8
1297236960000,1297237439000,1.36506,1.36519,1.36419,1.36441,1294790000,8
1297237440000,1297237919000,1.36441,1.36451,1.36281,1.36322,1649450000,8
1297237920000,1297238399000,1.36325,1.36393,1.36291,1.36361,1402170000,8
1297238400000,1297238879000,1.36363,1.36409,1.36311,1.36375,1565090000,8
1297238880000,1297239359000,1.36375,1.36402,1.3632,1.36389,1366500000,8
1297239360000,1297239839000,1.3639,1.36522,1.3639,1.36477,1877400000,8
1297239840000,1297240319000,1.36475,1.36538,1.36448,1.36528,1241790000,8
1297240320000,1297240799000,1.36528,1.3657,1.36501,1.36522,1334540000,8
1297240800000,1297241279000,1.3652,1.3659,1.3642,1.36438,1398000000,8
1297241280000,1297241759000,1.36438,1.3646,1.36352,1.36364,1695130000,8
1297241760000,1297242239000,1.36365,1.3643,1.36331,1.36419,1620590000,8
1297242240000,1297242719000,1.36419,1.3643,1.36313,1.36323,1385870000,8
1297242720000,1297243199000,1.36321,1.36432,1.36314,1.36359,1620760000,8
1297243200000,1297243679000,1.36359,1.3647,1.36318,1.36419,1508160000,8
1297243680000,1297244159000,1.36418,1.36448,1.3631,1.36334,1478550000,8
1297244160000,1297244639000,1.36334,1.36477,1.36325,1.36446,1136540000,8
1297244640000,1297245119000,1.36442,1.36531,1.36423,1.36495,1406260000,8
1297245120000,1297245599000,1.36494,1.36511,1.36383,1.36414,1251820000,8
1297245600000,1297246079000,1.36409,1.36469,1.3639,1.3646,1135020000,8
1297246080000,1297246559000,1.3646,1.3649,1.36409,1.36476,1166650000,8
1297246560000,1297247039000,1.3648,1.36532,1.36458,1.36471,1038460000,8
1297247040000,1297247519000,1.36471,1.36498,1.36451,1.36468,829290000,8
1297247520000,1297247999000,1.36468,1.36512,1.36461,1.36489,808270000,8
1297248000000,1297248479000,1.36489,1.36511,1.36356,1.36357,1170240000,8
1297248480000,1297248959000,1.36357,1.36357,1.36226,1.3624,1871080000,8
1297248960000,1297249439000,1.36238,1.36268,1.36106,1.36185,1446810000,8
1297249440000,1297249919000,1.36181,1.36273,1.36181,1.36225,1309240000,8
1297249920000,1297250399000,1.36219,1.36301,1.36201,1.36248,1242550000,8
1297250400000,1297250879000,1.36251,1.36383,1.36217,1.36366,1382850000,8
1297250880000,1297251359000,1.36371,1.36371,1.36325,1.36331,1201490000,8
1297251360000,1297251839000,1.36328,1.36381,1.36311,1.36318,980860000,8
1297251840000,1297252319000,1.36318,1.36369,1.36291,1.36369,1080270000,8
1297252320000,1297252799000,1.3637,1.36373,1.3628,1.36359,1124990000,8
1297252800000,1297253279000,1.36356,1.36371,1.36312,1.36349,988480000,8
1297253280000,1297253759000,1.3635,1.36435,1.3633,1.36431,626670000,8
1297253760000,1297254239000,1.36435,1.36514,1.36413,1.36493,1355600000,8
1297254240000,1297254719000,1.36493,1.36509,1.36399,1.36433,1112290000,8
1297254720000,1297255199000,1.36436,1.36456,1.36423,1.36431,786390000,8
1297255200000,1297255679000,1.3643,1.3643,1.36356,1.36356,988250000,8
1297255680000,1297256159000,1.36354,1.36429,1.36344,1.36418,891300000,8
1297256160000,1297256639000,1.36418,1.36518,1.36414,1.365,1232630000,8
1297256640000,1297257119000,1.36499,1.36519,1.36471,1.36471,1020520000,8
1297257120000,1297257599000,1.36472,1.365,1.3641,1.3642,964180000,8
1297257600000,1297258079000,1.36422,1.36537,1.36419,1.36469,1060000000,8
1297258080000,1297258559000,1.36468,1.3653,1.36463,1.36529,1109650000,8
1297258560000,1297259039000,1.36529,1.36742,1.36529,1.36664,1950810000,8
1297259040000,1297259519000,1.36663,1.3679,1.36632,1.36744,1675920000,8
1297259520000,1297259999000,1.36745,1.36749,1.36657,1.36691,1559880000,8
1297260000000,1297260479000,1.36696,1.3674,1.36631,1.36662,1123120000,8
1297260480000,1297260959000,1.36661,1.3676,1.36615,1.36711,1122830000,8
1297260960000,1297261439000,1.36711,1.36812,1.36691,1.36768,1086810000,8
1297261440000,1297261919000,1.36768,1.36831,1.3671,1.36816,1183890000,8
1297261920000,1297262399000,1.36816,1.36909,1.36797,1.368,1691570000,8
1297262400000,1297262879000,1.36801,1.36884,1.36741,1.36761,1393310000,8
1297262880000,1297263359000,1.36761,1.36943,1.36761,1.36943,1181160000,8
1297263360000,1297263839000,1.36946,1.37068,1.36897,1.37,2013710000,8
1297263840000,1297264319000,1.37001,1.37148,1.36971,1.37044,1860470000,8
1297264320000,1297264799000,1.37048,1.37108,1.37001,1.37089,1546420000,8
1297264800000,1297265279000,1.37089,1.3717,1.3704,1.37099,1519750000,8
1297265280000,1297265759000,1.37098,1.37159,1.37048,1.37048,1580400000,8
1297265760000,1297266239000,1.3705,1.37131,1.3703,1.37072,1441180000,8
1297266240000,1297266719000,1.37072,1.37188,1.3706,1.37068,2062920000,8
1297266720000,1297267199000,1.37068,1.37077,1.36999,1.37065,1350150000,8
1297267200000,1297267679000,1.37064,1.37081,1.36977,1.37046,1570260000,8
1297267680000,1297268159000,1.37044,1.37044,1.36919,1.36945,1530000000,8
1297268160000,1297268639000,1.36945,1.36946,1.36801,1.36843,1617910000,8
1297268640000,1297269119000,1.36844,1.36856,1.36686,1.36748,1588100000,8
1297269120000,1297269599000,1.36748,1.36848,1.3674,1.3683,1311960000,8
1297269600000,1297270079000,1.36828,1.36951,1.36811,1.36919,1738380000,8
1297270080000,1297270559000,1.36919,1.36931,1.36852,1.36873,1004930000,8
1297270560000,1297271039000,1.36873,1.36887,1.36822,1.36828,1169440000,8
1297271040000,1297271519000,1.36826,1.37211,1.36813,1.3719,1522340000,8
1297271520000,1297271999000,1.3719,1.37198,1.37078,1.37111,1095340000,8
1297272000000,1297272479000,1.37118,1.37118,1.37064,1.37114,990480000,8
1297272480000,1297272959000,1.37114,1.37178,1.37114,1.37168,845020000,8
1297272960000,1297273439000,1.37168,1.37191,1.3713,1.37144,809980000,8
1297273440000,1297273919000,1.37145,1.3717,1.37076,1.37082,790610000,8
1297273920000,1297274399000,1.3708,1.37111,1.37062,1.37067,728810000,8
1297274400000,1297274879000,1.37069,1.37428,1.37064,1.37419,1879750000,8
1297274880000,1297275359000,1.37419,1.37419,1.37311,1.37349,1272230000,8
1297275360000,1297275839000,1.37352,1.37368,1.37226,1.3725,1379220000,8
1297275840000,1297276319000,1.3725,1.37338,1.37214,1.37309,1294100000,8
1297276320000,1297276799000,1.37311,1.3733,1.37283,1.37328,808770000,8
1297276800000,1297277279000,1.3733,1.3733,1.37249,1.37279,622620000,8
1297277280000,1297277759000,1.37279,1.37302,1.37228,1.37239,589650000,8
1297277760000,1297278239000,1.37239,1.37261,1.3719,1.3723,799860000,8
1297278240000,1297278719000,1.37236,1.37238,1.37204,1.37223,702710000,8
1297278720000,1297279199000,1.37223,1.37284,1.37221,1.3724,680440000,8
1297279200000,1297279679000,1.37241,1.37273,1.37232,1.37246,846560000,8
1297279680000,1297280159000,1.37246,1.37287,1.3724,1.37287,631230000,8
1297280160000,1297280639000,1.37287,1.37311,1.37258,1.37259,917600000,8
1297280640000,1297281119000,1.37258,1.37258,1.37168,1.37194,944470000,8
1297281120000,1297281599000,1.37194,1.3723,1.37178,1.37221,790210000,8
1297281600000,1297282079000,1.37221,1.37249,1.3717,1.37173,588360000,8
1297282080000,1297282559000,1.37174,1.37209,1.37161,1.37178,1004500000,8
1297282560000,1297283039000,1.37178,1.37198,1.37168,1.37183,839230000,8
1297283040000,1297283519000,1.37182,1.37234,1.37182,1.37219,527020000,8
1297283520000,1297283999000,1.37219,1.3723,1.3719,1.37222,367230000,8
1297284000000,1297284479000,1.37222,1.37228,1.37191,1.37215,817110000,8
1297284480000,1297284959000,1.37213,1.37328,1.37213,1.37324,1269300000,8
1297284960000,1297285439000,1.37322,1.37341,1.37299,1.37304,817590000,8
1297285440000,1297285919000,1.37298,1.37308,1.37287,1.37288,403060000,8
1297285920000,1297286399000,1.37288,1.37301,1.37275,1.37293,630920000,8
1297286400000,1297286879000,1.37293,1.37318,1.37278,1.37317,381390000,8
1297286880000,1297287359000,1.37317,1.37335,1.37275,1.37297,532690000,8
1297287360000,1297287839000,1.37295,1.37304,1.3727,1.37273,500760000,8
1297287840000,1297288319000,1.37273,1.37292,1.37258,1.37283,507270000,8
1297288320000,1297288799000,1.37283,1.37332,1.37279,1.37318,600410000,8
1297288800000,1297289279000,1.37318,1.37318,1.37266,1.37272,194560000,8
1297289280000,1297289759000,1.37277,1.3731,1.37277,1.37295,121090000,8
1297289760000,1297290239000,1.37295,1.37301,1.37267,1.37292,310690000,8
1297290240000,1297290719000,1.37295,1.37318,1.37287,1.37292,207700000,8
1297290720000,1297291199000,1.37292,1.37299,1.37265,1.37274,211320000,8
1297291200000,1297291679000,1.37274,1.37283,1.37239,1.37244,266080000,8
1297291680000,1297292159000,1.37245,1.37249,1.37238,1.3724,246900000,8
1297292160000,1297292639000,1.3724,1.37249,1.37234,1.3724,201380000,8
1297292640000,1297293119000,1.37241,1.37249,1.37239,1.37239,208620000,8
1297293120000,1297293599000,1.37239,1.37239,1.37217,1.37222,197060000,8
1297293600000,1297294079000,1.37222,1.37228,1.37207,1.37222,687510000,8
1297294080000,1297294559000,1.37222,1.37237,1.37197,1.37207,689220000,8
1297294560000,1297295039000,1.37207,1.37224,1.37187,1.37219,682900000,8
1297295040000,1297295519000,1.37218,1.37218,1.37189,1.37196,558090000,8
1297295520000,1297295999000,1.37196,1.37209,1.37187,1.37189,294160000,8
1297296000000,1297296479000,1.37189,1.37203,1.37159,1.37185,701910000,8
1297296480000,1297296959000,1.37185,1.37239,1.3718,1.37236,503430000,8
1297296960000,1297297439000,1.37234,1.37234,1.37183,1.37201,406820000,8
1297297440000,1297297919000,1.37204,1.37251,1.37188,1.37244,820470000,8
1297297920000,1297298399000,1.37252,1.37271,1.37171,1.37206,1146360000,8
1297298400000,1297298879000,1.37207,1.37207,1.37098,1.37118,1120070000,8
1297298880000,1297299359000,1.37121,1.37133,1.37107,1.37109,746580000,8
1297299360000,1297299839000,1.37109,1.37174,1.37088,1.37161,942700000,8
1297299840000,1297300319000,1.37161,1.37182,1.37142,1.37168,962740000,8
1297300320000,1297300799000,1.37168,1.37189,1.37155,1.37171,666060000,8
1297300800000,1297301279000,1.37169,1.37195,1.37147,1.37153,769520000,8
1297301280000,1297301759000,1.37153,1.37153,1.37093,1.37112,1192710000,8
1297301760000,1297302239000,1.37112,1.37152,1.37102,1.37107,1136330000,8
1297302240000,1297302719000,1.37108,1.37119,1.3708,1.37102,773630000,8
1297302720000,1297303199000,1.37103,1.37158,1.37083,1.37139,535740000,8
1297303200000,1297303679000,1.37136,1.37139,1.37086,1.37092,653840000,8
1297303680000,1297304159000,1.37092,1.37121,1.37065,1.37121,908110000,8
1297304160000,1297304639000,1.37119,1.37127,1.3707,1.37114,885020000,8
1297304640000,1297305119000,1.37112,1.37138,1.37086,1.37103,781590000,8
1297305120000,1297305599000,1.37104,1.37132,1.37094,1.37125,593320000,8
1297305600000,1297306079000,1.37126,1.37128,1.37108,1.3711,401970000,8
1297306080000,1297306559000,1.37109,1.3711,1.37077,1.37089,388860000,8
1297306560000,1297307039000,1.37088,1.37159,1.37076,1.3715,575380000,8
1297307040000,1297307519000,1.37151,1.37158,1.37135,1.37139,395940000,8
1297307520000,1297307999000,1.37136,1.37149,1.37058,1.37069,601740000,8
1297308000000,1297308479000,1.37072,1.37099,1.37059,1.37096,801610000,8
1297308480000,1297308959000,1.37096,1.37099,1.37077,1.3708,481540000,8
1297308960000,1297309439000,1.37081,1.37099,1.37073,1.37099,281130000,8
1297309440000,1297309919000,1.37099,1.37099,1.37073,1.37082,410080000,8
1297309920000,1297310399000,1.37082,1.37093,1.37059,1.37063,522470000,8
1297310400000,1297310879000,1.37063,1.37093,1.37063,1.37088,350660000,8
1297310880000,1297311359000,1.37088,1.37092,1.37079,1.3708,354490000,8
1297311360000,1297311839000,1.3708,1.3709,1.37069,1.37072,379850000,8
1297311840000,1297312319000,1.37069,1.37088,1.37062,1.37069,537830000,8
1297312320000,1297312799000,1.37069,1.37082,1.37064,1.37072,452390000,8
1297312800000,1297313279000,1.37072,1.37089,1.37058,1.37061,704580000,8
1297313280000,1297313759000,1.37064,1.37069,1.37015,1.37034,568460000,8
1297313760000,1297314239000,1.37034,1.37039,1.36973,1.36983,799280000,8
1297314240000,1297314719000,1.36983,1.36992,1.3695,1.3698,859580000,8
1297314720000,1297315199000,1.36982,1.37,1.36954,1.36954,622100000,8
1297315200000,1297315679000,1.36953,1.36963,1.36907,1.36927,1222570000,8
1297315680000,1297316159000,1.36927,1.3696,1.36922,1.3694,1058370000,8
1297316160000,1297316639000,1.36935,1.36957,1.36928,1.36933,747350000,8
1297316640000,1297317119000,1.36936,1.36941,1.36887,1.36897,767620000,8
1297317120000,1297317599000,1.36897,1.36898,1.36857,1.36878,704400000,8
1297317600000,1297318079000,1.36877,1.36918,1.36873,1.3691,692600000,8
1297318080000,1297318559000,1.3691,1.36918,1.36899,1.36912,455200000,8
1297318560000,1297319039000,1.36912,1.36923,1.36889,1.36917,659530000,8
1297319040000,1297319519000,1.36917,1.36958,1.36907,1.36927,998270000,8
1297319520000,1297319999000,1.36926,1.36927,1.36847,1.36852,755510000,8
1297320000000,1297320479000,1.36852,1.36855,1.36791,1.36817,1521520000,8
1297320480000,1297320959000,1.36817,1.36848,1.36797,1.36833,866570000,8
1297320960000,1297321439000,1.36834,1.36869,1.36791,1.36841,1022030000,8
1297321440000,1297321919000,1.36845,1.36871,1.36805,1.36806,1101270000,8
1297321920000,1297322399000,1.36806,1.36862,1.36774,1.36828,1156590000,8
1297322400000,1297322879000,1.36831,1.36847,1.36758,1.36759,1249990000,8
1297322880000,1297323359000,1.3676,1.36793,1.36671,1.36752,1164930000,8
1297323360000,1297323839000,1.36752,1.36772,1.3671,1.36763,971490000,8
1297323840000,1297324319000,1.36762,1.36778,1.36736,1.3676,728630000,8
1297324320000,1297324799000,1.3676,1.36811,1.3676,1.36793,992150000,8
1297324800000,1297325279000,1.36799,1.36805,1.36627,1.36639,1173120000,8
1297325280000,1297325759000,1.36636,1.3665,1.36541,1.36555,1388360000,8
1297325760000,1297326239000,1.36556,1.36594,1.36454,1.36459,1894440000,8
1297326240000,1297326719000,1.36459,1.36518,1.36438,1.36474,1692310000,8
1297326720000,1297327199000,1.36481,1.36579,1.36468,1.36563,1864920000,8
1297327200000,1297327679000,1.3656,1.3656,1.36405,1.3642,1499980000,8
1297327680000,1297328159000,1.36417,1.36436,1.36364,1.3641,1447500000,8
1297328160000,1297328639000,1.3641,1.3646,1.36358,1.36398,1908280000,8
1297328640000,1297329119000,1.36397,1.3643,1.36311,1.36331,1471170000,8
1297329120000,1297329599000,1.36331,1.36368,1.36228,1.36233,1502540000,8
1297329600000,1297330079000,1.36234,1.36247,1.36158,1.36234,1339030000,8
1297330080000,1297330559000,1.36233,1.3626,1.36176,1.3622,1941670000,8
1297330560000,1297331039000,1.36219,1.36369,1.36186,1.36339,1772520000,8
1297331040000,1297331519000,1.36339,1.36339,1.36269,1.36289,1577530000,8
1297331520000,1297331999000,1.36294,1.36325,1.36219,1.36325,1428230000,8
1297332000000,1297332479000,1.36321,1.36392,1.36281,1.36361,1279920000,8
1297332480000,1297332959000,1.36359,1.36436,1.36356,1.36377,1089020000,8
1297332960000,1297333439000,1.36381,1.36471,1.36375,1.36456,1098580000,8
1297333440000,1297333919000,1.36456,1.36469,1.36436,1.36447,1083170000,8
1297333920000,1297334399000,1.36444,1.3652,1.36441,1.36501,1203630000,8
1297334400000,1297334879000,1.36501,1.36533,1.36424,1.36466,1732160000,8
1297334880000,1297335359000,1.36466,1.36468,1.36393,1.36401,1193750000,8
1297335360000,1297335839000,1.364,1.36435,1.36336,1.36352,964290000,8
1297335840000,1297336319000,1.36351,1.36352,1.36261,1.36269,1177400000,8
1297336320000,1297336799000,1.36269,1.3638,1.36265,1.3636,960410000,8
1297336800000,1297337279000,1.36361,1.36376,1.36266,1.36299,1573110000,8
1297337280000,1297337759000,1.36302,1.36351,1.36277,1.36334,944890000,8
1297337760000,1297338239000,1.36338,1.36339,1.3629,1.3633,729240000,8
1297338240000,1297338719000,1.36326,1.3647,1.36311,1.36446,1454020000,8
1297338720000,1297339199000,1.36444,1.36454,1.364,1.36421,1520180000,8
1297339200000,1297339679000,1.36423,1.36428,1.36251,1.36287,1339690000,8
1297339680000,1297340159000,1.3629,1.36311,1.36215,1.3623,1223390000,8
1297340160000,1297340639000,1.36229,1.3625,1.36127,1.36183,1722590000,8
1297340640000,1297341119000,1.36183,1.36379,1.36177,1.36329,1434740000,8
1297341120000,1297341599000,1.36329,1.36362,1.3625,1.36312,1227260000,8
1297341600000,1297342079000,1.36312,1.36427,1.36288,1.3641,1028840000,8
1297342080000,1297342559000,1.36407,1.36431,1.36301,1.36301,910670000,8
1297342560000,1297343039000,1.36302,1.36308,1.3619,1.36218,1436410000,8
1297343040000,1297343519000,1.36218,1.36228,1.36052,1.36084,1879490000,8
1297343520000,1297343999000,1.36081,1.36112,1.35983,1.36031,1528900000,8
1297344000000,1297344479000,1.36031,1.3609,1.35988,1.36064,1639070000,8
1297344480000,1297344959000,1.36067,1.36135,1.35842,1.35877,2318820000,8
1297344960000,1297345439000,1.35871,1.35999,1.35834,1.35875,1968340000,8
1297345440000,1297345919000,1.35877,1.35989,1.35838,1.35838,2060890000,8
1297345920000,1297346399000,1.35837,1.36002,1.3582,1.35958,1746040000,8
1297346400000,1297346879000,1.35959,1.3608,1.35948,1.36063,1728350000,8
1297346880000,1297347359000,1.36066,1.36178,1.36049,1.36161,1801890000,8
1297347360000,1297347839000,1.36158,1.36198,1.36061,1.36068,1759700000,8
1297347840000,1297348319000,1.36069,1.36108,1.36008,1.36097,1462960000,8
1297348320000,1297348799000,1.36102,1.36158,1.36039,1.36094,1853260000,8
1297348800000,1297349279000,1.36098,1.36151,1.36039,1.36047,1648010000,8
1297349280000,1297349759000,1.36048,1.3605,1.35889,1.35954,1639890000,8
1297349760000,1297350239000,1.35952,1.36001,1.35798,1.35835,1571130000,8
1297350240000,1297350719000,1.35834,1.35892,1.35818,1.35825,1457420000,8
1297350720000,1297351199000,1.35821,1.35936,1.35772,1.35902,1742460000,8
1297351200000,1297351679000,1.35902,1.3593,1.35851,1.35922,1490400000,8
1297351680000,1297352159000,1.3593,1.35931,1.35771,1.35844,1722800000,8
1297352160000,1297352639000,1.35844,1.36002,1.35844,1.35965,1769570000,8
1297352640000,1297353119000,1.35964,1.36013,1.35905,1.35979,1397930000,8
1297353120000,1297353599000,1.35982,1.36092,1.35982,1.3599,1807200000,8
1297353600000,1297354079000,1.3599,1.36093,1.35941,1.36082,1637600000,8
1297354080000,1297354559000,1.36089,1.3616,1.36055,1.36151,1417880000,8
1297354560000,1297355039000,1.3615,1.36151,1.3605,1.36069,1314040000,8
1297355040000,1297355519000,1.3607,1.3627,1.3607,1.36209,1608710000,8
1297355520000,1297355999000,1.3621,1.36259,1.36188,1.36209,1215300000,8
1297356000000,1297356479000,1.36212,1.3625,1.36153,1.36247,1230100000,8
1297356480000,1297356959000,1.36247,1.36359,1.36245,1.36342,1113910000,8
1297356960000,1297357439000,1.36341,1.36381,1.36289,1.36289,1054280000,8
1297357440000,1297357919000,1.36289,1.36322,1.36277,1.36311,834380000,8
1297357920000,1297358399000,1.36318,1.36333,1.36212,1.36243,815980000,8
1297358400000,1297358879000,1.36243,1.36288,1.36234,1.36256,660290000,8
1297358880000,1297359359000,1.36255,1.36275,1.36211,1.36259,670040000,8
1297359360000,1297359839000,1.36261,1.36308,1.36223,1.36292,680770000,8
1297359840000,1297360319000,1.36293,1.36298,1.36261,1.36276,697300000,8
1297360320000,1297360799000,1.36276,1.36291,1.3624,1.36256,648410000,8
1297360800000,1297361279000,1.36255,1.3631,1.36185,1.36306,1190030000,8
1297361280000,1297361759000,1.36306,1.36319,1.36215,1.36215,730480000,8
1297361760000,1297362239000,1.36217,1.36249,1.36189,1.36243,770620000,8
1297362240000,1297362719000,1.36242,1.36258,1.36194,1.36206,750520000,8
1297362720000,1297363199000,1.36206,1.36221,1.36151,1.36216,648700000,8
1297363200000,1297363679000,1.36216,1.36237,1.3616,1.36168,795920000,8
1297363680000,1297364159000,1.36168,1.36228,1.36157,1.36178,546250000,8
1297364160000,1297364639000,1.36178,1.36209,1.36153,1.36185,897450000,8
1297364640000,1297365119000,1.36184,1.3619,1.3606,1.3606,831460000,8
1297365120000,1297365599000,1.36061,1.36068,1.35976,1.36016,904270000,8
1297365600000,1297366079000,1.36016,1.36018,1.35982,1.35991,716550000,8
1297366080000,1297366559000,1.35991,1.36031,1.35972,1.3603,653450000,8
1297366560000,1297367039000,1.3603,1.36069,1.36016,1.36055,815940000,8
1297367040000,1297367519000,1.36058,1.361,1.36042,1.36047,827750000,8
1297367520000,1297367999000,1.36047,1.36048,1.35895,1.35896,1227030000,8
1297368000000,1297368479000,1.35899,1.36009,1.35899,1.36003,1143390000,8
1297368480000,1297368959000,1.36003,1.36004,1.35965,1.35968,622720000,8
1297368960000,1297369439000,1.35968,1.3601,1.35948,1.36003,694510000,8
1297369440000,1297369919000,1.36003,1.36003,1.35968,1.3599,538350000,8
1297369920000,1297370399000,1.35988,1.3603,1.35982,1.35983,549230000,8
1297370400000,1297370879000,1.35985,1.36028,1.35972,1.36019,516840000,8
1297370880000,1297371359000,1.36021,1.3604,1.35898,1.3592,1135330000,8
1297371360000,1297371839000,1.3592,1.35969,1.35913,1.35945,911170000,8
1297371840000,1297372319000,1.35944,1.35966,1.35928,1.3593,706150000,8
1297372320000,1297372799000,1.3593,1.35966,1.35928,1.35931,290150000,8
1297372800000,1297373279000,1.35931,1.35992,1.35931,1.35992,307520000,8
1297373280000,1297373759000,1.35993,1.36018,1.3599,1.36004,462290000,8
1297373760000,1297374239000,1.36003,1.36003,1.35926,1.35958,495900000,8
1297374240000,1297374719000,1.35963,1.35978,1.3595,1.35958,426950000,8
1297374720000,1297375199000,1.35958,1.36018,1.35953,1.36018,499430000,8
1297375200000,1297375679000,1.36014,1.36034,1.35984,1.36015,350680000,8
1297375680000,1297376159000,1.36014,1.36046,1.3601,1.36025,379830000,8
1297376160000,1297376639000,1.36023,1.36044,1.35978,1.35982,280780000,8
1297376640000,1297377119000,1.35982,1.36001,1.35963,1.35971,311110000,8
1297377120000,1297377599000,1.35971,1.35993,1.35944,1.35964,220700000,8
1297377600000,1297378079000,1.35965,1.35994,1.35945,1.35957,332670000,8
1297378080000,1297378559000,1.35959,1.36018,1.35951,1.35996,563100000,8
1297378560000,1297379039000,1.35994,1.36009,1.35921,1.35992,712300000,8
1297379040000,1297379519000,1.35992,1.36009,1.35905,1.35927,670070000,8
1297379520000,1297379999000,1.35927,1.3595,1.35922,1.35945,353960000,8
1297380000000,1297380479000,1.35947,1.36005,1.35936,1.3597,492500000,8
1297380480000,1297380959000,1.35972,1.36026,1.35972,1.3601,361440000,8
1297380960000,1297381439000,1.3601,1.3601,1.35965,1.35987,327820000,8
1297381440000,1297381919000,1.35987,1.36029,1.35984,1.36014,303180000,8
1297381920000,1297382399000,1.36014,1.36051,1.36013,1.36028,416000000,8
1297382400000,1297382879000,1.36029,1.36092,1.36013,1.36053,764540000,8
1297382880000,1297383359000,1.36053,1.36102,1.36039,1.36041,671030000,8
1297383360000,1297383839000,1.36041,1.36052,1.36018,1.36032,440740000,8
1297383840000,1297384319000,1.36032,1.3607,1.36027,1.36063,470300000,8
1297384320000,1297384799000,1.36064,1.36148,1.3606,1.36136,638220000,8
1297384800000,1297385279000,1.36136,1.36164,1.36103,1.36151,689110000,8
1297385280000,1297385759000,1.3615,1.36187,1.36126,1.36143,421300000,8
1297385760000,1297386239000,1.36141,1.36202,1.3613,1.36165,1120010000,8
1297386240000,1297386719000,1.36165,1.36167,1.36038,1.36061,851240000,8
1297386720000,1297387199000,1.36067,1.36097,1.35961,1.35965,1152390000,8
1297387200000,1297387679000,1.35965,1.35965,1.35805,1.35819,1255730000,8
1297387680000,1297388159000,1.35819,1.35862,1.35813,1.3586,772280000,8
1297388160000,1297388639000,1.3586,1.35865,1.35688,1.35702,1185120000,8
1297388640000,1297389119000,1.35697,1.35714,1.3562,1.35649,1050060000,8
1297389120000,1297389599000,1.3565,1.35739,1.35629,1.35733,1011550000,8
1297389600000,1297390079000,1.35733,1.35738,1.35669,1.35694,611200000,8
1297390080000,1297390559000,1.35692,1.35733,1.35682,1.35732,620370000,8
1297390560000,1297391039000,1.35732,1.35802,1.35711,1.35797,887420000,8
1297391040000,1297391519000,1.35797,1.35901,1.35792,1.35882,896660000,8
1297391520000,1297391999000,1.35882,1.35919,1.35861,1.35909,657940000,8
1297392000000,1297392479000,1.35909,1.35909,1.3585,1.35891,758300000,8
1297392480000,1297392959000,1.35892,1.35977,1.35872,1.35895,804550000,8
1297392960000,1297393439000,1.35899,1.35927,1.3585,1.35854,676280000,8
1297393440000,1297393919000,1.35854,1.35862,1.35814,1.35845,438720000,8
1297393920000,1297394399000,1.35842,1.35877,1.35823,1.35829,312250000,8
1297394400000,1297394879000,1.35832,1.35888,1.35828,1.35874,364450000,8
1297394880000,1297395359000,1.35874,1.35894,1.35834,1.35843,406000000,8
1297395360000,1297395839000,1.35843,1.35877,1.35839,1.35861,278620000,8
1297395840000,1297396319000,1.35861,1.35861,1.35814,1.35824,457450000,8
1297396320000,1297396799000,1.3582,1.35827,1.35803,1.35818,424820000,8
1297396800000,1297397279000,1.35818,1.35825,1.35794,1.35823,340180000,8
1297397280000,1297397759000,1.35824,1.35825,1.35789,1.35793,254760000,8
1297397760000,1297398239000,1.35793,1.35793,1.35751,1.35761,433120000,8
1297398240000,1297398719000,1.35763,1.3579,1.35763,1.35765,289520000,8
1297398720000,1297399199000,1.35767,1.35779,1.35756,1.35772,233150000,8
1297399200000,1297399679000,1.35768,1.35807,1.35768,1.35805,389660000,8
1297399680000,1297400159000,1.35805,1.35817,1.35796,1.35797,320030000,8
1297400160000,1297400639000,1.35797,1.35811,1.35761,1.35792,332900000,8
1297400640000,1297401119000,1.35792,1.35792,1.3568,1.35696,756590000,8
1297401120000,1297401599000,1.35697,1.35711,1.35669,1.35698,752460000,8
1297401600000,1297402079000,1.35701,1.35764,1.35701,1.35764,408910000,8
1297402080000,1297402559000,1.35763,1.35785,1.35696,1.35696,632100000,8
1297402560000,1297403039000,1.35695,1.35742,1.35671,1.35686,677670000,8
1297403040000,1297403519000,1.35686,1.35719,1.35649,1.35696,603860000,8
1297403520000,1297403999000,1.35688,1.35688,1.35629,1.35631,633330000,8
1297404000000,1297404479000,1.35631,1.35655,1.35557,1.35584,738650000,8
1297404480000,1297404959000,1.35585,1.35676,1.35573,1.35632,892990000,8
1297404960000,1297405439000,1.35632,1.35644,1.35557,1.35557,528890000,8
1297405440000,1297405919000,1.35557,1.35573,1.35521,1.35567,960020000,8
1297405920000,1297406399000,1.35569,1.35628,1.35567,1.35619,826790000,8
1297406400000,1297406879000,1.35619,1.35652,1.35576,1.35623,769800000,8
1297406880000,1297407359000,1.35623,1.35701,1.35623,1.35661,955480000,8
1297407360000,1297407839000,1.35661,1.35701,1.35562,1.35567,838430000,8
1297407840000,1297408319000,1.35569,1.35642,1.35555,1.35634,762200000,8
1297408320000,1297408799000,1.35635,1.3571,1.35631,1.35681,1045050000,8
1297408800000,1297409279000,1.35681,1.35701,1.35634,1.35692,834930000,8
1297409280000,1297409759000,1.35692,1.35724,1.35639,1.35691,1051480000,8
1297409760000,1297410239000,1.35691,1.35719,1.35661,1.35676,995610000,8
1297410240000,1297410719000,1.35676,1.35772,1.35676,1.35698,969850000,8
1297410720000,1297411199000,1.35698,1.35698,1.35637,1.35679,818830000,8
1297411200000,1297411679000,1.35679,1.35683,1.35601,1.35608,973800000,8
1297411680000,1297412159000,1.35605,1.35605,1.35495,1.35551,1257070000,8
1297412160000,1297412639000,1.35551,1.35571,1.35459,1.35467,989100000,8
1297412640000,1297413119000,1.35471,1.35537,1.35461,1.35469,1155260000,8
1297413120000,1297413599000,1.35473,1.35509,1.35468,1.35509,946970000,8
1297413600000,1297414079000,1.35509,1.35554,1.35506,1.35537,823830000,8
1297414080000,1297414559000,1.35538,1.35558,1.3541,1.35419,1277130000,8
1297414560000,1297415039000,1.35419,1.35429,1.35342,1.35402,1118220000,8
1297415040000,1297415519000,1.35408,1.35438,1.35343,1.35405,1294940000,8
1297415520000,1297415999000,1.35403,1.35421,1.35334,1.35341,1174540000,8
1297416000000,1297416479000,1.35339,1.35352,1.35271,1.35284,859970000,8
1297416480000,1297416959000,1.35287,1.3536,1.35274,1.35342,1327600000,8
1297416960000,1297417439000,1.35344,1.35357,1.35281,1.35319,1084750000,8
1297417440000,1297417919000,1.35319,1.35332,1.35217,1.35224,1087230000,8
1297417920000,1297418399000,1.35222,1.35241,1.35201,1.35227,859880000,8
1297418400000,1297418879000,1.35227,1.35239,1.35187,1.3522,1090970000,8
1297418880000,1297419359000,1.35221,1.35234,1.3515,1.35176,926100000,8
1297419360000,1297419839000,1.35176,1.35201,1.35117,1.35134,958580000,8
1297419840000,1297420319000,1.35136,1.35261,1.35136,1.35254,1022340000,8
1297420320000,1297420799000,1.35258,1.35269,1.35214,1.35247,867420000,8
1297420800000,1297421279000,1.35246,1.353,1.35186,1.35216,964270000,8
1297421280000,1297421759000,1.35217,1.3525,1.35099,1.35187,1245940000,8
1297421760000,1297422239000,1.35189,1.35259,1.35087,1.35114,1386870000,8
1297422240000,1297422719000,1.35113,1.35242,1.35113,1.35222,976530000,8
1297422720000,1297423199000,1.35222,1.35277,1.35209,1.35225,856790000,8
1297423200000,1297423679000,1.35225,1.35292,1.35208,1.35286,733290000,8
1297423680000,1297424159000,1.35286,1.35303,1.35259,1.35294,969500000,8
1297424160000,1297424639000,1.35293,1.3533,1.35267,1.35318,716620000,8
1297424640000,1297425119000,1.3532,1.3532,1.3522,1.3524,792980000,8
1297425120000,1297425599000,1.35241,1.35257,1.35178,1.35184,885020000,8
1297425600000,1297426079000,1.35186,1.35236,1.35147,1.3521,1011890000,8
1297426080000,1297426559000,1.35211,1.35266,1.35143,1.35209,1267270000,8
1297426560000,1297427039000,1.35211,1.35239,1.35163,1.35172,1130990000,8
1297427040000,1297427519000,1.35175,1.35187,1.35126,1.35126,1002430000,8
1297427520000,1297427999000,1.35126,1.35261,1.351,1.35244,1309960000,8
1297428000000,1297428479000,1.35244,1.35331,1.35232,1.353,836780000,8
1297428480000,1297428959000,1.35302,1.35357,1.35278,1.3533,1047940000,8
1297428960000,1297429439000,1.35328,1.35372,1.35261,1.35289,1162350000,8
1297429440000,1297429919000,1.35289,1.35344,1.35252,1.35258,973360000,8
1297429920000,1297430399000,1.35262,1.35328,1.35226,1.35317,1127090000,8
1297430400000,1297430879000,1.35317,1.35369,1.35283,1.35289,800860000,8
1297430880000,1297431359000,1.35291,1.35407,1.3528,1.35365,1580000000,8
1297431360000,1297431839000,1.35364,1.35408,1.35284,1.35297,1433630000,8
1297431840000,1297432319000,1.353,1.35327,1.3525,1.35261,1568500000,8
1297432320000,1297432799000,1.35261,1.35301,1.35229,1.35256,1417850000,8
1297432800000,1297433279000,1.35255,1.35334,1.35234,1.3527,1492810000,8
1297433280000,1297433759000,1.35268,1.35294,1.3509,1.35115,1640640000,8
1297433760000,1297434239000,1.35115,1.35172,1.3506,1.35161,1391020000,8
1297434240000,1297434719000,1.35162,1.35218,1.35137,1.35202,1220550000,8
1297434720000,1297435199000,1.35203,1.35298,1.35151,1.3529,1610370000,8
1297435200000,1297435679000,1.35291,1.35336,1.35279,1.35283,1251210000,8
1297435680000,1297436159000,1.35287,1.35372,1.35243,1.35252,1496010000,8
1297436160000,1297436639000,1.3525,1.35452,1.35245,1.35432,1507520000,8
1297436640000,1297437119000,1.35433,1.35461,1.35373,1.35391,1541520000,8
1297437120000,1297437599000,1.35393,1.35446,1.35341,1.3538,1467830000,8
1297437600000,1297438079000,1.35381,1.35632,1.35374,1.35589,1498500000,8
1297438080000,1297438559000,1.35589,1.35631,1.35569,1.35594,1195410000,8
1297438560000,1297439039000,1.35593,1.35626,1.35501,1.35511,1124860000,8
1297439040000,1297439519000,1.35511,1.35526,1.3544,1.35504,1281830000,8
1297439520000,1297439999000,1.35505,1.35592,1.355,1.3551,1250090000,8
1297440000000,1297440479000,1.35509,1.35698,1.3545,1.35482,1811630000,8
1297440480000,1297440959000,1.35483,1.35531,1.35418,1.3546,1549240000,8
1297440960000,1297441439000,1.3546,1.35518,1.35408,1.35494,1519810000,8
1297441440000,1297441919000,1.35495,1.35558,1.35441,1.35468,1346060000,8
1297441920000,1297442399000,1.35468,1.3548,1.35356,1.35377,1229000000,8
1297442400000,1297442879000,1.3538,1.35429,1.35326,1.35326,1001060000,8
1297442880000,1297443359000,1.35324,1.3533,1.35094,1.35137,1767270000,8
1297443360000,1297443839000,1.35138,1.3519,1.35095,1.3511,1177940000,8
1297443840000,1297444319000,1.35108,1.35136,1.3499,1.34996,1533270000,8
1297444320000,1297444799000,1.34996,1.35072,1.34972,1.3504,1134600000,8
1297444800000,1297445279000,1.35041,1.35202,1.35037,1.35189,1119980000,8
1297445280000,1297445759000,1.3519,1.35218,1.35127,1.35177,808970000,8
1297445760000,1297446239000,1.35179,1.35198,1.35113,1.35118,1077340000,8
1297446240000,1297446719000,1.35118,1.35206,1.35108,1.35186,843710000,8
1297446720000,1297447199000,1.35186,1.35222,1.35156,1.35202,845330000,8
1297447200000,1297447679000,1.35204,1.35239,1.35191,1.35197,889940000,8
1297447680000,1297448159000,1.35202,1.35228,1.35193,1.35223,673130000,8
1297448160000,1297448639000,1.35223,1.3529,1.35214,1.35225,848670000,8
1297448640000,1297449119000,1.35225,1.35239,1.35199,1.35217,729310000,8
1297449120000,1297449599000,1.35217,1.35221,1.35185,1.35198,689530000,8
1297449600000,1297450079000,1.35198,1.35312,1.35188,1.35308,669520000,8
1297450080000,1297450559000,1.35308,1.35313,1.35258,1.35288,704300000,8
1297450560000,1297451039000,1.35288,1.3533,1.35278,1.35303,782330000,8
1297451040000,1297451519000,1.35303,1.35359,1.35302,1.35304,498780000,8
1297451520000,1297451999000,1.35303,1.3537,1.35298,1.35343,473030000,8
1297452000000,1297452479000,1.35341,1.35404,1.35319,1.35401,485130000,8
1297452480000,1297452959000,1.35401,1.3545,1.35364,1.35444,695790000,8
1297452960000,1297453439000,1.35444,1.3549,1.35393,1.35456,877180000,8
1297453440000,1297453919000,1.35456,1.35459,1.354,1.35413,524400000,8
1297453920000,1297454399000,1.35413,1.3543,1.35374,1.3538,847630000,8
1297454400000,1297454879000,1.3538,1.35417,1.3538,1.35412,520530000,8
1297454880000,1297455359000,1.35412,1.35489,1.35398,1.35484,530980000,8
1297455360000,1297455839000,1.35488,1.35537,1.35458,1.35528,499170000,8
1297455840000,1297456319000,1.35525,1.35528,1.35494,1.35507,651630000,8
1297456320000,1297456799000,1.35508,1.35579,1.35508,1.35537,986820000,8
1297456800000,1297457279000,1.35537,1.35559,1.355,1.35518,655010000,8
1297457280000,1297457759000,1.35518,1.3552,1.35477,1.35489,490290000,8
1297457760000,1297458239000,1.35497,1.35498,1.35437,1.35468,624750000,8
1297458240000,1297458719000,1.35469,1.3549,1.35439,1.35455,380050000,8
1297458720000,1297459199000,1.35455,1.35483,1.35455,1.35466,291780000,8
1297459200000,1297459679000,1.35466,1.35466,1.35453,1.35461,252540000,8
1297459680000,1297460159000,1.35461,1.35502,1.35456,1.35502,275370000,8
1297460160000,1297460639000,1.35502,1.35506,1.35458,1.35459,349800000,8
1297460640000,1297461119000,1.35457,1.35508,1.35452,1.35471,334770000,8
1297461120000,1297461599000,1.35471,1.35512,1.35459,1.35504,347250000,8
1297634400000,1297634879000,1.3506,1.35285,1.3506,1.35278,639810000,8
1297634880000,1297635359000,1.35269,1.35288,1.35187,1.35225,376840000,8
1297635360000,1297635839000,1.35225,1.35295,1.35225,1.35295,284850000,8
1297635840000,1297636319000,1.35295,1.35297,1.35219,1.3523,386370000,8
1297636320000,1297636799000,1.35235,1.35259,1.35229,1.35259,210080000,8
1297636800000,1297637279000,1.35259,1.35259,1.35225,1.35225,114850000,8
1297637280000,1297637759000,1.35225,1.35249,1.35225,1.35238,192530000,8
1297637760000,1297638239000,1.35237,1.35255,1.35214,1.35216,378360000,8
1297638240000,1297638719000,1.35217,1.35239,1.3515,1.35163,666520000,8
1297638720000,1297639199000,1.35167,1.35184,1.35132,1.3514,621540000,8
1297639200000,1297639679000,1.3514,1.35214,1.35121,1.35185,392300000,8
1297639680000,1297640159000,1.35185,1.35195,1.35119,1.35142,470260000,8
1297640160000,1297640639000,1.35142,1.35195,1.3501,1.35021,790700000,8
1297640640000,1297641119000,1.35025,1.35111,1.35016,1.35085,494510000,8
1297641120000,1297641599000,1.35086,1.35116,1.35055,1.35116,416500000,8
1297641600000,1297642079000,1.35126,1.35152,1.35102,1.35148,909020000,8
1297642080000,1297642559000,1.3515,1.35202,1.35022,1.3505,1095150000,8
1297642560000,1297643039000,1.35055,1.35109,1.35048,1.35101,1182360000,8
1297643040000,1297643519000,1.351,1.35159,1.3508,1.3512,832630000,8
1297643520000,1297643999000,1.3512,1.3518,1.35103,1.3518,684600000,8
1297644000000,1297644479000,1.3518,1.3518,1.35137,1.35157,582950000,8
1297644480000,1297644959000,1.35158,1.35202,1.35156,1.35184,713920000,8
1297644960000,1297645439000,1.3518,1.35258,1.35179,1.3524,881360000,8
1297645440000,1297645919000,1.3524,1.35251,1.35209,1.35222,936350000,8
1297645920000,1297646399000,1.35222,1.35237,1.3519,1.35192,904510000,8
1297646400000,1297646879000,1.35192,1.35238,1.35142,1.35213,766350000,8
1297646880000,1297647359000,1.35213,1.35235,1.35178,1.35235,642580000,8
1297647360000,1297647839000,1.35232,1.35322,1.35226,1.35269,1005730000,8
1297647840000,1297648319000,1.3527,1.35373,1.35269,1.35356,872070000,8
1297648320000,1297648799000,1.35356,1.35364,1.35304,1.35304,499750000,8
1297648800000,1297649279000,1.35304,1.35327,1.35283,1.35318,535820000,8
1297649280000,1297649759000,1.35318,1.35431,1.35318,1.35399,840190000,8
1297649760000,1297650239000,1.35399,1.35407,1.35337,1.35349,637720000,8
1297650240000,1297650719000,1.3535,1.35423,1.3535,1.35391,520270000,8
1297650720000,1297651199000,1.3539,1.35399,1.35378,1.35398,356930000,8
1297651200000,1297651679000,1.35396,1.35469,1.35393,1.35425,783050000,8
1297651680000,1297652159000,1.35425,1.35438,1.35408,1.35425,367550000,8
1297652160000,1297652639000,1.35425,1.35502,1.35425,1.35467,801200000,8
1297652640000,1297653119000,1.35467,1.35468,1.35421,1.35437,459100000,8
1297653120000,1297653599000,1.35437,1.3549,1.35434,1.35451,599870000,8
1297653600000,1297654079000,1.35451,1.35451,1.35371,1.35379,590350000,8
1297654080000,1297654559000,1.35382,1.35434,1.3538,1.35406,463740000,8
1297654560000,1297655039000,1.35407,1.35435,1.35402,1.35432,406640000,8
1297655040000,1297655519000,1.35434,1.35435,1.35327,1.35328,742200000,8
1297655520000,1297655999000,1.35331,1.35362,1.35302,1.35348,575800000,8
1297656000000,1297656479000,1.35348,1.35377,1.35311,1.35311,433950000,8
1297656480000,1297656959000,1.35313,1.35329,1.35281,1.35294,792210000,8
1297656960000,1297657439000,1.35292,1.35332,1.35289,1.35322,805800000,8
1297657440000,1297657919000,1.35323,1.35349,1.35323,1.35331,700570000,8
1297657920000,1297658399000,1.35329,1.35337,1.35307,1.35337,520740000,8
1297658400000,1297658879000,1.35338,1.35364,1.35332,1.35342,422350000,8
1297658880000,1297659359000,1.35342,1.35347,1.35302,1.35314,452280000,8
1297659360000,1297659839000,1.35314,1.35342,1.35302,1.35333,395590000,8
1297659840000,1297660319000,1.35334,1.35363,1.35329,1.35363,360850000,8
1297660320000,1297660799000,1.35364,1.35397,1.35335,1.35357,779030000,8
1297660800000,1297661279000,1.35355,1.35375,1.35353,1.35362,311250000,8
1297661280000,1297661759000,1.35362,1.35385,1.35345,1.35372,386690000,8
1297661760000,1297662239000,1.35373,1.35428,1.35361,1.35428,670060000,8
1297662240000,1297662719000,1.35428,1.35513,1.35414,1.35475,1165140000,8
1297662720000,1297663199000,1.35475,1.35486,1.35445,1.35464,553300000,8
1297663200000,1297663679000,1.35467,1.35467,1.35417,1.35431,543740000,8
1297663680000,1297664159000,1.35432,1.35457,1.35425,1.35425,550810000,8
1297664160000,1297664639000,1.35425,1.35449,1.35419,1.35448,454730000,8
1297664640000,1297665119000,1.35449,1.35487,1.35437,1.35449,568380000,8
1297665120000,1297665599000,1.35449,1.35451,1.35389,1.35444,634420000,8
1297665600000,1297666079000,1.35444,1.35482,1.35414,1.35473,440600000,8
1297666080000,1297666559000,1.35474,1.35505,1.3543,1.35497,786200000,8
1297666560000,1297667039000,1.35496,1.35527,1.35468,1.35484,1105370000,8
1297667040000,1297667519000,1.35484,1.35486,1.35438,1.35466,783360000,8
1297667520000,1297667999000,1.35466,1.35528,1.35455,1.35509,1153750000,8
1297668000000,1297668479000,1.3551,1.35563,1.35459,1.35474,1142630000,8
1297668480000,1297668959000,1.35471,1.35509,1.35461,1.35498,756970000,8
1297668960000,1297669439000,1.355,1.35582,1.35498,1.3557,1376710000,8
1297669440000,1297669919000,1.3557,1.35579,1.35391,1.35395,1122180000,8
1297669920000,1297670399000,1.35399,1.35425,1.3534,1.35378,1065070000,8
1297670400000,1297670879000,1.3538,1.3542,1.35314,1.35342,1226020000,8
1297670880000,1297671359000,1.35342,1.35343,1.3529,1.35296,1129280000,8
1297671360000,1297671839000,1.35298,1.35352,1.35078,1.35078,1760220000,8
1297671840000,1297672319000,1.35078,1.35138,1.34799,1.34839,2593060000,8
1297672320000,1297672799000,1.34839,1.34865,1.34722,1.34851,2826110000,8
1297672800000,1297673279000,1.34853,1.3486,1.347,1.34724,1746980000,8
1297673280000,1297673759000,1.34724,1.34738,1.3461,1.34673,2572860000,8
1297673760000,1297674239000,1.34672,1.34759,1.34658,1.34684,1780650000,8
1297674240000,1297674719000,1.34681,1.34749,1.34662,1.34688,1287330000,8
1297674720000,1297675199000,1.34689,1.34752,1.34636,1.34636,1227720000,8
1297675200000,1297675679000,1.34633,1.34711,1.34624,1.34684,931610000,8
1297675680000,1297676159000,1.34684,1.34808,1.34683,1.34778,1277800000,8
1297676160000,1297676639000,1.34775,1.34818,1.34773,1.34801,833780000,8
1297676640000,1297677119000,1.34801,1.34808,1.34711,1.34792,1254880000,8
1297677120000,1297677599000,1.34794,1.34794,1.34609,1.34635,1253770000,8
1297677600000,1297678079000,1.34638,1.34669,1.3457,1.3457,1069680000,8
1297678080000,1297678559000,1.34571,1.34679,1.34538,1.34648,1441110000,8
1297678560000,1297679039000,1.34648,1.34694,1.3461,1.34654,1348640000,8
1297679040000,1297679519000,1.34654,1.34663,1.34549,1.34592,1332220000,8
1297679520000,1297679999000,1.34594,1.34614,1.34524,1.34544,1185830000,8
1297680000000,1297680479000,1.34544,1.34553,1.3451,1.34514,1085730000,8
1297680480000,1297680959000,1.34514,1.34603,1.3449,1.34577,1634290000,8
1297680960000,1297681439000,1.34579,1.34691,1.34576,1.34675,1295190000,8
1297681440000,1297681919000,1.34676,1.34708,1.3462,1.34687,1270970000,8
1297681920000,1297682399000,1.34685,1.34698,1.34629,1.34667,1126270000,8
1297682400000,1297682879000,1.34667,1.3473,1.34654,1.34681,1378960000,8
1297682880000,1297683359000,1.34681,1.34701,1.34642,1.34654,1117890000,8
1297683360000,1297683839000,1.34652,1.34743,1.34652,1.3468,913120000,8
1297683840000,1297684319000,1.3468,1.34739,1.34678,1.34698,781440000,8
1297684320000,1297684799000,1.34699,1.347,1.34498,1.3452,1304770000,8
1297684800000,1297685279000,1.3452,1.3454,1.34463,1.34485,1520500000,8
1297685280000,1297685759000,1.34484,1.34558,1.34476,1.34542,1423590000,8
1297685760000,1297686239000,1.34542,1.3459,1.34475,1.34531,1093040000,8
1297686240000,1297686719000,1.34533,1.34611,1.34533,1.34543,1410870000,8
1297686720000,1297687199000,1.34543,1.34548,1.34482,1.34491,1283950000,8
1297687200000,1297687679000,1.3449,1.34491,1.3436,1.34408,1514890000,8
1297687680000,1297688159000,1.34413,1.34419,1.3431,1.34327,1486240000,8
1297688160000,1297688639000,1.34327,1.34448,1.34327,1.3437,1516020000,8
1297688640000,1297689119000,1.34371,1.3444,1.34339,1.34438,1172100000,8
1297689120000,1297689599000,1.34439,1.34453,1.34337,1.3438,1590780000,8
1297689600000,1297690079000,1.34381,1.34388,1.3428,1.34352,1482370000,8
1297690080000,1297690559000,1.34358,1.34381,1.34318,1.34364,1115650000,8
1297690560000,1297691039000,1.34361,1.34468,1.34345,1.34421,1770170000,8
1297691040000,1297691519000,1.34421,1.34569,1.34403,1.34549,1654650000,8
1297691520000,1297691999000,1.34549,1.34589,1.34512,1.34589,1298540000,8
1297692000000,1297692479000,1.34592,1.34688,1.34572,1.34639,1602890000,8
1297692480000,1297692959000,1.34642,1.34653,1.34577,1.34615,1275910000,8
1297692960000,1297693439000,1.34615,1.3462,1.345,1.34514,1364640000,8
1297693440000,1297693919000,1.34519,1.34565,1.34512,1.34555,1304370000,8
1297693920000,1297694399000,1.34556,1.34664,1.34541,1.34647,1663400000,8
1297694400000,1297694879000,1.34648,1.3469,1.34588,1.34673,2000140000,8
1297694880000,1297695359000,1.34673,1.34765,1.3467,1.34698,2136890000,8
1297695360000,1297695839000,1.34698,1.34787,1.34638,1.34761,1750850000,8
1297695840000,1297696319000,1.34763,1.34829,1.34724,1.34799,1897980000,8
1297696320000,1297696799000,1.34799,1.34877,1.34774,1.34858,1974290000,8
1297696800000,1297697279000,1.34858,1.34878,1.34819,1.34863,1630640000,8
1297697280000,1297697759000,1.34868,1.34888,1.3477,1.34817,1686060000,8
1297697760000,1297698239000,1.34816,1.34821,1.34686,1.34689,1444800000,8
1297698240000,1297698719000,1.34689,1.34689,1.34586,1.34619,1814190000,8
1297698720000,1297699199000,1.34621,1.347,1.34575,1.34608,1725090000,8
1297699200000,1297699679000,1.34606,1.34679,1.3459,1.34651,1276280000,8
1297699680000,1297700159000,1.3465,1.3468,1.34619,1.34629,1112720000,8
1297700160000,1297700639000,1.34629,1.34672,1.3461,1.34657,1377580000,8
1297700640000,1297701119000,1.34656,1.34769,1.34632,1.34731,1230230000,8
1297701120000,1297701599000,1.3473,1.3478,1.34672,1.34692,1366340000,8
1297701600000,1297702079000,1.34695,1.347,1.34659,1.34692,966360000,8
1297702080000,1297702559000,1.34697,1.34751,1.3469,1.34729,861640000,8
1297702560000,1297703039000,1.3473,1.34819,1.3472,1.34813,912480000,8
1297703040000,1297703519000,1.34817,1.34878,1.348,1.34809,1105720000,8
1297703520000,1297703999000,1.34808,1.34808,1.3475,1.34781,584110000,8
1297704000000,1297704479000,1.34781,1.34898,1.3477,1.34872,940410000,8
1297704480000,1297704959000,1.34875,1.34926,1.34857,1.34868,1124020000,8
1297704960000,1297705439000,1.34864,1.34882,1.34813,1.34855,672910000,8
1297705440000,1297705919000,1.34853,1.34871,1.34831,1.34852,442490000,8
1297705920000,1297706399000,1.34852,1.3497,1.34841,1.34957,946500000,8
1297706400000,1297706879000,1.34961,1.34968,1.3491,1.34912,972460000,8
1297706880000,1297707359000,1.34912,1.34916,1.34869,1.34869,630240000,8
1297707360000,1297707839000,1.34869,1.35054,1.34869,1.35005,1239550000,8
1297707840000,1297708319000,1.35005,1.35015,1.34838,1.34853,1381640000,8
1297708320000,1297708799000,1.34858,1.34862,1.34806,1.34816,599690000,8
1297708800000,1297709279000,1.34816,1.34837,1.34789,1.34791,517620000,8
1297709280000,1297709759000,1.34789,1.34799,1.3476,1.34781,798350000,8
1297709760000,1297710239000,1.34781,1.34829,1.34749,1.34766,721880000,8
1297710240000,1297710719000,1.34767,1.34796,1.34762,1.34776,495070000,8
1297710720000,1297711199000,1.34771,1.34771,1.34731,1.3475,510920000,8
1297711200000,1297711679000,1.3475,1.34781,1.3475,1.3476,451030000,8
1297711680000,1297712159000,1.3476,1.34823,1.34758,1.34812,723960000,8
1297712160000,1297712639000,1.34814,1.34847,1.34793,1.34809,548440000,8
1297712640000,1297713119000,1.34809,1.34823,1.34777,1.34823,528810000,8
1297713120000,1297713599000,1.34828,1.34863,1.3481,1.34814,1037570000,8
1297713600000,1297714079000,1.34813,1.34861,1.34813,1.34843,627970000,8
1297714080000,1297714559000,1.34843,1.3485,1.34798,1.3482,478220000,8
1297714560000,1297715039000,1.3482,1.34837,1.34811,1.34813,271000000,8
1297715040000,1297715519000,1.34813,1.34822,1.34801,1.34801,381300000,8
1297715520000,1297715999000,1.348,1.34801,1.34777,1.34777,293020000,8
1297716000000,1297716479000,1.34777,1.34883,1.3477,1.3488,591620000,8
1297716480000,1297716959000,1.34879,1.34879,1.34843,1.34855,416750000,8
1297716960000,1297717439000,1.34855,1.349,1.34837,1.34838,596370000,8
1297717440000,1297717919000,1.34838,1.34848,1.34819,1.34833,760250000,8
1297717920000,1297718399000,1.34833,1.34892,1.34833,1.34885,435870000,8
1297718400000,1297718879000,1.34885,1.3492,1.34881,1.34888,553220000,8
1297718880000,1297719359000,1.34887,1.34919,1.34858,1.34858,595020000,8
1297719360000,1297719839000,1.34858,1.34882,1.34832,1.34858,600940000,8
1297719840000,1297720319000,1.3486,1.34871,1.34856,1.34856,270810000,8
1297720320000,1297720799000,1.34856,1.34887,1.34854,1.34883,512610000,8
1297720800000,1297721279000,1.34883,1.34883,1.34816,1.34818,600690000,8
1297721280000,1297721759000,1.34818,1.34846,1.34815,1.34832,276000000,8
1297721760000,1297722239000,1.34832,1.34864,1.34832,1.34855,356180000,8
1297722240000,1297722719000,1.34855,1.34877,1.34853,1.34853,283030000,8
1297722720000,1297723199000,1.34859,1.34889,1.34854,1.34879,505420000,8
1297723200000,1297723679000,1.34879,1.34889,1.34869,1.34878,191300000,8
1297723680000,1297724159000,1.34879,1.34897,1.34879,1.34886,112300000,8
1297724160000,1297724639000,1.34886,1.34909,1.3488,1.34891,336470000,8
1297724640000,1297725119000,1.34891,1.34893,1.34863,1.34868,296700000,8
1297725120000,1297725599000,1.34868,1.34875,1.34853,1.34866,223320000,8
1297725600000,1297726079000,1.34866,1.34868,1.34852,1.34857,147310000,8
1297726080000,1297726559000,1.34857,1.34857,1.34845,1.34845,169210000,8
1297726560000,1297727039000,1.34843,1.34857,1.34821,1.34841,248140000,8
1297727040000,1297727519000,1.34842,1.34855,1.34817,1.34824,244020000,8
1297727520000,1297727999000,1.34824,1.34824,1.34778,1.34788,643460000,8
1297728000000,1297728479000,1.34792,1.34834,1.34792,1.34832,512940000,8
1297728480000,1297728959000,1.34833,1.3484,1.34787,1.3479,655050000,8
1297728960000,1297729439000,1.34791,1.34857,1.34791,1.34845,312280000,8
1297729440000,1297729919000,1.34845,1.34889,1.34829,1.34889,321160000,8
1297729920000,1297730399000,1.34888,1.3507,1.34888,1.35024,1826460000,8
1297730400000,1297730879000,1.35026,1.3503,1.34955,1.34962,1351300000,8
1297730880000,1297731359000,1.34963,1.35021,1.34962,1.34981,1014340000,8
1297731360000,1297731839000,1.34982,1.35067,1.3498,1.35046,912000000,8
1297731840000,1297732319000,1.35046,1.35049,1.34956,1.35023,639800000,8
1297732320000,1297732799000,1.35023,1.35139,1.3502,1.35125,1417340000,8
1297732800000,1297733279000,1.35125,1.35139,1.35098,1.35111,636880000,8
1297733280000,1297733759000,1.35109,1.35227,1.35099,1.35173,1319030000,8
1297733760000,1297734239000,1.35173,1.35211,1.35071,1.35074,1017290000,8
1297734240000,1297734719000,1.35072,1.351,1.35029,1.35074,675680000,8
1297734720000,1297735199000,1.35074,1.35128,1.35071,1.35115,527620000,8
1297735200000,1297735679000,1.35113,1.35169,1.3504,1.3504,592820000,8
1297735680000,1297736159000,1.35041,1.35141,1.35041,1.35127,600760000,8
1297736160000,1297736639000,1.35127,1.3516,1.3511,1.35151,809710000,8
1297736640000,1297737119000,1.35152,1.35237,1.35151,1.35209,923700000,8
1297737120000,1297737599000,1.35209,1.35215,1.35167,1.35169,622610000,8
1297737600000,1297738079000,1.35172,1.35189,1.35162,1.35169,460750000,8
1297738080000,1297738559000,1.35169,1.35169,1.35125,1.35133,514470000,8
1297738560000,1297739039000,1.35135,1.35232,1.35128,1.35219,815330000,8
1297739040000,1297739519000,1.35218,1.35269,1.35184,1.35256,666090000,8
1297739520000,1297739999000,1.35256,1.35262,1.35227,1.35236,517450000,8
1297740000000,1297740479000,1.35234,1.35242,1.352,1.35202,355020000,8
1297740480000,1297740959000,1.35201,1.35236,1.35169,1.35172,317960000,8
1297740960000,1297741439000,1.35172,1.3518,1.35136,1.35136,274830000,8
1297741440000,1297741919000,1.35133,1.35138,1.35088,1.35091,422980000,8
1297741920000,1297742399000,1.35092,1.35157,1.35092,1.35154,520420000,8
1297742400000,1297742879000,1.35154,1.3517,1.35126,1.35143,406790000,8
1297742880000,1297743359000,1.35142,1.35184,1.35122,1.35136,410160000,8
1297743360000,1297743839000,1.35135,1.35135,1.35089,1.35103,379560000,8
1297743840000,1297744319000,1.35102,1.35109,1.35067,1.35104,692370000,8
1297744320000,1297744799000,1.35104,1.35122,1.35089,1.35102,361230000,8
1297744800000,1297745279000,1.35102,1.35118,1.35078,1.35113,451430000,8
1297745280000,1297745759000,1.35113,1.35121,1.35078,1.35086,323460000,8
1297745760000,1297746239000,1.35084,1.35121,1.35077,1.35102,618450000,8
1297746240000,1297746719000,1.35102,1.35119,1.35088,1.35092,581420000,8
1297746720000,1297747199000,1.35092,1.35115,1.35086,1.35092,570700000,8
1297747200000,1297747679000,1.35092,1.35137,1.35078,1.35124,564840000,8
1297747680000,1297748159000,1.35124,1.35157,1.35124,1.35134,500190000,8
1297748160000,1297748639000,1.35137,1.35188,1.35137,1.35187,631160000,8
1297748640000,1297749119000,1.35188,1.35221,1.3518,1.35211,854150000,8
1297749120000,1297749599000,1.35211,1.35247,1.3521,1.35237,805270000,8
1297749600000,1297750079000,1.35244,1.35269,1.35111,1.35135,1064090000,8
1297750080000,1297750559000,1.3514,1.35187,1.35112,1.35166,715090000,8
1297750560000,1297751039000,1.35166,1.35182,1.35152,1.35169,528150000,8
1297751040000,1297751519000,1.35172,1.3519,1.35114,1.35147,501940000,8
1297751520000,1297751999000,1.35147,1.35169,1.3513,1.35157,543500000,8
1297752000000,1297752479000,1.35157,1.35157,1.35119,1.35138,579090000,8
1297752480000,1297752959000,1.35138,1.3514,1.3495,1.3496,1674050000,8
1297752960000,1297753439000,1.3496,1.34965,1.34835,1.34862,1809260000,8
1297753440000,1297753919000,1.3486,1.3486,1.34717,1.34771,1549700000,8
1297753920000,1297754399000,1.34772,1.34782,1.3469,1.34727,1657750000,8
1297754400000,1297754879000,1.34727,1.3479,1.34706,1.3472,1443270000,8
1297754880000,1297755359000,1.3472,1.34747,1.34662,1.34737,1211900000,8
1297755360000,1297755839000,1.34737,1.34779,1.3465,1.34682,1387380000,8
1297755840000,1297756319000,1.34683,1.34721,1.34661,1.34661,1350220000,8
1297756320000,1297756799000,1.34662,1.34702,1.34609,1.34694,1466000000,8
1297756800000,1297757279000,1.34693,1.3479,1.34693,1.34751,1555660000,8
1297757280000,1297757759000,1.34751,1.34841,1.34724,1.34826,1639070000,8
1297757760000,1297758239000,1.3483,1.34899,1.34777,1.34871,1310340000,8
1297758240000,1297758719000,1.3487,1.35001,1.34869,1.34959,1740950000,8
1297758720000,1297759199000,1.3496,1.35073,1.34931,1.35059,1273450000,8
1297759200000,1297759679000,1.35062,1.35178,1.35041,1.3515,1701560000,8
1297759680000,1297760159000,1.3515,1.35156,1.35105,1.3512,1290040000,8
1297760160000,1297760639000,1.3512,1.3518,1.35072,1.35152,1983090000,8
1297760640000,1297761119000,1.35147,1.35207,1.35129,1.35136,1610790000,8
1297761120000,1297761599000,1.35136,1.35244,1.35116,1.35231,1701170000,8
1297761600000,1297762079000,1.35231,1.35418,1.35231,1.35338,2802010000,8
1297762080000,1297762559000,1.35338,1.35356,1.35262,1.35284,1939120000,8
1297762560000,1297763039000,1.35284,1.35382,1.35269,1.3532,1868710000,8
1297763040000,1297763519000,1.3532,1.35361,1.3518,1.3518,1788100000,8
1297763520000,1297763999000,1.3518,1.35189,1.35076,1.3509,1584440000,8
1297764000000,1297764479000,1.3509,1.35286,1.35025,1.35263,2221840000,8
1297764480000,1297764959000,1.35263,1.35408,1.35228,1.35408,1628690000,8
1297764960000,1297765439000,1.35407,1.35454,1.35332,1.35358,1862310000,8
1297765440000,1297765919000,1.35357,1.35391,1.35291,1.35291,1457920000,8
1297765920000,1297766399000,1.35291,1.35311,1.352,1.35202,1565190000,8
1297766400000,1297766879000,1.35206,1.35371,1.35189,1.35309,1588190000,8
1297766880000,1297767359000,1.35309,1.35313,1.35146,1.35213,1791440000,8
1297767360000,1297767839000,1.35216,1.35321,1.3521,1.35229,1396240000,8
1297767840000,1297768319000,1.35229,1.35319,1.35229,1.35281,1304320000,8
1297768320000,1297768799000,1.35282,1.35392,1.35281,1.35315,1577150000,8
1297768800000,1297769279000,1.35311,1.35332,1.35245,1.35314,1239650000,8
1297769280000,1297769759000,1.35318,1.35337,1.35241,1.353,1325600000,8
1297769760000,1297770239000,1.35308,1.35418,1.3529,1.35377,1716830000,8
1297770240000,1297770719000,1.35375,1.35441,1.35366,1.35421,1640140000,8
1297770720000,1297771199000,1.35421,1.35431,1.35337,1.35351,1154950000,8
1297771200000,1297771679000,1.35344,1.35432,1.35344,1.3538,1528820000,8
1297771680000,1297772159000,1.35378,1.35504,1.3535,1.35416,2204380000,8
1297772160000,1297772639000,1.35416,1.35455,1.35356,1.35389,1199170000,8
1297772640000,1297773119000,1.35389,1.35485,1.35338,1.35342,1798750000,8
1297773120000,1297773599000,1.35342,1.35367,1.3528,1.35286,1566760000,8
1297773600000,1297774079000,1.35289,1.35295,1.35168,1.35202,1735590000,8
1297774080000,1297774559000,1.35201,1.3527,1.35184,1.35262,1009720000,8
1297774560000,1297775039000,1.35262,1.35265,1.35101,1.35131,1708980000,8
1297775040000,1297775519000,1.35132,1.35136,1.3507,1.3512,1188840000,8
1297775520000,1297775999000,1.35121,1.35171,1.35049,1.35049,1717050000,8
1297776000000,1297776479000,1.35047,1.35066,1.3499,1.35003,1649790000,8
1297776480000,1297776959000,1.35002,1.3522,1.34989,1.35145,2512830000,8
1297776960000,1297777439000,1.35147,1.3515,1.34998,1.35119,2172400000,8
1297777440000,1297777919000,1.3512,1.3543,1.3512,1.35391,2766260000,8
1297777920000,1297778399000,1.35391,1.35469,1.35233,1.35255,2315860000,8
1297778400000,1297778879000,1.35252,1.35358,1.35233,1.3531,2371580000,8
1297778880000,1297779359000,1.3531,1.35328,1.35176,1.3519,2046020000,8
1297779360000,1297779839000,1.35187,1.3524,1.35075,1.35099,1554280000,8
1297779840000,1297780319000,1.351,1.3517,1.35099,1.35132,1210640000,8
1297780320000,1297780799000,1.35138,1.35215,1.35099,1.35202,1680420000,8
1297780800000,1297781279000,1.35199,1.35306,1.35191,1.35251,1607080000,8
1297781280000,1297781759000,1.35252,1.35289,1.35171,1.35171,1510610000,8
1297781760000,1297782239000,1.35172,1.35222,1.35025,1.35039,2024930000,8
1297782240000,1297782719000,1.35045,1.35061,1.349,1.34912,2144280000,8
1297782720000,1297783199000,1.34918,1.3506,1.34918,1.3501,1549200000,8
1297783200000,1297783679000,1.35005,1.3511,1.35001,1.35102,1627310000,8
1297783680000,1297784159000,1.35104,1.35109,1.34941,1.35001,1497880000,8
1297784160000,1297784639000,1.35001,1.35089,1.34991,1.35069,1176800000,8
1297784640000,1297785119000,1.35066,1.35173,1.34983,1.35132,2173080000,8
1297785120000,1297785599000,1.35132,1.35168,1.35082,1.35129,1587850000,8
1297785600000,1297786079000,1.35131,1.35165,1.3509,1.351,1273200000,8
1297786080000,1297786559000,1.35106,1.35138,1.35049,1.3505,900560000,8
1297786560000,1297787039000,1.35048,1.35059,1.3496,1.35041,1317860000,8
1297787040000,1297787519000,1.35041,1.35053,1.34991,1.35,976190000,8
1297787520000,1297787999000,1.34992,1.35029,1.3495,1.35012,1293050000,8
1297788000000,1297788479000,1.35011,1.35018,1.3491,1.34919,1053980000,8
1297788480000,1297788959000,1.3492,1.3498,1.34914,1.34919,971540000,8
1297788960000,1297789439000,1.34919,1.3497,1.34829,1.34861,1743630000,8
1297789440000,1297789919000,1.34862,1.35013,1.34862,1.35002,1127700000,8
1297789920000,1297790399000,1.35002,1.35016,1.34896,1.34919,1176550000,8
1297790400000,1297790879000,1.34919,1.34961,1.34906,1.34922,663550000,8
1297790880000,1297791359000,1.34924,1.35071,1.34911,1.35042,1090660000,8
1297791360000,1297791839000,1.35041,1.35149,1.35033,1.35133,1100490000,8
1297791840000,1297792319000,1.35135,1.35202,1.35104,1.35174,989030000,8
1297792320000,1297792799000,1.35171,1.35242,1.35148,1.35175,1050070000,8
1297792800000,1297793279000,1.35176,1.35202,1.35151,1.35179,827910000,8
1297793280000,1297793759000,1.35178,1.35181,1.35122,1.35145,908630000,8
1297793760000,1297794239000,1.35145,1.35148,1.35045,1.35069,851380000,8
1297794240000,1297794719000,1.35069,1.35086,1.35042,1.35069,609140000,8
1297794720000,1297795199000,1.35069,1.35108,1.35048,1.35083,543360000,8
1297795200000,1297795679000,1.35084,1.3512,1.35081,1.3512,303270000,8
1297795680000,1297796159000,1.3512,1.3513,1.35068,1.35068,728440000,8
1297796160000,1297796639000,1.35069,1.35122,1.35052,1.35057,795910000,8
1297796640000,1297797119000,1.35055,1.3507,1.35006,1.35028,745350000,8
1297797120000,1297797599000,1.35029,1.35041,1.3493,1.34982,792570000,8
1297797600000,1297798079000,1.3498,1.3498,1.3486,1.34863,999970000,8
1297798080000,1297798559000,1.34862,1.34892,1.348,1.3484,1415500000,8
1297798560000,1297799039000,1.3484,1.34908,1.34833,1.34882,953760000,8
1297799040000,1297799519000,1.34882,1.34893,1.34861,1.34874,453230000,8
1297799520000,1297799999000,1.34875,1.34921,1.34868,1.34919,841570000,8
1297800000000,1297800479000,1.34916,1.34916,1.34871,1.34896,847650000,8
1297800480000,1297800959000,1.34897,1.349,1.34869,1.34897,329050000,8
1297800960000,1297801439000,1.34897,1.34924,1.34818,1.34846,685860000,8
1297801440000,1297801919000,1.34848,1.34858,1.34762,1.34849,1124950000,8
1297801920000,1297802399000,1.34853,1.34878,1.34831,1.34858,803210000,8
1297802400000,1297802879000,1.34857,1.34859,1.34798,1.34841,717760000,8
1297802880000,1297803359000,1.34841,1.34862,1.34825,1.34853,601230000,8
1297803360000,1297803839000,1.34853,1.34862,1.34809,1.34848,1142680000,8
1297803840000,1297804319000,1.34848,1.34878,1.34842,1.34869,684530000,8
1297804320000,1297804799000,1.34868,1.3488,1.34862,1.34868,393090000,8
1297804800000,1297805279000,1.34871,1.34889,1.34866,1.34883,224390000,8
1297805280000,1297805759000,1.34883,1.34888,1.34847,1.34847,354580000,8
1297805760000,1297806239000,1.34847,1.34873,1.34841,1.34865,281100000,8
1297806240000,1297806719000,1.34865,1.34879,1.34841,1.3485,525570000,8
1297806720000,1297807199000,1.3485,1.34877,1.34839,1.34866,557170000,8
1297807200000,1297807679000,1.34865,1.34871,1.3483,1.34865,212780000,8
1297807680000,1297808159000,1.34868,1.34887,1.3484,1.34887,303790000,8
1297808160000,1297808639000,1.34879,1.3491,1.34868,1.34902,478530000,8
1297808640000,1297809119000,1.34902,1.34902,1.34829,1.34858,301950000,8
1297809120000,1297809599000,1.34859,1.34889,1.34849,1.34859,231460000,8
1297809600000,1297810079000,1.34857,1.34885,1.34855,1.34873,107580000,8
1297810080000,1297810559000,1.34871,1.34905,1.34871,1.34902,280020000,8
1297810560000,1297811039000,1.34902,1.34918,1.34847,1.34889,486840000,8
1297811040000,1297811519000,1.34895,1.3491,1.34885,1.34903,230080000,8
1297811520000,1297811999000,1.34903,1.34939,1.34903,1.34929,355800000,8
1297812000000,1297812479000,1.34929,1.34965,1.34921,1.34958,201520000,8
1297812480000,1297812959000,1.34958,1.34978,1.34955,1.34968,339080000,8
1297812960000,1297813439000,1.34968,1.34977,1.34958,1.34967,298690000,8
1297813440000,1297813919000,1.34967,1.34978,1.34956,1.34962,407500000,8
1297813920000,1297814399000,1.34962,1.34989,1.34957,1.34974,397740000,8
1297814400000,1297814879000,1.34971,1.34977,1.34909,1.34949,898880000,8
1297814880000,1297815359000,1.34949,1.35048,1.34949,1.3504,895300000,8
1297815360000,1297815839000,1.3504,1.35092,1.35039,1.35048,1052250000,8
1297815840000,1297816319000,1.35047,1.35064,1.35012,1.35041,884710000,8
1297816320000,1297816799000,1.35041,1.35057,1.35032,1.3504,513920000,8
1297816800000,1297817279000,1.3504,1.35079,1.35032,1.35073,635860000,8
1297817280000,1297817759000,1.35072,1.35081,1.35049,1.35049,970480000,8
1297817760000,1297818239000,1.35049,1.35128,1.35048,1.35114,1013130000,8
1297818240000,1297818719000,1.35114,1.35114,1.35078,1.35106,796200000,8
1297818720000,1297819199000,1.35106,1.35202,1.35073,1.35193,1352260000,8
1297819200000,1297819679000,1.35194,1.35219,1.35174,1.35199,1044580000,8
1297819680000,1297820159000,1.352,1.35268,1.35198,1.35252,1178540000,8
1297820160000,1297820639000,1.35253,1.35255,1.35197,1.35204,995490000,8
1297820640000,1297821119000,1.35204,1.35237,1.35204,1.35227,475510000,8
1297821120000,1297821599000,1.35228,1.35237,1.35207,1.35227,478280000,8
1297821600000,1297822079000,1.35227,1.35342,1.35227,1.35331,1290760000,8
1297822080000,1297822559000,1.35332,1.35348,1.35311,1.35311,1568350000,8
1297822560000,1297823039000,1.35311,1.35332,1.35311,1.35314,899320000,8
1297823040000,1297823519000,1.35316,1.3532,1.35268,1.35271,916210000,8
1297823520000,1297823999000,1.35271,1.35305,1.3524,1.35299,856470000,8
1297824000000,1297824479000,1.35299,1.35307,1.35277,1.353,710490000,8
1297824480000,1297824959000,1.35297,1.35363,1.35294,1.35342,1053890000,8
1297824960000,1297825439000,1.35342,1.35355,1.35294,1.35344,684020000,8
1297825440000,1297825919000,1.35344,1.35359,1.35321,1.35329,444820000,8
1297825920000,1297826399000,1.35329,1.35345,1.35324,1.35324,307860000,8
1297826400000,1297826879000,1.35322,1.35389,1.35321,1.35379,547610000,8
1297826880000,1297827359000,1.35378,1.35379,1.35348,1.35361,530930000,8
1297827360000,1297827839000,1.35361,1.35373,1.35327,1.35327,790770000,8
1297827840000,1297828319000,1.35326,1.35344,1.35281,1.35288,949190000,8
1297828320000,1297828799000,1.35288,1.35298,1.35257,1.35268,460850000,8
1297828800000,1297829279000,1.35268,1.35288,1.35267,1.35282,358520000,8
1297829280000,1297829759000,1.35282,1.35288,1.35267,1.35282,338420000,8
1297829760000,1297830239000,1.35282,1.35287,1.35268,1.35273,429940000,8
1297830240000,1297830719000,1.35273,1.35284,1.35252,1.35257,354820000,8
1297830720000,1297831199000,1.35257,1.35291,1.35257,1.35282,340340000,8
1297831200000,1297831679000,1.35282,1.35319,1.35282,1.3531,511420000,8
1297831680000,1297832159000,1.35312,1.35326,1.35292,1.35293,395890000,8
1297832160000,1297832639000,1.35293,1.35299,1.35278,1.35278,415760000,8
1297832640000,1297833119000,1.35278,1.35279,1.35231,1.35244,628210000,8
1297833120000,1297833599000,1.35247,1.3528,1.35247,1.35262,868450000,8
1297833600000,1297834079000,1.35263,1.35277,1.35234,1.35242,694020000,8
1297834080000,1297834559000,1.35241,1.3525,1.3522,1.35234,397760000,8
1297834560000,1297835039000,1.35234,1.3525,1.35202,1.35215,525100000,8
1297835040000,1297835519000,1.35214,1.35241,1.35204,1.3523,909230000,8
1297835520000,1297835999000,1.35238,1.35252,1.35217,1.35233,997030000,8
1297836000000,1297836479000,1.35233,1.35247,1.35217,1.35239,889880000,8
1297836480000,1297836959000,1.35239,1.35277,1.35221,1.35224,727660000,8
1297836960000,1297837439000,1.35224,1.35259,1.3521,1.35249,547530000,8
1297837440000,1297837919000,1.35249,1.35325,1.35227,1.35309,984040000,8
1297837920000,1297838399000,1.35309,1.35314,1.35282,1.35302,801080000,8
1297838400000,1297838879000,1.35302,1.35329,1.3529,1.35308,1303960000,8
1297838880000,1297839359000,1.3531,1.3567,1.35308,1.3564,2770480000,8
1297839360000,1297839839000,1.35645,1.3565,1.35512,1.35557,2121360000,8
1297839840000,1297840319000,1.35555,1.35649,1.35539,1.35587,1877530000,8
1297840320000,1297840799000,1.35587,1.35646,1.35499,1.35518,2356280000,8
1297840800000,1297841279000,1.35518,1.3556,1.3543,1.35511,1792310000,8
1297841280000,1297841759000,1.35514,1.35557,1.3543,1.35469,1491810000,8
1297841760000,1297842239000,1.35471,1.3549,1.35402,1.35467,1521470000,8
1297842240000,1297842719000,1.35462,1.35521,1.35401,1.35422,1877160000,8
1297842720000,1297843199000,1.35422,1.3546,1.35401,1.3545,870630000,8
1297843200000,1297843679000,1.35455,1.35518,1.35435,1.35506,1522750000,8
1297843680000,1297844159000,1.35503,1.35605,1.35491,1.35571,1836750000,8
1297844160000,1297844639000,1.35571,1.35684,1.35562,1.35668,2126100000,8
1297844640000,1297845119000,1.35664,1.35687,1.35513,1.35513,1751420000,8
1297845120000,1297845599000,1.35512,1.35569,1.3549,1.35561,1319340000,8
1297845600000,1297846079000,1.35561,1.35578,1.3549,1.35506,1273550000,8
1297846080000,1297846559000,1.35505,1.35572,1.35449,1.35572,1532260000,8
1297846560000,1297847039000,1.35572,1.35632,1.35551,1.35581,1662450000,8
1297847040000,1297847519000,1.35575,1.35612,1.35539,1.356,1337650000,8
1297847520000,1297847999000,1.356,1.3561,1.35561,1.35572,983000000,8
1297848000000,1297848479000,1.35571,1.35648,1.35543,1.35553,1321830000,8
1297848480000,1297848959000,1.35552,1.35564,1.3551,1.35544,1091200000,8
1297848960000,1297849439000,1.35543,1.35572,1.3539,1.3539,1336510000,8
1297849440000,1297849919000,1.35395,1.35428,1.35367,1.35407,1558290000,8
1297849920000,1297850399000,1.35407,1.3556,1.35403,1.35511,1814480000,8
1297850400000,1297850879000,1.35507,1.35518,1.35426,1.35473,1428050000,8
1297850880000,1297851359000,1.35471,1.35471,1.3537,1.3537,1123180000,8
1297851360000,1297851839000,1.3537,1.35428,1.35355,1.35404,1133010000,8
1297851840000,1297852319000,1.35405,1.35437,1.35345,1.35347,1471970000,8
1297852320000,1297852799000,1.35341,1.35409,1.35298,1.3536,2075170000,8
1297852800000,1297853279000,1.35357,1.35357,1.35244,1.35293,1675120000,8
1297853280000,1297853759000,1.35295,1.3535,1.35205,1.35259,2310200000,8
1297853760000,1297854239000,1.3526,1.3528,1.35161,1.35199,1997370000,8
1297854240000,1297854719000,1.35197,1.35269,1.35175,1.35202,1527850000,8
1297854720000,1297855199000,1.35201,1.35277,1.3516,1.35266,1335800000,8
1297855200000,1297855679000,1.35266,1.35283,1.35228,1.35247,801050000,8
1297855680000,1297856159000,1.35247,1.35331,1.3521,1.3531,1529270000,8
1297856160000,1297856639000,1.3531,1.35311,1.3526,1.35299,936930000,8
1297856640000,1297857119000,1.35299,1.35309,1.35192,1.35209,1214450000,8
1297857120000,1297857599000,1.3521,1.3523,1.3518,1.35215,761130000,8
1297857600000,1297858079000,1.35213,1.35213,1.35078,1.35109,1685520000,8
1297858080000,1297858559000,1.35109,1.35121,1.35048,1.35081,1270480000,8
1297858560000,1297859039000,1.35082,1.35119,1.3504,1.35091,1419350000,8
1297859040000,1297859519000,1.3509,1.35108,1.3501,1.3503,1227520000,8
1297859520000,1297859999000,1.35031,1.35058,1.35,1.35049,1162720000,8
1297860000000,1297860479000,1.35051,1.35081,1.35025,1.35052,1046460000,8
1297860480000,1297860959000,1.35053,1.35117,1.3504,1.35104,1024190000,8
1297860960000,1297861439000,1.35104,1.35139,1.35089,1.35095,1040570000,8
1297861440000,1297861919000,1.35094,1.35148,1.35089,1.35111,1207340000,8
1297861920000,1297862399000,1.35111,1.35137,1.35072,1.35098,1476200000,8
1297862400000,1297862879000,1.35091,1.35091,1.3496,1.34971,1590250000,8
1297862880000,1297863359000,1.34971,1.35019,1.34709,1.34762,2839040000,8
1297863360000,1297863839000,1.34762,1.34808,1.34689,1.34731,2125300000,8
1297863840000,1297864319000,1.3473,1.34739,1.3465,1.34663,2221140000,8
1297864320000,1297864799000,1.34661,1.34749,1.34619,1.347,2258860000,8
1297864800000,1297865279000,1.34698,1.34772,1.3465,1.3472,1698110000,8
1297865280000,1297865759000,1.34728,1.34781,1.34661,1.34764,1863670000,8
1297865760000,1297866239000,1.34762,1.34808,1.34699,1.34808,1505300000,8
1297866240000,1297866719000,1.34808,1.34849,1.34782,1.34849,1623930000,8
1297866720000,1297867199000,1.34848,1.34887,1.34752,1.34769,1925620000,8
1297867200000,1297867679000,1.34769,1.34788,1.34711,1.34768,1230450000,8
1297867680000,1297868159000,1.34768,1.34851,1.34748,1.34834,1031690000,8
1297868160000,1297868639000,1.34834,1.34855,1.34742,1.34752,1735510000,8
1297868640000,1297869119000,1.34753,1.34899,1.3475,1.34887,1393750000,8
1297869120000,1297869599000,1.34889,1.349,1.34777,1.34816,1540570000,8
1297869600000,1297870079000,1.34816,1.34889,1.34812,1.34852,1460350000,8
1297870080000,1297870559000,1.34859,1.35039,1.34809,1.3502,1987670000,8
1297870560000,1297871039000,1.35019,1.3507,1.3497,1.35051,2202900000,8
1297871040000,1297871519000,1.35053,1.35148,1.35051,1.35112,2228890000,8
1297871520000,1297871999000,1.35112,1.35178,1.3507,1.3516,1907420000,8
1297872000000,1297872479000,1.3516,1.35215,1.351,1.35139,1815560000,8
1297872480000,1297872959000,1.35139,1.35158,1.3507,1.35106,1809960000,8
1297872960000,1297873439000,1.35104,1.35163,1.35077,1.35139,1662330000,8
1297873440000,1297873919000,1.35142,1.35531,1.35142,1.35434,3650400000,8
1297873920000,1297874399000,1.35433,1.35453,1.35282,1.35359,2674020000,8
1297874400000,1297874879000,1.35358,1.35624,1.353,1.35551,2379220000,8
1297874880000,1297875359000,1.35558,1.35558,1.35373,1.35474,2017360000,8
1297875360000,1297875839000,1.3547,1.35776,1.35409,1.35719,2613340000,8
1297875840000,1297876319000,1.35717,1.35879,1.3565,1.35723,2494240000,8
1297876320000,1297876799000,1.35725,1.35765,1.35645,1.35673,1650140000,8
1297876800000,1297877279000,1.35673,1.35729,1.35628,1.35673,1331210000,8
1297877280000,1297877759000,1.35673,1.35705,1.35555,1.35555,1046880000,8
1297877760000,1297878239000,1.35558,1.35599,1.3549,1.35496,1146060000,8
1297878240000,1297878719000,1.35494,1.35594,1.35493,1.35551,889440000,8
1297878720000,1297879199000,1.35549,1.35549,1.35445,1.35471,1100270000,8
1297879200000,1297879679000,1.35471,1.35541,1.35403,1.35456,1207400000,8
1297879680000,1297880159000,1.3546,1.35527,1.35441,1.35527,1038250000,8
1297880160000,1297880639000,1.35527,1.35677,1.35505,1.35607,1344330000,8
1297880640000,1297881119000,1.35606,1.35728,1.35536,1.35656,1192820000,8
1297881120000,1297881599000,1.35656,1.35693,1.35601,1.35674,715760000,8
1297881600000,1297882079000,1.35678,1.35678,1.35629,1.35629,411630000,8
1297882080000,1297882559000,1.35628,1.35663,1.35599,1.35634,860840000,8
1297882560000,1297883039000,1.35634,1.35658,1.35499,1.35595,1926940000,8
1297883040000,1297883519000,1.35592,1.35592,1.35418,1.35459,1834540000,8
1297883520000,1297883999000,1.35456,1.3549,1.35353,1.35465,1258270000,8
1297884000000,1297884479000,1.35461,1.35589,1.35461,1.35517,1094050000,8
1297884480000,1297884959000,1.35518,1.35791,1.35488,1.35786,1133970000,8
1297884960000,1297885439000,1.35785,1.35815,1.35664,1.35673,1519600000,8
1297885440000,1297885919000,1.35673,1.35689,1.35597,1.35689,836180000,8
1297885920000,1297886399000,1.35695,1.3582,1.35657,1.35659,1268380000,8
1297886400000,1297886879000,1.35666,1.3567,1.35562,1.35604,1121360000,8
1297886880000,1297887359000,1.35604,1.3567,1.356,1.35641,631640000,8
1297887360000,1297887839000,1.35641,1.35641,1.35544,1.35605,795620000,8
1297887840000,1297888319000,1.35603,1.35668,1.35603,1.35645,432650000,8
1297888320000,1297888799000,1.35647,1.35727,1.35612,1.35701,670150000,8
1297888800000,1297889279000,1.357,1.35704,1.35624,1.35644,537780000,8
1297889280000,1297889759000,1.35641,1.35668,1.35611,1.35633,648120000,8
1297889760000,1297890239000,1.35633,1.35719,1.35633,1.35691,935760000,8
1297890240000,1297890719000,1.3569,1.35702,1.35662,1.35672,411280000,8
1297890720000,1297891199000,1.35677,1.3568,1.35641,1.35645,292870000,8
1297891200000,1297891679000,1.35645,1.35645,1.35618,1.35625,158790000,8
1297891680000,1297892159000,1.35627,1.35641,1.35626,1.3564,312830000,8
1297892160000,1297892639000,1.35638,1.35668,1.35632,1.3566,274010000,8
1297892640000,1297893119000,1.35659,1.35687,1.3565,1.35679,277290000,8
1297893120000,1297893599000,1.35679,1.35716,1.35668,1.3568,230530000,8
1297893600000,1297894079000,1.35666,1.3569,1.35636,1.35675,502100000,8
1297894080000,1297894559000,1.35678,1.35695,1.35612,1.35633,382990000,8
1297894560000,1297895039000,1.35633,1.35656,1.35607,1.35648,496450000,8
1297895040000,1297895519000,1.35644,1.35644,1.35616,1.35643,234360000,8
1297895520000,1297895999000,1.35648,1.35648,1.35602,1.35607,671400000,8
1297896000000,1297896479000,1.35606,1.35657,1.35606,1.35652,142380000,8
1297896480000,1297896959000,1.35652,1.35652,1.35602,1.35602,272280000,8
1297896960000,1297897439000,1.35602,1.35645,1.35596,1.35643,394190000,8
1297897440000,1297897919000,1.35643,1.3567,1.35628,1.35664,315660000,8
1297897920000,1297898399000,1.35664,1.35676,1.35607,1.35617,438420000,8
1297898400000,1297898879000,1.35619,1.35663,1.35604,1.35634,821680000,8
1297898880000,1297899359000,1.35632,1.35661,1.35612,1.35652,475800000,8
1297899360000,1297899839000,1.35654,1.35699,1.35639,1.35683,312080000,8
1297899840000,1297900319000,1.35683,1.35767,1.35657,1.35746,719060000,8
1297900320000,1297900799000,1.35746,1.35757,1.35715,1.35734,537500000,8
1297900800000,1297901279000,1.35732,1.35807,1.35715,1.35777,1346370000,8
1297901280000,1297901759000,1.3578,1.35788,1.35746,1.35748,903800000,8
1297901760000,1297902239000,1.35746,1.3577,1.35728,1.35744,652760000,8
1297902240000,1297902719000,1.35744,1.35759,1.35734,1.35744,316700000,8
1297902720000,1297903199000,1.35744,1.35753,1.35662,1.35692,719110000,8
1297903200000,1297903679000,1.35692,1.35753,1.35692,1.35743,508300000,8
1297903680000,1297904159000,1.35743,1.35747,1.35658,1.35706,952170000,8
1297904160000,1297904639000,1.35706,1.35769,1.35686,1.35694,1175620000,8
1297904640000,1297905119000,1.35692,1.35737,1.35687,1.35719,1161300000,8
1297905120000,1297905599000,1.35719,1.35751,1.35709,1.35749,574230000,8
1297905600000,1297906079000,1.35749,1.35797,1.35717,1.35784,895220000,8
1297906080000,1297906559000,1.35783,1.3593,1.35783,1.35929,1416540000,8
1297906560000,1297907039000,1.3593,1.3596,1.3591,1.35942,1250240000,8
1297907040000,1297907519000,1.35942,1.36011,1.35882,1.35887,1419990000,8
1297907520000,1297907999000,1.35887,1.35945,1.35882,1.35945,712670000,8
1297908000000,1297908479000,1.3595,1.36058,1.35937,1.36012,1695220000,8
1297908480000,1297908959000,1.36012,1.36013,1.35928,1.35937,1362350000,8
1297908960000,1297909439000,1.35937,1.36019,1.35937,1.35964,830900000,8
1297909440000,1297909919000,1.35964,1.35984,1.35915,1.35932,657650000,8
1297909920000,1297910399000,1.35932,1.35936,1.35907,1.35925,371610000,8
1297910400000,1297910879000,1.35925,1.3598,1.35921,1.35966,443530000,8
1297910880000,1297911359000,1.35964,1.35982,1.35928,1.35932,578650000,8
1297911360000,1297911839000,1.35931,1.35937,1.35865,1.35868,471720000,8
1297911840000,1297912319000,1.35867,1.35901,1.35862,1.35892,587250000,8
1297912320000,1297912799000,1.35895,1.35901,1.35875,1.35879,481740000,8
1297912800000,1297913279000,1.35879,1.35879,1.35857,1.35862,361600000,8
1297913280000,1297913759000,1.35862,1.35868,1.35839,1.35866,269650000,8
1297913760000,1297914239000,1.35867,1.35888,1.35863,1.35869,412460000,8
1297914240000,1297914719000,1.3587,1.35887,1.35867,1.35883,214640000,8
1297914720000,1297915199000,1.35883,1.35912,1.35867,1.35875,367190000,8
1297915200000,1297915679000,1.35875,1.35893,1.35866,1.35877,329910000,8
1297915680000,1297916159000,1.35877,1.35878,1.3585,1.35857,279360000,8
1297916160000,1297916639000,1.35854,1.35854,1.35828,1.35838,246980000,8
1297916640000,1297917119000,1.35838,1.35851,1.35833,1.35834,153620000,8
1297917120000,1297917599000,1.35834,1.35838,1.35823,1.35838,306510000,8
1297917600000,1297918079000,1.35838,1.35839,1.35796,1.35814,656440000,8
1297918080000,1297918559000,1.35814,1.35821,1.35794,1.35814,683050000,8
1297918560000,1297919039000,1.35816,1.35823,1.35794,1.35819,744850000,8
1297919040000,1297919519000,1.35819,1.35819,1.357,1.35717,569620000,8
1297919520000,1297919999000,1.35719,1.35723,1.35699,1.35718,642500000,8
1297920000000,1297920479000,1.35717,1.35719,1.3566,1.35698,1275190000,8
1297920480000,1297920959000,1.35698,1.35734,1.35688,1.35733,776880000,8
1297920960000,1297921439000,1.35733,1.3574,1.35719,1.35724,512850000,8
1297921440000,1297921919000,1.35724,1.35724,1.35697,1.35722,691530000,8
1297921920000,1297922399000,1.35723,1.35749,1.3571,1.3571,581940000,8
1297922400000,1297922879000,1.35716,1.35738,1.35695,1.35714,780530000,8
1297922880000,1297923359000,1.35712,1.35732,1.357,1.35709,669440000,8
1297923360000,1297923839000,1.3571,1.35759,1.35709,1.35754,470520000,8
1297923840000,1297924319000,1.35754,1.35755,1.35735,1.35742,414540000,8
1297924320000,1297924799000,1.35743,1.35745,1.35565,1.35589,1454400000,8
1297924800000,1297925279000,1.35592,1.35599,1.35516,1.35568,1629880000,8
1297925280000,1297925759000,1.35568,1.35605,1.35549,1.35591,1383270000,8
1297925760000,1297926239000,1.35591,1.35601,1.35538,1.35584,894920000,8
1297926240000,1297926719000,1.35583,1.35602,1.35541,1.35602,1073120000,8
1297926720000,1297927199000,1.35601,1.35663,1.3559,1.35657,1240710000,8
1297927200000,1297927679000,1.35657,1.35753,1.35632,1.3571,1747110000,8
1297927680000,1297928159000,1.35711,1.35782,1.35681,1.3575,1281700000,8
1297928160000,1297928639000,1.35751,1.35833,1.35751,1.35767,1685620000,8
1297928640000,1297929119000,1.35768,1.3578,1.35676,1.35694,1159400000,8
1297929120000,1297929599000,1.35694,1.35722,1.3561,1.35653,1165330000,8
1297929600000,1297930079000,1.35651,1.35895,1.35625,1.35867,2207790000,8
1297930080000,1297930559000,1.35869,1.35907,1.35784,1.35839,2052370000,8
1297930560000,1297931039000,1.35837,1.35837,1.35558,1.35558,2369120000,8
1297931040000,1297931519000,1.35558,1.3561,1.35459,1.35521,2225520000,8
1297931520000,1297931999000,1.35521,1.35586,1.35427,1.35458,1935200000,8
1297932000000,1297932479000,1.35459,1.35523,1.3539,1.35509,1842620000,8
1297932480000,1297932959000,1.35509,1.35569,1.35505,1.35531,1261030000,8
1297932960000,1297933439000,1.35533,1.3556,1.3548,1.35501,1334710000,8
1297933440000,1297933919000,1.35497,1.35497,1.35371,1.35404,1696790000,8
1297933920000,1297934399000,1.35406,1.35461,1.35368,1.35409,1592760000,8
1297934400000,1297934879000,1.35412,1.35486,1.35409,1.3548,1136270000,8
1297934880000,1297935359000,1.3548,1.35713,1.35461,1.35713,1911550000,8
1297935360000,1297935839000,1.35713,1.35819,1.35675,1.35694,2011350000,8
1297935840000,1297936319000,1.35694,1.35839,1.3569,1.357,1696920000,8
1297936320000,1297936799000,1.35701,1.3573,1.35654,1.35674,1414050000,8
1297936800000,1297937279000,1.35674,1.35763,1.35629,1.3573,1458180000,8
1297937280000,1297937759000,1.3573,1.3575,1.35656,1.35669,1220790000,8
1297937760000,1297938239000,1.35668,1.35771,1.35651,1.35744,1285970000,8
1297938240000,1297938719000,1.35748,1.35763,1.35679,1.35688,1220350000,8
1297938720000,1297939199000,1.35688,1.35719,1.35637,1.35691,1213170000,8
1297939200000,1297939679000,1.35689,1.35779,1.35674,1.35753,1156380000,8
1297939680000,1297940159000,1.35747,1.35759,1.35641,1.35643,1557820000,8
1297940160000,1297940639000,1.35642,1.3576,1.35628,1.35724,1489630000,8
1297940640000,1297941119000,1.35724,1.35725,1.3554,1.35592,1316600000,8
1297941120000,1297941599000,1.35592,1.35622,1.35561,1.35562,1083110000,8
1297941600000,1297942079000,1.35562,1.35608,1.35559,1.35594,886540000,8
1297942080000,1297942559000,1.35594,1.35618,1.35519,1.35552,1161570000,8
1297942560000,1297943039000,1.35551,1.35594,1.35515,1.35525,1115500000,8
1297943040000,1297943519000,1.35525,1.35529,1.35411,1.3545,1332490000,8
1297943520000,1297943999000,1.3545,1.3552,1.35441,1.35489,1317980000,8
1297944000000,1297944479000,1.35489,1.35513,1.35474,1.3549,940330000,8
1297944480000,1297944959000,1.3549,1.35569,1.35473,1.3555,1004810000,8
1297944960000,1297945439000,1.35545,1.35582,1.35539,1.35565,962720000,8
1297945440000,1297945919000,1.35567,1.35567,1.35529,1.35552,978900000,8
1297945920000,1297946399000,1.35558,1.35661,1.35554,1.35646,1088660000,8
1297946400000,1297946879000,1.35646,1.35728,1.35634,1.35702,1895330000,8
1297946880000,1297947359000,1.357,1.35738,1.35665,1.35732,1091150000,8
1297947360000,1297947839000,1.3573,1.35739,1.35658,1.3566,889570000,8
1297947840000,1297948319000,1.35659,1.3568,1.35633,1.3565,893950000,8
1297948320000,1297948799000,1.35651,1.35681,1.35589,1.35626,1311550000,8
1297948800000,1297949279000,1.35629,1.35629,1.35553,1.35618,1003110000,8
1297949280000,1297949759000,1.35619,1.35759,1.35492,1.35726,2613620000,8
1297949760000,1297950239000,1.35724,1.35879,1.35724,1.35787,2628980000,8
1297950240000,1297950719000,1.35785,1.35857,1.35611,1.35639,2744740000,8
1297950720000,1297951199000,1.35642,1.35642,1.35511,1.35629,2092110000,8
1297951200000,1297951679000,1.35629,1.35756,1.35627,1.35742,1774870000,8
1297951680000,1297952159000,1.35742,1.35774,1.3565,1.357,1745090000,8
1297952160000,1297952639000,1.357,1.35804,1.3568,1.35758,1698730000,8
1297952640000,1297953119000,1.35757,1.35809,1.35716,1.35758,1933230000,8
1297953120000,1297953599000,1.35758,1.35837,1.35739,1.35816,2266150000,8
1297953600000,1297954079000,1.35816,1.35869,1.35774,1.35851,2479340000,8
1297954080000,1297954559000,1.35851,1.36063,1.35824,1.35968,2867040000,8
1297954560000,1297955039000,1.35967,1.36029,1.35797,1.35869,2451690000,8
1297955040000,1297955519000,1.35874,1.35999,1.35778,1.35997,2305740000,8
1297955520000,1297955999000,1.35999,1.36089,1.35931,1.3602,2881020000,8
1297956000000,1297956479000,1.36021,1.36108,1.3593,1.35967,2667490000,8
1297956480000,1297956959000,1.35961,1.36139,1.35949,1.36055,2546910000,8
1297956960000,1297957439000,1.36054,1.36059,1.3595,1.35981,1972470000,8
1297957440000,1297957919000,1.35979,1.36009,1.3589,1.35909,1601700000,8
1297957920000,1297958399000,1.35906,1.3591,1.3577,1.35777,2064560000,8
1297958400000,1297958879000,1.35774,1.35849,1.35766,1.35799,2279840000,8
1297958880000,1297959359000,1.35801,1.35917,1.35801,1.35884,1685130000,8
1297959360000,1297959839000,1.35882,1.36068,1.3585,1.36024,1991220000,8
1297959840000,1297960319000,1.36024,1.36124,1.36021,1.36061,1880270000,8
1297960320000,1297960799000,1.36061,1.36157,1.36019,1.36034,2123240000,8
1297960800000,1297961279000,1.36034,1.36038,1.3596,1.35979,1341460000,8
1297961280000,1297961759000,1.3598,1.36061,1.35932,1.36061,1538690000,8
1297961760000,1297962239000,1.36062,1.36176,1.3604,1.36121,1965850000,8
1297962240000,1297962719000,1.36122,1.36183,1.36014,1.3602,1532970000,8
1297962720000,1297963199000,1.3602,1.3606,1.35955,1.36031,1388060000,8
1297963200000,1297963679000,1.36031,1.36056,1.35998,1.36032,808040000,8
1297963680000,1297964159000,1.3603,1.3609,1.35859,1.35893,1284540000,8
1297964160000,1297964639000,1.35891,1.35963,1.35871,1.35939,1115020000,8
1297964640000,1297965119000,1.35939,1.3602,1.35928,1.3597,955330000,8
1297965120000,1297965599000,1.3597,1.35978,1.35901,1.3594,1153400000,8
1297965600000,1297966079000,1.3594,1.35987,1.35916,1.3598,1336400000,8
1297966080000,1297966559000,1.35978,1.36047,1.35973,1.36033,1121900000,8
1297966560000,1297967039000,1.36033,1.36081,1.35986,1.36058,813810000,8
1297967040000,1297967519000,1.36058,1.36069,1.35998,1.35999,912790000,8
1297967520000,1297967999000,1.35999,1.36038,1.35935,1.35958,866600000,8
1297968000000,1297968479000,1.35958,1.3596,1.35931,1.35943,884890000,8
1297968480000,1297968959000,1.35942,1.35946,1.35884,1.359,874040000,8
1297968960000,1297969439000,1.35901,1.3595,1.35881,1.3594,937980000,8
1297969440000,1297969919000,1.35941,1.35999,1.35935,1.35971,836760000,8
1297969920000,1297970399000,1.35969,1.36037,1.35946,1.36032,754730000,8
1297970400000,1297970879000,1.36031,1.36031,1.35974,1.35975,469980000,8
1297970880000,1297971359000,1.35974,1.35995,1.35958,1.35978,730720000,8
1297971360000,1297971839000,1.35979,1.36011,1.35968,1.36008,563910000,8
1297971840000,1297972319000,1.36008,1.36042,1.36008,1.36034,728020000,8
1297972320000,1297972799000,1.36037,1.36041,1.35993,1.36026,848310000,8
1297972800000,1297973279000,1.36028,1.36069,1.36025,1.36068,611150000,8
1297973280000,1297973759000,1.36066,1.3607,1.36023,1.36029,545830000,8
1297973760000,1297974239000,1.36027,1.3608,1.36021,1.36057,588190000,8
1297974240000,1297974719000,1.36057,1.3607,1.36031,1.36031,600770000,8
1297974720000,1297975199000,1.36031,1.36078,1.36019,1.36058,507010000,8
1297975200000,1297975679000,1.36058,1.36058,1.36022,1.36038,684750000,8
1297975680000,1297976159000,1.36038,1.36057,1.36028,1.36033,714200000,8
1297976160000,1297976639000,1.36033,1.36072,1.36018,1.36022,1083540000,8
1297976640000,1297977119000,1.36025,1.36048,1.36009,1.36039,386900000,8
1297977120000,1297977599000,1.36039,1.36053,1.36031,1.36052,204590000,8
1297977600000,1297978079000,1.36053,1.36088,1.3605,1.36073,557100000,8
1297978080000,1297978559000,1.36073,1.36073,1.36051,1.36054,277920000,8
1297978560000,1297979039000,1.36054,1.36064,1.3605,1.36058,194240000,8
1297979040000,1297979519000,1.36061,1.36098,1.36061,1.36079,280790000,8
1297979520000,1297979999000,1.36082,1.36088,1.3606,1.36087,257310000,8
1297980000000,1297980479000,1.36087,1.36092,1.36045,1.36053,211740000,8
1297980480000,1297980959000,1.36055,1.3607,1.36048,1.36054,180040000,8
1297980960000,1297981439000,1.36052,1.3606,1.36015,1.36046,367080000,8
1297981440000,1297981919000,1.36049,1.36053,1.36017,1.36028,123040000,8
1297981920000,1297982399000,1.36024,1.36064,1.36017,1.36044,330680000,8
1297982400000,1297982879000,1.36044,1.36091,1.36033,1.36053,380390000,8
1297982880000,1297983359000,1.36053,1.36068,1.36047,1.36068,310570000,8
1297983360000,1297983839000,1.36068,1.36098,1.36053,1.36081,679650000,8
1297983840000,1297984319000,1.36071,1.36077,1.36059,1.36063,313370000,8
1297984320000,1297984799000,1.36063,1.3609,1.36054,1.36085,277620000,8
1297984800000,1297985279000,1.36085,1.36184,1.36084,1.3615,906720000,8
1297985280000,1297985759000,1.36152,1.36248,1.3615,1.36234,824680000,8
1297985760000,1297986239000,1.36234,1.36267,1.36229,1.36233,1107730000,8
1297986240000,1297986719000,1.36233,1.36268,1.36211,1.36249,804650000,8
1297986720000,1297987199000,1.36252,1.36256,1.3621,1.36223,544460000,8
1297987200000,1297987679000,1.36223,1.36247,1.36187,1.36207,1163290000,8
1297987680000,1297988159000,1.36203,1.36216,1.36161,1.36188,609190000,8
1297988160000,1297988639000,1.36184,1.36186,1.3613,1.36164,628820000,8
1297988640000,1297989119000,1.36165,1.36219,1.36165,1.36196,510110000,8
1297989120000,1297989599000,1.36196,1.36196,1.36149,1.36168,437460000,8
1297989600000,1297990079000,1.36167,1.36167,1.36122,1.36129,622260000,8
1297990080000,1297990559000,1.3613,1.36138,1.36089,1.361,990580000,8
1297990560000,1297991039000,1.361,1.3617,1.36094,1.3617,883730000,8
1297991040000,1297991519000,1.3617,1.3617,1.36102,1.36116,828070000,8
1297991520000,1297991999000,1.36115,1.36141,1.3609,1.36129,779340000,8
1297992000000,1297992479000,1.36127,1.36127,1.36084,1.36104,692440000,8
1297992480000,1297992959000,1.36105,1.36108,1.36029,1.36037,856120000,8
1297992960000,1297993439000,1.36037,1.36061,1.36027,1.36059,621710000,8
1297993440000,1297993919000,1.36059,1.36061,1.35938,1.35961,987260000,8
1297993920000,1297994399000,1.3596,1.35986,1.35949,1.35974,699700000,8
1297994400000,1297994879000,1.35975,1.35995,1.3597,1.35985,524280000,8
1297994880000,1297995359000,1.35985,1.35991,1.35908,1.35921,712320000,8
1297995360000,1297995839000,1.35921,1.35956,1.35919,1.35937,567610000,8
1297995840000,1297996319000,1.35935,1.35955,1.35927,1.35954,329070000,8
1297996320000,1297996799000,1.35953,1.3599,1.35952,1.35985,606340000,8
1297996800000,1297997279000,1.35983,1.35983,1.35944,1.35973,461290000,8
1297997280000,1297997759000,1.35968,1.35998,1.35968,1.35987,439360000,8
1297997760000,1297998239000,1.35987,1.35994,1.3594,1.35966,450600000,8
1297998240000,1297998719000,1.35965,1.3605,1.35958,1.36023,822250000,8
1297998720000,1297999199000,1.36027,1.36052,1.36021,1.3603,630790000,8
1297999200000,1297999679000,1.3603,1.36038,1.35979,1.35992,530740000,8
1297999680000,1298000159000,1.35997,1.36042,1.35997,1.36041,472270000,8
1298000160000,1298000639000,1.36041,1.36077,1.36038,1.36061,621360000,8
1298000640000,1298001119000,1.36063,1.36133,1.36057,1.36129,742000000,8
1298001120000,1298001599000,1.36128,1.36128,1.36081,1.36091,752110000,8
1298001600000,1298002079000,1.36091,1.36109,1.36077,1.36091,695290000,8
1298002080000,1298002559000,1.36091,1.36127,1.36091,1.3612,621550000,8
1298002560000,1298003039000,1.3612,1.36147,1.3612,1.36128,834050000,8
1298003040000,1298003519000,1.36128,1.36147,1.36102,1.36138,1035380000,8
1298003520000,1298003999000,1.36137,1.36141,1.36081,1.36091,786330000,8
1298004000000,1298004479000,1.36091,1.3616,1.36089,1.36102,692600000,8
1298004480000,1298004959000,1.36102,1.36102,1.36082,1.36082,452510000,8
1298004960000,1298005439000,1.36082,1.36089,1.3605,1.3607,452510000,8
1298005440000,1298005919000,1.3607,1.36107,1.36058,1.36068,527970000,8
1298005920000,1298006399000,1.36068,1.36096,1.36068,1.36078,380550000,8
1298006400000,1298006879000,1.36075,1.36078,1.36032,1.36072,500930000,8
1298006880000,1298007359000,1.36073,1.36086,1.36061,1.36062,360720000,8
1298007360000,1298007839000,1.36062,1.36082,1.36057,1.36062,275160000,8
1298007840000,1298008319000,1.36063,1.36075,1.36056,1.36072,326080000,8
1298008320000,1298008799000,1.36074,1.36132,1.36074,1.36123,556710000,8
1298008800000,1298009279000,1.36122,1.3614,1.36091,1.36103,507360000,8
1298009280000,1298009759000,1.36099,1.36111,1.36015,1.36018,894120000,8
1298009760000,1298010239000,1.36015,1.36048,1.35962,1.3598,1182580000,8
1298010240000,1298010719000,1.3598,1.36006,1.35959,1.35995,701350000,8
1298010720000,1298011199000,1.35995,1.36029,1.35988,1.36027,580990000,8
1298011200000,1298011679000,1.36028,1.36037,1.36008,1.36011,616240000,8
1298011680000,1298012159000,1.36013,1.36069,1.36012,1.3604,624890000,8
1298012160000,1298012639000,1.36039,1.36039,1.35934,1.35946,885130000,8
1298012640000,1298013119000,1.35946,1.35961,1.35881,1.3596,1304010000,8
1298013120000,1298013599000,1.35958,1.36,1.3593,1.36,965950000,8
1298013600000,1298014079000,1.36001,1.36011,1.35868,1.35873,1592880000,8
1298014080000,1298014559000,1.35877,1.35955,1.35838,1.35931,2040650000,8
1298014560000,1298015039000,1.35933,1.35995,1.35853,1.35875,1574280000,8
1298015040000,1298015519000,1.35876,1.36031,1.35871,1.35995,1806810000,8
1298015520000,1298015999000,1.35995,1.36018,1.35858,1.3593,1465960000,8
1298016000000,1298016479000,1.35931,1.35974,1.35872,1.35887,1741770000,8
1298016480000,1298016959000,1.35887,1.35923,1.35785,1.3581,1989800000,8
1298016960000,1298017439000,1.35812,1.35849,1.35737,1.35837,1675160000,8
1298017440000,1298017919000,1.35837,1.35868,1.35737,1.3575,1266830000,8
1298017920000,1298018399000,1.35749,1.35831,1.35748,1.35805,1224610000,8
1298018400000,1298018879000,1.35807,1.35822,1.3575,1.35778,1062140000,8
1298018880000,1298019359000,1.35779,1.35784,1.35744,1.35773,1129530000,8
1298019360000,1298019839000,1.35775,1.35898,1.35756,1.35881,1409190000,8
1298019840000,1298020319000,1.35881,1.3596,1.35855,1.35934,1840300000,8
1298020320000,1298020799000,1.35938,1.35941,1.35752,1.35763,1726130000,8
1298020800000,1298021279000,1.35769,1.35802,1.35721,1.35802,1050000000,8
1298021280000,1298021759000,1.35805,1.359,1.35794,1.3586,1417790000,8
1298021760000,1298022239000,1.35862,1.35873,1.35781,1.35804,1055140000,8
1298022240000,1298022719000,1.35803,1.35822,1.35721,1.35739,1147540000,8
1298022720000,1298023199000,1.35738,1.35771,1.35701,1.35711,1275790000,8
1298023200000,1298023679000,1.35707,1.35725,1.35551,1.35563,1861090000,8
1298023680000,1298024159000,1.35567,1.35604,1.35459,1.3548,2269330000,8
1298024160000,1298024639000,1.35485,1.3558,1.35469,1.35574,1805360000,8
1298024640000,1298025119000,1.35574,1.35603,1.35519,1.35539,1844250000,8
1298025120000,1298025599000,1.35539,1.3564,1.35513,1.35628,1380550000,8
1298025600000,1298026079000,1.35627,1.35669,1.35569,1.35574,1382840000,8
1298026080000,1298026559000,1.35572,1.3565,1.35568,1.35617,994460000,8
1298026560000,1298027039000,1.35617,1.35643,1.35543,1.35552,1165110000,8
1298027040000,1298027519000,1.35552,1.356,1.35517,1.35582,1120040000,8
1298027520000,1298027999000,1.3558,1.35581,1.35521,1.35541,971270000,8
1298028000000,1298028479000,1.35542,1.35607,1.3553,1.35583,956720000,8
1298028480000,1298028959000,1.35588,1.35623,1.3558,1.35593,957110000,8
1298028960000,1298029439000,1.35593,1.35619,1.35559,1.35581,672600000,8
1298029440000,1298029919000,1.35581,1.35609,1.35553,1.3557,626550000,8
1298029920000,1298030399000,1.35569,1.35569,1.35469,1.35491,1126110000,8
1298030400000,1298030879000,1.3549,1.35581,1.35471,1.35569,1192480000,8
1298030880000,1298031359000,1.35567,1.35632,1.35495,1.35531,1349050000,8
1298031360000,1298031839000,1.35532,1.35562,1.35504,1.35555,852210000,8
1298031840000,1298032319000,1.35551,1.35562,1.3552,1.3554,836250000,8
1298032320000,1298032799000,1.35538,1.35641,1.35532,1.35641,1044530000,8
1298032800000,1298033279000,1.35641,1.35907,1.35618,1.35875,1998530000,8
1298033280000,1298033759000,1.35875,1.36105,1.3586,1.36059,3033220000,8
1298033760000,1298034239000,1.36062,1.36237,1.36062,1.36188,2907810000,8
1298034240000,1298034719000,1.36189,1.36357,1.36139,1.36302,2419500000,8
1298034720000,1298035199000,1.36308,1.364,1.36268,1.36363,2193740000,8
1298035200000,1298035679000,1.36368,1.36439,1.36279,1.36295,2948400000,8
1298035680000,1298036159000,1.36296,1.36345,1.36262,1.36326,1947090000,8
1298036160000,1298036639000,1.36325,1.36451,1.36287,1.36385,2369350000,8
1298036640000,1298037119000,1.36383,1.36422,1.36281,1.36281,1964390000,8
1298037120000,1298037599000,1.36282,1.36427,1.36274,1.36382,2417140000,8
1298037600000,1298038079000,1.3639,1.36453,1.3631,1.36311,2284140000,8
1298038080000,1298038559000,1.36311,1.36343,1.36221,1.3627,1918440000,8
1298038560000,1298039039000,1.36271,1.36367,1.36164,1.36166,2346840000,8
1298039040000,1298039519000,1.36164,1.36209,1.36101,1.36131,1965240000,8
1298039520000,1298039999000,1.36126,1.36221,1.36122,1.36198,1886030000,8
1298040000000,1298040479000,1.36198,1.3622,1.361,1.36167,2195490000,8
1298040480000,1298040959000,1.36166,1.36308,1.36166,1.36275,1851700000,8
1298040960000,1298041439000,1.36272,1.36374,1.36226,1.36244,2594200000,8
1298041440000,1298041919000,1.36246,1.36311,1.36208,1.36261,2193880000,8
1298041920000,1298042399000,1.36261,1.36328,1.36189,1.36293,1817230000,8
1298042400000,1298042879000,1.36293,1.36366,1.36291,1.36336,1780650000,8
1298042880000,1298043359000,1.36334,1.36349,1.36265,1.36296,1793310000,8
1298043360000,1298043839000,1.36296,1.36331,1.3626,1.36305,1440460000,8
1298043840000,1298044319000,1.36307,1.3636,1.36289,1.36355,1599730000,8
1298044320000,1298044799000,1.36356,1.36398,1.36325,1.3637,1611980000,8
1298044800000,1298045279000,1.3637,1.36409,1.36291,1.36305,1730600000,8
1298045280000,1298045759000,1.36305,1.36331,1.36254,1.36315,1182340000,8
1298045760000,1298046239000,1.36316,1.36611,1.36316,1.36605,2528380000,8
1298046240000,1298046719000,1.36603,1.36664,1.36554,1.36617,2251970000,8
1298046720000,1298047199000,1.36617,1.36654,1.36559,1.36617,1904660000,8
1298047200000,1298047679000,1.36618,1.36682,1.3659,1.36643,1464420000,8
1298047680000,1298048159000,1.36646,1.36671,1.36619,1.36656,1335140000,8
1298048160000,1298048639000,1.36656,1.36782,1.3665,1.36745,2069080000,8
1298048640000,1298049119000,1.36745,1.36747,1.36644,1.36676,1522470000,8
1298049120000,1298049599000,1.36679,1.36723,1.36679,1.36708,1184080000,8
1298049600000,1298050079000,1.36705,1.36854,1.36705,1.36777,2013430000,8
1298050080000,1298050559000,1.36777,1.36804,1.36733,1.36779,961060000,8
1298050560000,1298051039000,1.36777,1.3678,1.36723,1.36764,961910000,8
1298051040000,1298051519000,1.36764,1.36785,1.3671,1.36747,1049440000,8
1298051520000,1298051999000,1.36746,1.36753,1.36683,1.36683,1167100000,8
1298052000000,1298052479000,1.36686,1.36759,1.36686,1.36755,618510000,8
1298052480000,1298052959000,1.36755,1.36766,1.36742,1.36744,618330000,8
1298052960000,1298053439000,1.36744,1.3687,1.36738,1.3683,1240180000,8
1298053440000,1298053919000,1.3683,1.3689,1.36828,1.36887,1613680000,8
1298053920000,1298054399000,1.36887,1.3702,1.36845,1.3698,1530250000,8
1298054400000,1298054879000,1.3698,1.37041,1.36939,1.36988,1736280000,8
1298054880000,1298055359000,1.3699,1.37071,1.36988,1.37023,1306150000,8
1298055360000,1298055839000,1.37025,1.37031,1.36961,1.36973,1026130000,8
1298055840000,1298056319000,1.36973,1.37144,1.36973,1.37081,1713880000,8
1298056320000,1298056799000,1.37082,1.37082,1.3694,1.36952,1383820000,8
1298056800000,1298057279000,1.36954,1.3696,1.36862,1.36883,1043920000,8
1298057280000,1298057759000,1.36882,1.36931,1.36874,1.3692,648350000,8
1298057760000,1298058239000,1.3692,1.36928,1.36864,1.36873,849360000,8
1298058240000,1298058719000,1.36873,1.36887,1.36845,1.36861,1151690000,8
1298058720000,1298059199000,1.36861,1.36874,1.36813,1.36833,1017100000,8
1298059200000,1298059679000,1.36833,1.36864,1.36824,1.36848,836230000,8
1298059680000,1298060159000,1.36847,1.36877,1.36844,1.36864,315550000,8
1298060160000,1298060639000,1.36864,1.36922,1.36847,1.36922,669790000,8
1298060640000,1298061119000,1.36923,1.36962,1.36923,1.36937,408200000,8
1298061120000,1298061599000,1.36938,1.36952,1.36884,1.36884,496640000,8
1298061600000,1298062079000,1.36884,1.36884,1.36845,1.36853,1050690000,8
1298062080000,1298062559000,1.36853,1.36898,1.36846,1.36877,714300000,8
1298062560000,1298063039000,1.36877,1.36881,1.36844,1.36864,647520000,8
1298063040000,1298063519000,1.36864,1.36887,1.36837,1.36887,519860000,8
1298063520000,1298063999000,1.36887,1.36978,1.36887,1.36977,486050000,8
1298064000000,1298064479000,1.36977,1.3699,1.36969,1.36987,330680000,8
1298064480000,1298064959000,1.36987,1.37017,1.36938,1.36949,638990000,8
1298064960000,1298065439000,1.36949,1.36953,1.36919,1.36931,473840000,8
1298065440000,1298065919000,1.36928,1.36943,1.36881,1.36898,406390000,8
1298065920000,1298066399000,1.36902,1.36951,1.36897,1.36921,353800000,8
1298239200000,1298239679000,1.36972,1.36992,1.36933,1.36947,148770000,8
1298239680000,1298240159000,1.36948,1.36958,1.36885,1.369,220530000,8
1298240160000,1298240639000,1.36898,1.36911,1.36864,1.36879,228200000,8
1298240640000,1298241119000,1.36875,1.36925,1.36875,1.36915,165380000,8
1298241120000,1298241599000,1.36926,1.36957,1.36912,1.3695,189720000,8
1298241600000,1298242079000,1.36952,1.36952,1.36903,1.3691,106890000,8
1298242080000,1298242559000,1.36914,1.36914,1.36868,1.36885,324900000,8
1298242560000,1298243039000,1.36885,1.36913,1.36871,1.36909,307100000,8
1298243040000,1298243519000,1.36908,1.36981,1.36904,1.36969,624760000,8
1298243520000,1298243999000,1.36974,1.37007,1.36964,1.37007,402350000,8
1298244000000,1298244479000,1.37007,1.37057,1.36997,1.37052,423040000,8
1298244480000,1298244959000,1.37052,1.37089,1.37047,1.37077,854960000,8
1298244960000,1298245439000,1.37077,1.37098,1.37067,1.37085,486310000,8
1298245440000,1298245919000,1.37086,1.37127,1.37084,1.37126,612480000,8
1298245920000,1298246399000,1.37126,1.37147,1.37112,1.37117,698990000,8
1298246400000,1298246879000,1.37122,1.37122,1.36969,1.36992,1032580000,8
1298246880000,1298247359000,1.36993,1.37022,1.3695,1.3697,622600000,8
1298247360000,1298247839000,1.36971,1.37046,1.36971,1.37005,844700000,8
1298247840000,1298248319000,1.37007,1.37007,1.36892,1.36924,531710000,8
1298248320000,1298248799000,1.36924,1.36927,1.36866,1.36885,630520000,8
1298248800000,1298249279000,1.36885,1.36934,1.3687,1.36891,624610000,8
1298249280000,1298249759000,1.36891,1.36915,1.36886,1.36895,643110000,8
1298249760000,1298250239000,1.36895,1.36961,1.36866,1.36866,719020000,8
1298250240000,1298250719000,1.36866,1.3687,1.36832,1.36835,688470000,8
1298250720000,1298251199000,1.36832,1.36903,1.3683,1.36894,731590000,8
1298251200000,1298251679000,1.36891,1.36969,1.36871,1.36912,1454960000,8
1298251680000,1298252159000,1.36912,1.36922,1.36833,1.36852,586450000,8
1298252160000,1298252639000,1.36852,1.36903,1.36826,1.36902,661480000,8
1298252640000,1298253119000,1.36901,1.36953,1.36885,1.3689,753710000,8
1298253120000,1298253599000,1.36889,1.36943,1.36879,1.36908,671630000,8
1298253600000,1298254079000,1.36908,1.3693,1.36902,1.36907,419070000,8
1298254080000,1298254559000,1.36907,1.36907,1.36877,1.36887,507070000,8
1298254560000,1298255039000,1.36889,1.36898,1.36863,1.36877,527880000,8
1298255040000,1298255519000,1.36877,1.36901,1.36858,1.36901,355730000,8
1298255520000,1298255999000,1.36899,1.36918,1.36891,1.36905,356820000,8
1298256000000,1298256479000,1.36906,1.36909,1.36877,1.36889,330680000,8
1298256480000,1298256959000,1.36889,1.36899,1.3687,1.3689,455130000,8
1298256960000,1298257439000,1.36891,1.36906,1.36803,1.36819,952590000,8
1298257440000,1298257919000,1.36819,1.36829,1.368,1.36815,409910000,8
1298257920000,1298258399000,1.36816,1.3682,1.3678,1.36784,550660000,8
1298258400000,1298258879000,1.36784,1.36805,1.36747,1.36752,561190000,8
1298258880000,1298259359000,1.36753,1.36759,1.36698,1.36723,709170000,8
1298259360000,1298259839000,1.36722,1.36765,1.36719,1.36759,648180000,8
1298259840000,1298260319000,1.36758,1.36758,1.36698,1.3673,422810000,8
1298260320000,1298260799000,1.36732,1.36753,1.3673,1.36731,251290000,8
1298260800000,1298261279000,1.36731,1.36759,1.36725,1.36738,349380000,8
1298261280000,1298261759000,1.36738,1.36742,1.367,1.3672,342620000,8
1298261760000,1298262239000,1.3672,1.3674,1.36714,1.36734,220520000,8
1298262240000,1298262719000,1.36734,1.3675,1.36732,1.36737,372880000,8
1298262720000,1298263199000,1.36737,1.36749,1.36716,1.36729,464430000,8
1298263200000,1298263679000,1.36729,1.36749,1.36725,1.36739,461030000,8
1298263680000,1298264159000,1.36739,1.36752,1.36728,1.36749,301630000,8
1298264160000,1298264639000,1.36749,1.36771,1.36737,1.36752,396160000,8
1298264640000,1298265119000,1.36752,1.36767,1.36728,1.36735,368990000,8
1298265120000,1298265599000,1.36732,1.36775,1.36732,1.36775,351760000,8
1298265600000,1298266079000,1.36775,1.36776,1.36739,1.36752,428930000,8
1298266080000,1298266559000,1.36752,1.36879,1.36746,1.36863,894610000,8
1298266560000,1298267039000,1.36863,1.36907,1.36826,1.36842,1027130000,8
1298267040000,1298267519000,1.36842,1.36842,1.36752,1.36768,780180000,8
1298267520000,1298267999000,1.36768,1.36781,1.36685,1.36731,765080000,8
1298268000000,1298268479000,1.36731,1.3675,1.36707,1.36707,516920000,8
1298268480000,1298268959000,1.36707,1.36745,1.3666,1.36745,687960000,8
1298268960000,1298269439000,1.36749,1.36793,1.36728,1.36789,764300000,8
1298269440000,1298269919000,1.36789,1.36789,1.36751,1.36762,445950000,8
1298269920000,1298270399000,1.36762,1.36769,1.36684,1.36701,497860000,8
1298270400000,1298270879000,1.36701,1.36722,1.36679,1.36707,510380000,8
1298270880000,1298271359000,1.36705,1.36804,1.36695,1.36775,1132410000,8
1298271360000,1298271839000,1.36775,1.36841,1.3676,1.36831,779140000,8
1298271840000,1298272319000,1.3683,1.36941,1.3682,1.3688,1254450000,8
1298272320000,1298272799000,1.36882,1.36915,1.36854,1.36911,1029290000,8
1298272800000,1298273279000,1.36911,1.36911,1.36779,1.36811,857550000,8
1298273280000,1298273759000,1.36813,1.36853,1.36784,1.36849,1053860000,8
1298273760000,1298274239000,1.3685,1.36872,1.36765,1.36799,1072190000,8
1298274240000,1298274719000,1.36797,1.36797,1.3672,1.36771,1010770000,8
1298274720000,1298275199000,1.36772,1.36827,1.36743,1.36813,982490000,8
1298275200000,1298275679000,1.36812,1.36814,1.36692,1.36747,1111580000,8
1298275680000,1298276159000,1.36745,1.36811,1.36722,1.36739,1211130000,8
1298276160000,1298276639000,1.36739,1.3684,1.36735,1.36826,1066440000,8
1298276640000,1298277119000,1.36826,1.36827,1.36769,1.3682,1034890000,8
1298277120000,1298277599000,1.36821,1.3689,1.36821,1.36865,1407560000,8
1298277600000,1298278079000,1.36865,1.36972,1.36864,1.36913,1474470000,8
1298278080000,1298278559000,1.36914,1.36968,1.3691,1.3694,1491380000,8
1298278560000,1298279039000,1.3694,1.37085,1.36934,1.37053,1710510000,8
1298279040000,1298279519000,1.37057,1.37077,1.36921,1.36936,1620710000,8
1298279520000,1298279999000,1.36934,1.36934,1.36869,1.36914,1541780000,8
1298280000000,1298280479000,1.36916,1.36941,1.36901,1.36901,1105300000,8
1298280480000,1298280959000,1.36905,1.36921,1.36763,1.36765,1269610000,8
1298280960000,1298281439000,1.36764,1.36781,1.36721,1.36738,1157440000,8
1298281440000,1298281919000,1.3674,1.36752,1.367,1.36702,928850000,8
1298281920000,1298282399000,1.36703,1.36721,1.3662,1.36643,1211070000,8
1298282400000,1298282879000,1.36646,1.36692,1.3662,1.36677,1105530000,8
1298282880000,1298283359000,1.36675,1.36761,1.36667,1.3676,1027640000,8
1298283360000,1298283839000,1.36756,1.36778,1.36711,1.36757,1068480000,8
1298283840000,1298284319000,1.36757,1.36764,1.36671,1.36717,1174060000,8
1298284320000,1298284799000,1.36715,1.36779,1.36682,1.36772,1160500000,8
1298284800000,1298285279000,1.3677,1.3681,1.36747,1.36796,1080530000,8
1298285280000,1298285759000,1.36794,1.36879,1.3678,1.36869,1220770000,8
1298285760000,1298286239000,1.36873,1.36903,1.36821,1.36821,1041030000,8
1298286240000,1298286719000,1.36822,1.36871,1.36816,1.36844,1006130000,8
1298286720000,1298287199000,1.36846,1.36859,1.368,1.36841,870550000,8
1298287200000,1298287679000,1.36842,1.36846,1.3679,1.3682,643400000,8
1298287680000,1298288159000,1.3682,1.3687,1.36811,1.36837,767850000,8
1298288160000,1298288639000,1.36838,1.36839,1.36749,1.3676,777130000,8
1298288640000,1298289119000,1.36759,1.36813,1.36759,1.36785,817840000,8
1298289120000,1298289599000,1.36788,1.36788,1.36722,1.36742,981790000,8
1298289600000,1298290079000,1.36747,1.36762,1.36722,1.3674,985220000,8
1298290080000,1298290559000,1.36741,1.36805,1.3673,1.36786,1058800000,8
1298290560000,1298291039000,1.36786,1.36814,1.36782,1.36794,768830000,8
1298291040000,1298291519000,1.36796,1.36798,1.36731,1.36751,690920000,8
1298291520000,1298291999000,1.36751,1.36753,1.3669,1.36712,761770000,8
1298292000000,1298292479000,1.36713,1.3674,1.36686,1.36702,600750000,8
1298292480000,1298292959000,1.36704,1.3671,1.36671,1.367,621540000,8
1298292960000,1298293439000,1.36701,1.36751,1.3669,1.36747,657920000,8
1298293440000,1298293919000,1.36747,1.36747,1.36649,1.36658,441010000,8
1298293920000,1298294399000,1.36659,1.36731,1.36651,1.3671,1358200000,8
1298294400000,1298294879000,1.36709,1.36709,1.36613,1.36622,1113140000,8
1298294880000,1298295359000,1.36623,1.36652,1.36589,1.36652,955330000,8
1298295360000,1298295839000,1.36645,1.36682,1.36613,1.36682,734300000,8
1298295840000,1298296319000,1.36682,1.36688,1.36649,1.36671,626690000,8
1298296320000,1298296799000,1.36671,1.36679,1.36651,1.36651,440510000,8
1298296800000,1298297279000,1.36655,1.36663,1.36583,1.3659,663520000,8
1298297280000,1298297759000,1.3659,1.36602,1.36537,1.36553,1026120000,8
1298297760000,1298298239000,1.36554,1.36602,1.36554,1.36592,467920000,8
1298298240000,1298298719000,1.36595,1.36631,1.36585,1.36606,693560000,8
1298298720000,1298299199000,1.36606,1.36677,1.36599,1.36663,762210000,8
1298299200000,1298299679000,1.36666,1.36673,1.3662,1.36628,599100000,8
1298299680000,1298300159000,1.36632,1.36682,1.36628,1.36678,699230000,8
1298300160000,1298300639000,1.36681,1.36683,1.36592,1.36662,966910000,8
1298300640000,1298301119000,1.36662,1.36663,1.3661,1.36629,736810000,8
1298301120000,1298301599000,1.3663,1.36635,1.36549,1.36561,792210000,8
1298301600000,1298302079000,1.36561,1.36561,1.36481,1.36503,1174620000,8
1298302080000,1298302559000,1.36501,1.3652,1.36471,1.3652,1050170000,8
1298302560000,1298303039000,1.3652,1.36562,1.3652,1.36521,966900000,8
1298303040000,1298303519000,1.36521,1.36641,1.36521,1.3664,948020000,8
1298303520000,1298303999000,1.3664,1.36709,1.36595,1.36701,1175470000,8
1298304000000,1298304479000,1.36699,1.36746,1.36651,1.36662,1155410000,8
1298304480000,1298304959000,1.36661,1.36741,1.36661,1.36718,801700000,8
1298304960000,1298305439000,1.36718,1.36739,1.36683,1.36722,621400000,8
1298305440000,1298305919000,1.36722,1.36857,1.36711,1.36836,1298470000,8
1298305920000,1298306399000,1.36831,1.36835,1.36719,1.36729,619650000,8
1298306400000,1298306879000,1.36726,1.3673,1.36694,1.36719,351340000,8
1298306880000,1298307359000,1.3672,1.3672,1.3665,1.36706,420450000,8
1298307360000,1298307839000,1.36706,1.36801,1.36695,1.36773,583790000,8
1298307840000,1298308319000,1.36773,1.36804,1.3676,1.36777,646940000,8
1298308320000,1298308799000,1.36777,1.36797,1.36775,1.36791,427800000,8
1298308800000,1298309279000,1.3679,1.36791,1.36713,1.36718,503440000,8
1298309280000,1298309759000,1.36718,1.36723,1.36651,1.36676,616420000,8
1298309760000,1298310239000,1.36677,1.3669,1.36661,1.36681,270200000,8
1298310240000,1298310719000,1.36679,1.36731,1.36677,1.3671,237030000,8
1298310720000,1298311199000,1.36709,1.36762,1.36681,1.36762,442500000,8
1298311200000,1298311679000,1.36763,1.36804,1.36725,1.36792,613280000,8
1298311680000,1298312159000,1.36792,1.36804,1.36768,1.36781,304430000,8
1298312160000,1298312639000,1.36781,1.36798,1.36777,1.3679,278980000,8
1298312640000,1298313119000,1.3679,1.36802,1.36757,1.36757,279260000,8
1298313120000,1298313599000,1.36757,1.36778,1.36735,1.36757,374840000,8
1298313600000,1298314079000,1.36757,1.36772,1.36748,1.36752,167460000,8
1298314080000,1298314559000,1.36752,1.36768,1.36741,1.36757,290060000,8
1298314560000,1298315039000,1.36757,1.36775,1.36744,1.36744,319630000,8
1298315040000,1298315519000,1.36743,1.36757,1.36738,1.36752,240270000,8
1298315520000,1298315999000,1.36752,1.36767,1.3671,1.36758,495450000,8
1298316000000,1298316479000,1.36758,1.36784,1.36758,1.36772,261320000,8
1298316480000,1298316959000,1.36772,1.36801,1.36743,1.36792,220070000,8
1298316960000,1298317439000,1.36792,1.36797,1.36748,1.36797,295370000,8
1298317440000,1298317919000,1.36802,1.36819,1.36786,1.36797,327610000,8
1298317920000,1298318399000,1.36796,1.36799,1.36776,1.36799,256180000,8
1298318400000,1298318879000,1.36797,1.36817,1.36779,1.36817,258850000,8
1298318880000,1298319359000,1.36817,1.36833,1.36777,1.36789,386060000,8
1298319360000,1298319839000,1.36789,1.36807,1.36752,1.36769,271230000,8
1298319840000,1298320319000,1.36767,1.36795,1.36763,1.36782,242460000,8
1298320320000,1298320799000,1.36782,1.36798,1.36744,1.3675,233300000,8
1298320800000,1298321279000,1.3675,1.36756,1.36723,1.36736,312050000,8
1298321280000,1298321759000,1.36736,1.36777,1.36736,1.36772,59000000,8
1298321760000,1298322239000,1.36774,1.36783,1.36747,1.36764,170070000,8
1298322240000,1298322719000,1.36766,1.36766,1.36732,1.36732,190830000,8
1298322720000,1298323199000,1.36732,1.36752,1.36716,1.36752,314850000,8
1298323200000,1298323679000,1.36752,1.36789,1.36713,1.36778,224400000,8
1298323680000,1298324159000,1.36776,1.36788,1.36754,1.36776,150410000,8
1298324160000,1298324639000,1.36776,1.36813,1.36773,1.36797,234860000,8
1298324640000,1298325119000,1.36797,1.368,1.36757,1.3676,227700000,8
1298325120000,1298325599000,1.36768,1.36784,1.36734,1.36752,315610000,8
1298325600000,1298326079000,1.36749,1.36819,1.36749,1.36762,395620000,8
1298326080000,1298326559000,1.3676,1.36811,1.36704,1.36793,1171190000,8
1298326560000,1298327039000,1.36795,1.36798,1.36762,1.36791,409980000,8
1298327040000,1298327519000,1.36789,1.36811,1.36757,1.36787,336010000,8
1298327520000,1298327999000,1.36787,1.36791,1.36749,1.36767,320870000,8
1298328000000,1298328479000,1.36767,1.36807,1.36729,1.36756,540860000,8
1298328480000,1298328959000,1.36756,1.36772,1.36737,1.36763,236580000,8
1298328960000,1298329439000,1.36758,1.36782,1.3673,1.36779,795050000,8
1298329440000,1298329919000,1.36777,1.36799,1.36767,1.36784,457910000,8
1298329920000,1298330399000,1.36784,1.36802,1.3675,1.36755,314360000,8
1298330400000,1298330879000,1.36754,1.36777,1.36752,1.36774,144550000,8
1298330880000,1298331359000,1.36774,1.36797,1.36766,1.36779,395210000,8
1298331360000,1298331839000,1.36777,1.36777,1.36765,1.36775,163030000,8
1298331840000,1298332319000,1.36775,1.36802,1.36772,1.36794,319730000,8
1298332320000,1298332799000,1.36794,1.36809,1.36775,1.36809,491920000,8
1298332800000,1298333279000,1.36809,1.36833,1.36725,1.36737,914380000,8
1298333280000,1298333759000,1.36737,1.36752,1.36679,1.36741,1391120000,8
1298333760000,1298334239000,1.36742,1.36744,1.36541,1.36594,1805350000,8
1298334240000,1298334719000,1.36593,1.36607,1.3645,1.36494,1702770000,8
1298334720000,1298335199000,1.36494,1.36519,1.36366,1.36389,2205590000,8
1298335200000,1298335679000,1.36389,1.36391,1.36265,1.36344,2215630000,8
1298335680000,1298336159000,1.36343,1.36372,1.36284,1.36345,1892280000,8
1298336160000,1298336639000,1.36342,1.36389,1.36305,1.36355,1718280000,8
1298336640000,1298337119000,1.36355,1.36377,1.36287,1.36369,1527930000,8
1298337120000,1298337599000,1.36369,1.36373,1.36124,1.36174,1626670000,8
1298337600000,1298338079000,1.36176,1.36237,1.36128,1.36225,1131580000,8
1298338080000,1298338559000,1.36233,1.36233,1.36165,1.36197,934320000,8
1298338560000,1298339039000,1.36198,1.36231,1.36007,1.36007,1834060000,8
1298339040000,1298339519000,1.36014,1.36036,1.35869,1.36005,1917450000,8
1298339520000,1298339999000,1.36007,1.36093,1.36007,1.36064,1680270000,8
1298340000000,1298340479000,1.36062,1.36073,1.35989,1.36059,1022580000,8
1298340480000,1298340959000,1.36059,1.36099,1.3605,1.36099,825360000,8
1298340960000,1298341439000,1.361,1.36149,1.3608,1.3608,1190480000,8
1298341440000,1298341919000,1.3608,1.36082,1.35994,1.36025,1172940000,8
1298341920000,1298342399000,1.36025,1.3604,1.3598,1.35981,644340000,8
1298342400000,1298342879000,1.35979,1.35991,1.35864,1.35867,1472160000,8
1298342880000,1298343359000,1.35867,1.35943,1.35839,1.35922,1403770000,8
1298343360000,1298343839000,1.35922,1.36021,1.35897,1.35985,1098710000,8
1298343840000,1298344319000,1.35984,1.35999,1.35649,1.35708,1546230000,8
1298344320000,1298344799000,1.35712,1.35758,1.35686,1.35746,1482970000,8
1298344800000,1298345279000,1.35746,1.3586,1.35742,1.35851,1220600000,8
1298345280000,1298345759000,1.35851,1.35851,1.35777,1.35813,1104650000,8
1298345760000,1298346239000,1.35812,1.35833,1.35794,1.35829,753130000,8
1298346240000,1298346719000,1.35827,1.35831,1.35791,1.35812,666780000,8
1298346720000,1298347199000,1.35812,1.35889,1.35802,1.35881,837020000,8
1298347200000,1298347679000,1.35883,1.35904,1.35855,1.35878,782630000,8
1298347680000,1298348159000,1.35877,1.35895,1.35866,1.35878,657190000,8
1298348160000,1298348639000,1.35878,1.35896,1.35874,1.35896,642210000,8
1298348640000,1298349119000,1.35896,1.35909,1.3585,1.35892,1102500000,8
1298349120000,1298349599000,1.35892,1.35892,1.35857,1.35864,1159080000,8
1298349600000,1298350079000,1.35869,1.35877,1.35782,1.35838,1294850000,8
1298350080000,1298350559000,1.35837,1.35896,1.35817,1.35886,749440000,8
1298350560000,1298351039000,1.35886,1.35942,1.35883,1.35934,1189100000,8
1298351040000,1298351519000,1.35932,1.35949,1.3589,1.35905,1124660000,8
1298351520000,1298351999000,1.35905,1.35914,1.35836,1.3584,897580000,8
1298352000000,1298352479000,1.3584,1.35881,1.3584,1.35875,680870000,8
1298352480000,1298352959000,1.35873,1.35899,1.35862,1.35893,642780000,8
1298352960000,1298353439000,1.35892,1.35904,1.35853,1.35865,685740000,8
1298353440000,1298353919000,1.35865,1.35908,1.3585,1.35884,862850000,8
1298353920000,1298354399000,1.35884,1.3591,1.35871,1.35905,1244330000,8
1298354400000,1298354879000,1.35905,1.35905,1.35848,1.35865,861110000,8
1298354880000,1298355359000,1.35865,1.35884,1.35864,1.35871,813720000,8
1298355360000,1298355839000,1.35871,1.35883,1.3585,1.35862,938750000,8
1298355840000,1298356319000,1.35862,1.35867,1.35841,1.35847,647510000,8
1298356320000,1298356799000,1.35847,1.35894,1.35839,1.35881,618710000,8
1298356800000,1298357279000,1.35882,1.3592,1.35866,1.35882,1024080000,8
1298357280000,1298357759000,1.35882,1.35958,1.35882,1.35953,1150390000,8
1298357760000,1298358239000,1.35953,1.35953,1.35708,1.35709,1407250000,8
1298358240000,1298358719000,1.35711,1.35724,1.35599,1.35624,2294540000,8
1298358720000,1298359199000,1.35622,1.35689,1.35576,1.35674,1875330000,8
1298359200000,1298359679000,1.35672,1.35719,1.35497,1.35549,2035400000,8
1298359680000,1298360159000,1.35551,1.35587,1.35269,1.35323,2810010000,8
1298360160000,1298360639000,1.35326,1.35411,1.35319,1.35409,2185200000,8
1298360640000,1298361119000,1.35409,1.35471,1.35332,1.35468,1850900000,8
1298361120000,1298361599000,1.35469,1.35498,1.35425,1.35477,1871800000,8
1298361600000,1298362079000,1.35479,1.35534,1.35399,1.35422,2689640000,8
1298362080000,1298362559000,1.35422,1.35454,1.35281,1.35349,2816790000,8
1298362560000,1298363039000,1.35349,1.35461,1.35288,1.35452,2265320000,8
1298363040000,1298363519000,1.35451,1.355,1.354,1.35439,2358600000,8
1298363520000,1298363999000,1.35439,1.3558,1.35397,1.35575,2239740000,8
1298364000000,1298364479000,1.35575,1.35599,1.35488,1.35542,1994060000,8
1298364480000,1298364959000,1.35541,1.35624,1.35532,1.35595,2005680000,8
1298364960000,1298365439000,1.35592,1.3562,1.35507,1.3551,2053350000,8
1298365440000,1298365919000,1.35512,1.35577,1.35512,1.35522,1590570000,8
1298365920000,1298366399000,1.3552,1.35661,1.35514,1.35628,1534650000,8
1298366400000,1298366879000,1.35628,1.35674,1.35564,1.35664,1616090000,8
1298366880000,1298367359000,1.35662,1.3575,1.35636,1.35725,1903350000,8
1298367360000,1298367839000,1.35718,1.3574,1.3568,1.35721,1334380000,8
1298367840000,1298368319000,1.35721,1.3575,1.35664,1.3575,1599760000,8
1298368320000,1298368799000,1.3575,1.35755,1.35647,1.35714,1445870000,8
1298368800000,1298369279000,1.35717,1.35729,1.35626,1.35646,1413080000,8
1298369280000,1298369759000,1.35646,1.35651,1.3556,1.35572,1550080000,8
1298369760000,1298370239000,1.35572,1.35719,1.3557,1.35708,1541950000,8
1298370240000,1298370719000,1.35708,1.36068,1.3569,1.36065,2020460000,8
1298370720000,1298371199000,1.36059,1.3631,1.36048,1.36235,3018860000,8
1298371200000,1298371679000,1.36241,1.36406,1.36241,1.36375,1972550000,8
1298371680000,1298372159000,1.36373,1.36436,1.36265,1.36333,1757830000,8
1298372160000,1298372639000,1.36334,1.3646,1.36334,1.36372,1812910000,8
1298372640000,1298373119000,1.36373,1.36492,1.36341,1.36408,1337470000,8
1298373120000,1298373599000,1.36408,1.36498,1.36315,1.36362,1566420000,8
1298373600000,1298374079000,1.36363,1.36373,1.36319,1.36333,844530000,8
1298374080000,1298374559000,1.36333,1.36361,1.36314,1.3634,921200000,8
1298374560000,1298375039000,1.3634,1.36403,1.36328,1.36339,1427110000,8
1298375040000,1298375519000,1.36339,1.36512,1.36339,1.36482,1505420000,8
1298375520000,1298375999000,1.36478,1.3669,1.36464,1.36684,2636220000,8
1298376000000,1298376479000,1.36684,1.36782,1.3667,1.3673,2282060000,8
1298376480000,1298376959000,1.3673,1.36772,1.36673,1.36752,1807160000,8
1298376960000,1298377439000,1.36759,1.36816,1.3672,1.36773,1919740000,8
1298377440000,1298377919000,1.36773,1.3679,1.3672,1.36742,1492280000,8
1298377920000,1298378399000,1.3674,1.36828,1.36726,1.3682,1825810000,8
1298378400000,1298378879000,1.36818,1.36839,1.36674,1.367,1974150000,8
1298378880000,1298379359000,1.367,1.36732,1.36679,1.36704,1360210000,8
1298379360000,1298379839000,1.36704,1.36709,1.3663,1.36646,1509500000,8
1298379840000,1298380319000,1.36646,1.367,1.36613,1.3665,1244640000,8
1298380320000,1298380799000,1.3665,1.36692,1.36639,1.3666,1460250000,8
1298380800000,1298381279000,1.3666,1.36898,1.3666,1.36844,2202920000,8
1298381280000,1298381759000,1.36844,1.36859,1.36751,1.36763,1620830000,8
1298381760000,1298382239000,1.36762,1.36796,1.36714,1.36749,1265290000,8
1298382240000,1298382719000,1.36749,1.36863,1.36729,1.36852,1421980000,8
1298382720000,1298383199000,1.36851,1.36851,1.3673,1.36739,1739010000,8
1298383200000,1298383679000,1.36738,1.36808,1.3663,1.36789,1811550000,8
1298383680000,1298384159000,1.36789,1.3694,1.36743,1.36797,2332690000,8
1298384160000,1298384639000,1.36797,1.36818,1.36704,1.3678,1513620000,8
1298384640000,1298385119000,1.36789,1.3682,1.3674,1.36742,1372900000,8
1298385120000,1298385599000,1.3674,1.3681,1.3669,1.3678,1990530000,8
1298385600000,1298386079000,1.36787,1.36822,1.367,1.36781,2104700000,8
1298386080000,1298386559000,1.36782,1.36851,1.3676,1.36792,1933680000,8
1298386560000,1298387039000,1.36796,1.36953,1.36741,1.3693,2241190000,8
1298387040000,1298387519000,1.3693,1.36948,1.36724,1.36858,2639980000,8
1298387520000,1298387999000,1.36847,1.36959,1.3681,1.36852,2061950000,8
1298388000000,1298388479000,1.36849,1.36852,1.36755,1.36779,1736720000,8
1298388480000,1298388959000,1.36782,1.36998,1.36777,1.36967,2356740000,8
1298388960000,1298389439000,1.36964,1.3699,1.36883,1.36973,1944720000,8
1298389440000,1298389919000,1.36973,1.3703,1.3692,1.3696,2061800000,8
1298389920000,1298390399000,1.36961,1.36973,1.369,1.36942,1468820000,8
1298390400000,1298390879000,1.3695,1.36951,1.36786,1.36847,2138460000,8
1298390880000,1298391359000,1.36847,1.3687,1.36763,1.36785,1787270000,8
1298391360000,1298391839000,1.36786,1.3687,1.36711,1.36718,2094670000,8
1298391840000,1298392319000,1.36714,1.36729,1.36602,1.36647,1993490000,8
1298392320000,1298392799000,1.36647,1.36648,1.36537,1.36569,1843450000,8
1298392800000,1298393279000,1.36569,1.36592,1.36468,1.3652,1845390000,8
1298393280000,1298393759000,1.3652,1.36581,1.3647,1.36572,1778940000,8
1298393760000,1298394239000,1.36577,1.3664,1.36571,1.36615,1698740000,8
1298394240000,1298394719000,1.36619,1.3663,1.36508,1.36508,1443860000,8
1298394720000,1298395199000,1.36506,1.36511,1.36352,1.36501,2120670000,8
1298395200000,1298395679000,1.36501,1.366,1.36495,1.36532,1324740000,8
1298395680000,1298396159000,1.3653,1.3655,1.36488,1.3652,724950000,8
1298396160000,1298396639000,1.3652,1.36524,1.36415,1.36475,1021620000,8
1298396640000,1298397119000,1.36474,1.36534,1.3645,1.36526,938880000,8
1298397120000,1298397599000,1.36526,1.36592,1.36505,1.36586,1567870000,8
1298397600000,1298398079000,1.3659,1.36628,1.36532,1.36628,1380290000,8
1298398080000,1298398559000,1.3663,1.36631,1.36578,1.3662,754080000,8
1298398560000,1298399039000,1.3662,1.36722,1.36582,1.36711,1277310000,8
1298399040000,1298399519000,1.3671,1.36767,1.36667,1.36733,1244420000,8
1298399520000,1298399999000,1.36735,1.3678,1.36718,1.3674,861100000,8
1298400000000,1298400479000,1.36742,1.36762,1.36679,1.36687,938280000,8
1298400480000,1298400959000,1.36688,1.36715,1.36644,1.36646,689910000,8
1298400960000,1298401439000,1.36646,1.36676,1.36594,1.36613,876340000,8
1298401440000,1298401919000,1.36619,1.36625,1.3652,1.36582,878460000,8
1298401920000,1298402399000,1.36582,1.3659,1.36494,1.36512,834150000,8
1298402400000,1298402879000,1.36512,1.36532,1.36496,1.36519,549080000,8
1298402880000,1298403359000,1.36519,1.3655,1.3651,1.36548,657940000,8
1298403360000,1298403839000,1.36546,1.36596,1.3654,1.36581,897310000,8
1298403840000,1298404319000,1.36582,1.36665,1.36568,1.36602,673890000,8
1298404320000,1298404799000,1.36599,1.36628,1.36547,1.36604,835340000,8
1298404800000,1298405279000,1.36605,1.36622,1.36581,1.36581,806160000,8
1298405280000,1298405759000,1.36585,1.36638,1.36583,1.36618,753610000,8
1298405760000,1298406239000,1.36618,1.3663,1.36544,1.36557,627490000,8
1298406240000,1298406719000,1.36558,1.3656,1.36482,1.3653,721820000,8
1298406720000,1298407199000,1.3653,1.3658,1.36521,1.3654,584920000,8
1298407200000,1298407679000,1.36541,1.36574,1.36531,1.36566,769990000,8
1298407680000,1298408159000,1.36566,1.3658,1.36551,1.36567,481180000,8
1298408160000,1298408639000,1.3657,1.3657,1.36522,1.36537,576690000,8
1298408640000,1298409119000,1.36537,1.36558,1.36522,1.3655,553530000,8
1298409120000,1298409599000,1.36553,1.36561,1.36532,1.36533,246890000,8
1298409600000,1298410079000,1.3653,1.36539,1.3651,1.3652,210670000,8
1298410080000,1298410559000,1.36522,1.36553,1.36522,1.36553,188030000,8
1298410560000,1298411039000,1.36554,1.36569,1.36541,1.3656,196040000,8
1298411040000,1298411519000,1.36559,1.36597,1.36559,1.36579,382690000,8
1298411520000,1298411999000,1.36577,1.36583,1.36495,1.36497,508800000,8
1298412000000,1298412479000,1.36495,1.36528,1.3646,1.36522,535170000,8
1298412480000,1298412959000,1.36511,1.36562,1.36488,1.36551,349110000,8
1298412960000,1298413439000,1.36552,1.36593,1.36539,1.36589,462740000,8
1298413440000,1298413919000,1.36589,1.36589,1.36543,1.36543,243360000,8
1298413920000,1298414399000,1.36537,1.36588,1.36537,1.36587,246170000,8
1298414400000,1298414879000,1.36587,1.36594,1.36567,1.3657,168120000,8
1298414880000,1298415359000,1.36571,1.36598,1.36549,1.36562,374870000,8
1298415360000,1298415839000,1.36563,1.36568,1.36534,1.36554,239550000,8
1298415840000,1298416319000,1.36559,1.36678,1.36554,1.36674,610870000,8
1298416320000,1298416799000,1.36677,1.36695,1.36674,1.36688,231740000,8
1298416800000,1298417279000,1.36688,1.36807,1.36682,1.36802,821460000,8
1298417280000,1298417759000,1.36802,1.36802,1.36717,1.36739,902520000,8
1298417760000,1298418239000,1.36739,1.3678,1.36731,1.36754,320530000,8
1298418240000,1298418719000,1.36755,1.36777,1.36729,1.36758,446850000,8
1298418720000,1298419199000,1.36758,1.36759,1.36717,1.36717,354710000,8
1298419200000,1298419679000,1.36726,1.36824,1.36717,1.36811,814300000,8
1298419680000,1298420159000,1.36811,1.36853,1.36794,1.36831,961870000,8
1298420160000,1298420639000,1.3683,1.36842,1.3675,1.3681,1136320000,8
1298420640000,1298421119000,1.36812,1.36888,1.36783,1.3688,1497290000,8
1298421120000,1298421599000,1.3688,1.36968,1.3688,1.36923,1489820000,8
1298421600000,1298422079000,1.36923,1.36948,1.36884,1.36918,1028580000,8
1298422080000,1298422559000,1.36918,1.36938,1.36874,1.36921,1238340000,8
1298422560000,1298423039000,1.36922,1.37007,1.3692,1.36998,783770000,8
1298423040000,1298423519000,1.36999,1.37067,1.36989,1.37062,1513040000,8
1298423520000,1298423999000,1.37062,1.37117,1.36932,1.36953,1427180000,8
1298424000000,1298424479000,1.36953,1.37008,1.36851,1.36851,1258340000,8
1298424480000,1298424959000,1.36851,1.36912,1.36809,1.36848,1058780000,8
1298424960000,1298425439000,1.36847,1.36882,1.36841,1.3688,1126310000,8
1298425440000,1298425919000,1.36882,1.36985,1.36876,1.36985,1125020000,8
1298425920000,1298426399000,1.36987,1.37007,1.36897,1.36902,1131280000,8
1298426400000,1298426879000,1.36902,1.36924,1.36888,1.36889,635840000,8
1298426880000,1298427359000,1.36891,1.36932,1.36878,1.36906,717920000,8
1298427360000,1298427839000,1.36907,1.36959,1.36895,1.36959,870710000,8
1298427840000,1298428319000,1.36959,1.36981,1.36932,1.36947,974320000,8
1298428320000,1298428799000,1.36947,1.37,1.36932,1.36994,768620000,8
1298428800000,1298429279000,1.36994,1.3707,1.3693,1.3707,966920000,8
1298429280000,1298429759000,1.37067,1.37079,1.37005,1.37031,1006190000,8
1298429760000,1298430239000,1.37031,1.37042,1.3691,1.3692,1164720000,8
1298430240000,1298430719000,1.36924,1.36951,1.3686,1.36882,1117840000,8
1298430720000,1298431199000,1.36882,1.36949,1.3688,1.36893,1216610000,8
1298431200000,1298431679000,1.36895,1.36909,1.36859,1.36868,679840000,8
1298431680000,1298432159000,1.36866,1.36921,1.36861,1.3687,769980000,8
1298432160000,1298432639000,1.36869,1.36919,1.36867,1.36901,798930000,8
1298432640000,1298433119000,1.36901,1.36917,1.36886,1.36911,583110000,8
1298433120000,1298433599000,1.3691,1.36949,1.36904,1.36946,393400000,8
1298433600000,1298434079000,1.36946,1.36951,1.36934,1.36946,440080000,8
1298434080000,1298434559000,1.36941,1.36979,1.36912,1.36969,536230000,8
1298434560000,1298435039000,1.36969,1.36978,1.3694,1.36952,403430000,8
1298435040000,1298435519000,1.36952,1.3696,1.36934,1.36942,499960000,8
1298435520000,1298435999000,1.36942,1.36958,1.36908,1.3691,433300000,8
1298436000000,1298436479000,1.36911,1.36947,1.369,1.369,648740000,8
1298436480000,1298436959000,1.369,1.36917,1.36877,1.36917,363480000,8
1298436960000,1298437439000,1.36914,1.36964,1.36914,1.36962,513820000,8
1298437440000,1298437919000,1.36962,1.36982,1.36937,1.36955,636850000,8
1298437920000,1298438399000,1.36954,1.36962,1.36948,1.36953,254260000,8
1298438400000,1298438879000,1.36952,1.36952,1.36878,1.36894,797160000,8
1298438880000,1298439359000,1.36894,1.3692,1.3687,1.36908,596870000,8
1298439360000,1298439839000,1.36908,1.36922,1.36885,1.36899,512860000,8
1298439840000,1298440319000,1.36901,1.36962,1.36901,1.36953,580540000,8
1298440320000,1298440799000,1.36953,1.36962,1.36923,1.36949,609190000,8
1298440800000,1298441279000,1.36949,1.36958,1.36913,1.36922,912840000,8
1298441280000,1298441759000,1.36922,1.36933,1.36856,1.36862,626940000,8
1298441760000,1298442239000,1.36862,1.36933,1.3683,1.36894,982380000,8
1298442240000,1298442719000,1.36892,1.36938,1.36872,1.36928,843180000,8
1298442720000,1298443199000,1.36928,1.3697,1.36911,1.36922,858250000,8
1298443200000,1298443679000,1.36921,1.37008,1.36912,1.36992,1013400000,8
1298443680000,1298444159000,1.36992,1.37246,1.36992,1.37182,2280560000,8
1298444160000,1298444639000,1.37182,1.37287,1.37114,1.37164,1935320000,8
1298444640000,1298445119000,1.37168,1.37259,1.37152,1.37196,1769060000,8
1298445120000,1298445599000,1.37197,1.3724,1.3713,1.37141,1210760000,8
1298445600000,1298446079000,1.37141,1.37239,1.37123,1.37194,1488660000,8
1298446080000,1298446559000,1.37196,1.37339,1.37184,1.37263,2350890000,8
1298446560000,1298447039000,1.37264,1.37319,1.37252,1.37288,1513830000,8
1298447040000,1298447519000,1.37288,1.37329,1.3722,1.37223,1433680000,8
1298447520000,1298447999000,1.37221,1.37255,1.37179,1.37184,1265270000,8
1298448000000,1298448479000,1.37184,1.37232,1.37129,1.37226,1761730000,8
1298448480000,1298448959000,1.37228,1.37248,1.37177,1.37187,1218400000,8
1298448960000,1298449439000,1.37184,1.3727,1.37162,1.37245,1296030000,8
1298449440000,1298449919000,1.37246,1.37265,1.3716,1.37168,1210940000,8
1298449920000,1298450399000,1.3717,1.3722,1.3708,1.37085,1442610000,8
1298450400000,1298450879000,1.37093,1.37106,1.37058,1.37075,1628360000,8
1298450880000,1298451359000,1.37076,1.37141,1.37061,1.37137,1252040000,8
1298451360000,1298451839000,1.37135,1.37258,1.37129,1.37229,1825990000,8
1298451840000,1298452319000,1.3723,1.37273,1.37169,1.37191,1446330000,8
1298452320000,1298452799000,1.37191,1.37239,1.37139,1.37149,1681780000,8
1298452800000,1298453279000,1.37149,1.37167,1.37089,1.3716,1386610000,8
1298453280000,1298453759000,1.37159,1.37211,1.3706,1.37129,2133090000,8
1298453760000,1298454239000,1.37128,1.37151,1.36991,1.37021,1478990000,8
1298454240000,1298454719000,1.37021,1.37053,1.36949,1.36975,1621310000,8
1298454720000,1298455199000,1.3698,1.37109,1.3697,1.37079,1655790000,8
1298455200000,1298455679000,1.37079,1.37125,1.37056,1.37059,1605310000,8
1298455680000,1298456159000,1.37059,1.37084,1.36927,1.36991,1548470000,8
1298456160000,1298456639000,1.36992,1.37052,1.36974,1.36983,1530630000,8
1298456640000,1298457119000,1.36982,1.37179,1.36935,1.37154,1747980000,8
1298457120000,1298457599000,1.37156,1.3717,1.37045,1.37081,1407350000,8
1298457600000,1298458079000,1.37088,1.37179,1.37083,1.37178,1214770000,8
1298458080000,1298458559000,1.37177,1.3721,1.3706,1.37101,1712790000,8
1298458560000,1298459039000,1.37102,1.37171,1.37064,1.37069,1250210000,8
1298459040000,1298459519000,1.37069,1.37183,1.37069,1.37181,985650000,8
1298459520000,1298459999000,1.3718,1.37269,1.37161,1.37219,1514240000,8
1298460000000,1298460479000,1.37223,1.37331,1.37223,1.37331,1729030000,8
1298460480000,1298460959000,1.37331,1.37389,1.37291,1.37369,1739990000,8
1298460960000,1298461439000,1.37369,1.37429,1.37349,1.37423,2091680000,8
1298461440000,1298461919000,1.37424,1.37424,1.37331,1.37341,1840420000,8
1298461920000,1298462399000,1.37341,1.37378,1.37334,1.37361,1343680000,8
1298462400000,1298462879000,1.37359,1.37391,1.37328,1.37334,1518180000,8
1298462880000,1298463359000,1.37334,1.37354,1.37316,1.37344,862200000,8
1298463360000,1298463839000,1.37345,1.37378,1.37329,1.37354,961920000,8
1298463840000,1298464319000,1.37354,1.37361,1.37327,1.37359,713130000,8
1298464320000,1298464799000,1.3736,1.37412,1.37338,1.37399,1327780000,8
1298464800000,1298465279000,1.374,1.37419,1.37337,1.37384,1313240000,8
1298465280000,1298465759000,1.37383,1.37394,1.37302,1.37309,1377340000,8
1298465760000,1298466239000,1.37309,1.3731,1.37219,1.37231,1255420000,8
1298466240000,1298466719000,1.37231,1.37304,1.37231,1.37258,1167480000,8
1298466720000,1298467199000,1.37261,1.37343,1.37241,1.37246,1710520000,8
1298467200000,1298467679000,1.3725,1.37287,1.37231,1.37243,1213440000,8
1298467680000,1298468159000,1.37241,1.37261,1.37231,1.37246,942600000,8
1298468160000,1298468639000,1.37246,1.37291,1.37191,1.37269,1656260000,8
1298468640000,1298469119000,1.3727,1.37381,1.37233,1.37379,1533500000,8
1298469120000,1298469599000,1.37379,1.37379,1.37304,1.37325,1349710000,8
1298469600000,1298470079000,1.37329,1.37385,1.37192,1.37199,1819980000,8
1298470080000,1298470559000,1.37201,1.37242,1.37137,1.37169,1672460000,8
1298470560000,1298471039000,1.3717,1.37201,1.37109,1.37155,1348090000,8
1298471040000,1298471519000,1.37154,1.37208,1.37109,1.3719,1867780000,8
1298471520000,1298471999000,1.37191,1.37302,1.37191,1.37294,1891830000,8
1298472000000,1298472479000,1.37294,1.37355,1.37241,1.37241,1736480000,8
1298472480000,1298472959000,1.37241,1.37431,1.37235,1.37376,2175520000,8
1298472960000,1298473439000,1.37373,1.3757,1.37287,1.3757,2350260000,8
1298473440000,1298473919000,1.3757,1.3758,1.3744,1.37477,2530340000,8
1298473920000,1298474399000,1.37477,1.37581,1.37477,1.37532,2110650000,8
1298474400000,1298474879000,1.37532,1.37732,1.37532,1.3773,2404850000,8
1298474880000,1298475359000,1.37728,1.37863,1.37722,1.37761,3114190000,8
1298475360000,1298475839000,1.37762,1.37823,1.3773,1.3775,1989860000,8
1298475840000,1298476319000,1.37748,1.37753,1.37629,1.37686,2497850000,8
1298476320000,1298476799000,1.37686,1.37721,1.3759,1.3763,1570180000,8
1298476800000,1298477279000,1.37626,1.37671,1.37565,1.37613,1720240000,8
1298477280000,1298477759000,1.37615,1.3766,1.3754,1.37638,1615500000,8
1298477760000,1298478239000,1.37637,1.37756,1.3763,1.3768,2014570000,8
1298478240000,1298478719000,1.37682,1.37756,1.37651,1.37666,1561220000,8
1298478720000,1298479199000,1.37666,1.37758,1.37666,1.37706,1806370000,8
1298479200000,1298479679000,1.37708,1.37741,1.37605,1.37626,1465860000,8
1298479680000,1298480159000,1.37627,1.37672,1.376,1.37622,1236980000,8
1298480160000,1298480639000,1.37623,1.37632,1.37553,1.37563,1453210000,8
1298480640000,1298481119000,1.37563,1.376,1.37528,1.37599,1802450000,8
1298481120000,1298481599000,1.37598,1.3763,1.37419,1.3744,1856050000,8
1298481600000,1298482079000,1.3744,1.37481,1.3742,1.37463,1305240000,8
1298482080000,1298482559000,1.37464,1.3754,1.37441,1.3753,1198130000,8
1298482560000,1298483039000,1.3753,1.37566,1.3747,1.37482,766240000,8
1298483040000,1298483519000,1.37486,1.37571,1.37471,1.37571,859900000,8
1298483520000,1298483999000,1.37571,1.37571,1.37437,1.37437,1273190000,8
1298484000000,1298484479000,1.37437,1.37449,1.37333,1.37337,1446400000,8
1298484480000,1298484959000,1.37337,1.37397,1.37332,1.37376,1063290000,8
1298484960000,1298485439000,1.37376,1.37431,1.37363,1.37411,1076960000,8
1298485440000,1298485919000,1.37409,1.37422,1.37367,1.3739,1079470000,8
1298485920000,1298486399000,1.37392,1.3745,1.37358,1.3744,1275510000,8
1298486400000,1298486879000,1.37439,1.37462,1.37329,1.37448,1170390000,8
1298486880000,1298487359000,1.37446,1.37561,1.37432,1.3754,958900000,8
1298487360000,1298487839000,1.37538,1.3755,1.37478,1.37497,867030000,8
1298487840000,1298488319000,1.37495,1.3753,1.3748,1.375,742760000,8
1298488320000,1298488799000,1.375,1.3752,1.37468,1.37505,871040000,8
1298488800000,1298489279000,1.375,1.37508,1.3743,1.3744,727020000,8
1298489280000,1298489759000,1.37441,1.37472,1.37381,1.37437,871880000,8
1298489760000,1298490239000,1.37438,1.37438,1.37345,1.37385,868270000,8
1298490240000,1298490719000,1.37382,1.3745,1.37365,1.37443,917830000,8
1298490720000,1298491199000,1.37442,1.37454,1.3741,1.37433,777640000,8
1298491200000,1298491679000,1.3743,1.37488,1.3742,1.37483,820760000,8
1298491680000,1298492159000,1.37483,1.37492,1.37463,1.3747,417180000,8
1298492160000,1298492639000,1.37472,1.37518,1.37466,1.3751,796430000,8
1298492640000,1298493119000,1.3751,1.37522,1.37461,1.37461,666050000,8
1298493120000,1298493599000,1.37463,1.3747,1.37417,1.37465,637420000,8
1298493600000,1298494079000,1.37463,1.3749,1.37461,1.3748,559860000,8
1298494080000,1298494559000,1.37478,1.375,1.37471,1.37471,648070000,8
1298494560000,1298495039000,1.37471,1.375,1.37444,1.37467,556040000,8
1298495040000,1298495519000,1.37467,1.37478,1.37435,1.37453,461660000,8
1298495520000,1298495999000,1.37453,1.37473,1.37432,1.37469,325020000,8
1298496000000,1298496479000,1.37468,1.37475,1.37441,1.37454,381440000,8
1298496480000,1298496959000,1.37456,1.37485,1.37448,1.37472,297790000,8
1298496960000,1298497439000,1.37474,1.375,1.37464,1.37498,385140000,8
1298497440000,1298497919000,1.37501,1.37506,1.37449,1.37457,291900000,8
1298497920000,1298498399000,1.37459,1.37482,1.37459,1.37479,228650000,8
1298498400000,1298498879000,1.37482,1.37505,1.37427,1.37427,166200000,8
1298498880000,1298499359000,1.37427,1.37496,1.37427,1.37483,258980000,8
1298499360000,1298499839000,1.37477,1.37505,1.37436,1.37497,489410000,8
1298499840000,1298500319000,1.37497,1.37504,1.37471,1.37485,193160000,8
1298500320000,1298500799000,1.37482,1.37511,1.37461,1.37461,372370000,8
1298500800000,1298501279000,1.37466,1.37518,1.37462,1.37463,445760000,8
1298501280000,1298501759000,1.37467,1.37529,1.37458,1.37465,526840000,8
1298501760000,1298502239000,1.37462,1.3751,1.37462,1.37494,546280000,8
1298502240000,1298502719000,1.37497,1.37518,1.37467,1.37482,453960000,8
1298502720000,1298503199000,1.3748,1.375,1.37466,1.37475,382910000,8
1298503200000,1298503679000,1.37473,1.37517,1.37471,1.37514,373610000,8
1298503680000,1298504159000,1.37512,1.37582,1.37502,1.37556,570470000,8
1298504160000,1298504639000,1.37555,1.3763,1.3755,1.3763,472000000,8
1298504640000,1298505119000,1.37629,1.37679,1.37609,1.37622,684950000,8
1298505120000,1298505599000,1.37622,1.37649,1.37546,1.37599,587290000,8
1298505600000,1298506079000,1.37599,1.37614,1.37554,1.37579,872050000,8
1298506080000,1298506559000,1.37578,1.37618,1.37563,1.37618,822820000,8
1298506560000,1298507039000,1.37617,1.37705,1.37605,1.37668,1077690000,8
1298507040000,1298507519000,1.37668,1.3769,1.37609,1.37629,844130000,8
1298507520000,1298507999000,1.37629,1.37689,1.37619,1.37683,861220000,8
1298508000000,1298508479000,1.37685,1.37775,1.37642,1.37725,1392320000,8
1298508480000,1298508959000,1.37725,1.37838,1.37713,1.37783,1734100000,8
1298508960000,1298509439000,1.37783,1.37789,1.37691,1.37785,1326700000,8
1298509440000,1298509919000,1.37785,1.37788,1.37741,1.37748,904910000,8
1298509920000,1298510399000,1.37749,1.37765,1.37714,1.37755,648310000,8
1298510400000,1298510879000,1.37756,1.37783,1.37714,1.37729,617710000,8
1298510880000,1298511359000,1.3773,1.3773,1.37658,1.37685,759360000,8
1298511360000,1298511839000,1.37685,1.37727,1.37671,1.37701,694120000,8
1298511840000,1298512319000,1.37702,1.37785,1.37672,1.37725,689500000,8
1298512320000,1298512799000,1.37725,1.37756,1.37691,1.37722,623250000,8
1298512800000,1298513279000,1.37722,1.37747,1.37701,1.37729,385680000,8
1298513280000,1298513759000,1.37732,1.3778,1.37732,1.37779,744670000,8
1298513760000,1298514239000,1.37779,1.37843,1.37758,1.37769,980920000,8
1298514240000,1298514719000,1.3777,1.3777,1.37727,1.37735,490660000,8
1298514720000,1298515199000,1.37734,1.37779,1.37729,1.37776,516630000,8
1298515200000,1298515679000,1.37774,1.37789,1.37739,1.37748,430730000,8
1298515680000,1298516159000,1.37748,1.37793,1.37739,1.37792,321000000,8
1298516160000,1298516639000,1.37792,1.3781,1.37762,1.37771,865060000,8
1298516640000,1298517119000,1.37771,1.37786,1.37753,1.37759,563910000,8
1298517120000,1298517599000,1.37759,1.3776,1.37682,1.37689,654250000,8
1298517600000,1298518079000,1.37687,1.37735,1.37639,1.37711,1237200000,8
1298518080000,1298518559000,1.3771,1.37714,1.37683,1.37702,572320000,8
1298518560000,1298519039000,1.37702,1.3771,1.37679,1.37694,554470000,8
1298519040000,1298519519000,1.37694,1.37719,1.3769,1.37719,573410000,8
1298519520000,1298519999000,1.37719,1.37749,1.3769,1.37709,648230000,8
1298520000000,1298520479000,1.37709,1.37745,1.37685,1.37735,773980000,8
1298520480000,1298520959000,1.37738,1.37758,1.3773,1.37751,544390000,8
1298520960000,1298521439000,1.37752,1.37759,1.37734,1.37749,525760000,8
1298521440000,1298521919000,1.37749,1.37763,1.37743,1.37749,393280000,8
1298521920000,1298522399000,1.37749,1.37757,1.37738,1.37756,242330000,8
1298522400000,1298522879000,1.37757,1.37757,1.3774,1.37749,409210000,8
1298522880000,1298523359000,1.37749,1.37751,1.37741,1.37748,288580000,8
1298523360000,1298523839000,1.37748,1.37784,1.37745,1.37753,545230000,8
1298523840000,1298524319000,1.37753,1.37768,1.37737,1.37749,588760000,8
1298524320000,1298524799000,1.3775,1.37757,1.37746,1.37749,400920000,8
1298524800000,1298525279000,1.37749,1.37772,1.37733,1.37763,648790000,8
1298525280000,1298525759000,1.37762,1.37783,1.37749,1.37772,659510000,8
1298525760000,1298526239000,1.37773,1.37827,1.37773,1.37783,776200000,8
1298526240000,1298526719000,1.37784,1.37817,1.37775,1.37798,810600000,8
1298526720000,1298527199000,1.37798,1.37837,1.37739,1.37743,809570000,8
1298527200000,1298527679000,1.37741,1.37749,1.3758,1.37625,1887400000,8
1298527680000,1298528159000,1.37625,1.37687,1.37571,1.37584,1451140000,8
1298528160000,1298528639000,1.37585,1.37601,1.37489,1.37509,1362940000,8
1298528640000,1298529119000,1.3751,1.37538,1.3749,1.37503,1367890000,8
1298529120000,1298529599000,1.37503,1.37644,1.37502,1.37609,1519170000,8
1298529600000,1298530079000,1.37609,1.37612,1.37522,1.37538,1102120000,8
1298530080000,1298530559000,1.37538,1.37559,1.37412,1.37412,1377180000,8
1298530560000,1298531039000,1.37412,1.37435,1.37335,1.3736,1729670000,8
1298531040000,1298531519000,1.3736,1.3744,1.3735,1.37431,1467150000,8
1298531520000,1298531999000,1.37428,1.37435,1.37305,1.37309,1370120000,8
1298532000000,1298532479000,1.37311,1.3734,1.3726,1.3729,1675910000,8
1298532480000,1298532959000,1.37289,1.37347,1.37262,1.37271,1835410000,8
1298532960000,1298533439000,1.37273,1.3733,1.37209,1.37244,1480860000,8
1298533440000,1298533919000,1.37249,1.37249,1.37161,1.3722,1833970000,8
1298533920000,1298534399000,1.37221,1.37312,1.37085,1.37085,2216840000,8
1298534400000,1298534879000,1.37083,1.37199,1.3704,1.37184,2477730000,8
1298534880000,1298535359000,1.37186,1.37211,1.37074,1.37132,2053320000,8
1298535360000,1298535839000,1.37132,1.37259,1.37111,1.37246,1672920000,8
1298535840000,1298536319000,1.37247,1.37338,1.37229,1.37301,1765500000,8
1298536320000,1298536799000,1.37305,1.37342,1.37239,1.37305,1652360000,8
1298536800000,1298537279000,1.37301,1.37625,1.37295,1.37609,2464950000,8
1298537280000,1298537759000,1.37604,1.37663,1.37579,1.37598,1971700000,8
1298537760000,1298538239000,1.37597,1.37783,1.3757,1.37737,1961390000,8
1298538240000,1298538719000,1.37734,1.37803,1.37712,1.37731,2206020000,8
1298538720000,1298539199000,1.37731,1.37791,1.37712,1.37763,1584740000,8
1298539200000,1298539679000,1.37767,1.37857,1.37729,1.3773,2278790000,8
1298539680000,1298540159000,1.3773,1.37939,1.3768,1.37899,2206350000,8
1298540160000,1298540639000,1.37905,1.37992,1.37901,1.37922,2167250000,8
1298540640000,1298541119000,1.37925,1.37956,1.37851,1.37941,1912500000,8
1298541120000,1298541599000,1.37941,1.37998,1.37871,1.37883,1943780000,8
1298541600000,1298542079000,1.3788,1.37991,1.37878,1.37957,1426120000,8
1298542080000,1298542559000,1.37959,1.38072,1.37925,1.37931,1954290000,8
1298542560000,1298543039000,1.37931,1.37955,1.379,1.37944,1610510000,8
1298543040000,1298543519000,1.37945,1.37983,1.37925,1.37971,1358150000,8
1298543520000,1298543999000,1.3797,1.37991,1.3787,1.37892,1475130000,8
1298544000000,1298544479000,1.37892,1.37931,1.3786,1.37882,1366130000,8
1298544480000,1298544959000,1.37885,1.37899,1.37767,1.37772,1571590000,8
1298544960000,1298545439000,1.37775,1.37871,1.37769,1.37804,1842740000,8
1298545440000,1298545919000,1.37804,1.37829,1.37693,1.37724,1629780000,8
1298545920000,1298546399000,1.37726,1.37777,1.37717,1.3773,1303060000,8
1298546400000,1298546879000,1.37734,1.37765,1.37702,1.37758,1259880000,8
1298546880000,1298547359000,1.3776,1.37768,1.37637,1.37674,1362400000,8
1298547360000,1298547839000,1.37673,1.37731,1.37662,1.3773,1514530000,8
1298547840000,1298548319000,1.37731,1.37735,1.37664,1.37687,1210480000,8
1298548320000,1298548799000,1.37686,1.3772,1.376,1.376,1516770000,8
1298548800000,1298549279000,1.37599,1.37612,1.37517,1.37594,1707780000,8
1298549280000,1298549759000,1.37591,1.37688,1.37591,1.37672,1545250000,8
1298549760000,1298550239000,1.37672,1.37685,1.37605,1.37615,1057450000,8
1298550240000,1298550719000,1.37615,1.37671,1.37559,1.37596,1410480000,8
1298550720000,1298551199000,1.37598,1.376,1.37502,1.37536,1885360000,8
1298551200000,1298551679000,1.37536,1.37662,1.37536,1.37653,1571230000,8
1298551680000,1298552159000,1.37655,1.37787,1.37643,1.37769,1666900000,8
1298552160000,1298552639000,1.37769,1.37832,1.37765,1.37798,1712200000,8
1298552640000,1298553119000,1.37798,1.37798,1.37686,1.37743,1581340000,8
1298553120000,1298553599000,1.37742,1.37782,1.37674,1.37771,1652680000,8
1298553600000,1298554079000,1.37773,1.37783,1.3767,1.37726,1654630000,8
1298554080000,1298554559000,1.37727,1.37739,1.37579,1.37637,1897210000,8
1298554560000,1298555039000,1.37639,1.37688,1.3761,1.37672,1583380000,8
1298555040000,1298555519000,1.37674,1.3777,1.3765,1.37744,1959290000,8
1298555520000,1298555999000,1.37746,1.37802,1.37672,1.37732,1720720000,8
1298556000000,1298556479000,1.3773,1.37777,1.37653,1.37718,1950370000,8
1298556480000,1298556959000,1.37719,1.37897,1.37716,1.37889,2248510000,8
1298556960000,1298557439000,1.37891,1.37949,1.37845,1.37867,1854220000,8
1298557440000,1298557919000,1.37869,1.37985,1.37853,1.37923,1871790000,8
1298557920000,1298558399000,1.37927,1.38031,1.37904,1.37927,2201120000,8
1298558400000,1298558879000,1.37926,1.37981,1.37873,1.37873,1977400000,8
1298558880000,1298559359000,1.37873,1.37898,1.3783,1.37844,2256370000,8
1298559360000,1298559839000,1.37849,1.37991,1.37783,1.37783,2589060000,8
1298559840000,1298560319000,1.37785,1.37851,1.37744,1.37764,2370860000,8
1298560320000,1298560799000,1.37764,1.38198,1.37761,1.38139,3504140000,8
1298560800000,1298561279000,1.38139,1.38178,1.37981,1.38059,2436550000,8
1298561280000,1298561759000,1.38057,1.38059,1.37908,1.37994,2247190000,8
1298561760000,1298562239000,1.37994,1.3801,1.37879,1.37889,2120660000,8
1298562240000,1298562719000,1.3789,1.37909,1.37769,1.37778,2038080000,8
1298562720000,1298563199000,1.37773,1.37919,1.3767,1.37915,3012850000,8
1298563200000,1298563679000,1.37922,1.37964,1.37894,1.37895,2204850000,8
1298563680000,1298564159000,1.37896,1.37922,1.37788,1.37802,1675150000,8
1298564160000,1298564639000,1.37801,1.37811,1.37754,1.37807,1571550000,8
1298564640000,1298565119000,1.37807,1.37909,1.37802,1.37847,1506970000,8
1298565120000,1298565599000,1.37845,1.38007,1.37793,1.37986,1564600000,8
1298565600000,1298566079000,1.37988,1.38003,1.37859,1.37894,1829080000,8
1298566080000,1298566559000,1.37893,1.37978,1.3785,1.3796,1536220000,8
1298566560000,1298567039000,1.37959,1.37988,1.37917,1.37934,1346220000,8
1298567040000,1298567519000,1.37933,1.37945,1.3788,1.37909,1151730000,8
1298567520000,1298567999000,1.3791,1.37963,1.37893,1.37902,999660000,8
1298568000000,1298568479000,1.37902,1.37962,1.37893,1.37942,991360000,8
1298568480000,1298568959000,1.37942,1.37979,1.37895,1.37895,1183850000,8
1298568960000,1298569439000,1.37896,1.37956,1.37896,1.37919,815040000,8
1298569440000,1298569919000,1.37919,1.37919,1.37841,1.37863,896960000,8
1298569920000,1298570399000,1.37864,1.37905,1.37858,1.37905,876370000,8
1298570400000,1298570879000,1.37904,1.37968,1.37884,1.3794,1520490000,8
1298570880000,1298571359000,1.37938,1.37988,1.37902,1.37913,962400000,8
1298571360000,1298571839000,1.37916,1.38008,1.37915,1.37998,1072440000,8
1298571840000,1298572319000,1.37994,1.38011,1.37941,1.37994,1186440000,8
1298572320000,1298572799000,1.37993,1.37993,1.37929,1.37951,567890000,8
1298572800000,1298573279000,1.37952,1.37962,1.37923,1.3793,816110000,8
1298573280000,1298573759000,1.3793,1.38003,1.37927,1.37981,1183710000,8
1298573760000,1298574239000,1.37981,1.38025,1.37965,1.37982,1137620000,8
1298574240000,1298574719000,1.37981,1.37981,1.37893,1.37922,998160000,8
1298574720000,1298575199000,1.37922,1.37927,1.37869,1.37912,1088520000,8
1298575200000,1298575679000,1.37912,1.37998,1.3788,1.37923,1383870000,8
1298575680000,1298576159000,1.37923,1.37977,1.37892,1.37964,1295990000,8
1298576160000,1298576639000,1.37963,1.38024,1.37952,1.38011,894100000,8
1298576640000,1298577119000,1.38011,1.3802,1.3796,1.37991,771410000,8
1298577120000,1298577599000,1.37991,1.38076,1.37989,1.38064,997550000,8
1298577600000,1298578079000,1.38063,1.38063,1.38004,1.38046,823920000,8
1298578080000,1298578559000,1.38052,1.38079,1.38021,1.38042,926300000,8
1298578560000,1298579039000,1.38043,1.38063,1.37988,1.38009,919820000,8
1298579040000,1298579519000,1.38009,1.38055,1.37991,1.38037,956510000,8
1298579520000,1298579999000,1.38038,1.38047,1.37983,1.38042,1010110000,8
1298580000000,1298580479000,1.38041,1.38053,1.37991,1.37998,984390000,8
1298580480000,1298580959000,1.37997,1.38014,1.37951,1.38014,737050000,8
1298580960000,1298581439000,1.38016,1.38024,1.37988,1.38003,805280000,8
1298581440000,1298581919000,1.38005,1.38037,1.38005,1.38028,610580000,8
1298581920000,1298582399000,1.38028,1.38033,1.38007,1.38021,542120000,8
1298582400000,1298582879000,1.38021,1.3804,1.3801,1.38039,427330000,8
1298582880000,1298583359000,1.38039,1.38039,1.37964,1.3797,366470000,8
1298583360000,1298583839000,1.3797,1.3799,1.37963,1.37976,347020000,8
1298583840000,1298584319000,1.37978,1.38008,1.3797,1.38008,366470000,8
1298584320000,1298584799000,1.38009,1.38021,1.37978,1.37992,684550000,8
1298584800000,1298585279000,1.37992,1.38006,1.37959,1.38,307800000,8
1298585280000,1298585759000,1.38004,1.38047,1.3799,1.38024,292350000,8
1298585760000,1298586239000,1.38024,1.38036,1.3798,1.38006,461630000,8
1298586240000,1298586719000,1.38008,1.38016,1.37989,1.38,359360000,8
1298586720000,1298587199000,1.38,1.38029,1.37995,1.38027,245720000,8
1298587200000,1298587679000,1.38027,1.38027,1.3799,1.38015,297980000,8
1298587680000,1298588159000,1.38015,1.38018,1.37988,1.38004,334890000,8
1298588160000,1298588639000,1.38003,1.38088,1.3799,1.38077,612920000,8
1298588640000,1298589119000,1.38076,1.38082,1.38058,1.3806,426800000,8
1298589120000,1298589599000,1.38061,1.38139,1.38045,1.38139,873750000,8
1298589600000,1298590079000,1.38139,1.38152,1.38112,1.38135,877790000,8
1298590080000,1298590559000,1.38135,1.38159,1.38126,1.38126,1029220000,8
1298590560000,1298591039000,1.38129,1.38147,1.38115,1.38147,698210000,8
1298591040000,1298591519000,1.38147,1.3823,1.38147,1.38182,1313920000,8
1298591520000,1298591999000,1.38179,1.382,1.38157,1.38192,776850000,8
1298592000000,1298592479000,1.38195,1.3822,1.38122,1.38129,997840000,8
1298592480000,1298592959000,1.38129,1.38169,1.38124,1.38159,624850000,8
1298592960000,1298593439000,1.38158,1.38229,1.38135,1.38195,945940000,8
1298593440000,1298593919000,1.38195,1.38212,1.38119,1.38144,979750000,8
1298593920000,1298594399000,1.38144,1.38144,1.3812,1.38121,368160000,8
1298594400000,1298594879000,1.38121,1.38177,1.38109,1.38124,855460000,8
1298594880000,1298595359000,1.38124,1.38124,1.38061,1.38108,994180000,8
1298595360000,1298595839000,1.38108,1.38125,1.38075,1.3812,809870000,8
1298595840000,1298596319000,1.38121,1.38204,1.3812,1.38204,954980000,8
1298596320000,1298596799000,1.38203,1.38352,1.38193,1.38286,1982100000,8
1298596800000,1298597279000,1.38288,1.38291,1.38261,1.38271,683730000,8
1298597280000,1298597759000,1.3827,1.3827,1.38193,1.38222,1197080000,8
1298597760000,1298598239000,1.38222,1.38242,1.38168,1.38211,1201600000,8
1298598240000,1298598719000,1.38211,1.38259,1.38193,1.38194,663010000,8
1298598720000,1298599199000,1.38196,1.38243,1.38185,1.38205,729940000,8
1298599200000,1298599679000,1.38204,1.3826,1.38193,1.38245,555320000,8
1298599680000,1298600159000,1.38248,1.38307,1.3824,1.38279,950240000,8
1298600160000,1298600639000,1.38278,1.38278,1.38187,1.38187,464180000,8
1298600640000,1298601119000,1.38188,1.38245,1.38182,1.38236,422170000,8
1298601120000,1298601599000,1.38236,1.38357,1.38232,1.3832,1138270000,8
1298601600000,1298602079000,1.38321,1.38377,1.38318,1.38345,961830000,8
1298602080000,1298602559000,1.38345,1.38345,1.38288,1.38293,709810000,8
1298602560000,1298603039000,1.3829,1.38321,1.3825,1.38253,910900000,8
1298603040000,1298603519000,1.38252,1.38292,1.38235,1.38281,463320000,8
1298603520000,1298603999000,1.38281,1.38299,1.38243,1.38249,692910000,8
1298604000000,1298604479000,1.38249,1.38274,1.38215,1.38246,836220000,8
1298604480000,1298604959000,1.38248,1.38281,1.38212,1.38243,844070000,8
1298604960000,1298605439000,1.38243,1.38263,1.38219,1.3824,763110000,8
1298605440000,1298605919000,1.38239,1.38263,1.38171,1.38192,848630000,8
1298605920000,1298606399000,1.38202,1.38219,1.38183,1.38215,693690000,8
1298606400000,1298606879000,1.38215,1.38231,1.38189,1.38216,767070000,8
1298606880000,1298607359000,1.38216,1.38296,1.38185,1.38259,907610000,8
1298607360000,1298607839000,1.38259,1.38266,1.38197,1.38249,841840000,8
1298607840000,1298608319000,1.38249,1.38284,1.38229,1.38279,752520000,8
1298608320000,1298608799000,1.3828,1.38314,1.38257,1.38272,687410000,8
1298608800000,1298609279000,1.38272,1.38282,1.38263,1.38269,273910000,8
1298609280000,1298609759000,1.38269,1.38283,1.3824,1.38273,570000000,8
1298609760000,1298610239000,1.38273,1.38287,1.38248,1.38259,663810000,8
1298610240000,1298610719000,1.38259,1.38318,1.38252,1.38263,1086070000,8
1298610720000,1298611199000,1.38264,1.3832,1.3825,1.38293,713840000,8
1298611200000,1298611679000,1.38292,1.38313,1.38273,1.38279,413340000,8
1298611680000,1298612159000,1.38279,1.38282,1.3825,1.38252,425850000,8
1298612160000,1298612639000,1.38253,1.38253,1.38192,1.38203,691820000,8
1298612640000,1298613119000,1.38202,1.38222,1.38185,1.38199,641240000,8
1298613120000,1298613599000,1.38199,1.38222,1.3812,1.38143,936950000,8
1298613600000,1298614079000,1.38144,1.38182,1.38131,1.38152,1298590000,8
1298614080000,1298614559000,1.3815,1.38169,1.38109,1.38129,929970000,8
1298614560000,1298615039000,1.38129,1.38171,1.38116,1.38159,907150000,8
1298615040000,1298615519000,1.38159,1.38188,1.38119,1.38182,1179660000,8
1298615520000,1298615999000,1.38182,1.38239,1.38169,1.3823,1034450000,8
1298616000000,1298616479000,1.38229,1.38267,1.38223,1.3823,874830000,8
1298616480000,1298616959000,1.38228,1.38251,1.38189,1.38237,776300000,8
1298616960000,1298617439000,1.38236,1.38282,1.38215,1.38276,604750000,8
1298617440000,1298617919000,1.38276,1.38349,1.38272,1.38321,1300950000,8
1298617920000,1298618399000,1.38321,1.38321,1.38257,1.38259,833190000,8
1298618400000,1298618879000,1.38258,1.38277,1.3821,1.38221,731020000,8
1298618880000,1298619359000,1.3822,1.38223,1.38152,1.38196,1219990000,8
1298619360000,1298619839000,1.38203,1.38273,1.38159,1.38234,1201460000,8
1298619840000,1298620319000,1.38232,1.3828,1.38211,1.3823,855970000,8
1298620320000,1298620799000,1.38229,1.3824,1.38161,1.382,1139400000,8
1298620800000,1298621279000,1.382,1.38201,1.3813,1.38185,1362460000,8
1298621280000,1298621759000,1.38186,1.38199,1.38145,1.38172,1157980000,8
1298621760000,1298622239000,1.38174,1.38333,1.38152,1.38288,1780660000,8
1298622240000,1298622719000,1.38288,1.38329,1.38183,1.38185,1449040000,8
1298622720000,1298623199000,1.38179,1.38201,1.38006,1.38041,1936150000,8
1298623200000,1298623679000,1.38047,1.38119,1.38022,1.38035,1554700000,8
1298623680000,1298624159000,1.38037,1.3807,1.38019,1.38026,1117740000,8
1298624160000,1298624639000,1.38026,1.38058,1.3797,1.38013,1288640000,8
1298624640000,1298625119000,1.38015,1.38029,1.37949,1.38029,1389170000,8
1298625120000,1298625599000,1.38031,1.38124,1.38021,1.38115,1029150000,8
1298625600000,1298626079000,1.38115,1.38162,1.38031,1.38134,1186560000,8
1298626080000,1298626559000,1.38134,1.38152,1.3802,1.38145,1788390000,8
1298626560000,1298627039000,1.38143,1.38253,1.38139,1.38242,1511500000,8
1298627040000,1298627519000,1.38241,1.38248,1.38184,1.38209,1325670000,8
1298627520000,1298627999000,1.38209,1.38263,1.38169,1.38193,1076530000,8
1298628000000,1298628479000,1.38197,1.38199,1.38039,1.38039,1461500000,8
1298628480000,1298628959000,1.3804,1.381,1.3804,1.38083,1298880000,8
1298628960000,1298629439000,1.38082,1.38112,1.38065,1.38107,993750000,8
1298629440000,1298629919000,1.38107,1.38131,1.37985,1.38011,1353760000,8
1298629920000,1298630399000,1.38011,1.3802,1.379,1.37929,1845220000,8
1298630400000,1298630879000,1.37927,1.37954,1.37838,1.3784,1480950000,8
1298630880000,1298631359000,1.3784,1.37869,1.37785,1.37809,1767020000,8
1298631360000,1298631839000,1.37809,1.37813,1.37729,1.37778,1525640000,8
1298631840000,1298632319000,1.37778,1.37862,1.37744,1.3786,1687040000,8
1298632320000,1298632799000,1.3786,1.3788,1.37799,1.3782,1459200000,8
1298632800000,1298633279000,1.3782,1.37873,1.3779,1.3779,1188230000,8
1298633280000,1298633759000,1.3779,1.37911,1.37789,1.37874,1191120000,8
1298633760000,1298634239000,1.37874,1.37897,1.37819,1.37837,1251060000,8
1298634240000,1298634719000,1.37843,1.37847,1.37775,1.37812,1235790000,8
1298634720000,1298635199000,1.37809,1.37892,1.37799,1.3785,985550000,8
1298635200000,1298635679000,1.3785,1.3794,1.37828,1.3792,1707110000,8
1298635680000,1298636159000,1.37919,1.37923,1.37857,1.37875,758950000,8
1298636160000,1298636639000,1.37877,1.37888,1.37789,1.37849,1017540000,8
1298636640000,1298637119000,1.37847,1.37886,1.3781,1.37882,1140790000,8
1298637120000,1298637599000,1.37882,1.37882,1.3779,1.3779,760260000,8
1298637600000,1298638079000,1.3779,1.37856,1.3778,1.37841,1049090000,8
1298638080000,1298638559000,1.37842,1.37878,1.37817,1.3783,1076110000,8
1298638560000,1298639039000,1.3783,1.3783,1.37696,1.37708,1372710000,8
1298639040000,1298639519000,1.37708,1.37714,1.3761,1.37634,1898750000,8
1298639520000,1298639999000,1.37628,1.37669,1.3759,1.37638,1695620000,8
1298640000000,1298640479000,1.37639,1.37696,1.37572,1.37672,1733840000,8
1298640480000,1298640959000,1.37671,1.37842,1.37622,1.37801,2427210000,8
1298640960000,1298641439000,1.37797,1.3786,1.37704,1.37724,1677390000,8
1298641440000,1298641919000,1.37722,1.37769,1.37657,1.37691,1738800000,8
1298641920000,1298642399000,1.37689,1.3769,1.3748,1.37499,2093210000,8
1298642400000,1298642879000,1.37498,1.3757,1.37424,1.37484,2133970000,8
1298642880000,1298643359000,1.37485,1.3756,1.37422,1.37518,2071390000,8
1298643360000,1298643839000,1.37516,1.37558,1.37373,1.37387,1556090000,8
1298643840000,1298644319000,1.37387,1.3749,1.37365,1.37487,2085680000,8
1298644320000,1298644799000,1.37487,1.37547,1.37458,1.37498,1444170000,8
1298644800000,1298645279000,1.37501,1.37509,1.37379,1.37435,1685180000,8
1298645280000,1298645759000,1.3744,1.37449,1.3732,1.37335,1806600000,8
1298645760000,1298646239000,1.37335,1.37345,1.37237,1.37293,2573420000,8
1298646240000,1298646719000,1.37291,1.3738,1.3728,1.37364,1619310000,8
1298646720000,1298647199000,1.37362,1.37419,1.37274,1.37413,1605420000,8
1298647200000,1298647679000,1.37418,1.3744,1.3738,1.37435,1466240000,8
1298647680000,1298648159000,1.37437,1.3745,1.3735,1.3743,1303960000,8
1298648160000,1298648639000,1.3743,1.37476,1.37421,1.37466,1394090000,8
1298648640000,1298649119000,1.3746,1.3748,1.37403,1.37434,1653150000,8
1298649120000,1298649599000,1.37435,1.3749,1.37415,1.3748,1728350000,8
1298649600000,1298650079000,1.3748,1.37482,1.3743,1.37442,1171920000,8
1298650080000,1298650559000,1.37447,1.37501,1.3743,1.37486,1272510000,8
1298650560000,1298651039000,1.37487,1.37542,1.37474,1.37505,1477170000,8
1298651040000,1298651519000,1.37505,1.3756,1.375,1.37531,1540140000,8
1298651520000,1298651999000,1.37529,1.37568,1.375,1.3755,1223990000,8
1298652000000,1298652479000,1.3755,1.376,1.37522,1.37573,1245580000,8
1298652480000,1298652959000,1.37573,1.37584,1.3751,1.37535,1126510000,8
1298652960000,1298653439000,1.37533,1.37628,1.3753,1.37594,1245480000,8
1298653440000,1298653919000,1.37595,1.37627,1.3754,1.37551,851260000,8
1298653920000,1298654399000,1.37551,1.37561,1.3752,1.3754,622410000,8
1298654400000,1298654879000,1.3754,1.37628,1.3752,1.37591,1014420000,8
1298654880000,1298655359000,1.37591,1.37661,1.3758,1.37661,758540000,8
1298655360000,1298655839000,1.3766,1.3766,1.37589,1.37589,827160000,8
1298655840000,1298656319000,1.37584,1.3762,1.37574,1.37611,575700000,8
1298656320000,1298656799000,1.37617,1.37643,1.3756,1.37599,813010000,8
1298656800000,1298657279000,1.37599,1.376,1.37535,1.3754,485630000,8
1298657280000,1298657759000,1.3754,1.37582,1.37516,1.37521,835690000,8
1298657760000,1298658239000,1.37521,1.3755,1.37516,1.3754,475110000,8
1298658240000,1298658719000,1.3754,1.3754,1.37501,1.37524,735840000,8
1298658720000,1298659199000,1.37524,1.37542,1.37483,1.37521,717110000,8
1298659200000,1298659679000,1.37522,1.37522,1.37498,1.37503,559520000,8
1298659680000,1298660159000,1.37503,1.3752,1.37488,1.375,548960000,8
1298660160000,1298660639000,1.375,1.37525,1.37478,1.37492,530860000,8
1298660640000,1298661119000,1.37496,1.37552,1.37494,1.37533,757970000,8
1298661120000,1298661599000,1.37533,1.37579,1.37482,1.37482,749780000,8
1298661600000,1298662079000,1.37485,1.37501,1.37471,1.37485,542880000,8
1298662080000,1298662559000,1.37485,1.37485,1.37425,1.37451,847780000,8
1298662560000,1298663039000,1.37453,1.37454,1.37399,1.37424,707550000,8
1298663040000,1298663519000,1.37428,1.3745,1.37372,1.37372,1037310000,8
1298663520000,1298663999000,1.37369,1.37442,1.37364,1.37422,697640000,8
1298664000000,1298664479000,1.37422,1.3745,1.37383,1.37433,529110000,8
1298664480000,1298664959000,1.37433,1.37445,1.37424,1.3743,232180000,8
1298664960000,1298665439000,1.3743,1.37452,1.37412,1.37452,421380000,8
1298665440000,1298665919000,1.37452,1.37452,1.37383,1.37386,412460000,8
1298665920000,1298666399000,1.37384,1.37442,1.37384,1.37442,385890000,8
1298666400000,1298666879000,1.3744,1.37462,1.37425,1.37456,349840000,8
1298666880000,1298667359000,1.37456,1.37506,1.37451,1.37496,431430000,8
1298667360000,1298667839000,1.37498,1.37522,1.37498,1.37504,435440000,8
1298667840000,1298668319000,1.37504,1.37541,1.37489,1.37493,452190000,8
1298668320000,1298668799000,1.37493,1.375,1.37418,1.3743,289050000,8
1298668800000,1298669279000,1.3743,1.37472,1.37425,1.37463,215640000,8
1298669280000,1298669759000,1.37463,1.37512,1.37463,1.37482,378060000,8
1298669760000,1298670239000,1.37482,1.37482,1.37444,1.37452,330070000,8
1298670240000,1298670719000,1.37452,1.3749,1.37452,1.3749,220280000,8
1298670720000,1298671199000,1.37487,1.37529,1.37477,1.37529,231030000,8
1298844000000,1298844479000,1.37529,1.37589,1.37517,1.3756,241950000,8
1298844480000,1298844959000,1.37564,1.37605,1.37553,1.37585,422140000,8
1298844960000,1298845439000,1.37582,1.37604,1.37577,1.37604,173430000,8
1298845440000,1298845919000,1.37605,1.37623,1.3757,1.37581,166180000,8
1298845920000,1298846399000,1.37582,1.37582,1.37517,1.37533,294180000,8
1298846400000,1298846879000,1.37535,1.37554,1.37496,1.3751,354300000,8
1298846880000,1298847359000,1.3751,1.3751,1.37481,1.37483,291400000,8
1298847360000,1298847839000,1.37483,1.37507,1.37439,1.37451,485530000,8
1298847840000,1298848319000,1.37451,1.37456,1.3736,1.37375,551020000,8
1298848320000,1298848799000,1.37375,1.37414,1.3736,1.37408,429660000,8
1298848800000,1298849279000,1.37406,1.37417,1.3737,1.37375,439130000,8
1298849280000,1298849759000,1.37377,1.37442,1.37375,1.37438,505180000,8
1298849760000,1298850239000,1.37438,1.37449,1.37375,1.37398,527710000,8
1298850240000,1298850719000,1.37396,1.374,1.37299,1.37311,682610000,8
1298850720000,1298851199000,1.37312,1.37343,1.37299,1.37331,576660000,8
1298851200000,1298851679000,1.37332,1.37341,1.37297,1.37305,513570000,8
1298851680000,1298852159000,1.373,1.37301,1.37169,1.37181,1126270000,8
1298852160000,1298852639000,1.37181,1.37221,1.37161,1.37199,683970000,8
1298852640000,1298853119000,1.372,1.372,1.37161,1.37175,791990000,8
1298853120000,1298853599000,1.37173,1.37173,1.37111,1.37139,702740000,8
1298853600000,1298854079000,1.37139,1.37169,1.37136,1.37146,851300000,8
1298854080000,1298854559000,1.37144,1.37223,1.37144,1.37202,840060000,8
1298854560000,1298855039000,1.37203,1.3728,1.372,1.37271,912970000,8
1298855040000,1298855519000,1.37271,1.37303,1.3722,1.37235,946260000,8
1298855520000,1298855999000,1.37234,1.37251,1.3723,1.37239,513280000,8
1298856000000,1298856479000,1.37239,1.37239,1.37177,1.37184,833430000,8
1298856480000,1298856959000,1.37184,1.37249,1.37184,1.37229,1124800000,8
1298856960000,1298857439000,1.37231,1.37249,1.37225,1.37247,526360000,8
1298857440000,1298857919000,1.37247,1.37269,1.37239,1.37267,713190000,8
1298857920000,1298858399000,1.37267,1.37347,1.37251,1.37334,1143820000,8
1298858400000,1298858879000,1.37334,1.37374,1.37313,1.37344,1052190000,8
1298858880000,1298859359000,1.37339,1.37381,1.37325,1.37376,503410000,8
1298859360000,1298859839000,1.37376,1.3739,1.37328,1.37328,564000000,8
1298859840000,1298860319000,1.37327,1.3734,1.37289,1.37325,798460000,8
1298860320000,1298860799000,1.37325,1.37399,1.37325,1.37391,657620000,8
1298860800000,1298861279000,1.37392,1.37432,1.37383,1.37419,768110000,8
1298861280000,1298861759000,1.37419,1.37436,1.37403,1.37433,475120000,8
1298861760000,1298862239000,1.37432,1.37447,1.37417,1.37428,823830000,8
1298862240000,1298862719000,1.37428,1.37445,1.37411,1.37419,402390000,8
1298862720000,1298863199000,1.3742,1.37449,1.37417,1.37444,433650000,8
1298863200000,1298863679000,1.37443,1.37447,1.3742,1.37434,492400000,8
1298863680000,1298864159000,1.37434,1.3745,1.37415,1.37439,454000000,8
1298864160000,1298864639000,1.37438,1.37488,1.37435,1.3747,519250000,8
1298864640000,1298865119000,1.37469,1.37472,1.37424,1.37424,460620000,8
1298865120000,1298865599000,1.37424,1.37447,1.37397,1.37445,607830000,8
1298865600000,1298866079000,1.37449,1.37468,1.37431,1.37451,569860000,8
1298866080000,1298866559000,1.3745,1.37575,1.37442,1.37569,533760000,8
1298866560000,1298867039000,1.37565,1.37577,1.37539,1.37548,715680000,8
1298867040000,1298867519000,1.37548,1.376,1.37528,1.37563,899420000,8
1298867520000,1298867999000,1.37563,1.37565,1.37509,1.37532,698270000,8
1298868000000,1298868479000,1.37533,1.3757,1.37521,1.37562,557150000,8
1298868480000,1298868959000,1.37561,1.37611,1.37556,1.37557,747820000,8
1298868960000,1298869439000,1.37558,1.37602,1.37555,1.37581,621860000,8
1298869440000,1298869919000,1.37581,1.37589,1.37549,1.37555,603270000,8
1298869920000,1298870399000,1.37555,1.37582,1.3755,1.37579,606760000,8
1298870400000,1298870879000,1.37579,1.37609,1.37564,1.37597,682760000,8
1298870880000,1298871359000,1.37594,1.37659,1.37594,1.37642,1047670000,8
1298871360000,1298871839000,1.37641,1.37648,1.37607,1.37613,676430000,8
1298871840000,1298872319000,1.37615,1.37662,1.37605,1.37653,600030000,8
1298872320000,1298872799000,1.37653,1.37657,1.37618,1.37622,580090000,8
1298872800000,1298873279000,1.37623,1.37647,1.37566,1.37567,961170000,8
1298873280000,1298873759000,1.3757,1.37634,1.37565,1.37622,741140000,8
1298873760000,1298874239000,1.37622,1.37632,1.37574,1.37618,699070000,8
1298874240000,1298874719000,1.37618,1.37618,1.37545,1.37609,1043570000,8
1298874720000,1298875199000,1.37609,1.37639,1.3758,1.37619,740030000,8
1298875200000,1298875679000,1.37622,1.37744,1.37578,1.37719,1333420000,8
1298875680000,1298876159000,1.37717,1.37777,1.37712,1.37732,1585690000,8
1298876160000,1298876639000,1.37732,1.37761,1.37709,1.37721,923840000,8
1298876640000,1298877119000,1.37725,1.37818,1.37722,1.3778,1479340000,8
1298877120000,1298877599000,1.37782,1.3786,1.37775,1.37852,1736820000,8
1298877600000,1298878079000,1.37852,1.37858,1.37809,1.37839,1399780000,8
1298878080000,1298878559000,1.37839,1.37839,1.37691,1.37729,1571150000,8
1298878560000,1298879039000,1.37729,1.37805,1.37729,1.37785,821240000,8
1298879040000,1298879519000,1.37784,1.37791,1.3766,1.37669,1100940000,8
1298879520000,1298879999000,1.3767,1.37703,1.37622,1.37627,1303510000,8
1298880000000,1298880479000,1.37626,1.37705,1.37625,1.37699,1642710000,8
1298880480000,1298880959000,1.377,1.37838,1.37692,1.37781,2022700000,8
1298880960000,1298881439000,1.37781,1.37798,1.3764,1.37684,1374990000,8
1298881440000,1298881919000,1.37687,1.37746,1.37661,1.37732,1209310000,8
1298881920000,1298882399000,1.3774,1.3775,1.37595,1.37621,1291790000,8
1298882400000,1298882879000,1.37617,1.37945,1.37614,1.37928,2173240000,8
1298882880000,1298883359000,1.37929,1.3794,1.37868,1.37897,1434900000,8
1298883360000,1298883839000,1.37892,1.38047,1.37892,1.38025,1816190000,8
1298883840000,1298884319000,1.38024,1.38141,1.38002,1.38122,2018290000,8
1298884320000,1298884799000,1.38121,1.38272,1.38121,1.38216,2088200000,8
1298884800000,1298885279000,1.38216,1.38318,1.38202,1.38292,1781530000,8
1298885280000,1298885759000,1.38288,1.38332,1.38262,1.38282,1510960000,8
1298885760000,1298886239000,1.3828,1.38281,1.38214,1.3827,1243870000,8
1298886240000,1298886719000,1.3827,1.38277,1.38201,1.38219,1337950000,8
1298886720000,1298887199000,1.38219,1.38309,1.38201,1.38228,1645800000,8
1298887200000,1298887679000,1.38228,1.38252,1.3815,1.38164,1992550000,8
1298887680000,1298888159000,1.38162,1.38222,1.38149,1.38201,1367930000,8
1298888160000,1298888639000,1.38209,1.38429,1.3819,1.38419,2121680000,8
1298888640000,1298889119000,1.38419,1.38457,1.38329,1.38341,1805590000,8
1298889120000,1298889599000,1.38339,1.38418,1.38295,1.3837,1715690000,8
1298889600000,1298890079000,1.38371,1.38406,1.38275,1.38281,1323140000,8
1298890080000,1298890559000,1.3828,1.38303,1.38224,1.38256,1425920000,8
1298890560000,1298891039000,1.38254,1.38358,1.3825,1.38301,1184830000,8
1298891040000,1298891519000,1.38297,1.38421,1.38295,1.38342,1021790000,8
1298891520000,1298891999000,1.38343,1.38396,1.38343,1.38392,1365450000,8
1298892000000,1298892479000,1.38392,1.3843,1.38372,1.38416,1758880000,8
1298892480000,1298892959000,1.38417,1.38423,1.38362,1.38374,1082220000,8
1298892960000,1298893439000,1.38374,1.38475,1.38364,1.38376,1456630000,8
1298893440000,1298893919000,1.38377,1.38381,1.38276,1.38281,1355100000,8
1298893920000,1298894399000,1.3828,1.38331,1.3826,1.38316,1489930000,8
1298894400000,1298894879000,1.38313,1.38364,1.38271,1.38275,1260660000,8
1298894880000,1298895359000,1.38275,1.38349,1.38261,1.38309,1409070000,8
1298895360000,1298895839000,1.38309,1.38339,1.3827,1.38333,1128400000,8
1298895840000,1298896319000,1.38334,1.38452,1.3833,1.38419,1367940000,8
1298896320000,1298896799000,1.38419,1.38481,1.3841,1.38476,1624930000,8
1298896800000,1298897279000,1.38476,1.38477,1.38334,1.38364,1365340000,8
1298897280000,1298897759000,1.38366,1.38379,1.3832,1.38336,1007850000,8
1298897760000,1298898239000,1.38335,1.3835,1.38234,1.38252,1029400000,8
1298898240000,1298898719000,1.3825,1.38365,1.3825,1.38365,1047440000,8
1298898720000,1298899199000,1.38366,1.38371,1.38301,1.38366,1263420000,8
1298899200000,1298899679000,1.38366,1.38439,1.38366,1.38414,1303940000,8
1298899680000,1298900159000,1.38416,1.38453,1.3835,1.38446,1627110000,8
1298900160000,1298900639000,1.38446,1.38451,1.38332,1.38341,1260740000,8
1298900640000,1298901119000,1.38341,1.38419,1.38319,1.38362,1661250000,8
1298901120000,1298901599000,1.38364,1.38544,1.3836,1.38529,2295270000,8
1298901600000,1298902079000,1.38528,1.38528,1.38371,1.38429,2201000000,8
1298902080000,1298902559000,1.38429,1.38462,1.38389,1.38416,1321660000,8
1298902560000,1298903039000,1.38416,1.38426,1.38341,1.38374,1150300000,8
1298903040000,1298903519000,1.38376,1.3844,1.38371,1.38384,1186660000,8
1298903520000,1298903999000,1.38382,1.3842,1.3833,1.3841,1251180000,8
1298904000000,1298904479000,1.3841,1.38471,1.38351,1.38382,1619080000,8
1298904480000,1298904959000,1.38385,1.38393,1.38294,1.38342,1888830000,8
1298904960000,1298905439000,1.38342,1.3837,1.38282,1.38312,1620010000,8
1298905440000,1298905919000,1.38312,1.38353,1.38231,1.38252,1733510000,8
1298905920000,1298906399000,1.38258,1.38354,1.38223,1.38347,1543910000,8
1298906400000,1298906879000,1.38352,1.38381,1.38281,1.38281,1409760000,8
1298906880000,1298907359000,1.38281,1.38341,1.3826,1.38296,1671830000,8
1298907360000,1298907839000,1.38296,1.3833,1.38159,1.38169,1593420000,8
1298907840000,1298908319000,1.38172,1.3819,1.38055,1.38108,1971810000,8
1298908320000,1298908799000,1.38106,1.38172,1.38067,1.38112,1702750000,8
1298908800000,1298909279000,1.38117,1.3821,1.38039,1.38146,2130470000,8
1298909280000,1298909759000,1.38144,1.38228,1.38134,1.38167,2012340000,8
1298909760000,1298910239000,1.38167,1.38174,1.3808,1.38086,1390690000,8
1298910240000,1298910719000,1.3809,1.3811,1.37921,1.37945,1789410000,8
1298910720000,1298911199000,1.37944,1.3802,1.3791,1.38017,1540760000,8
1298911200000,1298911679000,1.38017,1.38032,1.37906,1.37913,1379550000,8
1298911680000,1298912159000,1.37913,1.37981,1.37904,1.37956,1085860000,8
1298912160000,1298912639000,1.37955,1.38005,1.379,1.37973,1318400000,8
1298912640000,1298913119000,1.37972,1.38044,1.37952,1.38016,1142850000,8
1298913120000,1298913599000,1.38015,1.38074,1.38006,1.38043,1099680000,8
1298913600000,1298914079000,1.38043,1.38043,1.3796,1.37962,581920000,8
1298914080000,1298914559000,1.37962,1.37998,1.37961,1.3798,610600000,8
1298914560000,1298915039000,1.37983,1.38002,1.37961,1.37962,440670000,8
1298915040000,1298915519000,1.37962,1.37972,1.37931,1.37945,478220000,8
1298915520000,1298915999000,1.37945,1.3795,1.37882,1.37926,817780000,8
1298916000000,1298916479000,1.37925,1.3794,1.37822,1.37822,1374540000,8
1298916480000,1298916959000,1.37821,1.3791,1.3781,1.37894,1120320000,8
1298916960000,1298917439000,1.37894,1.37905,1.37862,1.37876,754350000,8
1298917440000,1298917919000,1.37875,1.37884,1.37805,1.37831,711160000,8
1298917920000,1298918399000,1.37832,1.37948,1.37832,1.37912,688260000,8
1298918400000,1298918879000,1.37912,1.37923,1.3785,1.37895,731480000,8
1298918880000,1298919359000,1.37903,1.37933,1.3788,1.37893,607560000,8
1298919360000,1298919839000,1.37891,1.37893,1.3784,1.37845,845660000,8
1298919840000,1298920319000,1.37845,1.37919,1.37844,1.37875,719210000,8
1298920320000,1298920799000,1.37875,1.3795,1.37875,1.3789,856360000,8
1298920800000,1298921279000,1.3789,1.37949,1.3789,1.37916,766970000,8
1298921280000,1298921759000,1.37916,1.37957,1.37903,1.37934,758320000,8
1298921760000,1298922239000,1.37932,1.37969,1.3793,1.37955,510910000,8
1298922240000,1298922719000,1.37954,1.37983,1.3795,1.3797,786600000,8
1298922720000,1298923199000,1.3797,1.38043,1.3797,1.38017,898980000,8
1298923200000,1298923679000,1.38015,1.38018,1.37961,1.38003,882110000,8
1298923680000,1298924159000,1.38007,1.3804,1.38007,1.3803,566040000,8
1298924160000,1298924639000,1.3803,1.3806,1.3801,1.3801,513750000,8
1298924640000,1298925119000,1.38012,1.38034,1.37995,1.38034,488870000,8
1298925120000,1298925599000,1.38034,1.38109,1.38033,1.3807,600530000,8
1298925600000,1298926079000,1.3807,1.3807,1.38029,1.3803,482050000,8
1298926080000,1298926559000,1.3803,1.3806,1.38013,1.38052,696380000,8
1298926560000,1298927039000,1.38052,1.3806,1.37984,1.38025,790630000,8
1298927040000,1298927519000,1.38027,1.38049,1.38019,1.38029,435550000,8
1298927520000,1298927999000,1.38029,1.38052,1.38012,1.38021,354240000,8
1298928000000,1298928479000,1.38027,1.38041,1.3802,1.3802,95830000,8
1298928480000,1298928959000,1.38022,1.3803,1.3801,1.3802,261600000,8
1298928960000,1298929439000,1.38019,1.38021,1.37991,1.38021,238850000,8
1298929440000,1298929919000,1.38023,1.38044,1.38012,1.38033,327210000,8
1298929920000,1298930399000,1.38033,1.38062,1.38015,1.38057,553090000,8
1298930400000,1298930879000,1.38057,1.38063,1.38035,1.38059,453200000,8
1298930880000,1298931359000,1.38059,1.3806,1.38029,1.38032,244420000,8
1298931360000,1298931839000,1.38032,1.38087,1.38031,1.38067,770580000,8
1298931840000,1298932319000,1.3807,1.38077,1.38041,1.38041,301520000,8
1298932320000,1298932799000,1.38041,1.38056,1.38035,1.38056,286800000,8
1298932800000,1298933279000,1.38055,1.38076,1.38041,1.38061,177090000,8
1298933280000,1298933759000,1.38061,1.38104,1.38061,1.38089,452820000,8
1298933760000,1298934239000,1.38087,1.38108,1.38073,1.38102,323670000,8
1298934240000,1298934719000,1.38104,1.38143,1.38104,1.38139,482320000,8
1298934720000,1298935199000,1.38142,1.38152,1.38137,1.38149,343810000,8
1298935200000,1298935679000,1.38148,1.38156,1.38137,1.38153,324420000,8
1298935680000,1298936159000,1.38148,1.38154,1.38138,1.38148,502540000,8
1298936160000,1298936639000,1.38147,1.3816,1.38143,1.38158,462270000,8
1298936640000,1298937119000,1.38162,1.38209,1.38158,1.38189,648300000,8
1298937120000,1298937599000,1.38191,1.38205,1.38159,1.38202,605320000,8
